ts_gps,cell_eci,split,rsrp_meas,snr_meas,rsrp_raw,rsrp_los,is_los,los_minus_tot,dist_tx_rx_m,dist_veh_tx_m,dist_veh_rx_m,veh_x,veh_y,tx_src
2021-06-22 09:52:00,33802242,train,-97.505625,-1.6039999988675118,-59.82240295410156,-60.69606018066406,True,-0.8736572265625,231.7862018814016,342.2934738676109,113.15164624855568,579.3408675670976,700.3883333336455,refined
2021-06-22 14:37:21,33802242,train,-78.909375,20.587000036239623,-60.47833251953125,-61.46363067626953,True,-0.9852981567382812,253.51121797583693,221.04107337015378,47.673388089638316,686.9608135323796,695.7500000001583,refined
2021-06-23 15:52:27,33802242,train,-82.66625,16.82200002670288,-60.89678955078125,-61.95314025878906,True,-1.0563507080078125,268.3893278258608,251.33045066143828,69.43560727156888,690.8003499047556,700.9449333330313,refined
2021-06-23 13:54:30,33802242,train,-81.0475,17.550999994277955,-59.98821258544922,-60.89006042480469,True,-0.9018478393554688,237.09971064578525,251.33045066143828,54.555986137290866,697.2372197054079,700.0172666663337,refined
2021-06-22 09:52:10,33802242,train,-99.074375,-3.1269999891519547,-59.81919860839844,-60.69230651855469,True,-0.87310791015625,231.68449033133405,251.33045066143828,23.731277335315845,667.311421509348,703.9134666659885,refined
2021-06-22 09:51:29,33802242,train,-98.263125,-1.6350000013411046,-58.95521545410156,-59.68287658691406,True,-0.7276611328125,205.85607547547303,251.33045066143828,63.3100349446711,657.9384356593447,741.5767333332726,refined
2021-06-22 09:50:58,33802242,train,-75.169375,20.469000034332275,-57.35639953613281,-57.83104705810547,True,-0.47464752197265625,165.4808295514944,170.78983754019592,50.98156388136262,771.9952514253994,760.1300666664309,refined
2021-06-23 13:54:37,33802242,train,-76.5025,24.51600009918213,-57.526214599609375,-58.026206970214844,True,-0.49999237060546875,169.35144788270864,170.78983754019592,55.688367020459104,773.4633094500147,706.325400000351,refined
2021-06-22 18:13:58,33802242,train,-86.418125,19.54400005340576,-54.039146423339844,-54.14007568359375,True,-0.10092926025390625,106.02208541441951,170.78983754019592,81.29706902807533,797.2910204664965,742.5043999999701,refined
2021-06-22 09:50:46,33802242,train,-74.408125,20.81900003433228,-57.26280212402344,-57.72367858886719,True,-0.46087646484375,163.3872031648858,170.78983754019592,49.33133351349514,770.4142658602256,764.7683999999183,refined
2021-06-22 09:52:21,33802242,train,-97.06625,-2.9800000113993885,-60.76683807373047,-61.801177978515625,True,-1.0343399047851562,263.6812471650665,170.78983754019592,134.16368269292735,784.4172808651916,714.6743999998373,refined
2021-06-23 14:44:38,33802242,train,-76.4275,19.89100004196167,-58.39793395996094,-59.03423309326172,True,-0.6362991333007812,190.74809141214453,170.78983754019592,75.14495930112423,753.3622072654703,705.2121999999977,refined
2021-06-23 15:52:31,33802242,train,-79.1325,21.51699999809265,-59.561126708984375,-60.390480041503906,True,-0.8293533325195312,223.65018310504283,170.78983754019592,105.76708470807196,739.8109024221371,705.2121999999977,refined
2021-06-22 09:50:42,33802242,train,-75.093125,20.65299995422363,-57.26280212402344,-57.72367858886719,True,-0.46087646484375,163.3872031648858,170.78983754019592,49.33133351349514,770.1884107794691,763.8407333332208,refined
2021-06-23 17:02:00,33802242,train,-75.8775,24.224999980926512,-58.63086700439453,-59.30503845214844,True,-0.6741714477539062,196.92163309048644,170.78983754019592,78.72648578322512,752.458786942445,706.5109333332159,refined
2021-06-22 09:50:56,33802242,train,-74.3525,21.09299989700317,-57.35639953613281,-57.83104705810547,True,-0.47464752197265625,165.4808295514944,170.78983754019592,50.98156388136262,770.9789035620561,758.8313333332127,refined
2021-06-22 09:51:03,33802242,train,-74.3475,21.000999965667724,-57.35639953613281,-57.83104705810547,True,-0.47464752197265625,165.4808295514944,170.78983754019592,50.98156388136262,767.8169324318287,759.3879333333894,refined
2021-06-23 17:02:10,33802242,train,-87.855625,13.226000003814695,-53.40081024169922,-53.461647033691406,True,-0.0608367919921875,97.45538441005868,123.17200081321799,41.01291817185966,873.0654000494701,722.095733333417,refined
2021-06-22 18:13:16,33802242,train,-82.929375,19.818000030517577,-54.94696807861328,-55.12367248535156,True,-0.17670440673828125,119.60057611806174,123.17200081321799,60.57067931732359,815.8111370857465,722.095733333417,refined
2021-06-22 14:37:34,33802242,train,-79.78375,17.8239999294281,-55.09978485107422,-55.29137420654297,True,-0.19158935546875,122.06337802864316,123.17200081321799,88.18331468512423,844.7205874187042,715.6020666665347,refined
2021-06-23 14:44:43,33802242,train,-75.39625,26.666000022888184,-56.601707458496094,-56.969757080078125,True,-0.36804962158203125,149.37081375648995,123.17200081321799,116.88778607286133,810.7293977696321,710.2216000000058,refined
2021-06-22 18:13:44,33802242,train,-82.186875,19.807999992370604,-54.94696807861328,-55.12367248535156,True,-0.17670440673828125,119.60057611806174,123.17200081321799,60.57067931732359,815.8111370857465,722.095733333417,refined
2021-06-22 14:37:38,33802242,train,-85.328125,14.696999953985214,-53.082672119140625,-53.127586364746094,True,-0.04491424560546875,93.45719242894222,123.17200081321799,47.803039758746266,886.0520671913338,723.3944666666353,refined
2021-06-23 14:44:46,33802242,train,-77.540625,21.68100004196167,-55.10931396484375,-55.301856994628906,True,-0.19254302978515625,122.21871663523463,123.17200081321799,84.05778502220205,842.5749641518202,715.045466666358,refined
2021-06-22 18:13:09,33802242,train,-81.6975,21.03099992752076,-54.99462127685547,-55.1759033203125,True,-0.18128204345703125,120.36286150230181,123.17200081321799,62.819949775683135,816.0369921667436,721.7246666668962,refined
2021-06-23 13:54:42,33802242,train,-76.43875,23.372999992370605,-55.175392150878906,-55.37457275390625,True,-0.19918060302734375,123.3018848633536,123.17200081321799,84.37803166316348,828.5719491469742,712.0769333334008,refined
2021-06-22 17:13:00,33802242,train,-75.34,23.866000003814698,-57.163047790527344,-57.60943603515625,True,-0.44638824462890625,161.1868299583743,123.17200081321799,128.77543962344274,853.4160080264385,718.3850666666272,refined
2021-06-23 14:44:50,33802242,train,-86.9825,14.22600001335144,-53.19983673095703,-53.25028991699219,True,-0.05045318603515625,94.90960237451766,123.17200081321799,42.227846100355755,886.0520671913338,720.0548666663661,refined
2021-06-23 13:55:21,33802242,train,-78.250625,18.56799999237061,-54.737579345703125,-54.89506530761719,True,-0.1574859619140625,116.31499362155925,145.51121936694858,30.73993937346113,950.4207651978584,729.7025999998616,refined
2021-06-22 15:42:20,33802242,train,-74.6675,23.26599994659424,-53.51521301269531,-53.58259582519531,True,-0.0673828125,98.93777224717618,145.51121936694858,61.77413432551904,963.5203598799196,735.2686000000463,refined
2021-06-23 13:55:20,33802242,train,-78.185,20.02300003051758,-54.737579345703125,-54.89506530761719,True,-0.1574859619140625,116.31499362155925,145.51121936694858,30.73993937346113,950.4207651978584,729.7025999998616,refined
2021-06-22 17:13:10,33802242,train,-84.6575,13.65399998664856,-53.12934112548828,-53.17656707763672,True,-0.0472259521484375,94.03468469542221,145.51121936694858,110.09006870429523,945.564880962139,730.0736666663823,refined
2021-06-23 17:02:19,33802242,train,-80.7025,19.30700008392334,-54.77649688720703,-54.93751525878906,True,-0.16101837158203125,116.91889683679095,145.51121936694858,31.12934366825279,975.0389689968068,735.0830666663904,refined
2021-06-23 14:45:13,33802242,train,-78.73875,23.181999893188475,-55.227081298828125,-55.43175506591797,True,-0.20467376708984375,124.15956408442877,145.51121936694858,21.351894422757148,959.9066785882999,731.9289999997773,refined
2021-06-23 13:55:25,33802242,train,-77.89875,20.63899998664856,-54.737579345703125,-54.89506530761719,True,-0.1574859619140625,116.31499362155925,145.51121936694858,30.73993937346113,950.4207651978584,729.7025999998616,refined
2021-06-23 13:55:01,33802242,train,-78.0,17.79999996185303,-54.49711608886719,-54.63372802734375,True,-0.1366119384765625,112.65716614042348,145.51121936694858,36.30205014975519,950.30783765742,729.7025999998616,refined
2021-06-22 15:42:28,33802242,train,-83.69878472222223,15.523611148198446,-55.52155303955078,-55.75756072998047,True,-0.2360076904296875,129.1504688002158,217.19965041173774,104.50887795559176,1045.1669715618352,743.0610000001468,refined
2021-06-22 14:37:54,33802242,train,-92.623125,10.129999988675117,-57.799522399902344,-58.34233093261719,True,-0.5428085327148438,175.8030493132106,217.19965041173774,42.52584079211823,1065.719783907772,741.020133332305,refined
2021-06-23 13:55:42,33802242,train,-93.670625,9.73099997997284,-58.187896728515625,-58.79168701171875,True,-0.603790283203125,185.37634193690374,217.19965041173774,33.2845213898446,1072.0437261681063,740.6490666665752,refined
2021-06-23 14:45:33,33802242,train,-87.315625,15.148000020980836,-56.19773864746094,-56.513710021972656,True,-0.31597137451171875,141.44460143926395,217.19965041173774,88.69684408291613,1009.3689412669532,737.494999999962,refined
2021-06-23 17:02:26,33802242,train,-93.356875,11.26299997329712,-57.30867004394531,-57.77784729003906,True,-0.46917724609375,164.44021977792013,217.19965041173774,59.28117348025597,1046.635029586571,740.4635333337103,refined
2021-06-23 15:52:56,33802242,train,-91.228125,12.177000012397766,-56.6773681640625,-57.056312561035156,True,-0.37894439697265625,150.92100176033298,217.19965041173774,75.2910427586606,1042.7954932143152,740.2780000000544,refined
2021-06-22 14:37:53,33802242,train,-91.165625,13.007000045776367,-57.33185577392578,-57.80390930175781,True,-0.47205352783203125,164.94932197802137,217.19965041173774,54.95341187587871,1055.782160355938,739.7213999998778,refined
2021-06-22 14:38:02,33802242,train,-84.520625,-5.148000010550022,-60.61688232421875,-61.62663269042969,True,-1.0097503662109375,258.3736866275853,305.2504894612062,48.50919497251719,1144.317352000019,749.740199999894,refined
2021-06-22 15:42:34,33802242,train,-93.754375,2.2329999945312737,-57.99705505371094,-58.57069396972656,True,-0.573638916015625,180.6076872220562,305.2504894612062,138.3888309735868,1108.5193217050166,750.1112666664147,refined
2021-06-22 14:37:59,33802242,train,-90.341875,-6.3570000219345095,-59.66914367675781,-60.517486572265625,True,-0.8483428955078125,226.99732659455017,305.2504894612062,82.02074130277902,1114.0527711828845,746.0295333323131,refined
2021-06-22 09:53:03,33802242,train,-75.341875,18.446999950408937,-57.202537536621094,-57.65464782714844,True,-0.45211029052734375,162.0544071741884,305.2504894612062,425.22195867727066,1173.7914400345664,761.614333333305,refined
2021-06-22 09:53:43,33802242,train,-84.8725,15.316000032424927,-52.75172424316406,-52.782989501953125,True,-0.0312652587890625,89.47652474225235,810.8616198316345,819.0943216526833,1624.1464709997229,812.0793999999069,refined
2021-06-22 09:54:44,33802242,train,-78.5,18.02100005149841,-52.76188659667969,-52.79353332519531,True,-0.031646728515625,89.59613041124388,987.5186446632691,955.0164612084276,1846.6137255137667,776.4569999996735,refined
2021-06-22 09:54:48,33802242,train,-80.305625,16.401999950408936,-54.767303466796875,-54.92748260498047,True,-0.16017913818359375,116.7759650362846,987.5186446632691,911.3953109060986,1878.4592918959547,796.3090666660501,refined
2021-06-22 12:20:34,26367489,train,-82.93,12.36599995613098,-45.0693359375,-45.337303161621094,True,-0.26796722412109375,27.850019959520978,81.18183399395545,57.17324992461268,287.9878134320045,875.9028666660029,refined
2021-06-22 12:20:30,26367489,train,-84.673125,9.307000045776368,-47.12260437011719,-47.25159454345703,True,-0.12899017333984375,40.68388816811411,81.18183399395545,80.708766346482,299.50642254913254,861.6167999998112,refined
2021-06-22 12:20:37,26367489,train,-82.075625,10.791999983787536,-46.0584716796875,-46.25291442871094,True,-0.1944427490234375,33.88653678245551,81.18183399395545,48.094864516495576,278.9536102031959,887.2204000000283,refined
2021-06-22 12:20:39,26367489,train,-79.340625,14.991999988555907,-46.97154998779297,-47.109046936035156,True,-0.1374969482421875,39.69266098330499,81.18183399395545,46.28159499695125,273.4201607254484,896.6825999998679,refined
2021-06-22 12:20:54,26367489,train,-86.66125,-3.873000020235777,-54.09735870361328,-54.23228454589844,True,-0.13492584228515625,107.23492876194533,109.01948377000872,8.450012907960804,227.9103619594889,970.5248666659802,refined
2021-06-22 12:20:53,26367489,train,-86.78875,-4.191000007987022,-53.768882751464844,-53.85169219970703,True,-0.0828094482421875,102.30507507693025,109.01948377000872,11.857943729934389,231.29818817035232,965.7010000004188,refined
2021-06-22 12:18:20,26367489,train,-88.715,7.3,-60.897674560546875,-61.954185485839844,True,-1.0565109252929688,268.42167747515646,125.52328881630524,183.23832525067326,395.7206869377247,789.6298666670939,refined
2021-06-22 12:19:57,26367489,train,-95.541875,-0.909000004157424,-59.87568664550781,-60.758392333984375,True,-0.8827056884765625,233.48062797874448,32.416873786943626,201.0639658155491,304.70108940580576,855.6797333323146,refined
2021-06-22 12:19:16,26367489,train,-92.951875,6.425000027418137,-61.157997131347656,-62.25849151611328,True,-1.100494384765625,278.09854175334203,32.416873786943626,245.87223468728024,304.70108940580576,855.6797333323146,refined
2021-06-22 12:19:31,26367489,train,-86.9,15.21199993610382,-61.01115417480469,-62.08686065673828,True,-1.0757064819335938,272.5994708104632,32.416873786943626,240.61980779429905,304.70108940580576,855.6797333323146,refined
2021-06-22 12:19:53,26367489,train,-95.635625,-0.398000002130866,-59.88539123535156,-60.769744873046875,True,-0.8843536376953125,233.79052106523315,32.416873786943626,201.37371857509396,304.70108940580576,855.6797333323146,refined
2021-06-22 12:18:56,26367489,train,-90.443125,8.775999984741212,-60.984046936035156,-62.05517578125,True,-1.0711288452148438,271.5961884099236,32.416873786943626,239.26744258941687,306.7337851322516,854.0099333333666,refined
2021-06-22 12:20:04,26367489,train,-96.405,-1.8790000077337023,-59.60803985595703,-60.44532775878906,True,-0.8372879028320312,225.08977559992732,32.416873786943626,192.73060717436124,304.70108940580576,855.6797333323146,refined
2021-06-22 12:19:00,26367489,train,-93.200625,4.264999998807907,-61.047210693359375,-62.12901306152344,True,-1.0818023681640625,273.94011141200195,32.416873786943626,241.6428481381988,305.49158218827233,854.0099333333666,refined
2021-06-22 12:20:00,26367489,train,-97.09125,-2.420999999046326,-59.79615020751953,-60.66535186767578,True,-0.86920166015625,230.95553543912874,32.416873786943626,198.5460501737959,304.70108940580576,855.6797333323146,refined
2021-06-22 12:18:48,26367489,train,-89.791875,9.870999999046326,-60.984046936035156,-62.05517578125,True,-1.0711288452148438,271.5961884099236,32.416873786943626,239.26744258941687,312.4930896907554,848.2584000003169,refined
2021-06-22 12:19:56,26367489,train,-96.225,-1.0849999979138374,-59.882965087890625,-60.76690673828125,True,-0.883941650390625,233.7130044680682,32.416873786943626,201.29623004199138,304.70108940580576,855.6797333323146,refined
2021-06-22 12:20:10,26367489,train,-94.97875,4.499000013247132,-58.772674560546875,-59.47013854980469,True,-0.6974639892578125,200.77866711696254,32.416873786943626,168.4267220840687,304.70108940580576,855.6797333323146,refined
2021-06-22 12:18:53,26367489,train,-89.5675,9.76299997329712,-60.984046936035156,-62.05517578125,True,-1.0711288452148438,271.5961884099236,32.416873786943626,239.26744258941687,308.3147706974255,851.7835333334508,refined
2021-06-22 12:19:09,26367489,train,-90.926875,8.464000000953675,-61.157997131347656,-62.25849151611328,True,-1.100494384765625,278.09854175334203,32.416873786943626,245.87223468728024,304.70108940580576,855.6797333323146,refined
2021-06-22 12:20:24,26367489,train,-76.03,14.727000017166135,-52.282798767089844,-52.299560546875,True,-0.01676177978515625,84.1254865778444,32.416873786943626,52.82404486390534,304.70108940580576,855.6797333323146,refined
2021-06-22 12:18:35,26367489,train,-89.531875,10.086000003814696,-60.984046936035156,-62.05517578125,True,-1.0711288452148438,271.5961884099236,32.416873786943626,239.26744258941687,333.2717571175687,827.2931333335871,refined
2021-06-23 17:01:37,26367489,train,-100.01159793814432,1.9340206116591527,-59.61865234375,-60.45775604248047,True,-0.8391036987304688,225.41701506677433,254.79737420134654,29.755410137757274,475.5604579741917,678.8664666667389,refined
2021-06-22 18:12:05,26367489,train,-101.19,0.9229999986290932,-59.27400207519531,-60.05493927001953,True,-0.7809371948242188,215.03485415664247,254.79737420134654,40.56007730524492,446.7639351817928,679.7941333334364,refined
2021-06-22 18:12:06,26367489,train,-101.118125,1.3409999998658897,-59.28224182128906,-60.06455993652344,True,-0.782318115234375,215.2772716655853,254.79737420134654,40.14222584062391,446.7639351817928,679.7941333334364,refined
2021-06-22 18:12:21,26367489,train,-101.688125,-0.0960000026226043,-59.29480743408203,-60.07923889160156,True,-0.7844314575195312,215.64768407913309,254.79737420134654,39.71882645161005,446.7639351817928,679.7941333334364,refined
2021-06-22 18:12:32,26367489,train,-100.345625,2.8499999948590995,-59.377685546875,-60.17607116699219,True,-0.7983856201171875,218.10705877417973,254.79737420134654,36.69224339493782,471.0433563595467,681.8349999996963,refined
2021-06-23 17:01:39,26367489,train,-97.141875,2.2890000008046627,-59.806861877441406,-60.677879333496094,True,-0.8710174560546875,231.29417251965592,254.79737420134654,29.847072763583853,492.8383716494626,679.4230666669157,refined
2021-06-22 12:18:06,26367489,train,-98.931875,0.2829999954998493,-59.51148223876953,-60.33244323730469,True,-0.8209609985351562,222.13639793921627,173.82882261224137,71.269777903474,457.3791239756549,729.7025999998616,refined
2021-06-22 12:18:18,26367489,train,-89.741875,7.982000017166138,-60.79695129394531,-61.836395263671875,True,-1.0394439697265625,264.7650398462421,173.82882261224137,91.02417372178525,404.19025246506374,784.063866666909,refined
2021-06-22 12:18:02,26367489,train,-102.929375,-1.8240000005811448,-59.234169006347656,-60.00843048095703,True,-0.774261474609375,213.86605844619496,173.82882261224137,80.81349042378264,462.2350082112538,706.5109333332159,refined
2021-06-22 12:18:13,26367489,train,-95.185625,3.8070000052452087,-60.348045349121094,-61.31117248535156,True,-0.9631271362304688,249.0438954339082,173.82882261224137,76.33822348136088,429.03431134476864,767.9224666665314,refined
2021-06-23 13:54:16,26367489,train,-95.38,5.417000029832125,-60.24860382080078,-61.194793701171875,True,-0.9461898803710938,245.68569613035817,315.2492116332688,76.61007142643079,529.0881121058571,681.2784000003105,refined
2021-06-22 14:37:12,26367489,train,-88.658125,10.18200002193451,-60.892822265625,-61.948509216308594,True,-1.0556869506835938,268.2445837294384,315.2492116332688,47.91424308967695,574.710838412255,682.7626666663937,refined
2021-06-23 17:01:47,26367489,train,-90.679375,11.231999979019164,-61.06047821044922,-62.14451599121094,True,-1.0840377807617188,274.4349521992049,315.2492116332688,41.74847007296281,579.79257772849,688.1431333337136,refined
2021-06-23 17:01:46,26367489,train,-86.561875,12.61699996948242,-60.877037048339844,-61.9300537109375,True,-1.0530166625976562,267.6686213296084,315.2492116332688,47.58193195233158,567.4834758288953,686.8443999997044,refined
2021-06-23 14:44:19,26367489,train,-93.451875,8.782999987602233,-60.4859619140625,-61.472564697265625,True,-0.986602783203125,253.77525019950218,315.2492116332688,65.21877648527975,545.5755329987818,683.3192666665705,refined
2021-06-22 14:37:07,26367489,train,-97.000625,5.719999991655349,-60.062522888183594,-60.977020263671875,True,-0.9144973754882812,239.519373932141,315.2492116332688,92.23508757670551,514.972169560573,676.0834666666466,refined
2021-06-22 18:12:42,26367489,train,-92.065625,9.513000011444092,-61.05815124511719,-62.14179992675781,True,-1.083648681640625,274.3480383157225,315.2492116332688,43.541451143180474,591.4241143858155,693.5236000002425,refined
2021-06-22 14:37:08,26367489,train,-97.3625,5.628999961018562,-60.206024169921875,-61.14495849609375,True,-0.938934326171875,244.26118714964255,315.2492116332688,83.46147231773202,526.2649235967041,677.1966666669999,refined
2021-06-22 17:12:43,26367489,train,-91.96,8.95799999833107,-60.56671142578125,-61.567047119140625,True,-1.000335693359375,256.58569689929766,392.2275219447177,154.06331110505633,662.455537273749,697.2342666670323,refined
2021-06-22 17:12:42,26367489,train,-96.546875,6.978000009059906,-60.279144287109375,-61.23052978515625,True,-0.951385498046875,246.71201744888785,392.2275219447177,169.62018882515926,650.5981455357872,695.9355333330232,refined
2021-06-23 15:52:24,26367489,train,-91.9425,7.309999994784594,-61.755104064941406,-62.95536804199219,True,-1.2002639770507812,301.56462193335705,392.2275219447177,92.4473818899051,656.922087795881,697.2342666670323,refined
2021-06-22 14:37:15,26367489,train,-88.6675,4.117000003755092,-61.49818420410156,-62.655731201171875,True,-1.1575469970703125,291.2460245932724,392.2275219447177,108.14317089848007,612.5415644334624,687.400999999881,refined
2021-06-22 17:12:45,26367489,train,-90.174375,8.686999970674515,-61.16248321533203,-62.26372528076172,True,-1.1012420654296875,278.2677731629675,392.2275219447177,122.51207410524039,686.170320749913,699.646199999813,refined
2021-06-23 17:01:50,26367489,train,-88.78375,8.369999960958957,-61.692230224609375,-62.882080078125,True,-1.189849853515625,299.00790487789834,392.2275219447177,95.4562012706398,618.3008689919662,692.4103999998891,refined
2021-06-22 17:12:46,26367489,train,-87.513125,11.339000010490418,-61.46088409423828,-62.612213134765625,True,-1.1513290405273438,289.77624898942304,345.1625510418983,118.38007294613026,698.0277124878745,700.9449333330313,refined
2021-06-22 09:52:27,26367489,train,-95.640625,0.2589999982714653,-61.959014892578125,-63.19291687011719,True,-1.2339019775390625,309.99943526239923,536.7102698036847,261.7011599938821,828.3460940659772,719.3127333333246,refined
2021-06-22 09:52:36,26367489,train,-94.56125,-0.5380000149458647,-61.86265563964844,-63.08070373535156,True,-1.218048095703125,305.9864385600354,634.4432813484909,368.49144710031186,911.1219811516746,730.815800000215,refined
2021-06-22 09:52:35,26367489,train,-93.925625,4.012999976649881,-61.85894775390625,-63.07637023925781,True,-1.2174224853515625,305.8326205297393,634.4432813484909,367.2672761546302,902.4265605439404,730.2592000000382,refined
2021-06-22 17:13:45,33802241,train,-85.91125,12.425,-55.81230163574219,-56.081382751464844,True,-0.26908111572265625,134.29063985486513,78.1967157571874,100.3280485583235,1264.4722549456517,764.9539333335741,refined
2021-06-22 14:38:10,33802241,train,-84.389375,14.24599999666214,-54.09883117675781,-54.204254150390625,True,-0.1054229736328125,106.86500274775334,78.1967157571874,63.816839408125354,1224.1571230362451,759.2023999997334,refined
2021-06-23 15:53:13,33802241,train,-85.00625,16.088999943733214,-54.844825744628906,-55.012046813964844,True,-0.1672210693359375,117.98602634531913,78.1967157571874,81.9389252102613,1247.5331238912145,762.9130666665233,refined
2021-06-23 13:55:55,33802241,train,-85.3225,16.05000006198883,-54.553794860839844,-54.69493865966797,True,-0.141143798828125,113.504605046964,78.1967157571874,75.0941158761436,1234.6593842899097,758.6458000003478,refined
2021-06-22 15:42:47,33802241,train,-86.56473214285714,12.67500000340598,-55.77363586425781,-56.03821563720703,True,-0.26457977294921875,133.5947393522853,78.1967157571874,100.14033261620558,1227.8837318681828,763.8407333332208,refined
2021-06-23 17:02:50,33802241,train,-83.846875,18.735999984741213,-50.83667755126953,-50.83982849121094,True,-0.00315093994140625,69.46222662562279,117.0708676780782,117.53566835848277,1310.546691413442,774.6016666670696,refined
2021-06-23 15:53:23,33802241,train,-80.85875,20.107000050544737,-49.51121520996094,-49.537841796875,True,-0.0266265869140625,58.00688906259232,117.0708676780782,70.62408727949884,1377.6256503886814,780.3532000001192,refined
2021-06-22 17:13:51,33802241,train,-83.375,16.816000003814697,-51.831825256347656,-51.83915710449219,True,-0.00733184814453125,79.26889355994874,117.0708676780782,132.3066222073879,1339.5690692864769,774.9727333335903,refined
2021-06-22 15:42:57,33802241,train,-81.540625,19.91000003814697,-50.85468292236328,-50.85772705078125,True,-0.00304412841796875,69.62969412730835,117.0708676780782,119.17233435627502,1347.9257072733774,781.2808666660258,refined
2021-06-23 14:46:09,33802241,train,-85.373125,17.586000080108644,-53.35053253173828,-53.40861511230469,True,-0.05808258056640625,96.8111262285541,117.0708676780782,29.1596067523721,1397.1621148712748,781.0953333331609,refined
2021-06-22 17:13:50,33802241,train,-83.431875,18.86000002861023,-52.497596740722656,-52.520179748535156,True,-0.0225830078125,86.53462455399085,117.0708676780782,142.91562192772304,1325.227271660677,774.0450666668928,refined
2021-06-23 13:56:04,33802241,train,-81.595625,16.123999996185304,-49.79084014892578,-49.81010437011719,True,-0.01926422119140625,60.29126384045958,117.0708676780782,66.54458801842566,1347.135214490911,776.4569999996735,refined
2021-06-23 13:56:02,33802241,train,-84.7725,13.11199999332428,-49.8551025390625,-49.87287139892578,True,-0.01776885986328125,60.82581445394439,117.0708676780782,89.20108705640985,1321.1618802076653,774.2305999997577,refined
2021-06-23 13:56:14,33802241,train,-91.4075,12.86199996471405,-57.56329345703125,-58.068763732910156,True,-0.5054702758789062,170.20651073708518,203.21527935316732,42.70074282786442,1485.6973065154757,789.444333333438,refined
2021-06-22 17:13:58,33802241,train,-82.09625,17.909000062942503,-49.91117858886719,-49.927642822265625,True,-0.0164642333984375,61.29470360237175,203.21527935316732,158.23302811431276,1439.6228700476856,785.7336666666481,refined
2021-06-23 17:03:04,33802241,train,-90.089375,14.510999970436096,-56.880531311035156,-57.28660583496094,True,-0.40607452392578125,155.11866107193688,203.21527935316732,53.35160696681071,1475.3079728021296,790.1864666664795,refined
2021-06-22 17:14:00,33802241,train,-83.133125,18.097999925613404,-51.49665832519531,-51.50016784667969,True,-0.003509521484375,75.83364644589697,203.21527935316732,133.19684416647388,1466.047914492444,788.7022000003964,refined
2021-06-23 14:46:13,33802241,train,-88.583125,14.961999979019163,-56.10685729980469,-56.410919189453125,True,-0.3040618896484375,139.71261441077496,203.21527935316732,64.67826982316686,1444.7046093639206,786.4757999996897,refined
2021-06-22 14:38:31,33802241,train,-88.48125,14.348000049591064,-57.44036865234375,-57.9273681640625,True,-0.48699951171875,167.3805354134567,203.21527935316732,41.8693081976635,1482.6482629256866,792.2273333335304,refined
2021-06-23 14:46:23,33802241,train,-99.29,4.568000023066998,-60.34465789794922,-61.307464599609375,True,-0.9628067016601562,248.93645765857153,298.13975157008764,61.94144007622728,1558.6484975896574,799.2775999997982,refined
2021-06-23 13:56:21,33802241,train,-100.548125,5.850999994128943,-60.54351043701172,-61.53984832763672,True,-0.996337890625,255.77363322931026,298.13975157008764,57.622399664387245,1572.3127299733085,799.4631333334542,refined
2021-06-22 15:43:16,33802241,train,-94.601875,5.097000000402331,-59.56348419189453,-60.3934326171875,True,-0.8299484252929688,223.72712546583688,288.8505467119409,88.03006239742832,1596.2533685302287,808.9253333332937,refined
2021-06-23 15:53:39,33802241,train,-99.81632653061224,5.20510204128769,-60.38018035888672,-61.34906005859375,True,-0.9688796997070312,250.1468394165832,288.8505467119409,65.65707236421885,1571.6351647312804,802.8027333337232,refined
2021-06-23 17:03:13,33802241,train,-100.8675,5.601000025123358,-60.519989013671875,-61.5123291015625,True,-0.992340087890625,254.95426776892614,288.8505467119409,61.861831318516614,1577.5073968301022,802.2461333335466,refined
2021-06-22 17:14:09,33802241,train,-92.725625,10.921999950408935,-58.903343200683594,-59.62229919433594,True,-0.7189559936523438,204.39786404793367,288.8505467119409,103.95710578749575,1572.7644401349414,800.9474000003283,refined
2021-06-23 15:53:37,33802241,train,-97.64125,6.740000029206276,-59.71813201904297,-60.57429504394531,True,-0.8561630249023438,228.51019927240696,288.8505467119409,82.52905240031366,1549.0496566587776,800.0197333336308,refined
2021-06-22 17:14:16,33802241,train,-100.9975,3.5049999897927044,-61.428253173828125,-62.57408905029297,True,-1.1458358764648438,288.49505997694723,388.61999438973146,111.68951681591163,1635.3262974955358,808.368733332326,refined
2021-06-22 15:43:20,33802241,train,-100.885,-1.294000004902482,-61.13331604003906,-62.2296142578125,True,-1.0962982177734375,277.1656217641862,388.61999438973146,123.32499845911045,1629.11528277576,812.8215333337394,refined
2021-06-22 17:14:14,33802241,train,-99.91,3.3900000041723253,-60.865386962890625,-61.91638946533203,True,-1.0510025024414062,267.24296611739953,388.61999438973146,132.29093101402088,1620.0810795465904,806.6989333333779,refined
2021-06-22 09:55:19,33802241,train,-84.14375,16.273999981880188,-52.92499542236328,-52.963134765625,True,-0.03813934326171875,91.53963925550819,688.3299246368257,758.0772448382982,1915.7253802155724,835.6421333322822,refined
2021-06-22 09:55:45,33802241,train,-85.4475,17.070000019073486,-57.09901428222656,-57.53602600097656,True,-0.43701171875,159.7879042041922,888.2453538059817,735.6960908939639,2163.9401139319853,870.3368666666091,refined
2021-06-22 09:55:54,33802241,train,-84.815625,14.65400008201599,-57.09596252441406,-57.53254699707031,True,-0.43658447265625,159.72172011747145,888.2453538059817,736.868651362807,2180.766317445984,869.0381333333909,refined
2021-06-22 09:55:53,33802241,train,-86.0475,15.908999977111815,-57.09870910644531,-57.53569030761719,True,-0.436981201171875,159.7814026982715,888.2453538059817,736.7397724660412,2180.9921725266204,869.4091999999116,refined
2021-06-22 09:56:07,33802241,train,-86.2925,18.22400007247925,-57.05725860595703,-57.48829650878906,True,-0.43103790283203125,158.8841564857056,888.2453538059817,738.076033090153,2180.766317445984,869.2236666670467,refined
2021-06-22 09:55:50,33802241,train,-86.480625,16.80900001525879,-57.12376403808594,-57.5643310546875,True,-0.4405670166015625,160.32599145162584,888.2453538059817,736.1773388657258,2181.782665309207,869.4091999999116,refined
2021-06-22 09:56:15,33802241,train,-84.57875,16.91900004386902,-57.05694580078125,-57.487937927246094,True,-0.43099212646484375,158.87731759943733,988.2159026556906,837.8637824014716,2212.2731012069776,876.8305333334913,refined
2021-06-22 09:56:30,33802241,train,-85.4375,17.087999963760375,-57.04954528808594,-57.47947692871094,True,-0.429931640625,158.7177281903796,1088.191863581643,937.6814779134942,2366.7579764226366,895.9404666660353,refined
2021-06-22 09:56:40,33802241,train,-86.30125,17.36700004577637,-57.02033233642578,-57.44610595703125,True,-0.42577362060546875,158.08939112121826,1194.277907582021,1048.764707332123,2479.68551678515,905.21713333301,refined
2021-06-22 09:58:26,33802241,train,-84.965625,18.522999982833863,-56.993064880371094,-57.41497039794922,True,-0.421905517578125,157.50533886527342,1293.7892340880635,1147.9915509297734,2562.800186491802,910.7831333331947,refined
2021-06-22 09:58:25,33802241,train,-86.52625,17.284000043869018,-56.993064880371094,-57.41497039794922,True,-0.421905517578125,157.50533886527342,1293.7892340880635,1147.9915509297734,2562.800186491802,910.7831333331947,refined
2021-06-22 09:57:26,33802241,train,-85.955625,21.123999948501588,-56.99220275878906,-57.41398620605469,True,-0.421783447265625,157.48695957196495,1293.7892340880635,1148.3217178185673,2562.3484763304095,910.5976000003297,refined
2021-06-22 09:57:32,33802241,train,-87.015,20.52200002670288,-57.00743865966797,-57.43138122558594,True,-0.42394256591796875,157.8131132205059,1293.7892340880635,1147.9864680430621,2562.3484763304095,910.5976000003297,refined
2021-06-22 09:57:09,33802241,train,-84.54125,18.62299991607666,-57.00511169433594,-57.42872619628906,True,-0.423614501953125,157.76308113314175,1293.7892340880635,1147.9597546955156,2562.122621249653,909.8554666664973,refined
2021-06-22 09:58:38,33802241,train,-93.495625,10.512000004053116,-59.26289367675781,-60.04212951660156,True,-0.77923583984375,214.71229816794437,1293.7892340880635,1087.0610332289052,2562.800186491802,910.7831333331947,refined
2021-06-22 09:57:03,33802241,train,-85.56875,19.202999935150142,-56.99494171142578,-57.4171142578125,True,-0.42217254638671875,157.5455703932272,1293.7892340880635,1148.1832595155859,2562.122621249653,909.6699333336323,refined
2021-06-22 09:58:39,33802241,train,-95.055625,11.627999999523162,-59.593780517578125,-60.428863525390625,True,-0.8350830078125,224.65665004172587,1293.7892340880635,1076.677991966494,2562.800186491802,910.7831333331947,refined
2021-06-22 09:58:24,33802241,train,-86.5575,16.767000045776367,-56.993064880371094,-57.41497039794922,True,-0.421905517578125,157.50533886527342,1293.7892340880635,1147.9915509297734,2562.800186491802,910.7831333331947,refined
2021-06-22 09:58:31,33802241,train,-89.063125,16.04300004005432,-57.17694091796875,-57.625205993652344,True,-0.44826507568359375,161.48889249448206,1293.7892340880635,1143.8298913128906,2562.800186491802,910.7831333331947,refined
2021-06-22 09:57:44,33802241,train,-86.6375,15.444000043869018,-57.02227783203125,-57.448333740234375,True,-0.426055908203125,158.13111063501134,1293.7892340880635,1147.8164945476326,2562.5743314111655,910.7831333331947,refined
2021-06-22 09:58:28,33802241,train,-86.255625,16.793000020980834,-57.01063537597656,-57.435028076171875,True,-0.4243927001953125,157.8812955097272,1293.7892340880635,1147.6829018103604,2562.800186491802,910.7831333331947,refined
2021-06-23 13:56:23,30829824,train,-92.11125,13.414000000953674,-57.54844665527344,-58.05180358886719,True,-0.50335693359375,169.8653239825931,160.78347063964037,51.989450516890415,1595.4628757477624,802.2461333335466,refined
2021-06-23 17:04:28,30829824,train,-84.165,21.326999988555908,-47.71165466308594,-47.80961608886719,True,-0.09796142578125,44.64862911001318,65.20396109657334,37.70345058287626,1686.0307631184094,814.4913333334785,refined
2021-06-23 17:04:17,30829824,train,-83.25,20.360999965667723,-47.71165466308594,-47.80961608886719,True,-0.09796142578125,44.64862911001318,65.20396109657334,37.70345058287626,1686.0307631184094,814.4913333334785,refined
2021-06-22 17:14:22,30829824,train,-94.53125,9.5360000371933,-54.633323669433594,-54.78138732910156,True,-0.14806365966796875,114.71122271018623,65.20396109657334,70.81686606403407,1658.363515729431,810.9662000003445,refined
2021-06-23 17:04:22,30829824,train,-83.914375,20.60300006866455,-47.71165466308594,-47.80961608886719,True,-0.09796142578125,44.64862911001318,65.20396109657334,37.70345058287626,1685.917835577971,814.4913333334785,refined
2021-06-23 17:03:41,30829824,train,-83.406875,21.77599996566773,-47.69215393066406,-47.79109191894531,True,-0.09893798828125,44.51463620308389,65.20396109657334,37.57188654637084,1686.0307631184094,814.4913333334785,refined
2021-06-22 17:14:18,30829824,train,-100.26644736842104,5.435789478923145,-56.15528869628906,-56.46544647216797,True,-0.31015777587890625,140.62901428135982,65.20396109657334,93.93149403025653,1646.3931964512717,809.6674666663353,refined
2021-06-22 15:43:37,30829824,train,-93.359375,14.11099998474121,-50.9749755859375,-50.977439880371094,True,-0.00246429443359375,70.756635245136,65.20396109657334,41.39128485814509,1649.216384960184,815.0479333336551,refined
2021-06-23 17:04:21,30829824,train,-83.98625,20.401000022888184,-47.71165466308594,-47.80961608886719,True,-0.09796142578125,44.64862911001318,65.20396109657334,37.70345058287626,1685.917835577971,814.4913333334785,refined
2021-06-23 14:47:09,30829824,train,-82.55875,22.17899997711181,-47.712921142578125,-47.810829162597656,True,-0.09790802001953125,44.65731344334695,65.20396109657334,38.60962514898065,1685.8049080376531,812.8215333337394,refined
2021-06-23 15:53:46,30829824,train,-90.6025,16.100999908447264,-55.238121032714844,-55.443641662597656,True,-0.2055206298828125,124.33866875265119,65.20396109657334,78.6057900889495,1637.9236309239327,810.5951333330327,refined
2021-06-22 17:14:52,30829824,train,-93.3875,5.967999968528748,-52.569793701171875,-52.59458923339844,True,-0.0247955322265625,87.35942048902336,65.20396109657334,49.79093471791705,1658.5893708104281,810.9662000003445,refined
2021-06-23 14:47:03,30829824,train,-84.255625,20.895000019073485,-49.95831298828125,-49.97377014160156,True,-0.0154571533203125,61.691512761117764,65.20396109657334,38.05162964512659,1685.3531978761403,813.0070666666043,refined
2021-06-23 14:47:48,30829824,train,-80.47875,23.98599992752075,-47.5533447265625,-47.65930938720703,True,-0.10596466064453125,43.56662664169699,65.20396109657334,39.19856384296891,1685.8049080376531,812.8215333337394,refined
2021-06-22 15:43:33,30829824,train,-91.44875,11.681000027656555,-50.9063720703125,-50.90911102294922,True,-0.00273895263671875,70.11183181426509,65.20396109657334,41.37701779238693,1649.216384960184,815.0479333336551,refined
2021-06-23 13:57:04,30829824,train,-86.04625,17.717999992370604,-49.092857360839844,-49.132545471191406,True,-0.0396881103515625,54.704946700639354,65.20396109657334,37.74602436169051,1677.561197591311,810.038533333647,refined
2021-06-23 17:03:50,30829824,train,-83.074375,21.153999996185306,-47.69215393066406,-47.79109191894531,True,-0.09893798828125,44.51463620308389,65.20396109657334,37.57188654637084,1686.0307631184094,814.4913333334785,refined
2021-06-22 17:15:17,30829824,train,-94.356875,11.370999987125396,-52.15296936035156,-52.166259765625,True,-0.0132904052734375,82.69613175170525,65.20396109657334,46.797701116802514,1686.3695457394836,813.9347333333018,refined
2021-06-23 14:47:12,30829824,train,-83.840625,21.33800001144409,-47.5533447265625,-47.65930938720703,True,-0.10596466064453125,43.56662664169699,65.20396109657334,39.19856384296891,1685.8049080376531,812.8215333337394,refined
2021-06-22 15:43:39,30829824,train,-91.135,16.124999952316283,-50.9749755859375,-50.977439880371094,True,-0.00246429443359375,70.756635245136,65.20396109657334,41.39128485814509,1650.1198052830891,815.0479333336551,refined
2021-06-23 15:54:03,30829824,train,-83.839375,22.65200002670288,-48.87196350097656,-48.91948699951172,True,-0.04752349853515625,53.0138501615087,65.20396109657334,34.970010397612086,1677.335342510314,814.6768666663434,refined
2021-06-23 17:03:54,30829824,train,-82.933125,21.76400007247925,-47.69215393066406,-47.79109191894531,True,-0.09893798828125,44.51463620308389,65.20396109657334,37.57188654637084,1686.0307631184094,814.4913333334785,refined
2021-06-22 17:14:36,30829824,train,-94.613125,5.253999986052513,-52.569793701171875,-52.59458923339844,True,-0.0247955322265625,87.35942048902336,65.20396109657334,49.79093471791705,1658.7022983506254,811.1517333332094,refined
2021-06-23 17:04:18,30829824,train,-83.7075,20.445,-47.71165466308594,-47.80961608886719,True,-0.09796142578125,44.64862911001318,65.20396109657334,37.70345058287626,1686.0307631184094,814.4913333334785,refined
2021-06-22 14:39:09,30829824,train,-88.76875,15.01400005340576,-49.602943420410156,-49.62705993652344,True,-0.02411651611328125,58.74948374895231,65.20396109657334,42.19173762425871,1671.8018930328071,811.1517333332094,refined
2021-06-23 14:47:49,30829824,train,-81.071875,23.6939999961853,-47.5533447265625,-47.65930938720703,True,-0.10596466064453125,43.56662664169699,65.20396109657334,39.19856384296891,1685.8049080376531,812.8215333337394,refined
2021-06-23 14:47:08,30829824,train,-81.64625,23.0120000076294,-47.858497619628906,-47.94927215576172,True,-0.0907745361328125,45.663813305160524,65.20396109657334,38.258559338598204,1685.8049080376531,812.8215333337394,refined
2021-06-23 14:46:46,30829824,train,-92.124375,14.770000019073484,-54.91026306152344,-55.08349609375,True,-0.1732330322265625,119.01731810548905,65.20396109657334,74.92796480648565,1613.418354665302,805.5857333330246,refined
2021-06-23 13:56:56,30829824,train,-86.801875,17.04599998474121,-49.092857360839844,-49.132545471191406,True,-0.0396881103515625,54.704946700639354,65.20396109657334,37.74602436169051,1677.2224149702365,809.8529999999912,refined
2021-06-23 13:57:01,30829824,train,-86.586875,16.830999975204467,-49.092857360839844,-49.132545471191406,True,-0.0396881103515625,54.704946700639354,65.20396109657334,37.74602436169051,1677.2224149702365,809.8529999999912,refined
2021-06-23 17:04:48,30829824,train,-79.55125,20.844999961853027,-45.95537567138672,-46.156944274902344,True,-0.201568603515625,33.248150963301185,81.81050881635059,58.20884016986939,1772.7591141168004,776.4569999996735,refined
2021-06-22 15:43:53,30829824,train,-72.16875,26.41399991989136,-42.695777893066406,-43.197540283203125,True,-0.5017623901367188,12.565858665166846,81.81050881635059,71.86159776945246,1751.0770263672027,794.639266667102,refined
2021-06-22 15:43:58,30829824,train,-77.985,13.11000001743436,-49.490325927734375,-49.51762390136719,True,-0.0272979736328125,57.839332602075224,81.81050881635059,39.04224626501198,1798.0548831577776,766.6237333333131,refined
2021-06-22 14:39:28,30829824,train,-74.49375,16.97500005245209,-48.69386291503906,-48.748199462890625,True,-0.0543365478515625,51.67554441606554,81.81050881635059,40.18651247641304,1788.4560422268976,765.5105333337508,refined
2021-06-22 14:39:27,30829824,train,-72.828125,20.6419999408722,-47.19812774658203,-47.32300567626953,True,-0.1248779296875,41.18350267897028,81.81050881635059,47.55541291175783,1779.4218389980892,768.664600000364,refined
2021-06-23 13:57:17,30829824,train,-64.04,26.13599992752076,-42.09455108642578,-42.66253662109375,True,-0.5679855346679688,6.742119890123969,81.81050881635059,76.78111317898798,1755.594127981607,790.9286000003121,refined
2021-06-22 14:39:23,30829824,train,-71.645625,27.51399995803833,-42.102012634277344,-42.66918182373047,True,-0.567169189453125,6.838939600774455,81.81050881635059,75.8165236355315,1748.2538378580498,791.4851999996978,refined
2021-06-23 15:54:14,30829824,train,-83.375625,21.250000098943712,-47.455528259277344,-47.566558837890625,True,-0.11103057861328125,42.90431017002158,51.49552072208609,91.1169628636924,1707.1482131661767,817.6454000000916,refined
2021-06-23 14:48:14,30829824,train,-79.9325,20.913999962806702,-42.80541229248047,-43.295066833496094,True,-0.489654541015625,13.413986329933548,51.49552072208609,64.13598924901216,1730.4112864807073,807.8121333337313,refined
2021-06-23 13:57:13,30829824,train,-82.17625,20.896999969482422,-45.09331512451172,-45.359413146972656,True,-0.2660980224609375,27.995181380586303,51.49552072208609,77.64909417306465,1725.6683297856673,811.1517333332094,refined
2021-06-22 15:43:49,30829824,train,-74.9725,24.357999992370605,-44.803253173828125,-45.093505859375,True,-0.290252685546875,26.2477968480175,51.49552072208609,76.11750975429847,1719.0056049041382,817.8309333337475,refined
2021-06-22 15:44:02,30829824,train,-85.985,-1.8439999954402448,-53.44671630859375,-53.50994873046875,True,-0.063232421875,98.04520889521405,158.4083061728315,61.71908521902063,1839.2734353899687,768.664600000364,refined
2021-06-23 15:54:27,30829824,train,-85.7725,7.748999938815832,-50.336578369140625,-50.3450927734375,True,-0.008514404296875,64.94656732877344,158.4083061728315,93.8453130579402,1802.1202746109097,766.4382000004482,refined
2021-06-22 09:58:54,30829824,train,-86.0875,15.523000087738035,-50.77449035644531,-50.77801513671875,True,-0.0035247802734375,68.88659587450567,851.9462863644222,920.6113294885317,2562.800186491802,910.7831333331947,refined
2021-06-22 09:59:51,30829824,train,-74.60875,23.616000003814698,-44.365394592285156,-44.694602966308594,True,-0.3292083740234375,23.605187299887838,851.9462863644222,874.7023161913669,2562.800186491802,910.5976000003297,refined
2021-06-22 09:59:57,30829824,train,-74.734375,23.73199991226196,-44.365394592285156,-44.694602966308594,True,-0.3292083740234375,23.605187299887838,851.9462863644222,874.7023161913669,2562.800186491802,910.5976000003297,refined
2021-06-22 09:59:11,30829824,train,-74.63,23.17699989318848,-44.37318420410156,-44.70167541503906,True,-0.3284912109375,23.652386427280934,851.9462863644222,874.6485282125801,2562.800186491802,910.7831333331947,refined
2021-06-22 10:00:12,30829824,train,-72.18625,26.985999965667723,-42.58783721923828,-43.10154724121094,True,-0.5137100219726562,11.691454707670632,851.9462863644222,840.3373085767819,2562.6872589514837,910.5976000003297,refined
2021-06-22 09:59:01,30829824,train,-73.731875,23.40300001144409,-44.13422393798828,-44.485198974609375,True,-0.35097503662109375,22.197682768762117,851.9462863644222,873.8271632419986,2562.800186491802,910.7831333331947,refined
2021-06-22 10:00:08,30829824,train,-73.308125,25.464999904632567,-43.012718200683594,-43.47960662841797,True,-0.466888427734375,14.933366630001112,851.9462863644222,865.9610277106397,2562.800186491802,910.5976000003297,refined
2021-06-22 14:39:38,30829312,train,-78.51125,19.9439999961853,-48.842994689941406,-48.891624450683594,True,-0.0486297607421875,52.79484175360567,53.60516327832451,18.655408439588225,1878.4592918959547,792.4128666663953,wcl
2021-06-22 15:44:07,30829312,train,-77.55875,21.31699983596802,-49.232147216796875,-49.26726531982422,True,-0.03511810302734375,55.78975175294902,53.60516327832451,20.98750231166124,1878.0075817344423,792.5984000000511,wcl
2021-06-23 15:54:34,30829312,train,-73.613125,25.957000102996822,-50.52851867675781,-50.53443908691406,True,-0.00592041015625,66.65002044551225,53.60516327832451,31.172931700597047,1865.6984798348474,784.063866666909,wcl
2021-06-23 15:54:32,30829312,train,-78.67625,23.108999996185304,-52.61140441894531,-52.63764953613281,True,-0.0262451171875,87.83981874127845,53.60516327832451,46.61184966007482,1849.436914022679,774.9727333335903,wcl
2021-06-23 13:57:29,30829312,train,-77.845,23.618999977111816,-51.06255340576172,-51.064842224121094,True,-0.002288818359375,71.58751810780551,53.60516327832451,32.46558415520158,1867.8441031017317,782.7651333336908,wcl
2021-06-23 14:48:27,30829312,train,-80.196875,21.03999999642372,-53.57184600830078,-53.64246368408203,True,-0.07061767578125,99.67874906979443,53.60516327832451,57.42352447256745,1846.2749428926923,773.4884666667162,wcl
2021-06-22 15:44:05,30829312,train,-80.85625,18.52699999809265,-51.439788818359375,-51.44293975830078,True,-0.00315093994140625,75.26502535354187,53.60516327832451,32.260893655865786,1865.3596972137732,779.9821333335984,wcl
2021-06-23 15:54:39,30829312,train,-79.283125,20.630999937057496,-45.28693389892578,-45.53764343261719,True,-0.25070953369140625,29.16484470742155,84.47978178250578,58.905650628200625,1897.2052635959612,824.5101333334947,wcl
2021-06-22 14:39:41,30829312,train,-73.09375,21.39099994659424,-44.70542907714844,-45.004150390625,True,-0.2987213134765625,25.658711058152097,84.47978178250578,72.90183099029196,1895.7372055712258,816.90326666705,wcl
2021-06-22 17:15:51,30829312,train,-69.715,24.63000003814697,-45.56060028076172,-45.79045104980469,True,-0.22985076904296875,30.82620438122748,89.88734309152296,84.50857459520883,1940.004801393326,843.4345333331737,wcl
2021-06-22 17:15:50,30829312,train,-70.353125,24.442999935150148,-45.089561462402344,-45.355995178222656,True,-0.2664337158203125,27.972620855836126,89.88734309152296,93.17738644331796,1930.6318155432025,842.1357999999555,wcl
2021-06-23 17:05:09,30829312,train,-77.071875,20.089999952316283,-50.43109130859375,-50.43824768066406,True,-0.0071563720703125,65.78093317382613,89.88734309152296,35.38426883309651,1962.9290920867827,846.403066666922,wcl
2021-06-22 17:15:47,30829312,train,-77.659375,22.017999992370605,-47.35692596435547,-47.47319030761719,True,-0.11626434326171875,42.24141981461793,89.88734309152296,120.7958944604913,1904.9972638810311,831.1893333332418,wcl
2021-06-23 17:05:11,30829312,train,-76.099375,22.621999979019165,-51.93950653076172,-51.94855499267578,True,-0.0090484619140625,80.40251438907717,89.88734309152296,12.625292134173266,1987.66022342629,849.0005333333585,wcl
2021-06-22 14:39:47,30829312,train,-69.25,26.38099994659424,-47.85795593261719,-47.94878387451172,True,-0.09082794189453125,45.66022259039991,89.88734309152296,54.2507740037302,1944.4089754674123,842.1357999999555,wcl
2021-06-22 15:44:14,30829312,train,-70.441875,21.537000064849853,-45.31561279296875,-45.5640869140625,True,-0.24847412109375,29.33839104301138,89.88734309152296,77.92665554335065,1919.9036992087817,837.1263999999474,wcl
2021-06-23 15:54:42,30829312,train,-67.118125,27.075000019073485,-46.96026611328125,-47.09850311279297,True,-0.13823699951171875,39.61964201424384,89.88734309152296,68.79694882719316,1926.3405690094341,840.8370666667372,wcl
2021-06-23 14:48:41,30829312,train,-74.145625,21.626999995708463,-49.994056701660156,-50.0087890625,True,-0.01473236083984375,61.993811788318894,89.88734309152296,38.75882166607444,1978.4001651164847,846.2175333332661,wcl
2021-06-23 15:54:43,30829312,train,-67.028125,28.690000019073487,-47.99127197265625,-48.075767517089844,True,-0.08449554443359375,46.592000782694065,89.88734309152296,58.71655964867781,1937.8591781263217,843.0634666666529,wcl
2021-06-23 13:57:44,30829312,train,-74.551875,24.810000076293942,-52.192474365234375,-52.206695556640625,True,-0.01422119140625,83.1276957722166,89.88734309152296,6.988350749700157,1989.4670640721,848.8149999997026,wcl
2021-06-23 13:57:37,30829312,train,-68.9425,26.00099987030029,-45.99005126953125,-46.18925476074219,True,-0.1992034912109375,33.46290741909965,89.88734309152296,74.55729583645818,1917.5322208612617,836.19873333325,wcl
2021-06-22 14:39:52,30829312,train,-75.49,20.92500004768372,-52.28004455566406,-52.296409606933594,True,-0.01636505126953125,84.0916119127962,89.88734309152296,7.133087200169711,1992.290252581253,847.8873333330051,wcl
2021-06-23 13:57:45,30829312,train,-75.173125,24.78000008583069,-52.86231994628906,-52.897789001464844,True,-0.03546905517578125,90.78682220516727,170.36031041908362,95.1316077070729,2001.4373833506204,849.928200000056,wcl
2021-06-23 17:05:15,30829312,train,-84.504375,15.265999951362607,-54.69915771484375,-54.85301208496094,True,-0.1538543701171875,115.71933590579964,170.36031041908362,64.26524410991476,2038.138833968287,853.4533333331899,wcl
2021-06-22 17:15:59,30829312,train,-66.230625,29.637999935150148,-49.44108581542969,-49.46977996826172,True,-0.02869415283203125,57.444301338947795,170.36031041908362,147.95957205411017,2032.8312395711753,851.4124666669301,wcl
2021-06-23 15:54:50,30829312,train,-76.376875,23.623000049591063,-53.24122619628906,-53.29376220703125,True,-0.0525360107421875,95.42859699249112,170.36031041908362,88.46631704323181,2015.5533258957842,849.3715999998792,wcl
2021-06-23 13:57:49,30829312,train,-80.96,21.133000011444093,-55.419960021972656,-55.644798278808594,True,-0.2248382568359375,127.4029763713496,170.36031041908362,50.401023991339336,2051.351356190666,854.9376000000641,wcl
2021-06-23 15:54:59,30829312,train,-89.091875,12.343000020980837,-55.534706115722656,-55.7718505859375,True,-0.23714447021484375,129.3734664123016,170.36031041908362,47.09705386859776,2039.832747073538,853.082266666669,wcl
2021-06-23 17:05:16,30829312,train,-84.96625,15.909000015258789,-55.30369567871094,-55.516197204589844,True,-0.21250152587890625,125.43619656955818,170.36031041908362,52.53407226304581,2050.447935867761,854.1954666670224,wcl
2021-06-23 13:57:56,30829312,train,-87.1425,16.31000002861023,-59.89398193359375,-59.8951416015625,True,-0.00115966796875,211.04527508310017,264.5099927868887,61.194079227808295,2142.2580261823873,864.3997999999035,wcl
2021-06-22 15:44:40,30829312,train,-83.408125,1.774999999254942,-60.066688537597656,-60.067901611328125,True,-0.00121307373046875,215.36130938270534,264.5099927868887,57.15504563527014,2150.3888090884116,868.2960000003493,wcl
2021-06-22 14:40:02,30829312,train,-89.4625,-0.4120000054687261,-58.03736877441406,-58.03752136230469,True,-0.000152587890625,169.57832258231878,264.5099927868887,102.6656157454896,2102.9592421362036,859.5759333335513,wcl
2021-06-23 14:48:51,30829312,train,-87.3875,9.937000020742415,-58.15913391113281,-58.15929412841797,True,-0.00016021728515625,172.03966818226797,264.5099927868887,100.82119852761296,2106.459995887626,857.9061333330213,wcl
2021-06-22 14:40:05,30829312,train,-83.7575,3.4320000027120114,-59.36882019042969,-59.370033264160156,True,-0.00121307373046875,198.4315505808536,264.5099927868887,72.52520968566381,2133.223822953338,862.9155333330294,wcl
2021-06-22 15:44:36,30829312,train,-83.605625,5.116000001430511,-58.78950500488281,-58.79020690917969,True,-0.000701904296875,185.34397836065054,264.5099927868887,87.61740425606754,2115.607126656873,864.0287333333828,wcl
2021-06-22 17:16:12,30829312,train,-69.826875,28.88099994659424,-49.57456970214844,-49.59947204589844,True,-0.02490234375,58.519180549165426,264.5099927868887,246.4981488128521,2186.073911843096,865.5130000002569,wcl
2021-06-22 14:40:09,30829312,train,-86.024375,-9.480999991893768,-60.857933044433594,-60.858795166015625,True,-0.00086212158203125,236.23513684895147,264.5099927868887,35.22015007500896,2173.0872447012325,867.182799999996,wcl
2021-06-22 17:16:06,30829312,train,-68.93625,29.24800001144409,-49.57456970214844,-49.59947204589844,True,-0.02490234375,58.519180549165426,264.5099927868887,246.4981488128521,2117.865677464075,859.2048666670305,wcl
2021-06-22 17:16:21,30829312,train,-66.779375,29.316999988555903,-49.74671173095703,-49.767120361328125,True,-0.02040863037109375,59.92704140511196,361.812710116924,344.4325433981874,2286.9182053865306,878.1292666667096,wcl
2021-06-22 17:16:25,30829312,train,-66.954375,23.69899997711181,-51.31938171386719,-51.321929931640625,True,-0.0025482177734375,74.07322546319834,460.27311253231665,422.33056671522814,2322.0386704391435,881.0977999996669,wcl
2021-06-22 10:00:30,30829312,train,-79.6175,19.639999980926515,-50.96119689941406,-50.9637451171875,True,-0.0025482177734375,70.62695855808865,676.7573124512046,746.8914857822843,2562.5743314111655,910.5976000003297,wcl
2021-06-22 10:00:48,30829312,train,-76.350625,21.063999996185306,-52.770240783691406,-52.8021240234375,True,-0.03188323974609375,89.6938432565477,676.7573124512046,605.1993066959499,2562.5743314111655,910.5976000003297,wcl
2021-06-22 10:01:02,30829312,train,-84.898125,13.500999994277954,-59.43650817871094,-59.437744140625,True,-0.0012359619140625,200.01621354916875,676.7573124512046,480.74814095288605,2562.5743314111655,910.4120666666739,wcl
2021-06-22 10:00:32,30829312,train,-80.190625,20.82699995994568,-48.92594909667969,-48.97154235839844,True,-0.04559326171875,53.424246751293246,676.7573124512046,729.5327601766013,2562.5743314111655,910.5976000003297,wcl
2021-06-22 10:01:00,30829312,train,-87.3025,13.654999995231629,-58.671539306640625,-58.67186737060547,True,-0.00032806396484375,182.7762908548203,676.7573124512046,498.9612477995158,2562.5743314111655,910.4120666666739,wcl
2021-06-22 10:00:49,30829312,train,-76.754375,20.750999956130983,-53.36395263671875,-53.42284393310547,True,-0.05889129638671875,96.98373398798573,676.7573124512046,595.7422355623644,2562.5743314111655,910.4120666666739,wcl
2021-06-22 10:00:36,30829312,train,-75.369375,18.42499994277954,-44.720497131347656,-45.017906188964844,True,-0.2974090576171875,25.749445949007082,676.7573124512046,696.3388278902221,2562.5743314111655,910.5976000003297,wcl
2021-06-22 10:00:57,30829312,train,-83.4925,17.314999990463257,-57.62187957763672,-57.62202453613281,True,-0.00014495849609375,161.42793103353952,676.7573124512046,521.8336902817043,2562.5743314111655,910.4120666666739,wcl
2021-06-22 10:00:29,30829312,train,-81.650625,20.14000000953674,-51.77703857421875,-51.78355407714844,True,-0.0065155029296875,78.69731027245486,676.7573124512046,754.8964516468399,2562.5743314111655,910.5976000003297,wcl
2021-06-22 10:01:03,30829312,train,-84.70625,11.843999962806702,-59.813385009765625,-59.814727783203125,True,-0.0013427734375,209.06474160700978,676.7573124512046,471.2551070917175,2562.5743314111655,910.4120666666739,wcl
2021-06-22 15:44:49,34006273,train,-75.54,22.54999997138977,-53.990638732910156,-53.990638732910156,True,0.0,104.08176946120426,121.6342628716388,17.89486556566747,2186.638549544806,871.8211333334832,wcl
2021-06-23 13:57:59,34006273,train,-77.80050505050505,20.984848455949265,-53.68592071533203,-53.68592071533203,True,0.0,100.21940719274063,121.6342628716388,23.277592406288424,2182.4602305512353,868.4815333332142,wcl
2021-06-22 15:44:51,34006273,train,-75.515625,23.094000129699708,-54.408233642578125,-54.408233642578125,True,0.0,109.58260210171137,121.6342628716388,19.125592913705844,2186.2997669237316,871.8211333334832,wcl
2021-06-23 17:05:27,34006273,train,-82.36875,19.990999975204467,-53.31475830078125,-53.31475830078125,True,0.0,95.68009927768136,121.6342628716388,42.66042630940617,2175.684578129629,867.182799999996,wcl
2021-06-23 16:07:21,34006273,train,-70.029375,18.18799997329712,-55.264549255371094,-55.264549255371094,True,0.0,121.66613880784165,190.89004891887058,73.84155114232749,2265.800755338643,876.4594666669706,wcl
2021-06-23 16:07:22,34006273,train,-71.518125,15.747000069618226,-55.762672424316406,-55.762672424316406,True,0.0,129.23008066507856,190.89004891887058,63.67294792688044,2276.8676542942585,877.3871333336681,wcl
2021-06-23 13:58:05,34006273,train,-69.19458762886597,14.088659741829352,-56.770057678222656,-56.770057678222656,True,0.0,145.8506484078447,190.89004891887058,45.11588660521959,2265.4619727175686,877.0160666663562,wcl
2021-06-23 13:58:02,34006273,train,-71.52209595959596,21.08686870035499,-55.07328796386719,-55.07328796386719,True,0.0,118.86941709020388,190.89004891887058,80.330623531503,2222.662434920324,872.7488000001807,wcl
2021-06-22 14:40:12,34006273,train,-77.94375,18.580999941825866,-54.11431121826172,-54.11431121826172,True,0.0,105.68527140964986,190.89004891887058,105.24936198038004,2204.142318300954,870.522400000265,wcl
2021-06-22 17:16:41,34006273,train,-72.409375,21.880000076293943,-54.35737609863281,-54.35737609863281,True,0.0,108.8994940225566,279.43358360828904,196.34878659725126,2358.965976137807,881.4688666669787,wcl
2021-06-22 17:16:44,34006273,train,-73.230625,16.278999948501585,-56.11296844482422,-56.11296844482422,True,0.0,134.80166791869857,279.43358360828904,154.99407743341692,2358.965976137807,881.4688666669787,wcl
2021-06-22 17:16:42,34006273,train,-74.23875,18.43000001907349,-54.906089782714844,-54.906089782714844,True,0.0,116.47156005087591,279.43358360828904,182.4454503123051,2359.0789036781252,881.4688666669787,wcl
2021-06-22 10:02:17,34006273,train,-72.894375,16.086999974250794,-55.58997344970703,-55.58997344970703,True,0.0,126.56095855360877,458.2709693969512,370.33039410791065,2562.3484763304095,910.2265333330181,wcl
2021-06-22 10:05:24,34006273,train,-75.831875,5.49500000089407,-56.490081787109375,-56.490081787109375,True,0.0,141.04456824654008,458.2709693969512,350.76441799244867,2562.3484763304095,910.0410000001532,wcl
2021-06-22 10:03:15,34006273,train,-72.316875,14.344000005722046,-55.58997344970703,-55.58997344970703,True,0.0,126.56095855360877,458.2709693969512,370.33039410791065,2562.2355487900913,910.2265333330181,wcl
2021-06-22 10:05:12,34006273,train,-70.644375,16.5639999628067,-55.62168884277344,-55.62168884277344,True,0.0,127.04741985603236,458.2709693969512,370.4833130877617,2562.3484763304095,910.0410000001532,wcl
2021-06-22 10:04:53,34006273,train,-71.3625,13.684000005722046,-55.61375427246094,-55.61375427246094,True,0.0,126.92557251701066,458.2709693969512,370.4449498773073,2562.3484763304095,910.0410000001532,wcl
2021-06-22 10:03:30,34006273,train,-72.32543103448276,13.570689735741452,-55.597900390625,-55.597900390625,True,0.0,126.6823414203309,458.2709693969512,370.36849035982857,2562.2355487900913,910.0410000001532,wcl
2021-06-22 10:01:25,34006273,train,-72.05,16.490000076293946,-55.635154724121094,-55.635154724121094,True,0.0,127.25448079648476,458.2709693969512,370.4112960935878,2562.5743314111655,910.4120666666739,wcl
2021-06-22 10:03:05,34006273,train,-71.6925,13.90300004005432,-55.58997344970703,-55.58997344970703,True,0.0,126.56095855360877,458.2709693969512,370.33039410791065,2562.2355487900913,910.2265333330181,wcl
2021-06-22 10:04:07,34006273,train,-70.4525,14.382999982833862,-55.6058349609375,-55.6058349609375,True,0.0,126.8038795564655,458.2709693969512,370.40667562536106,2562.3484763304095,910.2265333330181,wcl
2021-06-22 10:02:53,34006273,train,-73.440625,16.75199999809265,-55.58997344970703,-55.58997344970703,True,0.0,126.56095855360877,458.2709693969512,370.33039410791065,2562.2355487900913,910.2265333330181,wcl
2021-06-22 10:03:38,34006273,train,-73.13928571428572,19.35142860412597,-55.597900390625,-55.597900390625,True,0.0,126.6823414203309,458.2709693969512,370.36849035982857,2562.2355487900913,910.0410000001532,wcl
2021-06-22 10:02:02,34006273,train,-72.08875,17.312999992370607,-55.58997344970703,-55.58997344970703,True,0.0,126.56095855360877,458.2709693969512,370.33039410791065,2562.3484763304095,910.2265333330181,wcl
2021-06-22 10:01:23,34006273,train,-70.430625,16.720999984741212,-55.64861297607422,-55.64861297607422,True,0.0,127.46157548107554,458.2709693969512,370.3393924788388,2562.5743314111655,910.4120666666739,wcl
2021-06-22 10:01:50,34006273,train,-72.949375,15.133000001907348,-55.58997344970703,-55.58997344970703,True,0.0,126.56095855360877,458.2709693969512,370.33039410791065,2562.4614038707277,910.2265333330181,wcl
2021-06-22 10:01:12,34006273,train,-74.06625,21.01899997711181,-54.794151306152344,-54.794151306152344,True,0.0,114.89009231171573,458.2709693969512,390.7655365195474,2562.5743314111655,910.4120666666739,wcl
2021-06-22 10:02:59,34006273,train,-72.89125,14.623000044822692,-55.58997344970703,-55.58997344970703,True,0.0,126.56095855360877,458.2709693969512,370.33039410791065,2562.2355487900913,910.2265333330181,wcl
2021-06-22 10:01:54,34006273,train,-72.47125,15.802000007629395,-55.58997344970703,-55.58997344970703,True,0.0,126.56095855360877,458.2709693969512,370.33039410791065,2562.4614038707277,910.2265333330181,wcl
2021-06-22 10:01:42,34006273,train,-72.565625,15.043000011444091,-55.58997344970703,-55.58997344970703,True,0.0,126.56095855360877,458.2709693969512,370.33039410791065,2562.4614038707277,910.2265333330181,wcl
2021-06-22 10:02:24,34006273,train,-73.904375,14.31200002670288,-55.58997344970703,-55.58997344970703,True,0.0,126.56095855360877,458.2709693969512,370.33039410791065,2562.3484763304095,910.2265333330181,wcl
2021-06-22 10:03:28,34006273,train,-70.965625,15.01899992465973,-55.58997344970703,-55.58997344970703,True,0.0,126.56095855360877,458.2709693969512,370.33039410791065,2562.2355487900913,910.0410000001532,wcl
2021-06-22 10:02:14,34006273,train,-72.538125,17.197000036239626,-55.58997344970703,-55.58997344970703,True,0.0,126.56095855360877,458.2709693969512,370.33039410791065,2562.3484763304095,910.2265333330181,wcl
2021-06-22 10:03:58,34006273,train,-72.644375,13.79600004673004,-55.6058349609375,-55.6058349609375,True,0.0,126.8038795564655,458.2709693969512,370.40667562536106,2562.2355487900913,910.2265333330181,wcl
2021-06-22 10:02:35,34006273,train,-73.3475,15.282000098228457,-55.58997344970703,-55.58997344970703,True,0.0,126.56095855360877,458.2709693969512,370.33039410791065,2562.2355487900913,910.2265333330181,wcl
2021-06-22 10:04:09,34006273,train,-70.34,13.963999991416932,-55.6058349609375,-55.6058349609375,True,0.0,126.8038795564655,458.2709693969512,370.40667562536106,2562.3484763304095,910.2265333330181,wcl
2021-06-22 10:02:04,34006273,train,-72.29375,15.282000002861023,-55.58997344970703,-55.58997344970703,True,0.0,126.56095855360877,458.2709693969512,370.33039410791065,2562.3484763304095,910.2265333330181,wcl
2021-06-22 10:01:37,34006273,train,-72.161875,14.751000018119813,-55.58997344970703,-55.58997344970703,True,0.0,126.56095855360877,458.2709693969512,370.33039410791065,2562.4614038707277,910.2265333330181,wcl
2021-06-22 10:04:43,34006273,train,-72.425625,14.00799997329712,-55.61375427246094,-55.61375427246094,True,0.0,126.92557251701066,458.2709693969512,370.4449498773073,2562.4614038707277,910.0410000001532,wcl
2021-06-22 10:01:38,34006273,train,-72.14625,14.753000049591064,-55.58997344970703,-55.58997344970703,True,0.0,126.56095855360877,458.2709693969512,370.33039410791065,2562.4614038707277,910.2265333330181,wcl
2021-06-22 10:05:06,34006273,train,-70.576875,16.29099995613098,-55.62168884277344,-55.62168884277344,True,0.0,127.04741985603236,458.2709693969512,370.4833130877617,2562.3484763304095,910.0410000001532,wcl
2021-06-22 10:02:40,34006273,train,-74.18125,12.702000007629394,-55.58997344970703,-55.58997344970703,True,0.0,126.56095855360877,458.2709693969512,370.33039410791065,2562.2355487900913,910.2265333330181,wcl
2021-06-22 10:02:43,34006273,train,-73.084375,15.750999999046323,-55.58997344970703,-55.58997344970703,True,0.0,126.56095855360877,458.2709693969512,370.33039410791065,2562.2355487900913,910.2265333330181,wcl
2021-06-22 10:02:08,34006273,train,-73.68875,14.096000061035156,-55.58997344970703,-55.58997344970703,True,0.0,126.56095855360877,458.2709693969512,370.33039410791065,2562.3484763304095,910.2265333330181,wcl
2021-06-22 10:02:23,34006273,train,-72.440625,16.72299993991852,-55.58997344970703,-55.58997344970703,True,0.0,126.56095855360877,458.2709693969512,370.33039410791065,2562.3484763304095,910.2265333330181,wcl
2021-06-22 10:04:12,34006273,train,-70.431875,12.527000017166138,-55.6058349609375,-55.6058349609375,True,0.0,126.8038795564655,458.2709693969512,370.40667562536106,2562.3484763304095,910.0410000001532,wcl
2021-06-22 10:01:57,34006273,train,-71.566875,16.802999997138976,-55.58997344970703,-55.58997344970703,True,0.0,126.56095855360877,458.2709693969512,370.33039410791065,2562.4614038707277,910.2265333330181,wcl
2021-06-22 10:04:04,34006273,train,-72.395625,14.574000072479247,-55.6058349609375,-55.6058349609375,True,0.0,126.8038795564655,458.2709693969512,370.40667562536106,2562.3484763304095,910.2265333330181,wcl
2021-06-22 10:05:16,34006273,train,-69.545,17.63199996471405,-55.62168884277344,-55.62168884277344,True,0.0,127.04741985603236,458.2709693969512,370.4833130877617,2562.3484763304095,910.0410000001532,wcl
2021-06-22 10:02:50,34006273,train,-73.270625,15.65300000667572,-55.58997344970703,-55.58997344970703,True,0.0,126.56095855360877,458.2709693969512,370.33039410791065,2562.2355487900913,910.2265333330181,wcl
2021-06-22 14:40:20,34006272,train,-70.26994680851064,20.78191482259872,-51.32269287109375,-51.32269287109375,True,0.0,74.08063496348505,105.64199444230894,31.58725617288461,2283.530379175667,881.6543999998436,wcl
2021-06-22 14:40:19,34006272,train,-67.12125,19.94799997329712,-50.77900695800781,-50.779052734375,True,-4.57763671875e-05,68.896141139181,105.64199444230894,38.314169662358275,2274.3832484063,880.3556666666253,wcl
2021-06-22 11:05:19,34006272,train,-89.40625,5.349999904632568,-58.54151916503906,-58.54151916503906,True,0.0,179.9868271293339,183.93618752379206,33.40546348232095,2351.738613554688,876.6449999998355,wcl
2021-06-22 15:56:38,34006272,train,-85.764375,13.35900000333786,-57.598419189453125,-57.598419189453125,True,0.0,160.97599299676986,183.93618752379206,37.91683576686131,2329.3789605629418,886.292733333331,wcl
2021-06-22 15:56:49,34006272,train,-84.628125,13.953999996185305,-57.598419189453125,-57.598419189453125,True,0.0,160.97599299676986,183.93618752379206,37.91683576686131,2329.3789605629418,886.292733333331,wcl
2021-06-22 15:56:36,34006272,train,-86.80375,12.310999960899354,-57.598419189453125,-57.598419189453125,True,0.0,160.97599299676986,183.93618752379206,37.91683576686131,2329.3789605629418,886.292733333331,wcl
2021-06-22 11:05:10,34006272,train,-87.53125,4.950000047683716,-58.54151916503906,-58.54151916503906,True,0.0,179.9868271293339,183.93618752379206,33.40546348232095,2351.738613554688,876.6449999998355,wcl
2021-06-22 15:56:57,34006272,train,-84.60125,14.030999999046326,-57.598419189453125,-57.598419189453125,True,0.0,160.97599299676986,183.93618752379206,37.91683576686131,2329.3789605629418,886.292733333331,wcl
2021-06-22 11:05:34,34006272,train,-88.0625,5.800000190734863,-58.54151916503906,-58.54151916503906,True,0.0,179.9868271293339,183.93618752379206,33.40546348232095,2351.738613554688,876.6449999998355,wcl
2021-06-22 15:57:06,34006272,train,-82.505625,16.01600004196167,-57.598419189453125,-57.598419189453125,True,0.0,160.97599299676986,183.93618752379206,37.91683576686131,2340.671714599073,889.8178666664649,wcl
2021-06-23 16:07:25,34006272,train,-65.865,24.74799997329712,-50.76775360107422,-50.76780700683594,True,-5.340576171875e-05,68.79165201986035,183.93618752379206,127.57095139567029,2310.8588439433306,880.3556666666253,wcl
2021-06-22 15:57:09,34006272,train,-82.9275,16.07300009727478,-57.598419189453125,-57.598419189453125,True,0.0,160.97599299676986,183.93618752379206,37.91683576686131,2365.5157734787776,892.6008666665573,wcl
2021-06-22 15:57:08,34006272,train,-78.518125,19.670000019073488,-57.598419189453125,-57.598419189453125,True,0.0,160.97599299676986,183.93618752379206,37.91683576686131,2356.5944977901668,891.4876666669949,wcl
2021-06-23 17:05:41,34006272,train,-72.1725,24.04599988937378,-53.23890686035156,-53.23890686035156,True,0.0,94.77383405076404,183.93618752379206,91.772781470644,2336.1546129846683,884.251866667071,wcl
2021-06-22 11:05:29,34006272,train,-91.8125,3.400000095367432,-58.54151916503906,-58.54151916503906,True,0.0,179.9868271293339,183.93618752379206,33.40546348232095,2351.738613554688,876.6449999998355,wcl
2021-06-22 11:05:23,34006272,train,-85.875,6.400000095367432,-58.54151916503906,-58.54151916503906,True,0.0,179.9868271293339,183.93618752379206,33.40546348232095,2351.738613554688,876.6449999998355,wcl
2021-06-22 11:05:15,34006272,train,-87.84375,6.0,-58.54151916503906,-58.54151916503906,True,0.0,179.9868271293339,183.93618752379206,33.40546348232095,2351.738613554688,876.6449999998355,wcl
2021-06-23 16:07:28,34006272,train,-70.83625,25.168999996185303,-52.942596435546875,-52.942596435546875,True,0.0,91.30243946731781,183.93618752379206,94.78776975379087,2345.3017437540357,882.9531333322709,wcl
2021-06-22 14:40:23,34006272,train,-71.830625,18.904000015258788,-53.25578308105469,-53.25578308105469,True,0.0,94.97492936966601,183.93618752379206,90.90134154036825,2314.1337426138757,884.251866667071,wcl
2021-06-22 15:56:54,34006272,train,-85.10125,13.661000018119813,-57.598419189453125,-57.598419189453125,True,0.0,160.97599299676986,183.93618752379206,37.91683576686131,2329.3789605629418,886.292733333331,wcl
2021-06-23 16:07:27,34006272,train,-72.271875,21.20699999809265,-52.186065673828125,-52.18609619140625,True,-3.0517578125e-05,82.90743310652897,183.93618752379206,105.49306976058564,2333.896062177346,882.0254666663643,wcl
2021-06-22 17:16:53,34006272,train,-77.87125,10.805000032186507,-55.187828063964844,-55.187828063964844,True,0.0,120.53718882143437,183.93618752379206,63.509015441433675,2358.965976137807,881.4688666669787,wcl
2021-06-23 17:05:44,34006272,train,-79.624375,20.59399995803833,-55.251373291015625,-55.251373291015625,True,0.0,121.47156961002601,183.93618752379206,62.55142009601126,2371.613860658356,887.962533332279,wcl
2021-06-22 14:40:26,34006272,train,-80.14125,5.306999964937567,-55.077781677246094,-55.077781677246094,True,0.0,118.93421861586862,183.93618752379206,65.14281517759235,2351.173975852617,887.777000000205,wcl
2021-06-22 15:56:55,34006272,train,-84.921875,13.798999991416933,-57.598419189453125,-57.598419189453125,True,0.0,160.97599299676986,183.93618752379206,37.91683576686131,2329.3789605629418,886.292733333331,wcl
2021-06-22 17:16:49,34006272,train,-71.22125,23.619999980926515,-52.81829071044922,-52.81829071044922,True,0.0,89.87759432317205,183.93618752379206,97.71093340265665,2358.965976137807,881.4688666669787,wcl
2021-06-22 15:57:05,34006272,train,-78.965625,19.255000019073485,-57.598419189453125,-57.598419189453125,True,0.0,160.97599299676986,183.93618752379206,37.91683576686131,2335.251192661523,888.7046666669025,wcl
2021-06-22 11:05:18,34006272,train,-89.4375,4.400000095367432,-58.54151916503906,-58.54151916503906,True,0.0,179.9868271293339,183.93618752379206,33.40546348232095,2351.738613554688,876.6449999998355,wcl
2021-06-22 14:40:25,34006272,train,-75.258125,9.1089999628067,-54.49005889892578,-54.49005889892578,True,0.0,110.68945477676789,183.93618752379206,73.29492399181404,2338.4131637917503,886.6637999998517,wcl
2021-06-23 13:58:11,34006272,train,-81.0275,18.467999963760377,-54.95459747314453,-54.95459747314453,True,0.0,117.16271143333483,183.93618752379206,66.78255018646793,2356.8203528709228,886.292733333331,wcl
2021-06-23 17:05:46,34006272,train,-85.74,16.03599997520447,-56.44165802001953,-56.44165802001953,True,0.0,140.22829620543428,183.93618752379206,46.77041615178725,2395.441571674838,890.3744666666415,wcl
2021-06-22 11:05:32,34006272,train,-89.5,6.599999904632568,-58.54151916503906,-58.54151916503906,True,0.0,179.9868271293339,183.93618752379206,33.40546348232095,2351.738613554688,876.6449999998355,wcl
2021-06-22 15:56:52,34006272,train,-86.01125,13.150000042915345,-57.598419189453125,-57.598419189453125,True,0.0,160.97599299676986,183.93618752379206,37.91683576686131,2329.3789605629418,886.292733333331,wcl
2021-06-22 11:05:05,34006272,train,-88.5625,7.400000095367432,-58.54151916503906,-58.54151916503906,True,0.0,179.9868271293339,183.93618752379206,33.40546348232095,2351.738613554688,876.6449999998355,wcl
2021-06-22 15:56:48,34006272,train,-85.683125,10.36699997663498,-57.598419189453125,-57.598419189453125,True,0.0,160.97599299676986,183.93618752379206,37.91683576686131,2329.3789605629418,886.292733333331,wcl
2021-06-22 15:56:39,34006272,train,-85.731875,13.584000029563905,-57.598419189453125,-57.598419189453125,True,0.0,160.97599299676986,183.93618752379206,37.91683576686131,2329.3789605629418,886.292733333331,wcl
2021-06-22 17:16:54,34006272,train,-79.35875,17.070999937057493,-55.54472351074219,-55.54472351074219,True,0.0,125.86987711744084,183.93618752379206,58.50884705719163,2358.965976137807,881.4688666669787,wcl
2021-06-22 11:05:01,34006272,train,-92.28125,3.849999904632568,-58.54151916503906,-58.54151916503906,True,0.0,179.9868271293339,183.93618752379206,33.40546348232095,2351.738613554688,876.6449999998355,wcl
2021-06-22 11:05:16,34006272,train,-89.5625,1.600000023841858,-58.54151916503906,-58.54151916503906,True,0.0,179.9868271293339,183.93618752379206,33.40546348232095,2351.738613554688,876.6449999998355,wcl
2021-06-22 15:57:11,34006272,train,-85.576875,11.021000027656555,-57.598419189453125,-57.598419189453125,True,0.0,160.97599299676986,183.93618752379206,37.91683576686131,2385.2780930422477,894.641733333608,wcl
2021-06-22 15:57:13,34006272,train,-88.75625,8.98200001657009,-57.626495361328125,-57.626495361328125,True,0.0,161.51352546394426,276.59503099626784,115.1099173190371,2407.637746033994,896.6825999998679,wcl
2021-06-22 14:40:33,34006272,train,-84.978125,-3.243000000268221,-58.69041442871094,-58.69041442871094,True,0.0,183.17614676951902,276.59503099626784,94.52239530767264,2445.1296894342477,897.9813333322952,wcl
2021-06-23 16:07:38,34006272,train,-87.073125,11.619999977350234,-59.17442321777344,-59.17442321777344,True,0.0,193.92049072596183,276.59503099626784,85.02611236914565,2466.585922103209,895.7549333331704,wcl
2021-06-23 16:07:35,34006272,train,-90.13125,10.048999981880188,-57.635040283203125,-57.635040283203125,True,0.0,161.67740167736443,276.59503099626784,115.00180979522283,2429.884471485302,892.0442666663805,wcl
2021-06-22 14:40:31,34006272,train,-81.305625,0.5370000044256449,-57.738494873046875,-57.738494873046875,True,0.0,163.67440609313778,276.59503099626784,112.98941093036963,2418.591717449051,895.1983333329938,wcl
2021-06-23 16:07:37,34006272,train,-85.4575,14.421999955177307,-58.69129943847656,-58.69129943847656,True,0.0,183.1954900012018,276.59503099626784,94.57706949545853,2454.3897477439327,894.641733333608,wcl
2021-06-22 14:40:34,34006272,train,-87.33194444444445,-5.977777769830492,-59.15208435058594,-59.15208435058594,True,0.0,193.41166429655465,276.59503099626784,85.43064889468111,2457.8905014952347,899.2800666670953,wcl
2021-06-22 14:40:32,34006272,train,-82.354375,-1.0379999973624945,-58.215782165527344,-58.215782165527344,True,0.0,173.19270722154414,276.59503099626784,103.82561644708652,2432.0300947521864,896.497066667003,wcl
2021-06-22 10:05:42,34006272,train,-83.7375,2.280000013262033,-58.35517883300781,-58.35517883300781,True,0.0,176.06998831180715,363.69055701634835,201.52248629734476,2562.3484763304095,910.0410000001532,wcl
2021-06-22 10:05:33,34006272,train,-69.43125,19.62299997329712,-53.71764373779297,-53.71764373779297,True,0.0,100.61567448912031,363.69055701634835,286.201327600405,2562.3484763304095,910.0410000001532,wcl
2021-06-22 11:03:24,30828801,train,-88.6875,8.899999618530273,-55.243988037109375,-55.243988037109375,True,0.0,121.36282138185881,151.99729726282024,33.43556862242707,2351.738613554688,876.4594666669706,wcl
2021-06-22 11:00:41,30828801,train,-89.53125,7.25,-55.245452880859375,-55.245452880859375,True,0.0,121.3845181631235,151.99729726282024,33.46602774453491,2351.964468635324,876.4594666669706,wcl
2021-06-22 11:04:54,30828801,train,-88.25,8.25,-55.242530822753906,-55.242530822753906,True,0.0,121.34122581830728,151.99729726282024,33.40546348232095,2351.738613554688,876.6449999998355,wcl
2021-06-22 11:04:39,30828801,train,-90.25,7.699999809265137,-55.242530822753906,-55.242530822753906,True,0.0,121.34122581830728,151.99729726282024,33.40546348232095,2351.738613554688,876.6449999998355,wcl
2021-06-22 11:01:31,30828801,train,-89.6875,5.550000190734863,-55.243988037109375,-55.243988037109375,True,0.0,121.36282138185881,151.99729726282024,33.43556862242707,2351.8515410948858,876.4594666669706,wcl
2021-06-22 11:05:38,30828801,train,-88.4375,10.0,-55.242530822753906,-55.242530822753906,True,0.0,121.34122581830728,151.99729726282024,33.40546348232095,2351.738613554688,876.6449999998355,wcl
2021-06-22 11:03:55,30828801,train,-87.46875,9.099999904632568,-55.242530822753906,-55.242530822753906,True,0.0,121.34122581830728,151.99729726282024,33.40546348232095,2351.738613554688,876.4594666669706,wcl
2021-06-22 11:04:47,30828801,train,-89.59375,8.75,-55.242530822753906,-55.242530822753906,True,0.0,121.34122581830728,151.99729726282024,33.40546348232095,2351.738613554688,876.6449999998355,wcl
2021-06-22 11:00:42,30828801,train,-90.5,5.400000095367432,-55.245452880859375,-55.245452880859375,True,0.0,121.3845181631235,151.99729726282024,33.46602774453491,2351.8515410948858,876.4594666669706,wcl
2021-06-22 11:03:03,30828801,train,-88.6875,7.699999809265137,-55.243988037109375,-55.243988037109375,True,0.0,121.36282138185881,151.99729726282024,33.43556862242707,2351.738613554688,876.4594666669706,wcl
2021-06-22 11:03:23,30828801,train,-88.78125,5.75,-55.243988037109375,-55.243988037109375,True,0.0,121.36282138185881,151.99729726282024,33.43556862242707,2351.738613554688,876.4594666669706,wcl
2021-06-22 11:03:18,30828801,train,-88.8125,7.200000047683716,-55.243988037109375,-55.243988037109375,True,0.0,121.36282138185881,151.99729726282024,33.43556862242707,2351.738613554688,876.4594666669706,wcl
2021-06-22 11:00:44,30828801,train,-88.125,9.300000190734863,-55.245452880859375,-55.245452880859375,True,0.0,121.3845181631235,151.99729726282024,33.46602774453491,2351.8515410948858,876.4594666669706,wcl
2021-06-22 11:00:29,30828801,train,-87.15625,9.300000190734863,-55.245452880859375,-55.245452880859375,True,0.0,121.3845181631235,151.99729726282024,33.46602774453491,2351.964468635324,876.2739333333147,wcl
2021-06-22 11:00:27,30828801,train,-88.75,8.199999809265137,-55.245452880859375,-55.245452880859375,True,0.0,121.3845181631235,151.99729726282024,33.46602774453491,2351.964468635324,876.2739333333147,wcl
2021-06-22 11:03:17,30828801,train,-88.6875,7.5,-55.243988037109375,-55.243988037109375,True,0.0,121.36282138185881,151.99729726282024,33.43556862242707,2351.738613554688,876.4594666669706,wcl
2021-06-22 11:05:55,30828801,train,-88.875,8.800000190734863,-55.24107360839844,-55.24107360839844,True,0.0,121.31973152656678,151.99729726282024,33.3757132821639,2351.62568601425,876.6449999998355,wcl
2021-06-22 11:03:59,30828801,train,-90.125,7.950000286102295,-55.242530822753906,-55.242530822753906,True,0.0,121.34122581830728,151.99729726282024,33.40546348232095,2351.738613554688,876.4594666669706,wcl
2021-06-22 11:05:54,30828801,train,-89.84375,7.3500001430511475,-55.24107360839844,-55.24107360839844,True,0.0,121.31973152656678,151.99729726282024,33.3757132821639,2351.62568601425,876.6449999998355,wcl
2021-06-22 11:04:29,30828801,train,-89.1875,9.350000381469728,-55.242530822753906,-55.242530822753906,True,0.0,121.34122581830728,151.99729726282024,33.40546348232095,2351.738613554688,876.6449999998355,wcl
2021-06-22 11:02:16,30828801,train,-87.3125,8.5,-55.243988037109375,-55.243988037109375,True,0.0,121.36282138185881,151.99729726282024,33.43556862242707,2351.738613554688,876.4594666669706,wcl
2021-06-22 11:00:59,30828801,train,-88.0,7.550000190734863,-55.243988037109375,-55.243988037109375,True,0.0,121.36282138185881,151.99729726282024,33.43556862242707,2351.8515410948858,876.4594666669706,wcl
2021-06-22 11:05:58,30828801,train,-90.09375,6.8999998569488525,-55.24107360839844,-55.24107360839844,True,0.0,121.31973152656678,151.99729726282024,33.3757132821639,2351.62568601425,876.6449999998355,wcl
2021-06-22 11:03:37,30828801,train,-89.5,6.850000143051148,-55.243988037109375,-55.243988037109375,True,0.0,121.36282138185881,151.99729726282024,33.43556862242707,2351.738613554688,876.4594666669706,wcl
2021-06-22 11:05:59,30828801,train,-89.6875,7.300000190734863,-55.24107360839844,-55.24107360839844,True,0.0,121.31973152656678,151.99729726282024,33.3757132821639,2351.62568601425,876.6449999998355,wcl
2021-06-22 11:01:00,30828801,train,-86.0625,8.899999618530273,-55.243988037109375,-55.243988037109375,True,0.0,121.36282138185881,151.99729726282024,33.43556862242707,2351.8515410948858,876.4594666669706,wcl
2021-06-22 11:00:12,30828801,train,-89.0625,5.800000190734863,-55.245452880859375,-55.245452880859375,True,0.0,121.3845181631235,151.99729726282024,33.46602774453491,2351.964468635324,876.2739333333147,wcl
2021-06-22 11:03:14,30828801,train,-89.90625,4.299999952316284,-55.243988037109375,-55.243988037109375,True,0.0,121.36282138185881,151.99729726282024,33.43556862242707,2351.738613554688,876.4594666669706,wcl
2021-06-22 11:03:42,30828801,train,-90.0625,6.300000190734863,-55.243988037109375,-55.243988037109375,True,0.0,121.36282138185881,151.99729726282024,33.43556862242707,2351.738613554688,876.4594666669706,wcl
2021-06-22 11:04:28,30828801,train,-90.25,7.199999809265137,-55.242530822753906,-55.242530822753906,True,0.0,121.34122581830728,151.99729726282024,33.40546348232095,2351.738613554688,876.6449999998355,wcl
2021-06-22 11:00:50,30828801,train,-88.875,8.549999713897705,-55.245452880859375,-55.245452880859375,True,0.0,121.3845181631235,151.99729726282024,33.46602774453491,2351.8515410948858,876.4594666669706,wcl
2021-06-22 11:02:59,30828801,train,-89.625,5.699999809265137,-55.243988037109375,-55.243988037109375,True,0.0,121.36282138185881,151.99729726282024,33.43556862242707,2351.738613554688,876.4594666669706,wcl
2021-06-22 11:05:36,30828801,train,-88.54545454545455,8.018181800842285,-55.242530822753906,-55.242530822753906,True,0.0,121.34122581830728,151.99729726282024,33.40546348232095,2351.738613554688,876.6449999998355,wcl
2021-06-22 11:04:33,30828801,train,-88.6875,10.100000381469728,-55.242530822753906,-55.242530822753906,True,0.0,121.34122581830728,151.99729726282024,33.40546348232095,2351.738613554688,876.6449999998355,wcl
2021-06-22 11:05:41,30828801,train,-88.0,9.399999618530272,-55.242530822753906,-55.242530822753906,True,0.0,121.34122581830728,151.99729726282024,33.40546348232095,2351.738613554688,876.6449999998355,wcl
2021-06-22 11:01:21,30828801,train,-89.375,6.699999809265137,-55.243988037109375,-55.243988037109375,True,0.0,121.36282138185881,151.99729726282024,33.43556862242707,2351.8515410948858,876.4594666669706,wcl
2021-06-22 11:00:30,30828801,train,-89.375,7.199999809265137,-55.245452880859375,-55.245452880859375,True,0.0,121.3845181631235,151.99729726282024,33.46602774453491,2351.964468635324,876.2739333333147,wcl
2021-06-22 11:05:46,30828801,train,-88.875,8.699999809265137,-55.242530822753906,-55.242530822753906,True,0.0,121.34122581830728,151.99729726282024,33.40546348232095,2351.738613554688,876.6449999998355,wcl
2021-06-22 11:03:41,30828801,train,-88.53125,6.700000047683716,-55.243988037109375,-55.243988037109375,True,0.0,121.36282138185881,151.99729726282024,33.43556862242707,2351.738613554688,876.4594666669706,wcl
2021-06-22 11:01:29,30828801,train,-89.6875,7.550000190734863,-55.243988037109375,-55.243988037109375,True,0.0,121.36282138185881,151.99729726282024,33.43556862242707,2351.8515410948858,876.4594666669706,wcl
2021-06-22 11:04:26,30828801,train,-89.8125,9.699999809265137,-55.242530822753906,-55.242530822753906,True,0.0,121.34122581830728,151.99729726282024,33.40546348232095,2351.738613554688,876.6449999998355,wcl
2021-06-22 11:02:50,30828801,train,-90.3125,6.5,-55.243988037109375,-55.243988037109375,True,0.0,121.36282138185881,151.99729726282024,33.43556862242707,2351.738613554688,876.4594666669706,wcl
2021-06-23 13:58:26,30828801,train,-85.353125,4.128999992758036,-59.6055908203125,-59.6055908203125,True,0.0,203.9974654875605,220.35729451499336,57.48339153354967,2592.387202066667,910.7831333331947,wcl
2021-06-23 13:58:23,30828801,train,-85.729375,25.91800008773804,-57.96166229248047,-57.96166229248047,True,0.0,168.0619254601156,220.35729451499336,94.93003064208553,2544.618852493385,905.5882000003216,wcl
2021-06-22 10:05:47,30828801,train,-82.684375,13.521000018119812,-55.61974334716797,-55.61974334716797,True,0.0,127.01759406302489,220.35729451499336,155.20974548325617,2562.3484763304095,910.0410000001532,wcl
2021-06-22 15:57:29,30828801,train,-85.90875,6.96899997472763,-59.88287353515625,-59.88287353515625,True,0.0,210.74184173911985,318.4599765768633,133.671552915517,2653.9327115644,921.7295999999084,wcl
2021-06-22 14:40:52,30828801,train,-91.256875,1.5159999975562095,-62.877044677734375,-62.877044677734375,True,0.0,298.83315471310715,318.4599765768633,43.64878903307646,2685.665350406149,923.0283333323357,wcl
2021-06-23 14:55:08,30828801,train,-98.96875,6.423000001907349,-63.1929931640625,-63.1929931640625,True,0.0,310.00218010298744,417.46398181963576,120.9441019922724,2705.0888873485446,921.9151333335642,wcl
2021-06-22 14:40:55,30828801,train,-95.835,-4.378999970853329,-63.86664581298828,-63.86664581298828,True,0.0,335.205156303204,417.46398181963576,93.68033985678069,2723.044366266085,926.7389999999165,wcl
2021-06-22 15:57:38,30828801,train,-92.581875,5.881999981403351,-63.760955810546875,-63.760955810546875,True,0.0,331.12180447570205,516.8516185058087,194.09592207579803,2812.031268071558,938.4275999996717,wcl
2021-06-22 10:08:10,30828800,train,-85.558125,1.632999994829297,-49.39537811279297,-49.39539337158203,True,-1.52587890625e-05,56.83329035651172,90.98053167653102,43.3937495532734,2565.6233750009546,914.1227333334638,wcl
2021-06-22 10:09:05,30828800,train,-83.296875,3.4460000014305114,-49.24909973144531,-49.249107360839844,True,-7.62939453125e-06,55.64289642815513,90.98053167653102,45.44314660887183,2566.6397228641777,909.1133333334557,wcl
2021-06-22 10:09:25,30828800,train,-86.375,5.211000001430511,-49.23677062988281,-49.236785888671875,True,-1.52587890625e-05,55.54324166144039,90.98053167653102,46.6335806963792,2567.2043605660083,907.2580000000607,wcl
2021-06-22 10:09:47,30828800,train,-86.50125,5.025999987125397,-49.26170349121094,-49.26171875,True,-1.52587890625e-05,55.74492193876967,90.98053167653102,46.599467922395924,2570.3663316959946,908.7422666669349,wcl
2021-06-22 10:07:56,30828800,train,-84.136875,0.3619999954104423,-49.397727966308594,-49.39775085449219,True,-2.288818359375e-05,56.852514326690354,90.98053167653102,43.885598457313485,2566.188012702665,914.3082666671196,wcl
2021-06-22 10:07:20,30828800,train,-85.218125,0.8640000069141388,-49.376800537109375,-49.37681579589844,True,-1.52587890625e-05,56.68110261833839,90.98053167653102,44.41680521453558,2566.188012702665,910.2265333330181,wcl
2021-06-22 10:08:23,30828800,train,-85.790625,3.261000003814697,-49.346702575683594,-49.346717834472656,True,-1.52587890625e-05,56.43549027938313,90.98053167653102,43.15144797632735,2565.1716648395623,912.8240000002455,wcl
2021-06-22 10:07:08,30828800,train,-85.71125,0.1519999957829713,-49.388885498046875,-49.38890075683594,True,-1.52587890625e-05,56.78012381560209,90.98053167653102,44.39904412413489,2565.849230081591,909.2988666671115,wcl
2021-06-22 10:07:25,30828800,train,-84.27875,0.8959999942034483,-49.38774108886719,-49.38775634765625,True,-1.52587890625e-05,56.77060917669241,90.98053167653102,44.23362753805625,2566.188012702665,910.7831333331947,wcl
2021-06-22 10:06:28,30828800,train,-86.395,1.782999996393919,-49.3076171875,-49.30762481689453,True,-7.62939453125e-06,56.11723693185742,90.98053167653102,45.020744420192166,2565.3975199201986,909.1133333334557,wcl
2021-06-22 10:09:15,30828800,train,-87.81875,-0.7800000018626452,-49.21672821044922,-49.21674346923828,True,-1.52587890625e-05,55.381528113257204,90.98053167653102,45.99175648302001,2567.09143302557,908.1856666659672,wcl
2021-06-22 10:07:43,30828800,train,-84.598125,3.643999992609024,-49.38774108886719,-49.38775634765625,True,-1.52587890625e-05,56.77060917669241,90.98053167653102,44.23362753805625,2566.4138677834217,912.8240000002455,wcl
2021-06-22 10:09:13,30828800,train,-87.194375,1.621000008508563,-49.239837646484375,-49.23985290527344,True,-1.52587890625e-05,55.56797280293156,90.98053167653102,45.789972967970485,2567.09143302557,908.3712000004141,wcl
2021-06-22 10:06:03,30828800,train,-85.959375,3.316999985277653,-50.24296569824219,-50.24298858642578,True,-2.288818359375e-05,64.04040339248343,90.98053167653102,47.27031607590589,2562.3484763304095,910.0410000001532,wcl
2021-06-22 10:06:07,30828800,train,-85.700625,4.679999987483025,-49.22224426269531,-49.222259521484375,True,-1.52587890625e-05,55.42596518809429,90.98053167653102,46.485571787356335,2564.268244516417,910.4120666666739,wcl
2021-06-22 10:09:04,30828800,train,-83.585625,1.75100000359118,-49.259979248046875,-49.25999450683594,True,-1.52587890625e-05,55.73098212841894,90.98053167653102,45.2603200082206,2566.52679532386,909.2988666671115,wcl
2021-06-22 10:07:16,30828800,train,-84.341875,-0.4789999984204769,-49.388885498046875,-49.38890075683594,True,-1.52587890625e-05,56.78012381560209,90.98053167653102,44.39904412413489,2566.188012702665,909.6699333336323,wcl
2021-06-22 10:06:10,30828800,train,-86.051875,-0.006999998986721,-49.230865478515625,-49.23088836669922,True,-2.288818359375e-05,55.49565898465493,90.98053167653102,46.13745291301086,2564.607027137491,910.5976000003297,wcl
2021-06-22 10:09:48,30828800,train,-86.263125,5.28,-49.27417755126953,-49.274200439453125,True,-2.288818359375e-05,55.84583147998479,90.98053167653102,46.58281281311485,2571.834389720851,909.8554666664973,wcl
2021-06-22 10:06:24,30828800,train,-84.548125,2.22299999833107,-49.295379638671875,-49.29539489746094,True,-1.52587890625e-05,56.017954581013356,90.98053167653102,45.039392930065546,2565.2845923797604,909.2988666671115,wcl
2021-06-22 10:07:14,30828800,train,-83.66,0.3650000037997961,-49.388885498046875,-49.38890075683594,True,-1.52587890625e-05,56.78012381560209,90.98053167653102,44.39904412413489,2566.188012702665,909.4843999999764,wcl
2021-06-22 10:06:05,30828800,train,-83.35375,3.672999999895692,-49.49571228027344,-49.4957275390625,True,-1.52587890625e-05,57.65843346456152,90.98053167653102,47.034105993978194,2563.2518966533144,910.2265333330181,wcl
2021-06-22 10:06:37,30828800,train,-85.324375,1.9460000025480984,-49.33203887939453,-49.332054138183594,True,-1.52587890625e-05,56.31595588756012,90.98053167653102,44.984274687916745,2565.6233750009546,908.556733333279,wcl
2021-06-22 10:09:31,30828800,train,-85.5275,4.52699999332428,-49.224273681640625,-49.22428894042969,True,-1.52587890625e-05,55.44247143035773,90.98053167653102,46.65103777420842,2567.543143187203,906.1447999997074,wcl
2021-06-22 10:06:02,30828800,train,-83.580625,5.544000001996755,-50.764854431152344,-50.76490783691406,True,-5.340576171875e-05,68.76469828612956,90.98053167653102,47.241655109397946,2562.3484763304095,910.0410000001532,wcl
2021-06-22 10:09:02,30828800,train,-85.151875,0.1379999990016222,-49.295379638671875,-49.29539489746094,True,-1.52587890625e-05,56.017954581013356,90.98053167653102,45.039392930065546,2566.52679532386,909.2988666671115,wcl
2021-06-22 10:08:13,30828800,train,-84.64375,2.834999998807908,-49.38343811035156,-49.383460998535156,True,-2.288818359375e-05,56.735485831680045,90.98053167653102,43.4133907097238,2565.3975199201986,913.937199999808,wcl
2021-06-22 10:07:17,30828800,train,-84.66,0.6590000014007091,-49.388885498046875,-49.38890075683594,True,-1.52587890625e-05,56.78012381560209,90.98053167653102,44.39904412413489,2566.188012702665,909.8554666664973,wcl
2021-06-22 10:07:10,30828800,train,-84.89375,1.1669999958574773,-49.388885498046875,-49.38890075683594,True,-1.52587890625e-05,56.78012381560209,90.98053167653102,44.39904412413489,2565.9621576220293,909.2988666671115,wcl
2021-06-22 10:08:55,30828800,train,-86.066875,2.186000009775162,-49.33067321777344,-49.3306884765625,True,-1.52587890625e-05,56.30498173418821,90.98053167653102,44.81928301652673,2566.3009402431035,909.4843999999764,wcl
2021-06-22 10:06:40,30828800,train,-83.550625,1.5170000073313714,-49.35643005371094,-49.35645294189453,True,-2.288818359375e-05,56.514878706655416,90.98053167653102,44.948910234650214,2565.736302541273,908.3712000004141,wcl
2021-06-22 10:09:03,30828800,train,-85.085625,3.0450000113248823,-49.27226257324219,-49.27227783203125,True,-1.52587890625e-05,55.83031796372047,90.98053167653102,45.241198805567095,2566.52679532386,909.2988666671115,wcl
2021-06-22 10:07:48,30828800,train,-84.51875,1.360999994724989,-49.38774108886719,-49.38775634765625,True,-1.52587890625e-05,56.77060917669241,90.98053167653102,44.23362753805625,2566.3009402431035,913.3806000004222,wcl
2021-06-22 10:07:53,30828800,train,-84.33625,0.7029999998956918,-49.38774108886719,-49.38775634765625,True,-1.52587890625e-05,56.77060917669241,90.98053167653102,44.23362753805625,2566.188012702665,914.1227333334638,wcl
2021-06-22 10:09:00,30828800,train,-84.100625,2.318000004440546,-49.318511962890625,-49.31852722167969,True,-1.52587890625e-05,56.205804125365994,90.98053167653102,44.83773089955521,2566.4138677834217,909.4843999999764,wcl
2021-06-22 10:09:27,30828800,train,-88.038125,3.4000000131130217,-49.23677062988281,-49.236785888671875,True,-1.52587890625e-05,55.54324166144039,90.98053167653102,46.6335806963792,2567.317288106206,906.8869333335399,wcl
2021-06-22 10:06:57,30828800,train,-85.105625,0.7630000025033951,-49.388885498046875,-49.38890075683594,True,-1.52587890625e-05,56.78012381560209,90.98053167653102,44.39904412413489,2565.849230081591,909.4843999999764,wcl
2021-06-23 13:58:33,30828800,train,-93.309375,11.403999984264374,-47.21592712402344,-47.21593475341797,True,-7.62939453125e-06,40.43519672670041,83.25657454867253,43.445493460188956,2699.555437870677,922.1006666664291,wcl
2021-06-22 10:09:59,30828800,train,-83.28125,17.495000028610228,-47.673606872558594,-47.673622131347656,True,-1.52587890625e-05,43.66913553970856,83.25657454867253,88.27218904061752,2636.5418703484497,921.5440666670435,wcl
2021-06-22 17:25:00,30828800,train,-88.69875,10.743000019788742,-46.9520263671875,-46.95203399658203,True,-7.62939453125e-06,38.60991855942553,83.25657454867253,77.51363365663254,2649.0768273286803,914.3082666671196,wcl
2021-06-22 10:09:56,30828800,train,-80.674375,19.87899989128113,-48.883277893066406,-48.88329315185547,True,-1.52587890625e-05,52.72947691677287,83.25657454867253,100.64524459785913,2612.149521630258,918.7610666669511,wcl
2021-06-23 14:55:02,30828800,train,-87.4875,12.228999919891358,-47.86469268798828,-47.86470031738281,True,-7.62939453125e-06,45.047730851164786,83.25657454867253,85.68239093441954,2640.0426240997513,915.0504000001613,wcl
2021-06-22 10:10:05,30828800,train,-92.111875,6.215999987572432,-46.287940979003906,-46.28794860839844,True,-7.62939453125e-06,34.12000692072402,83.25657454867253,51.2133479885516,2692.666857908632,925.9968666668749,wcl
2021-06-22 10:09:57,30828800,train,-81.1025,18.59100005149841,-48.539039611816406,-48.53905487060547,True,-1.52587890625e-05,50.06611753383154,83.25657454867253,96.82362702536089,2619.941521915207,919.6887333336485,wcl
2021-06-23 13:58:30,30828800,train,-87.005625,15.794999980926514,-47.69282531738281,-47.692840576171875,True,-1.52587890625e-05,43.80686914382405,83.25657454867253,82.85346810332729,2653.9327115644,917.091266666421,wcl
2021-06-22 17:25:11,30828800,train,-98.11,2.538999992907048,-53.304832458496094,-53.304832458496094,True,0.0,95.56111656362374,159.9557978536979,64.40874629544659,2785.9450062478736,929.336466666353,wcl
2021-06-23 13:58:34,30828800,train,-93.245625,12.119000017642977,-48.54424285888672,-48.54425811767578,True,-1.52587890625e-05,50.105942455787314,159.9557978536979,115.97057311974197,2714.6877282791843,923.7704666669592,wcl
2021-06-23 13:58:36,30828800,train,-98.97875,6.847999998107553,-51.43742370605469,-51.43742370605469,True,0.0,75.21057785615666,159.9557978536979,85.89156945888682,2744.83938155588,926.5534666670516,wcl
2021-06-22 10:10:09,30828800,train,-92.93,3.764999975562096,-49.514923095703125,-49.51493835449219,True,-1.52587890625e-05,57.81727475297275,159.9557978536979,104.5330332579406,2734.337120302336,929.7075333336647,wcl
2021-06-22 10:10:06,30828800,train,-91.47125,7.748000006675721,-46.882568359375,-46.88258361816406,True,-1.52587890625e-05,38.133799876170734,159.9557978536979,130.7114062420634,2702.7174090007843,926.5534666670516,wcl
2021-06-23 13:58:39,34006529,train,-86.96875,17.95799994945526,-51.373779296875,-51.373779296875,True,0.0,74.58210601851631,33.59050193673228,42.53657694094242,2788.9940498376627,931.1917999997479,wcl
2021-06-23 13:58:37,34006529,train,-92.77963917525771,11.5608247295022,-53.9945068359375,-53.9945068359375,True,0.0,104.13140763729656,33.59050193673228,70.98455873699187,2759.85874442419,928.2232666659996,wcl
2021-06-23 14:55:15,34006529,train,-91.708125,13.522999930381776,-51.75312805175781,-51.75312805175781,True,0.0,78.38593379119686,33.59050193673228,46.13597056570878,2782.783035117767,929.8930666665296,wcl
2021-06-23 14:55:13,34006529,train,-94.909375,10.55799997329712,-53.72162628173828,-53.72162628173828,True,0.0,100.66564237292238,33.59050193673228,67.59660992232935,2760.5363096663386,927.2956000000931,wcl
2021-06-22 10:10:13,34006529,train,-93.670625,10.624999980926514,-53.70780944824219,-53.70780944824219,True,0.0,100.49277469076674,33.59050193673228,67.66410873285989,2779.959846608734,932.3050000001012,wcl
2021-06-23 17:06:18,34006529,train,-93.843125,11.512000007629394,-53.392578125,-53.392578125,True,0.0,96.61717655067577,33.59050193673228,63.6439444667467,2777.1366580995805,932.1194666664453,wcl
2021-06-23 16:08:02,34006529,train,-94.06875,10.961000027656556,-54.95494842529297,-54.95500183105469,True,-5.340576171875e-05,117.16852127353502,33.59050193673228,83.81401329436474,2752.292599219876,924.8836666665215,wcl
2021-06-23 17:06:17,34006529,train,-93.72375,11.118000016212465,-54.30614471435547,-54.30614471435547,True,0.0,108.21494252265826,33.59050193673228,75.02249790018085,2765.956831603768,931.006266666883,wcl
2021-06-23 17:06:20,34006529,train,-91.80625,13.37600001335144,-51.266746520996094,-51.266746520996094,True,0.0,73.53434109873571,33.59050193673228,41.633814831210756,2799.722166171963,934.5314000000169,wcl
2021-06-23 16:08:04,34006529,train,-92.785,12.844999918937685,-53.053749084472656,-53.053749084472656,True,0.0,92.59226761241496,33.59050193673228,59.67955116255027,2775.5556725345273,927.2956000000931,wcl
2021-06-23 13:58:38,34006529,train,-89.924375,14.279000024572015,-52.75480651855469,-52.75480651855469,True,0.0,89.15706243733725,33.59050193673228,56.36998477811202,2774.5393246714248,929.7075333336647,wcl
2021-06-22 10:10:17,34006529,train,-88.659375,12.836999983787535,-50.233985900878906,-50.233985900878906,True,0.0,63.96080717217522,67.44723336612641,124.31190319827662,2825.356717834496,936.5722666670678,wcl
2021-06-22 10:10:22,34006529,train,-81.255,20.2839999961853,-45.912376403808594,-45.912376403808594,True,0.0,31.629694329020218,67.44723336612641,73.75076611634996,2882.8368358788553,942.3238000001174,wcl
2021-06-23 13:58:44,34006529,train,-80.744375,19.779999990463256,-44.819358825683594,-44.819358825683594,True,0.0,24.43580704278734,67.44723336612641,62.2391233490403,2858.783269781617,937.6854666666302,wcl
2021-06-23 13:58:43,34006529,train,-82.178125,18.67100006580353,-45.069252014160156,-45.069252014160156,True,0.0,26.087936076438616,67.44723336612641,77.15392161300193,2845.006109857528,936.3867333334119,wcl
2021-06-22 14:41:06,34006529,train,-82.340625,18.726000022888183,-45.607994079589844,-45.607994079589844,True,0.0,29.626744909179834,67.44723336612641,48.06586928095458,2859.460835023766,941.2105999997641,wcl
2021-06-23 14:55:25,34006529,train,-74.450625,22.85299997329712,-48.144752502441406,-48.144752502441406,True,0.0,47.10173000046322,67.44723336612641,27.502268477256926,2894.5813000763783,942.3238000001174,wcl
2021-06-23 14:55:19,34006529,train,-86.03875,17.55999990463257,-46.808921813964844,-46.808921813964844,True,0.0,37.63061300027116,67.44723336612641,95.5555683477183,2827.3894135609416,934.7169333336728,wcl
2021-06-22 17:25:18,34006529,train,-79.829375,20.956000061035155,-45.251670837402344,-45.251670837402344,True,0.0,27.287707734453665,67.44723336612641,59.63627665462251,2871.544081842604,937.4999333337653,wcl
2021-06-22 14:41:03,34006529,train,-85.1875,17.184000005722044,-45.7593994140625,-45.7593994140625,True,0.0,30.62189082019468,67.44723336612641,86.66443105904649,2824.6791525922267,937.4999333337653,wcl
2021-06-22 10:10:19,34006529,train,-87.524375,15.056999998092651,-48.21880340576172,-48.21880340576172,True,0.0,47.65179734003466,67.44723336612641,104.53629437052119,2847.6034432858037,939.540800000025,wcl
2021-06-23 14:55:20,34006529,train,-83.199375,18.705,-45.59937286376953,-45.59937286376953,True,0.0,29.57012353075965,67.44723336612641,84.02949652023008,2838.5692400568755,936.0156666668911,wcl
2021-06-22 15:57:41,34006529,train,-81.854375,17.818999977111815,-52.379615783691406,-52.379615783691406,True,0.0,84.99353285817465,67.44723336612641,148.82998413252497,2861.1547481292573,943.9935999998565,wcl
2021-06-22 17:25:20,34006529,train,-74.653125,22.610999984741213,-47.745018005371094,-47.745018005371094,True,0.0,44.1822033019044,67.44723336612641,33.184680536530045,2894.468372536181,940.4684666667225,wcl
2021-06-23 17:06:24,34006529,train,-82.56625,20.8320000076294,-45.95067596435547,-45.95067596435547,True,0.0,31.882453686282517,67.44723336612641,87.9260254900047,2845.3448924784816,938.6131333333276,wcl
2021-06-22 17:25:15,34006529,train,-89.094375,14.132000017166138,-47.880226135253906,-47.880226135253906,True,0.0,45.16050504598892,67.44723336612641,103.33855720464565,2835.746051547722,934.5314000000169,wcl
2021-06-23 13:58:42,34006529,train,-85.17625,17.349000067710875,-46.4400634765625,-46.4400634765625,True,0.0,35.13718165916266,67.44723336612641,92.27648882521682,2831.116022392879,935.4590666667144,wcl
2021-06-22 15:57:40,34006529,train,-85.23875,14.251000003814696,-53.671661376953125,-53.67170715332031,True,-4.57763671875e-05,100.04239050994155,67.44723336612641,164.24359413240387,2845.45782001892,942.3238000001174,wcl
2021-06-23 17:06:25,34006529,train,-79.855,22.406999912261963,-44.9349365234375,-44.9349365234375,True,0.0,25.201556430258186,67.44723336612641,75.81633486161634,2856.1859363533404,939.9118666665458,wcl
2021-06-22 17:25:17,34006529,train,-82.035625,19.000000009536745,-45.23450469970703,-45.23450469970703,True,0.0,27.17494394358784,67.44723336612641,73.73791032714853,2859.912545185399,936.7577999999327,wcl
2021-06-22 10:10:18,34006529,train,-89.841875,12.797000017166138,-49.24214172363281,-49.24214172363281,True,0.0,55.58641490877403,67.44723336612641,114.4813101772175,2836.3106892495525,937.871000000286,wcl
2021-06-23 16:08:09,34006529,train,-84.793125,19.56099996566773,-46.74299621582031,-46.74299621582031,True,0.0,37.1818988999309,67.44723336612641,94.46173250858604,2832.5840804176146,935.0880000001937,wcl
2021-06-23 17:06:22,34006529,train,-87.470625,17.520999965667723,-48.68537139892578,-48.68537139892578,True,0.0,51.18927522090772,67.44723336612641,111.63356083316822,2822.5335293253424,936.7577999999327,wcl
2021-06-22 15:57:51,34006529,train,-57.8475,22.86399990081787,-52.74163818359375,-52.74169921875,True,-6.103515625e-05,89.00912991375768,167.24215006130427,78.75558562012152,2975.7762015970225,955.1256000002261,wcl
2021-06-23 17:06:32,34006529,train,-62.755,25.379000072479247,-51.71427917480469,-51.714324951171875,True,-4.57763671875e-05,77.99028422913975,167.24215006130427,90.89608844936039,2928.6854172658886,946.591066667084,wcl
2021-06-23 16:08:17,34006529,train,-63.195625,26.82499994277954,-50.99127960205078,-50.99131774902344,True,-3.814697265625e-05,70.88811063258494,167.24215006130427,98.40252275129605,2916.0375327453407,943.4369999996798,wcl
2021-06-22 15:57:52,34006529,train,-66.9375,5.784374993216868,-54.00312805175781,-54.003173828125,True,-4.57763671875e-05,104.24329119879017,167.24215006130427,63.234620308783086,2982.6647815591873,956.6098666671002,wcl
2021-06-22 14:41:11,34006529,train,-64.710625,17.981999950408934,-52.11090087890625,-52.11094665527344,True,-4.57763671875e-05,82.10848716346432,167.24215006130427,86.57259105954256,2913.10141669599,946.7765999999489,wcl
2021-06-22 14:41:12,34006529,train,-58.595625,17.858000059127807,-53.08635711669922,-53.086395263671875,True,-3.814697265625e-05,92.97386547325381,167.24215006130427,75.3385061544061,2924.2812431919233,948.0753333331671,wcl
2021-06-22 15:57:45,34006529,train,-79.785,17.821000032424926,-45.01197052001953,-45.01197052001953,True,0.0,25.710335476755937,167.24215006130427,181.49483537671605,2917.166808149122,948.6319333333438,wcl
2021-06-22 17:25:21,34006529,train,-73.31875,21.78699991226196,-49.26111602783203,-49.261131286621094,True,-1.52587890625e-05,55.74019968804281,167.24215006130427,116.51994625296659,2906.099909193507,941.9527333335966,wcl
2021-06-23 17:06:31,34006529,train,-67.98,23.48800004005432,-50.591949462890625,-50.59196472167969,True,-1.52587890625e-05,67.17357290166834,167.24215006130427,102.38946169569141,2918.183156012225,945.6634000003864,wcl
2021-06-22 15:57:50,34006529,train,-63.888125,24.081999988555907,-51.24815368652344,-51.24818420410156,True,-3.0517578125e-05,73.35399206278996,167.24215006130427,94.85354659577551,2967.9842013121934,954.3834666663935,wcl
2021-06-22 10:10:30,34006529,train,-68.005,19.174999990463256,-52.92375183105469,-52.92375183105469,True,0.0,91.08541657635436,167.24215006130427,80.70369142056663,2973.630578330138,951.785999999957,wcl
2021-06-22 17:25:25,34006529,train,-72.238125,12.382000044733283,-54.1605224609375,-54.1605224609375,True,0.0,106.28990869142109,167.24215006130427,62.376838704079454,2953.3036210649584,949.1885333335205,wcl
2021-06-23 14:55:30,34006529,train,-118.870625,19.848999976664786,-53.58583068847656,-53.58583068847656,True,0.0,98.97795354089668,167.24215006130427,69.43005701227666,2952.1743456611766,948.0753333331671,wcl
2021-06-22 11:26:17,34006529,train,-62.440625,20.75400005340576,-51.34318542480469,-51.343231201171875,True,-4.57763671875e-05,74.2820793196222,167.24215006130427,96.72317942901873,2950.819215177,947.3332000001255,wcl
2021-06-22 11:26:16,34006529,train,-67.93375,18.56599995613098,-50.013671875,-50.013694763183594,True,-2.288818359375e-05,62.036232957883264,167.24215006130427,110.09932976579887,2937.380837873864,946.0344666669073,wcl
2021-06-22 15:57:46,34006529,train,-76.150625,20.303000030517577,-44.170501708984375,-44.170501708984375,True,0.0,20.037828547870415,167.24215006130427,163.7710699424147,2929.25005496772,949.7451333336971,wcl
2021-06-22 11:26:15,34006529,train,-71.240625,18.261999988555907,-48.601905822753906,-48.60192108154297,True,-1.52587890625e-05,50.54719309528932,167.24215006130427,123.52799657084394,2923.8295330304104,944.735733333689,wcl
2021-06-22 11:26:20,34006528,train,-59.82013888888889,10.59000005722046,-53.86119079589844,-53.86119079589844,True,0.0,102.42575019424552,57.16375343342898,56.1706903177911,2989.8921441423067,951.4149333334362,wcl
2021-06-22 15:57:53,34006528,train,-65.7139423076923,15.767307769363889,-53.55859375,-53.55859375,True,0.0,98.64234951753956,57.16375343342898,48.30493724954435,2988.4240861176913,957.7230666666626,wcl
2021-06-23 16:08:22,34006528,train,-63.64375,22.710999994277955,-53.379974365234375,-53.379974365234375,True,0.0,96.46490200585687,57.16375343342898,47.840905178985,2967.871273771634,946.9621333336047,wcl
2021-06-22 15:58:05,34006528,train,-76.570625,23.683999881744384,-48.39027404785156,-48.39027404785156,True,0.0,48.937228190274105,68.40655787407218,48.90024834507664,3024.109188872135,959.5784000000574,wcl
2021-06-23 14:55:41,34006528,train,-81.828125,15.226000032424928,-48.053688049316406,-48.053688049316406,True,0.0,46.42936389957704,68.40655787407218,42.61156541517816,3071.0870456629505,960.1350000002342,wcl
2021-06-22 17:25:36,34006528,train,-84.955,16.338000068664552,-48.36045837402344,-48.36045837402344,True,0.0,48.712588836923715,68.40655787407218,33.56950517364831,3081.8151619973714,960.1350000002342,wcl
2021-06-22 17:25:32,34006528,train,-75.585,22.026000137329103,-47.690284729003906,-47.690284729003906,True,0.0,43.78870166302302,68.40655787407218,79.07976801090192,3038.5639140384937,958.65073333336,wcl
2021-06-23 17:06:41,34006528,train,-75.3725,23.29199987411499,-49.011260986328125,-49.011260986328125,True,0.0,53.738513240004885,68.40655787407218,93.88385333524218,3016.994753829334,951.9715333336128,wcl
2021-06-22 15:58:02,34006528,train,-78.435,21.19899998664856,-48.13938903808594,-48.13938903808594,True,0.0,47.062030425656474,68.40655787407218,61.14385570519511,3021.850638064933,960.1350000002342,wcl
2021-06-23 13:58:55,34006528,train,-76.86625,19.66399998188019,-49.570404052734375,-49.570404052734375,True,0.0,58.27731327970517,68.40655787407218,101.21393030598955,3007.960550600285,954.5690000000493,wcl
2021-06-22 15:58:09,34006528,train,-78.005625,19.977000002861026,-48.52642822265625,-48.52642822265625,True,0.0,49.96993384948729,68.40655787407218,43.902865110582034,3047.14640710603,962.7324666666707,wcl
2021-06-22 15:57:59,34006528,train,-75.736875,23.16100011825561,-48.52552795410156,-48.52552795410156,True,0.0,49.9630296231448,68.40655787407218,77.7888377609073,3014.284492860619,960.3205333323081,wcl
2021-06-22 14:41:22,34006528,train,-79.980625,20.72500002861023,-47.81867218017578,-47.81867218017578,True,0.0,44.71402836260947,68.40655787407218,72.21134336779843,3040.822464845816,960.3205333323081,wcl
2021-06-22 10:10:43,34006528,train,-83.938125,12.269999980926514,-47.91502380371094,-47.91502380371094,True,0.0,45.413811886188554,68.40655787407218,33.12929468114069,3093.7854812757714,962.3614000001498,wcl
2021-06-22 15:58:10,34006528,train,-76.243125,21.73500005722046,-48.71685791015625,-48.71685791015625,True,0.0,51.432728892762846,68.40655787407218,40.59916938837949,3056.0676827946413,963.6601333333681,wcl
2021-06-22 17:25:34,34006528,train,-83.359375,18.011999921798704,-47.19233703613281,-47.19233703613281,True,0.0,40.27086809156953,68.40655787407218,56.212271815533285,3061.3752771917525,960.1350000002342,wcl
2021-06-23 17:06:45,34006528,train,-80.236875,21.16700004577637,-47.59214782714844,-47.59214782714844,True,0.0,43.08652328819567,68.40655787407218,59.21723642346017,3049.5178854536707,954.0123999998727,wcl
2021-06-22 15:57:56,34006528,train,-69.515,26.32100004196167,-50.36254119873047,-50.36254119873047,True,0.0,65.10233281975285,68.40655787407218,106.94228258106021,3000.50733293653,959.2073333335367,wcl
2021-06-22 17:25:30,34006528,train,-74.285625,20.755000133514404,-49.412010192871094,-49.412010192871094,True,0.0,56.9692945098475,68.40655787407218,101.69110774218875,3013.6069276184703,956.0532666669235,wcl
2021-06-23 16:08:28,34006528,train,-76.743125,21.46800003051758,-48.458648681640625,-48.458648681640625,True,0.0,49.45445847366216,68.40655787407218,85.55959752049527,3026.3677396793373,952.7136666666545,wcl
2021-06-22 10:10:35,34006528,train,-74.18625,20.243999977111816,-51.06848907470703,-51.06848907470703,True,0.0,71.62247277127867,68.40655787407218,123.26463740784548,3030.207276051713,956.6098666671002,wcl
2021-06-22 11:26:21,34006528,train,-64.81648936170212,21.304255272479768,-52.836334228515625,-52.836334228515625,True,0.0,90.08357287255885,68.40655787407218,142.1876789943036,3002.0883185014627,952.7136666666545,wcl
2021-06-22 14:41:26,34006528,train,-80.813125,13.875999948978423,-49.247962951660156,-49.247962951660156,True,0.0,55.63358800821474,68.40655787407218,28.379360109233392,3089.268379661367,963.2890666660563,wcl
2021-06-22 17:25:31,34006528,train,-73.13,21.621000003814697,-48.45860290527344,-48.45860290527344,True,0.0,49.454069038681205,68.40655787407218,90.38017313343362,3026.3677396793373,957.3520000001417,wcl
2021-06-22 10:10:40,34006528,train,-81.725625,13.500999984741211,-46.55260467529297,-46.55260467529297,True,0.0,35.893823186406905,68.40655787407218,65.59042690736368,3074.2490167930578,961.8047999999732,wcl
2021-06-23 17:06:40,34006528,train,-73.695,22.006999998092653,-49.79041290283203,-49.79041290283203,True,0.0,60.12441362881567,68.40655787407218,103.47317865949914,3008.299333221359,951.9715333336128,wcl
2021-06-22 17:25:33,34006528,train,-79.49125,19.89499991416931,-47.20832061767578,-47.20832061767578,True,0.0,40.3821702872617,68.40655787407218,67.6851670906095,3050.195450695819,959.3928666664016,wcl
2021-06-22 17:25:37,34006528,train,-82.5075,16.360999975204468,-49.30059051513672,-49.30059051513672,True,0.0,56.06005531972619,68.40655787407218,22.867023323619375,3091.1881478473747,959.9494666665782,wcl
2021-06-23 17:06:43,34006528,train,-76.47125,22.826000022888184,-47.89302062988281,-47.89302062988281,True,0.0,45.253682165275016,68.40655787407218,75.88351485069717,3033.4821747222586,953.455799999696,wcl
2021-06-22 17:25:40,34006528,train,-87.375625,11.74699998497963,-52.05491638183594,-52.05491638183594,True,0.0,81.51665193687671,161.52776731497192,91.0303839036358,3113.7736559197565,961.4337333334524,wcl
2021-06-23 17:06:52,34006528,train,-88.77,13.20400003194809,-51.16142272949219,-51.16142272949219,True,0.0,72.51406795391381,161.52776731497192,104.00823531492549,3109.7082644668653,959.0217999998808,wcl
2021-06-23 14:55:46,34006528,train,-87.574375,11.387999992370606,-52.21564483642578,-52.21564483642578,True,0.0,83.22337370617475,161.52776731497192,90.32111682731085,3105.9816556349274,961.4337333334524,wcl
2021-06-23 14:56:06,34006528,train,-88.811875,11.69900001525879,-54.537689208984375,-54.537689208984375,True,0.0,111.33858819564244,161.52776731497192,59.33178912690715,3113.321945758485,961.4337333334524,wcl
2021-06-23 16:08:42,34006528,train,-93.71971649484536,7.41443302758883,-55.37483215332031,-55.37483215332031,True,0.0,123.30555478947167,161.52776731497192,46.20618233147904,3163.348846138969,968.8550666670321,wcl
2021-06-22 17:25:39,34006528,train,-85.26125,15.271000003814695,-51.21302795410156,-51.21302795410156,True,0.0,73.01261737586945,161.52776731497192,100.71011160925448,3107.6755687401787,959.9494666665782,wcl
2021-06-22 10:10:47,34006528,train,-88.335,5.923999994769693,-51.128021240234375,-51.128021240234375,True,0.0,72.19276120704941,161.52776731497192,99.39201879080403,3104.4006700697537,963.845666667024,wcl
2021-06-23 14:56:01,34006528,train,-91.541875,10.252000024318695,-54.537689208984375,-54.537689208984375,True,0.0,111.33858819564244,161.52776731497192,59.33178912690715,3113.321945758485,961.6192666671083,wcl
2021-06-23 14:56:19,34006528,train,-94.54125,8.013000042662025,-54.743614196777344,-54.743614196777344,True,0.0,114.18257640371554,161.52776731497192,56.097581524156894,3131.6162072970988,963.2890666660563,wcl
2021-06-23 14:56:08,34006528,train,-90.64,12.407999987602231,-54.537689208984375,-54.537689208984375,True,0.0,111.33858819564244,161.52776731497192,59.33178912690715,3113.321945758485,961.4337333334524,wcl
2021-06-22 10:10:46,34006528,train,-83.676875,8.64499999642372,-50.43994140625,-50.43994140625,True,0.0,65.79599121303025,161.52776731497192,106.4371631274309,3103.271394666213,963.1035333331914,wcl
2021-06-23 13:59:03,34006528,train,-83.25625,16.713000078201294,-51.88548278808594,-51.88548278808594,True,0.0,79.74725805369282,161.52776731497192,94.9619424844809,3115.580496565687,962.3614000001498,wcl
2021-06-22 17:25:41,34006528,train,-86.474375,12.23300000190735,-52.77946472167969,-52.77946472167969,True,0.0,89.43649525934242,161.52776731497192,82.1379646485753,3118.4036850748403,961.990333333629,wcl
2021-06-23 14:56:10,34006528,train,-89.62875,11.593999979496004,-54.537689208984375,-54.537689208984375,True,0.0,111.33858819564244,161.52776731497192,59.33178912690715,3113.321945758485,961.4337333334524,wcl
2021-06-23 14:56:03,34006528,train,-91.11625,8.838000023961067,-54.537689208984375,-54.537689208984375,True,0.0,111.33858819564244,161.52776731497192,59.33178912690715,3113.321945758485,961.4337333334524,wcl
2021-06-23 14:56:18,34006528,train,-93.521875,10.623000022172928,-54.567108154296875,-54.567108154296875,True,0.0,111.74103871101372,161.52776731497192,58.89099751970893,3126.19568535979,962.9180000003265,wcl
2021-06-23 14:56:16,34006528,train,-91.836875,10.654000008106232,-54.537689208984375,-54.537689208984375,True,0.0,111.33858819564244,161.52776731497192,59.33178912690715,3116.8226995095456,961.8047999999732,wcl
2021-06-22 11:26:31,34006528,train,-83.0775,10.522000012397768,-49.941497802734375,-49.941497802734375,True,0.0,61.413838153679656,161.52776731497192,113.95872932085386,3112.6443805162157,961.4337333334524,wcl
2021-06-23 14:56:11,34006528,train,-91.451875,11.901000022888184,-54.537689208984375,-54.537689208984375,True,0.0,111.33858819564244,161.52776731497192,59.33178912690715,3113.4348732988033,961.6192666671083,wcl
2021-06-23 14:55:53,34006528,train,-89.20625,10.30000005185604,-54.57940673828125,-54.57940673828125,True,0.0,111.90972666039937,161.52776731497192,58.9735038615887,3113.4348732988033,961.6192666671083,wcl
2021-06-22 11:26:34,34006528,train,-88.518125,0.2209999936819076,-53.047454833984375,-53.047454833984375,True,0.0,92.51879222715527,161.52776731497192,77.87816369989602,3145.054584600234,965.1444000002423,wcl
2021-06-22 10:10:55,34006785,train,-92.38125,-4.84100000500679,-47.645233154296875,-47.645233154296875,True,0.0,43.46566353892041,22.591976458629407,65.64019057144442,3105.9816556349274,964.2167333335448,wcl
2021-06-22 10:11:12,34006785,train,-90.780625,0.4779999998211861,-46.843345642089844,-46.843345642089844,True,0.0,37.865356863706985,22.591976458629407,60.123939018931594,3106.0945831752456,964.2167333335448,wcl
2021-06-22 10:11:11,34006785,train,-90.16375,-0.2580000000447034,-46.84580993652344,-46.84580993652344,True,0.0,37.88217110020068,22.591976458629407,60.155492071886,3106.0945831752456,964.2167333335448,wcl
2021-06-22 10:11:07,34006785,train,-90.20375,-0.8630000007152557,-46.85978698730469,-46.85978698730469,True,0.0,37.97784564021086,22.591976458629407,60.235253568330364,3106.0945831752456,964.2167333335448,wcl
2021-06-22 10:11:06,34006785,train,-89.97125,-1.1220000023394825,-46.843345642089844,-46.843345642089844,True,0.0,37.865356863706985,22.591976458629407,60.123939018931594,3106.0945831752456,964.2167333335448,wcl
2021-06-23 16:08:45,34006785,train,-84.706875,9.864999971389771,-43.29676818847656,-43.29676818847656,True,0.0,13.428450715792014,22.591976458629407,19.459221900372075,3194.178064657934,972.7512666666869,wcl
2021-06-22 10:11:09,34006785,train,-89.864375,0.8229999968409538,-46.86224365234375,-46.86224365234375,True,0.0,37.99461009565279,22.591976458629407,60.2667483418476,3106.0945831752456,964.2167333335448,wcl
2021-06-22 10:11:05,34006785,train,-89.810625,-2.364000000655651,-46.843345642089844,-46.843345642089844,True,0.0,37.865356863706985,22.591976458629407,60.123939018931594,3106.0945831752456,964.2167333335448,wcl
2021-06-22 10:10:57,34006785,train,-93.35,-1.6780000074207784,-47.24479675292969,-47.24479675292969,True,0.0,40.63639643394942,22.591976458629407,62.82125734446587,3105.9816556349274,964.2167333335448,wcl
2021-06-22 10:10:56,34006785,train,-96.76875,-6.084000009298324,-47.40546417236328,-47.40546417236328,True,0.0,41.76309204262364,22.591976458629407,63.93756109250173,3105.9816556349274,964.2167333335448,wcl
2021-06-22 10:10:58,34006785,train,-91.804375,-1.6759999925643203,-47.11714172363281,-47.11714172363281,True,0.0,39.748570810218176,22.591976458629407,61.95752032844748,3105.9816556349274,964.2167333335448,wcl
2021-06-22 10:11:10,34006785,train,-89.873125,-0.5639999994635582,-46.86224365234375,-46.86224365234375,True,0.0,37.99461009565279,22.591976458629407,60.2667483418476,3106.0945831752456,964.2167333335448,wcl
2021-06-22 10:10:54,34006785,train,-94.15375,-3.5340000186115503,-47.989356994628906,-47.989356994628906,True,0.0,45.956942367427004,22.591976458629407,68.12480939143953,3105.9816556349274,964.2167333335448,wcl
2021-06-22 10:11:16,34006785,train,-89.179375,-0.4249999962002039,-46.829315185546875,-46.829315185546875,True,0.0,37.769735019945806,22.591976458629407,60.04424204197205,3106.43336579632,964.2167333335448,wcl
2021-06-22 10:11:26,34006785,train,-88.7675,-0.8299999976903201,-42.875831604003906,-42.875831604003906,True,0.0,9.414382041658014,22.591976458629407,31.59693757185511,3164.365194002192,971.8235999999894,wcl
2021-06-22 10:11:13,34006785,train,-90.774375,0.378000004813075,-46.84580993652344,-46.84580993652344,True,0.0,37.88217110020068,22.591976458629407,60.155492071886,3106.0945831752456,964.2167333335448,wcl
2021-06-22 10:11:24,34006785,train,-90.534375,-1.2810000123828649,-44.12934112548828,-44.12934112548828,True,0.0,19.75006645490746,22.591976458629407,42.317356073048316,3143.5865265754987,968.2984666668553,wcl
2021-06-23 16:08:43,34006785,train,-86.74875,10.079999961853026,-43.306495666503906,-43.306495666503906,True,0.0,13.510890123391686,22.591976458629407,35.913843117731446,3173.512324771559,970.1538000002504,wcl
2021-06-22 10:10:59,34006785,train,-91.96625,-2.0350000097602607,-47.019371032714844,-47.019371032714844,True,0.0,39.07293054262451,22.591976458629407,61.28851461408617,3105.9816556349274,964.2167333335448,wcl
2021-06-22 10:11:01,34006785,train,-90.064375,-1.4830000038444997,-46.895111083984375,-46.895111083984375,True,0.0,38.219496728637665,22.591976458629407,60.48927946359593,3106.0945831752456,964.2167333335448,wcl
2021-06-22 10:11:03,34006785,train,-90.13125,0.443000003695488,-46.82685089111328,-46.82685089111328,True,0.0,37.752870707112095,22.591976458629407,60.01263049672451,3106.0945831752456,964.2167333335448,wcl
2021-06-22 10:11:23,34006785,train,-91.239375,-3.720999992638826,-44.80662536621094,-44.80662536621094,True,0.0,24.35121357028963,22.591976458629407,46.856534289285186,3135.1169610484008,966.8141999999813,wcl
2021-06-23 16:08:49,34006785,train,-78.68880208333333,8.496875004842877,-48.87532043457031,-48.875335693359375,True,-1.52587890625e-05,52.667252046037,121.73557477955568,74.56009076985627,3235.848327051638,976.8329999999975,wcl
2021-06-23 16:08:46,34006785,train,-83.105625,12.274000015258787,-44.60624694824219,-44.60625457763672,True,-7.62939453125e-06,23.01364760378138,121.73557477955568,102.58724806985778,3204.5673983712804,973.8644666670402,wcl
2021-06-23 13:59:11,34006785,train,-85.76,3.158000011742115,-46.63127136230469,-46.63127136230469,True,0.0,36.42473859383436,121.73557477955568,90.64921837711466,3224.32971793463,977.0185333336533,wcl
2021-06-23 16:08:47,34006785,train,-83.234375,9.780000026226045,-46.12428283691406,-46.124290466308594,True,-7.62939453125e-06,33.03163612280226,121.73557477955568,92.95248459565576,3214.9567320845067,974.7921333337376,wcl
2021-06-23 13:59:23,34006785,train,-61.404375,19.84300006866455,-59.10706329345703,-59.10706329345703,True,0.0,192.39010133974358,221.64995586173782,48.331709912139566,3370.9096653250213,990.5624666660126,wcl
2021-06-23 16:09:05,34006785,train,-58.546875,24.42199996948242,-59.673126220703125,-59.67323303222656,True,-0.0001068115234375,205.62330586470313,221.64995586173782,43.40468259477138,3373.3940712129797,991.6756666663659,wcl
2021-06-23 14:56:41,34006785,train,-64.975,18.98799997329712,-58.13727569580078,-58.13727569580078,True,0.0,171.59240867241908,221.64995586173782,63.30653405706421,3349.905142817452,989.2637333335853,wcl
2021-06-22 10:11:43,34006785,train,-63.935993975903614,17.53734939428697,-58.707794189453125,-58.707794189453125,True,0.0,183.55213947609397,221.64995586173782,54.440895684603134,3392.3658979938627,993.15993333324,wcl
2021-06-23 16:09:04,34006785,train,-59.2625,24.17800001144409,-59.4124755859375,-59.412574768066406,True,-9.918212890625e-05,199.4259905750231,221.64995586173782,45.39415996499905,3368.876969598335,991.3045999998451,wcl
2021-06-23 13:59:24,34006785,train,-56.56625,23.804000005722045,-59.6416015625,-59.64171600341797,True,-0.00011444091796875,204.86415437812468,221.64995586173782,42.48387532211066,3382.0894918208346,991.490133333501,wcl
2021-06-23 14:56:40,34006785,train,-72.04231770833333,13.999999977648258,-57.559967041015625,-57.559967041015625,True,0.0,160.24288712939966,221.64995586173782,72.30226986985056,3338.2736061602463,988.1505333332319,wcl
2021-06-23 14:56:45,34006785,train,-60.84278350515464,10.724742235289408,-60.208160400390625,-60.208282470703125,True,-0.0001220703125,218.93128919590012,221.64995586173782,40.523397997856755,3395.7537242047265,994.0875999999375,wcl
2021-06-23 14:56:42,34006785,train,-61.57,22.548999977111816,-58.69512939453125,-58.69512939453125,True,0.0,183.2783117028253,221.64995586173782,54.94103711572767,3361.4237519345797,990.5624666660126,wcl
2021-06-22 15:58:36,34006785,train,-61.793125,13.83800003990531,-60.08934020996094,-60.08946228027344,True,-0.0001220703125,215.90612438969322,221.64995586173782,45.72740581669987,3395.8666517450442,993.5309999997608,wcl
2021-06-22 14:41:47,34006785,train,-67.92527173913044,9.705434818468664,-58.59722900390625,-58.59722900390625,True,0.0,181.17412793883963,221.64995586173782,55.53939904674017,3382.428274441909,993.15993333324,wcl
2021-06-22 15:58:34,34006785,train,-65.194375,15.883999972343444,-59.050148010253906,-59.050148010253906,True,0.0,191.10573934483844,221.64995586173782,54.5655541163052,3373.9587089148104,991.3045999998451,wcl
2021-06-23 16:09:06,34006785,train,-55.821875,23.260999975204463,-59.87773132324219,-59.877845764160156,True,-0.00011444091796875,210.61780216122074,221.64995586173782,42.05719180417484,3377.57239020643,991.8612000000218,wcl
2021-06-22 17:26:37,34006785,train,-63.13530927835052,16.895876328201638,-58.914527893066406,-58.914527893066406,True,0.0,188.0787661108765,221.64995586173782,52.054995326894776,3377.9111728275043,991.490133333501,wcl
2021-06-22 17:26:38,34006785,train,-59.019375,23.71800001144409,-59.47911071777344,-59.479217529296875,True,-0.0001068115234375,200.99310007700382,221.64995586173782,45.251877679798014,3390.78491242893,992.7888666667193,wcl
2021-06-23 13:59:25,34006785,train,-62.9175,14.349999968633057,-60.11399841308594,-60.11412811279297,True,-0.00012969970703125,216.53067977868494,221.64995586173782,39.77922989068771,3393.495173397524,992.6033333322723,wcl
2021-06-23 13:59:21,34006785,train,-72.90786082474227,10.859793799746896,-57.898597717285156,-57.898597717285156,True,0.0,166.81096945390644,221.64995586173782,66.5096830307517,3348.550012333275,988.1505333332319,wcl
2021-06-23 16:09:07,34006785,train,-55.821875,19.88900003433228,-60.054466247558594,-60.054588317871094,True,-0.0001220703125,215.0259256660525,221.64995586173782,41.215147433643075,3381.2989990384885,992.2322666665425,wcl
2021-06-23 16:09:02,34006785,train,-61.584375,22.724000129699707,-58.690940856933594,-58.690940856933594,True,0.0,183.18785592857273,221.64995586173782,54.569258187544804,3358.487635885109,989.634800000106,wcl
2021-06-22 17:26:39,34006785,train,-59.564375,15.421999944746494,-60.01898193359375,-60.01908874511719,True,-0.0001068115234375,214.13351382556263,321.6175612433373,117.1430554940919,3403.884507110871,994.0875999999375,wcl
2021-06-22 14:41:49,34006785,train,-60.66125,16.991999947428702,-59.911407470703125,-59.91151428222656,True,-0.0001068115234375,211.4507749627493,321.6175612433373,118.98862107801666,3408.288681184957,995.7573999996765,wcl
2021-06-22 11:26:58,34006785,train,-58.67,14.468999987617137,-60.13761901855469,-60.13774108886719,True,-0.0001220703125,217.13039993103342,321.6175612433373,112.78640394343849,3403.884507110871,993.5309999997608,wcl
2021-06-23 13:59:26,34006785,train,-71.97666666666667,-1.5733333780368168,-60.512123107910156,-60.51225280761719,True,-0.00012969970703125,226.85860964986225,321.6175612433373,105.14356667195652,3404.900854974094,993.7165333334167,wcl
2021-06-22 10:11:44,34006785,train,-60.658125,24.326999988555908,-59.297515869140625,-59.29762268066406,True,-0.0001068115234375,196.74989992710854,321.6175612433373,132.90372349329456,3406.481840539027,994.6442000001141,wcl
2021-06-23 14:56:22,30828289,train,-88.42268041237114,7.021649478713877,-53.081268310546875,-53.081268310546875,True,0.0,92.9138334445845,54.57908796215735,40.79596722494488,3150.588034077982,966.0720666669397,wcl
2021-06-22 17:26:10,30828289,train,-90.856875,2.246999996602536,-53.67338562011719,-53.67338562011719,True,0.0,100.06328953154059,54.57908796215735,48.8354642233105,3122.1302939066572,962.9180000003265,wcl
2021-06-22 11:26:38,30828289,train,-89.839375,4.633000003248453,-52.44212341308594,-52.44212341308594,True,0.0,85.67611915930873,54.57908796215735,33.0829742865807,3187.2894846956488,972.0091333336452,wcl
2021-06-22 17:26:06,30828289,train,-91.341875,-1.548999993354082,-53.67338562011719,-53.67338562011719,True,0.0,100.06328953154059,54.57908796215735,48.8354642233105,3122.243221447096,962.9180000003265,wcl
2021-06-22 17:25:51,30828289,train,-95.668125,-0.193999992981553,-53.59673309326172,-53.59673309326172,True,0.0,99.11258375022044,54.57908796215735,48.063339040023585,3122.243221447096,962.9180000003265,wcl
2021-06-22 17:25:46,30828289,train,-83.5375,6.057000012099743,-54.08827209472656,-54.08827209472656,True,0.0,105.3459805674913,54.57908796215735,55.343596367507736,3122.356148987414,962.9180000003265,wcl
2021-06-22 17:25:55,30828289,train,-91.863125,1.0060000015050172,-53.651695251464844,-53.651695251464844,True,0.0,99.79346667837085,54.57908796215735,48.765513086879935,3122.243221447096,962.9180000003265,wcl
2021-06-22 17:26:03,30828289,train,-91.403125,-0.585999992415309,-53.66645050048828,-53.66645050048828,True,0.0,99.97680559503914,54.57908796215735,48.85384643736379,3122.243221447096,962.9180000003265,wcl
2021-06-22 17:25:58,30828289,train,-91.833125,0.7070000011473894,-53.65906524658203,-53.65906524658203,True,0.0,99.8850058905688,54.57908796215735,48.80934712293875,3122.243221447096,962.9180000003265,wcl
2021-06-23 14:56:26,30828289,train,-81.451875,12.33999999523163,-51.09379577636719,-51.09379577636719,True,0.0,71.86449413504174,54.57908796215735,18.116868721976264,3184.2404411058596,971.8235999999894,wcl
2021-06-22 17:25:52,30828289,train,-94.458125,0.8780000019073486,-53.62794494628906,-53.62794494628906,True,0.0,99.49879463294543,54.57908796215735,48.43623918961879,3122.243221447096,962.9180000003265,wcl
2021-06-22 14:41:34,30828289,train,-89.060625,3.154999998211861,-52.263755798339844,-52.263755798339844,True,0.0,83.73956779931837,54.57908796215735,29.656575485596473,3193.274644335029,974.7921333337376,wcl
2021-06-22 17:25:50,30828289,train,-95.78,0.3350000005960464,-53.573394775390625,-53.573394775390625,True,0.0,98.82455931503057,54.57908796215735,47.80050601082199,3122.243221447096,962.9180000003265,wcl
2021-06-23 14:56:23,30828289,train,-88.08125,7.165999987497925,-52.599090576171875,-52.599090576171875,True,0.0,87.40954860909304,54.57908796215735,34.379734767816124,3158.041251741978,967.5563333330228,wcl
2021-06-22 17:26:12,30828289,train,-90.35875,0.8489999908953905,-53.67338562011719,-53.67338562011719,True,0.0,100.06328953154059,54.57908796215735,48.8354642233105,3122.1302939066572,962.9180000003265,wcl
2021-06-22 17:25:56,30828289,train,-91.395,1.4979999957233667,-53.651695251464844,-53.651695251464844,True,0.0,99.79346667837085,54.57908796215735,48.765513086879935,3122.243221447096,962.9180000003265,wcl
2021-06-22 17:26:17,30828289,train,-85.960625,3.563999997153878,-53.63368225097656,-53.63368225097656,True,0.0,99.56980749832812,54.57908796215735,48.226814388970496,3134.665250886888,964.2167333335448,wcl
2021-06-22 17:25:49,30828289,train,-91.365,-0.4140000028908253,-53.628501892089844,-53.628501892089844,True,0.0,99.50552924040838,54.57908796215735,48.50262027428437,3122.243221447096,962.9180000003265,wcl
2021-06-22 17:26:09,30828289,train,-90.963125,1.2689999962598086,-53.67338562011719,-53.67338562011719,True,0.0,100.06328953154059,54.57908796215735,48.8354642233105,3122.243221447096,962.9180000003265,wcl
2021-06-22 11:26:37,30828289,train,-90.521875,3.030000015497208,-53.236480712890625,-53.236480712890625,True,0.0,94.74534445234914,54.57908796215735,43.58808677690382,3176.5613683613483,970.5248666659802,wcl
2021-06-23 17:06:58,30828289,train,-83.91625,10.768000001907348,-53.33293151855469,-53.33293151855469,True,0.0,95.89819516721946,54.57908796215735,43.77243760902704,3159.9610199281055,967.5563333330228,wcl
2021-06-22 17:26:04,30828289,train,-91.05875,2.13199999794364,-53.67384338378906,-53.67384338378906,True,0.0,100.06886507566374,54.57908796215735,48.899009214274386,3122.243221447096,962.9180000003265,wcl
2021-06-22 17:26:15,30828289,train,-90.16875,1.516000004261732,-53.67338562011719,-53.67338562011719,True,0.0,100.06328953154059,54.57908796215735,48.8354642233105,3124.7276273350544,963.1035333331914,wcl
2021-06-22 17:26:22,30828289,train,-83.34875,5.7780000274628405,-51.779624938964844,-51.779624938964844,True,0.0,78.65714966474987,54.57908796215735,24.234174461145066,3179.2716293300628,971.6380666663335,wcl
2021-06-22 17:26:20,30828289,train,-87.4475,5.162999986857176,-52.708892822265625,-52.708892822265625,True,0.0,88.63901124010766,54.57908796215735,35.671218841637085,3157.702469120783,968.4839999997203,wcl
2021-06-22 17:26:14,30828289,train,-93.17,-1.334999992325902,-53.67338562011719,-53.67338562011719,True,0.0,100.06328953154059,54.57908796215735,48.8354642233105,3122.356148987414,962.9180000003265,wcl
2021-06-22 17:25:57,30828289,train,-91.466875,1.5979999935626985,-53.65906524658203,-53.65906524658203,True,0.0,99.8850058905688,54.57908796215735,48.80934712293875,3122.243221447096,962.9180000003265,wcl
2021-06-22 17:25:45,30828289,train,-80.31125,9.82899998664856,-54.33800506591797,-54.33800506591797,True,0.0,108.64038706225334,54.57908796215735,58.853750209999546,3122.6949316084883,962.9180000003265,wcl
2021-06-22 17:26:21,30828289,train,-84.796875,9.766000007614494,-52.27428436279297,-52.27428436279297,True,0.0,83.85298099352491,54.57908796215735,30.14540451553381,3167.978875293691,969.9682666665944,wcl
2021-06-22 11:26:45,30828289,train,-71.136875,8.022000001072884,-49.94062805175781,-49.94065856933594,True,-3.0517578125e-05,61.40650331393401,71.35723684567874,55.99248926299615,3263.741429521252,979.8015333337457,wcl
2021-06-23 13:59:16,30828289,train,-77.38337628865979,7.1515464015381855,-51.4617919921875,-51.461822509765625,True,-3.0517578125e-05,75.45225881979542,71.35723684567874,34.73589787257414,3290.392329046647,982.2134666665263,wcl
2021-06-23 14:56:31,30828289,train,-70.923125,20.458999967575075,-49.92106628417969,-49.92109680175781,True,-3.0517578125e-05,61.23860011554834,71.35723684567874,66.12153078659767,3234.380269026902,977.2040666665182,wcl
2021-06-23 13:59:12,30828289,train,-75.64432989690722,12.82989691804672,-50.084571838378906,-50.0845947265625,True,-2.288818359375e-05,62.651403853692116,71.35723684567874,78.23352032537335,3238.2198053991583,977.760666666695,wcl
2021-06-22 10:11:35,30828289,train,-75.21625,6.228000002354383,-50.21788787841797,-50.21791076660156,True,-2.288818359375e-05,63.81917504388945,71.35723684567874,52.96372947115077,3279.8900677929823,981.8424000000056,wcl
2021-06-23 14:56:29,30828289,train,-76.795625,11.348999991416932,-50.032798767089844,-50.032814025878906,True,-1.52587890625e-05,62.20175191133243,71.35723684567874,83.98460987686211,3213.4886740598913,974.9776666666025,wcl
2021-06-22 14:41:40,30828289,train,-75.800625,7.315000009983778,-50.275665283203125,-50.27569580078125,True,-3.0517578125e-05,64.32984137596974,71.35723684567874,51.75684656151065,3285.1976621899735,982.7700666667031,wcl
2021-06-22 11:26:40,30828289,train,-80.77375,4.270999992638826,-50.91050720214844,-50.91050720214844,True,0.0,70.12493591683645,71.35723684567874,109.48154247849634,3209.310355066321,974.4210666664259,wcl
2021-06-22 17:26:25,30828289,train,-74.841875,19.399999961853027,-50.39790344238281,-50.39790344238281,True,0.0,65.4187076533705,71.35723684567874,94.42725045280497,3215.9730799479703,975.5342666659883,wcl
2021-06-22 15:58:26,30828289,train,-72.75875,7.873999981060624,-50.61177062988281,-50.611793518066406,True,-2.288818359375e-05,67.35465900917652,71.35723684567874,66.6077973149752,3270.742937023615,981.100266666964,wcl
2021-06-22 11:26:42,30828289,train,-73.296875,13.446999998092652,-49.873321533203125,-49.87334442138672,True,-2.288818359375e-05,60.829825111650855,71.35723684567874,87.34280467042123,3230.992442816039,976.4619333334767,wcl
2021-06-22 10:11:29,30828289,train,-77.09,10.302000002861025,-50.940521240234375,-50.940521240234375,True,0.0,70.40768441166007,71.35723684567874,107.56555548724782,3200.0502967568764,975.1632000002585,wcl
2021-06-22 15:58:25,30828289,train,-75.685,9.423000021725892,-50.584800720214844,-50.584800720214844,True,0.0,67.10823276658608,71.35723684567874,79.42122376490083,3256.6269944783307,979.8015333337457,wcl
2021-06-22 15:58:28,30828289,train,-74.478125,3.869999992027879,-51.623779296875,-51.62383270263672,True,-5.340576171875e-05,77.0734205206863,71.35723684567874,44.463586861073644,3298.184329331596,983.6977333334005,wcl
2021-06-23 16:08:52,30828289,train,-72.06375,14.493000059127809,-50.50592041015625,-50.50596618652344,True,-4.57763671875e-05,66.39187081477756,71.35723684567874,48.423547780785526,3267.806820974264,980.1726000002666,wcl
2021-06-22 17:26:26,30828289,train,-74.071875,18.260999994277952,-50.097511291503906,-50.0975341796875,True,-2.288818359375e-05,62.764151774344164,71.35723684567874,84.23402199524286,3229.1856021703493,976.6474666663416,wcl
2021-06-22 17:26:31,30828289,train,-77.49291237113403,7.41340207439108,-51.925262451171875,-51.92527770996094,True,-1.52587890625e-05,80.16024512791809,71.35723684567874,33.58988916974114,3298.0714017911578,983.3266666668796,wcl
2021-06-23 14:56:30,30828289,train,-74.320625,17.584000067710875,-49.90998840332031,-49.910003662109375,True,-1.52587890625e-05,61.14357892966502,71.35723684567874,75.15436108071056,3223.7650802327994,976.0908666669559,wcl
2021-06-23 14:56:33,30828289,train,-70.45375,16.62900001525879,-50.52826690673828,-50.52830505371094,True,-3.814697265625e-05,66.59439964080481,71.35723684567874,47.85081192031311,3256.4011393975748,979.430466666434,wcl
2021-06-23 14:56:28,30828289,train,-82.095,7.12900003194809,-50.307395935058594,-50.307395935058594,True,0.0,64.61106258337566,71.35723684567874,92.77016975560032,3203.6639780483756,973.8644666670402,wcl
2021-06-22 14:41:38,30828289,train,-73.453125,12.73900002002716,-50.00645446777344,-50.00647735595703,True,-2.288818359375e-05,61.97374507998019,71.35723684567874,76.7216230639843,3255.1589364535953,979.6160000000898,wcl
2021-06-23 14:56:35,30828288,train,-74.73893229166667,10.35416671447456,-69.2350845336914,-69.23652648925781,True,-0.00144195556640625,623.614461385043,638.3682926125041,33.21148278409394,3279.2125025507135,982.0279333336614,wcl
2021-06-23 14:56:36,30828288,train,-74.858125,11.316000017523766,-69.3885498046875,-69.39004516601562,True,-0.001495361328125,634.7570393266734,638.3682926125041,30.15827488224911,3290.731111667721,983.1411333332238,wcl
2021-06-23 16:08:55,30828288,train,-70.839375,16.185000014305114,-69.3372802734375,-69.33876037597656,True,-0.0014801025390625,631.0131249837121,638.3682926125041,30.834864830565184,3299.8782424370884,983.5121999997446,wcl
2021-06-22 10:11:38,30828288,train,-68.135,13.422999997138977,-69.37198638916016,-69.37347412109375,True,-0.00148773193359375,633.5451293391372,738.1145890646605,111.4697236320143,3321.108620025053,985.9241333333161,wcl
2021-06-22 10:11:39,30828288,train,-67.993125,10.250999994277954,-69.55795288085938,-69.55950927734375,True,-0.001556396484375,647.2883211016809,738.1145890646605,98.77193757236223,3335.2245625704572,987.2228666665344,wcl
2021-06-22 10:11:40,30828288,train,-68.719375,14.713999967575074,-69.73739624023438,-69.73900604248047,True,-0.00160980224609375,660.8300326915157,738.1145890646605,86.67331868759938,3349.566360196378,988.7071333334086,wcl
2021-06-22 10:11:41,30828288,train,-70.1775,11.200000058412552,-69.91436004638672,-69.9160385131836,True,-0.001678466796875,674.4611920430156,738.1145890646605,74.88544246552624,3363.908157822538,990.0058666666268,wcl
2021-06-22 10:11:42,30828288,train,-70.7475,2.490000008493662,-70.0849609375,-70.08670043945312,True,-0.001739501953125,687.8682201256316,738.1145890646605,64.02576409886282,3378.1370279081407,991.6756666663659,wcl
2021-06-22 11:26:49,30828288,train,-71.095,8.595000054165721,-69.3790283203125,-69.38052368164062,True,-0.001495361328125,634.0601038049631,738.1145890646605,110.48601941703409,3306.7668223991327,984.0687999999213,wcl
2021-06-22 11:26:50,30828288,train,-69.609375,5.480999990105629,-69.53571319580078,-69.53726196289062,True,-0.00154876708984375,645.6290490730584,738.1145890646605,99.68058012206022,3317.156156112479,984.9964666666187,wcl
2021-06-22 11:26:51,30828288,train,-69.22125,2.9139999983459712,-69.69673156738281,-69.69833374023438,True,-0.0016021728515625,657.7366011906961,738.1145890646605,88.47381156408103,3327.8842724469,986.1096666669721,wcl
2021-06-22 11:26:52,30828288,train,-69.11625,-1.6459999988228082,-69.8536605834961,-69.85531616210938,True,-0.00165557861328125,669.7543975519475,738.1145890646605,77.7185354911831,3338.725316321759,987.0373333336695,wcl
2021-06-22 11:26:53,30828288,train,-73.141875,-6.033000017404556,-70.0038070678711,-70.00550842285156,True,-0.00170135498046875,681.4578791093536,738.1145890646605,67.77897369711955,3349.792215277375,988.1505333332319,wcl
2021-06-22 11:26:54,30828288,train,-70.77625,-9.897000014409423,-70.14298248291016,-70.14474487304688,True,-0.00176239013671875,692.4885699050236,738.1145890646605,59.055444950958886,3360.9720417730673,989.2637333335853,wcl
2021-06-22 14:41:43,30828288,train,-66.574375,12.221999979019165,-69.44892120361328,-69.450439453125,True,-0.00151824951171875,639.1945469295104,738.1145890646605,106.12451338386524,3328.3359826084125,987.4084000001903,wcl
2021-06-22 14:41:44,30828288,train,-69.24625,10.286999983787537,-69.6469497680664,-69.64852905273438,True,-0.00157928466796875,653.9692058155523,738.1145890646605,92.63325180871028,3342.1131425326225,988.8926666670645,wcl
2021-06-22 14:41:45,30828288,train,-72.535,10.39100004374981,-69.84202575683594,-69.84367370605469,True,-0.00164794921875,668.8559811242498,738.1145890646605,79.49612018505731,3355.6644473759557,990.3769333323567,wcl
2021-06-22 14:41:46,30828288,train,-69.654375,0.8589999925345182,-70.03424072265625,-70.03596496582031,True,-0.0017242431640625,683.8548796223938,738.1145890646605,66.99684514310643,3369.21575221953,991.6756666663659,wcl
2021-06-22 15:58:29,30828288,train,-67.68298969072166,11.667010288723963,-69.29898071289062,-69.30045318603516,True,-0.00147247314453125,628.230114780641,738.1145890646605,118.90953881271903,3311.509779094534,984.9964666666187,wcl
2021-06-22 15:58:30,30828288,train,-71.173125,9.908000021576882,-69.52900695800781,-69.53055572509766,True,-0.00154876708984375,645.129408399542,738.1145890646605,103.49070221917928,3324.496446235916,986.295199999837,wcl
2021-06-22 15:58:31,30828288,train,-68.885625,10.942000032663346,-69.75929260253906,-69.76091003417969,True,-0.001617431640625,662.5013088324683,738.1145890646605,88.28833297891602,3337.2572582971443,987.5939333322642,wcl
2021-06-22 15:58:32,30828288,train,-68.563125,1.872999992519617,-69.97649383544922,-69.97818756103516,True,-0.0016937255859375,679.3136729979641,738.1145890646605,74.52577815614347,3349.792215277375,988.8926666670645,wcl
2021-06-22 17:26:32,30828288,train,-65.58875,20.09899991989136,-69.4441146850586,-69.44561767578125,True,-0.00150299072265625,638.8400176450086,738.1145890646605,107.13463270158171,3311.961489255806,984.8109333337538,wcl
2021-06-22 17:26:33,30828288,train,-69.033125,15.579000091552734,-69.63153076171875,-69.63310241699219,True,-0.0015716552734375,652.8068532900259,738.1145890646605,94.40880938301535,3325.8515767204544,986.1096666669721,wcl
2021-06-22 17:26:34,30828288,train,-70.4925,11.083999948501589,-69.81208801269531,-69.81372833251953,True,-0.00164031982421875,666.549670169656,738.1145890646605,82.29431954808325,3339.4028815637876,987.4084000001903,wcl
2021-06-22 17:26:35,30828288,train,-69.51375,0.7380000004917383,-69.98297119140625,-69.98466491699219,True,-0.0016937255859375,679.8214003092161,738.1145890646605,71.07870337934501,3352.3895487055306,988.8926666670645,wcl
2021-06-22 17:26:36,30828288,train,-67.846875,-2.038000005632639,-70.14774322509766,-70.14950561523438,True,-0.00176239013671875,692.8691584170847,738.1145890646605,60.881461897472406,3365.2632883068354,990.1914000002828,wcl
2021-06-23 13:59:17,30828288,train,-69.485625,16.358999950289725,-69.36062622070312,-69.36211395263672,True,-0.00148773193359375,632.7152170579654,738.1145890646605,112.13949721855411,3302.5885034058033,983.3266666668796,wcl
2021-06-23 13:59:18,30828288,train,-72.5625,12.145000041723252,-69.54082489013672,-69.5423812866211,True,-0.001556396484375,646.0101405284739,738.1145890646605,99.84409902438233,3314.4458951437646,984.6254000000979,wcl
2021-06-23 13:59:19,30828288,train,-71.55875,13.282000007629394,-69.71295166015625,-69.71455383300781,True,-0.0016021728515625,658.9688238958557,738.1145890646605,88.15723716573825,3325.964504260772,985.9241333333161,wcl
2021-06-23 13:59:20,30828288,train,-72.025,10.972999994456767,-69.87913513183594,-69.88079833984375,True,-0.0016632080078125,671.7259126505851,738.1145890646605,77.16271694236639,3337.3701858373415,987.0373333336695,wcl
2021-06-23 14:56:37,30828288,train,-75.286875,8.47899999693036,-69.53182220458984,-69.53337097167969,True,-0.00154876708984375,645.3392960259847,738.1145890646605,100.87753878901552,3302.475575865364,984.4398666664421,wcl
2021-06-23 14:56:38,30828288,train,-78.46125,6.439999995827675,-69.67396545410156,-69.6755599975586,True,-0.00159454345703125,656.0107669686893,738.1145890646605,91.2070761667014,3314.3329676033263,985.7386000004512,wcl
2021-06-23 14:56:39,30828288,train,-75.539375,6.473000003322959,-69.81555938720703,-69.81720733642578,True,-0.00164794921875,666.817165265254,738.1145890646605,81.75815887726999,3326.3032868818464,987.0373333336695,wcl
2021-06-23 16:08:56,30828288,train,-72.683125,10.701000032275916,-69.47655487060547,-69.47807312011719,True,-0.00151824951171875,641.2362971510419,738.1145890646605,104.59512167717732,3310.2675761504347,984.6254000000979,wcl
2021-06-23 16:08:57,30828288,train,-72.3525,12.369000005722048,-69.6151123046875,-69.61669158935547,True,-0.00157928466796875,651.5715732360634,738.1145890646605,95.16208761869873,3320.205199702268,985.5530666660045,wcl
2021-06-23 16:08:58,30828288,train,-69.87375,13.795000047683716,-69.75151062011719,-69.75312805175781,True,-0.001617431640625,661.9068883092565,738.1145890646605,85.93715050771912,3329.4652580119537,986.4807333334929,wcl
2021-06-23 16:08:59,30828288,train,-73.0534793814433,7.941237134340498,-69.88259887695312,-69.88426971435547,True,-0.00167083740234375,671.9953705347409,738.1145890646605,77.11818656422965,3337.934823539172,987.4084000001903,wcl
2021-06-23 16:09:09,34006784,train,-61.14561855670103,17.51546393104435,-51.469696044921875,-51.469696044921875,True,0.0,75.53048907876992,51.84188406470832,41.122699077574666,3387.622941298582,992.7888666667193,wcl
2021-06-23 16:09:10,34006784,train,-58.716875,22.26100004196167,-51.231300354003906,-51.231300354003906,True,0.0,73.18987365636025,51.84188406470832,41.63908364918676,3390.559057347933,992.9744000003751,wcl
2021-06-23 16:09:37,34006784,train,-75.605,4.560000003576278,-49.85498046875,-49.85498046875,True,0.0,60.6731834590094,52.834783391681114,68.29545304168195,3422.856333891754,995.5718666660207,wcl
2021-06-23 13:59:29,34006784,train,-72.431875,14.287999920845031,-49.97825622558594,-49.97825622558594,True,0.0,61.73013604778866,52.834783391681114,82.4757114665281,3438.7791170828477,997.0561333336857,wcl
2021-06-23 16:09:20,34006784,train,-75.721875,8.096000013351441,-49.87688446044922,-49.87688446044922,True,0.0,60.86016368070876,52.834783391681114,75.59129334934917,3420.146072923039,995.2008000002909,wcl
2021-06-22 14:41:50,34006784,train,-60.44027777777778,18.41888886557685,-51.209747314453125,-51.209747314453125,True,0.0,72.98099762598446,52.834783391681114,105.66554502246039,3421.0494932459437,996.8706000000299,wcl
2021-06-23 16:09:36,34006784,train,-75.489375,3.615000000521541,-49.85498046875,-49.85498046875,True,0.0,60.6731834590094,52.834783391681114,68.29545304168195,3422.743406351195,995.5718666660207,wcl
2021-06-23 16:09:31,34006784,train,-75.878125,5.500999992489815,-49.85498046875,-49.85498046875,True,0.0,60.6731834590094,52.834783391681114,68.29545304168195,3422.743406351195,995.5718666660207,wcl
2021-06-23 16:09:47,34006784,train,-75.56,4.349000002145767,-49.85498046875,-49.85498046875,True,0.0,60.6731834590094,52.834783391681114,68.29545304168195,3422.743406351195,995.5718666660207,wcl
2021-06-23 14:56:50,34006784,train,-73.29875,6.355000022426248,-49.898406982421875,-49.898406982421875,True,0.0,61.04422712641129,52.834783391681114,68.54160500694346,3450.5235812804917,999.6536000001222,wcl
2021-06-23 16:09:42,34006784,train,-74.53125,6.483999998569488,-49.85498046875,-49.85498046875,True,0.0,60.6731834590094,52.834783391681114,68.29545304168195,3422.743406351195,995.5718666660207,wcl
2021-06-23 16:10:11,34006784,train,-79.428125,4.04800000011921,-50.333282470703125,-50.33329772949219,True,-1.52587890625e-05,64.84144194174154,52.834783391681114,58.22343894033328,3461.703407776304,999.4680666664664,wcl
2021-06-23 16:09:57,34006784,train,-74.610625,5.993999981880188,-49.855140686035156,-49.855140686035156,True,0.0,60.674549650016985,52.834783391681114,68.38014926721115,3424.211464376051,995.5718666660207,wcl
2021-06-22 11:27:02,34006784,train,-71.75332446808511,7.467021264928452,-49.61363983154297,-49.61363983154297,True,0.0,58.637399867402934,52.834783391681114,78.13560296843524,3443.5220737780087,997.4272000002065,wcl
2021-06-23 16:09:38,34006784,train,-76.03875,4.1650000143051145,-49.85498046875,-49.85498046875,True,0.0,60.6731834590094,52.834783391681114,68.29545304168195,3422.743406351195,995.5718666660207,wcl
2021-06-22 11:27:00,34006784,train,-61.093125,20.500000057220458,-50.39231872558594,-50.39231872558594,True,0.0,65.3687517686209,52.834783391681114,94.95731760471783,3424.211464376051,995.5718666660207,wcl
2021-06-23 16:09:41,34006784,train,-75.29125,5.385000011920929,-49.85498046875,-49.85498046875,True,0.0,60.6731834590094,52.834783391681114,68.29545304168195,3422.856333891754,995.5718666660207,wcl
2021-06-23 16:09:26,34006784,train,-75.441875,5.978000009059906,-49.87671661376953,-49.87671661376953,True,0.0,60.85870525765518,52.834783391681114,68.41838816378691,3422.743406351195,995.5718666660207,wcl
2021-06-23 13:59:30,34006784,train,-75.024375,10.482000029087066,-49.820953369140625,-49.820953369140625,True,0.0,60.38351224731814,52.834783391681114,76.2635802149302,3449.958943578661,998.354866666904,wcl
2021-06-23 16:10:01,34006784,train,-74.86125,5.113000004291535,-49.855140686035156,-49.855140686035156,True,0.0,60.674549650016985,52.834783391681114,68.38014926721115,3424.211464376051,995.7573999996765,wcl
2021-06-23 16:09:16,34006784,train,-72.636875,12.161000027656556,-50.19624328613281,-50.19624328613281,True,0.0,63.62848992882695,52.834783391681114,86.45075515754318,3409.6438116692543,994.4586666664583,wcl
2021-06-23 16:09:48,34006784,train,-75.335,3.05800000615418,-49.85498046875,-49.85498046875,True,0.0,60.6731834590094,52.834783391681114,68.29545304168195,3422.743406351195,995.5718666660207,wcl
2021-06-23 16:09:18,34006784,train,-75.0475,9.600999974906443,-50.0145263671875,-50.0145263671875,True,0.0,62.04339059581396,52.834783391681114,80.96637323547957,3415.29018868744,995.015266666635,wcl
2021-06-23 16:09:15,34006784,train,-69.87625,13.705999975204469,-50.32646942138672,-50.32646942138672,True,0.0,64.78074917072576,52.834783391681114,89.20945724546628,3407.0464782410977,994.2731333335934,wcl
2021-06-23 16:09:27,34006784,train,-75.49875,5.24,-49.85498046875,-49.85498046875,True,0.0,60.6731834590094,52.834783391681114,68.29545304168195,3422.743406351195,995.5718666660207,wcl
2021-06-23 14:56:47,34006784,train,-67.01125,15.891999988555908,-50.48827362060547,-50.48827362060547,True,0.0,66.23192301107389,52.834783391681114,92.94742607442238,3418.226304736791,996.4995333335091,wcl
2021-06-23 16:09:40,34006784,train,-76.10125,5.913999984264374,-49.85498046875,-49.85498046875,True,0.0,60.6731834590094,52.834783391681114,68.29545304168195,3422.743406351195,995.5718666660207,wcl
2021-06-23 16:09:32,34006784,train,-75.883125,5.513000004291534,-49.85498046875,-49.85498046875,True,0.0,60.6731834590094,52.834783391681114,68.29545304168195,3422.743406351195,995.5718666660207,wcl
2021-06-23 16:09:33,34006784,train,-75.74625,4.176999996975065,-49.85498046875,-49.85498046875,True,0.0,60.6731834590094,52.834783391681114,68.29545304168195,3422.856333891754,995.5718666660207,wcl
2021-06-23 16:09:30,34006784,train,-75.83625,5.582000015974045,-49.85498046875,-49.85498046875,True,0.0,60.6731834590094,52.834783391681114,68.29545304168195,3422.743406351195,995.5718666660207,wcl
2021-06-22 17:26:41,34006784,train,-65.5,18.24899997711181,-50.5972900390625,-50.5972900390625,True,0.0,67.22223669827102,52.834783391681114,94.32299408243682,3430.083696474873,996.8706000000299,wcl
2021-06-23 16:09:58,34006784,train,-74.78875,5.398000001907349,-49.855140686035156,-49.855140686035156,True,0.0,60.674549650016985,52.834783391681114,68.38014926721115,3424.211464376051,995.7573999996765,wcl
2021-06-23 16:10:04,34006784,train,-75.10375,5.080000012814999,-49.855140686035156,-49.855140686035156,True,0.0,60.674549650016985,52.834783391681114,68.38014926721115,3427.3734355061583,996.1284666669883,wcl
2021-06-23 13:59:31,34006784,train,-74.59875,9.618999972343444,-49.82703399658203,-49.82703399658203,True,0.0,60.43522491473519,52.834783391681114,70.63450709881872,3461.1387700745945,999.4680666664664,wcl
2021-06-23 16:09:49,34006784,train,-74.94375,3.5019999921321867,-49.855140686035156,-49.855140686035156,True,0.0,60.674549650016985,52.834783391681114,68.38014926721115,3422.969261432192,995.5718666660207,wcl
2021-06-22 10:11:46,34006784,train,-61.62289325842696,15.977528085450778,-51.55421447753906,-51.55421447753906,True,0.0,76.37363017235388,52.834783391681114,109.9205983437005,3433.6973777664925,997.4272000002065,wcl
2021-06-23 16:09:29,34006784,train,-75.898125,5.296000027433037,-49.85498046875,-49.85498046875,True,0.0,60.6731834590094,52.834783391681114,68.29545304168195,3422.743406351195,995.5718666660207,wcl
2021-06-22 15:58:37,34006784,train,-62.97229381443299,17.106185669444272,-51.6258544921875,-51.6258544921875,True,0.0,77.09397213611993,52.834783391681114,107.72462686561299,3406.255985458391,994.4586666664583,wcl
2021-06-23 16:10:00,34006784,train,-74.9875,5.045000004768371,-49.855140686035156,-49.855140686035156,True,0.0,60.674549650016985,52.834783391681114,68.38014926721115,3424.211464376051,995.7573999996765,wcl
2021-06-23 13:59:32,34006784,train,-75.756875,10.461000027656556,-49.954368591308594,-49.954383850097656,True,-1.52587890625e-05,61.52449950820561,126.03663886363553,71.49655058737416,3472.2056690300897,1000.7667999996846,wcl
2021-06-22 14:41:54,34006784,train,-80.61375,-1.8689999878406525,-49.97870635986328,-49.978729248046875,True,-2.288818359375e-05,61.73419603335591,126.03663886363553,68.98025548358163,3469.608335601692,1002.0655333336938,wcl
2021-06-23 13:59:33,34006784,train,-77.7875,7.826000018119812,-50.186500549316406,-50.1865234375,True,-2.288818359375e-05,63.54281899800532,126.03663886363553,65.44295551743069,3483.272567985705,1001.6944666663821,wcl
2021-06-22 14:41:53,34006784,train,-78.885,-1.162000000178814,-49.770721435546875,-49.770721435546875,True,0.0,59.95747473149888,126.03663886363553,78.72102672552835,3457.863871404169,1000.7667999996846,wcl
2021-06-23 14:56:51,34006784,train,-75.90375,3.2590000013262035,-50.113990783691406,-50.114013671875,True,-2.288818359375e-05,62.907843127155374,126.03663886363553,67.13990390009226,3460.912914993958,1000.7667999996846,wcl
2021-06-22 11:27:06,34006784,train,-79.40625,1.5799999836087226,-50.21665954589844,-50.2166748046875,True,-1.52587890625e-05,63.80817595426617,126.03663886363553,62.72894562043189,3475.819350321709,1000.210200000299,wcl
2021-06-22 10:11:48,34006784,train,-71.45375,9.072999993562698,-50.320167541503906,-50.320167541503906,True,0.0,64.72462847342692,126.03663886363553,95.15046787159339,3460.122422211251,1000.3957333331639,wcl
2021-06-23 13:59:34,34006784,train,-78.02551020408163,6.913265320719505,-50.58695983886719,-50.58697509765625,True,-1.52587890625e-05,67.12797497962055,126.03663886363553,59.36594832277151,3493.887756779687,1002.8076666667355,wcl
2021-06-22 17:26:44,34006784,train,-78.19125,3.139999993741512,-50.03938293457031,-50.03938293457031,True,0.0,62.25862970343284,126.03663886363553,71.0116441734417,3468.59198773847,1000.9523333333404,wcl
2021-06-22 17:26:45,34006784,train,-75.345,4.283999987617135,-50.385902404785156,-50.38592529296875,True,-2.288818359375e-05,65.31126370310758,126.03663886363553,62.72231659564961,3481.1269447187005,1002.2510666665587,wcl
2021-06-22 10:11:52,34006784,train,-78.019578313253,8.955421727016029,-50.714691162109375,-50.71471405029297,True,-2.288818359375e-05,68.3001602725715,189.70811192120829,136.74407531514086,3509.358829809389,1005.405133333172,wcl
2021-06-22 15:58:43,34007041,train,-75.28875,11.384000029563904,-46.39593505859375,-46.39593505859375,True,0.0,34.841440697740005,40.310015530405146,62.1688112295291,3456.960451081023,999.8391333337781,wcl
2021-06-22 15:58:42,34007041,train,-73.71125,13.526999940872193,-47.72166442871094,-47.72166442871094,True,0.0,44.01409974930576,40.310015530405146,67.62934499257912,3451.0882189823224,999.2825333336015,wcl
2021-06-22 15:59:30,34007041,train,-55.721875,24.30900001525879,-44.661399841308594,-44.661399841308594,True,0.0,23.383157735849764,59.88837409718975,47.394987335739714,3498.8565685557246,1003.7353333334329,wcl
2021-06-22 15:58:55,34007041,train,-63.395625,19.592999954223632,-43.81829833984375,-43.81829833984375,True,0.0,17.52053951072626,59.88837409718975,45.61818333231302,3473.1090893529945,1000.5812666660288,wcl
2021-06-23 16:10:15,34007041,train,-65.091875,22.04400008201599,-43.164756774902344,-43.164756774902344,True,0.0,12.27222340129448,59.88837409718975,51.968420069774744,3488.693089923014,1002.2510666665587,wcl
2021-06-22 15:58:48,34007041,train,-68.188125,16.898999996185303,-43.28877258300781,-43.28877258300781,True,0.0,13.360309167979208,59.88837409718975,46.568408156518686,3473.4478719741887,1001.1378666669964,wcl
2021-06-22 15:59:15,34007041,train,-55.44875,23.19299999237061,-44.68756866455078,-44.68756866455078,True,0.0,23.558114504699468,59.88837409718975,47.4668483080214,3483.498423066341,1001.880000000038,wcl
2021-06-22 15:59:12,34007041,train,-55.87625,24.455,-44.50812530517578,-44.50812530517578,True,0.0,22.35259151734637,59.88837409718975,46.9843174244966,3483.498423066341,1001.6944666663821,wcl
2021-06-23 14:56:54,34007041,train,-68.5025,18.41000001907349,-43.221160888671875,-43.221160888671875,True,0.0,12.774678708028034,59.88837409718975,51.6818093929634,3491.1774958109727,1004.1063999999537,wcl
2021-06-22 15:59:00,34007041,train,-63.789375,18.58599997520447,-43.81829833984375,-43.81829833984375,True,0.0,17.52053951072626,59.88837409718975,45.61818333231302,3473.2220168931917,1000.5812666660288,wcl
2021-06-22 15:59:14,34007041,train,-55.61625,20.55800013542176,-44.68756866455078,-44.68756866455078,True,0.0,23.558114504699468,59.88837409718975,47.4668483080214,3483.498423066341,1001.880000000038,wcl
2021-06-22 15:59:22,34007041,train,-55.293125,24.21500001907349,-44.661399841308594,-44.661399841308594,True,0.0,23.383157735849764,59.88837409718975,47.394987335739714,3483.498423066341,1001.880000000038,wcl
2021-06-22 11:27:07,34007041,train,-75.46222527472527,8.969230790550892,-44.211700439453125,-44.211700439453125,True,0.0,20.324515718899253,59.88837409718975,59.158575750002555,3482.256220122362,1000.7667999996846,wcl
2021-06-22 15:59:11,34007041,train,-59.334375,22.609000091552733,-44.31927490234375,-44.31927490234375,True,0.0,21.066982948212676,59.88837409718975,46.72974739658194,3483.498423066341,1001.5089333335172,wcl
2021-06-22 15:58:53,34007041,train,-62.104375,21.81199990272522,-43.826744079589844,-43.826744079589844,True,0.0,17.582662038811534,59.88837409718975,45.6344325633258,3473.1090893529945,1000.5812666660288,wcl
2021-06-22 15:59:20,34007041,train,-55.2975,21.670000019073488,-44.661399841308594,-44.661399841308594,True,0.0,23.383157735849764,59.88837409718975,47.394987335739714,3483.498423066341,1001.880000000038,wcl
2021-06-22 15:58:45,34007041,train,-72.533125,13.27400002002716,-44.2373046875,-44.2373046875,True,0.0,20.501917866191075,59.88837409718975,51.86411856938216,3466.220509390829,1000.5812666660288,wcl
2021-06-22 15:58:44,34007041,train,-74.25125,13.045000014305115,-45.16374206542969,-45.16374206542969,True,0.0,26.709768189136582,59.88837409718975,55.84355000966715,3461.929262857061,1000.3957333331639,wcl
2021-06-22 15:59:02,34007041,train,-63.7075,19.212000017166137,-43.81829833984375,-43.81829833984375,True,0.0,17.52053951072626,59.88837409718975,45.61818333231302,3473.33494443363,1000.5812666660288,wcl
2021-06-22 15:59:05,34007041,train,-63.499375,15.923000068664551,-43.81829833984375,-43.81829833984375,True,0.0,17.52053951072626,59.88837409718975,45.61818333231302,3478.0779011289114,1001.1378666669964,wcl
2021-06-22 15:58:46,34007041,train,-72.266875,12.266999979019165,-43.633079528808594,-43.633079528808594,True,0.0,16.132030699157326,59.88837409718975,49.467457022695385,3469.8341906823284,1000.9523333333404,wcl
2021-06-22 15:58:57,34007041,train,-64.00375,16.73199999809265,-43.81829833984375,-43.81829833984375,True,0.0,17.52053951072626,59.88837409718975,45.61818333231302,3473.1090893529945,1000.5812666660288,wcl
2021-06-22 15:59:07,34007041,train,-63.090625,20.51800008773804,-43.81829833984375,-43.81829833984375,True,0.0,17.52053951072626,59.88837409718975,45.61818333231302,3481.5786548800925,1001.3233999998613,wcl
2021-06-22 15:59:06,34007041,train,-63.761875,17.73700001716614,-43.81829833984375,-43.81829833984375,True,0.0,17.52053951072626,59.88837409718975,45.61818333231302,3479.9976693149188,1001.3233999998613,wcl
2021-06-22 15:59:18,34007041,train,-55.320625,22.178999996185304,-44.661399841308594,-44.661399841308594,True,0.0,23.383157735849764,59.88837409718975,47.394987335739714,3483.498423066341,1001.880000000038,wcl
2021-06-22 15:58:50,34007041,train,-63.061875,20.361999979019163,-43.58259582519531,-43.58259582519531,True,0.0,15.74313017128101,59.88837409718975,45.87511816814948,3473.33494443363,1000.7667999996846,wcl
2021-06-22 15:59:26,34007041,train,-55.334375,22.61300008773804,-44.661399841308594,-44.661399841308594,True,0.0,23.383157735849764,59.88837409718975,47.394987335739714,3483.498423066341,1001.880000000038,wcl
2021-06-23 16:10:13,34007041,train,-71.045,17.712999992370605,-44.43761444091797,-44.43761444091797,True,0.0,21.87488031118155,59.88837409718975,57.09067566491444,3474.577147377609,1000.7667999996846,wcl
2021-06-23 14:56:53,34007041,train,-70.6707474226804,13.540206195383345,-44.147979736328125,-44.147979736328125,True,0.0,19.88058053420586,59.88837409718975,55.42514145201837,3481.239872259018,1002.9932000003913,wcl
2021-06-23 16:10:16,34007041,train,-61.534375,23.793999996185303,-42.912841796875,-42.912841796875,True,0.0,9.815468995112983,59.88837409718975,50.39933107200175,3494.90410464291,1002.8076666667355,wcl
2021-06-22 15:58:56,34007041,train,-63.870625,19.009000062942505,-43.81829833984375,-43.81829833984375,True,0.0,17.52053951072626,59.88837409718975,45.61818333231302,3473.1090893529945,1000.5812666660288,wcl
2021-06-22 15:59:21,34007041,train,-55.180625,22.986000099182128,-44.661399841308594,-44.661399841308594,True,0.0,23.383157735849764,59.88837409718975,47.394987335739714,3483.498423066341,1001.880000000038,wcl
2021-06-22 11:27:12,34007041,train,-56.55125,19.64799997329712,-43.68083953857422,-43.68083953857422,True,0.0,16.49539611991369,119.18320919588695,102.69094706597404,3508.5683370266815,1002.6221333322885,wcl
2021-06-22 11:27:13,34007041,train,-70.810625,11.06900000333786,-44.469146728515625,-44.469146728515625,True,0.0,22.088836752231405,119.18320919588695,97.2602613358591,3512.7466560201315,1002.9932000003913,wcl
2021-06-22 14:42:01,34007041,train,-63.80281690140845,12.032394385778568,-45.93754577636719,-45.93754577636719,True,0.0,31.795742553272277,119.18320919588695,87.62567246524438,3534.3158162294117,1009.1157999999618,wcl
2021-06-22 15:59:33,34007041,train,-62.085,11.814000040665269,-45.476318359375,-45.476318359375,True,0.0,28.762431319869552,119.18320919588695,90.47730446982025,3520.086946143689,1005.7761999996927,wcl
2021-06-22 14:41:59,34007041,train,-57.851875,19.51899998664856,-43.549560546875,-43.549560546875,True,0.0,15.485949187977345,119.18320919588695,104.29081582996524,3520.8774389262758,1007.6315333322966,wcl
2021-06-22 10:11:53,34007041,train,-69.84730113636364,15.523863651535727,-43.50941467285156,-43.50941467285156,True,0.0,15.170068149725036,119.18320919588695,125.48978385662498,3520.1998736840073,1006.5183333335253,wcl
2021-06-22 17:26:47,34007041,train,-69.451875,18.225999898910523,-43.311607360839844,-43.311607360839844,True,0.0,13.55424578067353,119.18320919588695,122.5035981419719,3504.7288006543054,1004.6630000001303,wcl
2021-06-22 10:11:54,34007041,train,-64.0909090909091,13.403030308810148,-43.00634002685547,-43.00634002685547,True,0.0,10.775736723437527,119.18320919588695,114.67335460247946,3530.024569695643,1007.4460000002227,wcl
2021-06-23 16:10:18,34007041,train,-56.7225,23.87800008773804,-43.50688934326172,-43.50688934326172,True,0.0,15.150113789132632,119.18320919588695,104.8035932182005,3505.858076058087,1003.7353333334329,wcl
2021-06-23 13:59:37,34007041,train,-57.83375,24.20599998474121,-43.41240692138672,-43.41240692138672,True,0.0,14.391131751411036,119.18320919588695,106.37191828498757,3523.1359897334783,1005.9617333333485,wcl
2021-06-22 14:42:00,34007041,train,-57.40625,16.91499999523163,-44.670082092285156,-44.670082092285156,True,0.0,23.44120024945774,119.18320919588695,95.74515337468597,3528.2177290498335,1008.3736666669201,wcl
2021-06-22 17:26:50,34007041,train,-63.630625,11.557000031992793,-45.283355712890625,-45.283355712890625,True,0.0,27.4957847735282,119.18320919588695,91.68785849822196,3533.8641060677787,1007.2604666665668,wcl
2021-06-22 11:27:14,34007041,train,-59.241875,0.8080000025033951,-45.32195281982422,-45.32195281982422,True,0.0,27.749347465674642,119.18320919588695,92.00190807013618,3516.4732648520694,1003.364266666912,wcl
2021-06-22 17:26:51,34007041,train,-71.7122641509434,2.3207547231665195,-46.7447509765625,-46.7447509765625,True,0.0,37.19402590519825,119.18320919588695,82.34683349358569,3542.2207440546795,1008.1881333332643,wcl
2021-06-23 14:56:58,34007041,train,-64.89046391752578,6.891752554583795,-45.485260009765625,-45.485260009765625,True,0.0,28.82108004817833,119.18320919588695,90.41157886871451,3527.878946428759,1007.8170666667436,wcl
2021-06-22 15:59:32,34007041,train,-56.724375,20.158999972343445,-44.9466552734375,-44.9466552734375,True,0.0,25.279082002738452,119.18320919588695,94.10112656774467,3512.1820183183013,1005.0340666666511,wcl
2021-06-22 14:41:58,34007041,train,-65.148125,15.74800009727478,-42.945709228515625,-42.945709228515625,True,0.0,10.160988881466302,119.18320919588695,112.96110349590658,3512.6337284798137,1006.5183333335253,wcl
2021-06-22 14:41:57,34007041,train,-73.956875,11.647999987602232,-43.13196563720703,-43.13196563720703,True,0.0,11.97346957756355,119.18320919588695,121.93072455754032,3503.034887548934,1005.5906666660369,wcl
2021-06-22 10:11:57,34007040,train,-59.90694444444444,18.53777769009272,-52.51403045654297,-52.51405334472656,True,-2.288818359375e-05,86.46705527970619,29.05061859712785,85.50760071714011,3555.0944836559843,1010.2290000003152,wcl
2021-06-22 11:27:55,34007040,train,-75.0375,4.280000032410026,-47.93513488769531,-47.93513488769531,True,0.0,45.560638855039144,29.05061859712785,54.0071578568229,3563.5640491832028,1008.9302666670969,wcl
2021-06-22 11:27:40,34007040,train,-73.02625,4.366000001430511,-49.606658935546875,-49.606666564941406,True,-7.62939453125e-06,58.57930147665993,29.05061859712785,63.62527137675304,3528.4435841304694,1004.8485333329952,wcl
2021-06-23 14:57:04,34007040,train,-78.87625,5.405999985039234,-47.86956024169922,-47.86956787109375,True,-7.62939453125e-06,45.08314762209705,29.05061859712785,51.843550192042116,3557.1271793826704,1010.7855999997008,wcl
2021-06-23 16:11:07,34007040,train,-77.911875,7.939999980032444,-49.19126892089844,-49.19127655029297,True,-7.62939453125e-06,55.17637656948,29.05061859712785,59.6201444852598,3533.977033608217,1007.2604666665668,wcl
2021-06-23 16:10:30,34007040,train,-75.034375,10.392999974489213,-49.87284851074219,-49.87286376953125,True,-1.52587890625e-05,60.82588668298678,29.05061859712785,64.03117287829507,3534.3158162294117,1007.0749333337019,wcl
2021-06-23 16:10:50,34007040,train,-76.33375,8.413000037670136,-49.19126892089844,-49.19127655029297,True,-7.62939453125e-06,55.17637656948,29.05061859712785,59.6201444852598,3534.0899611487757,1007.4460000002227,wcl
2021-06-23 16:11:09,34007040,train,-77.875625,9.815999972820284,-49.19126892089844,-49.19127655029297,True,-7.62939453125e-06,55.17637656948,29.05061859712785,59.6201444852598,3533.977033608217,1007.2604666665668,wcl
2021-06-22 10:11:58,34007040,train,-63.184375,14.261999959945678,-51.57105255126953,-51.57109069824219,True,-3.814697265625e-05,76.54283441548183,29.05061859712785,76.65121938101251,3561.644280997075,1011.1566666670126,wcl
2021-06-22 11:27:28,34007040,train,-71.96125,8.649999947547913,-49.606658935546875,-49.606666564941406,True,-7.62939453125e-06,58.57930147665993,29.05061859712785,63.62527137675304,3528.4435841304694,1004.8485333329952,wcl
2021-06-23 16:10:53,34007040,train,-76.055625,10.347000017166138,-49.19126892089844,-49.19127655029297,True,-7.62939453125e-06,55.17637656948,29.05061859712785,59.6201444852598,3534.0899611487757,1007.4460000002227,wcl
2021-06-23 16:10:22,34007040,train,-60.873046875,23.064583361148834,-52.39948272705078,-52.39952850341797,True,-4.57763671875e-05,85.21046065257636,29.05061859712785,84.67903702687558,3520.7645113858375,1005.2196000003071,wcl
2021-06-22 15:59:37,34007040,train,-66.0225,14.645000009536744,-51.14439392089844,-51.14442443847656,True,-3.0517578125e-05,72.35044437850344,29.05061859712785,71.98471699526837,3554.3039908735177,1009.4868666664826,wcl
2021-06-22 11:27:46,34007040,train,-72.335625,4.532999989986419,-49.606658935546875,-49.606666564941406,True,-7.62939453125e-06,58.57930147665993,29.05061859712785,63.62527137675304,3528.669439211226,1004.8485333329952,wcl
2021-06-23 16:10:55,34007040,train,-76.100625,8.709000016450881,-49.19126892089844,-49.19127655029297,True,-7.62939453125e-06,55.17637656948,29.05061859712785,59.6201444852598,3534.0899611487757,1007.4460000002227,wcl
2021-06-22 11:27:36,34007040,train,-72.760625,4.611999981403351,-49.606658935546875,-49.606666564941406,True,-7.62939453125e-06,58.57930147665993,29.05061859712785,63.62527137675304,3528.4435841304694,1004.8485333329952,wcl
2021-06-23 16:10:45,34007040,train,-75.579375,7.853000048622489,-49.19126892089844,-49.19127655029297,True,-7.62939453125e-06,55.17637656948,29.05061859712785,59.6201444852598,3534.0899611487757,1007.4460000002227,wcl
2021-06-23 16:11:13,34007040,train,-78.899375,10.519000010490418,-49.19126892089844,-49.19127655029297,True,-7.62939453125e-06,55.17637656948,29.05061859712785,59.6201444852598,3533.977033608217,1007.2604666665668,wcl
2021-06-23 16:10:32,34007040,train,-75.85875,9.526999979019164,-49.500823974609375,-49.50083923339844,True,-1.52587890625e-05,57.700596987028725,29.05061859712785,61.5341708390699,3534.0899611487757,1007.4460000002227,wcl
2021-06-22 15:59:36,34007040,train,-59.643125,18.52899995803833,-51.772003173828125,-51.77201843261719,True,-1.52587890625e-05,78.5793671663789,29.05061859712785,77.52984075090998,3546.060280426935,1008.744733333441,wcl
2021-06-22 15:59:34,34007040,train,-59.95103092783505,17.386597906191323,-52.69011688232422,-52.69013977050781,True,-2.288818359375e-05,88.42809558074394,29.05061859712785,86.46856938280706,3528.5565116709076,1006.7038666663902,wcl
2021-06-22 11:27:35,34007040,train,-72.746875,4.353000004291534,-49.606658935546875,-49.606666564941406,True,-7.62939453125e-06,58.57930147665993,29.05061859712785,63.62527137675304,3528.4435841304694,1004.8485333329952,wcl
2021-06-23 16:11:17,34007040,train,-76.529375,11.616000003814698,-49.19126892089844,-49.19127655029297,True,-7.62939453125e-06,55.17637656948,29.05061859712785,59.6201444852598,3539.736338166721,1008.0026000003994,wcl
2021-06-23 16:10:36,34007040,train,-76.8775,10.080999994277954,-49.19126892089844,-49.19127655029297,True,-7.62939453125e-06,55.17637656948,29.05061859712785,59.6201444852598,3534.0899611487757,1007.4460000002227,wcl
2021-06-23 16:11:18,34007040,train,-77.43125,10.657000007629394,-49.19126892089844,-49.19127655029297,True,-7.62939453125e-06,55.17637656948,29.05061859712785,59.6201444852598,3544.253439781366,1008.559199999785,wcl
2021-06-22 14:42:06,34007040,train,-74.445625,2.33899999409914,-48.80248260498047,-48.80249786376953,True,-1.52587890625e-05,52.09779345219799,29.05061859712785,56.97662213608697,3547.980048613183,1009.8579333330033,wcl
2021-06-22 11:27:22,34007040,train,-69.56,9.8489999628067,-49.81053161621094,-49.810546875,True,-1.52587890625e-05,60.29522106831901,29.05061859712785,65.04442201244703,3528.4435841304694,1004.8485333329952,wcl
2021-06-23 16:11:04,34007040,train,-77.863125,8.211000034809112,-49.19126892089844,-49.19127655029297,True,-7.62939453125e-06,55.17637656948,29.05061859712785,59.6201444852598,3534.0899611487757,1007.2604666665668,wcl
2021-06-22 11:27:29,34007040,train,-72.263125,7.500000014305114,-49.606658935546875,-49.606666564941406,True,-7.62939453125e-06,58.57930147665993,29.05061859712785,63.62527137675304,3528.4435841304694,1004.8485333329952,wcl
2021-06-22 11:27:54,34007040,train,-73.02875,5.299000024795532,-48.61085510253906,-48.610870361328125,True,-1.52587890625e-05,50.61596361539676,29.05061859712785,57.58915794330847,3556.5625416805997,1008.1881333332643,wcl
2021-06-23 16:10:29,34007040,train,-73.72,14.50700002670288,-50.079429626464844,-50.079437255859375,True,-7.62939453125e-06,62.60662638633508,29.05061859712785,65.46664841995498,3534.3158162294117,1006.8894000000461,wcl
2021-06-22 17:26:54,34007040,train,-75.76095360824742,7.073195873462048,-48.97827911376953,-48.97828674316406,True,-7.62939453125e-06,53.47747480837143,29.05061859712785,57.35398529935402,3561.8701360778314,1010.0434666666592,wcl
2021-06-22 11:27:33,34007040,train,-72.720625,6.070999999046325,-49.606658935546875,-49.606666564941406,True,-7.62939453125e-06,58.57930147665993,29.05061859712785,63.62527137675304,3528.4435841304694,1004.8485333329952,wcl
2021-06-22 11:27:38,34007040,train,-73.383125,3.462999985218048,-49.606658935546875,-49.606666564941406,True,-7.62939453125e-06,58.57930147665993,29.05061859712785,63.62527137675304,3528.4435841304694,1004.8485333329952,wcl
2021-06-23 16:11:10,34007040,train,-77.888125,10.912000012397764,-49.19126892089844,-49.19127655029297,True,-7.62939453125e-06,55.17637656948,29.05061859712785,59.6201444852598,3533.977033608217,1007.2604666665668,wcl
2021-06-23 14:57:02,34007040,train,-74.7125,12.580999984741212,-49.68767547607422,-49.68769073486328,True,-1.52587890625e-05,59.257361006928114,29.05061859712785,62.41327229373837,3551.932512525877,1010.2290000003152,wcl
2021-06-22 11:27:43,34007040,train,-72.564375,4.574999973773957,-49.606658935546875,-49.606666564941406,True,-7.62939453125e-06,58.57930147665993,29.05061859712785,63.62527137675304,3528.4435841304694,1004.8485333329952,wcl
2021-06-22 11:27:16,34007040,train,-56.9025,20.79299997329712,-52.080528259277344,-52.08055114746094,True,-2.288818359375e-05,81.78704648964526,29.05061859712785,82.76269674551556,3523.1359897334783,1003.9208666670888,wcl
2021-06-23 16:10:56,34007040,train,-75.5975,9.276000020503998,-49.19126892089844,-49.19127655029297,True,-7.62939453125e-06,55.17637656948,29.05061859712785,59.6201444852598,3534.0899611487757,1007.4460000002227,wcl
2021-06-23 16:11:11,34007040,train,-78.44125,10.195000019073486,-49.19126892089844,-49.19127655029297,True,-7.62939453125e-06,55.17637656948,29.05061859712785,59.6201444852598,3533.977033608217,1007.2604666665668,wcl
2021-06-22 11:27:48,34007040,train,-72.193125,4.547000012397766,-49.606658935546875,-49.606666564941406,True,-7.62939453125e-06,58.57930147665993,29.05061859712785,63.62527137675304,3529.1211493727383,1004.8485333329952,wcl
2021-06-23 16:10:39,34007040,train,-75.90875,6.844000005722046,-49.19126892089844,-49.19127655029297,True,-7.62939453125e-06,55.17637656948,29.05061859712785,59.6201444852598,3534.0899611487757,1007.4460000002227,wcl
2021-06-22 11:27:20,34007040,train,-68.85495283018868,9.292452848182537,-50.3853759765625,-50.38539123535156,True,-1.52587890625e-05,65.30661224362842,29.05061859712785,68.9503381871764,3528.669439211226,1004.8485333329952,wcl
2021-06-22 11:27:50,34007040,train,-71.90375,5.5800000143051145,-49.606658935546875,-49.606666564941406,True,-7.62939453125e-06,58.57930147665993,29.05061859712785,63.62527137675304,3532.960685744994,1005.2196000003071,wcl
2021-06-23 16:10:43,34007040,train,-75.811875,9.47899999141693,-49.19126892089844,-49.19127655029297,True,-7.62939453125e-06,55.17637656948,29.05061859712785,59.6201444852598,3534.0899611487757,1007.4460000002227,wcl
2021-06-22 11:27:47,34007040,train,-72.0775,5.415000009536743,-49.606658935546875,-49.606666564941406,True,-7.62939453125e-06,58.57930147665993,29.05061859712785,63.62527137675304,3528.895294291982,1004.8485333329952,wcl
2021-06-22 15:59:39,34007040,train,-73.43125,9.02499998807907,-49.574005126953125,-49.57402038574219,True,-1.52587890625e-05,58.3073560140492,29.05061859712785,60.16516624128882,3568.5328609591197,1010.9711333333566,wcl
2021-06-22 11:27:34,34007040,train,-72.8775,4.96200001835823,-49.606658935546875,-49.606666564941406,True,-7.62939453125e-06,58.57930147665993,29.05061859712785,63.62527137675304,3528.4435841304694,1004.8485333329952,wcl
2021-06-22 10:11:59,34007040,train,-72.050625,5.459999999329448,-50.562744140625,-50.56275939941406,True,-1.52587890625e-05,66.90750734567509,29.05061859712785,68.4043947810979,3567.2906580151407,1011.8988000000542,wcl
2021-06-22 11:27:24,34007040,train,-71.99125,8.111999988555908,-49.606658935546875,-49.606666564941406,True,-7.62939453125e-06,58.57930147665993,29.05061859712785,63.62527137675304,3528.4435841304694,1004.8485333329952,wcl
2021-06-22 10:12:06,30827265,train,-72.84625,15.579000015258789,-42.43768310546875,-42.43768310546875,True,0.0,1.4767528600828856,39.7653768762597,38.29071082706048,3584.7944267712883,1014.6818000001465,wcl
2021-06-23 14:00:22,30827265,train,-70.189375,21.98700002670288,-43.42841339111328,-43.42841339111328,True,0.0,14.521530307015574,39.7653768762597,39.22250607750528,3585.697847094193,1012.08433333371,wcl
2021-06-23 14:57:33,30827265,train,-70.68625,22.83099998474121,-42.843048095703125,-42.843048095703125,True,0.0,9.047592811576282,39.7653768762597,40.75635214705391,3559.2728026493146,1010.7855999997008,wcl
2021-06-22 14:42:43,30827265,train,-74.66625,18.08300003051757,-44.808380126953125,-44.808380126953125,True,0.0,24.362717392218205,39.7653768762597,48.52800057412183,3547.1895558307165,1009.1157999999618,wcl
2021-06-23 16:11:23,30827265,train,-68.004375,23.08600006103516,-43.91093444824219,-43.91093444824219,True,0.0,18.19616884480207,39.7653768762597,45.81665637617477,3571.2431219278346,1011.8988000000542,wcl
2021-06-22 17:27:18,30827265,train,-76.361875,19.041999921798705,-42.57331848144531,-42.57331848144531,True,0.0,5.293277667561697,39.7653768762597,37.38441462725044,3576.32486124419,1010.9711333333566,wcl
2021-06-22 17:27:21,30827265,train,-72.674375,19.98000009536743,-42.57331848144531,-42.57331848144531,True,0.0,5.293277667561697,39.7653768762597,37.38441462725044,3576.32486124419,1010.9711333333566,wcl
2021-06-23 13:59:53,30827265,train,-69.86125,19.70299993038177,-43.15087890625,-43.15087890625,True,0.0,12.14646331241108,39.7653768762597,38.256480526421576,3585.697847094193,1012.08433333371,wcl
2021-06-22 16:00:02,30827265,train,-73.34375,13.36800003528595,-45.111602783203125,-45.111610412597656,True,-7.62939453125e-06,26.36704383944715,39.7653768762597,41.38753306879486,3592.360571975602,1013.1975333332724,wcl
2021-06-22 10:12:24,30827265,train,-72.493125,15.86200005531311,-43.42475128173828,-43.42475128173828,True,0.0,14.491692810861469,39.7653768762597,38.83528781181828,3584.455644150214,1014.8673333330114,wcl
2021-06-22 10:12:20,30827265,train,-72.218125,16.176999893188476,-43.42475128173828,-43.42475128173828,True,0.0,14.491692810861469,39.7653768762597,38.83528781181828,3584.455644150214,1014.8673333330114,wcl
2021-06-22 11:27:58,30827265,train,-68.051875,20.54400004386902,-42.81605529785156,-42.81605529785156,True,0.0,8.735999416934542,39.7653768762597,43.8169373035232,3584.342716609776,1010.9711333333566,wcl
2021-06-22 14:42:55,30827265,train,-69.545,23.834999923706054,-43.23445129394531,-43.23445129394531,True,0.0,12.891108052865585,39.7653768762597,42.36364168494105,3573.049962573765,1012.2698666665749,wcl
2021-06-23 14:57:25,30827265,train,-70.63,23.713000106811524,-42.843048095703125,-42.843048095703125,True,0.0,9.047592811576282,39.7653768762597,40.75635214705391,3559.2728026493146,1010.7855999997008,wcl
2021-06-22 10:12:02,30827265,train,-72.194375,19.71800000190735,-44.93766784667969,-44.93766784667969,True,0.0,25.219615528289324,39.7653768762597,48.36961299574376,3579.8256149953713,1013.7541333334491,wcl
2021-06-23 14:57:29,30827265,train,-70.67613636363636,22.516161639280995,-42.843048095703125,-42.843048095703125,True,0.0,9.047592811576282,39.7653768762597,40.75635214705391,3559.2728026493146,1010.7855999997008,wcl
2021-06-22 17:27:38,30827265,train,-74.1575,19.22400003433228,-42.57331848144531,-42.57331848144531,True,0.0,5.293277667561697,39.7653768762597,37.38441462725044,3579.9385425358096,1011.1566666670126,wcl
2021-06-23 14:57:30,30827265,train,-70.63180693069307,22.163366383845265,-42.843048095703125,-42.843048095703125,True,0.0,9.047592811576282,39.7653768762597,40.75635214705391,3559.2728026493146,1010.7855999997008,wcl
2021-06-22 10:12:32,30827265,train,-72.105,16.649000062942505,-43.42475128173828,-43.42475128173828,True,0.0,14.491692810861469,39.7653768762597,38.83528781181828,3584.455644150214,1014.6818000001465,wcl
2021-06-23 14:00:24,30827265,train,-70.185,21.757999992370607,-43.42841339111328,-43.42841339111328,True,0.0,14.521530307015574,39.7653768762597,39.22250607750528,3585.697847094193,1012.08433333371,wcl
2021-06-22 17:27:40,30827265,train,-72.284375,21.443000106811525,-42.590057373046875,-42.590057373046875,True,0.0,5.591312685506403,39.7653768762597,37.42186417024489,3588.069325441713,1011.8988000000542,wcl
2021-06-22 11:27:57,30827265,train,-65.758125,21.978999938964844,-43.64031982421875,-43.64031982421875,True,0.0,16.187256947856905,39.7653768762597,46.63186878746273,3577.679991728487,1010.4145333331801,wcl
2021-06-22 17:27:12,30827265,train,-72.64625,20.724999980926512,-42.57331848144531,-42.57331848144531,True,0.0,5.293277667561697,39.7653768762597,37.38441462725044,3576.32486124419,1010.7855999997008,wcl
2021-06-22 16:00:37,30827265,train,-74.610625,14.615,-45.09503173828125,-45.09503173828125,True,0.0,26.257802817365913,39.7653768762597,41.319808940270114,3592.360571975602,1013.1975333332724,wcl
2021-06-23 14:00:21,30827265,train,-70.384375,21.896000099182128,-43.43321990966797,-43.43321990966797,True,0.0,14.560450266384665,39.7653768762597,39.04847291460916,3585.697847094193,1012.08433333371,wcl
2021-06-23 16:11:25,30827265,train,-66.7825,22.74299991607666,-42.654815673828125,-42.654815673828125,True,0.0,6.628302451524421,39.7653768762597,41.33318503116591,3583.552223827309,1013.1975333332724,wcl
2021-06-22 14:42:49,30827265,train,-74.475625,20.172000122070312,-44.808380126953125,-44.808380126953125,True,0.0,24.362717392218205,39.7653768762597,48.52800057412183,3555.3203387367407,1010.0434666666592,wcl
2021-06-22 17:27:11,30827265,train,-72.328125,20.96300001144409,-42.57331848144531,-42.57331848144531,True,0.0,5.293277667561697,39.7653768762597,37.38441462725044,3576.32486124419,1010.7855999997008,wcl
2021-06-22 17:27:19,30827265,train,-72.779375,22.796000022888183,-42.57331848144531,-42.57331848144531,True,0.0,5.293277667561697,39.7653768762597,37.38441462725044,3576.32486124419,1010.7855999997008,wcl
2021-06-23 14:57:50,30827265,train,-70.1225,15.102999992370606,-43.8878173828125,-43.88782501220703,True,-7.62939453125e-06,18.028604292001987,39.7653768762597,39.67829828027028,3596.9906011304447,1015.2384000003233,wcl
2021-06-22 17:27:09,30827265,train,-72.685625,21.337000102996825,-42.57331848144531,-42.57331848144531,True,0.0,5.293277667561697,39.7653768762597,37.38441462725044,3576.32486124419,1010.9711333333566,wcl
2021-06-23 13:59:45,30827265,train,-69.27786144578313,20.62530129214367,-44.477989196777344,-44.477989196777344,True,0.0,22.148799003862358,39.7653768762597,46.164515984696756,3574.5180205983797,1010.9711333333566,wcl
2021-06-22 10:12:10,30827265,train,-71.37,17.321999969482423,-43.352745056152344,-43.352745056152344,True,0.0,13.899629269430253,39.7653768762597,38.81831107975694,3584.455644150214,1014.8673333330114,wcl
2021-06-22 14:42:30,30827265,train,-72.2125,22.30999998092652,-44.808380126953125,-44.808380126953125,True,0.0,24.362717392218205,39.7653768762597,48.52800057412183,3547.302483371155,1009.1157999999618,wcl
2021-06-23 14:57:35,30827265,train,-70.684375,22.34799995422363,-42.843048095703125,-42.843048095703125,True,0.0,9.047592811576282,39.7653768762597,40.75635214705391,3559.2728026493146,1010.7855999997008,wcl
2021-06-23 14:00:07,30827265,train,-70.05875,22.305,-43.43321990966797,-43.43321990966797,True,0.0,14.560450266384665,39.7653768762597,39.04847291460916,3585.697847094193,1012.08433333371,wcl
2021-06-22 14:42:11,30827265,train,-72.653125,21.61899995803833,-44.759849548339844,-44.759849548339844,True,0.0,24.04006865547775,39.7653768762597,48.51454245235246,3547.302483371155,1009.1157999999618,wcl
2021-06-22 17:27:26,30827265,train,-73.234375,20.92799995422364,-42.57331848144531,-42.57331848144531,True,0.0,5.293277667561697,39.7653768762597,37.38441462725044,3576.32486124419,1010.9711333333566,wcl
2021-06-22 15:59:47,30827265,train,-73.21,16.535000019073486,-43.06178283691406,-43.06178283691406,True,0.0,11.31559215541668,39.7653768762597,36.03600051636048,3592.360571975602,1013.3830666669282,wcl
2021-06-23 13:59:47,30827265,train,-71.366875,19.73300001144409,-42.98413848876953,-42.98413848876953,True,0.0,10.553852560084923,39.7653768762597,40.41668304426454,3580.8419628587144,1011.5277333335334,wcl
2021-06-22 14:43:00,30827265,train,-71.75125,15.198999967575071,-42.72331237792969,-42.72332000732422,True,-7.62939453125e-06,7.585951010974301,39.7653768762597,38.88388200721709,3591.457151652576,1015.0528666666673,wcl
2021-06-23 14:00:12,30827265,train,-69.99125,22.467999954223632,-43.43321990966797,-43.43321990966797,True,0.0,14.560450266384665,39.7653768762597,39.04847291460916,3585.697847094193,1012.08433333371,wcl
2021-06-22 10:12:40,30827265,train,-73.98375,11.967000041007996,-43.43830871582031,-43.43830871582031,True,0.0,14.601624111470622,39.7653768762597,38.87454612235898,3596.7647460498083,1015.2384000003233,wcl
2021-06-22 17:27:46,30827265,train,-76.06527777777778,6.913333333863152,-46.608604431152344,-46.608604431152344,True,0.0,36.271608740074385,117.3026240813212,92.05082202183478,3620.253674445096,998.354866666904,wcl
2021-06-22 10:12:41,30827265,train,-73.313125,9.823000030517578,-43.71272277832031,-43.71272277832031,True,0.0,16.73589086500996,108.22157007180296,91.75304991607221,3601.055992583577,1014.8673333330114,wcl
2021-06-22 17:27:44,30827265,train,-76.079375,11.893000059127807,-44.71613311767578,-44.71613311767578,True,0.0,23.748814769099145,108.22157007180296,85.05337609361774,3609.073847949283,1008.9302666670969,wcl
2021-06-22 10:12:44,30827265,train,-75.394375,-0.0480000092089176,-45.7178955078125,-45.7178955078125,True,0.0,30.34902474089009,108.22157007180296,78.59594751663174,3614.4943698865923,1008.559199999785,wcl
2021-06-23 14:57:51,30827265,train,-70.9825,11.499000010490418,-44.70458221435547,-44.70458221435547,True,0.0,23.671835521512033,108.22157007180296,85.07882098893427,3602.5240506081923,1014.4962666664907,wcl
2021-06-23 14:00:44,30827265,train,-73.6525,9.912999992370606,-45.586997985839844,-45.586997985839844,True,0.0,29.488919818965226,108.22157007180296,79.69175523978026,3610.090195812385,1011.3421999998775,wcl
2021-06-22 11:28:02,30827265,train,-75.0225,1.7900000067055226,-44.67548370361328,-44.67548370361328,True,0.0,23.47722521721322,108.22157007180296,86.82079719309303,3605.9118768190556,1013.5685999997932,wcl
2021-06-23 16:12:44,30827264,train,-91.4625,-2.906999992132187,-57.24214172363281,-57.24214172363281,True,0.0,154.29981537725166,276.8931291374552,127.0240227392491,3646.4528638092183,787.4034666663872,refined
2021-06-22 10:13:34,30827264,train,-89.285625,-0.0210000037401914,-56.32719421386719,-56.327239990234375,True,-4.57763671875e-05,138.3169748197951,179.54054182007457,46.521296265596256,3650.51825526223,854.0099333333666,refined
2021-06-23 14:01:14,30827264,train,-84.461875,6.215999999046326,-55.67442321777344,-55.67442321777344,True,0.0,127.8598837631289,179.54054182007457,59.06678943765955,3655.1482844169523,884.4373999999359,refined
2021-06-22 10:13:25,30827264,train,-87.57375,-0.9970000015944244,-56.199806213378906,-56.199859619140625,True,-5.340576171875e-05,136.21723476834558,179.54054182007457,48.94219784160867,3650.969965423743,874.4185999999197,refined
2021-06-22 17:28:22,30827264,train,-87.904375,-0.518999999910593,-56.03447723388672,-56.03447723388672,True,0.0,133.53467522051528,179.54054182007457,52.35681266439944,3653.0026611501885,879.0569333334071,refined
2021-06-22 16:01:12,30827264,train,-79.524375,12.219000062942506,-55.50868225097656,-55.50868225097656,True,0.0,125.3220912468821,179.54054182007457,60.910358864094,3650.4053277219123,888.1480666667258,refined
2021-06-22 16:01:37,30827264,train,-87.323125,2.5219999914616347,-55.883628845214844,-55.883628845214844,True,0.0,131.1299331153117,179.54054182007457,54.000947543438166,3648.3726319952257,865.1419333337361,refined
2021-06-22 14:43:50,30827264,train,-89.324375,-3.32599999666214,-56.55970764160156,-56.55975341796875,True,-4.57763671875e-05,142.2269144509854,179.54054182007457,43.29928909982074,3650.857037883304,854.1954666670224,refined
2021-06-23 14:58:48,30827264,train,-86.4475,1.0359999953955412,-55.41034698486328,-55.41034698486328,True,0.0,123.83776048314019,179.54054182007457,62.57181309440637,3651.534603125453,866.8117333334751,refined
2021-06-22 16:01:01,30827264,train,-82.125625,10.82299997329712,-53.95965576171875,-53.95965576171875,True,0.0,103.68329992743783,179.54054182007457,89.01737935531713,3650.857037883304,890.9310666660272,refined
2021-06-23 14:01:16,30827264,train,-84.37,5.854000000953675,-55.67442321777344,-55.67442321777344,True,0.0,127.8598837631289,179.54054182007457,59.06678943765955,3655.1482844169523,884.4373999999359,refined
2021-06-23 14:01:21,30827264,train,-83.668125,6.213000018596649,-55.67442321777344,-55.67442321777344,True,0.0,127.8598837631289,179.54054182007457,59.06678943765955,3655.1482844169523,884.4373999999359,refined
2021-06-22 16:01:19,30827264,train,-79.715625,11.976999979019164,-55.50868225097656,-55.50868225097656,True,0.0,125.3220912468821,179.54054182007457,60.910358864094,3650.4053277219123,888.3336000003817,refined
2021-06-23 14:01:03,30827264,train,-80.086875,10.867000017166138,-54.373329162597656,-54.373329162597656,True,0.0,109.11348811070718,179.54054182007457,84.5820626316403,3656.9551250628824,893.8995999997755,refined
2021-06-23 14:01:20,30827264,train,-84.56875,5.4699999935925,-55.67442321777344,-55.67442321777344,True,0.0,127.8598837631289,179.54054182007457,59.06678943765955,3655.1482844169523,884.4373999999359,refined
2021-06-22 16:01:03,30827264,train,-82.21625,9.468999981880188,-54.760986328125,-54.760986328125,True,0.0,114.4254607452526,179.54054182007457,74.8028265010945,3650.1794726411563,887.0348666663724,refined
2021-06-23 16:12:37,30827264,train,-90.963125,-1.0369999949634074,-57.24214172363281,-57.24214172363281,True,0.0,154.29981537725166,179.54054182007457,27.05344746220027,3650.066545100838,812.4504666664277,refined
2021-06-22 16:01:33,30827264,train,-78.884375,10.731000022888184,-55.50868225097656,-55.50868225097656,True,0.0,125.3220912468821,179.54054182007457,60.910358864094,3650.1794726411563,885.5506000002893,refined
2021-06-22 17:28:12,30827264,train,-85.78125,2.777000005841255,-56.03447723388672,-56.03447723388672,True,0.0,133.53467522051528,179.54054182007457,52.35681266439944,3653.0026611501885,879.0569333334071,refined
2021-06-23 14:01:12,30827264,train,-83.525625,7.464000015258789,-55.681121826171875,-55.681121826171875,True,0.0,127.9636302886082,179.54054182007457,59.09683070416196,3655.1482844169523,884.4373999999359,refined
2021-06-23 14:58:49,30827264,train,-87.36375,-0.1529999966174364,-55.75892639160156,-55.75892639160156,True,0.0,129.1717428408377,179.54054182007457,56.22763938209906,3651.3087480448175,859.2048666670305,refined
2021-06-22 16:01:04,30827264,train,-81.22625,9.60399998664856,-55.05199432373047,-55.05199432373047,True,0.0,118.56167952861303,179.54054182007457,69.56469258930852,3650.1794726411563,886.8493333335075,refined
2021-06-23 16:12:23,30827264,train,-78.845625,13.825999965667725,-53.836219787597656,-53.836219787597656,True,0.0,102.10890235031785,179.54054182007457,88.7467592294935,3652.8897336098707,895.3838666666496,refined
2021-06-23 16:12:28,30827264,train,-82.951875,8.570999991893768,-55.17535400390625,-55.17535400390625,True,0.0,120.35466794284733,179.54054182007457,65.79994884437087,3650.066545100838,865.327466666601,refined
2021-06-23 16:11:43,30827264,train,-74.859375,15.601999969482424,-49.511138916015625,-49.511138916015625,True,0.0,57.78585887922704,88.31651799386358,34.442573709770734,3658.761965708813,958.465199999704,refined
2021-06-23 16:11:54,30827264,train,-81.099375,12.068000001907349,-51.6090087890625,-51.6090087890625,True,0.0,76.92413654543674,88.31651799386358,21.18861852576983,3659.3266034105236,947.5187333337815,refined
2021-06-23 16:11:47,30827264,train,-77.68625,14.445999975204469,-51.048065185546875,-51.048065185546875,True,0.0,71.42755482650071,88.31651799386358,24.923026023841228,3659.439530950841,949.5596000000412,refined
2021-06-22 14:43:16,30827264,train,-70.91375,13.933999948501588,-49.03776550292969,-49.03776550292969,True,0.0,53.948904382823926,88.31651799386358,38.6318356338186,3661.1334440564533,954.9400666665701,refined
2021-06-22 14:43:08,30827264,train,-68.65375,17.036999979019164,-42.62385559082031,-42.62385559082031,True,0.0,6.152458769891745,88.31651799386358,84.28975341695894,3625.2224862211333,997.7982666667274,refined
2021-06-22 11:28:40,30827264,train,-75.77375,16.595000104904173,-50.918182373046875,-50.918182373046875,True,0.0,70.19711577785463,88.31651799386358,27.36927505761192,3660.9075889754563,947.8898000003022,refined
2021-06-23 16:11:45,30827264,train,-75.1325,16.910999956130983,-50.41743469238281,-50.41743469238281,True,0.0,65.59386337664466,88.31651799386358,28.919690574579942,3659.439530950841,953.455799999696,refined
2021-06-22 17:27:55,30827264,train,-69.23875,12.702999958992004,-48.084190368652344,-48.084190368652344,True,0.0,46.65402749053654,88.31651799386358,44.15213884201626,3659.891241112354,937.6854666666302,refined
2021-06-23 14:57:59,30827264,train,-72.299375,11.542999997138978,-44.316375732421875,-44.316375732421875,True,0.0,21.047020252438504,88.31651799386358,68.85365858784644,3645.77529856707,981.8424000000056,refined
2021-06-23 16:12:07,30827264,train,-80.936875,12.175000038146973,-51.6090087890625,-51.6090087890625,True,0.0,76.92413654543674,88.31651799386358,21.18861852576983,3659.439530950841,945.6634000003864,refined
2021-06-22 11:28:47,30827264,train,-78.988125,11.94200002670288,-53.03276824951172,-53.03276824951172,True,0.0,92.34757996683231,88.31651799386358,12.59820307294055,3656.5034149014905,911.896333333548,refined
2021-06-22 16:00:44,30827264,train,-65.94375,20.73600010871888,-42.66523742675781,-42.66523742675781,True,0.0,6.781599795997615,88.31651799386358,88.50329232012795,3619.011471501117,997.4272000002065,refined
2021-06-22 11:28:17,30827264,train,-69.525625,13.41600001335144,-49.40541076660156,-49.40541076660156,True,0.0,56.91528320730474,88.31651799386358,35.423580508777796,3659.778313571915,962.7324666666707,refined
2021-06-22 16:00:47,30827264,train,-66.336875,16.317000026702882,-42.73853302001953,-42.73853302001953,True,0.0,7.784469025952111,88.31651799386358,81.18275387903762,3634.708399611454,984.4398666664421,refined
2021-06-23 14:58:33,30827264,train,-75.895625,17.373999938964843,-54.13079071044922,-54.13079071044922,True,0.0,105.90065852832095,88.31651799386358,17.586227365349664,3655.2612119575115,914.4937999999845,refined
2021-06-23 14:58:06,30827264,train,-77.4925,12.821999940872193,-51.256568908691406,-51.256568908691406,True,0.0,73.43540743158329,88.31651799386358,26.835444485526416,3657.6326903050312,934.7169333336728,refined
2021-06-22 11:28:21,30827264,train,-75.329375,15.283999967575074,-50.38401794433594,-50.38401794433594,True,0.0,65.29431143595137,88.31651799386358,30.00589213744585,3660.3429512737457,957.7230666666626,refined
2021-06-23 16:11:53,30827264,train,-81.095625,12.41099995613098,-51.567543029785156,-51.567543029785156,True,0.0,76.50731266041817,88.31651799386358,21.483904377829393,3659.3266034105236,947.5187333337815,refined
2021-06-22 17:27:47,30827264,train,-70.00625,15.872999997138978,-42.940338134765625,-42.940338134765625,True,0.0,10.10515843488423,88.31651799386358,88.4334622440264,3626.4646891651123,991.8612000000218,refined
2021-06-23 14:57:58,30827264,train,-68.685,14.393000073432924,-43.50324249267578,-43.50324249267578,True,0.0,15.121154824538408,88.31651799386358,74.48983356601079,3639.564283847053,985.9241333333161,refined
2021-06-23 16:12:11,30827264,train,-80.585625,12.207999935150148,-51.6090087890625,-51.6090087890625,True,0.0,76.92413654543674,88.31651799386358,21.18861852576983,3659.3266034105236,945.6634000003864,refined
2021-06-22 11:28:30,30827264,train,-75.33,16.161999969482423,-50.70796203613281,-50.70796203613281,True,0.0,68.23788329269956,88.31651799386358,28.54408195366645,3660.2300237334284,957.5375333330066,refined
2021-06-23 14:58:03,30827264,train,-73.306875,17.82999994277954,-48.544898986816406,-48.544898986816406,True,0.0,50.1107296804204,88.31651799386358,42.30502124111003,3658.987820789449,956.9809333336209,refined
2021-06-23 14:58:09,30827264,train,-79.519375,11.24400001525879,-52.89173889160156,-52.89173889160156,True,0.0,90.71729279042762,88.31651799386358,14.300870014030261,3655.2612119575115,919.6887333336485,refined
2021-06-23 14:58:31,30827264,train,-75.93875,17.22599994659424,-54.13079071044922,-54.13079071044922,True,0.0,105.90065852832095,88.31651799386358,17.586227365349664,3655.2612119575115,914.4937999999845,refined
2021-06-23 14:00:46,30827264,train,-64.80229591836735,19.684693881443568,-43.184837341308594,-43.184837341308594,True,0.0,12.452698635174672,58.006969788766945,70.45241782515579,3618.22097871865,1005.405133333172,refined
2021-06-22 10:13:37,26681600,train,-88.653125,-2.2160000052303075,-64.96820068359375,-64.96820068359375,True,0.0,380.8378070126281,399.0253220066563,33.9029063725013,3650.857037883304,831.3748666668977,wcl
2021-06-22 10:13:38,26681600,train,-91.7125,-3.348000003173947,-65.02873229980469,-65.02873229980469,True,0.0,383.5160403958899,399.0253220066563,27.62351082113234,3650.857037883304,822.8403333337556,wcl
2021-06-22 11:28:58,26681600,train,-88.21354166666667,-2.5309523851388978,-65.06401062011719,-65.06401062011719,True,0.0,385.0854035210897,399.0253220066563,26.853701261981424,3650.1794726411563,823.7679999996622,wcl
2021-06-22 11:28:59,26681600,train,-90.17137096774194,-3.650537648748967,-65.14971923828125,-65.14971923828125,True,0.0,388.92464781107253,399.0253220066563,18.840560737213117,3649.8406900200816,815.7900666666967,wcl
2021-06-22 14:43:51,26681600,train,-87.791015625,-0.2625000010399769,-64.9074478149414,-64.9074478149414,True,0.0,378.1685944672251,399.0253220066563,36.610428892159945,3650.969965423743,849.5571333335351,wcl
2021-06-22 14:43:52,26681600,train,-92.5,-4.292999991774559,-64.97895050048828,-64.97895050048828,True,0.0,381.31226771290386,399.0253220066563,30.090113680387635,3651.1958205043784,845.4754000002245,wcl
2021-06-22 16:01:41,26681600,train,-90.8034793814433,-4.672164942339523,-65.04036712646484,-65.04036712646484,True,0.0,384.0329405358129,399.0253220066563,30.146030087814818,3648.937269697297,836.3842666669058,wcl
2021-06-22 17:28:40,26681600,train,-87.8975,1.769999994635582,-65.02154541015625,-65.02154541015625,True,0.0,383.1970157367957,399.0253220066563,28.701667352280243,3651.1958205043784,828.5918666660143,wcl
2021-06-22 17:28:41,26681600,train,-93.00426136363636,-3.317045448771254,-65.09022521972656,-65.09022521972656,True,0.0,386.2557720557326,399.0253220066563,22.370646195731776,3650.857037883304,819.1296666669657,wcl
2021-06-22 11:30:36,26607105,train,-100.47125,-7.189999995231628,-62.19389343261719,-62.19389343261719,True,0.0,276.01614767649545,331.95014988644436,94.61200218909289,3476.496915563858,521.719733332302,refined
2021-06-23 16:14:20,26607105,train,-96.63375,4.177000002339482,-62.85118865966797,-62.85118865966797,True,0.0,297.9370010805437,331.95014988644436,67.26400224419488,3473.560799514266,521.3486666665722,refined
2021-06-23 15:00:59,26607105,train,-96.46484375,1.9062499951881664,-62.55816650390625,-62.55816650390625,True,0.0,287.96129000519824,331.95014988644436,78.44876418606682,3489.8223653264345,528.5844666664959,refined
2021-06-22 11:30:41,26607105,train,-104.32380319148936,-11.419148919430183,-63.302879333496094,-63.302879333496094,True,0.0,313.98230985298994,331.95014988644436,57.41002729875089,3436.8593488966,507.0626000003804,refined
2021-06-22 11:30:34,26607105,train,-98.995625,-5.108000003099441,-61.69378662109375,-61.69378662109375,True,0.0,260.40334039658893,331.95014988644436,109.00835056915791,3493.661901698931,529.1410666666727,refined
2021-06-23 14:02:19,26607105,train,-96.783125,-0.2309999936074018,-61.156700134277344,-61.156707763671875,True,-7.62939453125e-06,244.59630372661664,271.6730212916158,28.44778190273401,3535.670946713709,547.6943999998309,refined
2021-06-23 16:14:08,26607105,train,-95.14,2.0570000014454126,-60.33131408691406,-60.33131408691406,True,0.0,222.10700453523665,271.6730212916158,51.44807546884371,3551.932512525877,557.8987333335031,refined
2021-06-23 16:14:09,26607105,train,-95.82375,2.315999985560775,-60.58860778808594,-60.58860778808594,True,0.0,228.89303842598684,271.6730212916158,44.24279870935065,3547.076628290278,553.4459333336715,refined
2021-06-22 16:02:14,26607105,train,-82.68875,13.759000005722044,-58.38939666748047,-58.38939666748047,True,0.0,176.78329378822116,271.6730212916158,104.55713518137898,3585.8107746346313,589.6249333332906,refined
2021-06-22 10:14:13,26607105,train,-96.620625,2.6010000025480986,-60.028717041015625,-60.028717041015625,True,0.0,214.3748485193297,271.6730212916158,60.92850422097734,3547.980048613183,557.3421333333263,refined
2021-06-23 15:00:56,26607105,train,-99.150625,0.2399999984353781,-61.99853515625,-61.99853515625,True,0.0,269.8113743278462,271.6730212916158,3.185945334346158,3511.3915255358343,537.6755999998147,refined
2021-06-22 16:02:23,26607105,train,-93.833125,3.946999994069338,-59.07440185546875,-59.07440185546875,True,0.0,191.6520283944626,271.6730212916158,90.3169841754959,3559.837440351386,566.2477333337802,refined
2021-06-22 10:14:06,26607105,train,-86.055,14.403999991416931,-58.310302734375,-58.310302734375,True,0.0,175.13866923097152,271.6730212916158,106.43232281493093,3590.2149487087177,592.5934666670389,refined
2021-06-22 14:44:37,26607105,train,-82.66,15.453999977111817,-52.5283203125,-52.5283203125,True,0.0,86.62456781668189,141.14940860039505,65.40967087929107,3632.2239937234954,695.1933999999815,refined
2021-06-22 16:02:03,26607105,train,-81.711875,16.980999956130983,-54.07843017578125,-54.07843017578125,True,0.0,105.2178814165231,141.14940860039505,47.667035952666694,3625.2224862211333,633.4108000001453,refined
2021-06-22 14:44:26,26607105,train,-82.11875,15.605000066757205,-52.51405334472656,-52.51405334472656,True,0.0,86.46707234811609,141.14940860039505,65.59102530363396,3632.2239937234954,695.1933999999815,refined
2021-06-22 14:44:31,26607105,train,-83.070625,15.912999982833862,-52.5283203125,-52.5283203125,True,0.0,86.62456781668189,141.14940860039505,65.40967087929107,3632.2239937234954,695.1933999999815,refined
2021-06-22 17:28:57,26607105,train,-84.501875,13.938000001907348,-51.036643981933594,-51.03666687011719,True,-2.288818359375e-05,71.3189429280322,141.14940860039505,80.31153489086124,3628.949095053071,677.5677333335207,refined
2021-06-23 16:13:53,26607105,train,-83.2025,17.83799997329712,-55.807655334472656,-55.807655334472656,True,0.0,129.93365383407155,141.14940860039505,28.25553287171452,3623.5285731157614,615.9706666665494,refined
2021-06-22 14:44:47,26607105,train,-84.0325,15.7060000705719,-52.5283203125,-52.5283203125,True,0.0,86.62456781668189,141.14940860039505,65.40967087929107,3632.336921263934,695.1933999999815,refined
2021-06-22 10:13:52,26607105,train,-82.1375,15.30999997138977,-49.580596923828125,-49.580604553222656,True,-7.62939453125e-06,58.362060798040794,141.14940860039505,93.2490199363068,3629.965442916414,683.3192666665705,refined
2021-06-22 16:01:57,26607105,train,-75.494375,18.69599998474121,-49.314727783203125,-49.31474304199219,True,-1.52587890625e-05,56.17506071434249,141.14940860039505,97.406303422878,3628.8361675126325,689.256333333276,refined
2021-06-23 14:59:55,26607105,train,-83.594375,7.601000003814697,-52.494361877441406,-52.494361877441406,True,0.0,86.24988625961831,141.14940860039505,65.74876148347188,3632.9015589657647,693.5236000002425,refined
2021-06-22 11:30:08,26607105,train,-81.91625,12.972999992370603,-51.360076904296875,-51.36009979248047,True,-2.288818359375e-05,74.44772337800822,141.14940860039505,76.43187679356643,3627.3681094878966,662.5395333334964,refined
2021-06-23 14:59:17,26607105,train,-84.01875,7.572000021338463,-52.53033447265625,-52.53033447265625,True,0.0,86.6467880734997,141.14940860039505,65.66326009176517,3633.014486506203,693.5236000002425,refined
2021-06-23 14:59:48,26607105,train,-83.666875,8.153000013828278,-52.494361877441406,-52.494361877441406,True,0.0,86.24988625961831,141.14940860039505,65.74876148347188,3632.9015589657647,693.5236000002425,refined
2021-06-22 14:45:07,26607105,train,-85.8025,15.556999998092651,-52.5283203125,-52.5283203125,True,0.0,86.62456781668189,141.14940860039505,65.40967087929107,3632.2239937234954,694.8223333334607,refined
2021-06-23 15:00:34,26607105,train,-82.4525,17.190000066757204,-55.34050750732422,-55.34050750732422,True,0.0,122.79345823605887,141.14940860039505,31.91452943673641,3627.142254407261,631.3699333323035,refined
2021-06-22 11:30:12,26607105,train,-82.45625,4.531999999135732,-54.24803161621094,-54.24803161621094,True,0.0,107.4432010251885,141.14940860039505,44.57315717979868,3626.5776167055506,628.2158666664814,refined
2021-06-23 14:02:05,26607105,train,-84.5525,10.704000034332276,-56.859405517578125,-56.859405517578125,True,0.0,147.41608310037228,141.14940860039505,19.59308563482666,3613.7038771042457,604.0965333323472,refined
2021-06-22 11:29:06,26607105,train,-78.58,9.122999997138978,-46.95018005371094,-46.9501953125,True,-1.52587890625e-05,38.59733756559759,49.24177201001202,62.30833005317318,3643.742602840504,769.0356666668847,refined
2021-06-22 11:29:20,26607105,train,-77.69,14.604999980926516,-46.49125671386719,-46.49125671386719,True,0.0,35.48092488271237,49.24177201001202,30.673256609963406,3641.8228346543756,759.944533333566,refined
2021-06-22 10:13:44,26607105,train,-82.488125,7.057000031471253,-48.16975402832031,-48.169769287109375,True,-1.52587890625e-05,47.287216417688356,49.24177201001202,76.12579169608694,3643.96845792126,763.6552000003559,refined
2021-06-23 16:13:36,26607105,train,-83.70625,7.647000029087066,-50.50450134277344,-50.50450134277344,True,0.0,66.37868474689532,49.24177201001202,96.03407424350638,3635.724747474918,719.3127333333246,refined
2021-06-22 14:44:08,26607105,train,-79.150625,5.496999998092651,-46.75996398925781,-46.759979248046875,True,-1.52587890625e-05,37.29745505407854,49.24177201001202,60.079274078026245,3644.5330956230905,765.5105333337508,refined
2021-06-23 16:13:08,26607105,train,-89.7625,-0.3179999979585409,-53.222381591796875,-53.222381591796875,True,0.0,94.5775239595613,49.24177201001202,127.0240227392491,3645.2106608653594,779.7965999999426,refined
2021-06-22 11:30:03,26607105,train,-78.3875,15.186000022888184,-48.663978576660156,-48.66398620605469,True,-7.62939453125e-06,51.02431518364235,49.24177201001202,6.759615361113578,3634.708399611454,705.3977333336536,refined
2021-06-23 14:01:52,26607105,train,-83.30375,10.212000041007997,-45.95771026611328,-45.957725524902344,True,-1.52587890625e-05,31.929004843156196,49.24177201001202,42.60032832181586,3637.305733039851,712.6335333335774,refined
2021-06-22 11:29:35,26607105,train,-76.915625,13.740999994277956,-46.49125671386719,-46.49125671386719,True,0.0,35.48092488271237,49.24177201001202,30.673256609963406,3641.709907113937,757.5325999999944,refined
2021-06-22 16:01:54,26607105,train,-79.996875,11.412999997138977,-46.92333984375,-46.92333984375,True,0.0,38.41301108390515,49.24177201001202,23.606400933291077,3633.014486506203,715.7876000001907,refined
2021-06-22 11:29:18,26607105,train,-77.7525,14.723999967575072,-46.49125671386719,-46.49125671386719,True,0.0,35.48092488271237,49.24177201001202,30.673256609963406,3641.8228346543756,759.944533333566,refined
2021-06-23 14:58:58,26607105,train,-83.49,7.820000016093254,-48.99517822265625,-48.99517822265625,True,0.0,53.611248189625115,49.24177201001202,82.53479141742756,3646.678718889975,778.4978666667243,refined
2021-06-22 11:29:10,26607105,train,-80.81625,11.662999954223633,-46.080169677734375,-46.080177307128906,True,-7.62939453125e-06,32.73913490232227,49.24177201001202,42.04475048645916,3642.5003998966445,759.5734666670453,refined
2021-06-23 16:13:33,26607105,train,-87.773125,3.0540000096708537,-52.464263916015625,-52.464263916015625,True,0.0,85.91882912930433,49.24177201001202,117.55622173433335,3637.757443201243,732.8566666664747,refined
2021-06-22 11:29:29,26607105,train,-77.725,15.690999984741213,-46.49125671386719,-46.49125671386719,True,0.0,35.48092488271237,49.24177201001202,30.673256609963406,3641.8228346543756,759.944533333566,refined
2021-06-23 16:13:15,26607105,train,-90.241875,-1.1579999938607215,-53.222381591796875,-53.222381591796875,True,0.0,94.5775239595613,49.24177201001202,127.0240227392491,3645.2106608653594,779.6110666670777,refined
2021-06-22 16:01:48,26607105,train,-78.27125,9.959000025987626,-48.272789001464844,-48.272804260253906,True,-1.52587890625e-05,48.054837018744145,49.24177201001202,75.47718613729396,3643.065037598355,769.7777999999264,refined
2021-06-22 16:01:52,26607105,train,-81.84375,8.12800004005432,-46.17400360107422,-46.17401123046875,True,-7.62939453125e-06,33.361751891283866,49.24177201001202,41.68731447219413,3637.1928054995333,733.2277333337865,refined
2021-06-22 16:01:44,26607105,train,-82.74375,-3.245999987572432,-51.513427734375,-51.513427734375,True,0.0,75.96585340186688,70.18795247854672,7.35100355700901,3648.1467769145897,808.7398000004288,refined
2021-06-22 14:43:59,26607105,train,-84.36,-3.249999981820584,-51.00739288330078,-51.00739288330078,True,0.0,71.040607038667,70.18795247854672,2.878200060879277,3651.8733857466477,822.6548000000997,refined
2021-06-22 11:32:28,26722816,train,-77.30625,13.898999977111815,-55.375282287597656,-55.375282287597656,True,0.0,123.3121704663199,692.9858316976906,580.9710679904456,2654.4973492661097,312.2526000002412,wcl
2021-06-22 11:32:22,26722816,train,-75.39045698924731,20.03978491342196,-52.414520263671875,-52.414520263671875,True,0.0,85.3740078810329,597.1556431438754,527.5673632042456,2704.4113221063963,318.93179999998836,wcl
2021-06-22 11:32:17,26722816,train,-77.440625,19.492999992370606,-52.09356689453125,-52.09356689453125,True,0.0,81.92444972349652,597.1556431438754,532.0675241256105,2756.696773294083,333.2178666669711,wcl
2021-06-22 11:32:20,26722816,train,-79.943125,17.471999959945677,-52.09356689453125,-52.09356689453125,True,0.0,81.92444972349652,597.1556431438754,532.0675241256105,2724.7382793714564,324.68333333303804,wcl
2021-06-23 15:02:48,26722816,train,-77.28125,20.20700002670288,-52.37818908691406,-52.37818908691406,True,0.0,84.97787373067216,502.9516491109367,434.04354413519695,2846.135385261068,357.3372000003141,wcl
2021-06-23 15:02:25,26722816,train,-77.036875,19.70200006484985,-52.37818908691406,-52.37818908691406,True,0.0,84.97787373067216,411.4922363158827,338.6359925555707,2985.9396802296123,395.3715333333281,wcl
2021-06-23 15:02:26,26722816,train,-76.885,20.547999839782715,-52.37818908691406,-52.37818908691406,True,0.0,84.97787373067216,411.4922363158827,338.6359925555707,2983.6811294222903,394.81493333315143,wcl
2021-06-22 11:31:41,26722816,train,-78.94375,16.941000003814697,-52.08711242675781,-52.08711242675781,True,0.0,81.85631870418617,280.95458663821387,219.6014154996762,3099.5447858341545,424.8713333332,wcl
2021-06-22 14:46:31,26722816,train,-90.400625,4.40200000025332,-59.966896057128906,-59.966896057128906,True,0.0,212.82768351248117,280.95458663821387,82.32796945279028,3080.1212488919996,421.1606666664102,wcl
2021-06-23 14:04:01,26722816,train,-98.733125,2.031000004261732,-61.54503631591797,-61.54539489746094,True,-0.00035858154296875,255.93875827768494,280.95458663821387,47.793913745509904,3029.3038557289283,407.9877999997808,wcl
2021-06-23 15:01:55,26722816,train,-76.588125,20.7920000076294,-52.37818908691406,-52.37818908691406,True,0.0,84.97787373067216,280.95458663821387,219.09512249858594,3074.4748718738138,421.53173333372195,wcl
2021-06-23 15:02:09,26722816,train,-76.4975,17.88200002670288,-52.37818908691406,-52.37818908691406,True,0.0,84.97787373067216,280.95458663821387,219.09512249858594,3033.933884883651,409.10100000013415,wcl
2021-06-23 15:02:13,26722816,train,-76.549375,17.925999937057494,-52.37818908691406,-52.37818908691406,True,0.0,84.97787373067216,280.95458663821387,219.09512249858594,3019.5920872576103,405.2047999996884,wcl
2021-06-22 10:15:31,26722816,train,-77.723125,13.956000022888183,-59.04399871826172,-59.04399871826172,True,0.0,190.96721212798997,280.95458663821387,103.11932818400989,3074.813654494888,420.6040666670245,wcl
2021-06-22 16:03:27,26722816,train,-77.1275,15.227000036239623,-58.03303527832031,-58.03303527832031,True,0.0,169.4883222683538,280.95458663821387,123.83538028546674,3094.0113363564074,426.72666666659495,wcl
2021-06-23 16:15:23,26722816,train,-94.961875,5.451999997869134,-61.23332214355469,-61.233642578125,True,-0.0003204345703125,246.80178661394805,280.95458663821387,52.86329539088452,3042.629305491626,410.5852666670083,wcl
2021-06-22 11:31:36,26722816,train,-78.443125,18.65699996948242,-52.08711242675781,-52.08711242675781,True,0.0,81.85631870418617,187.8855474960355,120.25035518445674,3116.8226995095456,430.8083999999056,wcl
2021-06-23 16:15:11,26722816,train,-82.283125,13.979000053405764,-55.7364501953125,-55.7364501953125,True,0.0,128.82149375025833,187.8855474960355,65.01277579528052,3168.5435129957627,446.76426666662735,wcl
2021-06-22 11:31:23,26722816,train,-77.8025,19.529999980926515,-52.13550567626953,-52.13550567626953,True,0.0,82.36884019290262,187.8855474960355,120.05445015694796,3172.721831989092,446.39320000010656,wcl
2021-06-22 16:03:26,26722816,train,-79.58,12.705000014305115,-57.515228271484375,-57.515228271484375,True,0.0,159.3935371435259,187.8855474960355,33.844206414781105,3107.336786119104,430.6228666670407,wcl
2021-06-22 11:31:31,26722816,train,-77.52375,19.290000019073485,-52.08068084716797,-52.08068084716797,True,0.0,81.78828685301943,187.8855474960355,120.36194369909933,3120.3234532608476,432.10713333233286,wcl
2021-06-22 11:31:30,26722816,train,-77.286875,19.495999965667725,-52.09471130371094,-52.09471130371094,True,0.0,81.93651085946927,187.8855474960355,120.33360999272973,3124.0500620929056,432.4782000004356,wcl
2021-06-22 17:30:49,26722816,train,-79.669375,22.63800001144409,-51.766876220703125,-51.766876220703125,True,0.0,78.52646311164061,108.01147236622788,30.52711959735526,3255.723574155426,470.6980666671055,wcl
2021-06-23 14:03:43,26722816,train,-76.771875,20.06499994277954,-53.794471740722656,-53.794471740722656,True,0.0,101.58101818444112,108.01147236622788,12.069845328740854,3209.310355066321,459.56606666673594,wcl
2021-06-23 15:01:32,26722816,train,-77.863125,20.30999998092652,-51.425506591796875,-51.425506591796875,True,0.0,75.09246934536696,108.01147236622788,34.74309738747841,3234.154413946146,463.0911999998699,wcl
2021-06-22 17:31:38,26722816,train,-76.11,17.47,-54.049713134765625,-54.049713134765625,True,0.0,104.84500843848464,108.01147236622788,17.769415948182363,3200.3890793779506,459.00946666655926,wcl
2021-06-22 10:15:18,26722816,train,-78.95125,18.76899995803833,-51.86283874511719,-51.86283874511719,True,0.0,79.51310639436902,108.01147236622788,29.267449236011718,3227.152906443663,461.60693333299577,wcl
2021-06-22 11:31:05,26722816,train,-77.98625,17.761999921798704,-49.32286071777344,-49.32286071777344,True,0.0,56.2410885698903,108.01147236622788,78.12243907815812,3295.2482132822456,475.3363999998018,wcl
2021-06-22 14:46:06,26722816,train,-78.03875,18.61799997329712,-49.073402404785156,-49.073402404785156,True,0.0,54.23247971494762,108.01147236622788,95.11580871245118,3281.1322707369613,474.59426666596926,wcl
2021-06-23 16:14:52,26722816,train,-76.456875,22.546000061035155,-50.27550506591797,-50.27550506591797,True,0.0,64.32793358293371,108.01147236622788,49.229217697411016,3253.803805969178,464.9465333332648,wcl
2021-06-22 17:30:58,26722816,train,-79.51625,20.198000049591062,-51.869117736816406,-51.869117736816406,True,0.0,79.57795527438068,108.01147236622788,29.18053041931654,3255.723574155426,470.6980666671055,wcl
2021-06-22 16:03:05,26722816,train,-77.75625,21.235999984741213,-49.027366638183594,-49.027366638183594,True,0.0,53.86633134759513,108.01147236622788,84.31601170170933,3294.683575580415,476.63513333302006,wcl
2021-06-22 17:30:29,26722816,train,-77.5625,20.19700002670288,-49.04847717285156,-49.04847717285156,True,0.0,54.03405595636457,108.01147236622788,85.96122217671454,3275.1471110977013,473.6666000000628,wcl
2021-06-22 17:30:51,26722816,train,-80.49875,19.46099998474121,-51.7855224609375,-51.7855224609375,True,0.0,78.71745582140292,108.01147236622788,30.26129795494009,3255.723574155426,470.6980666671055,wcl
2021-06-22 17:31:16,26722816,train,-79.110625,21.4570000076294,-51.869117736816406,-51.869117736816406,True,0.0,79.57795527438068,108.01147236622788,29.18053041931654,3255.723574155426,470.6980666671055,wcl
2021-06-23 14:03:30,26722816,train,-78.585,24.0599998664856,-51.07221984863281,-51.07221984863281,True,0.0,71.65800695761793,108.01147236622788,39.39131700787109,3258.659690204777,468.84273333371056,wcl
2021-06-22 10:14:52,26722816,train,-75.85,21.10199993133545,-50.85491180419922,-50.85491180419922,True,0.0,69.60324327428248,108.01147236622788,40.99229281762495,3261.3699511736118,465.5031333334415,wcl
2021-06-22 11:31:02,26722816,train,-77.944375,15.949999952316285,-49.36021423339844,-49.36021423339844,True,0.0,56.54565131434311,108.01147236622788,91.25607444274875,3294.457720499659,474.59426666596926,wcl
2021-06-22 17:30:47,26722816,train,-78.659375,22.91399993896484,-51.766876220703125,-51.766876220703125,True,0.0,78.52646311164061,108.01147236622788,30.52711959735526,3255.723574155426,470.6980666671055,wcl
2021-06-22 11:31:00,26722816,train,-79.770625,14.822000036239624,-49.68738555908203,-49.68738555908203,True,0.0,59.254877857723216,108.01147236622788,104.67070725337749,3294.344792959341,474.22320000023944,wcl
2021-06-22 10:15:08,26722816,train,-75.394375,24.376000022888185,-51.060546875,-51.060546875,True,0.0,71.54642473765894,108.01147236622788,39.76926673427437,3261.4828787138094,465.3175999997856,wcl
2021-06-22 17:31:03,26722816,train,-79.3125,21.39100006103516,-51.869117736816406,-51.869117736816406,True,0.0,79.57795527438068,108.01147236622788,29.18053041931654,3255.723574155426,470.6980666671055,wcl
2021-06-22 17:29:52,26722816,train,-78.359375,24.037000007629395,-49.6988525390625,-49.6988525390625,True,0.0,59.351296627670735,89.6212997426159,40.61099563261349,3338.2736061602463,487.02500000034803,wcl
2021-06-22 17:30:02,26722816,train,-78.43625,24.41700002670288,-49.7078857421875,-49.7078857421875,True,0.0,59.42720353801308,89.6212997426159,40.63349201771652,3338.2736061602463,486.83946666669215,wcl
2021-06-22 14:45:59,26722816,train,-85.551875,14.374000072479248,-54.33453369140625,-54.33453369140625,True,0.0,108.5941412867824,89.6212997426159,90.56133005243586,3332.175518980668,487.3960666668688,wcl
2021-06-23 14:02:45,26722816,train,-91.049375,12.224000005722043,-55.63439178466797,-55.63439178466797,True,0.0,127.24288676071573,89.6212997426159,108.88325738147209,3388.0746514602147,495.0029333333134,wcl
2021-06-22 17:29:48,26722816,train,-78.294375,23.451999988555908,-49.71520233154297,-49.71520233154297,True,0.0,59.48888261623712,89.6212997426159,40.429147492061446,3338.160678619928,487.02500000034803,wcl
2021-06-22 10:14:29,26722816,train,-96.973125,5.957000031471252,-57.316558837890625,-57.316558837890625,True,0.0,155.67266516934225,156.19691601434133,73.6226626515605,3421.6141309476543,497.6003999997499,wcl
2021-06-22 16:02:41,26722816,train,-99.57,0.8710000050067902,-57.951576232910156,-57.95158386230469,True,-7.62939453125e-06,167.86153012509814,132.82167207334504,42.96034030570453,3425.227812239274,503.5374666664555,wcl
2021-06-23 16:14:25,26722816,train,-99.30375,4.953999969959259,-57.720245361328125,-57.720245361328125,True,0.0,163.32059056991451,132.82167207334504,40.207131993325945,3436.7464213562816,506.87706666672455,wcl
2021-06-22 11:32:48,26349056,train,-103.21375,-8.911999974250794,-66.2807846069336,-66.28170776367188,True,-0.00092315673828125,443.3353477814012,992.7672660039029,565.9973784659741,2497.415140622175,317.2620000002493,wcl
2021-06-22 11:32:49,26349056,train,-103.0546875,-8.42604165772597,-66.50250244140625,-66.50347900390625,True,-0.0009765625,454.847645098083,992.7672660039029,552.8854650148276,2487.3645895296618,317.818600000426,wcl
2021-06-23 15:03:25,26349056,train,-92.78625,1.3029999976605178,-65.35322570800781,-65.35396575927734,True,-0.00074005126953125,398.22767026525054,992.7672660039029,619.4832828022185,2493.0109665478476,321.9003333337366,wcl
2021-06-22 11:32:40,26349056,train,-96.43125,-1.7729999985545877,-64.57400512695312,-64.57461547851562,True,-0.0006103515625,363.86917856978835,893.0621450579098,562.3433201494112,2569.914621534723,314.8500666666777,wcl
2021-06-22 11:32:46,26349056,train,-99.14097222222222,-5.511111101590925,-65.83395385742188,-65.83477783203125,True,-0.000823974609375,421.00646008036176,893.0621450579098,492.472275537246,2516.838677564209,317.07646666659343,wcl
2021-06-22 11:32:47,26349056,train,-100.338125,-8.014999995231628,-66.05531311035156,-66.05619812011719,True,-0.000885009765625,431.9257495597063,893.0621450579098,479.62088692505574,2507.2398366336906,317.07646666659343,wcl
2021-06-23 15:03:21,26349056,train,-93.08125,7.497000029683113,-64.44638061523438,-64.44697570800781,True,-0.0005950927734375,358.52855063610565,893.0621450579098,569.7678268879389,2532.9873158363,320.0450000003417,wcl
2021-06-23 15:03:22,26349056,train,-98.74125,1.5989999953657388,-64.65836334228516,-64.65898132324219,True,-0.00061798095703125,367.44272965765754,893.0621450579098,558.2647453397918,2523.162619824784,320.6015999997274,wcl
2021-06-23 15:03:23,26349056,train,-100.218125,0.5470000061392785,-64.88304901123047,-64.88371276855469,True,-0.00066375732421875,377.13071101268486,893.0621450579098,546.0946830184129,2513.22499627271,321.34373333355995,wcl
2021-06-23 15:03:24,26349056,train,-97.95125,-0.3589999964088201,-65.11328125,-65.11397552490234,True,-0.00069427490234375,387.3189310324112,893.0621450579098,533.4574902802254,2503.174445180558,321.52926666642486,wcl
2021-06-22 14:46:39,26349056,train,-100.221875,0.3750000004470348,-65.48101806640625,-65.48178100585938,True,-0.000762939453125,404.16099018388155,495.43172777055685,126.28482851457701,2993.392897893729,397.9689999997646,wcl
2021-06-22 14:46:40,26349056,train,-95.61657303370788,-0.3685393223769209,-65.62694549560547,-65.62773895263672,True,-0.00079345703125,411.04374523035517,495.43172777055685,118.05472586984821,2980.519158292303,394.6294000002865,wcl
2021-06-23 14:04:04,26349056,train,-92.78590425531917,2.939361718344561,-65.54249572753906,-65.54327392578125,True,-0.0007781982421875,407.0470129888027,495.43172777055685,122.89061594232761,2992.9411877320954,397.7834666668997,wcl
2021-06-22 10:15:35,26349056,train,-93.970625,7.034999999403953,-64.60311889648438,-64.6037368774414,True,-0.00061798095703125,365.09891249197375,426.4704765493362,61.3734044464544,3025.238464275917,406.68906666656255,wcl
2021-06-22 10:15:36,26349056,train,-101.309375,1.0399999921023846,-64.82743072509766,-64.82807922363281,True,-0.00064849853515625,374.70918690724517,426.4704765493362,52.30025942173868,3013.0422899167606,403.5349999999494,wcl
2021-06-22 14:46:33,26349056,train,-88.0875,7.783000026121735,-64.51960754394531,-64.52020263671875,True,-0.0005950927734375,361.5829998435774,426.4704765493362,65.0662273604381,3061.939914893583,416.1512666664021,wcl
2021-06-22 14:46:34,26349056,train,-96.754375,3.849999993741512,-64.69860076904297,-64.69923400878906,True,-0.00063323974609375,369.15921588591186,426.4704765493362,57.33560976802863,3052.002291341629,413.36826666710067,wcl
2021-06-22 14:46:35,26349056,train,-100.135,2.3620000030845403,-64.86978149414062,-64.87044525146484,True,-0.00066375732421875,376.55178445207935,426.4704765493362,50.57405897246467,3041.274175007088,410.5852666670083,wcl
2021-06-22 14:46:36,26349056,train,-102.824375,-0.4519999913871288,-65.03426361083984,-65.03494262695312,True,-0.00067901611328125,383.7918514757489,426.4704765493362,44.95264889459556,3029.981420970957,407.8022666669159,wcl
2021-06-22 14:46:37,26349056,train,-101.613125,0.2249999983608722,-65.19046020507812,-65.191162109375,True,-0.000701904296875,390.7949235241858,426.4704765493362,40.83669132526552,3018.236956773193,404.6482000003027,wcl
2021-06-22 14:46:38,26349056,train,-100.880625,0.3039999982714653,-65.33625793457031,-65.33698272705078,True,-0.00072479248046875,397.44595317153335,426.4704765493362,38.53714738681525,3005.8149273334006,401.49413333368955,wcl
2021-06-22 16:03:32,26349056,train,-89.37847222222223,6.06444445575277,-64.40855407714844,-64.40914154052734,True,-0.00058746337890625,356.96039455081143,426.4704765493362,69.71269024473658,3023.20576854923,406.87460000021844,wcl
2021-06-22 16:03:33,26349056,train,-92.869375,5.198000021353364,-64.6413345336914,-64.64195251464844,True,-0.00061798095703125,366.7186071829628,426.4704765493362,59.83405005642084,3008.299333221359,402.7928666669078,wcl
2021-06-22 17:31:52,26349056,train,-89.88630319148936,7.641489352555351,-64.42002868652344,-64.42062377929688,True,-0.0005950927734375,357.43551445720453,426.4704765493362,69.52053047320159,3061.2623496513143,418.1921333334529,wcl
2021-06-22 17:31:53,26349056,train,-93.89,7.611000001430511,-64.60490417480469,-64.60551452636719,True,-0.0006103515625,365.17409543673654,426.4704765493362,61.29991979075584,3045.1137113795844,413.92486666648637,wcl
2021-06-22 17:31:54,26349056,train,-99.606875,2.2300000078231097,-64.80267333984375,-64.80331420898438,True,-0.000640869140625,373.63593692682247,426.4704765493362,53.268085054212115,3028.852145567416,409.10100000013415,wcl
2021-06-22 17:31:55,26349056,train,-101.76184210526316,0.7010526199874125,-65.00360107421875,-65.00428009033203,True,-0.00067901611328125,382.43176145254256,426.4704765493362,46.255977128178856,3011.8000869726607,403.90606666647017,wcl
2021-06-23 14:03:58,26349056,train,-92.50930851063828,6.667021279639386,-64.35836791992188,-64.35894012451172,True,-0.00057220458984375,354.89006324277494,426.4704765493362,72.32859653090927,3063.972610620029,418.006599999797,wcl
2021-06-23 14:03:59,26349056,train,-96.81375,4.874000017046928,-64.5521240234375,-64.552734375,True,-0.0006103515625,362.94817645450655,426.4704765493362,63.59548519330326,3052.56692904346,414.6670000003189,wcl
2021-06-23 15:05:01,26349058,train,-97.76875,9.40400001168251,-63.701446533203125,-63.701446533203125,True,0.0,328.8440270509454,990.0665318113797,717.4270932819044,1760.5629397576442,214.10546666633905,refined
2021-06-23 15:04:58,26349058,train,-96.565625,10.51699999809265,-63.3427734375,-63.3427734375,True,0.0,315.43927039699236,990.0665318113797,732.5652371760722,1764.854186291292,221.71233333357463,refined
2021-06-23 15:04:53,26349058,train,-101.69625,4.317000004053116,-63.16133117675781,-63.16133117675781,True,0.0,308.86490654673526,990.0665318113797,740.1473131415772,1786.0845638793776,253.62406666701816,refined
2021-06-23 15:04:50,26349058,train,-102.065,5.931999983787537,-63.16133117675781,-63.16133117675781,True,0.0,308.86490654673526,890.9191595611228,640.5994948115423,1805.395173281335,270.6931333333023,refined
2021-06-23 15:04:11,26349058,train,-93.538125,11.88000000089407,-59.110931396484375,-59.110931396484375,True,0.0,192.4774272498946,693.3594823706273,647.0732053903629,2038.0259064278484,294.9980000003012,refined
2021-06-22 11:33:33,26349058,train,-95.854375,-1.6950000006705523,-60.903160095214844,-60.903160095214844,True,0.0,237.46246670635867,693.3594823706273,540.0614833044717,2054.6262548612117,289.8030666666372,refined
2021-06-23 15:04:12,26349058,train,-92.359375,11.515999963730572,-59.12794494628906,-59.12794494628906,True,0.0,192.8630650145916,693.3594823706273,636.5304042252569,2030.0080510620223,294.8124666666453,refined
2021-06-22 11:33:32,26349058,train,-95.794375,-1.440999991595745,-60.68513488769531,-60.68513488769531,True,0.0,231.4903374271968,693.3594823706273,549.078635896204,2062.531182686479,290.3596666660229,refined
2021-06-23 15:03:58,26349058,train,-101.3225,3.041999996453524,-61.08612060546875,-61.08612060546875,True,0.0,242.58953898382745,623.4809060412188,675.2461132654711,2150.7275917094858,310.2117333331904,refined
2021-06-23 15:03:44,26349058,train,-102.574375,3.398999997377396,-62.225677490234375,-62.225677490234375,True,0.0,277.0386918836537,531.2566721068664,626.7867377772159,2289.2896837341714,325.4254666668706,refined
2021-06-22 14:47:42,26349058,train,-102.095625,-3.3159999968856573,-65.73027038574219,-65.73027038574219,True,0.0,415.9480828886173,531.2566721068664,119.31332412908638,2293.0162925661084,328.0229333333071,refined
2021-06-23 14:05:20,26349058,train,-102.205,0.269000002965331,-65.56964111328125,-65.56964111328125,True,0.0,408.2901404655829,531.2566721068664,127.42894419180521,2295.2748433734314,325.7965333333914,refined
2021-06-22 11:33:15,26349058,train,-97.519375,-1.7060000044107435,-59.741783142089844,-59.741783142089844,True,0.0,207.2837259521938,531.2566721068664,507.6457096604321,2217.806550684725,315.7777333333752,refined
2021-06-22 17:32:51,26349058,train,-98.201875,3.429000015556812,-65.44923400878906,-65.44923400878906,True,0.0,402.64212689414023,531.2566721068664,133.97230393996574,2293.9197128888936,323.013533333299,refined
2021-06-23 15:03:43,26349058,train,-103.03375,2.7219999968260526,-62.21345520019531,-62.21345520019531,True,0.0,276.6453652686553,442.4238500783452,526.3607646406037,2300.1307276089096,326.16759999991217,refined
2021-06-23 15:03:38,26349058,train,-100.180625,6.138999977111816,-62.590248107910156,-62.590248107910156,True,0.0,289.03728734249546,442.4238500783452,542.8565929864454,2356.5944977901668,328.95060000000456,refined
2021-06-22 14:47:40,26349058,train,-98.760625,4.681999996900559,-65.24937438964844,-65.24937438964844,True,0.0,393.43709015882524,442.4238500783452,48.99072738963109,2312.552757048702,329.13613333366044,refined
2021-06-22 16:04:51,26349058,train,-100.085625,-2.1189999905228616,-65.5075912475586,-65.5075912475586,True,0.0,405.3701914975699,442.4238500783452,38.166963267996664,2309.1649308379588,325.0544000003498,refined
2021-06-23 15:03:41,26349058,train,-102.176875,3.9570000094175337,-62.210357666015625,-62.210357666015625,True,0.0,276.54555168008346,442.4238500783452,526.4687453264386,2322.0386704391435,327.6518666659953,refined
2021-06-22 10:16:33,26349058,train,-99.04125,9.770999984741213,-63.86127471923828,-63.86127471923828,True,0.0,334.9965048163426,442.4238500783452,111.18306720337769,2376.1309622728804,324.8688666666939,refined
2021-06-22 14:47:39,26349058,train,-98.94625,5.985999972820282,-64.99183654785156,-64.99183654785156,True,0.0,381.8817743882076,442.4238500783452,60.71161403626317,2323.5067284639995,329.50720000018123,refined
2021-06-22 16:04:52,26349058,train,-101.3675,-3.043999995216727,-65.7261734008789,-65.7261734008789,True,0.0,415.751184290611,442.4238500783452,30.365833806150913,2300.3565826895456,325.0544000003498,refined
2021-06-23 16:17:26,26349058,train,-104.270625,6.565999996438623,-61.792747497558594,-61.792747497558594,True,0.0,263.4226319203415,359.5053192627747,104.26867753725669,2483.6379806978443,318.7462666663325,refined
2021-06-23 16:18:00,26349058,train,-102.09875,5.029999967813492,-63.26246643066406,-63.26246643066406,True,0.0,312.51239938053993,359.5053192627747,47.08684988324876,2459.9231972216803,319.67393333302994,refined
2021-06-22 17:32:40,26349058,train,-101.909375,8.509000008106232,-62.371429443359375,-62.371429443359375,True,0.0,281.7759228849643,359.5053192627747,80.9787314492204,2440.7255153601614,317.63306666597913,refined
2021-06-22 10:16:24,26349058,train,-103.18125,5.323999964594841,-61.68949890136719,-61.68949890136719,True,0.0,260.2732520107424,359.5053192627747,106.30549599737598,2467.2634873452375,319.67393333302994,refined
2021-06-23 15:03:28,26349058,train,-100.37375,0.1839999975264072,-65.44447326660156,-65.4444808959961,True,-7.62939453125e-06,402.420395388699,359.5053192627747,577.7414529737005,2462.0688204885646,322.8280000004341,refined
2021-06-23 16:18:03,26349058,train,-101.658125,6.552000000476837,-63.26246643066406,-63.26246643066406,True,0.0,312.51239938053993,359.5053192627747,47.08684988324876,2459.9231972216803,319.67393333302994,refined
2021-06-23 15:03:31,26349058,train,-97.151875,5.1079999766498805,-64.59044647216797,-64.59044647216797,True,0.0,364.53698970277225,359.5053192627747,534.1692032134041,2431.352529510158,323.013533333299,refined
2021-06-22 10:16:17,26349058,train,-94.868125,12.473999996185302,-60.54798126220703,-60.54798126220703,True,0.0,227.80837733304588,287.6617563012384,60.94248071894375,2538.6336928542455,317.818600000426,refined
2021-06-22 17:32:30,26349058,train,-94.9,12.737000036239625,-60.0361328125,-60.0361328125,True,0.0,214.56137839922684,287.6617563012384,84.1642167019284,2562.122621249653,316.70540000007264,refined
2021-06-23 16:17:06,26349058,train,-96.589375,10.858999960422516,-60.412559509277344,-60.412559509277344,True,0.0,224.22848789059015,287.6617563012384,68.18284817122631,2565.2845923797604,314.47900000015693,refined
2021-06-22 16:04:21,26349058,train,-96.949375,3.821000003814697,-59.77893829345703,-59.77893829345703,True,0.0,208.18908646339358,287.6617563012384,92.70815024548038,2595.6621007373333,314.8500666666777,refined
2021-06-23 16:15:55,26349058,train,-89.578125,16.59800003051758,-59.19342803955078,-59.19342803955078,True,0.0,194.35434523762066,237.18030588224767,74.93686777715493,2654.610276806428,312.43813333231515,refined
2021-06-23 14:04:40,26349058,train,-96.085625,7.376999996080994,-59.30534362792969,-59.30534362792969,True,0.0,196.9286541936341,237.18030588224767,40.40031782705479,2608.4229127981994,314.47900000015693,refined
2021-06-23 14:04:37,26349058,train,-94.06625,3.130000001639128,-58.971214294433594,-58.971214294433594,True,0.0,189.33822268604368,237.18030588224767,55.37902729033485,2631.234275951579,313.73686666711535,refined
2021-06-23 16:16:43,26349058,train,-95.020625,13.976999969482424,-59.94377899169922,-59.94377899169922,True,0.0,212.2520430954231,237.18030588224767,42.177282757676856,2604.922159046898,315.96326666703106,refined
2021-06-22 17:32:14,26349058,train,-101.9925,3.5090000104904173,-61.09539794921875,-61.09539794921875,True,0.0,242.8525164595904,223.06884354046414,76.38952482393645,2716.4945689249944,323.013533333299,refined
2021-06-22 16:03:59,26349058,train,-101.865625,0.0209999989718198,-60.89411926269531,-60.89411926269531,True,0.0,237.211805915259,223.06884354046414,69.16348847300958,2737.4990914324435,328.0229333333071,refined
2021-06-23 14:04:21,26349058,train,-101.958125,4.814000002145767,-61.81690216064453,-61.81690216064453,True,0.0,264.1647546863091,223.06884354046414,111.25029695746325,2794.301644234654,343.97880000002885,refined
2021-06-23 16:15:49,26349058,train,-101.365,5.102000013589859,-60.27803039550781,-60.27803039550781,True,0.0,220.72631635285737,223.06884354046414,39.20491945293065,2721.237525620275,323.013533333299,refined
2021-06-23 16:15:45,26349058,train,-101.756875,3.839999998286367,-61.24688720703125,-61.24688720703125,True,0.0,247.18342759974306,223.06884354046414,83.88247893862852,2766.747324386234,335.4442666668868,refined
2021-06-22 17:32:11,26349058,train,-102.875625,4.347999993488193,-61.98640441894531,-61.98640441894531,True,0.0,269.4304268532952,223.06884354046414,117.5473073244365,2754.889932648273,334.33106666653345,refined
2021-06-22 14:46:48,26349058,train,-93.8503989361702,8.752127680372684,-64.1768569946289,-64.1768569946289,True,0.0,347.47971069378434,251.52518843758685,120.25416214060866,2872.8992123267803,364.94406666596774,refined
2021-06-22 17:32:04,26349058,train,-96.153125,5.402999997735024,-64.29973602294922,-64.29973602294922,True,0.0,352.4636102855438,251.52518843758685,125.66372010044432,2852.5722550617206,359.37806666657394,refined
2021-06-22 16:03:49,26349058,train,-99.39625,1.6799999935925007,-62.71918487548828,-62.71918487548828,True,0.0,293.4015727155665,251.52518843758685,53.70762774818872,2847.9422259068783,358.63593333353236,refined
2021-06-22 14:46:47,26349058,train,-97.564375,6.803999998569489,-64.45670318603516,-64.45670318603516,True,0.0,358.932953566559,251.52518843758685,133.80903794260112,2886.337589630157,368.65473333354856,refined
2021-06-23 14:04:07,26349058,train,-102.389375,-1.370000003427267,-65.36506652832031,-65.36506652832031,True,0.0,398.73961834795637,311.0789801298813,88.57681424073907,2954.0941138474245,386.65146666653015,refined
2021-06-23 16:15:31,26349058,train,-102.8775,1.2460000032931566,-65.19593811035156,-65.19593811035156,True,0.0,391.01116489371066,311.0789801298813,80.29190065915265,2940.3169539232144,382.7552666668754,refined
2021-06-22 10:15:41,26349058,train,-101.3725,-3.605000002533197,-65.60574340820312,-65.60574340820312,True,0.0,409.9994545481879,311.0789801298813,100.81986874731015,2944.382345376347,384.6106000002703,refined
2021-06-23 15:06:59,26369024,train,-100.055,0.6390000048279763,-66.15111541748047,-67.99498748779297,True,-1.8438720703125,540.3671879276206,554.1969622114567,96.16191793009384,1583.266701388606,-11.874133333411123,refined
2021-06-23 15:06:48,26369024,train,-95.55,7.632999978065491,-64.68384552001953,-66.33441162109375,True,-1.6505661010742188,446.0450609072553,504.0665891278815,76.6912474916443,1682.9817195286203,52.13486666634083,refined
2021-06-22 10:19:16,26369024,train,-98.624375,-4.717999994456768,-65.72856903076172,-67.5191650390625,True,-1.7905960083007812,511.47917317643595,504.0665891278815,23.08494403107412,1600.2058324429229,-8.349000000277158,refined
2021-06-23 15:06:51,26369024,train,-95.34875,5.325999990701676,-65.15082550048828,-66.86544799804688,True,-1.7146224975585938,474.27726918493147,504.0665891278815,51.27769524166665,1659.2669360524562,34.509199999880025,refined
2021-06-23 14:06:54,26369024,train,-95.630625,8.086000027656555,-64.13885498046875,-65.71174621582031,True,-1.5728912353515625,415.0576488761007,470.1403828917766,63.47873615968055,1709.180908892502,74.21333333342403,refined
2021-06-22 10:18:56,26369024,train,-97.62625,10.656000051498411,-63.17992401123047,-64.60887145996094,True,-1.4289474487304688,365.3161412906367,470.1403828917766,108.82080413801154,1719.5702426059688,89.98366666648991,refined
2021-06-22 11:36:25,26369024,train,-94.27875,0.804000002965331,-63.88832092285156,-65.42448425292969,True,-1.536163330078125,401.4907998752091,373.9962513835969,27.745258572858337,1721.3770832516582,104.26973333347263,refined
2021-06-22 17:34:22,26369024,train,-94.006875,14.873000049591065,-60.148529052734375,-61.07804870605469,True,-0.9295196533203125,242.361333080171,373.9962513835969,133.51945705253402,1757.0621860063427,188.68739999977777,refined
2021-06-22 11:35:19,26369024,train,-90.958125,1.990999985933304,-59.373939514160156,-60.171546936035156,True,-0.797607421875,217.99164857868666,373.9962513835969,235.51372204863213,1721.7158658727326,105.01186666651421,refined
2021-06-22 11:35:54,26369024,train,-90.87875,4.046999993547797,-59.430084228515625,-60.2371826171875,True,-0.807098388671875,219.67308940606097,373.9962513835969,166.00785243107157,1721.7158658727326,105.01186666651421,refined
2021-06-22 11:36:23,26369024,train,-94.15875,1.4030000023543834,-63.88636779785156,-65.4222412109375,True,-1.5358734130859375,401.3866093377988,373.9962513835969,27.67866004627406,1721.3770832516582,104.26973333347263,refined
2021-06-23 14:06:44,26369024,train,-99.211875,9.776000008583068,-62.08934783935547,-63.34458923339844,True,-1.2552413940429688,315.5059558392294,373.9962513835969,58.491650300832134,1756.8363309257068,172.1749333336703,refined
2021-06-22 11:36:09,26369024,train,-97.810625,-2.546000000536442,-62.779052734375,-64.14527893066406,True,-1.3662261962890625,346.2106007008233,373.9962513835969,27.89842494994892,1721.3770832516582,104.26973333347263,refined
2021-06-22 11:35:47,26369024,train,-94.440625,1.98899999178946,-59.202964782714844,-59.97242736816406,True,-0.7694625854492188,212.965720409001,373.9962513835969,214.586342692849,1721.7158658727326,105.01186666651421,refined
2021-06-22 11:35:53,26369024,train,-92.975625,3.1000000148266555,-59.325103759765625,-60.114501953125,True,-0.789398193359375,216.54001750190454,373.9962513835969,173.32850914076366,1721.7158658727326,105.01186666651421,refined
2021-06-22 10:18:46,26369024,train,-95.5275,13.386999998092652,-60.80555725097656,-61.846961975097656,True,-1.0414047241210938,265.091203684977,373.9962513835969,109.06001078904957,1759.3207368134244,188.87293333343365,refined
2021-06-22 11:36:30,26369024,train,-95.203125,0.4110000014305114,-63.88832092285156,-65.42448425292969,True,-1.536163330078125,401.4907998752091,373.9962513835969,27.745258572858337,1721.3770832516582,104.26973333347263,refined
2021-06-23 15:06:39,26369024,train,-95.86375,10.995,-62.98725891113281,-64.38624572753906,True,-1.39898681640625,356.0145369255058,373.9962513835969,17.986656949517457,1736.3964461199678,124.49286666636993,refined
2021-06-22 11:35:56,26369024,train,-93.56625,2.8889999932050703,-59.72130584716797,-60.577880859375,True,-0.8565750122070312,228.60604763124624,373.9962513835969,150.83516069102396,1721.7158658727326,105.01186666651421,refined
2021-06-22 10:18:47,26369024,train,-95.785,13.00399998664856,-61.05595397949219,-62.14038848876953,True,-1.0844345092773438,274.30300778371986,373.9962513835969,99.70016340448609,1756.6104758447098,177.1843333336784,refined
2021-06-22 11:35:33,26369024,train,-91.35,3.356999990940094,-59.373939514160156,-60.171546936035156,True,-0.797607421875,217.99164857868666,373.9962513835969,235.51372204863213,1721.7158658727326,105.01186666651421,refined
2021-06-22 11:34:42,26369024,train,-92.363125,3.557999981865287,-59.41737365722656,-60.22230529785156,True,-0.804931640625,219.29087807175256,280.5608890639231,197.45839946197205,1798.0548831577776,262.3441333330251,refined
2021-06-22 16:06:16,26369024,train,-92.03,8.318999972343445,-59.62278747558594,-60.46263885498047,True,-0.8398513793945312,225.545949627407,280.5608890639231,90.30972381936104,1777.1632881907665,239.8946000002121,refined
2021-06-23 15:06:06,26369024,train,-94.14,13.416999969482422,-59.099212646484375,-59.85130310058594,True,-0.7520904541015625,209.96325747155544,280.5608890639231,160.80978262501728,1760.2241571365698,211.32246666703765,refined
2021-06-23 15:06:04,26369024,train,-92.598125,14.518999967575072,-59.15863037109375,-59.920654296875,True,-0.76202392578125,211.67729031440408,280.5608890639231,176.07669077820654,1760.2241571365698,211.32246666703765,refined
2021-06-22 10:18:40,26369024,train,-92.01125,14.861999988555908,-59.71324920654297,-60.568267822265625,True,-0.8550186157226562,228.3491162028507,280.5608890639231,89.03003689003498,1787.4396943637948,253.2529999997064,refined
2021-06-23 15:05:48,26369024,train,-97.27875,9.83400002002716,-61.56866455078125,-61.56866455078125,True,0.0,256.6341705319738,280.5608890639231,266.06221346743513,1759.998302055573,211.32246666703765,refined
2021-06-23 14:06:33,26369024,train,-91.995,14.281999998092653,-59.592529296875,-60.42707824707031,True,-0.8345489501953125,224.60955329325296,256.2484455034776,35.32325759475258,1805.1693182006989,267.5390666666891,refined
2021-06-22 16:06:12,26369024,train,-94.241875,7.098000036478043,-59.21375274658203,-59.98443603515625,True,-0.7706832885742188,213.265533817688,256.2484455034776,47.14067041822093,1813.864738808433,275.5170000004455,refined
2021-06-22 11:34:33,26369024,train,-97.653125,-1.6589999863505362,-60.52143096923828,-61.51397705078125,True,-0.9925460815429688,255.00332400934766,256.2484455034776,157.9579888493654,1869.4250886669056,296.66780000004024,refined
2021-06-22 17:34:09,26369024,train,-92.25625,14.672999982833865,-59.13084411621094,-59.88763427734375,True,-0.7567901611328125,210.85965807085307,256.2484455034776,60.65509443698595,1852.1471749912737,287.7622000003774,refined
2021-06-22 17:33:55,26369024,train,-94.021875,14.937999963760376,-59.47509765625,-60.289772033691406,True,-0.8146743774414062,221.02974857890123,269.46636000354204,51.13712122512159,1926.679351630629,299.45080000013263,refined
2021-06-22 17:33:29,26369024,train,-94.230625,14.952999939918518,-59.54206848144531,-60.36805725097656,True,-0.82598876953125,223.06399648966706,269.46636000354204,50.6335347228181,1926.9052067112648,299.45080000013263,refined
2021-06-22 17:33:57,26369024,train,-94.000625,15.438000049591064,-59.47509765625,-60.289772033691406,True,-0.8146743774414062,221.02974857890123,269.46636000354204,51.13712122512159,1926.5664240901906,299.45080000013263,refined
2021-06-22 17:33:47,26369024,train,-93.645,15.344000024795532,-59.47368621826172,-60.288124084472656,True,-0.8144378662109375,220.98714023156492,269.46636000354204,51.14011616419334,1926.679351630629,299.6363333337885,refined
2021-06-22 17:33:46,26369024,train,-93.649375,15.552000007629395,-59.47368621826172,-60.288124084472656,True,-0.8144378662109375,220.98714023156492,269.46636000354204,51.14011616419334,1926.679351630629,299.6363333337885,refined
2021-06-23 14:06:22,26369024,train,-91.6425,16.106999969482423,-59.21180725097656,-59.982757568359375,True,-0.7709503173828125,213.22357365394097,269.46636000354204,56.78563817787791,1904.2067710984443,298.70866666709105,refined
2021-06-22 10:18:10,26369024,train,-88.9225,16.748999996185304,-59.418731689453125,-60.22389221191406,True,-0.8051605224609375,219.33190074075443,177.35088270689508,52.78770125145651,1917.4192933208233,302.9759333332666,refined
2021-06-23 14:06:14,26369024,train,-91.578125,15.772999954223632,-59.33350372314453,-60.124298095703125,True,-0.7907943725585938,216.78885367527516,177.35088270689508,46.95090935902188,1927.4698444130954,300.93506666700677,refined
2021-06-23 16:19:17,26369024,train,-92.61625,15.055,-59.45586395263672,-60.267295837402344,True,-0.811431884765625,220.44893887961305,177.35088270689508,49.39563254551625,1914.934887432865,301.1205999998717,refined
2021-06-23 16:19:14,26369024,train,-96.24125,14.199000024795533,-59.698486328125,-60.550987243652344,True,-0.8525009155273438,227.8882215559078,177.35088270689508,52.23108263706029,1917.0805106997493,301.49166666639246,refined
2021-06-23 14:06:19,26369024,train,-88.123125,17.50799994468689,-59.32267761230469,-60.111656188964844,True,-0.7889785766601562,216.46808972336032,177.35088270689508,47.89491912761506,1917.3063657805055,300.1929333331742,refined
2021-06-22 10:17:48,26369024,train,-86.23625,19.73300001144409,-59.418731689453125,-60.22389221191406,True,-0.8051605224609375,219.33190074075443,177.35088270689508,52.78770125145651,1917.4192933208233,302.9759333332666,refined
2021-06-22 11:34:11,26369024,train,-98.79375,-3.434999994263053,-65.05099487304688,-65.05099487304688,True,0.0,384.5056054991174,177.35088270689508,250.67772349468407,1935.3747722386038,302.233800000225,refined
2021-06-23 14:05:59,26369024,train,-97.79125,11.41099997766316,-60.54399108886719,-61.540382385253906,True,-0.9963912963867188,255.78960624421336,177.35088270689508,80.53962090751111,1958.2990629320605,300.7495333333509,refined
2021-06-23 14:06:02,26369024,train,-97.260625,12.640999999046326,-60.11091613769531,-61.033546447753906,True,-0.9226303100585938,241.1053887434612,177.35088270689508,63.863917640140855,1938.8755259896648,301.8627333337042,refined
2021-06-22 10:17:05,26369024,train,-96.395,9.977999980449676,-63.718101501464844,-63.718101501464844,True,0.0,329.48020679285634,315.5328390582639,87.6738103892538,2050.335008327323,295.92566666699867,refined
2021-06-23 14:05:34,26369024,train,-98.83375,9.790000047683716,-65.47527313232422,-65.47527313232422,True,0.0,403.85697416397693,324.5782529654973,79.35709323465068,2165.521099497039,310.2117333331904,refined
2021-06-22 17:33:03,26369024,train,-98.986875,8.688000018596648,-65.69256591796875,-65.69256591796875,True,0.0,414.1381301844393,324.5782529654973,90.18906002772391,2145.9846350143252,304.08913333361994,refined
2021-06-23 14:05:28,26369024,train,-99.734375,8.443999983370304,-66.46714782714844,-66.46714782714844,True,0.0,452.94180923323876,415.0902259132876,40.378443443169765,2219.8392464112912,318.3751999998117,refined
2021-06-23 14:07:40,26369025,train,-90.70716292134831,2.2921348359812512,-58.08440399169922,-58.67351531982422,True,-0.589111328125,182.81175637764198,238.82727190197804,80.46084777869798,1253.8570661514286,-125.0494666665466,wcl
2021-06-22 14:50:11,26369025,train,-91.209375,-0.0380000077188015,-57.29804229736328,-57.76570129394531,True,-0.46765899658203125,164.20372623907915,238.82727190197804,92.6760114662693,1283.6699368071709,-110.20680000017819,wcl
2021-06-22 11:37:40,26369025,train,-92.16375,2.560999985262752,-54.08329772949219,-54.188072204589844,True,-0.10477447509765625,106.65184494434185,138.8855492234105,43.66709405260799,1334.487329970242,-103.34206666677517,wcl
2021-06-23 15:07:19,26369025,train,-91.278125,4.942000002264977,-48.78209686279297,-48.83306884765625,True,-0.05097198486328125,52.336349800304156,174.73555958367112,142.9169293071246,1383.2720274068672,-77.36740000003721,wcl
2021-06-22 17:35:32,26369025,train,-88.223125,12.726999988555908,-45.711273193359375,-45.93010711669922,True,-0.21883392333984375,31.746776173543154,174.73555958367112,153.70476021757753,1340.4724896096225,-98.70373333328786,wcl
2021-06-22 17:35:29,26369025,train,-79.376875,20.82999997138977,-42.201454162597656,-42.7578125,True,-0.5563583374023438,8.030045866186242,174.73555958367112,166.96745632945527,1370.0595051844878,-87.57173333291831,wcl
2021-06-23 16:20:51,26369025,train,-93.420625,6.3820000171661375,-51.67298126220703,-51.678245544433594,True,-0.0052642822265625,77.62378588119407,174.73555958367112,137.72500443379698,1368.478519619314,-90.54026666666658,wcl
2021-06-23 16:20:48,26369025,train,-92.156875,8.305000004768372,-48.642189025878906,-48.698509216308594,True,-0.0563201904296875,51.290728475376085,174.73555958367112,145.21386715460855,1395.0164916046313,-81.82019999986863,wcl
2021-06-23 15:07:18,26369025,train,-89.724375,8.971999988555908,-47.42139434814453,-47.534263610839844,True,-0.1128692626953125,42.67464463762871,174.73555958367112,146.55238170849876,1393.209650958701,-73.47119999959148,wcl
2021-06-22 14:50:07,26369025,train,-89.163125,6.914999997615814,-54.998313903808594,-55.18080139160156,True,-0.18248748779296875,120.4344657428644,174.73555958367112,135.5810501033944,1314.950865487528,-99.26033333346453,wcl
2021-06-22 11:37:33,26369025,train,-91.030625,3.629000006616116,-48.141693115234375,-48.21934509277344,True,-0.0776519775390625,47.65582815759766,174.73555958367112,143.62301740917826,1394.677708983557,-85.3453333330026,wcl
2021-06-22 11:37:38,26369025,train,-92.596875,2.585000000819564,-52.735076904296875,-52.766082763671875,True,-0.031005859375,89.28490204799279,174.73555958367112,132.90444776016224,1352.8945190492943,-97.7760666665904,wcl
2021-06-22 16:07:27,26369025,train,-77.80875,21.00900001525879,-43.24052429199219,-43.68278503417969,True,-0.4422607421875,16.51019381766044,113.06301677368118,101.19742422920956,1407.0997384232287,-74.39886666628894,wcl
2021-06-22 16:07:20,26369025,train,-79.415625,18.348000049591064,-49.26648712158203,-49.300697326660156,True,-0.034210205078125,56.060960381411,113.06301677368118,117.20752304566051,1454.416377834998,-52.6914666665175,wcl
2021-06-22 16:07:23,26369025,train,-79.34125,17.593000049591065,-44.87694549560547,-45.16102600097656,True,-0.28408050537109375,26.691968653043627,113.06301677368118,103.25277908545104,1436.4608989174583,-60.66940000027387,wcl
2021-06-22 11:37:26,26369025,train,-79.36375,15.593000030517578,-42.59721374511719,-43.10993194580078,True,-0.5127182006835938,11.769768331798241,113.06301677368118,102.2583362876794,1446.1726673886562,-64.93666666644941,wcl
2021-06-22 14:49:54,26369025,train,-80.376875,17.595,-47.03826141357422,-47.172142028808594,True,-0.133880615234375,40.130376897043085,113.06301677368118,111.99723619231318,1462.7730158218988,-50.836133333122575,wcl
2021-06-22 11:37:29,26369025,train,-84.666875,11.566999983787536,-44.39179229736328,-44.71861267089844,True,-0.32682037353515625,23.765367504113403,113.06301677368118,104.53643055185903,1425.1681448813274,-73.28566666672657,wcl
2021-06-22 10:19:28,26369025,train,-83.22875,17.816999950408935,-52.270668029785156,-52.28705596923828,True,-0.016387939453125,83.99055318993973,113.06301677368118,134.43274833439685,1472.3718567527785,-48.60973333399784,wcl
2021-06-23 16:20:37,26369025,train,-78.835,20.522999982833863,-46.98175048828125,-47.118797302246094,True,-0.13704681396484375,39.76025323361634,113.06301677368118,113.42011840940111,1481.6319150624638,-51.207199999643365,wcl
2021-06-22 17:35:25,26369025,train,-79.61125,18.5819999408722,-46.591102600097656,-46.751312255859375,True,-0.16020965576171875,37.23854172754272,113.06301677368118,112.40589375430983,1412.5202603606583,-72.17246666637323,wcl
2021-06-22 10:19:32,26369025,train,-80.104375,17.841999979019164,-47.17327880859375,-47.29962921142578,True,-0.12635040283203125,41.01980440663538,113.06301677368118,109.37595303607061,1434.8799133524049,-64.38006666627274,wcl
2021-06-22 14:49:51,26369025,train,-82.978125,19.186999883651733,-51.326744079589844,-51.32953643798828,True,-0.0027923583984375,74.14778486160355,113.06301677368118,129.71950188694456,1498.00640841495,-38.21986666666987,wcl
2021-06-23 16:20:36,26369025,train,-79.491875,16.836999950408934,-47.752105712890625,-47.84815216064453,True,-0.09604644775390625,44.927642180779706,113.06301677368118,115.67293866004883,1488.5204950245086,-48.42419999955098,wcl
2021-06-22 16:07:18,26369025,train,-82.70125,17.034999990463255,-51.326202392578125,-51.32899475097656,True,-0.0027923583984375,74.14240248607972,113.06301677368118,127.91484721875246,1467.8547551383745,-47.49653333364449,wcl
2021-06-22 17:35:19,26369025,train,-81.585,21.595999908447265,-51.906883239746094,-51.91563415527344,True,-0.00875091552734375,80.05998004132078,113.06301677368118,137.21807553090994,1474.6304075601013,-52.6914666665175,wcl
2021-06-22 16:06:52,26369025,train,-93.504375,6.5749999833107,-55.531883239746094,-55.76969909667969,True,-0.23781585693359375,129.33981685248452,122.61311406579946,81.25595076453183,1556.1640917015786,-22.6350666664689,wcl
2021-06-22 16:07:05,26369025,train,-90.3,12.00699999809265,-54.513694763183594,-54.65220642089844,True,-0.13851165771484375,112.9122652661122,122.61311406579946,76.10003255415671,1557.2933671053602,-20.96526666672986,wcl
2021-06-23 16:20:32,26369025,train,-80.481875,20.399000072479247,-49.08757781982422,-49.12750244140625,True,-0.03992462158203125,54.66446746114798,122.61311406579946,83.33930714398949,1508.8474522899294,-41.55946666772991,wcl
2021-06-22 16:07:12,26369025,train,-89.33625,10.851000027656555,-54.44639587402344,-54.57892608642578,True,-0.13253021240234375,111.90292696634022,122.61311406579946,75.68503050699616,1517.6558004381022,-31.540666667713708,wcl
2021-06-22 10:19:21,26369025,train,-97.916875,6.688000035881996,-56.95262145996094,-57.37018585205078,True,-0.41756439208984375,156.66872869111563,122.61311406579946,92.15528939185138,1546.5652507706986,-27.08786666630033,wcl
2021-06-22 11:37:14,26369025,train,-81.04,14.282000036239625,-49.45214080810547,-49.480712890625,True,-0.02857208251953125,57.534420474873684,122.61311406579946,78.97104853134029,1513.2516263638954,-38.405400000325756,wcl
2021-06-22 11:36:58,26369025,train,-92.34,3.440000001639128,-55.523956298828125,-55.760894775390625,True,-0.2369384765625,129.20250077632087,122.61311406579946,80.96470202935615,1549.50136682029,-27.08786666630033,wcl
2021-06-22 11:37:06,26369025,train,-83.058125,12.981999979019164,-50.25984191894531,-50.26984405517578,True,-0.01000213623046875,64.27783893408294,122.61311406579946,76.46888722386184,1522.9633948350934,-35.807933333098276,wcl
2021-06-22 17:35:05,26369025,train,-87.17,17.625999994277954,-52.806182861328125,-52.83967590332031,True,-0.0334930419921875,90.12160494239636,122.61311406579946,78.97729038034548,1522.9633948350934,-37.10666666631653,wcl
2021-06-22 16:07:03,26369025,train,-91.02375,10.330999960899351,-54.513694763183594,-54.65220642089844,True,-0.13851165771484375,112.9122652661122,122.61311406579946,76.10003255415671,1557.2933671053602,-20.96526666672986,wcl
2021-06-23 15:07:02,26369025,train,-91.306875,9.71000004529953,-55.64537048339844,-55.89558410644531,True,-0.250213623046875,131.31903273653086,122.61311406579946,80.4220770285318,1552.437482869641,-22.263999999948112,wcl
2021-06-22 14:49:46,26369025,train,-91.76,11.313999967575072,-55.50151062011719,-55.73597717285156,True,-0.234466552734375,128.81426192665586,122.61311406579946,81.40392527515768,1557.2933671053602,-20.59420000020907,wcl
2021-06-22 11:37:04,26369025,train,-82.508125,13.46999997138977,-51.37104797363281,-51.37403869628906,True,-0.00299072265625,74.58468715802323,122.61311406579946,73.59921726992008,1523.1892499158498,-36.55006666772181,wcl
2021-06-23 14:07:14,26369025,train,-85.618125,14.611999988555908,-53.29583740234375,-53.35150909423828,True,-0.05567169189453125,96.1216144921187,122.61311406579946,73.14005751570514,1531.5458879027503,-30.427466666569387,wcl
2021-06-22 17:35:01,26369025,train,-87.13125,18.322000064849853,-53.21521759033203,-53.26686096191406,True,-0.05164337158203125,95.10706023472744,122.61311406579946,78.7369980270913,1522.9633948350934,-37.10666666631653,wcl
2021-06-22 17:35:14,26369025,train,-84.953125,17.859999952316283,-52.544105529785156,-52.56831359863281,True,-0.02420806884765625,87.06746654675108,122.61311406579946,78.66398709435131,1510.767220475937,-41.00286666676226,wcl
2021-06-22 14:49:50,26369025,train,-83.64375,18.93400004386902,-52.37184143066406,-52.39093017578125,True,-0.0190887451171875,85.11654276857611,122.61311406579946,73.59325449859317,1509.7508726127141,-33.95259999970335,wcl
2021-06-23 15:07:03,26369025,train,-88.665,12.099000000953676,-54.89732360839844,-55.06986999511719,True,-0.17254638671875,118.81994414865257,122.61311406579946,76.6004947624805,1542.9515694791994,-25.232533332905405,wcl
2021-06-22 16:07:13,26369025,train,-89.12,11.68299997329712,-54.151824951171875,-54.26140594482422,True,-0.10958099365234375,107.62053776087197,122.61311406579946,74.40762153836339,1508.6215972089324,-33.767066666838446,wcl
2021-06-22 17:34:59,26369025,train,-87.306875,17.33299994468689,-53.50182342529297,-53.5687255859375,True,-0.06690216064453125,98.76687870357964,122.61311406579946,77.44400864856549,1522.737539754337,-37.29219999997241,wcl
2021-06-22 17:35:11,26369025,train,-84.813125,19.190000047683714,-52.544105529785156,-52.56831359863281,True,-0.02420806884765625,87.06746654675108,122.61311406579946,78.66398709435131,1522.9633948350934,-37.10666666631653,wcl
2021-06-22 11:37:13,26369025,train,-82.149375,13.14199999809265,-49.50132751464844,-49.52848815917969,True,-0.02716064453125,57.92937891969205,122.61311406579946,78.90939181495854,1516.7523801151974,-36.92113333345162,wcl
2021-06-23 16:20:17,26369025,train,-81.98875,20.147999982833863,-50.507965087890625,-50.514183044433594,True,-0.00621795654296875,66.46632551844415,122.61311406579946,78.76099886392448,1511.4447857180855,-41.74499999980384,wcl
2021-06-22 14:49:47,26369025,train,-89.845,13.752999982833863,-54.820701599121094,-54.986328125,True,-0.16562652587890625,117.61679407788301,122.61311406579946,77.92337613551786,1545.7747579882323,-23.748266666822246,wcl
2021-06-22 16:10:13,26358784,train,-60.159375,18.07000005722045,-51.537750244140625,-51.54151153564453,True,-0.00376129150390625,76.2464344443782,260.40410986386047,254.8851400946463,966.6823310100266,-346.57626666646536,refined
2021-06-22 16:09:47,26358784,train,-69.344375,13.75899998664856,-47.14945983886719,-47.27698516845703,True,-0.12752532958984375,40.861323293198765,248.98420708671838,234.45153338731444,1063.2353780198134,-411.141866666394,refined
2021-06-22 10:22:51,26358784,train,-70.010625,10.36700002670288,-47.80079650878906,-47.89446258544922,True,-0.09366607666015625,45.26410155404768,174.38895913045803,174.91542769856997,1095.7585096442704,-398.71113333359716,refined
2021-06-22 10:23:05,26358784,train,-67.72875,9.72899998664856,-48.33313751220703,-48.40226745605469,True,-0.06912994384765625,49.027712487391824,174.38895913045803,171.83953552011698,1095.7585096442704,-398.71113333359716,refined
2021-06-22 10:22:39,26358784,train,-69.91875,10.917000036239624,-47.80079650878906,-47.89446258544922,True,-0.09366607666015625,45.26410155404768,114.07329967709185,92.05565277817169,1106.0349158171784,-388.69233333358096,refined
2021-06-22 16:09:18,26358784,train,-69.7075,12.910000019073486,-47.07518768310547,-47.20689392089844,True,-0.13170623779296875,40.372176130545654,37.829768532497106,64.68796056521822,1170.4036138237032,-280.5263999996626,refined
2021-06-23 15:10:09,26358784,train,-69.249375,16.584000005722046,-46.58086395263672,-46.74169921875,True,-0.16083526611328125,37.173105451023424,63.50039385576559,43.53878095278784,1202.8138179077216,-210.3947999995492,refined
2021-06-22 10:21:45,26358784,train,-67.40875,22.148999977111817,-46.21942901611328,-46.40325927734375,True,-0.18383026123046875,34.89050888154493,111.58258693828556,98.82899625944138,1212.073876217407,-156.59013333346934,refined
2021-06-23 14:08:17,26358784,train,-69.43,15.013000078201294,-47.992088317871094,-48.07659912109375,True,-0.08451080322265625,46.59802064017458,111.58258693828556,84.46242590836135,1213.4290067019447,-155.66246666677188,refined
2021-06-22 14:50:41,26358784,train,-64.926875,21.643999938964843,-46.37177276611328,-46.54566955566406,True,-0.17389678955078125,35.84693300336021,111.58258693828556,90.50829840899917,1212.6385139192375,-155.2914000002511,refined
2021-06-23 15:07:53,26358784,train,-76.029375,15.569000005722046,-53.06884765625,-53.11339569091797,True,-0.04454803466796875,93.29033115769904,111.58258693828556,69.94431842324997,1254.1958487725028,-125.23500000020249,refined
2021-06-22 11:39:55,26358784,train,-69.94125,18.51800008773804,-45.95025634765625,-46.15223693847656,True,-0.2019805908203125,33.216938423137364,111.58258693828556,122.27797340742391,1208.2343398451512,-189.8006000001311,refined
2021-06-22 10:20:53,26358784,train,-70.1775,19.46,-50.48493957519531,-50.49144744873047,True,-0.00650787353515625,66.260547673478,111.58258693828556,78.96943338344711,1231.723268240559,-127.4614000001182,refined
2021-06-22 10:21:50,26358784,train,-67.3975,21.41200008392334,-46.185707092285156,-46.37178039550781,True,-0.18607330322265625,34.67983581215325,111.58258693828556,99.07142169207913,1212.073876217407,-156.59013333346934,refined
2021-06-23 14:09:53,26358784,train,-68.010625,16.505000104904173,-46.179931640625,-46.36637878417969,True,-0.1864471435546875,34.64382489841746,111.58258693828556,123.04439784940678,1209.8153254100844,-185.90439999968538,refined
2021-06-22 14:51:54,26358784,train,-65.885625,20.471999979019166,-45.41950225830078,-45.659950256347656,True,-0.240447998046875,29.96796042773558,111.58258693828556,115.52338983770791,1217.1556155338826,-178.85413333341745,refined
2021-06-22 10:19:56,26358784,train,-90.17771084337348,1.5542168766260147,-55.31792449951172,-55.532371520996094,True,-0.214447021484375,125.68195941833007,111.58258693828556,82.31720757286124,1276.2167191431752,-116.32939999974866,refined
2021-06-23 15:09:54,26358784,train,-67.76,16.192000017166137,-46.14575958251953,-46.33447265625,True,-0.18871307373046875,34.430539711611225,111.58258693828556,121.73966618487627,1206.2016441185851,-182.5648000002073,refined
2021-06-22 10:20:36,26358784,train,-69.82375,18.09000002861023,-50.4725341796875,-50.47919464111328,True,-0.00666046142578125,66.14986883626939,111.58258693828556,78.9667437149552,1231.723268240559,-127.4614000001182,refined
2021-06-22 16:08:24,26358784,train,-69.3425,16.343999972343443,-49.72815704345703,-49.74909973144531,True,-0.02094268798828125,59.774660459437136,111.58258693828556,79.45073528413809,1206.5404267396593,-172.36046666653522,refined
2021-06-22 11:38:54,26358784,train,-68.873125,19.38700002670288,-47.51445007324219,-47.622413635253906,True,-0.10796356201171875,43.30257053125437,111.58258693828556,88.67135145873854,1217.0426879934441,-152.5084000001587,refined
2021-06-23 15:08:07,26358784,train,-75.768125,14.907999992370604,-53.06871032714844,-53.11339569091797,True,-0.04468536376953125,93.29033115769904,111.58258693828556,69.94431842324997,1254.1958487725028,-125.23500000020249,refined
2021-06-22 14:51:04,26358784,train,-65.350625,21.165,-46.37176513671875,-46.54566955566406,True,-0.1739044189453125,35.84693300336021,111.58258693828556,90.50829840899917,1212.6385139192375,-155.2914000002511,refined
2021-06-22 11:38:45,26358784,train,-67.858125,19.75200006484985,-47.51445007324219,-47.622413635253906,True,-0.10796356201171875,43.30257053125437,111.58258693828556,88.67135145873854,1217.0426879934441,-152.5084000001587,refined
2021-06-22 14:50:21,26358784,train,-68.563125,21.21299987792969,-51.03362274169922,-51.03620910644531,True,-0.00258636474609375,71.3144754046569,111.58258693828556,70.39449594639255,1215.2358473476343,-143.97386666622566,refined
2021-06-23 15:07:38,26358784,train,-86.725,5.452000034675002,-55.2515869140625,-55.458900451660156,True,-0.20731353759765625,124.56848499351581,111.58258693828556,79.80730850556773,1266.0532405107053,-120.04006666653851,refined
2021-06-23 16:21:28,26358784,train,-66.035625,21.895,-45.49958801269531,-45.733978271484375,True,-0.2343902587890625,30.454570993729725,111.58258693828556,110.32092346518768,1208.4601949259074,-172.36046666653522,refined
2021-06-23 14:09:15,26358784,train,-66.54125,19.97,-45.742225646972656,-45.958824157714844,True,-0.2165985107421875,31.936319034924395,111.58258693828556,109.01628707833338,1209.024832627738,-184.04906666629046,refined
2021-06-22 14:51:01,26358784,train,-65.18875,22.468999996185303,-46.37176513671875,-46.54566955566406,True,-0.1739044189453125,35.84693300336021,111.58258693828556,90.50829840899917,1212.6385139192375,-155.2914000002511,refined
2021-06-23 16:21:19,26358784,train,-67.5275,19.01800002098084,-46.95127868652344,-47.09010314941406,True,-0.138824462890625,39.561505562654844,111.58258693828556,93.62412534820096,1211.057528354184,-168.27873333401556,refined
2021-06-22 14:50:31,26358784,train,-65.429375,22.550000038146973,-46.336395263671875,-46.51256561279297,True,-0.17617034912109375,35.62418847843614,111.58258693828556,90.57755102568451,1212.6385139192375,-155.2914000002511,refined
2021-06-23 15:09:34,26358784,train,-67.916875,17.569999980926514,-46.14575958251953,-46.33447265625,True,-0.18871307373046875,34.430539711611225,111.58258693828556,121.73966618487627,1206.3145716590234,-182.5648000002073,refined
2021-06-23 15:08:34,26358784,train,-67.885625,18.169999990463257,-48.78314208984375,-48.8341064453125,True,-0.05096435546875,52.34440275295941,111.58258693828556,80.0801445965601,1215.009992266878,-142.8606666666633,refined
2021-06-22 14:51:07,26358784,train,-66.278125,20.278000001907348,-46.38941955566406,-46.56220245361328,True,-0.17278289794921875,35.9583198181472,111.58258693828556,90.47386365307314,1212.6385139192375,-155.2914000002511,refined
2021-06-22 10:21:13,26358784,train,-68.54125,20.155000076293945,-50.376953125,-50.384910583496094,True,-0.00795745849609375,65.30234014855478,111.58258693828556,78.76551753004263,1223.7054128747325,-134.14059999986534,refined
2021-06-22 17:36:20,26358784,train,-67.825,18.43400004386902,-48.94740295410156,-48.9923095703125,True,-0.0449066162109375,53.588408897197525,111.58258693828556,77.07745536236243,1209.7023978698867,-161.22846666695665,refined
2021-06-22 14:50:32,26358784,train,-65.341875,21.96899995803833,-46.35408020019531,-46.52911376953125,True,-0.1750335693359375,35.73555586004483,111.58258693828556,90.54286091523406,1212.6385139192375,-155.2914000002511,refined
2021-06-22 11:38:58,26358784,train,-68.7825,18.35300008773804,-47.51441955566406,-47.622413635253906,True,-0.10799407958984375,43.30257053125437,111.58258693828556,88.67135145873854,1217.0426879934441,-152.5084000001587,refined
2021-06-23 14:08:24,26358784,train,-68.930625,15.377999982833863,-47.604156494140625,-47.70751190185547,True,-0.10335540771484375,43.91228788172561,111.58258693828556,88.18327143974035,1210.3799631121558,-158.44546666765524,refined
2021-06-23 15:09:08,26358784,train,-66.695,18.47900000572205,-48.35551452636719,-48.4237060546875,True,-0.0681915283203125,49.18972152575718,111.58258693828556,82.72916096367565,1215.009992266878,-143.04620000031917,refined
2021-06-23 15:08:18,26358784,train,-74.92625,17.088000049591063,-53.06871032714844,-53.11339569091797,True,-0.04468536376953125,93.29033115769904,111.58258693828556,69.94431842324997,1253.6312110707927,-125.4205333330674,refined
2021-06-23 15:10:06,26358784,train,-67.929375,12.996999979019163,-46.14575958251953,-46.33447265625,True,-0.18871307373046875,34.430539711611225,111.58258693828556,121.73966618487627,1205.4111513361186,-189.98613333299602,refined
2021-06-22 11:39:37,26358784,train,-69.818125,18.37300004005432,-45.91606140136719,-46.12040710449219,True,-0.204345703125,33.00571292566191,111.58258693828556,122.13915375675877,1208.2343398451512,-189.8006000001311,refined
2021-06-22 10:20:56,26358784,train,-69.52,19.54699995040893,-50.48486328125,-50.49144744873047,True,-0.00658416748046875,66.260547673478,111.58258693828556,78.96943338344711,1231.723268240559,-127.4614000001182,refined
2021-06-22 16:07:50,26358784,train,-88.64852941176471,3.5235294065054723,-55.36064147949219,-55.57948303222656,True,-0.218841552734375,126.40047734957108,111.58258693828556,76.92693419991922,1228.5612971103315,-131.35759999977296,refined
2021-06-22 10:21:36,26358784,train,-67.408125,23.31900003433228,-46.15758514404297,-46.34552764892578,True,-0.1879425048828125,34.50426924530588,111.58258693828556,98.21593201712332,1212.073876217407,-156.59013333346934,refined
2021-06-23 14:10:00,26358784,train,-68.16,16.71200002670288,-46.179931640625,-46.36637878417969,True,-0.1864471435546875,34.64382489841746,111.58258693828556,123.04439784940678,1209.8153254100844,-185.90439999968538,refined
2021-06-23 14:08:31,26358784,train,-67.8575,19.04999997138977,-46.91900634765625,-47.05970001220703,True,-0.14069366455078125,39.351301853566795,111.58258693828556,93.32205048673698,1211.057528354184,-159.37313333356173,refined
2021-06-22 14:51:20,26358784,train,-67.59875,18.32000000953674,-44.92591094970703,-45.205833435058594,True,-0.2799224853515625,26.98654325811678,111.58258693828556,108.5643166111661,1218.5107460180593,-171.98940000001443,refined
2021-06-23 15:08:45,26358784,train,-66.56625,19.01099991798401,-48.35547637939453,-48.4237060546875,True,-0.06822967529296875,49.18972152575718,111.58258693828556,82.72916096367565,1215.009992266878,-143.04620000031917,refined
2021-06-22 16:11:49,26358785,train,-66.90625,16.098000049591064,-56.78880310058594,-57.18267822265625,True,-0.3938751220703125,153.21085087302524,458.0510371707156,362.7811750003769,762.7351931155938,-390.7331999998408,refined
2021-06-22 16:11:36,26358785,train,-64.411875,24.070000076293944,-55.81108856201172,-56.08103942871094,True,-0.26995086669921875,134.28505401852178,458.0510371707156,359.54489140232306,794.8066145785382,-341.75240000011314,refined
2021-06-22 14:54:55,26358785,train,-87.73333333333333,1.5311111236612005,-57.89178466796875,-58.44837951660156,True,-0.5565948486328125,178.0190545141135,359.47496579904094,248.75264154833084,815.3594269244747,-320.41606666765347,refined
2021-06-22 16:11:02,26358785,train,-69.0825,22.41299997329712,-55.774391174316406,-56.04005432128906,True,-0.26566314697265625,133.62430458911032,390.98089270008666,329.60548946237026,830.717572413738,-285.3502666668058,refined
2021-06-22 16:10:24,26358785,train,-65.72524752475248,21.504950523376465,-49.615867614746094,-49.639808654785156,True,-0.0239410400390625,58.856067939195825,390.98089270008666,338.4205741079539,895.0862704201423,-299.8218666666534,refined
2021-06-22 11:42:40,26358785,train,-64.87375,20.82200012207032,-55.78089904785156,-56.04625701904297,True,-0.26535797119140625,133.72410117188446,390.98089270008666,342.51913852731707,851.8350224615053,-286.0923999998474,refined
2021-06-22 14:54:47,26358785,train,-76.275625,13.039999952316284,-56.87946319580078,-57.28700256347656,True,-0.40753936767578125,155.12584201798123,390.98089270008666,358.09269659471454,839.9776307234233,-287.7621999995864,refined
2021-06-22 16:10:40,26358785,train,-67.83415841584159,22.131683085224417,-53.57544708251953,-53.64714813232422,True,-0.0717010498046875,99.73691194912458,390.98089270008666,330.6962194127336,837.8320074564188,-283.6804666662758,refined
2021-06-22 16:10:41,26358785,train,-67.190625,23.78999998092652,-53.933982849121094,-54.02882385253906,True,-0.09484100341796875,104.57467177388197,390.98089270008666,329.57482150175196,834.7829638666296,-283.86599999993166,refined
2021-06-22 14:54:06,26358785,train,-66.471875,14.401000003814698,-55.29530334472656,-55.506752014160156,True,-0.21144866943359375,125.2927328818432,261.98043709268643,225.9376369825278,998.9796075536069,-364.01640000006125,refined
2021-06-23 14:10:45,26358785,train,-82.605625,4.341000004634261,-57.39384460449219,-57.873985290527344,True,-0.48014068603515625,166.32518528462657,261.98043709268643,193.09674829635514,998.4149698518966,-371.0666666663292,refined
2021-06-22 11:42:16,26358785,train,-63.69875,18.20500002861023,-55.7564697265625,-56.019012451171875,True,-0.262542724609375,133.28624606742352,261.98043709268643,207.517772999834,942.1770547512756,-315.40666666764537,refined
2021-06-22 11:42:08,26358785,train,-64.199375,18.16099998474121,-55.75872802734375,-56.021514892578125,True,-0.262786865234375,133.32650421329714,261.98043709268643,207.94048131183092,992.7685928337107,-350.2869333332552,refined
2021-06-22 14:54:12,26358785,train,-66.775625,16.446000032424926,-55.29530334472656,-55.506752014160156,True,-0.21144866943359375,125.2927328818432,261.98043709268643,225.9376369825278,997.7374046096277,-363.0887333333638,refined
2021-06-22 10:23:34,26358785,train,-73.05,14.26299997329712,-55.85205078125,-56.125755310058594,True,-0.27370452880859375,135.00926851856244,156.20960400050112,70.20665158427,1074.8669146771392,-413.5537999999656,refined
2021-06-23 16:24:39,26358785,train,-74.82625,18.608000059127807,-55.69969940185547,-55.95673370361328,True,-0.2570343017578125,132.2902173985826,156.20960400050112,45.64892479445806,1077.577175645854,-412.9971999997889,refined
2021-06-22 17:38:37,26358785,train,-69.29,16.779000091552735,-55.67658996582031,-55.930328369140625,True,-0.2537384033203125,131.87010251138346,156.20960400050112,53.377326614452166,1073.8505668140365,-412.2550666667473,refined
2021-06-22 14:53:50,26358785,train,-66.525625,17.587000045776367,-55.290992736816406,-55.502708435058594,True,-0.2117156982421875,125.23139199735088,156.20960400050112,85.20575525764177,1061.4285373740036,-408.5443999999575,refined
2021-06-23 16:24:43,26358785,train,-76.57625,16.10799994468689,-56.057586669921875,-56.356422424316406,True,-0.29883575439453125,138.80224247774763,156.20960400050112,48.15013740250879,1075.0927697578954,-415.4091333333605,refined
2021-06-23 16:24:45,26358785,train,-76.0525,16.52799997329712,-56.05116271972656,-56.34919738769531,True,-0.29803466796875,138.68220847022394,156.20960400050112,48.86635819616852,1070.5756681433709,-416.33680000005796,refined
2021-06-23 16:25:26,26358785,train,-75.330625,16.82800000190735,-56.07295227050781,-56.373680114746094,True,-0.30072784423828125,139.0899881470755,167.46715439849208,139.9056806451003,1013.547260260524,-371.80880000016174,refined
2021-06-22 10:23:17,26358785,train,-65.414375,19.511000003814697,-48.584999084472656,-48.643653869628906,True,-0.05865478515625,50.867754648017474,167.46715439849208,119.78289155946172,1095.7585096442704,-398.71113333359716,refined
2021-06-22 11:41:08,26358785,train,-65.3575,21.69800006866455,-52.92644500732422,-52.96546173095703,True,-0.0390167236328125,91.56661308755226,167.46715439849208,135.73613901953433,1098.4687706128648,-398.5255999999413,refined
2021-06-23 16:24:58,26358785,train,-74.290625,17.73099998474121,-56.061317443847656,-56.36061096191406,True,-0.29929351806640625,138.87202126933187,167.46715439849208,140.57620214718037,1025.7434346196803,-386.0948666663535,refined
2021-06-23 15:11:52,26358785,train,-80.610625,3.795000001564622,-57.55299377441406,-58.056976318359375,True,-0.5039825439453125,169.96921622841717,167.46715439849208,156.12066466032508,1019.3065648190279,-383.1263333333962,refined
2021-06-23 16:25:43,26358785,train,-75.28,12.811000027656554,-57.059722900390625,-57.491668701171875,True,-0.43194580078125,158.94785838765188,167.46715439849208,161.49796992021493,1013.4343327200858,-371.80880000016174,refined
2021-06-22 17:38:24,26358785,train,-64.985,19.309999885559083,-55.49549865722656,-55.729637145996094,True,-0.23413848876953125,128.71574242357133,167.46715439849208,138.90380882512278,1084.0140454465063,-399.08220000011795,refined
2021-06-22 11:41:30,26358785,train,-73.08,19.93900007247925,-54.552337646484375,-54.69361114501953,True,-0.14127349853515625,113.48618362536884,167.46715439849208,144.6318831780398,1098.4687706128648,-398.5255999999413,refined
2021-06-22 17:38:03,26358785,train,-64.21625,22.31999996185303,-55.49549865722656,-55.729637145996094,True,-0.23413848876953125,128.71574242357133,167.46715439849208,138.90380882512278,1084.0140454465063,-399.08220000011795,refined
2021-06-23 16:25:34,26358785,train,-73.1075,18.55400013923645,-56.31776428222656,-56.648902893066406,True,-0.33113861083984375,143.75275683071067,167.46715439849208,143.6537161527655,1013.547260260524,-371.80880000016174,refined
2021-06-22 14:54:03,26358785,train,-66.5889175257732,13.62474228180561,-55.29530334472656,-55.506752014160156,True,-0.21144866943359375,125.2927328818432,167.46715439849208,168.37514397629405,1004.7389121121107,-368.84026666641347,refined
2021-06-22 11:42:04,26358785,train,-63.85875,19.613999996185303,-55.749778747558594,-56.01154327392578,True,-0.2617645263671875,133.16645174533394,167.46715439849208,155.2613113370511,1006.4328252177229,-363.4597999998846,refined
2021-06-22 14:52:52,26358785,train,-69.72875,22.322999935150147,-53.8704833984375,-53.96076965332031,True,-0.0902862548828125,103.69756297960058,167.46715439849208,137.67578091346215,1087.9665093592002,-385.7237999998327,refined
2021-06-22 17:38:20,26358785,train,-65.07875,21.56300003051758,-55.49549865722656,-55.729637145996094,True,-0.23413848876953125,128.71574242357133,167.46715439849208,138.90380882512278,1084.0140454465063,-399.08220000011795,refined
2021-06-23 15:11:48,26358785,train,-75.595625,8.601000003814697,-56.79869842529297,-57.193939208984375,True,-0.39524078369140625,153.41654797539968,167.46715439849208,165.537140426107,1036.2456958732243,-393.3306666662773,refined
2021-06-22 14:52:58,26358785,train,-70.28625,20.525000019073488,-53.8704833984375,-53.96076965332031,True,-0.0902862548828125,103.69756297960058,167.46715439849208,137.67578091346215,1087.514799197808,-385.167199999656,refined
2021-06-23 16:24:59,26358785,train,-74.768125,16.88400004386902,-56.061317443847656,-56.36061096191406,True,-0.29929351806640625,138.87202126933187,167.46715439849208,140.57620214718037,1023.4848838123579,-384.05400000009365,refined
2021-06-22 17:37:36,26358785,train,-64.375,24.90099994659424,-51.131553649902344,-51.13398742675781,True,-0.00243377685546875,72.25002202102323,167.46715439849208,118.63554870717998,1092.9353211351174,-381.27100000000127,refined
2021-06-23 16:24:07,26358785,train,-73.265625,20.08699993133545,-54.06109619140625,-54.1649169921875,True,-0.10382080078125,106.34756395260939,167.46715439849208,123.58299346001021,1089.8862775453283,-396.29920000002556,refined
2021-06-23 15:11:06,26358785,train,-72.211875,22.20000005722046,-54.58953094482422,-54.733978271484375,True,-0.14444732666015625,114.0481404202263,61.74899808941635,53.800642949916664,1106.260770897935,-414.8525333339748,refined
2021-06-23 15:10:42,26358785,train,-70.199375,21.714000072479248,-54.360740661621094,-54.486427307128906,True,-0.1256866455078125,110.64034921190037,61.74899808941635,49.04855310788247,1106.147843357617,-412.06953333309144,refined
2021-06-22 11:40:22,26358785,train,-65.819375,17.904000053405763,-47.979522705078125,-48.06458282470703,True,-0.08506011962890625,46.50958914026782,86.35245326788204,40.03523967813842,1144.0914969192627,-332.10466666661773,refined
2021-06-23 16:23:35,26358785,train,-66.11375,24.243999948501585,-49.99639129638672,-50.011260986328125,True,-0.01486968994140625,62.0152234875072,86.35245326788204,69.34207007991677,1137.9934097398047,-343.793266666373,refined
2021-06-23 16:23:28,26358785,train,-66.6375,25.54400005340576,-49.38850402832031,-49.4188232421875,True,-0.0303192138671875,57.025212666815115,86.35245326788204,63.48422238842253,1137.7675546590485,-342.8655999996755,refined
2021-06-22 14:52:22,26358785,train,-66.02875,14.45799998283386,-48.138641357421875,-48.21637725830078,True,-0.07773590087890625,47.63376272079518,86.35245326788204,38.80906336666675,1144.317352000019,-330.8059333333995,refined
2021-06-22 14:52:34,26358785,train,-64.460625,21.814999961853022,-52.391197204589844,-52.411354064941406,True,-0.0201568603515625,85.33948960166433,86.35245326788204,105.08388004938841,1109.8744521895544,-375.8905333334724,refined
2021-06-22 17:37:27,26358785,train,-65.268125,18.24999999046325,-49.40613555908203,-49.435874938964844,True,-0.0297393798828125,57.16529499080307,86.35245326788204,32.62582396650829,1142.736366434845,-313.7368666663244,refined
2021-06-22 14:52:33,26358785,train,-61.994375,24.472999992370607,-52.20782470703125,-52.22315979003906,True,-0.0153350830078125,83.30378525398598,86.35245326788204,103.26764350514925,1112.6976406985873,-372.5509333339943,refined
2021-06-23 16:23:37,26358785,train,-66.00375,26.61699993133545,-49.98289489746094,-49.998046875,True,-0.0151519775390625,61.90099785156097,86.35245326788204,69.14341470868726,1137.9934097398047,-343.793266666373,refined
2021-06-23 15:10:31,26358785,train,-69.01875,20.46099995613098,-50.746368408203125,-50.75032043457031,True,-0.0039520263671875,68.62950293250597,86.35245326788204,85.27181042643866,1115.182046586666,-380.8999333334805,refined
2021-06-22 14:55:09,26359553,train,-85.024375,8.244000010490417,-48.403099060058594,-48.469390869140625,True,-0.06629180908203125,49.53598865857775,248.83022924567524,297.9538876565339,792.3222086904592,-364.38746666658204,wcl
2021-06-22 14:55:15,26359553,train,-78.20875,12.512000036239623,-42.715118408203125,-43.21476745605469,True,-0.4996490478515625,12.718374291120677,248.83022924567524,259.74041859674367,782.0458025175511,-375.7049999998165,wcl
2021-06-22 16:12:03,26359553,train,-83.111875,8.798000001907349,-47.02809143066406,-47.162437438964844,True,-0.13434600830078125,40.062982732189724,248.83022924567524,288.6741768715138,761.4929901716146,-392.2174666667149,wcl
2021-06-22 14:55:17,26359553,train,-78.11125,10.963000016212463,-42.224586486816406,-42.77842712402344,True,-0.5538406372070312,8.285721458612343,248.83022924567524,240.68799467533088,778.0933386049775,-381.27100000000127,wcl
2021-06-22 16:12:18,26359553,train,-77.015625,10.123999996185304,-46.6370849609375,-46.79441833496094,True,-0.1573333740234375,37.53184667270504,248.83022924567524,211.849460783071,761.4929901716146,-391.66086666653825,wcl
2021-06-22 16:12:13,26359553,train,-77.470625,12.966000022888185,-41.84980010986328,-42.44403839111328,True,-0.59423828125,1.8362679145858123,248.83022924567524,250.57673060462915,761.4929901716146,-391.66086666653825,wcl
2021-06-22 14:55:20,26359553,train,-79.643125,6.151000010967255,-46.65254211425781,-46.808929443359375,True,-0.1563873291015625,37.63078839094533,248.83022924567524,212.06872261731053,774.4796573131171,-388.69233333358096,wcl
2021-06-22 16:12:10,26359553,train,-78.90375,12.85300004005432,-43.2315673828125,-43.674766540527344,True,-0.44319915771484375,16.449425379961113,248.83022924567524,265.08882620184477,761.4929901716146,-391.66086666653825,wcl
2021-06-23 15:12:22,26359553,train,-75.551875,12.367000021934508,-44.49639129638672,-44.813682556152344,True,-0.317291259765625,24.398170326437107,163.5662096394321,143.9013072147212,898.2482415503697,-306.87213333292135,wcl
2021-06-22 17:39:33,26359553,train,-77.515625,12.190000042915344,-45.37787628173828,-45.62152099609375,True,-0.24364471435546875,29.71559861081923,163.5662096394321,134.02399270407315,898.6999517120026,-300.93506666700677,wcl
2021-06-22 10:24:21,26359553,train,-78.73375,5.271000014543533,-47.095245361328125,-47.225799560546875,True,-0.13055419921875,40.50398267951548,163.5662096394321,124.71088866493591,893.5052848552091,-303.16146666771346,wcl
2021-06-22 14:54:58,26359553,train,-82.374375,10.125000004768372,-50.40062713623047,-50.40830993652344,True,-0.00768280029296875,65.51192895466481,163.5662096394321,228.8564921561666,807.5674266394046,-333.58893333349187,wcl
2021-06-22 11:43:03,26359553,train,-82.849375,7.5519999670982365,-50.788818359375,-50.79216766357422,True,-0.00334930419921875,69.01795299693188,240.12178273586989,303.7288989009243,851.722094921067,-286.0923999998474,wcl
2021-06-23 16:26:23,26359553,train,-80.460625,4.4319999931752685,-49.21355438232422,-49.249351501464844,True,-0.035797119140625,55.64476611958282,240.12178273586989,193.0146682285873,886.5037773528463,-299.26526666647675,wcl
2021-06-22 11:43:05,26359553,train,-83.50130208333333,6.681249991059303,-49.38128662109375,-49.41184997558594,True,-0.0305633544921875,56.968027151790366,240.12178273586989,292.59951327867725,851.722094921067,-286.0923999998474,wcl
2021-06-22 11:43:16,26359553,train,-78.9325,11.30799997329712,-43.85693359375,-44.23509216308594,True,-0.3781585693359375,20.486686698136072,240.12178273586989,260.5949903873112,843.7042395553609,-285.7213333333266,wcl
2021-06-22 11:43:23,26359553,train,-78.90875,6.295999982357025,-46.81403350830078,-46.96076202392578,True,-0.146728515625,38.66989700058446,240.12178273586989,207.08980047924243,837.4932248353444,-286.83453333288895,wcl
2021-06-22 11:43:07,26359553,train,-83.9075,7.379999995231628,-48.06999969482422,-48.150848388671875,True,-0.08084869384765625,47.14688542426255,240.12178273586989,283.6532912483563,851.722094921067,-286.0923999998474,wcl
2021-06-22 11:43:17,26359553,train,-79.07875,11.645999956130982,-42.68208312988281,-43.185394287109375,True,-0.5033111572265625,12.457565934927137,240.12178273586989,252.55865359289794,841.4456887482793,-285.90686666698247,wcl
2021-06-22 17:39:00,26359553,train,-81.81625,10.346999940872193,-49.37841796875,-49.40906524658203,True,-0.03064727783203125,56.94520574342322,107.66302468891533,153.58037021907037,998.753752472971,-365.3151333332795,wcl
2021-06-22 10:24:19,26359553,train,-77.738125,10.667999992370603,-44.351966857910156,-44.68244934082031,True,-0.33048248291015625,23.52386243556914,107.66302468891533,96.280558138951,908.6375752637161,-313.18026666772965,wcl
2021-06-23 14:11:30,26359553,train,-75.89875,9.524999985694883,-45.21968078613281,-45.47566223144531,True,-0.2559814453125,28.758069299586268,107.66302468891533,86.62253567877889,925.6896338584714,-322.08586666660153,wcl
2021-06-23 14:11:05,26359553,train,-81.204375,11.468000049591064,-44.76685333251953,-45.06023406982422,True,-0.2933807373046875,26.028472020142626,107.66302468891533,128.37788636501304,973.9096935932661,-354.9252666667425,wcl
2021-06-23 15:12:05,26359553,train,-81.978125,9.698000020980835,-46.08079528808594,-46.27379608154297,True,-0.19300079345703125,34.025606969822626,107.66302468891533,136.43283627374026,980.459490934116,-359.74913333309473,wcl
2021-06-22 17:39:07,26359553,train,-84.19,8.900999975204467,-47.96985626220703,-48.05541229248047,True,-0.0855560302734375,46.44200100655503,107.66302468891533,143.8025986725691,998.8666800132888,-365.3151333332795,wcl
2021-06-22 10:24:17,26359553,train,-77.56125,12.62599997997284,-42.229896545410156,-42.783111572265625,True,-0.5532150268554688,8.342886579152202,107.66302468891533,106.18715228300371,923.6569381319051,-323.3845999998198,wcl
2021-06-23 16:26:10,26359553,train,-80.690625,11.235000004768372,-43.94117736816406,-44.31095886230469,True,-0.369781494140625,21.009887234552924,107.66302468891533,125.53641864370898,963.8591425009939,-346.39073333360045,wcl
2021-06-23 16:26:05,26359553,train,-82.63375,9.737999944686887,-46.09486389160156,-46.28691101074219,True,-0.192047119140625,34.113064218019645,107.66302468891533,136.4760345510694,973.5709109720714,-351.95673333299425,wcl
2021-06-23 14:11:28,26359553,train,-75.6325,11.031999998092653,-44.388092041015625,-44.7152099609375,True,-0.327117919921875,23.742651963585384,107.66302468891533,89.31715256584576,928.0611122061118,-323.3845999998198,wcl
2021-06-23 16:26:03,26359553,train,-82.236875,9.673999991416933,-47.14617156982422,-47.27393341064453,True,-0.1277618408203125,40.839982916475435,107.66302468891533,142.1165311620261,974.9260414566093,-352.8843999996917,wcl
2021-06-22 10:24:01,26359553,train,-81.9825,9.957999992370606,-45.635963439941406,-45.86021423339844,True,-0.22425079345703125,31.285696325211873,107.66302468891533,134.2952632217673,981.5887663378976,-361.047866666313,wcl
2021-06-23 16:26:20,26359553,train,-77.2275,11.12600000858307,-46.086341857910156,-46.27899932861328,True,-0.192657470703125,34.06034586629864,107.66302468891533,88.322310633077,907.3953723197369,-310.0262000003255,wcl
2021-06-23 14:11:20,26359553,train,-76.4625,12.427999982833862,-43.95281982421875,-44.32147979736328,True,-0.36865997314453125,21.082177283509367,107.66302468891533,90.36048611776712,938.224590838702,-330.0637999995669,wcl
2021-06-22 10:24:07,26359553,train,-82.74125,9.268000001907348,-45.66419219970703,-45.886375427246094,True,-0.2221832275390625,31.458170795257374,107.66302468891533,134.37893951007783,979.5560706113315,-359.9346666667506,wcl
2021-06-23 15:11:59,26359553,train,-81.490625,9.371999988555908,-49.54209899902344,-49.56800842285156,True,-0.025909423828125,58.25728006241247,107.66302468891533,155.80514590593378,986.2187954927402,-362.5321333339781,wcl
2021-06-22 10:24:06,26359553,train,-82.176875,9.858999996185302,-45.66419219970703,-45.886375427246094,True,-0.2221832275390625,31.458170795257374,107.66302468891533,134.37893951007783,981.5887663378976,-361.047866666313,wcl
2021-06-22 10:23:57,26359553,train,-83.05375,8.49500002861023,-45.939292907714844,-46.14195251464844,True,-0.20265960693359375,33.148739861432915,107.66302468891533,135.66016803793417,981.5887663378976,-361.047866666313,wcl
2021-06-23 15:12:14,26359553,train,-79.20875,11.847999963760376,-44.907920837402344,-45.189292907714844,True,-0.2813720703125,26.877826553153014,107.66302468891533,131.92400093128234,956.7447074581928,-343.60773333350807,wcl
2021-06-23 14:11:29,26359553,train,-75.075625,11.047999997138977,-44.83656311035156,-45.12397766113281,True,-0.28741455078125,26.44832087894871,107.66302468891533,88.01451532346903,926.5930541812559,-322.6424666667782,wcl
2021-06-22 17:38:59,26359553,train,-82.608125,9.349999966621398,-50.15959930419922,-50.171165466308594,True,-0.011566162109375,63.408050910028436,107.66302468891533,159.21228627570642,999.2054626343631,-365.3151333332795,wcl
2021-06-23 15:12:08,26359553,train,-82.166875,10.865999994277956,-45.110321044921875,-45.375022888183594,True,-0.26470184326171875,28.097567227517036,107.66302468891533,131.84853973956874,980.459490934116,-359.37806666657394,wcl
2021-06-22 17:39:31,26359553,train,-77.47375,13.900999965667724,-42.84370422363281,-43.32921600341797,True,-0.48551177978515625,13.702777062273997,107.66302468891533,97.68104778907032,913.4934594993151,-310.2117333339814,wcl
2021-06-22 10:24:02,26359553,train,-82.918125,9.110000009536742,-45.650062561035156,-45.87327575683594,True,-0.22321319580078125,31.371848838303293,107.66302468891533,134.33706041590727,981.5887663378976,-361.047866666313,wcl
2021-06-22 17:39:23,26359553,train,-84.0375,8.017999970912934,-46.47673034667969,-46.64397430419922,True,-0.16724395751953125,36.51061406492869,107.66302468891533,135.39618417426595,971.6511427858231,-348.0605333333395,wcl
2021-06-23 14:10:48,26359553,train,-85.69868421052631,4.465263176827055,-52.188880920410156,-52.20294189453125,True,-0.01406097412109375,83.08741384235474,107.66302468891533,176.8227415539949,987.7997810579142,-363.2742666662287,wcl
2021-06-23 16:26:15,26359553,train,-78.033125,14.12900001525879,-42.02716827392578,-42.60247039794922,True,-0.5753021240234375,5.8031435892375125,107.66302468891533,113.1550469482629,937.9987357579456,-329.878266666702,wcl
2021-06-23 14:11:14,26359553,train,-76.045,13.578999977111817,-41.84882354736328,-42.443153381347656,True,-0.594329833984375,1.790543973465848,107.66302468891533,107.2784557299754,943.7580403165699,-333.7744666663568,wcl
2021-06-22 10:24:14,26359553,train,-78.133125,11.486000022888184,-43.035621643066406,-43.500038146972656,True,-0.46441650390625,15.095815677222603,107.66302468891533,121.26641323462525,944.5485330990365,-337.2996000002817,wcl
2021-06-22 17:39:01,26359553,train,-82.62625,9.693999977111815,-48.75347900390625,-48.8055419921875,True,-0.05206298828125,52.12151768917622,107.66302468891533,149.35848866207914,998.753752472971,-365.3151333332795,wcl
2021-06-23 15:12:02,26359553,train,-82.46375,9.49800000667572,-47.69053649902344,-47.78962707519531,True,-0.099090576171875,44.503942022275154,107.66302468891533,144.25295112002536,980.9112010956287,-360.8623333334481,wcl
2021-06-22 10:26:03,26359552,train,-97.67628205128206,-3.656410275361477,-62.885894775390625,-64.26898956298828,True,-1.3830947875976562,351.21012904485644,377.7471679579921,61.813061547759645,683.1212771601239,-511.1443333329001,wcl
2021-06-22 14:57:30,26359552,train,-97.44875,-2.1160000064224005,-62.83465576171875,-64.20967102050781,True,-1.3750152587890625,348.8039376445381,377.7471679579921,64.0766727803223,686.6220309113052,-508.9179333329844,wcl
2021-06-22 16:14:42,26359552,train,-91.56625,2.007999998703599,-61.9288330078125,-63.15777587890625,True,-1.22894287109375,308.7373441348665,313.73020718482906,113.55362985929982,687.5254512342101,-498.3425333335825,wcl
2021-06-22 14:57:26,26359552,train,-94.83375,-2.7510000056773425,-62.361297607421875,-63.660736083984375,True,-1.2994384765625,327.295002609939,313.73020718482906,128.42094284418474,699.4957705126102,-491.84886666670025,wcl
2021-06-23 16:28:53,26359552,train,-95.149375,-1.093000002130866,-62.350341796875,-63.64801025390625,True,-1.29766845703125,326.8122990611464,313.73020718482906,113.26857787940219,695.7691616807929,-487.3960666676598,wcl
2021-06-23 16:28:41,26359552,train,-89.59875,6.025999999046325,-61.28455352783203,-62.40632629394531,True,-1.1217727661132812,282.92196604415585,236.35453041734252,60.028672133639134,725.4691047959762,-431.55053333294717,wcl
2021-06-23 16:28:43,26359552,train,-89.3825,4.411000005975366,-61.46118927001953,-62.61256408691406,True,-1.1513748168945312,289.7884103831346,236.35453041734252,63.31033913714002,721.290785802526,-440.0850666676712,wcl
2021-06-22 14:57:16,26359552,train,-89.0725,5.79600000500679,-61.04740905761719,-62.129249572753906,True,-1.0818405151367188,273.9475175169189,236.35453041734252,57.50819706324515,745.0055692786899,-438.78633333366196,wcl
2021-06-22 17:40:34,26359552,train,-90.734375,1.5419999981671573,-61.710296630859375,-62.90314483642578,True,-1.1928482055664062,299.7405872208034,236.35453041734252,73.9547209030835,710.5626694681051,-474.03766666658356,wcl
2021-06-22 17:40:35,26359552,train,-92.455,0.778000006377697,-61.93339538574219,-63.1630859375,True,-1.2296905517578125,308.92784360840744,236.35453041734252,82.58249223792222,707.0619157168035,-480.7168666663307,wcl
2021-06-22 10:25:51,26359552,train,-93.24525316455696,4.13291138882124,-60.876129150390625,-61.92900085449219,True,-1.0528717041015625,267.63558296930165,236.35453041734252,46.3892049429507,725.1303221749021,-440.8271999999218,wcl
2021-06-22 14:57:10,26359552,train,-79.6175,3.5760000122338536,-60.045745849609375,-60.957374572753906,True,-0.9116287231445312,238.9708660731071,236.35453041734252,40.330343245850294,764.5420337614037,-411.141866666394,wcl
2021-06-22 14:57:07,26359552,train,-79.77222222222223,1.2211111163927448,-59.50859069824219,-60.329811096191406,True,-0.8212203979492188,222.06793575919554,236.35453041734252,41.562849385721,774.0279471518452,-400.0098666668154,wcl
2021-06-22 10:25:55,26359552,train,-92.52272727272728,-0.5060606115695202,-61.6627197265625,-62.84767150878906,True,-1.1849517822265625,297.81526393442647,236.35453041734252,70.86533477000906,709.5463216048823,-464.38993333308815,wcl
2021-06-23 16:28:44,26359552,train,-89.365625,3.887999991774559,-61.54296112060547,-62.707984924316406,True,-1.1650238037109375,293.0202645479183,236.35453041734252,65.57366277620676,719.371017616398,-444.53786666671164,wcl
2021-06-22 17:40:30,26359552,train,-85.34,8.461000019162894,-60.68646240234375,-61.7071533203125,True,-1.02069091796875,260.8091251079904,236.35453041734252,41.69966236400675,728.292293305009,-444.72339999957654,wcl
2021-06-23 14:13:11,26359552,train,-84.7047193877551,3.851020401761848,-60.48542785644531,-61.47193145751953,True,-0.9865036010742188,253.75655462345614,236.35453041734252,48.218238301071814,750.5390187564375,-420.2329999997127,wcl
2021-06-22 14:57:25,26359552,train,-93.4775,-0.4599999925494194,-62.228614807128906,-63.506561279296875,True,-1.2779464721679688,321.4926910830916,236.35453041734252,97.02782560543659,703.3353068849862,-486.09733333365057,wcl
2021-06-23 14:13:18,26359552,train,-92.915,-0.0929999932646751,-61.56310272216797,-62.731483459472656,True,-1.1683807373046875,293.82134060347204,236.35453041734252,73.38733983731572,724.7915395538278,-455.6698666662902,wcl
2021-06-22 11:44:45,26359552,train,-92.073125,-4.056999992728233,-62.077423095703125,-63.33073425292969,True,-1.2533111572265625,314.99900882937897,236.35453041734252,92.96192129588725,723.8881192310431,-459.56606666673594,wcl
2021-06-23 14:13:13,26359552,train,-85.99125,7.326000018119812,-60.8345947265625,-61.88041687011719,True,-1.0458221435546875,266.1261630786462,236.35453041734252,54.059893461759856,742.7470184714879,-430.2517999997289,wcl
2021-06-23 14:13:15,26359552,train,-88.6525,4.440999998301268,-61.14067840576172,-62.238250732421875,True,-1.0975723266601562,277.44446298133744,236.35453041734252,61.263418330406054,734.8420906460999,-440.8271999999218,wcl
2021-06-23 15:14:36,26359552,train,-83.9278350515464,13.48144328717104,-60.507354736328125,-61.497581481933594,True,-0.9902267456054688,254.51663390096627,236.35453041734252,44.57001963914794,755.3949029921569,-420.7895999998894,wcl
2021-06-22 14:55:43,26359552,train,-74.078125,3.75099999666214,-55.043121337890625,-55.22990417480469,True,-0.1867828369140625,121.15530113286373,177.75596768816177,120.82396315943343,776.6252805801216,-394.44386666663064,wcl
2021-06-22 14:56:08,26359552,train,-79.9625,0.2040000014752149,-55.043121337890625,-55.22990417480469,True,-0.1867828369140625,121.15530113286373,177.75596768816177,120.82396315943343,776.6252805801216,-394.44386666663064,wcl
2021-06-22 14:55:58,26359552,train,-73.991875,5.1610000038146975,-55.043121337890625,-55.22990417480469,True,-0.1867828369140625,121.15530113286373,177.75596768816177,120.82396315943343,776.6252805801216,-394.44386666663064,wcl
2021-06-22 14:55:47,26359552,train,-73.92375,4.511999986171722,-55.043121337890625,-55.22990417480469,True,-0.1867828369140625,121.15530113286373,177.75596768816177,120.82396315943343,776.6252805801216,-394.44386666663064,wcl
2021-06-22 14:56:00,26359552,train,-79.524375,-1.0290000047534704,-55.043121337890625,-55.22990417480469,True,-0.1867828369140625,121.15530113286373,177.75596768816177,120.82396315943343,776.6252805801216,-394.44386666663064,wcl
2021-06-22 14:55:50,26359552,train,-73.795,4.756999998092652,-55.043121337890625,-55.22990417480469,True,-0.1867828369140625,121.15530113286373,177.75596768816177,120.82396315943343,776.6252805801216,-394.44386666663064,wcl
2021-06-22 14:55:32,26359552,train,-72.85375,5.326000012159348,-55.00487518310547,-55.18769836425781,True,-0.18282318115234375,120.53555310451117,177.75596768816177,121.83119188987642,776.6252805801216,-394.44386666663064,wcl
2021-06-22 14:56:14,26359552,train,-76.24125,0.5130000071972609,-55.043121337890625,-55.22990417480469,True,-0.1867828369140625,121.15530113286373,177.75596768816177,120.82396315943343,776.6252805801216,-394.44386666663064,wcl
2021-06-22 14:55:59,26359552,train,-77.4825,1.188999991863966,-55.04332733154297,-55.22990417480469,True,-0.18657684326171875,121.15530113286373,177.75596768816177,120.82396315943343,776.6252805801216,-394.44386666663064,wcl
2021-06-22 11:43:47,26359552,train,-76.275,-2.154000003784895,-55.44055938720703,-55.66835021972656,True,-0.22779083251953125,127.76617013361091,95.04738395832642,44.53705731098839,812.4233108748833,-321.52926666642486,wcl
2021-06-23 14:12:10,26359552,train,-68.3575,11.737000031471252,-55.160560607910156,-55.35881042480469,True,-0.19824981689453125,123.06625905400621,69.0487161160426,146.23062274312977,844.7205874187042,-286.83453333288895,wcl
2021-06-23 16:27:40,26359552,train,-76.48125,9.546999989748,-55.27598571777344,-55.48606872558594,True,-0.2100830078125,124.97930997140902,69.0487161160426,141.97001177731144,832.5244130595479,-287.7621999995864,wcl
2021-06-23 16:27:23,26359552,train,-71.935625,15.71800003528595,-55.24041748046875,-55.44682312011719,True,-0.2064056396484375,124.38648653687976,69.0487161160426,144.06946692682274,845.0593700397785,-286.64900000002405,wcl
2021-06-23 15:13:00,26359552,train,-68.085,10.825999948382378,-55.16021728515625,-55.358428955078125,True,-0.198211669921875,123.06061605542199,69.0487161160426,141.68019031458502,834.8958914071884,-286.0923999998474,wcl
2021-06-23 16:26:53,26359552,train,-73.3,11.479999995231628,-55.24794006347656,-55.455108642578125,True,-0.2071685791015625,124.51141924693626,69.0487161160426,144.49677905922647,845.1722975802168,-286.64900000002405,wcl
2021-06-23 16:27:39,26359552,train,-70.8525,14.396000022888185,-55.2523193359375,-55.4599609375,True,-0.2076416015625,124.5845331843245,69.0487161160426,142.68298639257222,832.6373405998659,-287.9477333340333,wcl
2021-06-23 15:12:59,26359552,train,-67.55125,13.721999988555908,-55.15773010253906,-55.355690002441406,True,-0.19795989990234375,123.01963353828319,69.0487161160426,142.59291640453884,835.1217464877041,-285.7213333333266,wcl
2021-06-22 17:39:47,26359552,train,-74.3225,10.67200001001358,-55.0020751953125,-55.18463134765625,True,-0.18255615234375,120.4905574221842,69.0487161160426,136.54969364885255,831.3951376557662,-281.26853333349516,wcl
2021-06-23 16:27:08,26359552,train,-72.370625,13.125999989509582,-55.24041748046875,-55.44682312011719,True,-0.2064056396484375,124.38648653687976,69.0487161160426,144.06946692682274,845.0593700397785,-286.64900000002405,wcl
2021-06-22 11:43:31,26359552,train,-76.685,2.0580000055581333,-55.297149658203125,-55.50884246826172,True,-0.21169281005859375,125.32438251624103,69.0487161160426,149.96818762065746,834.7829638666296,-287.5766666667215,wcl
2021-06-23 16:26:57,26359552,train,-72.365,15.36599997997284,-55.24305725097656,-55.449737548828125,True,-0.2066802978515625,124.43030792816673,69.0487161160426,144.05806992260182,845.1722975802168,-286.64900000002405,wcl
2021-06-23 16:27:36,26359552,train,-68.456875,17.412999982833863,-55.24041748046875,-55.44682312011719,True,-0.2064056396484375,124.38648653687976,69.0487161160426,144.06946692682274,837.6061523757828,-286.46346666636816,wcl
2021-06-23 16:27:27,26359552,train,-72.073125,15.0449999666214,-55.24041748046875,-55.44682312011719,True,-0.2064056396484375,124.38648653687976,69.0487161160426,144.06946692682274,845.0593700397785,-286.64900000002405,wcl
2021-06-23 16:27:18,26359552,train,-72.43375,14.405000019073489,-55.24041748046875,-55.44682312011719,True,-0.2064056396484375,124.38648653687976,69.0487161160426,144.06946692682274,845.0593700397785,-286.64900000002405,wcl
2021-06-23 14:11:53,26359552,train,-71.425,10.818947416230252,-55.0501708984375,-55.23741912841797,True,-0.18724822998046875,121.26599060671371,69.0487161160426,144.68211176522775,844.7205874187042,-286.83453333288895,wcl
2021-06-22 11:43:32,26359552,train,-75.71875,2.7059999933838843,-55.320281982421875,-55.535003662109375,True,-0.2147216796875,125.7219495772576,69.0487161160426,147.45371166602018,834.7829638666296,-287.5766666667215,wcl
2021-06-23 16:27:09,26359552,train,-72.374375,13.195000071525572,-55.240211486816406,-55.44682312011719,True,-0.20661163330078125,124.38648653687976,69.0487161160426,144.06946692682274,845.0593700397785,-286.64900000002405,wcl
2021-06-23 15:14:29,26359554,train,-85.85,7.013999957889318,-53.532135009765625,-53.60108947753906,True,-0.0689544677734375,99.16624937358188,108.4945134688936,35.08677225196894,769.7367006180768,-404.09160000012605,refined
2021-06-23 15:14:21,26359554,train,-77.199375,3.771000002995133,-49.41943359375,-49.448936462402344,True,-0.02950286865234375,57.27263465043597,108.4945134688936,59.601875641633676,768.607425214536,-403.72053333360526,refined
2021-06-22 11:44:18,26359554,train,-67.56,12.057999930381776,-42.41337585449219,-42.94645690917969,True,-0.5330810546875,10.168758911782803,108.4945134688936,110.37751693643662,749.8614535142889,-425.2423999997208,refined
2021-06-23 15:13:59,26359554,train,-67.621875,16.23499994277954,-41.835182189941406,-42.43096923828125,True,-0.5957870483398438,0.9603577992683824,108.4945134688936,109.28021763534028,767.365222270316,-402.2362666667311,refined
2021-06-23 16:28:34,26359554,train,-87.85372340425532,-1.234042551209952,-55.308143615722656,-55.522918701171875,True,-0.21477508544921875,125.53814984377493,108.4945134688936,41.35919145351581,745.4572794400822,-414.11040000014225,refined
2021-06-22 17:40:25,26359554,train,-80.10875,10.418000018596649,-52.44354248046875,-52.46453094482422,True,-0.02098846435546875,85.92176980414169,108.4945134688936,36.98082882956659,756.5241783956977,-400.3809333333362,refined
2021-06-23 15:14:25,26359554,train,-81.145625,6.144000000059605,-51.75798034667969,-51.76429748535156,True,-0.006317138671875,78.5001795232157,108.4945134688936,42.99989349086414,769.6237730776386,-404.46266666664684,refined
2021-06-22 11:44:13,26359554,train,-73.890625,4.321999990940094,-44.190948486328125,-44.53656005859375,True,-0.345611572265625,22.54463727366125,108.4945134688936,121.348485272518,756.7500334763336,-413.5537999999656,refined
2021-06-22 16:14:30,26359554,train,-80.17125,5.854999982789159,-54.643768310546875,-54.79374694824219,True,-0.1499786376953125,114.88458658017018,108.4945134688936,37.311048544597575,738.3428443972812,-418.006599999797,refined
2021-06-22 10:25:47,26359554,train,-87.5,0.4499999284744262,-54.11732482910156,-54.22480773925781,True,-0.10748291015625,107.13606136783936,108.4945134688936,33.117090982407554,743.1987286330005,-419.30533333301526,refined
2021-06-23 15:14:24,26359554,train,-81.108125,6.049999991580844,-51.24824523925781,-51.250732421875,True,-0.0024871826171875,73.3785928783667,108.4945134688936,46.542560674313584,769.2849904565642,-404.27713333299096,refined
2021-06-22 10:25:44,26359554,train,-82.20138888888889,4.333333302427222,-52.95661163330078,-52.99613952636719,True,-0.03952789306640625,91.92188564284491,93.659565547259,115.72756470258206,757.5405262589205,-397.5979333340348,refined
2021-06-22 16:13:11,26359554,train,-73.443125,10.412999987602234,-43.14777374267578,-43.600059509277344,True,-0.4522857666015625,15.87821455174597,93.659565547259,109.51014856878645,761.4929901716146,-391.66086666653825,refined
2021-06-22 10:25:20,26359554,train,-69.64625,13.934000034332277,-42.3619384765625,-42.900672912597656,True,-0.5387344360351562,9.685097376390816,93.659565547259,103.26450620768411,769.8496281583948,-373.10753333338,refined
2021-06-22 16:13:49,26359554,train,-66.55625,18.35999998092652,-41.90691375732422,-42.49512481689453,True,-0.5882110595703125,3.6087609302995953,93.659565547259,96.71680471005784,761.3800626311762,-391.47533333288237,refined
2021-06-22 16:13:05,26359554,train,-72.895625,10.545000047683716,-43.14777374267578,-43.600059509277344,True,-0.4522857666015625,15.87821455174597,93.659565547259,109.51014856878645,761.4929901716146,-391.66086666653825,refined
2021-06-22 16:13:32,26359554,train,-74.015625,8.851000020503998,-43.14777374267578,-43.600059509277344,True,-0.4522857666015625,15.87821455174597,93.659565547259,109.51014856878645,761.4929901716146,-391.47533333288237,refined
2021-06-22 14:57:05,26359554,train,-79.0,11.212000002861023,-51.8524169921875,-51.860084533691406,True,-0.00766754150390625,79.48472595290679,93.659565547259,112.79696380789579,775.9477153379729,-395.9281333335048,refined
2021-06-22 14:56:26,26359554,train,-69.43819444444445,15.434444459279378,-42.25267028808594,-42.80341339111328,True,-0.5507431030273438,8.586985161085726,93.659565547259,102.18621677150138,776.6252805801216,-394.44386666663064,refined
2021-06-22 16:14:02,26359554,train,-64.280625,14.963999967575074,-42.05348205566406,-42.625953674316406,True,-0.5724716186523438,6.185599531778838,93.659565547259,91.74505885693361,761.267135090738,-391.47533333288237,refined
2021-06-23 15:13:28,26359554,train,-71.774375,11.905000023841858,-42.60362243652344,-43.115638732910156,True,-0.5120162963867188,11.822752089643807,93.659565547259,104.93991001585442,772.1081789655971,-383.68293333357286,refined
2021-06-22 14:56:53,26359554,train,-66.959375,15.462999982833862,-41.94048309326172,-42.525108337402344,True,-0.584625244140625,4.329040256508635,93.659565547259,97.62075038093437,776.6252805801216,-394.44386666663064,refined
2021-06-22 10:25:19,26359554,train,-70.24861111111112,11.32222228580051,-42.52577209472656,-43.04638671875,True,-0.5206146240234375,11.167708515371702,93.659565547259,104.79575803708954,769.8496281583948,-373.10753333338,refined
2021-06-23 15:13:34,26359554,train,-71.545,12.471000003814698,-42.60362243652344,-43.115638732910156,True,-0.5120162963867188,11.822752089643807,93.659565547259,104.93991001585442,763.6386134384987,-397.04133333306714,refined
2021-06-22 16:14:14,26359554,train,-71.57125,16.075999994277954,-49.375465393066406,-49.40650939941406,True,-0.03104400634765625,56.92426990573204,93.659565547259,98.46483891628786,761.1542075505403,-391.47533333288237,refined
2021-06-22 16:14:06,26359554,train,-63.573125,17.450000014305115,-44.293983459472656,-44.629913330078125,True,-0.33592987060546875,23.172264090708627,93.659565547259,89.88104475767734,761.267135090738,-391.47533333288237,refined
2021-06-22 10:25:35,26359554,train,-78.38486842105263,7.931578956152263,-50.52497863769531,-50.531227111816406,True,-0.00624847412109375,66.62088396715349,93.659565547259,104.22414771465908,769.8496281583948,-373.10753333338,refined
2021-06-22 16:13:35,26359554,train,-72.5975,11.725000019073486,-43.14777374267578,-43.600059509277344,True,-0.4522857666015625,15.87821455174597,93.659565547259,109.51014856878645,761.4929901716146,-391.47533333288237,refined
2021-06-22 16:13:02,26359554,train,-73.97875,10.137000024318697,-43.14777374267578,-43.600059509277344,True,-0.4522857666015625,15.87821455174597,93.659565547259,109.51014856878645,761.4929901716146,-391.66086666653825,refined
2021-06-22 14:56:17,26359554,train,-71.265625,17.195999965667724,-43.317481994628906,-43.751495361328125,True,-0.43401336669921875,17.026046319797587,93.659565547259,110.37058599802006,776.6252805801216,-394.44386666663064,refined
2021-06-22 10:24:55,26359554,train,-77.0675,7.293000005483627,-44.329925537109375,-44.66246795654297,True,-0.33254241943359375,23.39023061924836,93.659565547259,117.01456771936994,794.2419768767074,-347.3184000002979,refined
2021-06-22 17:40:24,26359554,train,-78.395625,7.897999996170402,-51.683197021484375,-51.688720703125,True,-0.005523681640625,77.73004910029385,93.659565547259,106.44897476004743,761.7188452522505,-391.47533333288237,refined
2021-06-23 16:28:15,26359554,train,-63.909375,21.25800005912781,-43.711875915527344,-44.104766845703125,True,-0.39289093017578125,19.57767339262618,37.386006516734305,56.67845123417356,805.1959482917642,-329.50720000018123,refined
2021-06-23 14:12:47,26359554,train,-66.488125,15.342000045776366,-42.17040252685547,-42.730186462402344,True,-0.559783935546875,7.676123014241964,37.386006516734305,39.01564154319805,821.9092242653247,-305.9444666662239,refined
2021-06-22 11:43:50,26359554,train,-73.009375,10.61399999141693,-44.190948486328125,-44.53656005859375,True,-0.345611572265625,22.54463727366125,37.386006516734305,44.53705731098839,803.953745347785,-335.44426666767777,refined
2021-06-23 16:27:51,26359554,train,-67.314375,19.94199993133545,-41.93695831298828,-42.52195739746094,True,-0.5849990844726562,4.258978932818531,135.64205929179442,138.9170218182057,832.298557978912,-287.9477333340333,refined
2021-06-22 17:40:07,26359554,train,-70.0275,11.009000015258788,-42.05712890625,-42.629188537597656,True,-0.5720596313476562,6.236841489346532,135.64205929179442,132.9540252705195,830.0400071715895,-284.60813333297324,refined
2021-06-23 16:27:52,26359554,train,-67.3175,19.66299995422364,-41.94476318359375,-42.5289306640625,True,-0.58416748046875,4.412675890156726,135.64205929179442,139.10200471099117,832.298557978912,-287.9477333340333,refined
2021-06-22 17:39:58,26359554,train,-70.501875,7.445000014305115,-42.04969024658203,-42.62255096435547,True,-0.5728607177734375,6.1316715939275666,135.64205929179442,132.96028378833583,830.0400071715895,-284.42260000010833,refined
2021-06-23 16:28:10,26359554,train,-65.990625,18.669999990463257,-41.93125915527344,-42.516868591308594,True,-0.5856094360351562,4.143176580813553,135.64205929179442,139.60216394352523,824.6194852340396,-297.9665333332585,refined
2021-06-23 15:12:38,26359554,train,-71.260625,11.404000024795533,-47.941497802734375,-48.02850341796875,True,-0.087005615234375,46.2441700955705,135.64205929179442,157.1267545003728,852.3996601633359,-286.46346666636816,refined
2021-06-23 15:12:39,26359554,train,-71.64,11.312000017166138,-47.978118896484375,-48.06340026855469,True,-0.0852813720703125,46.50083626982049,135.64205929179442,156.84568681752492,852.3996601633359,-286.46346666636816,refined
2021-06-23 14:12:33,26359554,train,-74.655,5.077000012397766,-44.53947448730469,-44.85289001464844,True,-0.31341552734375,24.65827247997386,135.64205929179442,140.05768965432804,835.6863841897754,-287.7621999995864,refined
2021-06-23 16:26:33,26359554,train,-74.573125,10.479999985694883,-47.21100616455078,-47.33528137207031,True,-0.12427520751953125,41.26970164010042,135.64205929179442,150.07061047210607,852.3996601633359,-288.13326666768916,refined
2021-06-23 15:12:54,26359554,train,-75.0975,7.0700000374764205,-46.97807312011719,-47.115394592285156,True,-0.13732147216796875,39.73662333158942,135.64205929179442,151.6915295338708,840.0905582637413,-284.42260000010833,refined
2021-06-22 17:39:45,26359554,train,-77.233125,6.018000001683832,-46.079803466796875,-46.27295684814453,True,-0.19315338134765625,34.020067138153166,135.64205929179442,141.84420248298363,838.2837176180518,-280.3408666667977,refined
2021-06-22 17:40:01,26359554,train,-70.425625,11.18900002002716,-42.05712890625,-42.629188537597656,True,-0.5720596313476562,6.236841489346532,135.64205929179442,132.9540252705195,830.0400071715895,-284.42260000010833,refined
2021-06-23 15:12:41,26359554,train,-71.36125,11.135999984741211,-48.036712646484375,-48.11927032470703,True,-0.08255767822265625,46.91311994144727,135.64205929179442,156.93062933483176,852.3996601633359,-286.27793333350326,refined
2021-06-23 15:12:28,26359554,train,-77.39694148936171,0.9553191462888364,-51.99549865722656,-52.005470275878906,True,-0.00997161865234375,80.99723448074565,135.64205929179442,182.74754695526838,859.0623850446244,-288.87539999993976,refined
2021-06-23 16:26:36,26359554,train,-76.114375,9.213999995514753,-46.69660949707031,-46.85041046142578,True,-0.15380096435546875,37.91383650851949,135.64205929179442,148.1038381119848,852.7384427844103,-288.13326666768916,refined
2021-06-22 14:57:47,26720002,train,-94.563125,7.226999981403351,-50.85944366455078,-50.862335205078125,True,-0.00289154052734375,69.67277096405924,136.2453982989762,97.51912862891669,598.3126943479807,-649.7377333333878,wcl
2021-06-22 17:41:12,26720002,train,-95.975625,2.7229999934881928,-54.03973388671875,-54.14196014404297,True,-0.10222625732421875,106.04684149287861,136.2453982989762,97.72340813205116,591.0853317647413,-659.9420666662689,wcl
2021-06-22 11:45:33,26720002,train,-97.513125,-1.1709999968111515,-53.89506530761719,-53.987205505371094,True,-0.09214019775390625,104.03752687971797,136.2453982989762,98.66638692286925,596.3929261617325,-651.5930666667828,wcl
2021-06-22 14:57:49,26720002,train,-97.231875,2.998999992907047,-53.11140441894531,-53.15840148925781,True,-0.0469970703125,93.82010845594084,136.2453982989762,94.09675326355838,589.3914186593697,-668.476600000202,wcl
2021-06-23 14:13:57,26720002,train,-99.57875,-2.5109999941289427,-56.41847229003906,-56.762306213378906,True,-0.34383392333984375,145.7156863678061,136.2453982989762,112.58777214651359,582.9545488587173,-684.6179999997887,wcl
2021-06-22 11:45:34,26720002,train,-96.581875,-1.0999999979883432,-54.37947082519531,-54.50657653808594,True,-0.127105712890625,110.91439483832069,136.2453982989762,100.01771540730098,591.3111868454977,-660.1275999999248,wcl
2021-06-22 14:57:50,26720002,train,-94.72,2.8909999916702507,-54.08995819091797,-54.19554138183594,True,-0.10558319091796875,106.75023667555365,136.2453982989762,94.63890765714046,583.9708967220606,-676.8255999996882,wcl
2021-06-22 16:15:22,26720002,train,-94.32625,1.3589999993145463,-54.80531311035156,-54.96880340576172,True,-0.16349029541015625,117.36596081930102,136.2453982989762,93.31907422397666,581.0347806724691,-680.3507333336131,wcl
2021-06-22 14:57:43,26720002,train,-89.5075,10.522999992370606,-45.56230163574219,-45.79203796386719,True,-0.229736328125,30.836730053813845,44.61421588032377,14.96073366116538,621.0111299608014,-612.2599999997595,wcl
2021-06-22 11:45:27,26720002,train,-93.053125,3.2779999934136868,-51.03184509277344,-51.03407287597656,True,-0.002227783203125,71.29421479735468,44.61421588032377,32.246376519031166,622.705043066173,-608.178266666449,wcl
2021-06-22 17:41:07,26720002,train,-89.06125,10.758999991416932,-49.52394104003906,-49.550086975097656,True,-0.02614593505859375,58.108439285822094,44.61421588032377,19.794553319121178,618.0750139113303,-616.3417333330701,wcl
2021-06-23 15:15:34,26720002,train,-95.09875,1.6209999914467337,-54.75616455078125,-54.9158935546875,True,-0.15972900390625,116.6109879843699,44.61421588032377,74.74205685099707,600.1195349937906,-661.0552666666223,wcl
2021-06-22 11:45:30,26720002,train,-95.015,-0.3139999956637621,-52.659751892089844,-52.68821716308594,True,-0.02846527099609375,88.40643025629528,44.61421588032377,47.70723545965446,612.0898542723108,-627.6592666663046,wcl
2021-06-22 14:57:42,26720002,train,-90.66125,9.15099997997284,-44.29383087158203,-44.62982177734375,True,-0.33599090576171875,23.171659506593354,44.61421588032377,21.741770390909224,627.2221446806975,-602.4267333333992,wcl
2021-06-23 15:15:31,26720002,train,-95.716875,3.859000015556812,-53.125,-53.172637939453125,True,-0.047637939453125,93.98826860224948,44.61421588032377,52.73095280809598,611.2993614896036,-638.9768000003301,wcl
2021-06-23 15:15:14,26720002,train,-89.951875,7.591000022888184,-44.6800537109375,-44.981109619140625,True,-0.301055908203125,25.506638278337668,77.17157018902948,67.48656648056985,676.2326971979587,-528.398933333631,wcl
2021-06-23 16:29:23,26720002,train,-87.310625,10.314999990463257,-42.16325378417969,-42.72381591796875,True,-0.5605621337890625,7.592513423423709,77.17157018902948,79.89105747892287,658.9547835225675,-560.1251333334187,wcl
2021-06-23 16:29:02,26720002,train,-93.085625,5.195000010579824,-48.40966033935547,-48.475341796875,True,-0.06568145751953125,49.58112809884605,77.17157018902948,56.19092252966369,684.8151902654954,-506.3204666665479,wcl
2021-06-23 16:29:20,26720002,train,-87.765,8.474000010490418,-43.15044403076172,-43.602516174316406,True,-0.4520721435546875,15.897152916714719,77.17157018902948,64.51333085683704,669.9087549377446,-545.839066666436,wcl
2021-06-23 16:29:21,26720002,train,-85.66375,6.973999986648559,-42.35535430908203,-42.894935607910156,True,-0.539581298828125,9.623116101077278,77.17157018902948,68.34710354464794,666.1821461056866,-551.0340000000999,wcl
2021-06-23 15:15:19,26720002,train,-87.551875,10.042000041007997,-42.06719970703125,-42.638214111328125,True,-0.571014404296875,6.377110593455762,77.17157018902948,81.75867067244386,657.3737979575141,-560.8672666664603,wcl
2021-06-23 15:15:16,26720002,train,-84.7925,8.367000021934508,-42.79792022705078,-43.28857421875,True,-0.49065399169921875,13.358544319510942,77.17157018902948,71.53749016042379,668.5536244533272,-541.0152000000837,wcl
2021-06-22 11:45:18,26720002,train,-88.554375,5.687999987602234,-42.042999267578125,-42.616607666015625,True,-0.5736083984375,6.0361254911265885,77.17157018902948,79.71334193097306,657.9384356593447,-560.8672666664603,wcl
2021-06-23 15:15:11,26720002,train,-93.90125,4.681999990940094,-47.46123504638672,-47.57201385498047,True,-0.11077880859375,42.94307767645687,77.17157018902948,66.73992622780824,686.5091033709873,-514.1128666666484,wcl
2021-06-23 16:29:19,26720002,train,-90.184375,7.432000002861023,-44.03173828125,-44.39269256591797,True,-0.36095428466796875,21.56920605603234,77.17157018902948,61.98370847135341,673.6353637696823,-540.4585999999072,wcl
2021-06-23 16:28:57,26720002,train,-95.02375,2.475000004693866,-50.72715759277344,-50.73130798339844,True,-0.004150390625,68.45351046981234,77.17157018902948,58.99240302589242,687.2995961534539,-502.609799999758,wcl
2021-06-22 11:45:07,26720002,train,-95.17875,-0.1230000020563602,-47.07475280761719,-47.20648956298828,True,-0.13173675537109375,40.36933364067672,77.17157018902948,60.99606795011333,685.0410453461313,-507.804733333422,wcl
2021-06-23 14:13:39,26720002,train,-86.331875,10.447000007629397,-42.12132263183594,-42.6865234375,True,-0.5652008056640625,7.085745941642416,77.17157018902948,84.25152230308353,660.648696627939,-557.5276666669822,wcl
2021-06-22 17:40:49,26720002,train,-95.07125,2.6959999990463257,-46.131813049316406,-46.32139587402344,True,-0.18958282470703125,34.343152099554075,77.17157018902948,64.65891304354172,689.7840020415326,-509.66006666681693,wcl
2021-06-22 17:40:44,26720002,train,-95.27125,2.4439999984204768,-47.39698791503906,-47.511146545410156,True,-0.11415863037109375,42.510445169819185,77.17157018902948,62.880656623841986,689.445219420338,-510.4021999998585,wcl
2021-06-22 11:45:04,26720002,train,-95.066875,1.518999997228384,-47.400482177734375,-47.51445007324219,True,-0.1139678955078125,42.53389387540138,77.17157018902948,60.95155357035434,689.445219420338,-502.4242666676841,wcl
2021-06-22 11:45:14,26720002,train,-90.776875,4.334999977946281,-43.838584899902344,-44.21873474121094,True,-0.38014984130859375,20.37332708893604,77.17157018902948,65.90817674728316,671.1509578817238,-539.1598666666889,wcl
2021-06-22 16:14:48,26720002,train,-94.324375,3.37399999499321,-47.593658447265625,-47.69740295410156,True,-0.1037445068359375,43.83973066299188,77.17157018902948,56.420231537612025,682.7824945390496,-511.70093333307676,wcl
2021-06-23 16:29:26,26720002,train,-89.81625,11.541000037193298,-45.11871337890625,-45.382781982421875,True,-0.264068603515625,28.148542881592192,77.17157018902948,93.90427671973968,648.4525222689031,-574.2256666667456,wcl
2021-06-22 10:26:16,26720002,train,-90.03125,4.049999952316284,-43.60484313964844,-44.008827209472656,True,-0.40398406982421875,18.89874611569803,77.17157018902948,66.08491713031842,630.7228984319993,-593.1500666664247,wcl
2021-06-22 17:40:56,26720002,train,-91.92,6.532000007629395,-45.40558624267578,-45.647178649902344,True,-0.2415924072265625,29.884051078568433,77.17157018902948,65.18658066313377,669.3441172360344,-525.9870000000594,wcl
2021-06-22 11:45:25,26720002,train,-89.14625,6.01299999833107,-49.40959167480469,-49.43904113769531,True,-0.029449462890625,57.1913062789317,77.17157018902948,120.27811857840595,629.0289853266278,-597.4173333333911,wcl
2021-06-22 17:40:59,26720002,train,-88.325625,6.859999992847443,-43.07664489746094,-43.53675079345703,True,-0.46010589599609375,15.38547769851759,77.17157018902948,68.1096338612948,655.2281746906299,-545.4679999999153,wcl
2021-06-23 15:15:23,26720002,train,-87.50875,11.860999970436096,-46.573089599609375,-46.73442077636719,True,-0.1613311767578125,37.123736923862765,77.17157018902948,103.18548520457884,643.7095655735019,-585.7287333336359,wcl
2021-06-22 16:15:08,26720002,train,-85.761875,3.393000006824732,-42.521507263183594,-43.042724609375,True,-0.5212173461914062,11.132213745273297,77.17157018902948,67.76323898329895,656.0186674730965,-559.1974666667213,wcl
2021-06-22 10:26:06,26720002,train,-95.72222222222224,1.7629629591548883,-46.89063262939453,-47.03289031982422,True,-0.1422576904296875,39.166309872892235,77.17157018902948,59.52360949786134,668.4406969130091,-537.4900666677408,wcl
2021-06-22 16:14:58,26720002,train,-91.26375,5.240000007152557,-45.595672607421875,-45.82289123535156,True,-0.2272186279296875,31.039754626469847,77.17157018902948,60.68346539370522,682.8954220794878,-511.329866666556,wcl
2021-06-22 11:44:53,26720002,train,-97.07125,-2.2140000020712614,-50.40167999267578,-50.409095764160156,True,-0.007415771484375,65.51905818872375,172.97535729769277,137.45071186821028,696.7855095438953,-488.3237333335663,wcl
2021-06-23 16:28:56,26720002,train,-95.469375,2.031999995931983,-51.16511535644531,-51.1676025390625,True,-0.0024871826171875,72.57372443656142,172.97535729769277,119.560420704914,688.6547266379918,-499.82679999966564,wcl
2021-06-23 16:28:55,26720002,train,-94.19875,3.9220000087469815,-51.62455749511719,-51.62956237792969,True,-0.0050048828125,77.13125812985052,172.97535729769277,117.54539156683174,690.6874223643172,-496.48720000018756,wcl
2021-06-22 11:44:56,26720002,train,-95.8175,-1.4779999985545873,-49.38165283203125,-49.41194152832031,True,-0.0302886962890625,56.96876330002525,172.97535729769277,136.7787598180721,691.816697767858,-496.48720000018756,wcl
2021-06-22 11:44:55,26720002,train,-95.85875,-1.9390000027418133,-49.64171600341797,-49.664649963378906,True,-0.0229339599609375,59.06402203957308,172.97535729769277,138.85876735380714,692.9459731716397,-494.26080000027184,wcl
2021-06-23 15:15:04,26720002,train,-92.295625,5.25399999640882,-48.90122985839844,-48.947547912597656,True,-0.04631805419921875,53.23480027893063,172.97535729769277,141.5991919453847,699.0440603512179,-494.81739999965754,wcl
2021-06-23 15:14:52,26720002,train,-92.6425,5.186000015735626,-51.68669891357422,-51.69196319580078,True,-0.0052642822265625,77.76298282599056,182.61460492861445,109.61673883861577,703.3353068849862,-488.5092666664312,wcl
2021-06-23 15:14:51,26720002,train,-93.9171052631579,2.1863157877012305,-52.198089599609375,-52.212371826171875,True,-0.0142822265625,83.18830115059225,182.61460492861445,105.11963572914763,706.1584953940189,-484.79859999964134,wcl
2021-06-22 10:26:56,26720005,train,-94.51121794871794,2.889743574727804,-270.0,-270.0,False,0.0,,,93.1756653333059,599.2161146708856,-630.2567333335321,wcl
2021-06-22 10:26:57,26720005,train,-95.48798076923076,1.853846165996332,-270.0,-270.0,False,0.0,,,92.8394696150245,596.6187812423684,-633.781866666666,wcl
2021-06-22 10:26:19,26720005,train,-91.53125,4.950000047683716,-270.0,-270.0,False,0.0,,,62.30861046905343,622.3662604450986,-601.1280000001809,wcl
2021-06-22 10:26:20,26720005,train,-91.25,5.699999809265137,-270.0,-270.0,False,0.0,,,62.52320627309572,618.9784342342352,-603.9110000002734,wcl
2021-06-22 10:26:21,26720005,train,-91.78125,5.650000095367432,-270.0,-270.0,False,0.0,,,62.6650489460445,615.2518254021771,-606.5084666667099,wcl
2021-06-22 10:26:22,26720005,train,-91.73295454545456,5.95681817965074,-270.0,-270.0,False,0.0,,,62.94941594942835,612.2027818123881,-609.662533333323,wcl
2021-06-22 10:26:23,26720005,train,-91.73005319148936,5.395744704185648,-270.0,-270.0,False,0.0,,,63.09193720810154,609.7183759246705,-612.8165999999362,wcl
2021-06-22 10:26:24,26720005,train,-91.3175,6.619999980926513,-270.0,-270.0,False,0.0,,,63.377647645877886,607.3468975769096,-615.7851333328936,wcl
2021-06-22 10:26:25,26720005,train,-90.95362903225806,6.667741960094821,-270.0,-270.0,False,0.0,,,63.52083381952841,605.3142018504637,-618.0115333336003,wcl
2021-06-22 10:26:26,26720005,train,-90.9125,6.460000019073487,-270.0,-270.0,False,0.0,,,63.73651142214128,604.1849264468025,-619.6813333333392,wcl
2021-06-22 10:26:27,26720005,train,-90.70833333333331,6.802222230699328,-270.0,-270.0,False,0.0,,,63.73651142214128,603.1685785835796,-620.9800666665575,wcl
2021-06-22 10:26:28,26720005,train,-90.795,7.932000064849854,-270.0,-270.0,False,0.0,,,63.73651142214128,602.2651582606746,-622.2787999997757,wcl
2021-06-22 10:26:29,26720005,train,-90.91527777777776,5.797777774598863,-270.0,-270.0,False,0.0,,,63.73651142214128,601.8134480991621,-623.0209333336084,wcl
2021-06-22 10:26:30,26720005,train,-91.80528846153848,6.511538450534527,-270.0,-270.0,False,0.0,,,63.73651142214128,601.9263756396003,-623.577533332994,wcl
2021-06-22 10:26:31,26720005,train,-92.02403846153848,5.253846168518066,-270.0,-270.0,False,0.0,,,63.73651142214128,602.2651582606746,-623.577533332994,wcl
2021-06-22 10:26:32,26720005,train,-91.095,4.2840000247955325,-270.0,-270.0,False,0.0,,,63.73651142214128,602.6039408818693,-623.577533332994,wcl
2021-06-22 10:26:33,26720005,train,-91.13290229885058,4.102298824266455,-270.0,-270.0,False,0.0,,,63.73651142214128,602.7168684219466,-623.577533332994,wcl
2021-06-22 10:26:34,26720005,train,-90.901875,5.057000000476837,-270.0,-270.0,False,0.0,,,63.73651142214128,602.7168684219466,-623.577533332994,wcl
2021-06-22 10:26:35,26720005,train,-91.501875,5.456999988555908,-270.0,-270.0,False,0.0,,,63.73651142214128,602.7168684219466,-623.577533332994,wcl
2021-06-22 10:26:36,26720005,train,-91.94342105263158,6.011578941345215,-270.0,-270.0,False,0.0,,,63.73651142214128,602.7168684219466,-623.577533332994,wcl
2021-06-22 10:26:37,26720005,train,-91.419375,6.920999975204468,-270.0,-270.0,False,0.0,,,63.73651142214128,602.7168684219466,-623.577533332994,wcl
2021-06-22 10:26:38,26720005,train,-92.58962264150944,7.381132107860637,-270.0,-270.0,False,0.0,,,63.73651142214128,602.7168684219466,-623.577533332994,wcl
2021-06-22 10:26:39,26720005,train,-90.72048611111111,8.76666666401757,-270.0,-270.0,False,0.0,,,63.73651142214128,602.7168684219466,-623.577533332994,wcl
2021-06-22 10:26:40,26720005,train,-88.87909836065573,10.534426196676788,-270.0,-270.0,False,0.0,,,63.73651142214128,602.7168684219466,-623.577533332994,wcl
2021-06-22 10:26:41,26720005,train,-88.35817307692308,11.326923095262968,-270.0,-270.0,False,0.0,,,63.73651142214128,602.7168684219466,-623.577533332994,wcl
2021-06-22 10:26:42,26720005,train,-86.6525,11.99999994277954,-270.0,-270.0,False,0.0,,,62.87590196244351,602.7168684219466,-623.577533332994,wcl
2021-06-22 10:26:43,26720005,train,-85.3485576923077,13.100000051351694,-270.0,-270.0,False,0.0,,,59.723751507267316,602.7168684219466,-623.577533332994,wcl
2021-06-22 10:26:44,26720005,train,-84.895,14.240000076293946,-270.0,-270.0,False,0.0,,,54.60830647496883,602.7168684219466,-623.577533332994,wcl
2021-06-22 10:26:45,26720005,train,-85.962890625,14.390625089406967,-270.0,-270.0,False,0.0,,,47.287965465729165,602.7168684219466,-623.577533332994,wcl
2021-06-22 10:26:46,26720005,train,-87.01041666666667,16.253333409627277,-270.0,-270.0,False,0.0,,,39.82285216056625,602.7168684219466,-623.577533332994,wcl
2021-06-22 10:26:47,26720005,train,-89.2890625,13.971874877810478,-270.0,-270.0,False,0.0,,,32.19797418827067,602.7168684219466,-623.577533332994,wcl
2021-06-22 10:26:48,26720005,train,-89.80357142857143,14.131428582327706,-270.0,-270.0,False,0.0,,,24.799141916751275,602.7168684219466,-623.577533332994,wcl
2021-06-22 10:26:49,26720005,train,-89.060546875,13.553124994039536,-270.0,-270.0,False,0.0,,,17.691078346757614,602.7168684219466,-623.577533332994,wcl
2021-06-22 10:26:50,26720005,train,-89.453125,14.487499952316284,-270.0,-270.0,False,0.0,,,11.073545074590612,602.7168684219466,-623.577533332994,wcl
2021-06-22 10:26:51,26720005,train,-86.90625,13.599999904632568,-270.0,-270.0,False,0.0,,,8.188597535655294,602.7168684219466,-623.577533332994,wcl
2021-06-22 10:26:52,26720005,train,-93.3125,9.100000381469728,-270.0,-270.0,False,0.0,,,12.942091814186071,602.7168684219466,-623.577533332994,wcl
2021-06-22 10:26:53,26720005,train,-91.3125,12.850000381469728,-270.0,-270.0,False,0.0,,,20.521604880928358,602.7168684219466,-623.577533332994,wcl
2021-06-22 10:26:54,26720005,train,-92.125,11.600000381469728,-270.0,-270.0,False,0.0,,,29.071216581663986,602.6039408818693,-624.1341333339617,wcl
2021-06-22 10:26:55,26720005,train,-93.3686224489796,7.179591845492928,-270.0,-270.0,False,0.0,,,37.05534393447445,601.9263756396003,-625.6184000000449,wcl
2021-06-22 10:26:18,26720005,train,-91.625,5.5,-270.0,-270.0,False,0.0,,,66.08491713031842,625.528231575326,-598.7160666666093,wcl
2021-06-22 10:26:58,42465280,train,-93.08801020408164,1.9204081380549745,-270.0,-270.0,False,0.0,,,93.04111572916803,594.8119405966789,-637.4925333334559,wcl
2021-06-22 10:26:59,42465280,train,-89.79947916666667,5.241666661420216,-270.0,-270.0,False,0.0,,,93.93368307595777,592.4404622491588,-640.8321333329341,wcl
2021-06-22 10:27:00,42465280,train,-88.21767241379311,7.972413808364292,-270.0,-270.0,False,0.0,,,94.56211515475059,588.6009258767829,-644.7283333333797,wcl
2021-06-22 10:27:01,42465280,train,-89.1796875,7.074999986961484,-270.0,-270.0,False,0.0,,,95.3343100991868,585.4389547466758,-649.9232666662527,wcl
2021-06-22 10:27:02,42465280,train,-88.85369318181819,6.854545472020453,-270.0,-270.0,False,0.0,,,96.988912212396,582.0511285358124,-656.23140000027,wcl
2021-06-22 10:27:03,42465280,train,-90.1725,4.691999981403351,-270.0,-270.0,False,0.0,,,99.11422651229479,580.2442878900025,-666.806799999672,wcl
2021-06-22 10:27:04,42465280,train,-94.10096153846152,2.376923068211629,-270.0,-270.0,False,0.0,,,101.78799748483237,576.8564616791392,-673.4860000002101,wcl
2021-06-22 10:27:05,42465280,train,-96.3653846153846,-0.1019230685555017,-270.0,-270.0,False,0.0,,,104.82722097718569,573.8074180893501,-680.3507333336131,wcl
2021-06-22 10:27:06,42465280,train,-96.9951923076923,-0.8461538501656972,-270.0,-270.0,False,0.0,,,109.3096352690617,570.8713020397586,-686.2878000003186,wcl
2021-06-22 10:27:07,42465280,train,-101.1825,-4.572000036239624,-270.0,-270.0,False,0.0,,,113.9201216811802,568.4998236922385,-691.6682666668476,wcl
2021-06-22 10:27:08,42465280,train,-102.00471698113208,-6.924528319880648,-270.0,-270.0,False,0.0,,,118.17808531935468,566.3542004253544,-695.3789333336374,wcl
2021-06-22 10:27:56,26795523,train,-100.6875,-7.300000190734863,-270.0,-270.0,False,0.0,,,145.7938493344322,295.55395863643855,-743.9886666668442,wcl
2021-06-22 10:27:47,26795523,train,-93.48076923076924,1.649999992778668,-270.0,-270.0,False,0.0,,,124.10795686990747,392.4457882672997,-733.7843333339631,wcl
2021-06-22 10:27:48,26795523,train,-92.65524193548389,1.3774193746428336,-270.0,-270.0,False,0.0,,,117.97697557437581,382.16938209439155,-734.3409333333489,wcl
2021-06-22 10:27:49,26795523,train,-90.87740384615384,3.2115384684159207,-270.0,-270.0,False,0.0,,,112.53538346294908,371.6671208406068,-735.2686000000463,wcl
2021-06-22 10:27:50,26795523,train,-91.3975,1.7439999881386756,-270.0,-270.0,False,0.0,,,107.45928043388491,361.164859586822,-736.5673333332645,wcl
2021-06-22 10:27:51,26795523,train,-93.16287878787878,1.557575776721492,-270.0,-270.0,False,0.0,,,102.80694893566786,350.4367432525216,-737.6805333336179,wcl
2021-06-22 10:27:52,26795523,train,-91.53782894736842,3.363157900540452,-270.0,-270.0,False,0.0,,,98.3322744651464,339.70862691822117,-738.7937333339712,wcl
2021-06-22 10:27:53,26795523,train,-94.5,-2.9875000193715096,-270.0,-270.0,False,0.0,,,94.20555630358695,328.98051058355975,-740.0924666663985,wcl
2021-06-22 10:27:54,26795523,train,-96.75,-6.199999809265137,-270.0,-270.0,False,0.0,,,90.7529479294531,317.913611628185,-741.2056666667519,wcl
2021-06-22 10:27:55,26795523,train,-95.40625,-5.550000190734863,-270.0,-270.0,False,0.0,,,88.33636921301166,306.7337851322516,-742.5043999999701,wcl
2021-06-22 10:27:35,26795523,train,-90.8173076923077,7.6192307472229,-270.0,-270.0,False,0.0,,,113.82914107099896,497.69425588494113,-720.240400000022,wcl
2021-06-22 10:27:36,26795523,train,-87.10897435897436,12.4564102490743,-270.0,-270.0,False,0.0,,,109.2962476289474,489.4505454385992,-721.1680666667195,wcl
2021-06-22 10:27:37,26795523,train,-87.15848214285714,12.914285710879737,-270.0,-270.0,False,0.0,,,104.44421370832626,481.20683499213686,-722.6523333335936,wcl
2021-06-22 10:27:38,26795523,train,-86.28629032258064,12.070967720400905,-270.0,-270.0,False,0.0,,,99.13862372872106,472.96312454567453,-724.1365999996767,wcl
2021-06-22 10:27:39,26795523,train,-88.92992424242425,9.07575756853277,-270.0,-270.0,False,0.0,,,93.78512262749847,464.7194140992123,-725.8064000002068,wcl
2021-06-22 10:27:40,26795523,train,-87.39423076923077,8.689743579962315,-270.0,-270.0,False,0.0,,,88.77906734909158,456.249848572114,-727.29066666629,wcl
2021-06-22 10:27:41,26795523,train,-85.77743902439025,9.241463428590356,-270.0,-270.0,False,0.0,,,84.80371579277175,447.554427964139,-728.2183333329874,wcl
2021-06-22 10:27:42,26795523,train,-83.34274193548387,13.935483932495115,-270.0,-270.0,False,0.0,,,81.70056491943915,438.9719348966024,-728.9604666668199,wcl
2021-06-22 10:27:43,26795523,train,-86.58653846153847,11.29487184377817,-270.0,-270.0,False,0.0,,,79.57686956688487,430.2765142887479,-729.8881333335174,wcl
2021-06-22 10:27:44,26795523,train,-90.695,7.95600001335144,-270.0,-270.0,False,0.0,,,78.11241602662834,421.3552386002573,-730.815800000215,wcl
2021-06-22 10:27:45,26795523,train,-93.96875,2.7115384440582533,-270.0,-270.0,False,0.0,,,77.34087214599727,412.0951802904517,-731.9289999997773,wcl
2021-06-22 10:27:46,26795523,train,-94.46412037037037,1.4462962961859174,-270.0,-270.0,False,0.0,,,76.9123300715237,402.38341181937426,-732.8566666664747,wcl
2021-06-22 10:27:10,26795523,train,-96.6484375,2.35937499103602,-270.0,-270.0,False,0.0,,,40.654662771880396,562.5146640530987,-700.5738666665104,wcl
2021-06-22 10:27:11,26795523,train,-95.6896551724138,2.006896544376324,-270.0,-270.0,False,0.0,,,40.82646687116676,561.3853886493171,-702.4291999999053,wcl
2021-06-22 10:27:12,26795523,train,-94.16898148148148,3.388888893304048,-270.0,-270.0,False,0.0,,,41.71220373304946,560.7078234071685,-703.5424000002587,wcl
2021-06-22 10:27:13,26795523,train,-94.37367021276596,3.5106383010428,-270.0,-270.0,False,0.0,,,42.873804683302936,560.1431857054582,-704.2845333333003,wcl
2021-06-22 10:27:14,26795523,train,-94.21739130434784,4.004347832306571,-270.0,-270.0,False,0.0,,,43.834298088221374,559.5785480036276,-705.0266666663418,wcl
2021-06-22 10:27:15,26795523,train,-92.98611111111111,3.044444449521877,-270.0,-270.0,False,0.0,,,45.88226546299175,558.110489978892,-707.2530666662576,wcl
2021-06-22 10:27:16,26795523,train,-92.42530487804878,4.3780487514123685,-270.0,-270.0,False,0.0,,,47.59047916999861,556.8682870349128,-710.0360666663499,wcl
2021-06-22 10:27:17,26795523,train,-93.26201923076924,3.719230725215032,-270.0,-270.0,False,0.0,,,48.69748113056061,553.9321709855622,-712.2624666662657,wcl
2021-06-22 10:27:18,26795523,train,-93.0825,2.78,-270.0,-270.0,False,0.0,,,49.501453220119785,550.3184896939424,-713.5612000002749,wcl
2021-06-22 10:27:19,26795523,train,-93.4110576923077,3.084615387882178,-270.0,-270.0,False,0.0,,,50.33522304650284,546.817735942761,-714.1177999996605,wcl
2021-06-22 10:27:20,26795523,train,-93.28125,4.105555567476484,-270.0,-270.0,False,0.0,,,51.267207954405116,543.4299097318976,-714.3033333333165,wcl
2021-06-22 10:27:21,26795523,train,-91.40625,3.700000047683716,-270.0,-270.0,False,0.0,,,52.2747077355399,540.2679386016703,-714.3033333333165,wcl
2021-06-22 10:27:22,26795523,train,-93.1875,2.400000095367432,-270.0,-270.0,False,0.0,,,52.99924260968848,537.7835327137118,-714.3033333333165,wcl
2021-06-22 10:27:23,26795523,train,-93.125,4.6499998569488525,-270.0,-270.0,False,0.0,,,53.79476948524418,535.8637645277043,-714.4888666669724,wcl
2021-06-22 10:27:24,26795523,train,-92.75,4.599999904632568,-270.0,-270.0,False,0.0,,,53.948629428324885,534.6215615836047,-714.8599333334931,wcl
2021-06-22 10:27:25,26795523,train,-94.375,4.699999928474426,-270.0,-270.0,False,0.0,,,53.948629428324885,534.169851422092,-715.2310000000139,wcl
2021-06-22 10:27:26,26795523,train,-94.625,4.400000095367432,-270.0,-270.0,False,0.0,,,54.04739248413062,534.169851422092,-715.7876000001907,wcl
2021-06-22 10:27:27,26795523,train,-92.40277777777776,3.208888900611136,-270.0,-270.0,False,0.0,,,54.49808099383415,534.2827789625304,-716.3441999995763,wcl
2021-06-22 10:27:28,26795523,train,-92.95192307692308,4.702564105009421,-270.0,-270.0,False,0.0,,,55.727149609162225,534.3957065028484,-716.3441999995763,wcl
2021-06-22 10:27:29,26795523,train,-92.1153846153846,4.400000008252951,-270.0,-270.0,False,0.0,,,57.17993110911259,533.9439963413357,-716.5297333340231,wcl
2021-06-22 10:27:30,26795523,train,-92.3561046511628,4.141860451809196,-270.0,-270.0,False,0.0,,,60.01275940104752,531.007880291985,-716.5297333340231,wcl
2021-06-22 10:27:31,26795523,train,-91.11805555555556,6.511111160119374,-270.0,-270.0,False,0.0,,,62.36076138195581,526.0390685160681,-717.0863333334089,wcl
2021-06-22 10:27:32,26795523,train,-91.1875,6.128000030517578,-270.0,-270.0,False,0.0,,,63.69966706515983,519.6021987154157,-717.8284666664504,wcl
2021-06-22 10:27:33,26795523,train,-92.65384615384616,7.015384600712703,-270.0,-270.0,False,0.0,,,64.38564386818437,512.4877636724942,-718.7561333339388,wcl
2021-06-22 10:27:34,26795523,train,-90.04166666666667,6.710256396195828,-270.0,-270.0,False,0.0,,,64.68270742220972,505.37332862969316,-719.4982666669805,wcl
2021-06-22 10:27:09,26795523,train,-97.71739130434784,-0.206521737186805,-270.0,-270.0,False,0.0,,,122.39023536981693,564.2085771584702,-698.3474666665948,wcl
2021-06-22 10:28:10,26367750,train,-89.73837209302326,6.609302371047264,-270.0,-270.0,False,0.0,,,133.80653438450537,198.88798408609298,-758.0892000001711,wcl
2021-06-22 10:28:11,26367750,train,-90.07432432432432,5.562162167317158,-270.0,-270.0,False,0.0,,,131.32437603535033,197.64578114223414,-757.3470666663386,wcl
2021-06-22 10:28:12,26367750,train,-91.51442307692308,5.934615346101614,-270.0,-270.0,False,0.0,,,129.27358338163933,196.96821590008554,-756.7904666677439,wcl
2021-06-22 10:28:13,26367750,train,-91.745,4.140000041127205,-270.0,-270.0,False,0.0,,,127.8461003873333,196.7423608193292,-756.0483333331204,wcl
2021-06-22 10:28:14,26367750,train,-91.8653846153846,4.676923064085154,-270.0,-270.0,False,0.0,,,126.90109295425309,196.8552883596472,-756.2338666667762,wcl
2021-06-22 10:28:15,26367750,train,-93.18313953488372,4.453488338825315,-270.0,-270.0,False,0.0,,,126.71995186903207,196.8552883596472,-756.2338666667762,wcl
2021-06-22 10:28:16,26367750,train,-94.60096153846152,2.2846153957339435,-270.0,-270.0,False,0.0,,,126.84064079498714,196.8552883596472,-756.2338666667762,wcl
2021-06-22 10:28:17,26367750,train,-94.66666666666669,2.993939378044822,-270.0,-270.0,False,0.0,,,126.96161677436287,196.8552883596472,-756.2338666667762,wcl
2021-06-22 10:28:18,26367750,train,-94.67887931034484,2.7655172404544106,-270.0,-270.0,False,0.0,,,127.36076572401508,196.17772311749857,-756.2338666667762,wcl
2021-06-22 10:28:19,26367750,train,-94.2175925925926,2.2962962979519808,-270.0,-270.0,False,0.0,,,127.42157161588094,193.1286795277095,-756.6049333332969,wcl
2021-06-22 10:28:20,26367750,train,-93.87820512820512,4.089743595856887,-270.0,-270.0,False,0.0,,,127.69959007061435,188.72450545350284,-757.1615333334737,wcl
2021-06-22 10:28:21,26367750,train,-91.34,4.4959999781847,-270.0,-270.0,False,0.0,,,127.69959007061435,183.41691105663202,-758.274733333036,wcl
2021-06-22 10:28:22,26367750,train,-87.86057692307692,6.557692353542034,-270.0,-270.0,False,0.0,,,127.63871680044785,177.20589633661552,-759.2023999997334,wcl
2021-06-22 10:28:23,26367750,train,-88.8475,7.487999968528747,-270.0,-270.0,False,0.0,,,126.65611840851498,171.10780915703737,-760.1300666664309,wcl
2021-06-22 10:28:24,26367750,train,-90.30528846153848,6.6230768744762125,-270.0,-270.0,False,0.0,,,124.59531269174599,165.46143213897184,-761.4287999996492,wcl
2021-06-22 10:28:25,26367750,train,-89.71036585365853,10.329268339203626,-270.0,-270.0,False,0.0,,,123.41709541493694,159.702127580468,-761.799866666961,wcl
2021-06-22 10:28:26,26367750,train,-90.20833333333331,8.766666730244955,-270.0,-270.0,False,0.0,,,121.54818255675102,154.28160564303843,-761.9853999998259,wcl
2021-06-22 10:28:27,26367750,train,-92.5,3.899999856948853,-270.0,-270.0,False,0.0,,,120.10596271511143,149.0869387863652,-761.9853999998259,wcl
2021-06-22 10:28:28,26367750,train,-89.5,5.099999904632568,-270.0,-270.0,False,0.0,,,118.65981252547206,144.34398209108426,-762.5420000000025,wcl
2021-06-22 10:28:29,26367750,train,-91.84375,6.550000190734863,-270.0,-270.0,False,0.0,,,118.09090676424641,140.1656630977543,-763.0986000001792,wcl
2021-06-22 10:28:30,26367750,train,-92.6875,6.900000095367432,-270.0,-270.0,False,0.0,,,117.45853113093978,136.66490934657293,-763.655199999565,wcl
2021-06-22 10:28:31,26367750,train,-92.875,9.450000286102297,-270.0,-270.0,False,0.0,,,116.43214687809765,134.06757591817615,-764.0262666676676,wcl
2021-06-22 10:28:32,26367750,train,-93.66319444444444,7.297222256660461,-270.0,-270.0,False,0.0,,,116.21037298818975,132.2607352723663,-763.8407333340117,wcl
2021-06-22 10:28:33,26367750,train,-95.0495283018868,5.07169810780939,-270.0,-270.0,False,0.0,,,115.69681792996295,131.47024248977937,-764.2117999997415,wcl
2021-06-22 10:28:34,26367750,train,-93.58928571428572,6.662857128041131,-270.0,-270.0,False,0.0,,,115.3721894387199,131.1314598688254,-764.0262666676676,wcl
2021-06-22 10:27:57,26367750,train,-87.375,6.5,-270.0,-270.0,False,0.0,,,138.70659970885126,284.37413214050514,-745.2874000000625,wcl
2021-06-22 10:27:58,26367750,train,-85.0,8.199999809265137,-270.0,-270.0,False,0.0,,,131.7079118735973,273.4201607254484,-746.9571999998016,wcl
2021-06-22 10:27:59,26367750,train,-81.1875,7.599999904632568,-270.0,-270.0,False,0.0,,,124.87249514635745,262.57911685046895,-748.2559333330198,wcl
2021-06-22 10:28:00,26367750,train,-82.08035714285714,12.583333401452927,-270.0,-270.0,False,0.0,,,118.96072149722292,251.96392805648654,-749.3691333333732,wcl
2021-06-22 10:28:01,26367750,train,-79.29054054054055,13.00540542602539,-270.0,-270.0,False,0.0,,,113.58841563043372,242.36508712572703,-750.6678666665914,wcl
2021-06-22 10:28:02,26367750,train,-82.79326923076923,12.423076959756704,-270.0,-270.0,False,0.0,,,109.49419048206879,233.78259405807003,-751.9665999998097,wcl
2021-06-22 10:28:03,26367750,train,-79.19354838709677,15.016129001494376,-270.0,-270.0,False,0.0,,,106.26576515902543,226.10352131355873,-752.8942666665071,wcl
2021-06-22 10:28:04,26367750,train,-83.05133928571429,13.29285717010498,-270.0,-270.0,False,0.0,,,103.77154749313216,219.77957905322427,-753.8219333339955,wcl
2021-06-22 10:28:05,26367750,train,-82.44308035714286,12.63035717180797,-270.0,-270.0,False,0.0,,,102.47884532596574,214.13320203503838,-754.9351333335579,wcl
2021-06-22 10:28:06,26367750,train,-82.20913461538461,8.980769285788902,-270.0,-270.0,False,0.0,,,102.08884499336625,209.50317288031613,-756.0483333331204,wcl
2021-06-22 10:28:07,26367750,train,-84.871875,12.635000002384183,-270.0,-270.0,False,0.0,,,102.57691108546769,205.66363650794014,-756.2338666667762,wcl
2021-06-22 10:28:08,26367750,train,-89.9375,8.673076996436485,-270.0,-270.0,False,0.0,,,103.75876161336923,202.84044799902773,-756.6049333332969,wcl
2021-06-22 10:28:09,26367750,train,-89.73,7.17200008392334,-270.0,-270.0,False,0.0,,,105.24199407085169,200.58189719170522,-756.9759999998178,wcl
2021-06-22 10:29:09,26367752,train,-93.1189024390244,3.048780493619965,-270.0,-270.0,False,0.0,,,141.37164021727884,39.434297094517134,-777.5702000000268,wcl
2021-06-22 10:29:10,26367752,train,-93.10590277777776,2.4499999839398594,-270.0,-270.0,False,0.0,,,139.1087113551836,39.434297094517134,-777.5702000000268,wcl
2021-06-22 10:29:11,26367752,train,-95.7408088235294,1.088235293241108,-270.0,-270.0,False,0.0,,,136.27198215195207,39.434297094517134,-777.5702000000268,wcl
2021-06-22 10:29:12,26367752,train,-96.13058035714286,1.6107142832396286,-270.0,-270.0,False,0.0,,,132.2726667077602,39.434297094517134,-777.5702000000268,wcl
2021-06-22 10:29:13,26367752,train,-97.0383064516129,0.7774193542859247,-270.0,-270.0,False,0.0,,,128.79773148099068,39.434297094517134,-777.5702000000268,wcl
2021-06-22 10:29:14,26367752,train,-99.1925,-2.867999995350837,-270.0,-270.0,False,0.0,,,127.02902810593433,29.83545616363726,-779.4255333334218,wcl
2021-06-22 10:29:15,26367752,train,-95.72115384615384,-3.730769253694094,-270.0,-270.0,False,0.0,,,125.83970522415419,19.67197753116748,-780.5387333329841,wcl
2021-06-22 10:29:16,26367752,train,-98.14783653846152,-1.2038461422690978,-270.0,-270.0,False,0.0,,,125.47229755139746,9.508498898577345,-781.6519333333374,wcl
2021-06-22 10:28:35,26367752,train,-92.91203703703704,6.38333335408458,-270.0,-270.0,False,0.0,,,112.95836524100302,131.1314598688254,-763.8407333340117,wcl
2021-06-22 10:28:36,26367752,train,-91.03125,5.574999990207808,-270.0,-270.0,False,0.0,,,112.83656387608025,131.1314598688254,-763.655199999565,wcl
2021-06-22 10:28:37,26367752,train,-87.41447368421052,6.235087718879967,-270.0,-270.0,False,0.0,,,112.96026970757184,131.1314598688254,-763.655199999565,wcl
2021-06-22 10:28:38,26367752,train,-91.27604166666669,4.72916666418314,-270.0,-270.0,False,0.0,,,113.11472896261397,131.1314598688254,-763.655199999565,wcl
2021-06-22 10:28:39,26367752,train,-92.00862068965516,5.49999999177867,-270.0,-270.0,False,0.0,,,112.36204511839465,131.1314598688254,-763.655199999565,wcl
2021-06-22 10:28:40,26367752,train,-92.27022058823528,8.723529422984404,-270.0,-270.0,False,0.0,,,111.61791185607936,131.1314598688254,-763.655199999565,wcl
2021-06-22 10:28:41,26367752,train,-91.7975,8.90000005722046,-270.0,-270.0,False,0.0,,,111.06229599653061,131.1314598688254,-763.655199999565,wcl
2021-06-22 10:28:42,26367752,train,-92.00520833333331,7.933333337306976,-270.0,-270.0,False,0.0,,,110.6935291106929,131.1314598688254,-763.655199999565,wcl
2021-06-22 10:28:43,26367752,train,-91.775,7.023999967575073,-270.0,-270.0,False,0.0,,,110.69484414376196,131.1314598688254,-763.655199999565,wcl
2021-06-22 10:28:44,26367752,train,-91.984375,7.783333321412404,-270.0,-270.0,False,0.0,,,110.69627436504408,131.1314598688254,-763.655199999565,wcl
2021-06-22 10:28:45,26367752,train,-91.80443548387096,6.693548364024008,-270.0,-270.0,False,0.0,,,110.69627436504408,131.1314598688254,-763.655199999565,wcl
2021-06-22 10:28:46,26367752,train,-91.79222972972973,8.683783763163799,-270.0,-270.0,False,0.0,,,110.69627436504408,131.1314598688254,-763.655199999565,wcl
2021-06-22 10:28:47,26367752,train,-91.93939393939394,8.103030277021004,-270.0,-270.0,False,0.0,,,110.69627436504408,131.1314598688254,-763.655199999565,wcl
2021-06-22 10:28:48,26367752,train,-91.73828125,8.568750016391277,-270.0,-270.0,False,0.0,,,110.69627436504408,131.1314598688254,-763.655199999565,wcl
2021-06-22 10:28:49,26367752,train,-91.80528846153848,8.430769177583548,-270.0,-270.0,False,0.0,,,110.69627436504408,131.1314598688254,-763.655199999565,wcl
2021-06-22 10:28:50,26367752,train,-91.80555555555556,6.658333374394311,-270.0,-270.0,False,0.0,,,110.69627436504408,131.1314598688254,-763.655199999565,wcl
2021-06-22 10:28:51,26367752,train,-91.64270833333332,7.796666673819224,-270.0,-270.0,False,0.0,,,110.69627436504408,131.1314598688254,-763.655199999565,wcl
2021-06-22 10:28:52,26367752,train,-91.56490384615384,6.903846153846154,-270.0,-270.0,False,0.0,,,110.69627436504408,131.1314598688254,-763.655199999565,wcl
2021-06-22 10:28:53,26367752,train,-91.6625,8.48,-270.0,-270.0,False,0.0,,,110.69627436504408,131.1314598688254,-763.655199999565,wcl
2021-06-22 10:28:54,26367752,train,-91.61778846153848,7.423076895567087,-270.0,-270.0,False,0.0,,,110.69627436504408,131.1314598688254,-763.655199999565,wcl
2021-06-22 10:28:55,26367752,train,-91.69,8.284000005722046,-270.0,-270.0,False,0.0,,,110.69627436504408,131.1314598688254,-763.655199999565,wcl
2021-06-22 10:28:56,26367752,train,-91.67287234042551,8.172340418430085,-270.0,-270.0,False,0.0,,,110.69627436504408,131.1314598688254,-763.655199999565,wcl
2021-06-22 10:28:57,26367752,train,-91.7125,8.843999977111816,-270.0,-270.0,False,0.0,,,110.69627436504408,131.1314598688254,-763.655199999565,wcl
2021-06-22 10:28:58,26367752,train,-91.535,8.148000011444092,-270.0,-270.0,False,0.0,,,110.69627436504408,131.1314598688254,-763.655199999565,wcl
2021-06-22 10:28:59,26367752,train,-91.71875,9.050000190734863,-270.0,-270.0,False,0.0,,,110.69627436504408,131.1314598688254,-763.655199999565,wcl
2021-06-22 10:29:00,26367752,train,-91.5,8.300000190734863,-270.0,-270.0,False,0.0,,,110.69627436504408,131.1314598688254,-763.655199999565,wcl
2021-06-22 10:29:01,26367752,train,-91.375,12.350000381469728,-270.0,-270.0,False,0.0,,,110.69627436504408,131.1314598688254,-763.655199999565,wcl
2021-06-22 10:29:02,26367752,train,-91.3125,7.400000095367432,-270.0,-270.0,False,0.0,,,110.69627436504408,130.34096708623846,-763.8407333340117,wcl
2021-06-22 10:29:03,26367752,train,-92.125,10.450000286102297,-270.0,-270.0,False,0.0,,,110.69627436504408,126.72728579461877,-764.3973333333975,wcl
2021-06-22 10:29:04,26367752,train,-92.53125,8.799999713897705,-270.0,-270.0,False,0.0,,,110.69627436504408,126.72728579461877,-764.3973333333975,wcl
2021-06-22 10:29:05,26367752,train,-93.08728448275862,6.867241388764874,-270.0,-270.0,False,0.0,,,111.2530807338911,126.72728579461877,-764.3973333333975,wcl
2021-06-22 10:29:06,26367752,train,-93.0,5.462903220807353,-270.0,-270.0,False,0.0,,,112.67842568492726,126.72728579461877,-764.3973333333975,wcl
2021-06-22 10:29:07,26367752,train,-94.03601694915254,5.467796600471108,-270.0,-270.0,False,0.0,,,114.66397699372158,126.72728579461877,-764.3973333333975,wcl
2021-06-22 10:29:08,26367752,train,-93.92613636363636,4.657575752699014,-270.0,-270.0,False,0.0,,,117.10995301072728,126.72728579461877,-764.3973333333975,wcl
2021-06-22 10:29:29,26351364,train,-89.9525,5.983999986648559,-270.0,-270.0,False,0.0,,,138.33887737448137,-103.19318638318018,-791.8562666662185,wcl
2021-06-22 10:29:30,26351364,train,-92.8125,3.9941176105948055,-270.0,-270.0,False,0.0,,,139.2670697766529,-112.566172233063,-792.5984000000511,wcl
2021-06-22 10:29:31,26351364,train,-92.4375,4.599999904632568,-270.0,-270.0,False,0.0,,,140.7196451454978,-122.16501316406323,-793.5260666667486,wcl
2021-06-22 10:29:32,26351364,train,-91.125,-4.5,-270.0,-270.0,False,0.0,,,142.86122942266175,-131.76385409494313,-794.2681999997901,wcl
2021-06-22 10:29:33,26351364,train,-89.5,1.6000000536441803,-270.0,-270.0,False,0.0,,,145.1487809275095,-141.4756225660206,-795.3814000001435,wcl
2021-06-22 10:29:34,26351364,train,-88.5625,-2.799999952316284,-270.0,-270.0,False,0.0,,,148.39918571950557,-151.18739103709808,-795.7524666666643,wcl
2021-06-22 10:29:35,26351364,train,-89.53125,-0.1500000059604644,-270.0,-270.0,False,0.0,,,152.25156177993202,-160.78623196797798,-796.4945999997059,wcl
2021-06-22 10:29:36,26351364,train,-88.375,-4.099999904632568,-270.0,-270.0,False,0.0,,,156.76078189573659,-170.27214535841952,-797.4222666664034,wcl
2021-06-22 10:29:37,26351364,train,-89.36607142857143,0.2047619056843576,-270.0,-270.0,False,0.0,,,161.80799580109232,-179.30634858722803,-797.7933333329241,wcl
2021-06-22 10:29:38,26351364,train,-89.44981060606061,0.5833333392034877,-270.0,-270.0,False,0.0,,,167.5462525898286,-188.2276242759593,-798.5354666667567,wcl
2021-06-22 10:29:39,26351364,train,-85.45510563380282,4.05070424499646,-270.0,-270.0,False,0.0,,,173.37775167303593,-197.1488999645702,-799.4631333334542,wcl
2021-06-22 10:29:17,26351364,train,-93.3177966101695,8.235593254283323,-270.0,-270.0,False,0.0,,,125.92962876708383,-0.4291246533768304,-782.3940666663791,wcl
2021-06-22 10:29:18,26351364,train,-94.14322916666669,6.979166716337204,-270.0,-270.0,False,0.0,,,127.42514178091223,-10.140893124574685,-783.8783333332532,wcl
2021-06-22 10:29:19,26351364,train,-93.7530487804878,8.824390271814858,-270.0,-270.0,False,0.0,,,129.37110177071187,-19.62680651501622,-784.6204666662948,wcl
2021-06-22 10:29:20,26351364,train,-93.28846153846152,9.84423069942456,-270.0,-270.0,False,0.0,,,131.77581996824233,-29.451502526532053,-785.5481333329922,wcl
2021-06-22 10:29:21,26351364,train,-91.74048913043478,13.130434803340746,-270.0,-270.0,False,0.0,,,134.28959166190015,-39.38912607824551,-786.4757999996897,wcl
2021-06-22 10:29:22,26351364,train,-89.6298076923077,12.10384625654954,-270.0,-270.0,False,0.0,,,137.0631188246279,-48.98796700924574,-787.2179333335223,wcl
2021-06-22 10:29:23,26351364,train,-87.27717391304348,8.052173925482709,-270.0,-270.0,False,0.0,,,140.39283523109935,-57.570460076782354,-787.7745333329079,wcl
2021-06-22 10:29:24,26351364,train,-85.09114583333333,8.683333337306976,-270.0,-270.0,False,0.0,,,144.21821156060213,-64.91075020033973,-788.5166666667405,wcl
2021-06-22 10:29:25,26351364,train,-85.66346153846153,10.49230773632343,-270.0,-270.0,False,0.0,,,148.35828037313303,-71.57347508162815,-789.0732666677081,wcl
2021-06-22 10:29:26,26351364,train,-85.52163461538461,14.930769260113056,-270.0,-270.0,False,0.0,,,153.06134787714095,-78.34912750335491,-789.6298666663029,wcl
2021-06-22 10:29:27,26351364,train,-85.0125,10.45600004196167,-270.0,-270.0,False,0.0,,,158.37473792146986,-85.91527270766862,-790.3720000001354,wcl
2021-06-22 10:29:28,26351364,train,-86.41898148148148,8.051851820062708,-270.0,-270.0,False,0.0,,,164.13820555554744,-94.15898315425127,-790.9286000003121,wcl
2021-06-22 10:29:58,26351363,train,-90.86397058823528,-2.14313729048944,-270.0,-270.0,False,0.0,,,70.9677027428638,-404.03215390847413,-820.2428666665281,wcl
2021-06-22 10:29:50,26351363,train,-79.3586956521739,9.039130359888077,-270.0,-270.0,False,0.0,,,55.39215459966569,-311.092788190307,-807.8121333329403,wcl
2021-06-22 10:29:51,26351363,train,-80.49759615384616,9.873076886511766,-270.0,-270.0,False,0.0,,,55.036565224704916,-322.9501799282686,-809.2963999998144,wcl
2021-06-22 10:29:52,26351363,train,-83.53125,6.871428562239522,-270.0,-270.0,False,0.0,,,56.695974205079914,-334.58171658559434,-810.9661999995535,wcl
2021-06-22 10:29:53,26351363,train,-85.04464285714286,6.96904764005116,-270.0,-270.0,False,0.0,,,59.28863587214977,-345.987398162284,-812.4504666664277,wcl
2021-06-22 10:29:54,26351363,train,-88.0,4.771428574834551,-270.0,-270.0,False,0.0,,,62.82439365378035,-357.280152198415,-813.9347333333018,wcl
2021-06-22 10:29:55,26351363,train,-89.66145833333333,1.0749999682108562,-270.0,-270.0,False,0.0,,,68.47142185520028,-368.4599786943484,-815.6045333330408,wcl
2021-06-22 10:29:56,26351363,train,-87.435,-0.9440000033378602,-270.0,-270.0,False,0.0,,,75.32621822433447,-379.97858781135614,-816.7177333333941,wcl
2021-06-22 10:29:57,26351363,train,-89.90625,-4.573076946231035,-270.0,-270.0,False,0.0,,,82.69785801017196,-392.1747621703921,-817.6454000000916,wcl
2021-06-22 10:29:40,26351363,train,-80.10597826086956,7.413043410881706,-270.0,-270.0,False,0.0,,,47.63225615988118,-206.4089582743758,-800.2052666664957,wcl
2021-06-22 10:29:41,26351363,train,-77.41666666666667,13.029629619033248,-270.0,-270.0,False,0.0,,,49.66445706515147,-215.78194412437898,-800.7618666666724,wcl
2021-06-22 10:29:42,26351363,train,-75.44140625,13.322916686534882,-270.0,-270.0,False,0.0,,,53.331065412273716,-225.04200243418458,-801.503999999714,wcl
2021-06-22 10:29:43,26351363,train,-75.09375,12.420833309491476,-270.0,-270.0,False,0.0,,,57.52448259865527,-234.41498828418776,-802.4316666664115,wcl
2021-06-22 10:29:44,26351363,train,-75.32267441860465,11.376744148343109,-270.0,-270.0,False,0.0,,,63.00658450580708,-244.01382921506763,-803.173800000244,wcl
2021-06-22 10:29:45,26351363,train,-72.1484375,14.59166665871938,-270.0,-270.0,False,0.0,,,69.35738927178713,-253.95145276690144,-803.9159333332856,wcl
2021-06-22 10:29:46,26351363,train,-74.38586956521739,14.121739138727603,-270.0,-270.0,False,0.0,,,75.68124731082084,-264.4537140205659,-804.8435999999831,wcl
2021-06-22 10:29:47,26351363,train,-75.16666666666667,11.639999956554837,-270.0,-270.0,False,0.0,,,82.07458068791976,-275.6335405164993,-804.6580666663272,wcl
2021-06-22 10:29:48,26351363,train,-76.65,11.792500048875809,-270.0,-270.0,False,0.0,,,89.20915640757062,-287.2650771739453,-805.2146666665038,wcl
2021-06-22 10:29:49,26351363,train,-78.86778846153847,8.2115384466373,-270.0,-270.0,False,0.0,,,96.95014862294632,-299.122468911907,-806.5133999997221,wcl
2021-06-22 10:31:12,26351365,train,-87.625,7.650000095367432,-270.0,-270.0,False,0.0,,,213.0795712511946,-525.6551148787222,-1154.2028666665408,wcl
2021-06-22 10:30:58,26351365,train,-82.57142857142857,12.688095274425688,-270.0,-270.0,False,0.0,,,215.85768409622884,-514.7011434636655,-1107.4484666667288,wcl
2021-06-22 10:31:00,26351365,train,-82.45192307692308,13.297436005029924,-270.0,-270.0,False,0.0,,,215.85906913003592,-516.8467667305496,-1116.9106666665684,wcl
2021-06-22 10:31:02,26351365,train,-82.37678571428572,11.517142922537667,-270.0,-270.0,False,0.0,,,215.85906913003592,-518.766534916557,-1126.0017999998872,wcl
2021-06-22 10:31:11,26351365,train,-84.5,17.050000190734863,-270.0,-270.0,False,0.0,,,214.6431628413985,-525.3163322576479,-1154.5739333330616,wcl
2021-06-22 10:31:05,26351365,train,-81.63461538461539,13.49999996332022,-270.0,-270.0,False,0.0,,,215.67355036620356,-522.1543611274204,-1138.61806666634,wcl
2021-06-22 10:31:08,26351365,train,-82.03125,16.24375033378601,-270.0,-270.0,False,0.0,,,215.67355036620356,-523.8482742330327,-1149.9355999995742,wcl
2021-06-22 10:31:01,26351365,train,-82.32692307692308,14.676923018235426,-270.0,-270.0,False,0.0,,,215.85906913003592,-517.8631145937726,-1121.7345333329206,wcl
2021-06-22 10:31:10,26351365,train,-82.375,11.399999618530272,-270.0,-270.0,False,0.0,,,215.509295604891,-524.9775496365736,-1154.0173333328848,wcl
2021-06-22 10:31:13,26351365,train,-89.3125,5.199999809265137,-270.0,-270.0,False,0.0,,,210.80144687374747,-525.7680424192808,-1154.0173333328848,wcl
2021-06-22 10:31:07,26351365,train,-82.40301724137932,14.417241425349795,-270.0,-270.0,False,0.0,,,215.67355036620356,-522.831926369569,-1146.781533332961,wcl
2021-06-22 10:31:03,26351365,train,-81.83173076923077,11.86153848354633,-270.0,-270.0,False,0.0,,,215.85906913003592,-520.1216654009746,-1130.6401333333745,wcl
2021-06-22 10:30:51,26351365,train,-83.91346153846153,16.06923092328585,-270.0,-270.0,False,0.0,,,118.42337911398084,-506.57036055740076,-1075.3511999996294,wcl
2021-06-22 10:30:49,26351365,train,-83.46022727272727,15.52727263624018,-270.0,-270.0,False,0.0,,,120.75252618715648,-503.4083894275344,-1062.363866666656,wcl
2021-06-22 10:30:55,26351365,train,-82.77801724137932,13.631034522221006,-270.0,-270.0,False,0.0,,,116.6060191429067,-511.31331725280205,-1092.4202666667045,wcl
2021-06-22 10:30:53,26351365,train,-83.3771551724138,14.482758620689657,-270.0,-270.0,False,0.0,,,116.9555638195833,-508.82891136472324,-1083.8857333335625,wcl
2021-06-22 10:30:52,26351365,train,-83.79934210526316,17.031578967445775,-270.0,-270.0,False,0.0,,,117.5459939399055,-508.03841858225667,-1079.8040000002518,wcl
2021-06-22 10:30:50,26351365,train,-84.02455357142857,17.14642855099269,-270.0,-270.0,False,0.0,,,119.63425735681253,-505.55401269429825,-1069.414133332924,wcl
2021-06-22 10:30:43,26351365,train,-81.86785714285715,18.82285723005022,-270.0,-270.0,False,0.0,,,144.44644730186167,-492.5673455525549,-1017.0937333329272,wcl
2021-06-22 10:30:45,26351365,train,-81.13825757575758,14.842424219304863,-270.0,-270.0,False,0.0,,,144.44644730186167,-495.3905340617081,-1033.4206666669606,wcl
2021-06-22 10:30:42,26351365,train,-81.77321428571429,21.39714284624372,-270.0,-270.0,False,0.0,,,144.44644730186167,-491.0992875279398,-1008.9302666663059,wcl
2021-06-22 10:30:47,26351365,train,-81.36778846153847,16.792307670299824,-270.0,-270.0,False,0.0,,,145.1817481582899,-499.23007043396376,-1047.7067333339435,wcl
2021-06-22 10:30:44,26351365,train,-83.16,16.51599994659424,-270.0,-270.0,False,0.0,,,144.44644730186167,-494.0354035771702,-1025.4427333339954,wcl
2021-06-22 10:30:31,26351365,train,-82.59615384615384,17.292307706979607,-270.0,-270.0,False,0.0,,,80.9076189546917,-476.531634821143,-927.1100666664372,wcl
2021-06-22 10:30:38,26351365,train,-82.125,19.89999961853028,-270.0,-270.0,False,0.0,,,80.9076189546917,-484.8882728079233,-977.3896000001741,wcl
2021-06-22 10:30:37,26351365,train,-82.21875,15.40000057220459,-270.0,-270.0,False,0.0,,,80.9076189546917,-483.08143216211346,-970.1538000002504,wcl
2021-06-22 10:30:36,26351365,train,-82.875,19.03333346048991,-270.0,-270.0,False,0.0,,,80.9076189546917,-481.5004465969395,-963.1035333339823,wcl
2021-06-22 10:30:35,26351365,train,-82.64182692307692,17.065384498009315,-270.0,-270.0,False,0.0,,,80.9076189546917,-479.9194610320064,-956.0532666677145,wcl
2021-06-22 10:30:26,26351365,train,-82.72,17.3760001373291,-270.0,-270.0,False,0.0,,,80.9076189546917,-472.8050259892053,-900.5788000003135,wcl
2021-06-22 10:30:27,26351365,train,-83.125,18.324137983651,-270.0,-270.0,False,0.0,,,80.9076189546917,-473.1438086102796,-905.5882000003216,wcl
2021-06-22 10:30:32,26351365,train,-82.5375,17.34,-270.0,-270.0,False,0.0,,,80.9076189546917,-477.20920006329163,-933.9747999998403,wcl
2021-06-22 10:30:30,26351365,train,-82.5975,18.276000061035155,-270.0,-270.0,False,0.0,,,80.9076189546917,-475.74114203855606,-920.616399999555,wcl
2021-06-22 10:30:28,26351365,train,-83.3125,18.013793254720753,-270.0,-270.0,False,0.0,,,80.9076189546917,-474.1601564735025,-909.8554666664973,wcl
2021-06-22 10:30:39,26351365,train,-83.25,19.39999961853028,-270.0,-270.0,False,0.0,,,80.9076189546917,-486.69511345373314,-984.9964666666187,wcl
2021-06-22 10:30:33,26351365,train,-82.64423076923077,17.319230666527382,-270.0,-270.0,False,0.0,,,80.9076189546917,-477.7738377650019,-941.39613333342,wcl
2021-06-22 10:30:29,26351365,train,-82.97265625,18.300000071525574,-270.0,-270.0,False,0.0,,,80.9076189546917,-474.9506492562098,-914.8648666665053,wcl
2021-06-22 10:30:00,26351365,train,-84.43229166666667,10.408333390951157,-270.0,-270.0,False,0.0,,,66.88926607682453,-426.8435170617332,-823.5824666667972,wcl
2021-06-22 10:30:10,26351365,train,-83.02591463414635,18.685365909483373,-270.0,-270.0,False,0.0,,,111.56876456865103,-453.83319920832224,-826.3654666676805,wcl
2021-06-22 10:30:16,26351365,train,-83.42548076923077,15.250000110039345,-270.0,-270.0,False,0.0,,,110.57716523634377,-464.1096053812304,-836.1987333340409,wcl
2021-06-22 10:30:13,26351365,train,-83.25551470588235,16.997058756211224,-270.0,-270.0,False,0.0,,,111.27633262847965,-454.1719818293966,-826.3654666676805,wcl
2021-06-22 10:30:23,26351365,train,-82.65384615384616,19.876923120938816,-270.0,-270.0,False,0.0,,,110.57716523634377,-471.4498955047877,-882.0254666663643,wcl
2021-06-22 10:30:21,26351365,train,-83.34134615384616,15.36538446866549,-270.0,-270.0,False,0.0,,,110.57716523634377,-469.86890993973424,-868.852599999735,wcl
2021-06-22 10:30:14,26351365,train,-83.59239130434783,16.02173896457838,-270.0,-270.0,False,0.0,,,111.13598971489347,-457.33395295950356,-828.0352666666286,wcl
2021-06-22 10:30:07,26351365,train,-82.4675,19.28800003051758,-270.0,-270.0,False,0.0,,,99.73331796341122,-454.84954707154515,-826.5509999997545,wcl
2021-06-22 10:30:25,26351365,train,-82.38662790697674,20.304651216019032,-270.0,-270.0,False,0.0,,,110.57716523634377,-472.3533158276927,-894.827266666473,wcl
2021-06-22 10:30:12,26351365,train,-83.71195652173913,17.10434801682182,-270.0,-270.0,False,0.0,,,111.71186830165317,-453.72027166788394,-826.3654666676805,wcl
2021-06-22 10:30:05,26351365,train,-84.0788043478261,16.834782683331035,-270.0,-270.0,False,0.0,,,84.90763009842148,-455.41418477325544,-826.9220666662752,wcl
2021-06-22 10:30:20,26351365,train,-82.87179487179488,19.71794869349553,-270.0,-270.0,False,0.0,,,110.57716523634377,-468.9654896168293,-862.1733999999879,wcl
2021-06-22 10:30:06,26351365,train,-82.765625,16.283333500226338,-270.0,-270.0,False,0.0,,,92.38256927609336,-455.3012572330578,-826.7365333334103,wcl
2021-06-22 10:30:01,26351365,train,-86.68617021276596,5.312765968606827,-270.0,-270.0,False,0.0,,,67.49232225480178,-436.7811406134466,-824.6956666663596,wcl
2021-06-22 10:31:55,26368260,train,-112.44270833333331,-7.430000003178915,-270.0,-270.0,False,0.0,,,131.77702244727215,-546.3208547650971,-1305.969133333658,wcl
2021-06-22 10:31:56,26368260,train,-114.30787037037037,-9.048148155212402,-270.0,-270.0,False,0.0,,,124.37098754709511,-547.9018403300303,-1314.6891999996649,wcl
2021-06-22 10:31:43,26368260,train,-97.8125,7.25,-270.0,-270.0,False,0.0,,,127.13051827279214,-527.9136656860447,-1206.3377333336725,wcl
2021-06-22 10:31:44,26368260,train,-96.6875,4.3999998569488525,-270.0,-270.0,False,0.0,,,120.49238582459932,-529.0429410897059,-1213.7590666664614,wcl
2021-06-22 10:31:45,26368260,train,-100.1875,2.799999952316284,-270.0,-270.0,False,0.0,,,113.25660156014445,-530.3980715740031,-1221.7370000002177,wcl
2021-06-22 10:31:46,26368260,train,-101.0,1.0,-270.0,-270.0,False,0.0,,,106.60047572464191,-531.7532020583003,-1230.4570666662246,wcl
2021-06-22 10:31:47,26368260,train,-104.93914473684212,0.994736837517274,-270.0,-270.0,False,0.0,,,99.72421339655327,-533.4471151637922,-1239.1771333330225,wcl
2021-06-22 10:31:48,26368260,train,-105.43256578947368,-0.6710526270693854,-270.0,-270.0,False,0.0,,,93.97891711263894,-535.0281007287253,-1247.8971999998205,wcl
2021-06-22 10:31:49,26368260,train,-106.2283653846154,-1.7692307686576476,-270.0,-270.0,False,0.0,,,88.20393685776061,-536.383231213143,-1256.2462000000978,wcl
2021-06-22 10:31:50,26368260,train,-107.47916666666669,-4.396666646003723,-270.0,-270.0,False,0.0,,,82.83305592242161,-538.9805646416601,-1263.6675333328865,wcl
2021-06-22 10:31:51,26368260,train,-109.19907407407408,-5.12962962962963,-270.0,-270.0,False,0.0,,,78.1011911162872,-540.7874052873495,-1271.6454666666427,wcl
2021-06-22 10:31:52,26368260,train,-109.49264705882354,-4.409803923438577,-270.0,-270.0,False,0.0,,,73.6260893000511,-542.3683908525235,-1279.9944666677109,wcl
2021-06-22 10:31:53,26368260,train,-111.91666666666669,-6.5083333651224775,-270.0,-270.0,False,0.0,,,70.1176094968413,-543.6105937963823,-1288.529000000062,wcl
2021-06-22 10:31:54,26368260,train,-111.76607142857142,-6.557142863954817,-270.0,-270.0,False,0.0,,,67.80538561434946,-544.8527967402413,-1297.2490666676508,wcl
2021-06-22 10:31:15,26368260,train,-91.59285714285714,5.44000000591789,-270.0,-270.0,False,0.0,,,203.4960534460397,-525.5421873382838,-1153.4607333334993,wcl
2021-06-22 10:31:16,26368260,train,-86.82777777777778,8.864444488949246,-270.0,-270.0,False,0.0,,,198.4130294253864,-525.5421873382838,-1153.4607333334993,wcl
2021-06-22 10:31:17,26368260,train,-87.9921875,11.700000007947288,-270.0,-270.0,False,0.0,,,192.75644412042953,-525.5421873382838,-1153.4607333334993,wcl
2021-06-22 10:31:18,26368260,train,-87.19897959183673,10.975510193377126,-270.0,-270.0,False,0.0,,,186.73981312835616,-525.5421873382838,-1153.4607333334993,wcl
2021-06-22 10:31:19,26368260,train,-84.03125,13.3807692527771,-270.0,-270.0,False,0.0,,,180.36489340743378,-525.5421873382838,-1153.4607333334993,wcl
2021-06-22 10:31:20,26368260,train,-84.585,15.651999893188476,-270.0,-270.0,False,0.0,,,174.16024813432793,-525.5421873382838,-1153.4607333334993,wcl
2021-06-22 10:31:21,26368260,train,-85.06018518518519,16.144444465637207,-270.0,-270.0,False,0.0,,,168.16330918265663,-525.5421873382838,-1153.4607333334993,wcl
2021-06-22 10:31:22,26368260,train,-85.25735294117646,16.252941187690286,-270.0,-270.0,False,0.0,,,162.74526941887243,-525.5421873382838,-1153.4607333334993,wcl
2021-06-22 10:31:23,26368260,train,-84.90865384615384,15.196153860825758,-270.0,-270.0,False,0.0,,,157.49311260760712,-525.5421873382838,-1153.4607333334993,wcl
2021-06-22 10:31:24,26368260,train,-84.1725,15.788000030517578,-270.0,-270.0,False,0.0,,,152.7855412435153,-525.5421873382838,-1153.4607333334993,wcl
2021-06-22 10:31:25,26368260,train,-83.185546875,17.000000149011612,-270.0,-270.0,False,0.0,,,148.0692262966966,-525.5421873382838,-1153.4607333334993,wcl
2021-06-22 10:31:26,26368260,train,-83.7521551724138,16.6103447552385,-270.0,-270.0,False,0.0,,,142.68461496572098,-525.5421873382838,-1153.4607333334993,wcl
2021-06-22 10:31:27,26368260,train,-82.291015625,17.540625005960464,-270.0,-270.0,False,0.0,,,136.54739693503248,-525.5421873382838,-1153.4607333334993,wcl
2021-06-22 10:31:28,26368260,train,-83.29,16.34400005340576,-270.0,-270.0,False,0.0,,,129.74237608755303,-525.5421873382838,-1153.4607333334993,wcl
2021-06-22 10:31:29,26368260,train,-82.7860576923077,17.29230778033917,-270.0,-270.0,False,0.0,,,122.78723591365554,-525.5421873382838,-1153.4607333334993,wcl
2021-06-22 10:31:30,26368260,train,-88.43951612903226,15.241935422343593,-270.0,-270.0,False,0.0,,,116.33693997618165,-525.5421873382838,-1153.4607333334993,wcl
2021-06-22 10:31:31,26368260,train,-90.30625,14.0400000333786,-270.0,-270.0,False,0.0,,,109.70795522349438,-525.5421873382838,-1153.4607333334993,wcl
2021-06-22 10:31:32,26368260,train,-91.87740384615384,12.911538380842943,-270.0,-270.0,False,0.0,,,103.46436298959641,-525.5421873382838,-1153.4607333334993,wcl
2021-06-22 10:31:33,26368260,train,-92.13221153846152,12.47307696709266,-270.0,-270.0,False,0.0,,,97.80535632148414,-525.5421873382838,-1153.4607333334993,wcl
2021-06-22 10:31:34,26368260,train,-92.08653846153848,11.330769135401798,-270.0,-270.0,False,0.0,,,92.39301006164538,-525.8809699593581,-1156.0581999999358,wcl
2021-06-22 10:31:35,26368260,train,-93.48842592592592,11.196296303360551,-270.0,-270.0,False,0.0,,,86.83087469858613,-525.6551148787222,-1161.6242000001205,wcl
2021-06-22 10:31:36,26368260,train,-93.41,10.480000114440918,-270.0,-270.0,False,0.0,,,81.13104750918241,-524.0741293136687,-1168.1178666670028,wcl
2021-06-22 10:31:37,26368260,train,-95.0300925925926,9.01481478302567,-270.0,-270.0,False,0.0,,,75.38250817440331,-524.299984394425,-1172.756199999699,wcl
2021-06-22 10:31:38,26368260,train,-94.7456896551724,8.144827596072492,-270.0,-270.0,False,0.0,,,69.6575470271486,-524.299984394425,-1177.765599999707,wcl
2021-06-22 10:31:39,26368260,train,-95.45270270270272,7.486486525148959,-270.0,-270.0,False,0.0,,,63.81528399862392,-524.6387670154993,-1182.9605333333711,wcl
2021-06-22 10:31:40,26368260,train,-95.0408653846154,8.003846241877628,-270.0,-270.0,False,0.0,,,58.25425794053183,-525.090477177012,-1188.3409999999,wcl
2021-06-22 10:31:41,26368260,train,-93.8515625,8.012500047683716,-270.0,-270.0,False,0.0,,,53.656372543825924,-525.9938974999169,-1194.0925333329496,wcl
2021-06-22 10:31:42,26368260,train,-98.375,7.699999809265137,-270.0,-270.0,False,0.0,,,50.39163279801939,-527.0102453631398,-1199.8440666667902,wcl
2021-06-22 10:33:40,28792065,train,-92.2380319148936,3.1319148854372347,-270.0,-270.0,False,0.0,,,108.60844609712005,-848.4020252344906,-1319.698599999673,wcl
2021-06-22 11:52:05,28792065,train,-91.3825,3.5749999974668025,-270.0,-270.0,False,0.0,,,87.36589293647303,-839.9324597071516,-1315.9879333336742,wcl
2021-06-22 11:52:22,28792065,train,-91.91625,-4.866000021845102,-270.0,-270.0,False,0.0,,,101.31575009765508,-847.1598222905114,-1322.852666666286,wcl
2021-06-22 10:33:32,28792065,train,-92.03856382978724,2.676595756665189,-270.0,-270.0,False,0.0,,,109.37016029522354,-848.4020252344906,-1319.698599999673,wcl
2021-06-22 10:33:34,28792065,train,-91.76964285714286,3.311428563296795,-270.0,-270.0,False,0.0,,,109.33431969962484,-848.4020252344906,-1319.698599999673,wcl
2021-06-22 11:52:16,28792065,train,-84.971875,-4.197999998554588,-270.0,-270.0,False,0.0,,,98.37170532038235,-842.3039380549125,-1321.553933333068,wcl
2021-06-22 10:33:43,28792065,train,-94.12179487179488,1.2948718051879833,-270.0,-270.0,False,0.0,,,108.60844609712005,-848.7408078555649,-1319.513066666808,wcl
2021-06-22 10:33:23,28792065,train,-92.125,-0.5,-270.0,-270.0,False,0.0,,,97.08882832050017,-837.1092711982392,-1325.0790666669927,wcl
2021-06-22 11:52:08,28792065,train,-91.93125,0.586000001206994,-270.0,-270.0,False,0.0,,,86.86051082106805,-840.722952489859,-1320.2551999998495,wcl
2021-06-22 11:52:21,28792065,train,-90.725,-3.547999993264676,-270.0,-270.0,False,0.0,,,100.06144543922615,-846.8210396693167,-1322.4815999997654,wcl
2021-06-22 11:52:00,28792065,train,-87.82375,6.931999974250793,-270.0,-270.0,False,0.0,,,90.90689866366779,-814.2979080449802,-1320.9973333328912,wcl
2021-06-22 11:51:13,28792065,train,-91.43375,3.397000000476837,-270.0,-270.0,False,0.0,,,128.05958826071415,-703.1772083283965,-1356.063133332948,wcl
2021-06-22 11:51:04,28792065,train,-88.44,7.1209999942779545,-270.0,-270.0,False,0.0,,,127.46018483087833,-703.1772083283965,-1355.877600000083,wcl
2021-06-22 10:32:55,28792065,train,-86.08059210526316,6.313157909794858,-270.0,-270.0,False,0.0,,,132.3394746997166,-702.6125706265659,-1366.26746666662,wcl
2021-06-22 11:51:35,28792065,train,-89.239375,1.538999992311001,-270.0,-270.0,False,0.0,,,128.05958826071415,-703.7418460301068,-1355.877600000083,wcl
2021-06-22 11:51:29,28792065,train,-89.730625,3.030000009536743,-270.0,-270.0,False,0.0,,,128.05958826071415,-703.1772083283965,-1356.063133332948,wcl
2021-06-22 11:51:11,28792065,train,-88.799375,4.988000009059906,-270.0,-270.0,False,0.0,,,128.05958826071415,-703.1772083283965,-1356.063133332948,wcl
2021-06-22 11:51:19,28792065,train,-88.741875,6.836000015735626,-270.0,-270.0,False,0.0,,,128.05958826071415,-703.1772083283965,-1356.063133332948,wcl
2021-06-22 11:51:17,28792065,train,-91.2825,4.084999996423721,-270.0,-270.0,False,0.0,,,128.05958826071415,-703.1772083283965,-1356.063133332948,wcl
2021-06-22 11:51:01,28792065,train,-89.32875,5.492999985218048,-270.0,-270.0,False,0.0,,,120.29107299036998,-703.1772083283965,-1355.877600000083,wcl
2021-06-22 10:33:12,28792065,train,-87.41319444444444,7.266666703754002,-270.0,-270.0,False,0.0,,,130.95278258014216,-767.9976164965541,-1341.4060000002355,wcl
2021-06-22 11:51:33,28792065,train,-90.065,-0.1180000004917383,-270.0,-270.0,False,0.0,,,128.05958826071415,-703.7418460301068,-1355.877600000083,wcl
2021-06-22 10:33:02,28792065,train,-86.30381944444444,6.541666719648573,-270.0,-270.0,False,0.0,,,128.3269693095478,-709.2752955079748,-1360.7014666664352,wcl
2021-06-22 11:51:44,28792065,train,-88.66625,7.8180000114440915,-270.0,-270.0,False,0.0,,,128.0922980354125,-717.519005954437,-1351.2392666665958,wcl
2021-06-22 11:51:18,28792065,train,-89.975,6.954999985694886,-270.0,-270.0,False,0.0,,,128.05958826071415,-703.1772083283965,-1356.063133332948,wcl
2021-06-22 11:51:25,28792065,train,-88.60625,6.508999991416931,-270.0,-270.0,False,0.0,,,128.05958826071415,-703.1772083283965,-1356.063133332948,wcl
2021-06-22 11:51:40,28792065,train,-90.40125,5.088999992609024,-270.0,-270.0,False,0.0,,,128.08422253675408,-703.7418460301068,-1355.877600000083,wcl
2021-06-22 11:51:10,28792065,train,-89.056875,5.360999984741211,-270.0,-270.0,False,0.0,,,128.05958826071415,-703.1772083283965,-1356.063133332948,wcl
2021-06-22 11:50:47,28792065,train,-90.531875,3.610000001862645,-270.0,-270.0,False,0.0,,,149.66667300169834,-647.2780758490907,-1377.7705333335102,wcl
2021-06-22 11:50:39,28792065,train,-98.950625,-2.13800000295043,-270.0,-270.0,False,0.0,,,150.8496554499885,-600.5260741390316,-1384.2641999996017,wcl
2021-06-22 10:32:44,28792065,train,-87.25,7.952777756585015,-270.0,-270.0,False,0.0,,,165.4664469136499,-654.0537282708173,-1382.5943999998626,wcl
2021-06-22 11:50:53,28792065,train,-84.67625,7.887000008821487,-270.0,-270.0,False,0.0,,,155.48831469669813,-691.7715267519476,-1357.1763333333013,wcl
2021-06-22 11:50:45,28792065,train,-91.878125,3.166000007390976,-270.0,-270.0,False,0.0,,,150.14937487343346,-633.5009159248807,-1385.3773999999548,wcl
2021-06-22 11:50:50,28792065,train,-88.51,6.482000029087066,-270.0,-270.0,False,0.0,,,150.94865132515235,-671.2187144058906,-1364.2265999995693,wcl
2021-06-22 11:50:49,28792065,train,-89.531875,5.499999984502792,-270.0,-270.0,False,0.0,,,149.70682286624148,-663.2008590401846,-1368.3083333328798,wcl
2021-06-22 10:32:09,28792065,train,-97.15460526315788,-0.5894736992685419,-270.0,-270.0,False,0.0,,,117.79511430291048,-565.4056090862982,-1404.4873333332898,wcl
2021-06-22 10:32:08,28792065,train,-95.36277173913044,0.0891304482584414,-270.0,-270.0,False,0.0,,,124.22011767534998,-565.8573192478108,-1400.591133333635,wcl
2021-06-22 10:32:11,28792065,train,-100.60984848484848,-4.454545458157857,-270.0,-270.0,False,0.0,,,108.30101164721394,-565.9702467881287,-1408.5690666666005,wcl
2021-06-22 11:50:37,28792065,train,-99.305625,-2.5909999988973142,-270.0,-270.0,False,0.0,,,179.93267201981598,-591.04016074859,-1386.6761333339641,wcl
2021-06-22 11:50:13,28792065,train,-98.138125,-0.5350000017881393,-270.0,-270.0,False,0.0,,,98.72125041980951,-545.9820721440228,-1323.7803333329837,wcl
2021-06-22 11:50:19,28792065,train,-98.290625,-3.0630000025779007,-270.0,-270.0,False,0.0,,,126.13519792475158,-551.2896665408937,-1356.063133332948,wcl
2021-06-22 11:50:17,28792065,train,-104.633125,-6.463000023365021,-270.0,-270.0,False,0.0,,,114.37025541916711,-549.0311157338119,-1346.0443333329317,wcl
2021-06-22 11:50:16,28792065,train,-103.660625,-5.231999979019165,-270.0,-270.0,False,0.0,,,109.83984186037772,-548.5794055722993,-1341.2204666665796,wcl
2021-06-22 11:50:38,28792065,train,-100.303125,-3.0820000061392783,-270.0,-270.0,False,0.0,,,183.79263713271575,-595.7831174437506,-1384.8207999997783,wcl
2021-06-22 11:50:26,28792065,train,-100.378125,-3.941999997496605,-270.0,-270.0,False,0.0,,,154.49394371011402,-558.7428842048894,-1385.0063333334342,wcl
2021-06-22 10:32:00,28792065,train,-103.24342105263158,-6.792105235551533,-270.0,-270.0,False,0.0,,,99.96200802672881,-555.6938406152207,-1346.9719999996291,wcl
2021-06-22 11:50:06,28792065,train,-105.16875,-7.687000031471251,-270.0,-270.0,False,0.0,,,118.88519214902088,-541.4649705293779,-1275.7271999999534,wcl
2021-06-22 11:49:56,28792065,train,-105.7025,-8.831999979019166,-270.0,-270.0,False,0.0,,,64.22431015367687,-528.2524483069986,-1205.0389999996632,wcl
2021-06-22 11:49:52,28792065,train,-104.29875,-6.344000002145767,-270.0,-270.0,False,0.0,,,84.54582072261412,-522.4931437484948,-1173.1272666662198,wcl
2021-06-22 11:49:53,28792065,train,-107.9775,-8.694000043869018,-270.0,-270.0,False,0.0,,,90.92524086949676,-523.7353466925944,-1180.9196666663204,wcl
2021-06-22 15:09:42,28792066,train,-104.101875,-7.664999988079071,-270.0,-270.0,False,0.0,418.9028656161512,302.0429444124378,139.0541029628248,-1284.4152585736065,-1990.2160666677169,refined
2021-06-22 17:50:28,28792066,train,-95.508125,3.962000005245209,-270.0,-270.0,False,0.0,549.5926925119762,477.58706040731363,110.76711420624152,-1265.3305042522852,-1600.2250000001266,refined
2021-06-22 17:50:29,28792066,train,-97.77302631578948,0.4894737045231618,-270.0,-270.0,False,0.0,543.6527076042557,477.58706040731363,111.92363002189163,-1266.0080694945539,-1610.8004000003193,refined
2021-06-23 15:26:41,28792066,train,-90.77375,1.7499999862909317,-270.0,-270.0,False,0.0,566.9961889780664,560.0975096072294,137.73674697000604,-1263.4107360660369,-1577.7754666665226,refined
2021-06-22 11:54:43,28792066,train,-99.19875,-4.742000009715557,-270.0,-270.0,False,0.0,635.206855471984,647.55620626162,138.4055981901265,-1263.86244622767,-1482.4113333335038,refined
2021-06-22 10:37:12,28792066,train,-99.21982758620688,-5.020689717654524,-270.0,-270.0,False,0.0,623.414550750734,647.55620626162,149.0577182196506,-1267.137344898095,-1488.1628666665533,refined
2021-06-22 11:54:37,28792066,train,-93.87625,0.9390000065416098,-270.0,-270.0,False,0.0,659.3611914688612,647.55620626162,117.0066249267349,-1262.1685331221781,-1464.2290666676572,refined
2021-06-22 10:36:52,28792066,train,-96.874375,-2.6499999979138376,-270.0,-270.0,False,0.0,645.83019260957,647.55620626162,81.99132939193254,-1263.9753737681083,-1451.9838666677254,refined
2021-06-22 10:37:07,28792066,train,-93.5,-2.900000095367432,-270.0,-270.0,False,0.0,634.1284294562953,647.55620626162,139.12122980040206,-1267.0244173578974,-1488.5339333330742,refined
2021-06-23 15:25:16,28792066,train,-92.4775,10.371999956965446,-270.0,-270.0,False,0.0,675.7541448128702,647.55620626162,109.83299727090026,-1260.7004750974424,-1431.3896666667254,refined
2021-06-22 10:36:56,28792066,train,-93.08928571428572,1.0028571437512126,-270.0,-270.0,False,0.0,647.3670139103684,647.55620626162,104.2739194494999,-1263.6365911470339,-1467.3831333334795,refined
2021-06-22 15:07:59,28792066,train,-98.8475,-0.3499999962747097,-270.0,-270.0,False,0.0,630.3965653512824,647.55620626162,141.8813230813564,-1262.6202432836908,-1496.8829333333515,refined
2021-06-22 17:49:52,28792066,train,-94.470625,10.991000006198885,-270.0,-270.0,False,0.0,690.4752885541251,738.2065160018998,148.41378886636042,-1259.9099823149759,-1398.1792000000635,refined
2021-06-22 11:54:14,28792066,train,-100.495,-4.983999999165535,-270.0,-270.0,False,0.0,648.655908076109,738.2065160018998,135.81144027025164,-1243.5354889623693,-1395.7672666664919,refined
2021-06-23 14:22:48,28792066,train,-98.27875,6.733000023365021,-270.0,-270.0,False,0.0,706.933328761379,738.2065160018998,132.79532846004935,-1252.7955472721749,-1367.1951333333175,refined
2021-06-23 16:39:35,28792066,train,-96.468125,11.049000000953674,-270.0,-270.0,False,0.0,707.0277029176204,738.2065160018998,139.85515676570037,-1261.8297505011037,-1396.3238666666687,refined
2021-06-22 17:49:47,28792066,train,-98.86375,8.176000031828881,-270.0,-270.0,False,0.0,718.6179781980741,738.2065160018998,122.28182608512523,-1259.3453446131452,-1364.7831999997459,refined
2021-06-23 14:22:43,28792066,train,-97.848125,7.672000029087067,-270.0,-270.0,False,0.0,711.7070463598393,738.2065160018998,127.2994228624592,-1252.9084748124928,-1358.2895333336546,refined
2021-06-23 15:25:09,28792066,train,-94.3125,10.049000005722046,-270.0,-270.0,False,0.0,700.423143248074,738.2065160018998,144.60214649754374,-1259.5711996939017,-1387.2327333333499,refined
2021-06-23 14:22:54,28792066,train,-96.918125,0.7969999980926513,-270.0,-270.0,False,0.0,702.7186424381026,738.2065160018998,138.1095404443085,-1254.4894603776668,-1396.3238666666687,refined
2021-06-22 10:36:29,28792066,train,-100.84375,-4.75555557012558,-270.0,-270.0,False,0.0,647.1923162183042,738.2065160018998,115.60169392709628,-1245.6811122292534,-1398.7358000002403,refined
2021-06-23 16:39:28,28792066,train,-100.95875,6.111000002622604,-270.0,-270.0,False,0.0,751.234273426547,738.2065160018998,106.89141599559643,-1258.4419242902402,-1351.4248000002517,refined
2021-06-22 17:49:44,28792066,train,-102.716875,5.088000004589557,-270.0,-270.0,False,0.0,731.7379306320191,738.2065160018998,112.08820712557736,-1258.216069209484,-1340.8494000000587,refined
2021-06-22 10:36:31,28792066,train,-99.10021551724138,-2.615517229740989,-270.0,-270.0,False,0.0,644.1185615509686,738.2065160018998,107.45082747510963,-1247.71380795594,-1399.6634666677287,refined
2021-06-23 15:24:49,28792066,train,-101.436875,6.186999990791082,-270.0,-270.0,False,0.0,786.6281886691563,831.0046210866607,133.66051704260477,-1252.2309095703445,-1278.6957333329108,refined
2021-06-22 10:36:05,28792066,train,-91.0,3.900000095367432,-270.0,-270.0,False,0.0,640.9991374144832,704.6946908745803,78.10955027923424,-1132.5277167862241,-1344.3745333339837,refined
2021-06-22 10:36:11,28792066,train,-92.39107142857142,3.89714288711548,-270.0,-270.0,False,0.0,640.9991374144832,704.6946908745803,78.10955027923424,-1163.1310802244327,-1359.0316666666963,refined
2021-06-22 10:36:08,28792066,train,-92.35969387755102,4.318367320664075,-270.0,-270.0,False,0.0,640.9991374144832,704.6946908745803,78.10955027923424,-1146.8695144122644,-1351.4248000002517,refined
2021-06-22 10:36:10,28792066,train,-92.2684659090909,3.704545476219871,-270.0,-270.0,False,0.0,640.9991374144832,704.6946908745803,78.10955027923424,-1157.2588481254907,-1356.2486666666039,refined
2021-06-22 11:53:42,28792066,train,-98.27625,-3.62799999833107,-270.0,-270.0,False,0.0,651.5364689162901,704.6946908745803,74.25660861951805,-1138.9645865868765,-1342.8902666663184,refined
2021-06-22 10:36:03,28792066,train,-91.125,5.0,-270.0,-270.0,False,0.0,640.9991374144832,704.6946908745803,78.10955027923424,-1124.2840063397616,-1339.1796000003196,refined
2021-06-22 11:53:31,28792066,train,-100.228125,-3.5289999901503326,-270.0,-270.0,False,0.0,654.2402479518337,684.2809031574513,73.72183299689699,-1067.5943810778688,-1305.4125333334812,refined
2021-06-22 10:35:46,28792066,train,-92.140625,4.347222202354008,-270.0,-270.0,False,0.0,641.2507949575574,684.2809031574513,65.35074174354028,-1086.4532803183135,-1322.1105333340356,refined
2021-06-22 10:35:36,28792066,train,-91.91051136363636,2.813636373897845,-270.0,-270.0,False,0.0,633.6510338817798,684.2809031574513,56.67434187493876,-1043.7666700613868,-1303.3716666664304,refined
2021-06-22 11:53:26,28792066,train,-93.771875,-0.0789999977499246,-270.0,-270.0,False,0.0,650.3482797452327,783.4922937883299,146.11663711116853,-1034.61953929214,-1290.013266667727,refined
2021-06-22 10:35:30,28792066,train,-89.59375,5.650000095367432,-270.0,-270.0,False,0.0,621.1537822533021,783.4922937883299,162.33943713274252,-1015.9864951323312,-1295.393733333465,refined
2021-06-22 11:53:21,28792066,train,-91.38875,3.2739999769628048,-270.0,-270.0,False,0.0,649.3303989079593,783.4922937883299,141.41698149237786,-1006.8393643628436,-1280.7365999999615,refined
2021-06-22 10:35:33,28792066,train,-90.0,3.900000095367432,-270.0,-270.0,False,0.0,627.4953621039037,783.4922937883299,156.92792126463257,-1028.7473071931977,-1298.9188666665991,refined
2021-06-22 11:52:36,28792066,train,-91.3325,2.948999989181757,-270.0,-270.0,False,0.0,613.1171369965587,678.1490260297765,68.5006550445958,-901.7038242855201,-1304.2993333331278,refined
2021-06-22 10:34:24,28792066,train,-88.8125,6.900000095367432,-270.0,-270.0,False,0.0,602.8139757791995,678.1490260297765,76.63345610026532,-910.1733898126184,-1311.5351333330518,refined
2021-06-22 10:34:48,28792066,train,-87.96875,6.242105233041864,-270.0,-270.0,False,0.0,602.0570223476392,778.1426100046544,176.77706088626192,-996.2241755687409,-1297.2490666676508,refined
2021-06-22 11:53:07,28792066,train,-88.97875,4.0249999833107,-270.0,-270.0,False,0.0,648.3911586486421,778.1426100046544,182.46546700855478,-990.2390159297213,-1286.859200000323,refined
2021-06-22 10:35:04,28792066,train,-88.60304054054055,3.413513532764203,-270.0,-270.0,False,0.0,601.6115973898666,778.1426100046544,177.00414409166794,-995.9983204881049,-1297.434599999725,refined
2021-06-22 11:52:49,28792066,train,-88.02,7.291999995708466,-270.0,-270.0,False,0.0,623.5049633531615,778.1426100046544,157.07257503936754,-972.7352471734534,-1287.9723999998853,refined
2021-06-22 11:52:45,28792066,train,-82.864375,10.202000045776368,-270.0,-270.0,False,0.0,611.2816898049185,778.1426100046544,166.93787891519574,-952.0695072869581,-1292.7962666662374,refined
2021-06-22 11:52:50,28792066,train,-88.44375,6.517000019550324,-270.0,-270.0,False,0.0,625.471336222585,778.1426100046544,157.0564749100407,-977.9299140301266,-1288.3434666664061,refined
2021-06-22 11:52:57,28792066,train,-91.14625,3.438000003248453,-270.0,-270.0,False,0.0,641.7763485223976,778.1426100046544,168.39111052316602,-989.5614506874524,-1287.7868666662293,refined
2021-06-22 10:33:52,28792066,train,-92.04941860465117,1.925581396145876,-270.0,-270.0,False,0.0,603.5769282705746,686.6817666024717,108.60844609712005,-848.7408078555649,-1319.513066666808,refined
2021-06-22 10:33:59,28792066,train,-91.80714285714286,1.825714268003192,-270.0,-270.0,False,0.0,603.5769282705746,686.6817666024717,108.60844609712005,-850.2088658803006,-1319.1420000002872,refined
2021-06-22 10:34:21,28792066,train,-90.47048611111111,4.205555548270543,-270.0,-270.0,False,0.0,602.7314496624995,686.6817666024717,113.79147208953216,-895.2669544848677,-1314.5036666668,refined
2021-06-23 16:41:04,26947072,train,-102.7925,3.903999997675419,-80.86558532714844,-270.0,False,0.0,323.4273557794546,203.00477169295556,125.86049381682739,-1276.962040909611,-1804.1261333335844,refined
2021-06-22 15:09:12,26947072,train,-103.331875,2.985000021606684,-85.45108032226562,-270.0,False,0.0,317.3406721382459,203.00477169295556,118.0137385162031,-1272.8966494564784,-1808.578933333416,refined
2021-06-22 17:50:59,26947072,train,-98.665625,6.151999983787537,-82.13331604003906,-270.0,False,0.0,336.65724983172305,203.00477169295556,133.66267733413224,-1279.559374338128,-1840.8617333333802,refined
2021-06-22 16:39:47,26947072,train,-94.193125,10.430000004768372,-100.354248046875,-270.0,False,0.0,308.56138414837426,183.0572405902112,144.35619845761357,-1273.3483596181113,-1728.2429999996305,refined
2021-06-22 16:35:02,26947072,train,-94.326875,10.540000004768372,-100.32408142089844,-270.0,False,0.0,304.86680969600235,183.0572405902112,143.3330016685528,-1272.106156674132,-1727.500866666589,refined
2021-06-22 16:35:42,26947072,train,-94.18,11.474000062942505,-270.0,-270.0,False,0.0,310.8635187623431,183.0572405902112,147.86276575273314,-1272.3320117547682,-1727.500866666589,refined
2021-06-22 16:38:11,26947072,train,-94.379375,10.86699996948242,-100.24496459960938,-270.0,False,0.0,312.3873869025121,183.0572405902112,148.76699059373294,-1273.3483596181113,-1727.8719333331096,refined
2021-06-22 16:42:17,26947072,train,-94.410625,11.61700002670288,-100.30653381347656,-270.0,False,0.0,315.21206111913847,183.0572405902112,150.23243175325607,-1273.5742146987475,-1728.799599999807,refined
2021-06-22 16:47:54,26947072,train,-94.4125,10.689999933242795,-99.67225646972656,-270.0,False,0.0,322.43280719797576,183.0572405902112,153.79407954208205,-1274.4776350216523,-1731.2115333333786,refined
2021-06-22 16:35:06,26947072,train,-94.666875,11.693000040054322,-100.32530212402344,-270.0,False,0.0,305.91157889206494,183.0572405902112,144.1026656516328,-1272.106156674132,-1727.500866666589,refined
2021-06-22 16:52:01,26947072,train,-94.000625,10.87099998474121,-105.12759399414062,-270.0,False,0.0,315.8031805137325,183.0572405902112,148.8729376026019,-1274.02592486026,-1731.3970666662435,refined
2021-06-22 16:50:10,26947072,train,-94.2525,10.78599995613098,-105.34074401855469,-270.0,False,0.0,323.66163424402174,183.0572405902112,156.2717950634555,-1274.02592486026,-1731.3970666662435,refined
2021-06-22 16:42:11,26947072,train,-93.81625,9.90199999332428,-100.32373046875,-270.0,False,0.0,315.08254104749795,183.0572405902112,149.91781557044607,-1273.5742146987475,-1728.799599999807,refined
2021-06-22 16:38:24,26947072,train,-94.125625,11.471000018119812,-100.278076171875,-270.0,False,0.0,312.44722981076694,183.0572405902112,148.39012206844365,-1273.2354320775528,-1727.8719333331096,refined
2021-06-22 16:48:17,26947072,train,-94.24625,11.01100004196167,-99.67120361328125,-270.0,False,0.0,322.9128919334191,183.0572405902112,154.27784582614976,-1274.2517799410164,-1731.2115333333786,refined
2021-06-22 16:36:05,26947072,train,-94.1575,11.517000017166138,-100.26437377929688,-270.0,False,0.0,311.70452743642863,183.0572405902112,147.98299955740504,-1272.5578668354042,-1727.500866666589,refined
2021-06-22 16:48:26,26947072,train,-93.775,9.719000024795532,-105.30882263183594,-270.0,False,0.0,323.4404326629002,183.0572405902112,155.22315974238435,-1274.1388524005781,-1731.025999999723,refined
2021-06-23 15:27:09,26947072,train,-96.889375,10.456999940872192,-77.4465560913086,-270.0,False,0.0,301.463757629854,183.0572405902112,124.71376275576961,-1272.8966494564784,-1743.0856666667898,refined
2021-06-22 16:35:58,26947072,train,-94.38125,11.125999965667724,-100.25375366210938,-270.0,False,0.0,311.5755084051077,183.0572405902112,148.01895040355146,-1272.4449392952065,-1727.500866666589,refined
2021-06-22 16:50:07,26947072,train,-94.358125,11.21300003051758,-105.34074401855469,-270.0,False,0.0,323.66163424402174,183.0572405902112,156.2717950634555,-1274.02592486026,-1731.2115333333786,refined
2021-06-22 16:34:32,26947072,train,-93.8325,11.968000011444092,-100.30262756347656,-270.0,False,0.0,306.1009050141751,183.0572405902112,144.56316945291138,-1272.106156674132,-1727.315333332933,refined
2021-06-22 16:39:38,26947072,train,-93.99,11.7960000705719,-100.35249328613281,-270.0,False,0.0,309.0003354972144,183.0572405902112,144.72297790319973,-1273.3483596181113,-1728.2429999996305,refined
2021-06-22 16:47:35,26947072,train,-94.4825,9.735000004768372,-105.23188781738281,-270.0,False,0.0,321.8010120500201,183.0572405902112,152.58178421681524,-1274.7034901024088,-1731.2115333333786,refined
2021-06-22 16:37:43,26947072,train,-93.988125,12.351999979019164,-100.331787109375,-270.0,False,0.0,311.50225793349694,183.0572405902112,146.96237172047574,-1273.3483596181113,-1727.6864000002447,refined
2021-06-22 16:46:38,26947072,train,-94.535625,11.425000009536744,-99.67869567871094,-270.0,False,0.0,320.32698020314973,183.0572405902112,151.5749093884935,-1274.4776350216523,-1730.8404666676488,refined
2021-06-22 16:52:39,26947072,train,-93.65125,10.941999969482422,-105.07676696777344,-270.0,False,0.0,314.0289617086852,183.0572405902112,147.14563324550144,-1274.02592486026,-1731.2115333333786,refined
2021-06-22 16:41:30,26947072,train,-93.2925,12.84,-100.38555908203125,-270.0,False,0.0,311.95063090607454,183.0572405902112,146.64488131880026,-1273.6871422391857,-1728.799599999807,refined
2021-06-22 16:36:26,26947072,train,-94.226875,10.970999965667724,-100.24977111816406,-270.0,False,0.0,311.182678338636,183.0572405902112,147.7642995767642,-1272.8966494564784,-1727.500866666589,refined
2021-06-22 16:46:08,26947072,train,-94.466875,9.657000012397766,-105.19314575195312,-270.0,False,0.0,318.87457304012986,183.0572405902112,151.15891981598435,-1274.3647074813343,-1730.4694000003371,refined
2021-06-22 16:37:18,26947072,train,-94.4625,11.570000009536743,-100.31466674804688,-270.0,False,0.0,311.6335974113137,183.0572405902112,147.28400239887077,-1273.1225045374756,-1727.6864000002447,refined
2021-06-22 16:49:48,26947072,train,-94.695625,9.835999989509585,-105.34053039550781,-270.0,False,0.0,323.73177113641964,183.0572405902112,156.27140442369398,-1274.02592486026,-1731.2115333333786,refined
2021-06-22 16:37:22,26947072,train,-94.34125,11.092000007629396,-100.32432556152344,-270.0,False,0.0,311.98493670103346,183.0572405902112,147.43845130668032,-1273.1225045374756,-1727.6864000002447,refined
2021-06-22 16:51:57,26947072,train,-94.018125,10.266000003814698,-105.1278076171875,-270.0,False,0.0,315.73319711717676,183.0572405902112,148.87740843750618,-1274.02592486026,-1731.3970666662435,refined
2021-06-22 16:52:58,26947072,train,-97.145625,7.430999987125396,-92.78904724121094,-270.0,False,0.0,310.88497092143166,183.0572405902112,144.7137169503021,-1275.4939828849956,-1775.368466666754,refined
2021-06-22 16:34:19,26947072,train,-93.64285714285714,11.017857100282397,-270.0,-270.0,False,0.0,307.09852064451843,183.0572405902112,144.69084892569995,-1271.9932291336938,-1727.315333332933,refined
2021-06-22 16:42:33,26947072,train,-94.236875,10.848000020980836,-100.33525085449219,-270.0,False,0.0,314.9967111430749,183.0572405902112,149.70885378413246,-1273.6871422391857,-1728.985133333463,refined
2021-06-22 11:55:38,26947072,train,-91.226875,3.000999989062548,-270.0,-270.0,False,0.0,307.12360504644164,214.0303000392606,110.41063453626266,-1262.05560558186,-1605.9765333339672,refined
2021-06-22 17:50:37,26947072,train,-91.003125,15.15899998664856,-81.16497802734375,-270.0,False,0.0,298.4281367257973,214.0303000392606,146.32417428617475,-1268.2666203017561,-1689.280999999919,refined
2021-06-22 10:37:19,26947072,train,-94.1344696969697,2.121212106536736,-96.7276611328125,-270.0,False,0.0,355.52033577540743,279.4780587761575,112.5122321072112,-1264.6529390101366,-1509.4991999998042,refined
2021-06-22 10:37:24,26947072,train,-95.24553571428572,0.3035714200564793,-110.04960632324219,-270.0,False,0.0,346.539878757946,279.4780587761575,119.45371806210957,-1262.281460662496,-1544.19393333334,refined
2021-06-23 15:26:20,26947072,train,-96.388125,9.37800002336502,-88.15552520751953,-270.0,False,0.0,348.2804603571006,279.4780587761575,116.54251075328817,-1262.6202432836908,-1515.2507333336448,refined
2021-06-23 16:40:17,26947072,train,-96.87875,6.427000011578202,-88.13780975341797,-270.0,False,0.0,349.14430793792593,279.4780587761575,117.52982685073677,-1264.765866550575,-1509.4991999998042,refined
2021-06-22 17:50:21,26947072,train,-96.41,6.76299999833107,-76.92810821533203,-270.0,False,0.0,334.6923805205599,279.4780587761575,122.97581135168912,-1263.86244622767,-1533.804066666803,refined
2021-06-22 11:55:29,26947072,train,-92.65950520833331,-1.5291666775010526,-69.76615905761719,-270.0,False,0.0,324.96765654807433,279.4780587761575,129.27520674312743,-1263.2978085259597,-1567.014533333465,refined
2021-06-23 16:39:59,26947072,train,-97.174375,5.901000013947487,-88.15275573730469,-270.0,False,0.0,349.9300662535093,361.1190957837633,170.05339616051418,-1266.0080694945539,-1492.8012000000408,refined
2021-06-23 16:40:12,26947072,train,-98.64875,-1.3129999942332506,-88.13780975341797,-270.0,False,0.0,349.14430793792593,361.1190957837633,171.3705348056295,-1264.6529390101366,-1494.099933333259,refined
2021-06-22 17:50:16,26947072,train,-96.350625,7.982999973297119,-103.34159851074219,-270.0,False,0.0,343.3472916630054,361.1190957837633,172.51559992058873,-1265.7822144137976,-1496.5118666668307,refined
2021-06-23 15:26:14,26947072,train,-95.60441176470589,9.291764740382924,-106.71003723144531,-270.0,False,0.0,351.7967030194159,361.1190957837633,161.34867578627626,-1263.7495186872316,-1487.235199999856,refined
2021-06-23 15:26:00,26947072,train,-95.78875,8.68099996805191,-106.71003723144531,-270.0,False,0.0,351.7967030194159,361.1190957837633,161.34867578627626,-1263.86244622767,-1486.4930666668145,refined
2021-06-23 16:39:17,26947072,train,-105.40875,1.8939999978244304,-270.0,-270.0,False,0.0,536.0280519920619,543.1436581094082,105.8936727508339,-1250.6499240051703,-1257.9159999998367,refined
2021-06-22 16:53:33,26366722,train,-103.9125,-3.519999993443489,-53.99058532714844,-270.0,False,0.0,25.609543942968312,154.17304165141195,140.31154745897572,-1284.754041194681,-2002.0902000003368,wcl
2021-06-22 16:53:34,26366722,train,-101.299375,-0.9250000118464232,-55.32721710205078,-270.0,False,0.0,36.14799419821539,154.17304165141195,137.0751388163677,-1284.5281861139244,-2008.2127999999075,wcl
2021-06-22 16:53:35,26366722,train,-106.01497395833331,-5.471875018207356,-75.83609771728516,-270.0,False,0.0,47.65285164126275,154.17304165141195,134.33702219366117,-1284.979896275437,-2014.5209333331336,wcl
2021-06-22 10:38:21,26366722,train,-104.97211538461538,-11.104615424229548,-52.77075958251953,-270.0,False,0.0,13.020684542077912,129.07696254647647,128.2122985297795,-1279.2205917170536,-1941.9774000002396,wcl
2021-06-22 10:38:22,26366722,train,-106.55978260869566,-11.25217394206835,-52.04621887207031,-270.0,False,0.0,4.12489385245471,129.07696254647647,128.39563904486855,-1278.881809095859,-1949.9553333339961,wcl
2021-06-22 15:09:36,26366722,train,-101.96348314606742,-4.478651688674862,-52.81767272949219,-270.0,False,0.0,13.624912433721173,129.07696254647647,124.2600908205415,-1281.3662149838174,-1931.9586000002234,wcl
2021-06-22 15:09:37,26366722,train,-105.999375,-7.318000013008714,-52.236053466796875,-270.0,False,0.0,5.6562817005068675,129.07696254647647,125.00390790439182,-1281.930852685648,-1942.905066667728,wcl
2021-06-22 15:09:38,26366722,train,-106.15513392857144,-6.701785745897463,-52.147377014160156,-270.0,False,0.0,7.323132121588929,129.07696254647647,126.55712708227335,-1282.2696353068427,-1953.8515333336509,wcl
2021-06-22 16:53:30,26366722,train,-102.51404494382022,-2.0539325610472914,-52.215538024902344,-270.0,False,0.0,5.102811426444692,129.07696254647647,126.22725145949121,-1284.3023310331682,-1986.6909333330009,wcl
2021-06-22 16:53:31,26366722,train,-106.295625,-4.576999972984194,-52.155059814453125,-270.0,False,0.0,6.170663540484705,129.07696254647647,127.55151340885116,-1283.963548412094,-1992.0714000003206,wcl
2021-06-22 16:53:32,26366722,train,-105.650625,-3.9419999864697455,-57.08058166503906,-270.0,False,0.0,15.677158103875646,129.07696254647647,129.80109737768566,-1284.3023310331682,-1997.0808000003287,wcl
2021-06-22 17:51:08,26366722,train,-101.3275,-0.3240000031143427,-52.045753479003906,-270.0,False,0.0,4.493447808949047,129.07696254647647,127.36769034478567,-1279.6723018783257,-1916.3738000000226,wcl
2021-06-22 17:51:09,26366722,train,-105.74625,-3.751000008136034,-52.062774658203125,-270.0,False,0.0,4.189281566575803,129.07696254647647,128.52719682966398,-1280.1240120398381,-1925.4649333333414,wcl
2021-06-22 17:51:10,26366722,train,-105.5775,-4.155000006482005,-52.62909698486328,-270.0,False,0.0,12.056524609242135,129.07696254647647,130.13713259653,-1280.8015772819867,-1934.7416000003159,wcl
2021-06-22 17:51:11,26366722,train,-105.67375,-4.158000014424324,-63.8096923828125,-270.0,False,0.0,19.27239649349603,129.07696254647647,132.01857052182154,-1281.4791425241356,-1944.2038000001553,wcl
2021-06-22 17:51:12,26366722,train,-105.08625,-4.285000009387732,-54.347694396972656,-270.0,False,0.0,26.31408040774555,129.07696254647647,134.3155880787688,-1280.5757222012305,-1953.665999999995,wcl
2021-06-22 17:51:13,26366722,train,-100.745625,-0.4450000154972076,-54.99482727050781,-270.0,False,0.0,33.919429783019815,129.07696254647647,137.1336466874385,-1280.4627946609126,-1962.7571333333137,wcl
2021-06-22 17:51:14,26366722,train,-102.934375,-3.888999976366758,-74.87625122070312,-270.0,False,0.0,42.64243637396749,129.07696254647647,140.85988602822948,-1280.2369395801563,-1971.4772000001117,wcl
2021-06-23 14:24:22,26366722,train,-104.11375,-3.799999983012676,-52.207298278808594,-270.0,False,0.0,6.948934342536167,129.07696254647647,124.03101805941107,-1275.1552002639212,-1901.9022000001748,wcl
2021-06-23 14:24:23,26366722,train,-106.24125,-6.220999975800514,-52.605857849121094,-270.0,False,0.0,3.9349735058230073,129.07696254647647,125.26377299678732,-1275.3810553445574,-1910.2511999996611,wcl
2021-06-23 14:24:24,26366722,train,-106.70375,-5.421999989971519,-52.227569580078125,-270.0,False,0.0,7.386022260153898,129.07696254647647,126.81062540109139,-1275.7198379656315,-1918.7857333335942,wcl
2021-06-23 14:24:25,26366722,train,-106.29875,-5.507000011950732,-52.7813720703125,-270.0,False,0.0,12.574268656139814,129.07696254647647,128.07566109015508,-1276.058620586706,-1928.0623999997779,wcl
2021-06-23 14:24:26,26366722,train,-105.62375,-5.189000042155385,-61.16947937011719,-270.0,False,0.0,18.142892711327463,129.07696254647647,129.8330153218562,-1276.1715481272645,-1937.1535333330964,wcl
2021-06-23 14:24:27,26366722,train,-105.176875,-4.250999998301268,-53.964195251464844,-270.0,False,0.0,24.556485285393038,129.07696254647647,131.9285513900899,-1276.284475667342,-1946.4302000000712,wcl
2021-06-23 14:24:28,26366722,train,-100.779375,-0.3900000085681677,-54.83226013183594,-270.0,False,0.0,31.73546841085314,129.07696254647647,134.77141230005918,-1275.9456930462675,-1956.0779333335665,wcl
2021-06-23 14:24:29,26366722,train,-104.87434210526315,-4.672631581598207,-66.42442321777344,-270.0,False,0.0,39.50687192479259,129.07696254647647,137.94641812426,-1276.7361858289748,-1965.3545999997502,wcl
2021-06-23 15:27:39,26366722,train,-105.304375,-3.4579999924451115,-52.56797790527344,-270.0,False,0.0,11.087234759337012,129.07696254647647,125.10149991928922,-1283.3989107102634,-1905.241799999653,wcl
2021-06-23 15:27:40,26366722,train,-105.933125,-3.3949999745190143,-52.748451232910156,-270.0,False,0.0,4.073028711486792,129.07696254647647,125.71277612917798,-1283.963548412094,-1913.2197333334093,wcl
2021-06-23 15:27:41,26366722,train,-105.31875,-4.774000013545155,-52.10272216796875,-270.0,False,0.0,5.156067244438896,129.07696254647647,127.38017090876396,-1284.5281861139244,-1921.0121333335098,wcl
2021-06-23 15:27:42,26366722,train,-105.515625,-5.458999999538064,-52.677696228027344,-270.0,False,0.0,11.571257670377987,129.07696254647647,129.36111387597484,-1284.979896275437,-1928.6189999999544,wcl
2021-06-23 15:27:43,26366722,train,-101.70625,-1.1159999984502793,-60.94860076904297,-270.0,False,0.0,17.989364492315815,129.07696254647647,131.36450769169699,-1285.2057513560733,-1936.225866666399,wcl
2021-06-23 15:27:44,26366722,train,-100.94375,-0.5119999961555004,-53.808349609375,-270.0,False,0.0,24.645956684765544,129.07696254647647,133.71019952258385,-1286.109171678978,-1942.3484666667605,wcl
2021-06-23 15:27:45,26366722,train,-105.45377604166669,-4.277083335754772,-54.71537780761719,-270.0,False,0.0,31.878579918896293,129.07696254647647,136.32084056559336,-1287.5772297037136,-1947.7289333332894,wcl
2021-06-23 16:41:18,26366722,train,-100.23625,2.728999985605478,-52.61552429199219,-270.0,False,0.0,11.553201362797017,129.07696254647647,127.67303410103854,-1286.4479543000525,-1900.7889999998215,wcl
2021-06-23 16:41:19,26366722,train,-105.11875,-2.8190000014007093,-52.05522155761719,-270.0,False,0.0,4.5463165813196245,129.07696254647647,127.91594073366285,-1286.7867369211265,-1908.2103333334012,wcl
2021-06-23 16:41:20,26366722,train,-105.43375,-2.5570000065118075,-52.02129364013672,-270.0,False,0.0,2.75045412250471,129.07696254647647,129.35387528464048,-1286.3350267598548,-1915.631666666981,wcl
2021-06-23 16:41:21,26366722,train,-105.0275,-2.7760000006109475,-52.28141784667969,-270.0,False,0.0,10.227124265765708,129.07696254647647,131.65765071914905,-1286.2220992194164,-1923.0529999997698,wcl
2021-06-23 16:41:22,26366722,train,-105.36625,-4.973999986946583,-55.992591857910156,-270.0,False,0.0,18.229301350957723,129.07696254647647,135.3078587837204,-1286.2220992194164,-1931.216466666391,wcl
2021-06-23 16:41:23,26366722,train,-101.456875,-0.6029999978840351,-56.400917053222656,-270.0,False,0.0,25.265944187124706,129.07696254647647,138.63023729206128,-1287.6901572440318,-1938.6377999999706,wcl
2021-06-23 16:41:24,26366722,train,-100.700625,-0.4499999983608723,-56.10199737548828,-270.0,False,0.0,32.36421656820966,129.07696254647647,141.64403318953808,-1287.3513746229573,-1946.8012666665918,wcl
2021-06-23 16:41:25,26366722,train,-104.755859375,-3.8781250183625766,-55.99909973144531,-270.0,False,0.0,39.52729310236725,129.07696254647647,144.27817398050976,-1287.1255195423212,-1954.5936666666923,wcl
2021-06-23 14:24:21,26366722,train,-101.740625,-0.1619999950379133,-52.565879821777344,-270.0,False,0.0,11.356843169298513,171.90810844285667,161.48267403212617,-1274.7034901024088,-1894.1098000000743,wcl
2021-06-23 15:27:38,26366722,train,-101.3503989361702,0.5734042330308163,-57.25022888183594,-270.0,False,0.0,19.086164234524546,171.90810844285667,157.27324044627673,-1282.8342730085528,-1896.7072666665108,wcl
2021-06-23 16:41:17,26366722,train,-100.8024193548387,-0.4225806402423048,-57.175025939941406,-270.0,False,0.0,18.782482689594787,171.90810844285667,159.52304882340906,-1286.4479543000525,-1892.811066667647,wcl
2021-06-22 10:38:33,26917120,train,-103.8720238095238,-11.801587331862676,-75.36811828613281,-270.0,False,0.0,162.97667536085098,43.984016086876565,130.53111177607,-1273.3483596181113,-2024.5397333339408,wcl
2021-06-22 17:51:28,26917120,train,-104.938125,-2.1079999952018262,-85.39706420898438,-270.0,False,0.0,170.59017730237443,43.984016086876565,149.96588359989323,-1286.899664461565,-2032.7031999997712,wcl
2021-06-23 16:41:39,26917120,train,-104.298125,-1.5839999997615817,-81.02339172363281,-270.0,False,0.0,170.09371034238688,43.984016086876565,149.23027313505193,-1289.2711428092055,-2055.523799999896,wcl
2021-06-22 10:38:38,26917120,train,-107.11951754385964,-13.11228072852419,-83.31388854980469,-270.0,False,0.0,159.91812657990806,43.984016086876565,137.3606748121491,-1283.2859831700657,-2051.2565333329294,wcl
2021-06-23 15:28:00,26917120,train,-104.049375,-3.220000011622906,-270.0,-270.0,False,0.0,159.62530734321484,43.984016086876565,139.14253215463742,-1288.3677224863004,-2042.7219999997874,wcl
2021-06-22 10:38:40,26917120,train,-103.91964285714286,-12.347618965875537,-71.64157104492188,-270.0,False,0.0,162.30441610850428,43.984016086876565,143.41532345179203,-1288.3677224863004,-2059.7910666676535,wcl
2021-06-22 11:56:58,26917120,train,-103.9775,-8.597999987602234,-73.87646484375,-270.0,False,0.0,150.58961399532367,43.984016086876565,128.89598959146764,-1289.2711428092055,-2067.9545333334836,wcl
2021-06-22 10:38:32,26917120,train,-103.80043859649123,-11.919298238921584,-82.84579467773438,-270.0,False,0.0,166.6442544253109,43.984016086876565,132.47205578055681,-1273.6871422391857,-2017.489466667673,wcl
2021-06-22 15:09:52,26917120,train,-106.153125,-3.187000002861023,-81.5145492553711,-270.0,False,0.0,162.28659391403104,43.984016086876565,137.50311181285207,-1289.7228529705978,-2062.5740666677457,wcl
2021-06-22 15:09:54,26917120,train,-105.9075,-2.387999992147088,-81.01738739013672,-270.0,False,0.0,163.73345064512918,43.984016086876565,142.2621941416404,-1291.9814037777996,-2066.8413333331305,wcl
2021-06-23 14:24:41,26917120,train,-104.78,-2.288000005930662,-87.04017639160156,-270.0,False,0.0,163.10958729050913,43.984016086876565,142.8107308451415,-1288.0289398652262,-2057.9357333334674,wcl
2021-06-22 10:38:35,26917120,train,-104.71467391304348,-10.062318850254666,-80.5745620727539,-270.0,False,0.0,160.6697800451189,43.984016086876565,132.08765564449234,-1277.8654612325158,-2035.1151333333428,wcl
2021-06-22 10:38:37,26917120,train,-107.34503424657534,-12.930136981075757,-103.11444091796875,-270.0,False,0.0,158.95823746591424,43.984016086876565,134.62996620290812,-1280.5757222012305,-2046.0616000000564,wcl
2021-06-23 15:27:58,26917120,train,-104.691875,-1.4649999941885472,-103.11625671386719,-270.0,False,0.0,159.05323203464394,43.984016086876565,135.60316859294645,-1289.4969978898416,-2030.4767999998555,wcl
2021-06-23 15:28:02,26917120,train,-101.5997340425532,-4.581914915921206,-71.3043212890625,-270.0,False,0.0,161.6711880747472,43.984016086876565,144.067293140359,-1289.1582152687672,-2051.6276000002413,wcl
2021-06-22 15:09:51,26917120,train,-104.6225,-3.915000005736947,-79.6559066772461,-270.0,False,0.0,161.93819916288305,43.984016086876565,135.61517366255424,-1288.3677224863004,-2058.863400000165,wcl
2021-06-23 14:24:38,26917120,train,-105.835625,-3.733000002503395,-81.80012512207031,-270.0,False,0.0,160.62164977575463,43.984016086876565,135.22690523664548,-1282.4954903873584,-2044.0207333330056,wcl
2021-06-22 11:56:55,26917120,train,-107.1,-8.369000053405761,-75.68461608886719,-270.0,False,0.0,152.78701206020438,43.984016086876565,123.90398315703813,-1288.0289398652262,-2063.3161999999966,wcl
2021-06-22 16:53:40,26917120,train,-104.3046875,-3.750000016577542,-80.15927124023438,-270.0,False,0.0,163.08168413820908,43.984016086876565,133.64460393549697,-1287.5772297037136,-2043.8352000001407,wcl
2021-06-23 15:27:55,26917120,train,-105.7625,-3.5779999911785128,-80.49798583984375,-270.0,False,0.0,159.84179590837846,43.984016086876565,131.01462020626533,-1285.5445339771475,-2014.3354000002687,wcl
2021-06-22 16:53:46,26917120,train,-103.419375,-3.047000019401312,-72.25822448730469,-270.0,False,0.0,167.75634424768208,43.984016086876565,149.90269116612558,-1293.1106791814611,-2060.533199999904,wcl
2021-06-22 17:51:24,26917120,train,-106.65375,-3.2829999950528146,-79.58167266845703,-270.0,False,0.0,164.7242004512565,43.984016086876565,141.49856620886098,-1285.5445339771475,-2018.7882000001002,wcl
2021-06-22 15:09:55,26917120,train,-105.313125,-1.898000002205372,-73.24374389648438,-270.0,False,0.0,165.1713502982105,43.984016086876565,145.5290187950597,-1291.9814037777996,-2066.47026666661,wcl
2021-06-22 16:53:41,26917120,train,-104.420625,-3.2439999932795764,-82.64481353759766,-270.0,False,0.0,162.54943193023814,43.984016086876565,135.34373205609023,-1287.6901572440318,-2048.8446000001486,wcl
2021-06-23 14:24:37,26917120,train,-103.688125,-4.707000002861023,-83.61019134521484,-270.0,False,0.0,160.3224601853803,43.984016086876565,132.90445130092507,-1281.7049976047713,-2037.8981333334352,wcl
2021-06-23 16:41:38,26917120,train,-105.46,-2.070999997183681,-86.54056549072266,-270.0,False,0.0,168.90474699574543,43.984016086876565,146.67389680935304,-1287.916012324788,-2050.328866666232,wcl
2021-06-22 16:53:47,26917120,train,-102.739375,-3.5389999831467867,-71.79179382324219,-270.0,False,0.0,169.713852398111,43.984016086876565,153.50233827294613,-1292.7718965605072,-2060.347666666248,wcl
2021-06-22 17:51:21,26917120,train,-105.68619791666669,-5.578125004035731,-80.64087677001953,-270.0,False,0.0,162.58585632126636,43.984016086876565,133.9809081551388,-1282.8342730085528,-2017.489466667673,wcl
2021-06-22 11:56:56,26917120,train,-106.16875,-8.211000003814696,-85.528564453125,-270.0,False,0.0,151.69845135299536,43.984016086876565,124.88705778861294,-1288.5935775669366,-2066.2847333329537,wcl
2021-06-23 14:24:45,26917120,train,-101.931875,-5.523000009208918,-71.45669555664062,-270.0,False,0.0,170.1610352191957,43.984016086876565,155.40812459489106,-1291.0779834550153,-2065.3570666662563,wcl
2021-06-23 14:24:43,26917120,train,-102.843125,-1.727999997958541,-72.68025207519531,-270.0,False,0.0,166.23192651042436,43.984016086876565,148.8014978757899,-1289.7228529705978,-2062.017466666778,wcl
2021-06-22 11:56:54,26917120,train,-107.9324494949495,-8.544444426141604,-74.9295883178711,-270.0,False,0.0,153.87533037082426,43.984016086876565,123.03301745471961,-1287.5772297037136,-2059.234466666686,wcl
2021-06-22 17:51:31,26917120,train,-103.53125,-3.092999991029501,-72.3819351196289,-270.0,False,0.0,171.40619648534891,43.984016086876565,153.38416332209619,-1288.5935775669366,-2050.5143999998877,wcl
2021-06-22 17:51:22,26917120,train,-104.550625,-3.407999986410141,-79.2184829711914,-270.0,False,0.0,162.73376816120737,43.984016086876565,136.12785468181522,-1282.9472005489913,-2018.7882000001002,wcl
2021-06-22 10:38:41,26917120,train,-104.39366883116882,-12.31038963020622,-71.58125305175781,-270.0,False,0.0,164.33255316140912,43.984016086876565,147.17424361143182,-1289.8357805109156,-2061.8319333331224,wcl
2021-06-23 14:24:39,26917120,train,-107.240625,-3.6900000017881394,-81.53411102294922,-270.0,False,0.0,161.84452258148133,43.984016086876565,138.166859541865,-1284.8669687349989,-2049.4012000003254,wcl
2021-06-22 17:51:32,26917120,train,-102.62625,-3.916999992877245,-71.92353820800781,-270.0,False,0.0,172.06808741382076,43.984016086876565,155.34791252887018,-1291.0779834550153,-2055.152733333375,wcl
2021-06-22 17:51:23,26917120,train,-105.995625,-3.28200000025332,-78.91841888427734,-270.0,False,0.0,163.55028192319205,43.984016086876565,138.85140310186418,-1284.8669687349989,-2018.4171333335794,wcl
2021-06-22 10:38:34,26917120,train,-104.6455078125,-11.78125,-80.69770050048828,-270.0,False,0.0,160.9568641455724,43.984016086876565,130.5047107437946,-1276.058620586706,-2029.549133333949,wcl
2021-06-22 16:53:44,26917120,train,-105.535625,-2.4489999925345183,-80.98733520507812,-270.0,False,0.0,165.24115030221833,43.984016086876565,144.00051673557934,-1292.2072588584358,-2057.9357333334674,wcl
2021-06-22 10:38:30,26917120,train,-106.70277777777778,-11.640000014834934,-79.78761291503906,-270.0,False,0.0,170.19541796937443,43.984016086876565,133.2587340573172,-1274.8164176427267,-2003.760000000076,wcl
2021-06-22 10:38:26,26917120,train,-104.24348958333331,-11.212500035762789,-85.92296600341797,-270.0,False,0.0,182.56423515283214,135.4441348718781,136.68398848847758,-1277.3008235308052,-1980.939399999951,wcl
2021-06-22 10:38:27,26917120,train,-102.88647959183672,-9.644897981565826,-270.0,-270.0,False,0.0,180.01380356298895,135.4441348718781,142.04416813659387,-1275.8327655060698,-1987.2475333339685,wcl
2021-06-23 15:27:47,26917120,train,-104.365625,-3.956000011488795,-84.86807250976562,-270.0,False,0.0,172.9757540091296,135.4441348718781,141.72614244428559,-1289.0452877285695,-1959.7885999995653,wcl
2021-06-23 15:27:46,26917120,train,-104.085625,-2.9920000027120115,-101.86874389648438,-270.0,False,0.0,176.91068830674467,135.4441348718781,139.1554867631054,-1288.141867405424,-1954.0370666665158,wcl
2021-06-22 10:38:24,26917120,train,-105.59057971014492,-10.952173944832625,-92.32878875732422,-270.0,False,0.0,190.25095797098092,135.4441348718781,131.65421237579528,-1278.2042438535902,-1965.1690666676764,wcl
2021-06-23 15:27:51,26917120,train,-103.006875,-2.836000004932284,-75.54595947265625,-270.0,False,0.0,164.01998440590543,135.4441348718781,158.22852935535138,-1286.109171678978,-1989.473933333093,wcl
2021-06-23 15:27:52,26917120,train,-103.190625,-2.6309999856352806,-75.44612121582031,-270.0,False,0.0,163.58069349576388,135.4441348718781,162.77942493251507,-1286.6738093808087,-1996.1531333336313,wcl
2021-06-22 10:38:29,26917120,train,-105.3,-12.888000068664551,-270.0,-270.0,False,0.0,172.96792000907723,135.4441348718781,148.8922929743043,-1274.8164176427267,-1998.379533333547,wcl
2021-06-22 10:38:28,26917120,train,-104.06521739130434,-11.869565231212672,-94.34680938720703,-270.0,False,0.0,176.3092824648408,135.4441348718781,145.17285976436455,-1275.042272723483,-1992.9990666662272,wcl
2021-06-22 16:56:27,40782336,train,-86.888125,8.363000026345253,-78.26824951171875,-270.0,False,0.0,214.897693432193,815.5339001472689,607.2468993874633,-2004.3283283835792,-1637.8882666666198,refined
2021-06-22 16:56:28,40782336,train,-87.695625,6.46400000333786,-85.91157531738281,-270.0,False,0.0,229.95023055848753,815.5339001472689,592.0802992299758,-2012.007401128331,-1630.652466666696,refined
2021-06-22 16:56:09,40782336,train,-76.79625,18.165000095367432,-74.34783172607422,-270.0,False,0.0,127.5163178487034,675.4624597637293,547.9461608654328,-1909.5821220197224,-1724.3467999999757,refined
2021-06-22 16:56:24,40782336,train,-78.231875,16.74599997520447,-69.40245819091797,-270.0,False,0.0,175.81772567363302,758.3793869107494,596.9368810126948,-1983.5496609570066,-1657.1837333336107,refined
2021-06-23 14:27:53,40782336,train,-86.185,4.022999982014299,-78.22674560546875,-270.0,False,0.0,227.65609577656366,536.1002954771799,321.66827730060595,-1817.0944664629476,-1807.0946666665418,refined
2021-06-22 11:59:18,40782336,train,-95.6575,-5.719999995231628,-86.21124267578125,-270.0,False,0.0,326.0896431315526,536.1002954771799,226.12012777445082,-1818.4495969472448,-1805.7959333333235,refined
2021-06-23 14:27:52,40782336,train,-83.578125,6.059999998807907,-76.32389831542969,-270.0,False,0.0,214.58065045748188,536.1002954771799,334.4199146673483,-1811.673944525518,-1812.6606666667267,refined
2021-06-22 16:55:41,40782336,train,-75.54125,19.685000019073485,-74.34817504882812,-270.0,False,0.0,127.36687216313095,536.1002954771799,408.8759550456906,-1823.5313362636,-1802.8273999995754,refined
2021-06-22 10:40:49,40782336,train,-88.69606164383562,-0.5493150637166141,-88.01661682128906,-270.0,False,0.0,249.06219791057168,398.19281644872956,180.37487481710036,-1707.7806073921736,-1939.1944000001472,refined
2021-06-23 14:27:32,40782336,train,-82.341875,5.881000003814697,-62.5902099609375,-270.0,False,0.0,127.78680471051753,398.19281644872956,274.1698890761982,-1705.522056584731,-1937.7101333332732,refined
2021-06-22 11:59:06,40782336,train,-88.935,2.671999997198581,-78.9088134765625,-270.0,False,0.0,211.7739504739807,398.19281644872956,208.46577959637847,-1711.0555060625989,-1930.84539999987,refined
2021-06-23 14:27:47,40782336,train,-77.890625,16.385999994277952,-68.9725112915039,-270.0,False,0.0,156.69681041587802,487.2856236463663,356.8741416105552,-1784.5713348384907,-1842.9025999996402,refined
2021-06-23 15:29:57,40782336,train,-83.324375,5.030000003352761,-78.88924407958984,-270.0,False,0.0,212.0860249783786,264.0293758884107,120.89812315650633,-1632.9096481319848,-2025.4673999998474,refined
2021-06-22 11:58:57,40782336,train,-82.12,8.807999993562698,-68.41763305664062,-270.0,False,0.0,139.1687737548298,264.0293758884107,160.24598112281797,-1633.8130684547693,-2024.5397333339408,refined
2021-06-22 15:11:40,40782336,train,-92.6875,1.9139999893307689,-92.4505615234375,-270.0,False,0.0,255.23750743589105,264.0293758884107,115.9090545763205,-1653.6883155584371,-2001.5336000001603,refined
2021-06-23 14:27:22,40782336,train,-82.640625,5.14299998998642,-62.5902099609375,-270.0,False,0.0,127.78680471051753,358.6101940451221,249.38325467375412,-1676.6126062522549,-1973.1469999998508,refined
2021-06-23 15:30:19,40782336,train,-89.07125,-0.6430000024288893,-87.9256591796875,-270.0,False,0.0,271.11939518559365,358.6101940451221,185.71250304116163,-1662.7225187874863,-1986.31986666648,refined
2021-06-22 17:53:31,40782336,train,-77.78875,20.391999969482423,-75.46420288085938,-270.0,False,0.0,129.49603867146755,144.44896535688883,91.73751490557305,-1547.875210238965,-2106.1744000001536,refined
2021-06-23 14:26:42,40782336,train,-75.34625,17.12599997520447,-78.801513671875,-270.0,False,0.0,129.99477900093635,144.44896535688883,61.78439022580084,-1546.5200797547882,-2103.9480000002377,refined
2021-06-22 10:40:27,40782336,train,-82.50694444444444,11.0388888253106,-62.79341125488281,-270.0,False,0.0,126.83376275741325,144.44896535688883,94.12332788969061,-1549.9079059656515,-2111.925933333994,refined
2021-06-22 16:55:03,40782336,train,-78.236875,10.127000007629396,-63.84796142578125,-270.0,False,0.0,128.53627696711106,144.44896535688883,21.492978437158836,-1564.814341293402,-2111.7403999995477,refined
2021-06-23 16:43:00,40782336,train,-81.30875,15.919999980926514,-74.7824935913086,-270.0,False,0.0,128.50974664235721,144.44896535688883,90.63282974072811,-1552.6181669343664,-2105.988866666498,refined
2021-06-22 15:11:01,40782336,train,-75.680625,18.33199996948242,-79.22187042236328,-270.0,False,0.0,141.14833752596257,144.44896535688883,71.63762790009477,-1561.652370163175,-2109.328466666767,refined
2021-06-22 17:53:28,40782336,train,-76.45375,21.32700012207032,-74.71748352050781,-270.0,False,0.0,128.88627348096165,144.44896535688883,89.98154017961492,-1540.647847655846,-2100.0517999997924,refined
2021-06-22 10:40:01,40782336,train,-82.50367647058823,12.070588205374923,-62.79341125488281,-270.0,False,0.0,126.83376275741325,144.44896535688883,94.12332788969061,-1549.794978425213,-2112.1114666676503,refined
2021-06-22 17:52:53,40782336,train,-77.52875,20.422000045776368,-74.71748352050781,-270.0,False,0.0,128.88627348096165,144.44896535688883,89.98154017961492,-1540.873702736482,-2100.0517999997924,refined
2021-06-22 11:58:16,40782336,train,-72.74,14.713000011444093,-66.71416473388672,-270.0,False,0.0,150.5799316699267,244.4488975915665,105.10211331686155,-1538.0505142274492,-2097.8253999998765,refined
2021-06-22 16:54:55,40782336,train,-84.788125,12.76300000667572,-71.78622436523438,-270.0,False,0.0,173.37615877413396,244.4488975915665,172.95561366597877,-1515.9167163164589,-2078.7154666665415,refined
2021-06-23 14:26:34,40782336,train,-75.58875,14.818000001907349,-70.56637573242188,-270.0,False,0.0,133.24164792381498,244.4488975915665,113.80860621719125,-1509.0281363542938,-2076.8601333339375,refined
2021-06-22 15:10:37,40782336,train,-84.485,15.076000032424927,-74.1146011352539,-270.0,False,0.0,159.48796797577543,264.1950335177417,113.87182585940268,-1409.3131182144,-2054.9671999997195,refined
2021-06-23 15:28:52,40782336,train,-78.080625,17.42599995613098,-66.4520263671875,-270.0,False,0.0,147.58392042159483,264.1950335177417,117.79129537730822,-1421.396365033118,-2052.7407999998036,refined
2021-06-23 16:42:18,40782336,train,-74.29375,22.659999980926514,-64.1611099243164,-270.0,False,0.0,141.64639023360346,264.1950335177417,122.54930936976521,-1416.540480797519,-2057.9357333334674,refined
2021-06-23 16:42:50,40782336,train,-72.855,20.959000053405763,-70.66377258300781,-270.0,False,0.0,134.74615904366917,264.1950335177417,164.20025553650248,-1494.7992662685715,-2063.3161999999966,refined
2021-06-23 15:28:26,40782336,train,-83.958125,13.867000060081482,-72.72343444824219,-270.0,False,0.0,200.12141600235717,264.1950335177417,121.88642439066655,-1405.5865093824623,-2054.5961333339897,refined
2021-06-22 15:10:45,40782336,train,-74.82375,21.39899995803833,-67.93087768554688,-270.0,False,0.0,153.8505441507191,264.1950335177417,111.0192054505266,-1458.6624533527354,-2049.5867333339816,refined
2021-06-22 16:54:36,40782336,train,-88.965,10.98400004386902,-72.12580871582031,-270.0,False,0.0,212.31921276168643,264.1950335177417,124.19572875504767,-1412.9267995060197,-2057.7501999998117,refined
2021-06-22 11:57:42,40782336,train,-84.823125,9.358000032901764,-72.22128295898438,-270.0,False,0.0,178.15481954017957,264.1950335177417,117.5422351190029,-1418.6861040644033,-2056.0804000000726,refined
2021-06-23 14:25:39,40782336,train,-77.44633838383838,18.8313130754413,-63.00116729736328,-270.0,False,0.0,149.31283405584736,264.1950335177417,116.73417558598109,-1421.8480751946306,-2060.904266666425,refined
2021-06-22 16:54:29,40782336,train,-90.001875,10.270000019073484,-72.13561248779297,-270.0,False,0.0,212.55863209133423,264.1950335177417,123.87449053997197,-1412.9267995060197,-2057.9357333334674,refined
2021-06-23 16:42:20,40782336,train,-73.0075,24.265,-64.09902954101562,-270.0,False,0.0,141.10456104102295,264.1950335177417,123.12209447555792,-1416.540480797519,-2057.9357333334674,refined
2021-06-23 14:25:06,40782336,train,-86.75875,6.314999980926514,-86.53194427490234,-270.0,False,0.0,215.5458398203286,315.9790624980541,109.47486105869908,-1343.47636218314,-2064.614933334006,refined
2021-06-22 15:10:06,40782336,train,-87.594375,10.466999988555909,-71.16438293457031,-270.0,False,0.0,215.94602904719665,315.9790624980541,110.8897752546445,-1331.0543327432272,-2064.243866666694,refined
2021-06-23 14:25:22,40782336,train,-83.5025,14.768999948501587,-72.06893157958984,-270.0,False,0.0,175.6672871987484,315.9790624980541,140.96436082594258,-1384.8078419557694,-2062.017466666778,refined
2021-06-23 15:28:23,40782336,train,-90.128125,9.345000000596048,-72.71147918701172,-270.0,False,0.0,210.82468865818706,315.9790624980541,115.44092590152722,-1391.9222769985706,-2055.33826666624,refined
2021-06-22 17:51:55,40782336,train,-91.63625,9.281000039577483,-71.12529754638672,-270.0,False,0.0,202.37892999703945,315.9790624980541,125.41534228741321,-1358.0440148898163,-2057.193599999635,refined
2021-06-23 16:42:04,40782336,train,-83.654375,13.26899998664856,-71.5927505493164,-270.0,False,0.0,188.27589006082627,315.9790624980541,134.16963084355825,-1375.8865662671585,-2061.8319333331224,refined
2021-06-23 14:25:31,40782336,train,-77.636875,19.68100009918213,-74.14146423339844,-270.0,False,0.0,157.88361901395305,315.9790624980541,159.72527557288632,-1398.359146799223,-2060.904266666425,refined
2021-06-22 10:38:50,40782336,train,-88.68154761904762,4.130158719562349,-71.52008056640625,-270.0,False,0.0,225.91909951371406,387.1518050311243,161.45873810646182,-1297.6277807958654,-2068.6966666665253,refined
2021-06-22 16:53:51,40782336,train,-89.756875,9.837999987602236,-71.00341033935547,-270.0,False,0.0,222.59673851285638,387.1518050311243,165.79286561674368,-1291.6426211567257,-2060.347666666248,refined
2021-06-22 16:53:55,40782336,train,-88.693125,12.859000053405762,-70.97431182861328,-270.0,False,0.0,223.37340187125156,387.1518050311243,164.52496322928522,-1291.8684762373616,-2061.8319333331224,refined
2021-06-22 16:56:39,26947073,train,-89.275625,8.631000018119812,-61.15956115722656,-62.81475830078125,True,-1.6551971435546875,296.6786617655643,847.6958615012192,555.9672014823308,-2116.5783035039444,-1531.5776666676784,refined
2021-06-22 16:56:42,26947073,train,-92.4525,6.775000001192093,-61.839744567871094,-63.86083984375,True,-2.0210952758789062,334.97946125141306,847.6958615012192,516.3625928211211,-2143.7938407312895,-1506.345133333982,refined
2021-06-22 10:41:00,26947073,train,-87.71443965517241,4.949999986023738,-61.150115966796875,-62.79425811767578,True,-1.6441421508789062,295.9723379334478,452.3402071745902,159.9310615994745,-1819.1271621893934,-1808.9499999999366,refined
2021-06-22 15:16:04,26947073,train,-93.0425,0.4720000068843364,-61.97838592529297,-64.1233139038086,True,-2.144927978515625,345.33008548691765,452.3402071745902,119.72722411440233,-1814.2712779537947,-1810.6197999996757,refined
2021-06-22 15:16:02,26947073,train,-93.1625,0.0939999991655349,-61.93238067626953,-64.02046966552734,True,-2.0880889892578125,341.2378106388057,452.3402071745902,122.73407114549705,-1810.657596662295,-1814.1449333336006,refined
2021-06-22 15:16:05,26947073,train,-92.625,-2.147000004276633,-62.009063720703125,-64.17063903808594,True,-2.1615753173828125,347.229535542252,452.3402071745902,118.4436239499047,-1816.3039736802402,-1808.578933333416,refined
2021-06-22 10:41:03,26947073,train,-91.88169642857144,-0.8714285663196019,-61.93980407714844,-64.06014251708984,True,-2.1203384399414062,342.81074710729814,549.3636719599367,221.82258505948866,-1844.310003690293,-1785.3872666667703,refined
2021-06-23 14:28:07,26947073,train,-91.565625,-3.050000013560057,-61.974334716796875,-64.08451080322266,True,-2.1101760864257812,343.78026798084585,549.3636719599367,220.48834970960627,-1880.4468166062493,-1751.249133333411,refined
2021-06-22 11:59:29,26947073,train,-93.324375,-1.7580000064522028,-61.927978515625,-63.97319030761719,True,-2.0452117919921875,339.37206285088075,549.3636719599367,223.20694241030725,-1889.9327299966906,-1740.4881999995623,refined
2021-06-22 11:59:28,26947073,train,-91.640625,0.3749999972432852,-61.762001037597656,-63.68928527832031,True,-1.9272842407226562,328.38060610460343,549.3636719599367,231.88794601253156,-1884.8509906803356,-1745.1265333330498,refined
2021-06-22 15:13:54,26947073,train,-89.259375,6.82699999332428,-60.397796630859375,-61.37818145751953,True,-0.9803848266601562,250.99804076933293,336.58004421965296,108.42930075841667,-1715.2338250561695,-1926.7636666665594,refined
2021-06-23 15:31:04,26947073,train,-89.658125,6.306000015735626,-60.271690368652344,-61.87773132324219,True,-1.6060409545898438,266.04288303134456,336.58004421965296,102.17940133231367,-1728.4463472784284,-1905.9839333334855,refined
2021-06-22 15:13:19,26947073,train,-91.565,4.6159999823570255,-59.30175018310547,-60.69939422607422,True,-1.39764404296875,231.8763597787596,336.58004421965296,118.37208736638507,-1702.1342303738675,-1942.5339999996254,refined
2021-06-22 15:14:20,26947073,train,-90.74,8.985000014305115,-60.22904968261719,-61.81355285644531,True,-1.584503173828125,264.0618108622681,336.58004421965296,104.24806605442677,-1725.0585210676854,-1914.5184666666275,refined
2021-06-23 16:43:23,26947073,train,-92.068125,3.4819999799132346,-59.39924621582031,-59.87110137939453,True,-0.47185516357421875,210.4512400114157,336.58004421965296,132.988833183943,-1707.8935349323713,-1939.0088666664915,refined
2021-06-22 15:14:04,26947073,train,-90.488125,7.3850000381469725,-60.454437255859375,-61.43766784667969,True,-0.9832305908203125,252.74479384090284,336.58004421965296,107.67010522774179,-1721.6706948568221,-1918.6001999999382,refined
2021-06-22 15:14:45,26947073,train,-93.089375,6.857999954223633,-60.91413879394531,-61.97596740722656,True,-1.06182861328125,269.1032616389498,336.58004421965296,103.24222568913812,-1734.0927242966143,-1903.9430666664348,refined
2021-06-22 15:14:27,26947073,train,-93.41375,6.002000014781952,-60.24322509765625,-61.836402893066406,True,-1.5931777954101562,264.76561439646366,336.58004421965296,104.12741929285959,-1726.7524341730568,-1912.4775999995768,refined
2021-06-22 15:13:39,26947073,train,-92.27638888888887,4.8699999888738,-60.23240661621094,-61.21559143066406,True,-0.983184814453125,246.282597377354,336.58004421965296,110.77576382402327,-1712.5235640874548,-1930.2887999996935,refined
2021-06-22 15:13:51,26947073,train,-90.86,4.949000000953674,-60.3966064453125,-61.369895935058594,True,-0.9732894897460938,250.75555141176844,336.58004421965296,108.48614664880907,-1715.2338250561695,-1926.7636666665594,refined
2021-06-22 15:14:37,26947073,train,-95.233125,5.549999992847443,-60.865928649902344,-61.91718292236328,True,-1.0512542724609375,267.2677851631308,336.58004421965296,103.57499623960693,-1727.5429269554031,-1911.5499333328794,refined
2021-06-22 15:13:02,26947073,train,-91.4375,7.355999994277954,-59.626800537109375,-60.152671813964844,True,-0.5258712768554688,217.51046873639262,336.58004421965296,127.31307591720594,-1700.2144621878601,-1945.131466667644,refined
2021-06-22 15:14:03,26947073,train,-91.6075,5.561000022888184,-60.43519592285156,-61.415130615234375,True,-0.9799346923828125,252.08141880292717,336.58004421965296,107.93804405094845,-1721.444839775825,-1918.971266666459,refined
2021-06-22 15:14:41,26947073,train,-93.9275,5.37099999666214,-60.871734619140625,-61.923980712890625,True,-1.05224609375,267.4793695294321,336.58004421965296,103.49683503624001,-1730.8178256261892,-1907.8392666676714,refined
2021-06-22 15:13:17,26947073,train,-91.494375,4.878000013828277,-59.30175018310547,-60.69939422607422,True,-1.39764404296875,231.8763597787596,336.58004421965296,118.37208736638507,-1702.1342303738675,-1942.5339999996254,refined
2021-06-22 15:13:33,26947073,train,-91.41,7.0799999737739565,-60.135719299316406,-61.09364318847656,True,-0.9579238891601562,242.8026875863913,336.58004421965296,112.50444112206904,-1712.1847814663804,-1930.6598666670052,refined
2021-06-23 15:31:15,26947073,train,-85.431875,7.318000023365021,-60.665931701660156,-62.96726989746094,True,-2.3013381958007812,301.98167120124623,436.43431030277316,174.9824939208891,-1755.3231018846996,-1874.4432666665627,refined
2021-06-23 15:31:10,26947073,train,-86.28375,10.058000030517578,-61.268524169921875,-62.406272888183594,True,-1.1377487182617188,282.9200841918145,436.43431030277316,183.28977421811766,-1743.9174203081302,-1887.2450666666714,refined
2021-06-22 15:15:37,26947073,train,-87.7325,6.999000029563904,-61.718536376953125,-63.62483215332031,True,-1.9062957763671875,325.93422600519386,436.43431030277316,169.06439870311397,-1781.2964361680658,-1846.7988000000857,refined
2021-06-22 15:15:45,26947073,train,-92.986875,3.9660000133514406,-61.79083251953125,-63.698272705078125,True,-1.907440185546875,328.72307793705767,436.43431030277316,168.48716880662602,-1781.409363708263,-1846.7988000000857,refined
2021-06-23 16:43:27,26947073,train,-90.36875,7.573999989032745,-60.422508239746094,-61.40028381347656,True,-0.9777755737304688,251.64557620330024,436.43431030277316,203.04648561044627,-1745.7242609539398,-1893.7387333335537,refined
2021-06-22 17:53:57,26947073,train,-89.434375,10.599000034332276,-61.23747253417969,-62.35127258300781,True,-1.113800048828125,281.11634053412683,436.43431030277316,185.69211867341005,-1776.892262093859,-1853.292466666968,refined
2021-06-22 15:14:48,26947073,train,-93.665625,6.528000004291535,-60.955657958984375,-62.026580810546875,True,-1.0709228515625,270.6933377145415,436.43431030277316,190.97168122025445,-1738.0451882091877,-1899.1192000000824,refined
2021-06-23 15:31:26,26947073,train,-88.86625,7.121999998092651,-61.92449951171875,-63.905113220214844,True,-1.9806137084960938,336.7041923219969,436.43431030277316,165.07521102454956,-1777.7956824167638,-1848.097533333304,refined
2021-06-22 15:14:58,26947073,train,-90.795,8.476000006198882,-61.2916259765625,-62.43309783935547,True,-1.1414718627929688,283.8043331499079,436.43431030277316,183.97212658752625,-1748.2086668418983,-1886.8740000001505,refined
2021-06-22 15:15:26,26947073,train,-87.726875,7.38100001335144,-61.5809326171875,-63.4267578125,True,-1.8458251953125,318.5293675588178,436.43431030277316,170.4529446001472,-1777.3439722553717,-1852.1792666666147,refined
2021-06-22 15:14:54,26947073,train,-92.72375,6.843000009059906,-61.123779296875,-62.219757080078125,True,-1.095977783203125,276.84804913909227,436.43431030277316,187.48842888037453,-1744.820840631035,-1891.1412666663261,refined
2021-06-23 15:31:16,26947073,train,-85.820625,6.948000020980835,-60.736045837402344,-63.06965637207031,True,-2.3336105346679688,305.5942259428788,436.43431030277316,173.57259020522048,-1757.4687251515836,-1872.0313333329912,refined
2021-06-23 16:43:31,26947073,train,-87.66,8.349999988079071,-61.10972595214844,-62.73820495605469,True,-1.62847900390625,294.0510946506096,436.43431030277316,180.9995382924232,-1779.037885360743,-1853.8490666663538,refined
2021-06-22 15:13:01,26947073,train,-90.126875,8.364000024795532,-59.625885009765625,-60.15167236328125,True,-0.525787353515625,217.48494440818587,345.18019982265736,178.5667305238829,-1698.7464041630042,-1946.9868000002477,refined
2021-06-22 15:12:10,26947073,train,-89.50875,4.108000001907349,-58.28125762939453,-58.642547607421875,True,-0.36128997802734375,182.14542065011472,345.18019982265736,185.875666464133,-1668.3688958056723,-1983.9079333329084,refined
2021-06-22 15:12:49,26947073,train,-91.516875,4.806000016927719,-59.422454833984375,-59.90043640136719,True,-0.4779815673828125,211.17632481940404,345.18019982265736,178.95973168320805,-1692.761244523985,-1954.7791999995572,refined
2021-06-23 15:30:44,26947073,train,-90.361875,3.531999981701374,-59.72846221923828,-60.33812713623047,True,-0.6096649169921875,222.28403202939003,345.18019982265736,176.28721212784214,-1697.165418598071,-1944.3893333330202,refined
2021-06-22 15:12:56,26947073,train,-89.384375,7.199000034332276,-59.61244201660156,-60.135467529296875,True,-0.5230255126953125,217.0725088418816,345.18019982265736,178.66263607088385,-1692.874172064423,-1954.5936666666923,refined
2021-06-22 15:12:21,26947073,train,-92.45875,2.226000006198883,-58.356056213378906,-58.72734832763672,True,-0.3712921142578125,183.9758660920628,345.18019982265736,185.2376252682057,-1678.7582295190186,-1971.1061333335908,refined
2021-06-22 15:12:17,26947073,train,-90.983125,2.3259999990463256,-58.28186798095703,-58.643218994140625,True,-0.36135101318359375,182.1596552738129,345.18019982265736,185.93779363169514,-1673.224780041271,-1977.785333333338,refined
2021-06-22 15:12:50,26947073,train,-90.264375,4.324999980404973,-59.48945617675781,-59.97955322265625,True,-0.4900970458984375,213.14367602927175,345.18019982265736,178.85818227342057,-1692.761244523985,-1954.7791999995572,refined
2021-06-22 15:12:08,26947073,train,-90.370625,4.046000003814697,-58.273712158203125,-58.63397216796875,True,-0.360260009765625,181.9613614873689,345.18019982265736,186.0306527921229,-1668.3688958056723,-1983.9079333329084,refined
2021-06-23 15:30:35,26947073,train,-88.310625,2.9530000108480454,-58.47618865966797,-59.62012481689453,True,-1.1439361572265625,204.3458157840297,345.18019982265736,178.37437918507572,-1684.5175340775224,-1959.4175333330445,refined
2021-06-22 15:12:26,26947073,train,-93.274375,1.3920000033825637,-58.57752990722656,-58.97956085205078,True,-0.40203094482421875,189.52445686652405,345.18019982265736,183.52776467963807,-1681.355562947295,-1967.580999999666,refined
2021-06-22 16:58:23,26947074,train,-93.7675,10.344000039100647,-65.64996337890625,-65.64996337890625,True,0.0,412.1023664244952,756.7102358613115,345.2327152625842,-2630.2856846125223,-1310.0508666669684,refined
2021-06-22 16:58:19,26947074,train,-88.98,11.955000004768372,-65.23487091064453,-65.23487091064453,True,0.0,392.7768835705655,756.7102358613115,364.2413348809484,-2604.08649524828,-1327.3054666676994,refined
2021-06-22 12:00:37,26947074,train,-90.38875,5.388000000715255,-64.21073150634766,-64.21073150634766,True,0.0,348.8467582482088,756.7102358613115,408.0149920119873,-2615.943886986362,-1321.553933333068,refined
2021-06-22 16:58:35,26947074,train,-93.224375,11.208000030517578,-67.22034454345703,-67.22034454345703,True,0.0,494.12739006238434,874.6839811929513,426.88997621327275,-2686.297744632147,-1162.366333333953,refined
2021-06-22 12:00:48,26947074,train,-96.454375,-0.3669999966025352,-67.3865966796875,-67.3865966796875,True,0.0,503.7073805379988,874.6839811929513,416.9735242950606,-2697.7034262088364,-1137.1338000002565,refined
2021-06-22 16:58:16,26947074,train,-89.666875,9.82199999332428,-65.06725311279297,-65.06725311279297,True,0.0,385.2298625405754,672.2121193874369,291.60190175418546,-2583.307827821587,-1340.8494000000587,refined
2021-06-22 16:58:15,26947074,train,-90.740625,12.29199999809265,-65.03009033203125,-65.03009033203125,True,0.0,383.5759999483836,672.2121193874369,293.1471880483013,-2576.193392778666,-1345.6732666664109,refined
2021-06-22 16:58:11,26947074,train,-91.225625,10.719999995231628,-64.95530700683594,-64.95530700683594,True,0.0,380.27002740932596,672.2121193874369,296.7305980655279,-2547.1710149056307,-1364.597666667672,refined
2021-06-22 17:54:48,26947074,train,-102.95747422680412,-1.765979395699255,-68.58694458007812,-68.58694458007812,True,0.0,578.5801385547048,672.2121193874369,162.23395833684054,-2515.6642311445166,-1381.1101333329884,refined
2021-06-22 16:58:05,26947074,train,-86.874375,16.284000034332276,-64.52556610107422,-64.52556610107422,True,0.0,361.8077829878273,672.2121193874369,314.62341114830076,-2506.2912452946343,-1388.5314666665681,refined
2021-06-23 15:34:08,26947074,train,-97.948125,3.055000005066395,-67.9420166015625,-67.9420166015625,True,0.0,537.0728213771016,533.7574757287086,79.7560132532692,-2435.033967325824,-1413.9495333331295,refined
2021-06-23 15:34:10,26947074,train,-98.365625,5.111000005304813,-68.13789367675781,-68.13789367675781,True,0.0,549.3554961821591,533.7574757287086,86.00880014260093,-2450.0533301941337,-1410.4243999999953,refined
2021-06-23 15:33:42,26947074,train,-95.28875,8.14699997663498,-66.30033874511719,-66.30033874511719,True,0.0,444.29097710428834,451.8360269946952,88.99612740149712,-2334.641383943541,-1422.1129999997506,refined
2021-06-23 14:29:00,26947074,train,-86.8775,12.19800004005432,-62.8773193359375,-62.8773193359375,True,0.0,298.84246139234665,451.8360269946952,169.57566034794746,-2362.082776251763,-1419.70106666697,refined
2021-06-22 15:20:50,26947074,train,-92.939375,10.017000012397766,-65.08118438720703,-65.08118438720703,True,0.0,385.85196168031104,451.8360269946952,94.08977269679298,-2329.220862006232,-1419.3299999996584,refined
2021-06-22 16:57:22,26947074,train,-87.179375,11.501000056266784,-68.17748260498047,-270.0,False,0.0,104.57656020497869,451.8360269946952,391.17006223907094,-2324.477905311071,-1421.9274666676768,refined
2021-06-23 14:28:58,26947074,train,-87.16,12.069999990463256,-61.93218994140625,-61.93218994140625,True,0.0,267.7351265125685,451.8360269946952,200.56037746796213,-2333.9638187015125,-1420.9998000001883,refined
2021-06-22 17:54:40,26947074,train,-93.53125,8.219000022411347,-65.91996765136719,-65.91996765136719,True,0.0,425.175110301771,451.8360269946952,80.52753558464408,-2377.8926319024185,-1413.0218666664318,refined
2021-06-22 16:57:21,26947074,train,-90.09625,7.212999997138977,-61.172630310058594,-270.0,False,0.0,97.37668603597601,451.8360269946952,403.9477690281822,-2317.7022528893444,-1422.4840666662715,refined
2021-06-22 12:00:13,26947074,train,-91.490625,5.17399999499321,-61.025535583496094,-270.0,False,0.0,92.99942439283647,378.70113240445806,349.1787807512248,-2278.4034688431607,-1428.421133332977,refined
2021-06-23 16:44:41,26947074,train,-91.695,7.821999990940094,-65.12789916992188,-65.12789916992188,True,0.0,387.9436241106166,378.70113240445806,128.51249405117846,-2295.342599897598,-1427.8645333335912,refined
2021-06-22 17:54:32,26947074,train,-85.8175,11.494999985694886,-62.038543701171875,-62.038543701171875,True,0.0,271.07076465261747,378.70113240445806,162.23661686416412,-2234.4746556422547,-1438.996533333961,refined
2021-06-22 17:54:30,26947074,train,-86.060625,12.394999990463257,-60.72100830078125,-60.72100830078125,True,0.0,232.46266867672816,378.70113240445806,193.90569356843886,-2203.306654502215,-1455.880066666589,refined
2021-06-22 16:57:10,26947074,train,-87.9525,8.721000065803528,-62.50181579589844,-270.0,False,0.0,98.0691119233618,378.70113240445806,446.3012270325048,-2249.945728671836,-1437.8833333336074,refined
2021-06-23 14:28:49,26947074,train,-89.301875,12.31899998664856,-56.95838165283203,-57.204551696777344,True,-0.2461700439453125,153.61060371413046,378.70113240445806,272.26305362645206,-2219.1165101529914,-1449.0153333339772,refined
2021-06-22 15:20:13,26947074,train,-82.015625,18.32300001144409,-63.11994934082031,-63.11994934082031,True,0.0,307.38396758721365,378.70113240445806,134.07606681407273,-2277.048338358743,-1428.421133332977,refined
2021-06-23 15:33:08,26947074,train,-88.900625,13.989000034332276,-58.93678283691406,-58.98535919189453,True,-0.04857635498046875,189.65366797863905,237.5762133071241,122.7280238087203,-2148.6497249668887,-1500.5936000001411,refined
2021-06-23 15:33:06,26947074,train,-88.458125,14.834000005722046,-58.1402587890625,-58.343658447265625,True,-0.203399658203125,175.8305377825127,237.5762133071241,131.19141163495618,-2142.5516377873105,-1507.2727999998883,refined
2021-06-23 14:28:39,26947074,train,-94.401875,8.857999973297119,-74.88739013671875,-270.0,False,0.0,81.62201579347568,237.5762133071241,240.4652159969843,-2119.9661297148077,-1528.609133333139,refined
2021-06-22 15:18:22,26947074,train,-88.66443452380952,12.929761897949945,-51.61476135253906,-54.21149444580078,True,-2.5967330932617188,106.96032901847462,237.5762133071241,192.9367431257383,-2127.3064198383654,-1520.8167333330384,refined
2021-06-22 15:18:25,26947074,train,-86.84625,14.27800000190735,-55.020912170410156,-55.024627685546875,True,-0.00371551513671875,118.16698745274267,237.5762133071241,180.30985007250527,-2130.01668080708,-1518.9613999996436,refined
2021-06-22 15:18:18,26947074,train,-90.498125,10.785000014305115,-62.041587829589844,-270.0,False,0.0,97.38933559331953,237.5762133071241,205.4181346686448,-2122.111752981812,-1525.455066666526,refined
2021-06-22 15:18:52,26947074,train,-89.61875,12.220000047683715,-57.35511016845703,-57.66803741455078,True,-0.31292724609375,162.3118611993864,237.5762133071241,140.61963904439966,-2144.3584784331206,-1505.6030000001492,refined
2021-06-22 15:18:35,26947074,train,-87.689375,13.737000036239625,-56.57659912109375,-56.578125,True,-0.00152587890625,142.5399369065379,237.5762133071241,156.73374081292798,-2133.4045070179436,-1515.9928666666863,refined
2021-06-22 15:19:01,26947074,train,-87.499375,14.91100004196167,-57.38529968261719,-57.69964599609375,True,-0.3143463134765625,162.9219037146824,320.4267468213083,240.79820927697227,-2153.279754121731,-1495.769733332998,refined
2021-06-22 15:19:08,26947074,train,-88.346875,15.614000034332276,-58.26289367675781,-58.47271728515625,True,-0.2098236083984375,178.53114614003636,320.4267468213083,229.51934034036387,-2164.346653077226,-1486.6785999996794,refined
2021-06-22 15:17:34,26947074,train,-88.07625,9.699000029563903,-63.45594787597656,-270.0,False,0.0,110.6429568109185,97.31580845004271,199.57586255832652,-2035.4963295236187,-1608.9450666677155,refined
2021-06-23 15:32:42,26947074,train,-93.6675,10.854999990463256,-74.87974548339844,-270.0,False,0.0,80.64608123738529,97.31580845004271,124.74975885144606,-2016.0727925814635,-1625.0864666665111,refined
2021-06-22 17:54:19,26947074,train,-93.285,10.503000001907347,-86.67125701904297,-270.0,False,0.0,87.07483446179297,188.94763698818807,221.8388477139355,-2047.692503882895,-1596.3287999996808,refined
2021-06-22 15:17:46,26947074,train,-89.041875,7.675000033378601,-51.52790069580078,-52.905433654785156,True,-1.377532958984375,90.87456121390197,188.94763698818807,271.47689316134296,-2067.793606067439,-1577.7754666665226,refined
2021-06-22 15:17:43,26947074,train,-88.18125,8.640999963283539,-62.50276184082031,-270.0,False,0.0,96.40317565485941,188.94763698818807,279.44593310389615,-2062.711866751084,-1582.5993333336658,refined
2021-06-22 17:54:20,26947074,train,-91.888125,11.626999988555909,-60.84718322753906,-270.0,False,0.0,91.8178404810178,188.94763698818807,213.6591037209615,-2060.905026105154,-1583.712533334019,refined
2021-06-23 16:44:19,26947074,train,-89.6475,11.787000007629397,-52.08940124511719,-54.59076690673828,True,-2.5013656616210938,112.0655967271019,188.94763698818807,196.50907508546982,-2061.243808726228,-1586.6810666669764,refined
2021-06-22 15:17:01,26947074,train,-88.42875,9.271999998092651,-68.19711303710938,-270.0,False,0.0,177.13765897111423,49.98275721905176,146.77941610386048,-1903.14525221907,-1728.985133333463,refined
2021-06-23 15:32:24,26947074,train,-90.745625,8.402999987602234,-52.29205322265625,-52.36344909667969,True,-0.0713958740234375,84.81754310901398,93.42975419187061,177.86534205924823,-1971.014703976776,-1667.3880666664918,refined
2021-06-22 11:59:40,26947074,train,-86.345625,9.060000019073486,-68.03787231445312,-270.0,False,0.0,175.76767499966277,93.42975419187061,245.0406076167299,-1960.9641528846241,-1674.9949333329364,refined
2021-06-22 11:59:39,26947074,train,-84.6675,9.33300000190735,-74.96908569335938,-270.0,False,0.0,182.1598309898707,93.42975419187061,250.29038414378314,-1953.0592250592363,-1682.7873333330367,refined
2021-06-22 15:17:11,26947074,train,-87.744375,9.159999990463255,-67.12803649902344,-270.0,False,0.0,155.06828752591937,93.42975419187061,228.53096755470116,-1944.0250218300664,-1693.5482666676764,refined
2021-06-23 15:31:44,26947074,train,-86.8475,9.446999998092652,-59.40386962890625,-60.53004455566406,True,-1.1261749267578125,227.33077924788006,188.48391301156695,94.00057221522235,-1812.1256546869104,-1809.3210666664575,refined
2021-06-22 15:16:16,26947074,train,-89.56117021276596,4.740425529632162,-59.06671142578125,-61.33062744140625,True,-2.263916015625,249.60974830019623,147.50263866550534,203.9677890230418,-1836.179220784269,-1790.3966666667784,refined
2021-06-22 10:42:18,34210561,train,-110.2772435897436,-9.525641025641026,-50.94756317138672,-50.947959899902344,True,-0.000396728515625,70.47788755422745,172.18517072634404,123.38860043391263,-2642.820641592633,-1303.0005999999096,refined
2021-06-22 17:54:56,34210561,train,-118.03706395348836,-3.8023255808755407,-54.19609069824219,-54.197044372558594,True,-0.00095367431640625,106.77004872926425,172.18517072634404,105.29174377795142,-2642.9335691328306,-1311.9061999995724,refined
2021-06-23 14:29:19,34210561,train,-95.509375,8.92900000333786,-42.58177947998047,-42.582366943359375,True,-0.00058746337890625,5.456314636942366,172.18517072634404,169.81377322340046,-2625.6556554575595,-1326.7488666667318,refined
2021-06-22 15:22:19,34210561,train,-97.99125,8.509000046253204,-44.27045440673828,-44.270545959472656,True,-9.1552734375e-05,20.731658473801172,156.90804839863713,159.7509315870781,-2506.9688105367827,-1385.9340000001316,refined
2021-06-22 15:23:09,34210561,train,-97.01375,8.104000024795532,-42.95896911621094,-42.95960998535156,True,-0.000640869140625,10.304472243956184,156.90804839863713,153.82364626022198,-2535.4265507081072,-1365.7108666664433,refined
2021-06-22 15:22:48,34210561,train,-95.80375,8.90499997138977,-42.569313049316406,-42.569915771484375,True,-0.00060272216796875,5.230513623719646,156.90804839863713,157.02705445299463,-2532.82921727959,-1373.5032666665438,refined
2021-06-22 15:23:57,34210561,train,-92.834375,12.5499999666214,-48.78520202636719,-48.78544616699219,True,-0.000244140625,51.96503800486498,156.90804839863713,149.95446534698166,-2523.2303763489513,-1324.893533333337,refined
2021-06-22 15:23:28,34210561,train,-94.7325,9.775999999046324,-45.376686096191406,-45.376922607421875,True,-0.00023651123046875,28.110195260198413,156.90804839863713,152.38825656773327,-2534.9748405464743,-1342.148133333277,refined
2021-06-22 15:23:21,34210561,train,-96.15,8.842000007629395,-43.32252502441406,-43.322608947753906,True,-8.392333984375e-05,13.647218942906386,156.90804839863713,153.6788230619871,-2538.0238841362634,-1346.9719999996291,refined
2021-06-23 16:45:14,34210561,train,-116.48271276595744,-3.658510636221221,-51.71196746826172,-51.712425231933594,True,-0.000457763671875,77.97122425025836,156.90804839863713,151.3316907605963,-2580.0329291511616,-1345.8588000000668,refined
2021-06-22 15:23:08,34210561,train,-97.35625,9.467999958992005,-42.950538635253906,-42.95118713378906,True,-0.00064849853515625,10.217708643527033,156.90804839863713,154.0046148186342,-2534.6360579254,-1367.3806666669734,refined
2021-06-22 15:22:35,34210561,train,-95.04375,12.885000009536745,-43.74821472167969,-43.74822998046875,True,-1.52587890625e-05,17.001697466907668,156.90804839863713,158.9712675442614,-2518.4874196536703,-1381.4812000003003,refined
2021-06-22 15:23:00,34210561,train,-97.319375,8.882999987602235,-42.952178955078125,-42.95282745361328,True,-0.00064849853515625,10.234793598450517,156.90804839863713,154.2104855147397,-2532.3775071183186,-1374.4309333340323,refined
2021-06-22 15:22:22,34210561,train,-97.490625,8.329000029563904,-44.007293701171875,-44.00730895996094,True,-1.52587890625e-05,18.887956485434795,156.90804839863713,159.44334774864947,-2506.9688105367827,-1385.9340000001316,refined
2021-06-22 15:23:43,34210561,train,-94.90375,10.143000020980836,-46.17827606201172,-46.17919158935547,True,-0.00091552734375,33.39608011990452,156.90804839863713,151.56744409581518,-2527.634550422917,-1331.3872000002193,refined
2021-06-23 16:45:07,34210561,train,-91.85,13.678999977111816,-48.830230712890625,-48.830482482910156,True,-0.00025177001953125,52.3160781900815,156.90804839863713,152.99147335379428,-2554.850087650262,-1364.0410666667044,refined
2021-06-23 15:34:35,34210561,train,-92.886875,11.855999999046324,-46.61946105957031,-46.62047576904297,True,-0.00101470947265625,36.35174821219542,156.90804839863713,151.76225737898818,-2550.6717686569323,-1363.4844666665276,refined
2021-06-23 15:34:32,34210561,train,-95.043125,11.837000029087068,-44.50836181640625,-44.50846862792969,True,-0.0001068115234375,22.35512806983239,156.90804839863713,152.8322224882343,-2533.619710062177,-1374.6164666676882,refined
2021-06-22 15:23:20,34210561,train,-96.335,9.18500002861023,-42.98844909667969,-42.989105224609375,True,-0.0006561279296875,10.603874455765418,156.90804839863713,153.8987322560442,-2538.2497392168993,-1347.528599999806,refined
2021-06-22 15:22:15,34210561,train,-95.901875,10.411999979019164,-44.955902099609375,-44.95611572265625,True,-0.000213623046875,25.341453226825244,156.90804839863713,160.6100193856975,-2506.9688105367827,-1385.9340000001316,refined
2021-06-22 15:23:50,34210561,train,-95.461875,7.750000023841858,-46.20159149169922,-46.20250701904297,True,-0.00091552734375,33.5510804938532,156.90804839863713,151.22199348813658,-2524.1337966717356,-1326.1922666665553,refined
2021-06-22 17:54:53,34210561,train,-94.170625,13.395999989509583,-48.608192443847656,-48.60841369628906,True,-0.00022125244140625,50.59717505337318,156.90804839863713,148.39353342262945,-2590.535190404826,-1345.6732666664109,refined
2021-06-22 15:22:07,34210561,train,-102.36984536082474,0.4783505047719503,-48.32868957519531,-48.32892608642578,True,-0.00023651123046875,48.47544404119154,156.90804839863713,167.1298487990879,-2506.8558829963445,-1386.1195333329965,refined
2021-06-22 15:23:48,34210561,train,-95.358125,11.011000003814695,-46.20159149169922,-46.20250701904297,True,-0.00091552734375,33.5510804938532,156.90804839863713,151.22199348813658,-2525.150144534958,-1327.6765333334292,refined
2021-06-22 15:22:26,34210561,train,-99.030625,10.718999962806702,-43.82823944091797,-43.82826232910156,True,-2.288818359375e-05,17.593694787855686,156.90804839863713,159.1281120329025,-2506.9688105367827,-1385.9340000001316,refined
2021-06-22 15:22:27,34210561,train,-95.979375,11.932999992370606,-43.79270935058594,-43.79273223876953,True,-2.288818359375e-05,17.331945650747347,156.90804839863713,158.95394582062062,-2506.9688105367827,-1385.9340000001316,refined
2021-06-22 15:22:28,34210561,train,-95.280625,10.980999999046324,-43.76300811767578,-43.763031005859375,True,-2.288818359375e-05,17.111743119514614,156.90804839863713,158.9654136234596,-2506.9688105367827,-1385.9340000001316,refined
2021-06-23 16:45:12,34210561,train,-110.796875,1.9279999963194128,-51.027587890625,-51.027992248535156,True,-0.00040435791015625,71.23651388626203,156.90804839863713,152.9222196968389,-2572.9184941082403,-1351.2392666665958,refined
2021-06-23 16:45:13,34210561,train,-113.933125,-1.2699999963492157,-51.38624572753906,-51.386680603027344,True,-0.00043487548828125,74.70935559345308,156.90804839863713,152.3691984764268,-2576.419247859663,-1348.6418000001593,refined
2021-06-22 10:42:13,34210561,train,-96.39949324324324,-0.094594594292544,-44.52899169921875,-44.52909851074219,True,-0.0001068115234375,22.49412278798631,156.90804839863713,159.70817339133825,-2571.9021462450173,-1347.7141333334616,refined
2021-06-22 15:22:58,34210561,train,-97.14875,8.335999994277953,-42.964263916015625,-42.96492004394531,True,-0.0006561279296875,10.358907001135563,156.90804839863713,154.44140648199743,-2532.82921727959,-1374.2453999995855,refined
2021-06-22 15:23:25,34210561,train,-96.838125,6.787999992370605,-44.56543731689453,-44.56554412841797,True,-0.0001068115234375,22.73991795045354,156.90804839863713,152.7560086178246,-2536.4428985712098,-1344.3745333339837,refined
2021-06-23 16:44:57,34210561,train,-94.634375,10.46700005054474,-42.760650634765625,-42.761016845703125,True,-0.0003662109375,8.070243354445761,156.90804839863713,158.77566847453795,-2508.7756511824723,-1391.8710666668371,refined
2021-06-22 15:23:02,34210561,train,-97.386875,7.993999989032745,-42.950538635253906,-42.95118713378906,True,-0.00064849853515625,10.217708643527033,156.90804839863713,154.0046148186342,-2531.6999418761698,-1373.6888000001998,refined
2021-06-23 16:45:08,34210561,train,-92.3925,14.410999989509582,-49.30000305175781,-49.30027770996094,True,-0.000274658203125,56.05749672369615,156.90804839863713,152.97001280484443,-2558.463768941882,-1361.6291333331328,refined
2021-06-22 15:22:11,34210561,train,-99.786875,5.126000003218651,-46.7666015625,-46.76677703857422,True,-0.00017547607421875,37.34354155836251,156.90804839863713,163.97977734397875,-2506.9688105367827,-1385.9340000001316,refined
2021-06-23 15:34:29,34210561,train,-94.809375,10.630000004768371,-43.603599548339844,-43.60368347167969,True,-8.392333984375e-05,15.906324275563577,156.90804839863713,153.49489565492064,-2517.5839993307654,-1384.4497333332574,refined
2021-06-23 16:45:09,34210561,train,-98.310625,11.64099999666214,-49.76087951660156,-49.76118469238281,True,-0.00030517578125,59.87702075769212,156.90804839863713,152.88268271866735,-2562.0774502335016,-1359.0316666666963,refined
2021-06-22 15:22:20,34210561,train,-97.3875,7.128999996930361,-44.15354919433594,-44.15357208251953,True,-2.288818359375e-05,19.919685057110478,156.90804839863713,159.59063569380055,-2506.9688105367827,-1385.9340000001316,refined
2021-06-22 15:22:21,34210561,train,-95.41875,8.877999982833863,-44.06925964355469,-44.06928253173828,True,-2.288818359375e-05,19.327607499521132,156.90804839863713,159.4255995905066,-2506.9688105367827,-1385.9340000001316,refined
2021-06-22 15:22:39,34210561,train,-97.996875,6.527999975681305,-43.74821472167969,-43.74822998046875,True,-1.52587890625e-05,17.001697466907668,156.90804839863713,158.9712675442614,-2524.2467242120533,-1378.8837333330728,refined
2021-06-23 15:34:26,34210561,train,-94.239375,12.182000002861024,-43.22319793701172,-43.22388458251953,True,-0.0006866455078125,12.798805553374283,156.90804839863713,154.0568585622414,-2508.2110134806417,-1389.4591333332655,refined
2021-06-22 15:23:03,34210561,train,-97.388125,8.271999983787536,-42.950538635253906,-42.95118713378906,True,-0.00064849853515625,10.217708643527033,156.90804839863713,154.0046148186342,-2531.4740867951728,-1373.3177333328879,refined
2021-06-22 15:23:27,34210561,train,-94.48125,9.572999997138975,-45.10658264160156,-45.10680389404297,True,-0.00022125244140625,26.33528381533391,156.90804839863713,152.36069079995255,-2535.4265507081072,-1342.8902666663184,refined
2021-06-22 15:22:51,34210561,train,-96.643125,8.392000015154482,-42.460243225097656,-42.46131134033203,True,-0.001068115234375,2.5735554059692003,156.90804839863713,155.92272362683042,-2533.619710062177,-1374.0598666667206,refined
2021-06-23 15:34:23,34210561,train,-95.153125,8.908000030517577,-42.666847229003906,-42.66783905029297,True,-0.0009918212890625,6.819659451792788,156.90804839863713,154.6115013207052,-2503.8068394065554,-1391.5000000003165,refined
2021-06-22 15:23:53,34210561,train,-93.981875,9.911999979019164,-46.547203063964844,-46.548187255859375,True,-0.00098419189453125,35.86404779697223,156.90804839863713,150.9463254348478,-2523.2303763489513,-1324.893533333337,refined
2021-06-22 15:22:52,34210561,train,-96.89125,8.280000014305115,-42.52392578125,-42.52494812011719,True,-0.0010223388671875,4.325737289466043,156.90804839863713,155.67835203849634,-2533.619710062177,-1374.0598666667206,refined
2021-06-22 15:22:45,34210561,train,-97.0525,8.67399998664856,-43.455902099609375,-43.45624542236328,True,-0.00034332275390625,14.746012894921035,156.90804839863713,158.35715598446996,-2531.135304174098,-1373.132200000023,refined
2021-06-22 15:23:35,34210561,train,-94.94125,9.947999987602234,-46.17619323730469,-46.17634582519531,True,-0.000152587890625,33.377208894599676,156.90804839863713,152.16807774800304,-2531.4740867951728,-1337.1387333332689,refined
2021-06-22 15:26:41,34210562,train,-96.54875,-3.9440000154078008,-59.74957275390625,-59.757232666015625,True,-0.007659912109375,207.65967238363731,397.56657891793924,218.05772346138073,-2912.3786804375695,-747.884866666499,refined
2021-06-22 12:02:11,34210562,train,-100.620625,-10.699000005722048,-67.38837432861328,-67.38837432861328,True,0.0,503.8106190700737,688.7472216613569,194.01268254817407,-2990.8633209893783,-406.87460000021844,refined
2021-06-23 15:36:04,34210562,train,-89.903125,13.278000030517578,-53.09998321533203,-53.10166931152344,True,-0.00168609619140625,93.15281323342374,179.03591113887322,141.65081713535145,-2826.102039600691,-941.581666666285,refined
2021-06-23 15:36:03,34210562,train,-88.466875,11.762999930381774,-52.34515380859375,-52.345184326171875,True,-3.0517578125e-05,84.61916683623906,179.03591113887322,147.7600763974009,-2822.149575687997,-947.8898000003022,refined
2021-06-22 17:55:24,34210562,train,-85.6525,14.200000085830688,-50.40892791748047,-50.40924072265625,True,-0.00031280517578125,65.52036596164653,179.03591113887322,159.16180732096163,-2817.971256694787,-946.591066666293,refined
2021-06-23 14:29:53,34210562,train,-88.394375,12.095999989509584,-52.82159423828125,-52.8218994140625,True,-0.00030517578125,89.91889329622028,179.03591113887322,145.51483768400718,-2834.684532668228,-926.5534666662606,refined
2021-06-23 16:47:01,34210562,train,-85.2775,16.4239999294281,-51.67247009277344,-51.672889709472656,True,-0.00041961669921875,77.56937737912361,179.03591113887322,151.81730921996132,-2819.326387178964,-953.0847333339661,refined
2021-06-22 15:26:21,34210562,train,-83.964375,16.60699998855591,-47.037742614746094,-47.03797149658203,True,-0.0002288818359375,39.2011848890423,179.03591113887322,176.7043965986453,-2810.7438941114274,-957.3520000001417,refined
2021-06-22 15:26:30,34210562,train,-87.123125,15.14400002002716,-52.93994903564453,-52.941856384277344,True,-0.0019073486328125,91.29397019951563,278.3733243360456,230.0946041589521,-2855.2373450142845,-872.192200000004,refined
2021-06-22 16:59:10,34210562,train,-93.713125,8.235000009536742,-55.57585906982422,-55.5770263671875,True,-0.00116729736328125,126.36297325775656,278.3733243360456,403.9462920145928,-2890.1319549862615,-805.0291333336389,refined
2021-06-23 16:47:12,34210562,train,-92.809375,6.902999991774559,-58.29966735839844,-58.29967498779297,True,-7.62939453125e-06,174.91898491319094,278.3733243360456,181.944153671944,-2869.353287559569,-858.462733333989,refined
2021-06-22 12:01:13,34210562,train,-101.671875,-3.791999990940094,-61.71946716308594,-61.74292755126953,True,-0.02346038818359375,261.89831142063457,278.3733243360456,539.744520631404,-2860.770794492032,-838.9817333333423,refined
2021-06-23 14:30:00,34210562,train,-91.913125,6.621999977231026,-58.47923278808594,-58.47923278808594,True,0.0,178.66864876982248,278.3733243360456,180.4740995433571,-2877.145287844518,-840.6515333330813,refined
2021-06-22 17:55:37,34210562,train,-91.65875,6.590000007748603,-57.210906982421875,-57.21160125732422,True,-0.00069427490234375,153.73956130520924,278.3733243360456,182.44835398168377,-2849.026330294268,-887.0348666663724,refined
2021-06-22 16:59:09,34210562,train,-94.681875,5.907000021934509,-56.347900390625,-56.348663330078125,True,-0.000762939453125,138.67319836406463,278.3733243360456,416.08137393351035,-2884.0338678066837,-817.6454000000916,refined
2021-06-22 12:01:08,34210562,train,-106.22875,-7.219000020027161,-63.024986267089844,-63.060646057128906,True,-0.0356597900390625,305.27449471919454,278.3733243360456,581.8007120215681,-2842.5894604936157,-895.1983333329938,refined
2021-06-22 12:01:33,34210562,train,-88.499375,7.869000013396143,-55.95863342285156,-55.962364196777344,True,-0.00373077392578125,132.38013058806305,577.7588237107465,491.4956065947554,-2849.9297506170524,-572.5558666662155,refined
2021-06-22 12:01:35,34210562,train,-98.186875,-5.59300000667572,-57.569732666015625,-57.57048034667969,True,-0.0007476806640625,160.44306426739246,577.7588237107465,467.42520793051114,-2862.125924976209,-549.9207999997466,refined
2021-06-22 12:01:31,34210562,train,-88.55625,7.583000022172928,-53.82164764404297,-53.82395935058594,True,-0.00231170654296875,101.95358189859267,577.7588237107465,517.1002647214109,-2842.4765329532975,-598.1594666664328,refined
2021-06-22 17:59:39,34210562,train,-97.514375,6.479999995231628,-67.98623657226562,-67.98623657226562,True,0.0,539.8214437802701,677.6747808500772,210.38999388250653,-2864.1586207028954,-489.06586666660786,refined
2021-06-22 17:59:43,34210562,train,-102.8475,-2.54900001116097,-68.08476257324219,-68.08476257324219,True,0.0,545.9967329967106,677.6747808500772,200.50537427353433,-2854.785634852772,-475.7074666663226,refined
2021-06-23 16:48:26,34210562,train,-98.50716145833331,-1.040625006814177,-67.90272521972656,-67.90272521972656,True,0.0,534.6416929465821,677.6747808500772,221.5810152184892,-2870.482562963109,-489.9935333333053,refined
2021-06-22 18:00:10,34210562,train,-102.388125,-3.249999990463257,-68.48487854003906,-68.48487854003906,True,0.0,571.8049539701021,677.6747808500772,159.84581229580357,-2828.4735179483314,-439.71399999956844,refined
2021-06-22 18:00:15,34210562,train,-103.48,-2.99599999666214,-68.48487854003906,-68.48487854003906,True,0.0,571.8049539701021,677.6747808500772,159.84581229580357,-2828.4735179483314,-439.71399999956844,refined
2021-06-22 18:00:12,34210562,train,-103.304375,-2.599999985694885,-68.48487854003906,-68.48487854003906,True,0.0,571.8049539701021,677.6747808500772,159.84581229580357,-2828.4735179483314,-439.71399999956844,refined
2021-06-22 17:55:01,34210562,train,-105.641875,9.34,-62.49531555175781,-62.526092529296875,True,-0.0307769775390625,286.88952201219877,143.56420186649686,154.87146958005522,-2717.1269631509913,-1246.0418666664257,refined
2021-06-22 17:55:00,34210562,train,-105.648125,9.915,-62.932899475097656,-62.932899475097656,True,0.0,300.778663402372,143.56420186649686,165.1531671791548,-2713.287426778856,-1264.9662666676866,refined
2021-06-22 15:25:52,34210562,train,-92.11,10.61199995994568,-54.76673126220703,-54.76930236816406,True,-0.00257110595703125,114.54180069580407,77.77229765243531,97.73196328975924,-2711.932296294318,-1109.4893333329887,refined
2021-06-22 15:25:54,34210562,train,-92.04,9.778999991416931,-54.48133850097656,-54.483734130859375,True,-0.0023956298828125,110.60376130886118,77.77229765243531,95.05631851496258,-2715.99768774745,-1102.4390666667207,refined
2021-06-23 16:46:14,34210562,train,-95.355625,6.70300002336502,-56.882232666015625,-56.883094787597656,True,-0.00086212158203125,147.83362432383547,77.77229765243531,127.24764867689717,-2702.8980930652688,-1130.6401333333745,refined
2021-06-22 10:42:30,34210562,train,-99.0575,-2.4500000059604643,-60.225830078125,-60.24296569824219,True,-0.0171356201171875,219.8221641226643,77.77229765243531,201.41040107876628,-2710.3513107292642,-1116.9106666665684,refined
2021-06-22 15:25:51,34210562,train,-93.80375,6.667000000476837,-55.00006866455078,-55.00279235839844,True,-0.00272369384765625,117.85309600995662,77.77229765243531,100.13009944466286,-2709.7866730274336,-1112.8289333332577,refined
2021-06-22 10:42:31,34210562,train,-96.6590909090909,0.5939393919525724,-59.02870178222656,-59.042510986328125,True,-0.0138092041015625,190.93401349930173,77.77229765243531,167.9269650824742,-2720.627716902293,-1100.9547999998467,refined
2021-06-23 15:35:08,34210562,train,-94.6375,6.410999982357025,-55.625701904296875,-55.62774658203125,True,-0.002044677734375,127.14048251346577,77.77229765243531,108.98640085593664,-2708.996180244967,-1112.272333333081,refined
2021-06-23 16:46:44,34210562,train,-88.039375,14.208999977111816,-47.813812255859375,-47.814659118652344,True,-0.00084686279296875,44.684988699856184,107.17453292043649,150.79587466536287,-2765.347022885786,-1038.8011333334896,refined
2021-06-23 14:29:39,34210562,train,-83.419375,15.63599983215332,-54.96978759765625,-54.97032928466797,True,-0.00054168701171875,117.38768279524903,107.17453292043649,200.91950774853643,-2741.5193118691836,-1058.653199999866,refined
2021-06-22 17:55:09,34210562,train,-93.52625,8.833999984264373,-56.15515899658203,-56.1558837890625,True,-0.00072479248046875,135.4991135939619,107.17453292043649,216.8291890038973,-2711.028875971413,-1098.1717999997543,refined
2021-06-23 16:46:45,34210562,train,-86.400625,15.205000028610227,-47.533912658691406,-47.534698486328125,True,-0.00078582763671875,42.67763980167842,107.17453292043649,149.54464751789914,-2767.8314287738644,-1036.0181333333971,refined
2021-06-23 14:29:36,34210562,train,-95.42625,6.085000011920929,-58.920867919921875,-58.93408966064453,True,-0.01322174072265625,188.51228922154505,107.17453292043649,270.30365279660555,-2722.886267709375,-1086.8542666665198,refined
2021-06-22 15:26:14,34210562,train,-89.58375,12.125,-48.32902526855469,-48.32987976074219,True,-0.0008544921875,48.48252788431699,107.17453292043649,147.7784880677002,-2772.2356028478307,-1016.1660666662297,refined
2021-06-22 17:55:14,34210562,train,-84.616875,15.073000020980835,-51.00996398925781,-51.010353088378906,True,-0.00038909912109375,71.06870132467263,107.17453292043649,164.24101490773975,-2747.8432541296384,-1047.8922666668084,refined
2021-06-23 16:46:50,34210562,train,-78.81125,20.893000049591063,-47.369598388671875,-47.37034606933594,True,-0.0007476806640625,41.51600336588324,107.17453292043649,146.05055947402036,-2779.46296543095,-1018.7635333334572,refined
2021-06-23 15:35:36,34210562,train,-88.974375,12.386000003814695,-48.439109802246094,-48.440086364746094,True,-0.0009765625,49.31374311965407,107.17453292043649,151.08467695616372,-2760.1523560289925,-1039.914333333052,refined
2021-06-23 16:46:35,34210562,train,-86.225,13.781999998092653,-49.339324951171875,-49.34053039550781,True,-0.0012054443359375,56.38492474029406,107.17453292043649,157.4164950826811,-2747.1656888874895,-1060.508533333261,refined
2021-06-23 15:35:25,34210562,train,-83.971875,11.940999975204468,-51.26275634765625,-51.26318359375,True,-0.00042724609375,73.49973820691564,107.17453292043649,164.0717526424418,-2733.2756014228416,-1072.753733333984,refined
2021-06-22 10:42:25,34210562,train,-104.96808510638296,-6.8170212989157815,-62.70446014404297,-62.73664855957031,True,-0.03218841552734375,293.9975083816369,213.26287372987878,188.74634459032814,-2672.407657167498,-1202.255999999571,refined
2021-06-23 16:46:00,34210562,train,-105.46875,6.295000019073487,-59.88670349121094,-59.90960693359375,True,-0.0229034423828125,211.40346292734986,175.8377193212564,169.07338948060539,-2669.1327584970736,-1196.5044666665212,refined
2021-06-22 15:25:43,34210562,train,-95.906875,7.69700001001358,-57.74214172363281,-57.74320983886719,True,-0.001068115234375,163.76607257058316,175.8377193212564,196.50941104605675,-2697.9292812894723,-1133.9797333336435,refined
2021-06-23 15:34:59,34210562,train,-99.194375,7.105,-61.7391357421875,-61.76323699951172,True,-0.02410125732421875,262.51871551581394,175.8377193212564,285.6347539979331,-2681.328932856109,-1168.4889333335236,refined
2021-06-23 15:34:42,34210562,train,-114.465,2.027999995276332,-64.6613998413086,-64.66666412353516,True,-0.0052642822265625,367.76951175441013,353.4311479495171,157.0226306145418,-2596.6332775844044,-1331.5727333330842,refined
2021-06-22 10:42:39,26347523,train,-107.17943548387096,-2.374193546031752,-270.0,-270.0,False,0.0,,,241.4136365998497,-2808.2594882233484,-980.5436666667873,wcl
2021-06-22 10:42:40,26347523,train,-109.28663793103448,-4.713793137977863,-270.0,-270.0,False,0.0,,,226.5724171503373,-2816.729053750688,-965.7009999996279,wcl
2021-06-22 10:42:41,26347523,train,-106.74131944444444,-3.2666666518068976,-270.0,-270.0,False,0.0,,,212.18817669544256,-2825.085691737588,-950.8583333332595,wcl
2021-06-22 10:42:42,26347523,train,-107.96875,-5.415384567700899,-270.0,-270.0,False,0.0,,,198.23502973387934,-2833.5552572646866,-936.201199999756,wcl
2021-06-22 10:42:43,26347523,train,-111.5408653846154,-6.023076956088726,-270.0,-270.0,False,0.0,,,184.88349796384165,-2840.782619847806,-920.8019333340019,wcl
2021-06-22 10:42:44,26347523,train,-110.24444444444444,-5.671111112170749,-270.0,-270.0,False,0.0,,,171.89478947553798,-2848.122909971363,-904.6605333336242,wcl
2021-06-22 10:42:45,26347523,train,-110.25490196078432,-5.727450987871955,-270.0,-270.0,False,0.0,,,257.80766106425585,-2856.366620417705,-888.5191333340376,wcl
2021-06-22 10:42:46,26347523,train,-107.18287037037037,-3.770370388472522,-270.0,-270.0,False,0.0,,,244.82018087308683,-2864.4974033239696,-871.6355999998274,wcl
2021-06-22 10:42:47,26347523,train,-114.65301724137932,-7.631034571548988,-270.0,-270.0,False,0.0,,,231.61478216158437,-2872.741113770432,-854.5665333335432,wcl
2021-06-22 10:42:48,26347523,train,-108.01694915254237,-3.808474532628464,-270.0,-270.0,False,0.0,,,218.87825005577366,-2881.097751757092,-837.8685333329889,wcl
2021-06-22 10:43:08,26347523,train,-98.75,9.800000190734863,-270.0,-270.0,False,0.0,,,257.8055001194607,-2896.907607407988,-539.7164666676565,wcl
2021-06-22 10:43:09,26347523,train,-97.5,7.650000095367432,-270.0,-270.0,False,0.0,,,243.12323528293226,-2891.487085470679,-530.9964000000675,wcl
2021-06-22 10:43:10,26347523,train,-102.4923780487805,1.6024390339124492,-270.0,-270.0,False,0.0,,,228.26224041138215,-2886.1794910735675,-522.6473999997904,wcl
2021-06-22 10:43:11,26347523,train,-105.67296511627907,-1.0604651284425757,-270.0,-270.0,False,0.0,,,213.4572347653422,-2880.5331140553812,-513.9273333329925,wcl
2021-06-22 10:43:12,26347523,train,-107.2175,-2.43199999332428,-270.0,-270.0,False,0.0,,,198.6790180493339,-2874.2091717951675,-504.83619999967374,wcl
2021-06-22 10:42:36,26347523,train,-104.6875,-5.400000095367432,-270.0,-270.0,False,0.0,,,192.1866617489383,-2778.672472648483,-1021.9176000000704,wcl
2021-06-22 10:42:37,26347523,train,-103.51339285714286,-1.6571428520338876,-270.0,-270.0,False,0.0,,,180.629322780962,-2789.1747339022677,-1007.6315333330876,wcl
2021-06-22 10:42:38,26347523,train,-103.4150390625,-1.5671875030966476,-270.0,-270.0,False,0.0,,,264.4597193794059,-2799.22528499454,-994.2731333335934,wcl
2021-06-22 17:57:22,26347520,train,-98.1475,1.4049999982863666,-50.058815002441406,-50.05928039550781,True,-0.00046539306640625,62.43136103869835,97.15210677716999,113.30189556339523,-2925.5912026599485,-708.180733332955,wcl
2021-06-23 16:47:26,26347520,train,-92.575,6.570000000596046,-52.871063232421875,-52.87220764160156,True,-0.0011444091796875,90.49351956072411,97.15210677716999,132.52754998539578,-2927.736825926833,-721.5391333340312,wcl
2021-06-22 17:57:13,26347520,train,-95.913125,3.041000000983477,-51.32550048828125,-51.32550048828125,True,0.0,74.10825812832526,97.15210677716999,119.69775967053081,-2923.2197243124283,-715.6020666665347,wcl
2021-06-22 17:57:18,26347520,train,-96.643125,3.663999996781349,-50.504425048828125,-50.50483703613281,True,-0.0004119873046875,66.38173051041191,97.15210677716999,115.39121622068353,-2924.6877823370437,-712.4479999999215,wcl
2021-06-22 17:57:00,26347520,train,-96.724375,3.836000002324581,-52.056182861328125,-52.056976318359375,True,-0.00079345703125,81.53845592133521,97.15210677716999,123.11794806380456,-2920.848245964788,-723.0234000001144,wcl
2021-06-22 17:56:13,26347520,train,-93.80125,7.3039999675750735,-55.166099548339844,-55.16639709472656,True,-0.00029754638671875,120.22372029809915,97.15210677716999,150.57071403868034,-2906.167665717673,-769.0356666676757,wcl
2021-06-22 17:58:25,26347520,train,-85.215,20.61999994277954,-43.08106231689453,-43.08113098144531,True,-6.866455078125e-05,11.49981388837184,159.2490246475587,149.05343983789805,-2931.2375796781344,-650.8509333329503,wcl
2021-06-22 17:58:00,26347520,train,-86.1625,18.893999938964843,-43.39313507080078,-43.39331817626953,True,-0.00018310546875,14.23510432166523,159.2490246475587,160.9109036474678,-2931.6892898395267,-659.0143999995714,wcl
2021-06-23 15:36:40,26347520,train,-88.425625,15.045999917984007,-43.297645568847656,-43.29772186279297,True,-7.62939453125e-05,13.436532325269319,159.2490246475587,145.8125064578908,-2930.89879705706,-632.2975999997919,wcl
2021-06-22 17:57:56,26347520,train,-93.6625,11.628999967575073,-44.16899871826172,-44.169166564941406,True,-0.0001678466796875,20.02854295255979,159.2490246475587,166.58687243344897,-2931.6892898395267,-666.6212666668071,wcl
2021-06-22 17:58:34,26347520,train,-89.115625,12.386999990940094,-46.34284210205078,-46.343017578125,True,-0.00017547607421875,34.48771641486621,159.2490246475587,127.08249461965339,-2924.1231446353336,-606.8795333340216,wcl
2021-06-22 15:26:53,26347520,train,-95.13375,8.418000000119209,-46.62726593017578,-46.62751007080078,True,-0.000244140625,36.399291285403066,159.2490246475587,177.78408961807096,-2922.880941691234,-607.4361333334073,wcl
2021-06-22 17:58:17,26347520,train,-86.413125,17.657999916076662,-43.08106231689453,-43.08113098144531,True,-6.866455078125e-05,11.49981388837184,159.2490246475587,149.05343983789805,-2931.4634347587707,-653.4484000001777,wcl
2021-06-23 16:47:48,26347520,train,-95.140625,7.281000003814698,-47.09332275390625,-47.093650817871094,True,-0.00032806396484375,39.586090376332365,159.2490246475587,124.62738946467202,-2928.075608547907,-606.137400000189,wcl
2021-06-23 16:47:31,26347520,train,-94.379375,7.388999979496003,-47.61199951171875,-47.612403869628906,True,-0.00040435791015625,43.23109420270533,159.2490246475587,188.77046115277588,-2933.609058025775,-686.2878000003186,wcl
2021-06-23 15:36:33,26347520,train,-87.910625,14.484000053405762,-44.02851867675781,-44.0286865234375,True,-0.0001678466796875,19.040166388282312,159.2490246475587,167.14113149393853,-2933.0444203239445,-664.2093333340265,wcl
2021-06-22 17:58:32,26347520,train,-91.4925,8.759999988079072,-45.26612091064453,-45.266258239746094,True,-0.0001373291015625,27.383622474152897,159.2490246475587,132.9509487512947,-2925.817057740585,-615.4140666663727,wcl
2021-06-23 14:30:12,26347520,train,-92.8875,4.6810000199824575,-49.70823669433594,-49.70890808105469,True,-0.00067138671875,59.43578130667287,159.2490246475587,200.11028207702537,-2933.609058025775,-675.5268666664699,wcl
2021-06-23 15:36:29,26347520,train,-90.8925,9.539999995231629,-48.02783966064453,-48.028289794921875,True,-0.00045013427734375,46.24261977461448,159.2490246475587,189.2242419585248,-2931.576362299209,-688.6997333330993,wcl
2021-06-22 17:58:04,26347520,train,-86.496875,17.662000064849853,-42.951377868652344,-42.951446533203125,True,-6.866455078125e-05,10.220363938573401,159.2490246475587,155.19561949052752,-2931.6892898395267,-653.8194666666984,wcl
2021-06-22 10:43:00,26347520,train,-94.0875,0.6114285720246179,-53.3955078125,-53.396820068359375,True,-0.001312255859375,96.668381264499,159.2490246475587,228.44990978130804,-2933.496130485337,-656.0458666666142,wcl
2021-06-22 10:43:03,26347520,train,-93.1775,1.5359999990463258,-47.99656677246094,-47.99700927734375,True,-0.0004425048828125,46.01305795071536,159.2490246475587,188.7478560483711,-2925.0265649581183,-607.6216666662722,wcl
2021-06-22 17:58:16,26347520,train,-87.97,16.310999984741212,-43.07057189941406,-43.07063293457031,True,-6.103515625e-05,11.400131525801777,159.2490246475587,149.1158732425062,-2931.576362299209,-653.6339333330426,wcl
2021-06-22 17:57:44,26347520,train,-95.089375,4.186999988555908,-47.22522735595703,-47.22559356689453,True,-0.0003662109375,40.502507684088314,159.2490246475587,184.04724779859708,-2929.0919564112505,-688.5142000002344,wcl
2021-06-22 16:59:36,26347520,train,-97.911875,3.780000002235174,-58.068756103515625,-58.06935119628906,True,-0.0005950927734375,170.21849241794308,159.2490246475587,289.41258832024823,-2922.880941691234,-600.3858666663484,wcl
2021-06-23 16:47:33,26347520,train,-92.976875,9.050000021457672,-45.87947082519531,-45.879638671875,True,-0.0001678466796875,31.413747610849956,159.2490246475587,179.27706432434576,-2933.157347864383,-674.4136666676985,wcl
2021-06-22 17:58:21,26347520,train,-89.5025,13.824999990463256,-43.07057189941406,-43.07063293457031,True,-6.103515625e-05,11.400131525801777,159.2490246475587,149.1158732425062,-2931.4634347587707,-653.4484000001777,wcl
2021-06-23 14:30:15,26347520,train,-83.21125,9.89099995970726,-43.30265808105469,-43.3028564453125,True,-0.0001983642578125,13.48018604790858,159.2490246475587,162.9632694641143,-2933.2702754045804,-641.2032000002457,wcl
2021-06-22 17:58:31,26347520,train,-87.98875,13.240000038146972,-44.72080993652344,-44.72093200683594,True,-0.0001220703125,23.780867553264006,159.2490246475587,136.02052679798808,-2926.607550523292,-620.2379333335159,wcl
2021-06-22 16:59:54,26347520,train,-90.745625,12.231999979019164,-45.443084716796875,-45.4432373046875,True,-0.000152587890625,28.54525745643056,247.55195788188564,219.28380446108272,-2907.184013580776,-558.6408666665445,wcl
2021-06-22 17:59:09,26347520,train,-94.67375,5.738999966681003,-52.785369873046875,-52.78582763671875,True,-0.000457763671875,89.50867666540923,247.55195788188564,160.1623667632263,-2906.95815850014,-556.7855333339406,wcl
2021-06-22 17:58:39,26347520,train,-92.808125,7.583000004291534,-48.76661682128906,-48.766998291015625,True,-0.0003814697265625,51.82154735310878,247.55195788188564,196.67401620469374,-2919.9448256420037,-591.2947333330296,wcl
2021-06-23 14:30:29,26347520,train,-88.603125,8.954999996498227,-51.47747802734375,-51.47747802734375,True,0.0,75.60792236331028,247.55195788188564,173.9065540813056,-2912.7174630586437,-565.8766666664684,wcl
2021-06-22 16:59:50,26347520,train,-91.0875,12.564999990463257,-43.493507385253906,-43.49357604980469,True,-6.866455078125e-05,15.044533071642618,247.55195788188564,232.5437438779659,-2910.5718397917594,-566.2477333329891,wcl
2021-06-22 16:59:57,26347520,train,-90.001875,11.759000010490418,-46.61309814453125,-46.61339569091797,True,-0.00029754638671875,36.30394591614351,247.55195788188564,212.00430633237337,-2904.134969990987,-550.2918666662674,wcl
2021-06-22 17:59:07,26347520,train,-92.25125,8.452000020742416,-52.08448791503906,-52.08448791503906,True,0.0,81.828611548023,247.55195788188564,167.69101984759467,-2909.894274549491,-564.0213333330735,wcl
2021-06-23 16:48:02,26347520,train,-83.441875,16.964999990463255,-51.07603454589844,-51.07603454589844,True,0.0,71.69456159846453,247.55195788188564,178.17297623987687,-2921.751666287693,-584.9865999998033,wcl
2021-06-22 16:59:37,26347520,train,-97.80875,3.4100000043213368,-57.20570373535156,-57.206199645996094,True,-0.00049591064453125,153.64073205834273,247.55195788188564,374.8982267036298,-2922.203376449085,-597.9739333335679,wcl
2021-06-22 12:01:43,26347520,train,-99.23,-2.950999991297722,-57.045806884765625,-57.04631805419922,True,-0.00051116943359375,150.74117356638357,342.3502473361324,462.137759565486,-2937.3356668577126,-488.5092666664312,wcl
2021-06-22 12:02:02,26347520,train,-103.463125,-7.264999990463257,-57.03712463378906,-57.03834533691406,True,-0.001220703125,150.59800389063864,342.3502473361324,207.03449493174205,-2992.218451473675,-410.5852666662173,wcl
2021-06-22 12:01:44,26347520,train,-94.5525,2.55800001218915,-56.359649658203125,-56.36009216308594,True,-0.0004425048828125,138.8634073627507,342.3502473361324,450.0210802471945,-2947.1603628692287,-482.9432666662464,wcl
2021-06-22 12:02:57,26347520,train,-87.366875,5.921000006794929,-64.47772979736328,-64.47772979736328,True,0.0,359.8083254948656,636.3716303002353,296.9869488285174,-2925.817057740585,-129.50226666637803,wcl
2021-06-22 17:00:04,26347520,train,-90.425,11.170000042915344,-47.368431091308594,-47.36878204345703,True,-0.0003509521484375,41.505040268897936,299.6465227464388,264.9582985254428,-2890.5836651475333,-527.1001999996219,wcl
2021-06-22 17:00:08,26347520,train,-93.330625,7.109000009298325,-49.948204040527344,-49.948387145996094,True,-0.00018310546875,61.4730286428965,299.6465227464388,249.54573787239428,-2884.9372881295885,-518.9367333330006,wcl
2021-06-23 14:30:37,26347520,train,-100.176875,-3.4940000031888485,-54.88587951660156,-54.8865966796875,True,-0.0007171630859375,116.1948637237023,299.6465227464388,202.40127566392002,-2896.4558972464756,-533.593866666504,wcl
2021-06-23 15:37:05,26347520,train,-102.67625,-4.149000009894371,-55.53856658935547,-55.54035949707031,True,-0.00179290771484375,125.80360605889473,299.6465227464388,194.56551048436813,-2889.7931723650668,-519.1222666666565,wcl
2021-06-23 16:48:17,26347520,train,-102.380625,-2.864000002592802,-54.97935485839844,-54.98094177246094,True,-0.0015869140625,117.5397146035515,299.6465227464388,202.46515047666432,-2897.0205349481857,-530.6253333335468,wcl
2021-06-22 17:00:06,26347520,train,-92.319375,10.074000012874604,-48.48999786376953,-48.49028015136719,True,-0.00028228759765625,49.69469894627325,299.6465227464388,258.64377570259285,-2887.7604766386207,-523.2039999999671,wcl
2021-06-22 15:27:03,26347520,train,-97.6664603960396,3.215841576825864,-54.070068359375,-54.0706787109375,True,-0.0006103515625,105.11719894769395,299.6465227464388,209.90831560496628,-2877.0323603042,-504.65066666680883,wcl
2021-06-23 16:48:18,26347520,train,-102.82125,-4.025999996066093,-55.318389892578125,-55.320098876953125,True,-0.001708984375,122.48973433206196,299.6465227464388,198.27016417028503,-2894.084418898835,-525.4303999998829,wcl
2021-06-22 10:43:07,26367490,train,-94.9375,5.099999904632568,-83.48434448242188,-83.48434448242188,True,0.0,3219.1638978314863,3058.3383646635243,217.1751825481122,-2902.77983950681,-550.2918666662674,wcl
2021-06-22 10:43:13,26370051,train,-99.0576171875,6.3171875067055225,-270.0,-270.0,False,0.0,,,251.63911765946187,-2867.5464469137587,-495.3739999998342,wcl
2021-06-22 10:43:14,26370051,train,-99.57954545454544,7.940909038890492,-270.0,-270.0,False,0.0,,,235.04799513040734,-2860.770794492032,-485.9117999999947,wcl
2021-06-22 10:43:15,26370051,train,-113.06125,-3.696000003963709,-270.0,-270.0,False,0.0,,,218.63073004569867,-2853.0917217474002,-475.7074666663226,wcl
2021-06-22 10:43:16,26370051,train,-112.24441964285714,-5.185714328927653,-270.0,-270.0,False,0.0,,,202.37151620675036,-2845.2997214623306,-465.1320666677117,wcl
2021-06-22 10:43:17,26356997,train,-105.1845238095238,-1.7301587227081496,-270.0,-270.0,False,0.0,,,186.61777935677688,-2837.3947936368218,-454.9277333340396,wcl
2021-06-22 10:43:18,26356997,train,-106.29583333333332,-0.8955555531713698,-270.0,-270.0,False,0.0,,,171.29390424785066,-2829.4898658115544,-444.72339999957654,wcl
2021-06-22 10:43:19,26356997,train,-96.13325471698111,4.933962263026327,-270.0,-270.0,False,0.0,,,156.26390983833653,-2821.697865526725,-434.33353333303955,wcl
2021-06-22 10:43:20,26356997,train,-93.0218023255814,6.581395337747973,-270.0,-270.0,False,0.0,,,141.2313154810156,-2814.018792781973,-423.94366666650257,wcl
2021-06-22 10:43:21,26356997,train,-93.4659090909091,5.218181821432981,-270.0,-270.0,False,0.0,,,126.28018069064993,-2806.339720037341,-412.9971999997889,wcl
2021-06-22 10:43:22,26356997,train,-95.00815217391305,3.256521738741709,-270.0,-270.0,False,0.0,,,193.3270306785114,-2798.773574832907,-401.49413333289857,wcl
2021-06-22 10:43:23,26356997,train,-96.36057692307692,1.5961538498791366,-270.0,-270.0,False,0.0,,,237.6463823491895,-2791.094502088396,-389.6200000002784,wcl
2021-06-22 10:43:24,26356997,train,-97.98798076923076,-4.665384581455817,-270.0,-270.0,False,0.0,,,222.40586774589454,-2783.6412844245206,-377.1892666666906,wcl
2021-06-22 10:43:25,30625797,train,-92.2467105263158,8.480263142209305,-61.776466369628906,-61.77825164794922,True,-0.0017852783203125,262.97816799121654,341.53798633232685,206.8901485383745,-2776.639776922158,-364.38746666658204,wcl
2021-06-22 10:43:26,30625797,train,-92.88221153846152,10.807692271012526,-61.945274353027344,-61.94529724121094,True,-2.288818359375e-05,268.14405381687976,341.53798633232685,191.08814561252274,-2770.2029071215056,-351.21459999995267,wcl
2021-06-22 10:43:27,30625797,train,-93.5922131147541,6.954098391117619,-62.15099334716797,-62.154449462890625,True,-0.00345611572265625,274.752047680796,341.53798633232685,175.48049939635862,-2764.4436025630016,-337.6706666668025,wcl
2021-06-22 10:43:28,40812802,train,-91.6734693877551,11.463265287632844,-270.0,-270.0,False,0.0,,,160.4468433702057,-2759.361863246526,-323.94119999999646,wcl
2021-06-22 10:43:29,40812802,train,-84.40104166666667,18.337499976158146,-270.0,-270.0,False,0.0,,,146.0970789395579,-2754.95768917256,-309.8406666666696,wcl
2021-06-22 10:43:30,40812802,train,-85.1814024390244,18.892682936133408,-270.0,-270.0,False,0.0,,,204.58565554144656,-2751.3440078807,-295.5545999996869,wcl
2021-06-22 10:43:31,40812802,train,-84.3076923076923,18.3692307472229,-270.0,-270.0,False,0.0,,,188.9402151550583,-2748.746674452543,-280.89746666697437,wcl
2021-06-22 10:43:32,40812802,train,-85.52884615384616,15.11538472542396,-270.0,-270.0,False,0.0,,,174.08880459446502,-2747.0527613470513,-266.054799999815,wcl
2021-06-22 10:43:33,40812802,train,-83.8076923076923,18.55000004401574,-270.0,-270.0,False,0.0,,,159.45513624897058,-2745.8105584030723,-251.21213333344656,wcl
2021-06-22 10:43:34,40812802,train,-85.07211538461539,16.169230974637546,-270.0,-270.0,False,0.0,,,145.7115533377815,-2744.907138080047,-235.99839999976638,wcl
2021-06-22 10:43:35,40812802,train,-85.943359375,15.359375059604645,-270.0,-270.0,False,0.0,,,132.9982764757933,-2744.342500378337,-220.59913333401227,wcl
2021-06-22 10:43:36,40812802,train,-86.09913793103448,9.50344809170427,-270.0,-270.0,False,0.0,,,121.7168200673905,-2743.8907902169444,-204.64326666649953,wcl
2021-06-22 10:43:37,40812802,train,-86.828125,11.589285680225917,-270.0,-270.0,False,0.0,,,184.74213900346774,-2743.326152515114,-188.31633333325698,wcl
2021-06-22 10:43:38,40812802,train,-87.925,15.2,-270.0,-270.0,False,0.0,,,170.77098320454,-2742.5356597325267,-171.80386666635854,wcl
2021-06-22 10:43:39,40812802,train,-89.34375,9.150000095367432,-270.0,-270.0,False,0.0,,,157.0396820544616,-2741.406384328986,-155.2914000002511,wcl
2021-06-22 10:43:40,40812802,train,-89.6875,8.5,-270.0,-270.0,False,0.0,,,143.67338316055933,-2739.9383263042505,-138.77893333335265,wcl
2021-06-22 10:43:41,40812802,train,-88.75,10.0,-270.0,-270.0,False,0.0,,,130.49995630485512,-2737.9056305776844,-122.26646666645422,wcl
2021-06-22 10:43:42,40812802,train,-88.44791666666667,11.875,-270.0,-270.0,False,0.0,,,118.0383750224547,-2735.0824420685312,-106.31059999973246,wcl
2021-06-22 10:43:43,40812802,train,-85.58163265306122,11.65102041984091,-270.0,-270.0,False,0.0,,,181.60374183516996,-2731.2429056962756,-90.3547333330107,wcl
2021-06-22 10:43:44,40812802,train,-87.703125,10.895454542203383,-270.0,-270.0,False,0.0,,,165.42962949922756,-2726.8387316221892,-74.39886666628894,wcl
2021-06-22 10:43:45,40812802,train,-102.1725,1.7200000062584877,-270.0,-270.0,False,0.0,,,149.52697675082277,-2722.0957749270283,-58.25746666670227,wcl
2021-06-22 10:43:46,40812802,train,-99.84375,3.016666659464439,-270.0,-270.0,False,0.0,,,133.3483333135409,-2717.5786733125037,-42.85820000015718,wcl
2021-06-22 10:43:47,40812802,train,-93.2782012195122,6.4500000127931925,-270.0,-270.0,False,0.0,,,117.24569724241306,-2710.690093350339,-28.201066666653674,wcl
2021-06-22 10:43:48,40812802,train,-90.1971153846154,8.069230813246508,-270.0,-270.0,False,0.0,,,100.52735618901009,-2703.8015133884146,-12.987333332973492,wcl
2021-06-22 10:43:49,40812802,train,-89.775,12.300000038146973,-270.0,-270.0,False,0.0,,,168.95994835554936,-2696.8000058856906,2.2263999999157136,wcl
2021-06-22 10:43:50,40812802,train,-91.87635869565216,13.006521743276846,-270.0,-270.0,False,0.0,,,157.7555487506931,-2690.0243534640845,17.811200000116685,wcl
2021-06-22 10:43:51,40812802,train,-89.615,13.447999954223633,-270.0,-270.0,False,0.0,,,147.3315390515739,-2683.135773501919,33.76706666604747,wcl
2021-06-22 10:43:52,40812802,train,-90.52083333333331,8.396296289232042,-270.0,-270.0,False,0.0,,,137.86944165366404,-2676.247193539875,49.722933333560206,wcl
2021-06-22 10:43:53,40812802,train,-89.5475,10.351999931335447,-270.0,-270.0,False,0.0,,,129.74798134168606,-2668.906903416437,65.8643333323559,wcl
2021-06-22 10:43:54,40812802,train,-88.07932692307692,9.319230721547054,-270.0,-270.0,False,0.0,,,123.56735773322782,-2661.9053959137136,82.00573333352452,wcl
2021-06-22 10:43:55,40812802,train,-86.0025,10.40799991607666,-270.0,-270.0,False,0.0,,,120.03922058215412,-2654.903888411351,98.14713333232021,wcl
2021-06-22 10:43:56,40812802,train,-85.96875,8.303846111664406,-270.0,-270.0,False,0.0,,,120.93910527675789,-2647.563598287794,114.47406666635374,wcl
2021-06-22 10:43:57,40812802,train,-86.89423076923077,7.896153835149912,-270.0,-270.0,False,0.0,,,108.33209105459846,-2640.562090785311,130.80100000038726,wcl
2021-06-22 10:43:58,40812802,train,-84.27307692307693,13.979999967721792,-270.0,-270.0,False,0.0,,,97.44556195187342,-2633.673510823386,147.1279333336298,wcl
2021-06-22 10:43:59,40812802,train,-85.06896551724138,11.696551651790225,-270.0,-270.0,False,0.0,,,88.76829201091641,-2627.0107859417362,163.26933333321648,wcl
2021-06-22 10:44:00,40812802,train,-83.59375,10.465384575036856,-270.0,-270.0,False,0.0,,,83.0313126259049,-2620.6868436815225,179.22519999993824,wcl
2021-06-22 10:44:01,40812802,train,-85.7625,12.684000015258787,-270.0,-270.0,False,0.0,,,80.56997605987402,-2614.3629014214284,194.8100000001392,wcl
2021-06-22 10:44:02,40812802,train,-89.70192307692308,8.411538472542397,-270.0,-270.0,False,0.0,,,90.99281325326133,-2608.26481424185,210.2092666666843,wcl
2021-06-22 10:44:03,40812802,train,-90.0025,9.216000003814695,-270.0,-270.0,False,0.0,,,76.82237169988115,-2601.9408719812754,225.42300000036448,wcl
2021-06-22 10:44:04,40812802,train,-88.26442307692308,8.888461589813232,-270.0,-270.0,False,0.0,,,160.40686195217972,-2595.955712342256,240.82226666690957,wcl
2021-06-22 10:44:05,40812802,train,-86.28,11.23599998474121,-270.0,-270.0,False,0.0,,,152.37399898866113,-2589.970552703116,255.85046666693387,wcl
2021-06-22 10:44:06,40812802,train,-84.27951388888889,13.269444465637209,-270.0,-270.0,False,0.0,,,145.97423450885086,-2583.7595379830996,270.87866666695817,wcl
2021-06-22 10:44:07,40812802,train,-86.35817307692308,12.142307721651518,-270.0,-270.0,False,0.0,,,141.35575617246064,-2577.6614508035213,285.90686666698247,wcl
2021-06-22 10:44:08,40812802,train,-85.69565217391305,10.743478318919308,-270.0,-270.0,False,0.0,,,150.1647123957215,-2571.337508543187,300.563999999695,wcl
2021-06-22 10:44:09,40812802,train,-90.1875,11.150000095367432,-270.0,-270.0,False,0.0,,,138.5622118875653,-2564.448928581142,315.2211333331985,wcl
2021-06-22 10:44:10,40812802,train,-90.25,11.5,-270.0,-270.0,False,0.0,,,127.35776210179635,-2557.560348618857,330.0638000003579,wcl
2021-06-22 10:44:11,40812802,train,-94.46875,7.0,-270.0,-270.0,False,0.0,,,116.99506028473233,-2551.236406358763,345.2775333332471,wcl
2021-06-22 10:44:12,40812802,train,-96.25,7.400000095367432,-270.0,-270.0,False,0.0,,,108.20270719875947,-2545.477101800259,360.8623333334481,wcl
2021-06-22 10:44:13,40812802,train,-97.40625,7.0,-270.0,-270.0,False,0.0,,,101.36480962963584,-2540.3953624839037,375.8905333334724,wcl
2021-06-22 10:44:14,40812802,train,-101.4375,6.0,-270.0,-270.0,False,0.0,,,96.668411409051,-2536.2170434905743,389.6200000002784,wcl
2021-06-22 10:44:15,40812802,train,-98.52521929824562,3.224561447637123,-270.0,-270.0,False,0.0,,,114.47369961707541,-2531.4740867951728,404.27713333378193,wcl
2021-06-22 10:44:16,42429952,train,-90.93441358024693,8.960493834114368,-270.0,-270.0,False,0.0,,,99.7880358435058,-2526.618202559694,419.676400000327,wcl
2021-06-22 10:44:17,42429952,train,-92.643125,4.794000033065677,-270.0,-270.0,False,0.0,,,88.5948726476656,-2522.439883566364,435.261199999737,wcl
2021-06-22 10:44:18,42429952,train,-95.19457547169812,1.8943396737834195,-270.0,-270.0,False,0.0,,,78.5640438112398,-2519.0520573553804,451.03153333359387,wcl
2021-06-22 10:44:21,26356996,train,-98.3561046511628,3.660465111566144,-270.0,-270.0,False,0.0,,,65.71440805280845,-2510.356636747646,499.08466666662406,wcl
2021-06-22 10:44:22,26356996,train,-97.71875,6.438095189276195,-270.0,-270.0,False,0.0,,,89.17531458278596,-2507.08173807698,514.669466666034,wcl
2021-06-22 10:44:24,26356996,train,-101.54745370370372,3.4148147961607687,-270.0,-270.0,False,0.0,,,65.39805963228325,-2500.8707233572045,545.2824666670504,wcl
2021-06-22 10:45:49,26356996,train,-99.3125,4.599999815225601,-270.0,-270.0,False,0.0,,,79.8189441177889,-2575.854610157591,656.416933332344,wcl
2021-06-22 10:45:35,26356996,train,-101.22585227272728,1.0454545408825984,-270.0,-270.0,False,0.0,,,51.897879913349385,-2567.8367547920056,656.9735333333117,wcl
2021-06-22 10:45:23,26356996,train,-94.3515625,7.078125037252903,-270.0,-270.0,False,0.0,,,20.958824716172856,-2516.793506548299,662.1684666669756,wcl
2021-06-22 10:46:01,26356996,train,-103.48039215686276,1.6509803844725384,-270.0,-270.0,False,0.0,,,134.62142578740216,-2579.129508828257,650.8509333337412,wcl
2021-06-22 10:45:46,26356996,train,-101.375,1.614285739404815,-270.0,-270.0,False,0.0,,,71.88018694839417,-2574.6124072137322,656.416933332344,wcl
2021-06-22 10:45:52,26356996,train,-98.3359375,8.11249989271164,-270.0,-270.0,False,0.0,,,85.14770548279755,-2576.193392778666,656.9735333333117,wcl
2021-06-22 10:45:25,26356996,train,-96.13701923076924,4.015384620198836,-270.0,-270.0,False,0.0,,,15.772389339049985,-2531.022376633901,660.8697333337574,wcl
2021-06-22 10:45:26,26356996,train,-96.2325,3.716000003814697,-270.0,-270.0,False,0.0,,,15.738567259421668,-2537.572173974751,660.3131333335807,wcl
2021-06-22 10:45:53,26356996,train,-99.0744680851064,6.868085105368432,-270.0,-270.0,False,0.0,,,88.07441568588901,-2576.193392778666,657.1590666669675,wcl
2021-06-22 10:45:22,26356996,train,-93.8575,6.860000035762787,-270.0,-270.0,False,0.0,,,23.245060637053715,-2509.4532164245006,662.9106000000172,wcl
2021-06-22 10:45:33,26356996,train,-99.54567307692308,1.000000013754918,-270.0,-270.0,False,0.0,,,48.69881885729664,-2567.0462620092985,656.9735333333117,wcl
2021-06-22 10:45:41,26356996,train,-101.13701923076924,2.9846153878248654,-270.0,-270.0,False,0.0,,,51.64566562837625,-2569.6435954378153,656.7880000004468,wcl
2021-06-22 10:45:24,26356996,train,-92.82986111111111,8.233333362473381,-270.0,-270.0,False,0.0,,,18.04341015752207,-2524.020869131418,661.6118666660079,wcl
2021-06-22 10:45:27,26356996,train,-97.77361111111112,4.18000000052982,-270.0,-270.0,False,0.0,,,18.047619937662446,-2543.6702611544492,659.5709999997482,wcl
2021-06-22 10:45:39,26356996,train,-99.9971590909091,1.1431818072768776,-270.0,-270.0,False,0.0,,,51.08209207117935,-2569.0789577359847,656.7880000004468,wcl
2021-06-22 10:45:37,26356996,train,-101.1514423076923,1.3115384676135504,-270.0,-270.0,False,0.0,,,51.31752653929318,-2568.17553741308,656.9735333333117,wcl
2021-06-22 10:45:34,26356996,train,-100.6875,0.2794117565978976,-270.0,-270.0,False,0.0,,,51.02534566418507,-2567.7238272515674,656.9735333333117,wcl
2021-06-22 10:45:45,26356996,train,-101.14204545454544,0.6575757486350609,-270.0,-270.0,False,0.0,,,67.50133622230791,-2574.0477695120226,656.416933332344,wcl
2021-06-22 10:45:29,26356996,train,-99.10865384615384,3.947692301067022,-270.0,-270.0,False,0.0,,,28.349589439955455,-2554.511305029188,658.27226666653,wcl
2021-06-22 10:44:27,26356996,train,-103.32451923076924,2.034615375961249,-270.0,-270.0,False,0.0,,,150.2809561652571,-2495.4502014196546,587.3985333333749,wcl
2021-06-22 10:44:25,26356996,train,-101.91796875,3.312499975785613,-270.0,-270.0,False,0.0,,,155.02579788996158,-2498.838027630518,560.1251333334187,wcl
2021-06-22 10:44:55,26356996,train,-89.04289215686275,5.500000032724119,-270.0,-270.0,False,0.0,,,133.82790930615903,-2475.2361716947926,645.6560000000773,wcl
2021-06-22 10:44:45,26356996,train,-90.59375,9.75,-270.0,-270.0,False,0.0,,,133.79317888733573,-2475.2361716947926,645.6560000000773,wcl
2021-06-22 10:45:20,26356996,train,-92.77195945945944,6.902702705280201,-270.0,-270.0,False,0.0,,,124.9128320756221,-2495.788984040729,663.8382666667146,wcl
2021-06-22 10:44:57,26356996,train,-90.0048076923077,8.1076923425381,-270.0,-270.0,False,0.0,,,133.82790930615903,-2475.2361716947926,645.6560000000773,wcl
2021-06-22 10:44:58,26356996,train,-89.83928571428571,5.5428571445601325,-270.0,-270.0,False,0.0,,,133.82790930615903,-2475.2361716947926,645.6560000000773,wcl
2021-06-22 10:45:07,26356996,train,-89.83653846153847,7.726923098930945,-270.0,-270.0,False,0.0,,,133.93978172818268,-2475.2361716947926,645.6560000000773,wcl
2021-06-22 10:44:40,26356996,train,-90.3325,10.771999988555908,-270.0,-270.0,False,0.0,,,133.38043740143394,-2475.2361716947926,645.6560000000773,wcl
2021-06-22 10:44:29,26356996,train,-98.74816176470588,3.664705870782628,-270.0,-270.0,False,0.0,,,157.61806540183292,-2491.384809966763,609.2914666660113,wcl
2021-06-22 10:44:43,26356996,train,-89.4375,8.800000190734863,-270.0,-270.0,False,0.0,,,133.74149963021122,-2475.2361716947926,645.6560000000773,wcl
2021-06-22 10:44:31,26356996,train,-95.42587209302326,6.79999996340552,-270.0,-270.0,False,0.0,,,147.06646699535594,-2483.818664762329,625.0617999998681,wcl
2021-06-22 10:45:10,26356996,train,-88.78,3.839999997615814,-270.0,-270.0,False,0.0,,,133.82790930615903,-2475.2361716947926,645.6560000000773,wcl
2021-06-22 10:44:38,26356996,train,-90.45192307692308,8.100000033011803,-270.0,-270.0,False,0.0,,,132.29810471472518,-2474.8973890735974,645.6560000000773,wcl
2021-06-22 10:44:48,26356996,train,-89.5625,9.450000009229106,-270.0,-270.0,False,0.0,,,133.85334899875647,-2475.2361716947926,645.6560000000773,wcl
2021-06-22 10:44:44,26356996,train,-90.6875,8.199999809265137,-270.0,-270.0,False,0.0,,,133.76721308852206,-2475.2361716947926,645.6560000000773,wcl
2021-06-22 10:44:30,26356996,train,-99.48363095238096,3.559523795332228,-270.0,-270.0,False,0.0,,,152.11630154544866,-2487.771128675023,618.0115333336003,wcl
2021-06-22 10:45:04,26356996,train,-90.06985294117646,7.362745107388964,-270.0,-270.0,False,0.0,,,133.82790930615903,-2475.2361716947926,645.6560000000773,wcl
2021-06-22 10:44:49,26356996,train,-89.87867647058823,9.46470588095048,-270.0,-270.0,False,0.0,,,133.85334899875647,-2475.2361716947926,645.6560000000773,wcl
2021-06-22 10:44:52,26356996,train,-89.57543103448276,6.582758665084839,-270.0,-270.0,False,0.0,,,133.82790930615903,-2475.2361716947926,645.6560000000773,wcl
2021-06-22 10:45:06,26356996,train,-89.4475,9.304000024795531,-270.0,-270.0,False,0.0,,,133.93978172818268,-2475.2361716947926,645.6560000000773,wcl
2021-06-22 10:45:09,26356996,train,-88.79444444444445,3.4711111313766905,-270.0,-270.0,False,0.0,,,133.93978172818268,-2475.2361716947926,645.6560000000773,wcl
2021-06-22 10:44:53,26356996,train,-89.42013888888889,5.158333321412404,-270.0,-270.0,False,0.0,,,133.82790930615903,-2475.2361716947926,645.6560000000773,wcl
2021-06-22 10:44:33,26356996,train,-90.8515625,6.66249995927016,-270.0,-270.0,False,0.0,,,139.22803435195905,-2478.511070365458,634.8950666670194,wcl
2021-06-22 10:45:19,26356996,train,-93.65625,5.450000047683716,-270.0,-270.0,False,0.0,,,125.81863087240076,-2489.690896861271,663.8382666667146,wcl
2021-06-22 10:45:18,26356996,train,-97.6875,7.199999809265137,-270.0,-270.0,False,0.0,,,127.0638230172015,-2484.2703749239618,663.2816666665381,wcl
2021-06-22 10:44:36,26356996,train,-89.50822368421052,9.689473687033905,-270.0,-270.0,False,0.0,,,132.30844149363463,-2475.349099235231,643.2440666665057,wcl
2021-06-22 10:45:02,26356996,train,-90.06743421052632,8.973684197977969,-270.0,-270.0,False,0.0,,,133.82790930615903,-2475.2361716947926,645.6560000000773,wcl
2021-06-22 10:46:58,42445056,train,-87.07317073170732,15.914634076560416,-270.0,-270.0,False,0.0,,,559.6999518750154,-2827.683025165865,80.89253333317117,wcl
2021-06-22 10:47:01,42445056,train,-92.53885135135135,10.391891917666872,-270.0,-270.0,False,0.0,,,548.978633434371,-2840.782619847806,97.7760666665904,wcl
2021-06-22 10:46:57,42445056,train,-84.69791666666667,20.89999993642171,-270.0,-270.0,False,0.0,,,562.601204570808,-2820.5685901229435,76.99633333351642,wcl
2021-06-22 10:46:59,42445056,train,-90.078125,14.2888888253106,-270.0,-270.0,False,0.0,,,554.4242096960495,-2834.2328225069555,84.60319999996102,wcl
2021-06-22 10:47:02,42445056,train,-94.90064102564102,6.856410274138818,-270.0,-270.0,False,0.0,,,491.7846319836405,-2842.0248227917846,107.23826666642992,wcl
2021-06-22 10:47:04,42445056,train,-95.58258928571428,8.135714309556144,-270.0,-270.0,False,0.0,,,491.2030549252067,-2837.846503798455,127.64693333377409,wcl
2021-06-22 10:47:03,42445056,train,-94.70795454545454,6.543636345050552,-270.0,-270.0,False,0.0,,,491.3805322502491,-2840.669692307608,117.62813333375789,wcl
2021-06-22 10:46:52,42445056,train,-76.59375,29.699999809265137,-270.0,-270.0,False,0.0,,,491.43351701249577,-2777.430269704504,78.29506666673467,wcl
2021-06-22 10:46:54,42445056,train,-77.28125,28.89999961853028,-270.0,-270.0,False,0.0,,,491.43351701249577,-2795.724531243118,71.61586666698753,wcl
2021-06-22 10:46:50,42445056,train,-76.48065476190476,29.538095156351726,-270.0,-270.0,False,0.0,,,491.43351701249577,-2760.604066190505,94.06539999980055,wcl
2021-06-22 10:46:48,42445056,train,-75.73491379310344,29.64137925772832,-270.0,-270.0,False,0.0,,,422.22819459386005,-2745.35884824168,117.07153333358121,wcl
2021-06-22 10:46:44,42445056,train,-75.60648148148148,29.87407401756004,-270.0,-270.0,False,0.0,,,422.22819459386005,-2714.5296297227146,170.50513333234932,wcl
2021-06-22 10:46:45,42445056,train,-75.22836538461539,29.62692304757925,-270.0,-270.0,False,0.0,,,422.22819459386005,-2721.8699198462723,156.96119999999013,wcl
2021-06-22 10:46:49,42445056,train,-75.96452702702703,29.78648644524652,-270.0,-270.0,False,0.0,,,422.22819459386005,-2753.0379209863113,105.01186666651421,wcl
2021-06-22 10:46:43,42445056,train,-76.075,29.892000045776367,-270.0,-270.0,False,0.0,,,422.22819459386005,-2706.737629437645,183.49246666690476,wcl
2021-06-22 10:46:35,42445056,train,-75.74137931034483,29.524137891572096,-270.0,-270.0,False,0.0,,,281.94018138159015,-2659.3080624855575,292.2150000002088,wcl
2021-06-22 10:46:40,42445056,train,-76.23170731707317,28.96585366784073,-270.0,-270.0,False,0.0,,,281.94018138159015,-2690.8148462465506,226.16513333340606,wcl
2021-06-22 10:46:37,42445056,train,-77.71428571428571,28.93928555079869,-270.0,-270.0,False,0.0,,,281.94018138159015,-2671.7300919252293,266.054799999815,wcl
2021-06-22 10:46:39,42445056,train,-75.77163461538461,29.684615428631123,-270.0,-270.0,False,0.0,,,281.94018138159015,-2684.1521213652627,239.8946000002121,wcl
2021-06-22 10:46:41,42445056,train,-76.09791666666666,29.56666660308838,-270.0,-270.0,False,0.0,,,281.94018138159015,-2695.331947861075,211.69353333355843,wcl
2021-06-22 10:46:38,42445056,train,-75.89663461538461,29.88461531125582,-270.0,-270.0,False,0.0,,,281.94018138159015,-2677.941106645246,253.0674666660505,wcl
2021-06-22 10:46:26,42445056,train,-76.18074324324324,29.53513516606512,-270.0,-270.0,False,0.0,,,237.19193186995957,-2617.186089930221,393.1451333334124,wcl
2021-06-22 10:46:28,42445056,train,-75.72177419354838,29.47741933022776,-270.0,-270.0,False,0.0,,,237.19193186995957,-2625.203945296047,370.8811333334643,wcl
2021-06-22 10:46:33,42445056,train,-76.3485576923077,29.242307662963867,-270.0,-270.0,False,0.0,,,237.19193186995957,-2648.6928736914547,316.8909333337285,wcl
2021-06-22 10:46:30,42445056,train,-75.77314814814815,29.425925855283385,-270.0,-270.0,False,0.0,,,237.19193186995957,-2634.4640036057326,349.35926666655774,wcl
2021-06-22 10:46:34,42445056,train,-76.47983870967742,27.674193474554247,-270.0,-270.0,False,0.0,,,237.19193186995957,-2653.77461300769,305.0168000003174,wcl
2021-06-22 10:46:32,42445056,train,-76.25833333333334,29.511111068725587,-270.0,-270.0,False,0.0,,,237.19193186995957,-2644.2886996172483,328.57953333348377,wcl
2021-06-22 10:46:29,42445056,train,-75.89423076923077,29.51923054915208,-270.0,-270.0,False,0.0,,,237.19193186995957,-2629.608119370254,360.1202000004065,wcl
2021-06-22 10:46:27,42445056,train,-76.265,29.36,-270.0,-270.0,False,0.0,,,237.19193186995957,-2621.0256263027172,382.01313333304284,wcl
2021-06-22 10:46:31,42445056,train,-76.1725,29.63599998474121,-270.0,-270.0,False,0.0,,,237.19193186995957,-2639.3198878413314,339.15493333367664,wcl
2021-06-22 10:46:25,42445056,train,-76.41447368421052,28.921052581385563,-270.0,-270.0,False,0.0,,,230.28191247017887,-2613.4594810984036,404.46266666664684,wcl
2021-06-22 10:46:22,42445056,train,-76.15625,29.600000381469727,-270.0,-270.0,False,0.0,,,230.1702121201653,-2602.844292304301,440.2705999997451,wcl
2021-06-22 10:46:23,42445056,train,-76.4375,30.0,-270.0,-270.0,False,0.0,,,230.28191247017887,-2606.232118515164,428.0253999998132,wcl
2021-06-22 10:46:24,42445056,train,-76.375,29.25,-270.0,-270.0,False,0.0,,,230.28191247017887,-2609.845799806784,415.9657333335372,wcl
2021-06-22 10:46:20,42445056,train,-75.96875,29.949999809265137,-270.0,-270.0,False,0.0,,,131.65641624648015,-2596.6332775844044,465.8741999999623,wcl
2021-06-22 10:46:21,42445056,train,-76.0625,29.200000762939453,-270.0,-270.0,False,0.0,,,131.96954688953772,-2599.6823211741935,452.8868666669888,wcl
2021-06-22 10:46:18,42445056,train,-76.61875,29.01999988555908,-270.0,-270.0,False,0.0,,,130.83050821671338,-2591.3256831874132,491.6633333322534,wcl
2021-06-22 10:46:19,42445056,train,-75.9375,30.0,-270.0,-270.0,False,0.0,,,131.2196038444979,-2593.8100890753717,478.86153333372675,wcl
2021-06-22 10:46:09,42445056,train,-86.1775,18.86400016784668,-270.0,-270.0,False,0.0,,,139.7302595212816,-2581.3880596354593,592.7789999999038,wcl
2021-06-22 10:46:11,42445056,train,-78.38344594594595,22.013513513513512,-270.0,-270.0,False,0.0,,,157.14943890020913,-2582.8561176603152,572.3703333333506,wcl
2021-06-22 10:46:12,42445056,train,-72.69212962962963,23.0259258835404,-270.0,-270.0,False,0.0,,,164.841956263971,-2583.7595379830996,561.7949333331578,wcl
2021-06-22 10:46:13,42445056,train,-73.1675,25.072000045776367,-270.0,-270.0,False,0.0,,,171.3914218791293,-2584.8888133866403,551.0340000000999,wcl
2021-06-22 10:46:16,42445056,train,-76.39494680851064,29.03617014783494,-270.0,-270.0,False,0.0,,,182.1838095255306,-2588.276639597624,516.52480000022,wcl
2021-06-22 10:46:10,42445056,train,-83.45138888888889,19.74814796447754,-270.0,-270.0,False,0.0,,,148.72376527980674,-2582.0656248776077,582.7601999998876,wcl
2021-06-22 10:46:08,42445056,train,-88.75,13.706976746403894,-270.0,-270.0,False,0.0,,,204.05926948100688,-2580.9363494740664,602.4267333333992,wcl
2021-06-22 10:46:03,42445056,train,-96.9858870967742,7.696774144326487,-270.0,-270.0,False,0.0,,,153.53527398700635,-2579.581218989529,640.832133333725,wcl
2021-06-22 10:46:07,42445056,train,-91.415,14.579999923706056,-270.0,-270.0,False,0.0,,,194.10396623958314,-2580.597566852872,611.517866666718,wcl
2021-06-22 10:46:06,42445056,train,-93.15972222222224,13.318518532647026,-270.0,-270.0,False,0.0,,,184.4569146739246,-2580.258784231798,619.8668666669951,wcl
2021-06-22 10:46:04,42445056,train,-93.9311224489796,13.495918312851265,-270.0,-270.0,False,0.0,,,163.83155791577227,-2579.807074070526,634.5239999997077,wcl
2021-06-22 10:46:02,42445056,train,-100.99772727272727,3.8672727018594735,-270.0,-270.0,False,0.0,,,143.5938194706119,-2579.468291449452,646.3981333323278,wcl
2021-06-22 10:47:05,26365189,train,-95.7,8.421818115494467,-59.763580322265625,-59.763580322265625,True,0.0,207.81426873391086,694.6264866033362,491.66943178185494,-2833.781112345323,137.6657333329993,wcl
2021-06-22 10:47:09,26365189,train,-91.9671875,10.735000026226045,-58.62755584716797,-58.62755584716797,True,0.0,181.82345355606827,694.6264866033362,514.7029982466128,-2817.6324740735927,176.62773333350174,wcl
2021-06-22 10:47:10,26365189,train,-90.86979166666669,8.50833335518837,-58.186485290527344,-58.186485290527344,True,0.0,172.59365983534767,694.6264866033362,523.5725270108675,-2814.5834304838036,186.83206666638284,wcl
2021-06-22 10:47:07,26365189,train,-90.18526785714286,11.285714328289032,-59.38679504394531,-59.38679504394531,True,0.0,198.82257020662982,694.6264866033362,498.7017099626109,-2825.085691737588,157.33226666651092,wcl
2021-06-22 10:48:06,26365189,train,-81.482421875,13.153124958276749,-60.901710510253906,-61.96443176269531,True,-1.0627212524414062,268.7423089448734,660.1421633942913,919.8896037222161,-2803.1777489071137,297.03886666656103,wcl
2021-06-22 10:47:58,26365189,train,-78.6875,13.300000190734863,-56.93608093261719,-57.349822998046875,True,-0.4137420654296875,156.28988467849308,660.1421633942913,806.2942343213826,-2803.6294590686266,296.8533333336961,wcl
2021-06-22 10:47:59,26365189,train,-78.28125,16.34999990463257,-57.560386657714844,-58.06529235839844,True,-0.5049057006835938,170.13678023590342,660.1421633942913,820.4543421599824,-2803.5165315283084,296.8533333336961,wcl
2021-06-22 10:48:16,26365189,train,-75.22836538461539,15.484615362607515,-63.90379333496094,-65.4422378540039,True,-1.5384445190429688,402.3163534508284,660.1421633942913,1053.8032555418686,-2802.9518938264778,297.40993333229085,wcl
2021-06-22 10:48:07,26365189,train,-84.73106060606061,12.706060611840453,-61.27098846435547,-62.396514892578125,True,-1.1255264282226562,282.59952448137864,660.1421633942913,933.7714959300866,-2803.1777489071137,297.03886666656103,wcl
2021-06-22 10:47:24,26365189,train,-91.00815217391305,7.278260909992715,-52.320899963378906,-52.321128845214844,True,-0.0002288818359375,84.35863583577672,660.1421633942913,578.342107352482,-2800.354560398081,269.5799333337399,wcl
2021-06-22 10:48:17,26365189,train,-77.8175,20.080000038146974,-64.14689636230469,-65.73149871826172,True,-1.5846023559570312,416.0074645400077,660.1421633942913,1067.5106651523695,-2802.8389662860395,297.40993333229085,wcl
2021-06-22 10:47:41,26365189,train,-84.3033088235294,13.197058761821074,-48.52947235107422,-48.529571533203125,True,-9.918212890625e-05,49.99380936484247,660.1421633942913,618.5175968378225,-2800.6933430191552,271.43526666634386,wcl
2021-06-22 10:47:17,26365189,train,-87.03048780487805,12.212195169634937,-54.63908386230469,-54.63946533203125,True,-0.0003814697265625,112.73615783489625,660.1421633942913,548.5449147130798,-2809.1629085464942,249.9134000002283,wcl
2021-06-22 10:47:23,26365189,train,-91.13567073170732,12.06341468997118,-52.54479217529297,-52.54502868652344,True,-0.00023651123046875,86.80932257357696,660.1421633942913,575.7333484056284,-2800.241632857763,269.9510000002607,wcl
2021-06-22 10:47:35,26365189,train,-89.25595238095238,11.469047614506312,-51.879051208496094,-51.879051208496094,True,0.0,79.68071435977721,660.1421633942913,583.4692348983837,-2801.03212564023,268.65226666704245,wcl
2021-06-22 10:47:54,26365189,train,-80.4353448275862,22.50000006577064,-53.958282470703125,-53.958282470703125,True,0.0,103.66575031818098,660.1421633942913,751.8571537652107,-2801.7096908824988,296.66780000004024,wcl
2021-06-22 10:47:19,26365189,train,-88.05324074074075,5.7777778092357845,-53.82103729248047,-53.82136535644531,True,-0.00032806396484375,101.92064248529037,660.1421633942913,559.8019525467757,-2805.4362997145563,261.97306666650434,wcl
2021-06-22 10:47:52,26365189,train,-82.67592592592592,17.688888832374854,-51.809471130371094,-51.809471130371094,True,0.0,78.96338914837764,660.1421633942913,725.5674404018641,-2800.6933430191552,295.369066666031,wcl
2021-06-22 10:47:55,26365189,train,-80.00223214285714,21.964285850524902,-54.90727233886719,-54.90818786621094,True,-0.00091552734375,116.50143213462998,660.1421633942913,765.2676514552354,-2802.16140104377,296.8533333336961,wcl
2021-06-22 10:48:09,26365189,train,-85.7225,12.940000038146971,-61.944618225097656,-63.18980407714844,True,-1.2451858520507812,309.88738945554655,660.1421633942913,961.0975877969643,-2803.064821366796,297.03886666656103,wcl
2021-06-22 10:48:18,26365189,train,-80.72560975609755,14.685365862962676,-64.3931884765625,-66.01383209228516,True,-1.6206436157226562,429.8148859652734,660.1421633942913,1081.3301146840045,-2802.726038745842,297.40993333229085,wcl
2021-06-22 10:47:38,26365189,train,-89.55555555555556,11.718518557371915,-50.72343444824219,-50.72343444824219,True,0.0,68.38078692193947,660.1421633942913,596.0538271566099,-2801.03212564023,268.65226666704245,wcl
2021-06-22 10:48:13,26365189,train,-84.28,11.643999938964845,-63.1075439453125,-64.54229736328125,True,-1.43475341796875,362.5095591915159,660.1421633942913,1013.9080451444363,-2802.9518938264778,297.40993333229085,wcl
2021-06-22 10:48:00,26365189,train,-80.125,16.25,-58.140602111816406,-58.7354736328125,True,-0.5948715209960938,184.15224503142397,660.1421633942913,834.726905522422,-2803.5165315283084,296.8533333336961,wcl
2021-06-22 10:47:56,26365189,train,-78.95138888888889,19.74444431728787,-55.545196533203125,-55.78330993652344,True,-0.2381134033203125,129.5526045869822,660.1421633942913,778.830285758169,-2802.726038745842,296.8533333336961,wcl
2021-06-22 10:48:10,26365189,train,-83.86931818181819,13.168181852860885,-62.25927734375,-63.54927062988281,True,-1.2899932861328125,323.09000795191076,660.1421633942913,974.3195092368319,-2802.9518938264778,297.2244000002169,wcl
2021-06-22 10:47:20,26365189,train,-87.10326086956522,8.204347840469817,-53.43273162841797,-53.43302917480469,True,-0.00029754638671875,97.10717507667893,660.1421633942913,564.8621428332441,-2803.290676447552,265.4982000004293,wcl
2021-06-22 10:47:26,26365189,train,-90.20416666666668,11.006666660308838,-52.028167724609375,-52.028167724609375,True,0.0,81.23528678261023,660.1421633942913,581.7173463216485,-2800.9191980999117,269.02333333356324,wcl
2021-06-22 10:48:12,26365189,train,-83.42129629629629,12.614814828943324,-62.83580780029297,-64.21884155273438,True,-1.3830337524414062,349.17510946051067,660.1421633942913,1000.5374993800801,-2802.9518938264778,297.2244000002169,wcl
2021-06-22 10:47:22,26365189,train,-88.51071428571429,11.568571444920131,-52.78980255126953,-52.790061950683594,True,-0.0002593994140625,89.55653424779143,660.1421633942913,572.8600748540613,-2800.241632857763,269.20886666642815,wcl
2021-06-22 10:48:20,26365189,train,-83.66193181818181,11.236363619565964,-64.85523223876953,-66.54183959960938,True,-1.6866073608398438,456.8689188405195,660.1421633942913,1108.3832074275438,-2802.6131112054036,297.2244000002169,wcl
2021-06-22 10:47:18,26365189,train,-86.55030487804878,12.207317108061256,-54.217529296875,-54.217872619628906,True,-0.00034332275390625,107.04441845934922,660.1421633942913,554.4775326928747,-2807.5819229813205,256.40706666711054,wcl
2021-06-22 10:47:25,26365189,train,-90.92067307692308,8.58076919042147,-52.14765930175781,-52.14788818359375,True,-0.0002288818359375,82.50044002959554,660.1421633942913,580.3580986511402,-2800.6933430191552,269.39440000008403,wcl
2021-06-22 10:47:30,26365189,train,-90.48026315789474,12.202631523734643,-51.92579650878906,-51.92579650878906,True,0.0,80.16538195707463,660.1421633942913,582.9217336800746,-2801.03212564023,268.65226666704245,wcl
2021-06-22 10:47:53,26365189,train,-81.31985294117646,21.7970588908476,-52.91374969482422,-52.91374969482422,True,0.0,90.97038094438847,660.1421633942913,738.4896234485723,-2801.03212564023,296.29673333351946,wcl
2021-06-22 10:47:28,26365189,train,-90.25,12.450000286102297,-51.93511199951172,-51.93511199951172,True,0.0,80.26244093450258,660.1421633942913,582.8122373606152,-2801.03212564023,268.65226666704245,wcl
2021-06-22 10:47:29,26365189,train,-90.6875,14.899999618530272,-51.93492889404297,-51.93492889404297,True,0.0,80.26043660459786,660.1421633942913,582.8763781176641,-2801.03212564023,268.65226666704245,wcl
2021-06-22 10:48:14,26365189,train,-81.8485576923077,15.911538380842943,-63.38500213623047,-64.85431671142578,True,-1.4693145751953125,375.8492320887486,660.1421633942913,1027.279563541251,-2802.9518938264778,297.40993333229085,wcl
2021-06-22 10:48:02,26365189,train,-77.3875,16.899999618530273,-59.188987731933594,-59.95551300048828,True,-0.7665252685546875,212.54388027573745,660.1421633942913,863.4619103771496,-2803.40360398787,296.8533333336961,wcl
2021-06-22 10:47:33,26365189,train,-91.4351851851852,8.629629664950901,-51.92579650878906,-51.92579650878906,True,0.0,80.16538195707463,660.1421633942913,582.9217336800746,-2801.03212564023,268.65226666704245,wcl
2021-06-22 10:47:40,26365189,train,-87.48706896551724,10.71724141877273,-49.309051513671875,-49.309051513671875,True,0.0,56.12869666522712,660.1421633942913,610.552484460571,-2800.9191980999117,269.39440000008403,wcl
2021-06-22 10:48:05,26365189,train,-79.74568965517241,13.375862055811387,-60.507476806640625,-61.50273132324219,True,-0.9952545166015625,254.66955011570442,660.1421633942913,905.7882446467995,-2803.290676447552,296.8533333336961,wcl
2021-06-22 10:47:39,26365189,train,-89.46120689655173,11.63448271258124,-50.07292938232422,-50.07292938232422,True,0.0,62.549788729127336,660.1421633942913,602.8740911677125,-2801.03212564023,268.65226666704245,wcl
2021-06-22 10:47:21,26365189,train,-89.05092592592592,11.992592687960023,-53.073577880859375,-53.0738525390625,True,-0.000274658203125,92.8268962798042,660.1421633942913,569.3761719391308,-2801.370908261424,267.5390666666891,wcl
2021-06-22 10:47:32,26365189,train,-90.65988372093024,11.118604637855707,-51.92579650878906,-51.92579650878906,True,0.0,80.16538195707463,660.1421633942913,582.9217336800746,-2801.03212564023,268.65226666704245,wcl
2021-06-22 10:47:49,26365189,train,-82.24,20.856000022888185,-48.20710754394531,-48.20738220214844,True,-0.000274658203125,47.56672511982939,564.7723643586452,590.4605358604973,-2799.451140075176,291.47286666637626,wcl
2021-06-22 10:47:48,26365189,train,-83.48379629629629,19.340740698355216,-47.195343017578125,-47.195960998535156,True,-0.00061798095703125,40.29614160245077,564.7723643586452,579.2069359343677,-2799.112357453981,289.8030666666372,wcl
2021-06-22 10:47:47,26365189,train,-81.5275,18.01199996948242,-46.57048034667969,-46.57098388671875,True,-0.0005035400390625,36.01769100080758,564.7723643586452,569.2182691565805,-2798.5477197522714,287.5766666667215,wcl
2021-06-22 10:47:50,26365189,train,-82.20601851851852,16.659259301644784,-49.369667053222656,-49.36985778808594,True,-0.00019073486328125,56.62449021839943,564.7723643586452,602.6278425327984,-2799.7899226962504,292.7716000003855,wcl
2021-06-22 10:47:43,26365189,train,-83.17307692307692,15.30384610249446,-47.11127471923828,-47.111480712890625,True,-0.00020599365234375,39.70950564543548,564.7723643586452,537.6439326481984,-2798.6606472927097,277.5578666667053,wcl
2021-06-22 10:47:12,26353923,train,-91.3340909090909,10.401818180084229,-270.0,-270.0,False,0.0,,,506.96989567409446,-2811.3085318131375,206.68413333355034,wcl
2021-06-22 10:47:13,26353923,train,-90.66051136363636,11.190909082239324,-270.0,-270.0,False,0.0,,,516.4139900009959,-2810.6309665711096,215.77526666686907,wcl
2021-06-22 10:47:14,26353923,train,-90.75,11.923076886397142,-270.0,-270.0,False,0.0,,,525.377567483564,-2810.292183950035,224.49533333366702,wcl
2021-06-22 10:47:15,26353923,train,-92.13808139534883,6.734883715940076,-270.0,-270.0,False,0.0,,,533.7994483530637,-2810.292183950035,233.40093333332987,wcl
2021-06-22 10:47:16,26353923,train,-91.62740384615384,6.126923071936919,-270.0,-270.0,False,0.0,,,541.5219268884554,-2810.066328869279,241.93546666647194,wcl
2021-06-22 10:48:34,26365188,train,-87.875,12.650000095367432,-270.0,-270.0,False,0.0,,,1227.1374266695566,-2801.5967633420605,298.1520666669144,wcl
2021-06-22 10:48:24,26365188,train,-72.4280303030303,22.42121228304776,-270.0,-270.0,False,0.0,,,1158.8309876419653,-2802.387256124767,297.40993333229085,wcl
2021-06-22 10:48:28,26365188,train,-80.56971153846153,12.11538446866549,-270.0,-270.0,False,0.0,,,1199.275281799084,-2802.274328584329,297.40993333229085,wcl
2021-06-22 10:48:23,26365188,train,-71.56521739130434,19.000000082928203,-270.0,-270.0,False,0.0,,,1146.8180660088683,-2802.5001836649653,297.2244000002169,wcl
2021-06-22 10:48:27,26365188,train,-79.47857142857143,17.2714287349156,-270.0,-270.0,False,0.0,,,1190.4389635543318,-2802.274328584329,297.2244000002169,wcl
2021-06-22 10:48:22,26365188,train,-78.4,17.197777875264485,-270.0,-270.0,False,0.0,,,1134.2172552155675,-2802.5001836649653,297.2244000002169,wcl
2021-06-22 10:48:32,26365188,train,-85.515625,12.949999809265137,-270.0,-270.0,False,0.0,,,1221.685496959277,-2801.9355459631347,297.7810000003936,wcl
2021-06-22 10:48:29,26365188,train,-84.75,15.482608795166016,-270.0,-270.0,False,0.0,,,1206.8881839419996,-2802.274328584329,297.40993333229085,wcl
2021-06-22 10:48:26,26365188,train,-85.20833333333333,15.796296331617569,-270.0,-270.0,False,0.0,,,1180.7132115919396,-2802.387256124767,297.2244000002169,wcl
2021-06-22 10:48:25,26365188,train,-78.07291666666667,18.991666714350384,-270.0,-270.0,False,0.0,,,1170.2884484668368,-2802.387256124767,297.40993333229085,wcl
2021-06-22 10:48:33,26365188,train,-87.375,13.699999809265137,-270.0,-270.0,False,0.0,,,1224.7374803726275,-2801.7096908824988,297.9665333332585,wcl
2021-06-22 10:48:30,26365188,train,-82.95138888888889,18.125925841154874,-270.0,-270.0,False,0.0,,,1212.7850594024346,-2802.16140104377,297.5954666667377,wcl
2021-06-22 10:48:35,26365188,train,-88.390625,11.87500007947286,-270.0,-270.0,False,0.0,,,1215.952996380106,-2801.822618422696,300.0074000003093,wcl
2021-06-22 10:48:39,26365188,train,-86.140625,9.338888896836174,-270.0,-270.0,False,0.0,,,1225.5794440002105,-2802.387256124767,310.5827999997112,wcl
2021-06-22 10:48:36,26365188,train,-89.02702702702703,10.77297298972671,-270.0,-270.0,False,0.0,,,1217.6567887661374,-2801.9355459631347,302.6048666667458,wcl
2021-06-22 10:48:40,26365188,train,-89.52462121212122,9.71969698414658,-270.0,-270.0,False,0.0,,,1229.9990901923072,-2802.274328584329,312.62366666597103,wcl
2021-06-22 10:48:38,26365188,train,-86.47413793103448,3.603448275862069,-270.0,-270.0,False,0.0,,,1222.4137832308097,-2803.064821366796,307.9853333332747,wcl
2021-06-22 10:48:37,26365188,train,-86.94196428571429,9.73333336058117,-270.0,-270.0,False,0.0,,,1219.7933660899168,-2802.5001836649653,305.2023333331823,wcl
2021-06-22 10:48:41,26365188,train,-89.96006944444444,12.447222232818604,-270.0,-270.0,False,0.0,,,1235.5602638748985,-2801.145053180668,315.4066666668544,wcl
2021-06-22 10:48:43,26365188,train,-88.0475,12.712000045776367,-270.0,-270.0,False,0.0,,,1148.6389203019041,-2794.8211109203335,320.0450000003417,wcl
2021-06-22 10:48:46,26365188,train,-88.3586956521739,8.441304383070573,-270.0,-270.0,False,0.0,,,1171.6894902318095,-2775.397573978058,324.12673333365234,wcl
2021-06-22 10:48:45,26365188,train,-88.20833333333333,10.47333329518636,-270.0,-270.0,False,0.0,,,1163.6376134808559,-2782.7378641016153,322.8280000004341,wcl
2021-06-22 10:48:44,26365188,train,-88.26602564102564,12.369230734996307,-270.0,-270.0,False,0.0,,,1155.9042672833705,-2789.2876614424654,321.52926666642486,wcl
2021-06-22 10:48:49,26365188,train,-88.22039473684211,10.449999984941984,-270.0,-270.0,False,0.0,,,1199.0469089663045,-2750.1018049368404,327.46633333233945,wcl
2021-06-22 10:48:53,26365188,train,-85.90625,9.661538472542397,-270.0,-270.0,False,0.0,,,1239.9423920688514,-2713.1744992382974,332.10466666661773,wcl
2021-06-22 10:48:47,26365188,train,-88.9599358974359,-0.917948718636464,-270.0,-270.0,False,0.0,,,1180.3031820232934,-2767.379718612352,325.0544000003498,wcl
2021-06-22 10:48:52,26365188,train,-86.11979166666667,11.213888870345222,-270.0,-270.0,False,0.0,,,1229.044362483274,-2722.660412628739,331.36253333357615,wcl
2021-06-22 10:48:42,26365188,train,-88.40125,11.534000005722046,-270.0,-270.0,False,0.0,,,1142.1601149135256,-2798.773574832907,318.0041333332909,wcl
2021-06-22 10:48:50,26365188,train,-86.70178571428572,10.754285730634416,-270.0,-270.0,False,0.0,,,1208.9151236579662,-2741.1805292481095,328.57953333348377,wcl
2021-06-22 10:48:54,26365188,train,-84.54326923076923,12.346153864493736,-270.0,-270.0,False,0.0,,,1251.196121831637,-2703.8015133884146,332.6612666660034,wcl
2021-06-22 10:48:55,26365188,train,-84.2925,16.04400001525879,-270.0,-270.0,False,0.0,,,1163.1129744446598,-2694.6543826190473,333.2178666669711,wcl
2021-06-22 10:48:58,26365188,train,-83.54017857142857,15.907142877578735,-270.0,-270.0,False,0.0,,,1199.5916630289482,-2666.4224975283587,335.8153333334076,wcl
2021-06-22 10:48:56,26365188,train,-86.03125,16.3115386229295,-270.0,-270.0,False,0.0,,,1175.1535306735777,-2685.3943243092417,333.96000000001266,wcl
2021-06-22 10:49:02,26365188,train,-85.5625,19.5,-270.0,-270.0,False,0.0,,,1248.243461357524,-2621.3644089237914,341.937933333769,wcl
2021-06-22 10:49:00,26365188,train,-85.545,16.61200008392334,-270.0,-270.0,False,0.0,,,1223.3563076303763,-2645.643830101545,338.4127999998441,wcl
2021-06-22 10:48:57,26365188,train,-85.5324074074074,16.040740648905437,-270.0,-270.0,False,0.0,,,1187.4185925901654,-2676.0213384591184,334.8876666667101,wcl
2021-06-22 10:49:01,26365188,train,-85.59722222222223,17.2111111746894,-270.0,-270.0,False,0.0,,,1235.5091093757783,-2633.899365904022,340.0826000003741,wcl
2021-06-22 10:48:59,26365188,train,-84.70439189189189,16.61351340525859,-270.0,-270.0,False,0.0,,,1211.4077152907014,-2656.3719464362066,336.74300000010504,wcl
2021-06-22 10:49:07,26365188,train,-83.75,7.5,-270.0,-270.0,False,0.0,,,1213.647195932581,-2558.3508414015637,348.80266666638107,wcl
2021-06-22 10:49:10,26365188,train,-87.91554054054055,6.832432421478066,-270.0,-270.0,False,0.0,,,1252.2997028216216,-2521.9881734047312,352.5133333331709,wcl
2021-06-22 10:49:04,26365188,train,-86.75,15.300000190734863,-270.0,-270.0,False,0.0,,,1175.2409638165047,-2595.278147099987,344.9064666667263,wcl
2021-06-22 10:49:09,26365188,train,-87.01432291666667,5.395833318432172,-270.0,-270.0,False,0.0,,,1239.4529105166293,-2534.523130384962,351.40013333360855,wcl
2021-06-22 10:49:08,26365188,train,-85.895,9.229999952316284,-270.0,-270.0,False,0.0,,,1226.4939856807132,-2546.6063772038,350.1014000003903,wcl
2021-06-22 10:49:11,26365188,train,-87.61397058823529,8.223529376235662,-270.0,-270.0,False,0.0,,,1265.0124280256398,-2509.114433803426,353.81206666638917,wcl
2021-06-22 10:49:06,26365188,train,-85.34375,16.200000286102295,-270.0,-270.0,False,0.0,,,1201.024673017893,-2570.0953055990876,347.6894666660277,wcl
2021-06-22 10:49:05,26365188,train,-86.5,19.200000762939453,-270.0,-270.0,False,0.0,,,1188.312005396483,-2582.404407498682,346.39073333360045,wcl
2021-06-22 10:49:13,26365188,train,-92.97048611111111,1.3111111058129206,-270.0,-270.0,False,0.0,,,1191.9769167758554,-2482.4635342780316,356.22399999996077,wcl
2021-06-22 10:49:12,26365188,train,-90.39583333333331,3.3148148139869726,-270.0,-270.0,False,0.0,,,1178.7067316471057,-2495.9019115811675,354.9252666667425,wcl
2021-06-22 10:49:14,26365188,train,-93.99107142857144,0.4342857186283384,-270.0,-270.0,False,0.0,,,1205.247234357218,-2468.9122294345784,357.522733333179,wcl
2021-06-22 10:49:15,26365188,train,-92.64460784313724,-1.0058823590185129,-270.0,-270.0,False,0.0,,,1218.6296944813296,-2455.3609245910043,358.82146666639727,wcl
2021-06-22 10:49:16,26363653,train,-86.60379464285714,5.001785710453987,-270.0,-270.0,False,0.0,,,1232.0122877865679,-2441.809619747551,360.1202000004065,wcl
2021-06-22 10:49:17,26363653,train,-85.86607142857143,7.021428572280066,-270.0,-270.0,False,0.0,,,1245.0823855103451,-2428.2583149040975,361.41893333362475,wcl
2021-06-22 10:49:18,26363653,train,-85.42682926829268,7.907317080148837,-270.0,-270.0,False,0.0,,,1257.704415369271,-2414.819937601082,362.5321333331871,wcl
2021-06-22 10:49:19,26363653,train,-86.2375,8.308571406773158,-270.0,-270.0,False,0.0,,,1270.1910157670454,-2401.7203429187803,363.4597999998846,wcl
2021-06-22 10:49:20,26363653,train,-85.140625,9.095833321412403,-270.0,-270.0,False,0.0,,,1183.0931481637908,-2389.2983134791084,364.20193333371714,wcl
2021-06-22 10:49:21,26363653,train,-81.9951923076923,6.42692309159499,-270.0,-270.0,False,0.0,,,1194.6559787756332,-2377.5538492813444,364.94406666596774,wcl
2021-06-22 10:49:22,26363653,train,-77.68452380952381,8.897619054431008,-270.0,-270.0,False,0.0,,,1205.6595819079403,-2366.599877866167,365.6861999998003,wcl
2021-06-22 10:49:23,26363653,train,-80.00914634146342,9.919512143949182,-270.0,-270.0,False,0.0,,,1216.103879833122,-2356.436399233577,366.79940000015364,wcl
2021-06-22 10:49:24,26363653,train,-82.6221590909091,7.745454571463845,-270.0,-270.0,False,0.0,,,1225.8267417353811,-2346.7246307624996,367.5415333331952,wcl
2021-06-22 10:49:25,26363653,train,-84.67663043478261,6.886956442957339,-270.0,-270.0,False,0.0,,,1234.4559037676918,-2337.0128622913016,368.65473333354856,wcl
2021-06-22 10:49:26,26363653,train,-85.8425,4.412000021934509,-270.0,-270.0,False,0.0,,,1242.139964871309,-2327.188166279786,369.76793333231996,wcl
2021-06-22 10:49:27,26363653,train,-85.85979729729729,7.018918926651414,-270.0,-270.0,False,0.0,,,1248.5062662041953,-2317.3634702682702,371.25219999998507,wcl
2021-06-22 10:49:28,26363653,train,-85.88636363636364,5.422727292234248,-270.0,-270.0,False,0.0,,,1254.0394319661466,-2307.312919175998,372.5509333332033,wcl
2021-06-22 10:49:29,26363653,train,-86.65625,3.0281249838881195,-270.0,-270.0,False,0.0,,,1159.9907639985126,-2296.8106579223336,373.84966666642157,wcl
2021-06-22 10:49:30,26363653,train,-86.43145161290323,5.061290329502475,-270.0,-270.0,False,0.0,,,1164.1829594495991,-2286.195469128231,375.1484000004308,wcl
2021-06-22 10:49:31,26363653,train,-87.28571428571429,7.060714261872428,-270.0,-270.0,False,0.0,,,1167.5353450212983,-2275.3544252533716,376.44713333364905,wcl
2021-06-22 10:49:32,26363653,train,-87.09615384615384,5.892307620782119,-270.0,-270.0,False,0.0,,,1169.9672335936232,-2264.852163999587,377.9313999997322,wcl
2021-06-22 10:49:33,26363653,train,-87.09935897435898,5.797435908554456,-270.0,-270.0,False,0.0,,,1172.2024207276145,-2255.1403955285095,379.04460000008555,wcl
2021-06-22 10:49:34,26363653,train,-89.125,6.099999904632568,-270.0,-270.0,False,0.0,,,1174.6877805618597,-2246.557902460973,379.97226666599204,wcl
2021-06-22 10:49:35,26363653,train,-86.125,4.9999998807907104,-270.0,-270.0,False,0.0,,,1178.2056014952345,-2239.330539877974,380.7143999998246,wcl
2021-06-22 10:49:36,26363653,train,-87.09375,1.9500000178813928,-270.0,-270.0,False,0.0,,,1183.2029405879732,-2233.9100179405445,381.0854666663454,wcl
2021-06-22 10:49:37,26363653,train,-89.9375,-2.0999999046325684,-270.0,-270.0,False,0.0,,,1188.8974200164525,-2229.3929163258995,381.45653333365715,wcl
2021-06-22 10:49:38,26363653,train,-87.96875,1.3499999642372131,-270.0,-270.0,False,0.0,,,1194.8419504077729,-2225.6663074939615,381.82760000017794,wcl
2021-06-22 10:49:39,26363653,train,-89.625,0.800000011920929,-270.0,-270.0,False,0.0,,,1201.4836226107127,-2222.1655537427805,382.1986666666987,wcl
2021-06-22 10:49:40,26363653,train,-82.17567567567568,2.6297297453558124,-270.0,-270.0,False,0.0,,,1209.216430833443,-2218.890655072235,382.9407999997403,wcl
2021-06-22 10:49:41,26363653,train,-81.41391509433963,3.2056603534322865,-270.0,-270.0,False,0.0,,,1217.8434363062206,-2215.389901321054,383.1263333333962,wcl
2021-06-22 10:49:42,26363653,train,-81.30528846153847,6.307692261842581,-270.0,-270.0,False,0.0,,,1227.8382591484497,-2211.0986547872853,383.86846666643777,wcl
2021-06-22 10:49:43,26363653,train,-83.517578125,5.46562498062849,-270.0,-270.0,False,0.0,,,1238.7274118664823,-2206.01691547093,384.6106000002703,wcl
2021-06-22 10:49:44,26363653,train,-82.98557692307692,8.053846157514132,-270.0,-270.0,False,0.0,,,1250.0638720308245,-2200.0317558316697,385.5382666669678,wcl
2021-06-22 10:49:45,26363653,train,-85.49,3.2239999854564667,-270.0,-270.0,False,0.0,,,1162.9358225937333,-2193.4819584906995,386.28040000000937,wcl
2021-06-22 10:49:46,26363653,train,-85.31490384615384,2.415384618135599,-270.0,-270.0,False,0.0,,,1175.0471780230398,-2186.25459590746,387.02253333225997,wcl
2021-06-22 10:49:47,26363653,train,-85.02556818181819,2.538636378266595,-270.0,-270.0,False,0.0,,,1187.0756056379673,-2178.3496680821922,387.7646666668835,wcl
2021-06-22 10:49:48,26363653,train,-84.74155405405405,1.118918916059507,-270.0,-270.0,False,0.0,,,1199.2158973357084,-2170.4447402568044,388.5067999999251,wcl
2021-06-22 10:49:49,26363652,train,-83.40851449275362,6.766666642565658,-270.0,-270.0,False,0.0,,,1211.7756164433515,-2162.7656675121725,389.24893333375763,wcl
2021-06-22 10:49:50,26363652,train,-82.99854651162791,10.806976784107295,-270.0,-270.0,False,0.0,,,1224.6420952672693,-2155.5383049289335,389.99106666600824,wcl
2021-06-22 10:49:51,26363652,train,-84.375,10.461111081971062,-270.0,-270.0,False,0.0,,,1237.59223053347,-2148.6497249668887,390.7331999998408,wcl
2021-06-22 10:49:52,26363652,train,-81.890625,10.704166730244957,-270.0,-270.0,False,0.0,,,1250.542549892259,-2141.648217464405,391.47533333367335,wcl
2021-06-22 10:49:53,26363652,train,-83.14,9.332000017166138,-270.0,-270.0,False,0.0,,,1263.3814030502829,-2134.3079273409685,392.4030000003708,wcl
2021-06-22 10:49:54,26363652,train,-81.77604166666667,9.50416668256124,-270.0,-270.0,False,0.0,,,1275.8298582510286,-2126.5159270557783,393.3306666670683,wcl
2021-06-22 10:49:55,26363652,train,-82.89880952380952,10.67857145127796,-270.0,-270.0,False,0.0,,,1288.0831238810388,-2118.1592890688776,394.25833333376573,wcl
2021-06-22 10:49:56,26363652,train,-83.17647058823529,10.984313749799542,-270.0,-270.0,False,0.0,,,1299.8623185318786,-2108.899230759433,395.1859999996722,wcl
2021-06-22 10:49:57,26363652,train,-84.26724137931035,10.158620719251962,-270.0,-270.0,False,0.0,,,1212.5637547200868,-2098.396969505528,396.1136666663697,wcl
2021-06-22 10:49:58,26363652,train,-86.58101851851852,5.703703705359389,-270.0,-270.0,False,0.0,,,1223.8368325265296,-2086.765432848202,397.04133333227617,wcl
2021-06-22 10:49:59,26363652,train,-89.1341911764706,4.044117652318057,-270.0,-270.0,False,0.0,,,1234.5229335226147,-2074.6821860296045,397.9689999997646,wcl
2021-06-22 10:50:00,26363652,train,-87.96370967741936,7.038709704433718,-270.0,-270.0,False,0.0,,,1244.704006801857,-2062.711866751084,399.08220000011795,wcl
2021-06-22 10:50:01,29127685,train,-82.4625,14.969999885559082,-61.972801208496094,-63.20896911621094,True,-1.2361679077148438,310.5776808357201,1538.3014301921262,1242.6858178904774,-2050.741547472684,400.1953999996803,wcl
2021-06-22 10:50:02,29127685,train,-81.18604651162791,15.451162781826286,-61.744415283203125,-62.952186584472656,True,-1.2077713012695312,301.4530771984812,1538.3014301921262,1252.4258259626856,-2038.7712281942843,401.49413333368955,wcl
2021-06-22 10:50:03,29127685,train,-81.14358108108108,14.954054162308976,-61.517478942871094,-62.68705749511719,True,-1.1695785522460938,292.30830031256363,1538.3014301921262,1262.0830300981536,-2026.9138364563225,402.6073333332519,wcl
2021-06-22 10:50:04,29127685,train,-81.2548076923077,14.04615380213811,-61.28672790527344,-62.41722106933594,True,-1.1304931640625,283.2805347550259,1538.3014301921262,1271.7253820772776,-2015.2822997988767,403.72053333360526,wcl
2021-06-22 10:50:05,29127685,train,-81.375,13.839999961853028,-61.052635192871094,-62.143280029296875,True,-1.0906448364257812,274.3951649586815,1538.3014301921262,1281.2551920590806,-2003.4249080607947,404.83373333316763,wcl
2021-06-22 10:50:06,29127685,train,-81.5985576923077,12.365384615384617,-60.82432556152344,-61.868408203125,True,-1.0440826416015625,265.75418874737704,1439.4873904208791,1190.9136743684517,-1991.5675163228327,405.946933333521,wcl
2021-06-22 10:50:07,29127685,train,-82.185,12.932000007629394,-60.594390869140625,-61.59943389892578,True,-1.0050430297851562,257.5560748292852,1439.4873904208791,1199.7694167397135,-1979.5971970443127,407.2456666667392,wcl
2021-06-22 10:50:08,29127685,train,-82.32932692307692,14.253846058478722,-60.37858581542969,-61.346923828125,True,-0.9683380126953125,250.0844531975436,1439.4873904208791,1207.9339542666523,-1967.5139502255945,408.35886666709257,wcl
2021-06-22 10:50:09,29127685,train,-83.17467948717949,11.982051299168514,-60.170684814453125,-61.10362243652344,True,-0.9329376220703125,243.08546559155292,1439.4873904208791,1214.9757242520116,-1955.5436309471945,409.47206666665494,wcl
2021-06-22 10:50:10,29127685,train,-83.4425,11.116000022888183,-59.96588897705078,-60.86395263671875,True,-0.8980636596679688,236.37761081407172,1439.4873904208791,1221.9692072857824,-1943.6862392089924,410.5852666670083,wcl
2021-06-22 10:50:11,29127685,train,-84.8125,10.800000190734863,-59.75267028808594,-60.614501953125,True,-0.8618316650390625,229.58699882453195,1439.4873904208791,1229.4589378948463,-1932.167630092105,411.51293333370575,wcl
2021-06-22 10:50:12,29127685,train,-86.1875,12.550000190734863,-59.525001525878906,-60.3482666015625,True,-0.8232650756835938,222.54791340449765,1439.4873904208791,1236.9986847447003,-1920.7619485155356,412.6261333332681,wcl
2021-06-22 10:50:13,29127685,train,-85.47256097560975,9.807317059214522,-59.28192901611328,-60.064208984375,True,-0.7822799682617188,215.26841348210675,1439.4873904208791,1245.0675235154754,-1909.5821220197224,413.5537999999656,wcl
2021-06-22 10:50:14,29127685,train,-86.50551470588235,8.532352938371545,-59.01670837402344,-59.75462341308594,True,-0.7379150390625,207.59598249750624,1340.8492101016748,1154.331548881821,-1898.7410781448634,414.48146666666304,wcl
2021-06-22 10:50:15,29127685,train,-89.69744318181819,7.940909082239324,-58.71343994140625,-59.40116882324219,True,-0.6877288818359375,199.1586862134353,1340.8492101016748,1163.975099533825,-1888.238816891199,415.5946666670164,wcl
2021-06-22 10:50:16,29127685,train,-89.40566037735849,9.092452804997285,-58.384666442871094,-59.01885223388672,True,-0.634185791015625,190.40299654877296,1340.8492101016748,1174.2748526234664,-1877.9624107181705,416.70786666657875,wcl
2021-06-22 10:50:17,29127685,train,-90.61853448275862,7.831034430142107,-58.033599853515625,-58.61327362060547,True,-0.5796737670898438,181.5173464274779,1340.8492101016748,1184.81752051003,-1867.6860045453825,417.8210666669321,wcl
2021-06-22 10:50:18,29127685,train,-90.39655172413794,7.037931014751566,-57.66498565673828,-58.18737030029297,True,-0.5223846435546875,172.61187720877416,1340.8492101016748,1195.4906718597294,-1857.4095983722339,418.74873333362956,wcl
2021-06-22 10:50:19,29127685,train,-89.65277777777777,8.588888989554512,-57.287445068359375,-57.75318145751953,True,-0.46573638916015625,163.95997469469424,1340.8492101016748,1206.258122105903,-1846.9073371185696,419.8619333331919,wcl
2021-06-22 10:50:20,29127685,train,-88.90217391304348,8.38695648442144,-56.900970458984375,-57.31116485595703,True,-0.41019439697265625,155.57246716969195,1340.8492101016748,1217.0255847272251,-1836.6309309455407,420.7895999998894,wcl
2021-06-22 10:50:21,29127685,train,-87.201171875,9.756249979138374,-56.523399353027344,-56.88201141357422,True,-0.358612060546875,147.8145633056536,1340.8492101016748,1227.136774298557,-1827.0320900147815,421.71726666658685,wcl
2021-06-22 10:50:22,29127685,train,-87.33173076923077,11.180769186753492,-56.15138244628906,-56.4620361328125,True,-0.3106536865234375,140.5715182216593,1340.8492101016748,1237.117500792213,-1818.4495969472448,422.4594000004194,wcl
2021-06-22 10:50:23,29127685,train,-88.0575,10.983999977111816,-55.802040100097656,-56.06964874267578,True,-0.267608642578125,134.1010338481233,1340.8492101016748,1246.6306062762771,-1810.9963792833694,423.201533333461,wcl
2021-06-22 10:50:24,29127685,train,-90.04340277777777,9.599999878141617,-55.45921325683594,-55.688262939453125,True,-0.2290496826171875,128.07398257643553,1340.8492101016748,1256.0313453126632,-1805.4629298056218,423.75813333363766,wcl
2021-06-22 10:50:25,29127685,train,-93.1375,9.23599998474121,-55.10804748535156,-55.30052185058594,True,-0.192474365234375,122.19881707139083,1340.8492101016748,1265.6749043632785,-1800.7199731102205,423.94366666650257,wcl
2021-06-22 10:50:26,29127685,train,-92.92307692307692,10.37307700744042,-54.75413513183594,-54.91339874267578,True,-0.15926361083984375,116.57534096214486,1242.4287751335514,1176.392767469319,-1797.2192193591595,423.94366666650257,wcl
2021-06-22 10:50:27,29127685,train,-92.74573863636364,11.554545445875688,-54.42799377441406,-54.560585021972656,True,-0.13259124755859375,111.65163903247547,1242.4287751335514,1186.9148511581118,-1795.0735960922752,423.94366666650257,wcl
2021-06-22 10:50:28,29127685,train,-89.9875,9.348888884650336,-54.12855529785156,-54.23680114746094,True,-0.108245849609375,107.29468316916022,1242.4287751335514,1197.6810922216775,-1794.508958390565,424.31473333302336,wcl
2021-06-22 10:50:29,29127685,train,-88.56018518518519,9.048148049248589,-53.872406005859375,-53.9637451171875,True,-0.091339111328125,103.73577024196912,1242.4287751335514,1208.2421842814229,-1794.8477410116395,424.50026666667924,wcl
2021-06-22 10:50:30,29127685,train,-90.3706896551724,9.734482830968396,-53.64234161376953,-53.718421936035156,True,-0.076080322265625,100.62548488220604,1242.4287751335514,1218.6371430097934,-1795.0735960922752,424.50026666667924,wcl
2021-06-22 10:50:31,29127685,train,-91.37121212121212,8.757575815374201,-53.468894958496094,-53.53404998779297,True,-0.065155029296875,98.34051251621203,1242.4287751335514,1229.388889391804,-1795.2994511729114,424.6858000003351,wcl
2021-06-22 10:50:32,29127685,train,-91.27960526315788,5.578947355872707,-53.37074279785156,-53.430397033691406,True,-0.05965423583984375,97.07535597106677,1242.4287751335514,1240.6099603145135,-1795.2994511729114,424.6858000003351,wcl
2021-06-22 10:50:33,29127685,train,-92.4813829787234,2.8063829590348486,-53.421630859375,-53.484046936035156,True,-0.06241607666015625,97.72849805519165,1242.4287751335514,1252.108892482782,-1795.2994511729114,424.6858000003351,wcl
2021-06-22 10:50:34,29127685,train,-92.36298076923076,4.203846174937028,-53.57109832763672,-53.64202880859375,True,-0.07093048095703125,99.67326514181096,1242.4287751335514,1263.4955983213179,-1795.2994511729114,424.6858000003351,wcl
2021-06-22 10:50:35,29127685,train,-93.6923076923077,4.664102566547883,-53.80926513671875,-53.89453125,True,-0.08526611328125,102.8499825885218,1242.4287751335514,1274.8823608485432,-1795.2994511729114,424.6858000003351,wcl
2021-06-22 10:50:36,29127685,train,-91.00694444444444,4.373333321677314,-54.13433837890625,-54.242218017578125,True,-0.107879638671875,107.36628531527745,1242.4287751335514,1286.3615423698282,-1795.2994511729114,424.6858000003351,wcl
2021-06-22 10:50:37,29127685,train,-91.435,4.979999988675117,-54.51231384277344,-54.65003967285156,True,-0.137725830078125,112.88247712675388,1242.4287751335514,1297.596279059376,-1795.2994511729114,424.6858000003351,wcl
2021-06-22 10:50:38,29127685,train,-92.7091346153846,5.065384630973522,-54.96314239501953,-55.141441345214844,True,-0.1782989501953125,119.85932105513889,1242.4287751335514,1309.3527395178032,-1795.4123787133497,424.6858000003351,wcl
2021-06-22 10:50:39,29127685,train,-93.875,2.9499999284744263,-55.38435363769531,-55.60530090332031,True,-0.220947265625,126.79581278547128,1242.4287751335514,1320.475235126871,-1795.4123787133497,424.6858000003351,wcl
2021-06-22 10:50:40,29127685,train,-96.75,2.899999976158142,-55.82245635986328,-56.092445373535156,True,-0.269989013671875,134.46933089287023,1242.4287751335514,1331.8223016724537,-1795.4123787133497,424.6858000003351,wcl
2021-06-22 10:50:41,29127685,train,-98.125,-4.400000095367432,-56.26380920410156,-56.58771514892578,True,-0.32390594482421875,142.7038683643168,1242.4287751335514,1343.4137271241307,-1795.4123787133497,424.6858000003351,wcl
2021-06-22 10:50:42,29127685,train,-101.90625,-1.300000011920929,-56.70489501953125,-57.08692932128906,True,-0.3820343017578125,151.47274966618338,1242.4287751335514,1355.1174378945516,-1795.4123787133497,424.50026666667924,wcl
2021-06-22 10:50:43,29127685,train,-98.0625,-6.599999904632568,-57.145729064941406,-57.589637756347656,True,-0.44390869140625,160.80843312425722,1242.4287751335514,1366.913637602345,-1795.4123787133497,424.6858000003351,wcl
2021-06-22 10:50:44,29127685,train,-100.6875,-1.1500000953674316,-57.56980895996094,-58.07640838623047,True,-0.5065994262695312,170.36078264231,1242.4287751335514,1378.7296282062102,-1795.4123787133497,424.50026666667924,wcl
2021-06-22 10:50:45,29127685,train,-104.4359756097561,-3.087804891714236,-57.984130859375,-58.5545654296875,True,-0.5704345703125,180.2644008689448,1242.4287751335514,1390.525839226529,-1795.4123787133497,424.50026666667924,wcl
2021-06-22 10:50:46,29127683,train,-96.50264084507042,3.5619718298106124,-270.0,-270.0,False,0.0,,,1402.4541112250806,-1795.4123787133497,424.50026666667924,wcl
2021-06-22 10:50:47,29127683,train,-95.0425,3.711999979019165,-270.0,-270.0,False,0.0,,,1414.1578155423779,-1795.4123787133497,424.50026666667924,wcl
2021-06-22 10:50:48,29127683,train,-100.25862068965516,-0.8206896313048643,-270.0,-270.0,False,0.0,,,1425.656755331454,-1795.4123787133497,424.50026666667924,wcl
2021-06-22 10:52:19,29127683,train,-103.1875,1.100000023841858,-270.0,-270.0,False,0.0,,,1477.3032959886214,-1074.0312508785212,506.50600000020376,wcl
2021-06-22 10:52:20,29127683,train,-101.34375,-2.9499999284744263,-270.0,-270.0,False,0.0,,,1488.200434463019,-1061.4962938982908,507.6191999997661,wcl
2021-06-22 10:52:21,29127683,train,-102.6875,-5.400000095367432,-270.0,-270.0,False,0.0,,,1499.0975861586787,-1049.5259746198906,508.91793333377535,wcl
2021-06-22 10:52:22,29127683,train,-101.875,-1.349999975413084,-270.0,-270.0,False,0.0,,,1509.898898155754,-1038.3461481240777,509.84559999968184,wcl
2021-06-22 10:52:23,29127683,train,-102.74031690140843,-2.9915492936549053,-270.0,-270.0,False,0.0,,,1520.7002830451627,-1028.521452112562,510.7732666663793,wcl
2021-06-22 10:52:24,29127683,train,-103.5813953488372,-2.8906976764285286,-270.0,-270.0,False,0.0,,,1531.8224468944052,-1019.9389590449048,511.51540000021186,wcl
2021-06-22 10:50:56,29127684,train,-91.23148148148148,6.229629596074422,-62.72271728515625,-64.08003234863281,True,-1.3573150634765625,343.6018481773373,1843.9788739161336,1500.6012483156042,-1795.2994511729114,424.50026666667924,wcl
2021-06-22 10:50:53,29127684,train,-93.6175,2.224000007510185,-63.20771026611328,-64.64096069335938,True,-1.4332504272460938,366.6764745762858,1843.9788739161336,1478.9065082858738,-1795.4123787133497,424.50026666667924,wcl
2021-06-22 10:50:59,29127684,train,-93.2925,5.584000043869018,-62.2420654296875,-63.52220153808594,True,-1.2801361083984375,322.0768292123484,1843.9788739161336,1522.018643555422,-1786.6040305650567,428.2109333334691,wcl
2021-06-22 10:50:49,29127684,train,-94.34375,1.98749998708566,-64.02854919433594,-65.58534240722656,True,-1.556793212890625,409.03301886185744,1843.9788739161336,1437.003815230462,-1795.4123787133497,424.50026666667924,wcl
2021-06-22 10:51:01,29127684,train,-89.8225,10.114000024795532,-61.794090270996094,-63.00080871582031,True,-1.2067184448242188,303.1606550701917,1843.9788739161336,1541.286787229187,-1773.5044358829955,430.2517999997289,wcl
2021-06-22 10:51:05,29127684,train,-86.40865384615384,14.549999970656176,-60.75474548339844,-61.78704071044922,True,-1.0322952270507812,263.2476424195106,1843.9788739161336,1581.2146610500756,-1739.5132462339236,433.77693333365386,wcl
2021-06-22 10:50:54,29127684,train,-94.22010869565216,3.6652174264840456,-63.03124237060547,-64.43710327148438,True,-1.4058609008789062,358.1186553182531,1843.9788739161336,1486.9429791463106,-1795.4123787133497,424.50026666667924,wcl
2021-06-22 10:50:57,29127684,train,-89.1875,7.08235294678632,-62.580787658691406,-63.915496826171875,True,-1.3347091674804688,337.1097492300621,1843.9788739161336,1506.9005585775205,-1794.508958390565,424.6858000003351,wcl
2021-06-22 10:51:02,29127684,train,-89.35795454545455,9.345454530282456,-61.54792785644531,-62.713783264160156,True,-1.1658554077148438,293.21773152991744,1843.9788739161336,1551.358490584848,-1765.9382906788023,431.36500000008226,wcl
2021-06-22 10:51:06,29127684,train,-85.74038461538461,12.41923082791842,-60.48278045654297,-61.468841552734375,True,-0.9860610961914062,253.66518747722753,1843.9788739161336,1590.6229605372134,-1729.914405303164,434.7046000003513,wcl
2021-06-22 10:51:08,29127684,train,-90.21205357142856,13.282142911638532,-59.96687316894531,-60.86509704589844,True,-0.898223876953125,236.40931677503875,1843.9788739161336,1607.5937468213465,-1710.0391581993758,436.74546666661115,wcl
2021-06-22 10:51:07,29127684,train,-88.9423076923077,13.661538454202503,-60.21977233886719,-61.16105651855469,True,-0.9412841796875,244.72057916314668,1843.9788739161336,1599.4047511471658,-1720.089709291648,435.8177999999137,wcl
2021-06-22 10:50:58,29127684,train,-91.22554347826087,8.178260823954707,-62.425376892089844,-63.73516082763672,True,-1.309783935546875,330.13257262722396,1843.9788739161336,1513.8550638097654,-1791.459914800776,425.2423999997208,wcl
2021-06-22 10:51:10,29127684,train,-90.50260416666669,11.04166673620542,-59.50523376464844,-60.32514953613281,True,-0.819915771484375,221.94677755764272,1744.3319266764765,1522.6878880099046,-1689.1475632323652,438.6008000000061,wcl
2021-06-22 10:51:13,29127684,train,-92.5,3.900000095367432,-58.82855224609375,-59.535247802734375,True,-0.706695556640625,202.31974325922752,1744.3319266764765,1544.860936401093,-1656.7373591483465,441.75486666661925,wcl
2021-06-22 10:51:15,29127684,train,-97.75,3.799999952316284,-58.202392578125,-58.807334899902344,True,-0.6049423217773438,185.71850383072595,1744.3319266764765,1563.6010318341885,-1634.2647786161617,443.79573333367006,wcl
2021-06-22 10:51:17,29127684,train,-91.75,7.800000190734863,-57.40553283691406,-57.88749694824219,True,-0.481964111328125,166.59167390352005,1744.3319266764765,1584.2937331322514,-1612.0180531648534,446.76426666662735,wcl
2021-06-22 10:51:12,29127684,train,-92.78125,7.349999904632568,-59.07575988769531,-59.823516845703125,True,-0.7477569580078125,209.2800967962095,1744.3319266764765,1536.8411454368118,-1667.6913305635235,440.8271999999218,wcl
2021-06-22 10:51:28,29127684,train,-89.46,10.664000072479247,-49.07682800292969,-49.117034912109375,True,-0.0402069091796875,54.5806893809245,1644.7278356605766,1619.2176265535556,-1530.7102241037715,455.1132666669045,wcl
2021-06-22 10:51:39,29127684,train,-94.4283088235294,9.320588238099042,-54.850067138671875,-55.01908874511719,True,-0.1690216064453125,118.08753096548719,1644.7278356605766,1752.3481742226604,-1529.2421660791563,456.04093333360197,wcl
2021-06-22 10:51:33,29127684,train,-89.190625,8.872500056028366,-49.70384216308594,-49.725379943847656,True,-0.02153778076171875,59.57453188314924,1644.7278356605766,1679.841509852986,-1529.580948700351,456.04093333360197,wcl
2021-06-22 10:51:36,29127684,train,-93.09464285714286,6.311428540093559,-52.54035949707031,-52.564300537109375,True,-0.0239410400390625,87.02284029470944,1644.7278356605766,1717.0139907762155,-1529.580948700351,456.04093333360197,wcl
2021-06-22 10:51:37,29127684,train,-93.9903846153846,7.787179592328194,-53.38593292236328,-53.446136474609375,True,-0.06020355224609375,97.26669180956945,1644.7278356605766,1729.0536330422945,-1529.580948700351,456.04093333360197,wcl
2021-06-22 10:51:44,29127684,train,-96.0625,4.125000044703484,-57.44557189941406,-57.93409729003906,True,-0.488525390625,167.51401531289315,1644.7278356605766,1805.0359841007712,-1508.6893537332196,458.4528666663826,wcl
2021-06-22 10:51:29,29127684,train,-89.38701923076923,10.807692271012526,-48.488670349121094,-48.551109313964844,True,-0.06243896484375,50.15824635396725,1644.7278356605766,1631.1450569353813,-1529.2421660791563,455.2987999997694,wcl
2021-06-22 10:51:24,29127684,train,-92.42129629629628,10.155555566151936,-52.71479797363281,-52.74516296386719,True,-0.030364990234375,89.04808319397922,1644.7278356605766,1569.8041279041308,-1548.5527754812338,453.2579333335096,wcl
2021-06-22 10:51:21,29127684,train,-98.075,7.5,-55.14044189453125,-55.33613586425781,True,-0.1956939697265625,122.72815207140981,1644.7278356605766,1531.7351794796414,-1571.1382835536162,451.2170666664588,wcl
2021-06-22 10:51:42,29127684,train,-94.7025,8.543999938964843,-56.54551696777344,-56.90655517578125,True,-0.3610382080078125,148.2484454008996,1644.7278356605766,1784.8128971466397,-1518.965759906248,457.15413333316434,wcl
2021-06-22 10:51:35,29127684,train,-91.25669642857144,8.192857044083732,-51.6044921875,-51.60938262939453,True,-0.00489044189453125,76.92781798503015,1644.7278356605766,1704.6157248743043,-1529.580948700351,456.04093333360197,wcl
2021-06-22 10:51:23,29127684,train,-93.64008620689656,11.196551717560869,-53.60454559326172,-53.677276611328125,True,-0.07273101806640625,100.11169018471892,1644.7278356605766,1556.9800355398909,-1555.2155003625223,452.7013333333329,wcl
2021-06-22 10:51:31,29127684,train,-89.44951923076923,13.399999911968523,-48.361412048339844,-48.42930603027344,True,-0.06789398193359375,49.23218316382704,1644.7278356605766,1654.8654706358611,-1529.01631099852,455.2987999997694,wcl
2021-06-22 10:51:27,29127684,train,-89.67788461538461,5.015384586957785,-49.900390625,-49.91712951660156,True,-0.0167388916015625,61.20459523581181,1644.7278356605766,1607.0660148049553,-1533.5334126129246,454.7422000003837,wcl
2021-06-22 10:51:19,29127684,train,-95.1537162162162,10.32162161131163,-56.39178466796875,-56.732139587402344,True,-0.34035491943359375,145.19105955010343,1644.7278356605766,1507.6563702955782,-1590.5618204960122,449.3617333322729,wcl
2021-06-22 10:51:25,29127684,train,-90.57142857142856,10.563265294444804,-51.797218322753906,-51.80413055419922,True,-0.0069122314453125,78.9085038066409,1644.7278356605766,1582.3144727046365,-1542.6805433822917,454.00006666655116,wcl
2021-06-22 10:51:30,29127684,train,-89.61677631578948,11.310526301986291,-48.217071533203125,-48.29131317138672,True,-0.07424163818359375,48.193366648292724,1644.7278356605766,1642.8258982073621,-1529.01631099852,455.2987999997694,wcl
2021-06-22 10:51:38,29127684,train,-94.63265306122447,9.226530593268723,-54.156463623046875,-54.26683044433594,True,-0.1103668212890625,107.6925438780537,1644.7278356605766,1740.8690665852203,-1529.4680211599125,456.04093333360197,wcl
2021-06-22 10:51:51,29127684,train,-96.75353773584904,2.7075471913196005,-58.99699401855469,-59.73277282714844,True,-0.73577880859375,207.06464583329637,1545.1748886034168,1746.7750228137804,-1442.1750324599313,466.05973333361817,wcl
2021-06-22 10:51:48,29127684,train,-97.3125,6.400000095367432,-58.57073974609375,-59.23614501953125,True,-0.6654052734375,195.33309648895928,1545.1748886034168,1734.647876579623,-1475.4886568667343,462.34906666603734,wcl
2021-06-22 10:51:50,29127684,train,-94.64020270270272,5.124324321746826,-58.86766052246094,-59.581947326660156,True,-0.7142868041992188,203.43202483930938,1545.1748886034168,1743.0313658027176,-1453.467786495942,464.7610000003999,wcl
2021-06-22 10:51:54,29127684,train,-97.27,2.4799999821186067,-59.28562927246094,-60.06977081298828,True,-0.7841415405273438,215.40859216243265,1545.1748886034168,1755.3826477621344,-1405.0218716806316,470.1414666669288,wcl
2021-06-22 10:51:55,29127684,train,-99.48317307692308,1.6730769156263423,-59.32896423339844,-60.12040710449219,True,-0.79144287109375,216.68993916240737,1445.6836511991264,1657.5683667671885,-1391.8093494582524,471.62573333301196,wcl
2021-06-22 10:52:05,29127684,train,-100.35472972972973,5.764864858743307,-59.590370178222656,-60.42601776123047,True,-0.8356475830078125,224.58155132100856,1346.2678048287028,1566.5856477889145,-1260.2487649361706,485.9117999999947,wcl
2021-06-22 10:52:08,29127684,train,-101.465,2.1479999461770056,-60.05155944824219,-60.96418762207031,True,-0.912628173828125,239.16086780582418,1346.2678048287028,1581.466604416345,-1221.6275461321354,490.7356666663469,wcl
2021-06-22 10:52:04,29127684,train,-97.9,5.624000043869018,-59.498863220214844,-60.319000244140625,True,-0.8201370239257812,221.78713936305394,1346.2678048287028,1563.7383628876917,-1273.0095769970374,484.61306666598546,wcl
2021-06-22 10:52:09,29127684,train,-100.7139423076923,5.138461531354831,-60.23725891113281,-61.1815185546875,True,-0.9442596435546875,245.30531739920607,1346.2678048287028,1587.7201705441562,-1208.6408789903921,492.21993333322104,wcl
2021-06-22 10:52:14,29127684,train,-103.86778846153848,0.4923076818768794,-61.469024658203125,-62.6217041015625,True,-1.152679443359375,290.0962111667883,1246.9453818400189,1534.3410314052599,-1141.6748475555912,499.08466666662406,wcl
2021-06-22 10:52:11,29127684,train,-102.28343023255816,4.283720916093782,-60.664825439453125,-61.68183898925781,True,-1.0170135498046875,260.0412719261362,1246.9453818400189,1503.7774312426266,-1182.328762085952,495.0029333333134,wcl
2021-06-22 10:52:17,29127684,train,-104.6875,-1.7000000476837158,-62.24305725097656,-63.52336883544922,True,-1.2803115844726562,322.1201400153081,1238.8537061704055,1555.408847301772,-1100.4562953232796,503.1663999999347,wcl
2021-06-22 10:52:16,29127684,train,-105.19886363636364,-1.8363636217334047,-61.99439239501953,-63.234100341796875,True,-1.2397079467773438,311.4850741927329,1238.8537061704055,1544.5592923670954,-1114.1205277071717,501.86766666671645,wcl
2021-06-22 10:52:18,29127684,train,-104.0625,1.7999998927116394,-62.48302459716797,-63.80207061767578,True,-1.3190460205078125,332.70457933543764,1138.9443745266956,1466.5351986279754,-1087.0179180201442,504.83619999967374,wcl
2021-06-22 10:52:26,33802248,train,-88.38517441860465,18.411627969076463,-59.99864196777344,-60.90228271484375,True,-0.9036407470703125,237.43801370133798,1784.044529219903,1554.7750681074308,-1005.823016499741,512.999666667086,wcl
2021-06-22 10:52:25,33802248,train,-96.08522727272728,7.318181778084148,-60.332679748535156,-61.293182373046875,True,-0.9605026245117188,248.52194845792062,1784.044529219903,1543.1862665662552,-1012.4857413810295,512.2575333332534,wcl
2021-06-22 10:52:35,33802248,train,-78.51682692307692,23.03076927478497,-56.262779235839844,-56.58653259277344,True,-0.32375335693359375,142.6837121957694,1684.1951398814285,1557.6353604475842,-989.2226680663781,515.0405333333458,wcl
2021-06-22 10:52:45,33802248,train,-84.9423076923077,13.573077000104464,-50.784141540527344,-50.78759002685547,True,-0.003448486328125,68.97543283035112,1684.1951398814285,1669.4288569176474,-916.3844045326349,522.8329333334464,wcl
2021-06-22 10:52:32,33802248,train,-86.625,15.525926024825484,-57.674896240234375,-58.19744110107422,True,-0.5225448608398438,172.8176885048988,1684.1951398814285,1524.0245136936321,-988.8838854451835,515.2260666670018,wcl
2021-06-22 10:52:27,33802248,train,-84.4375,20.872413898336475,-59.65296936035156,-60.49787902832031,True,-0.84490966796875,226.4773726066226,1684.1951398814285,1466.6713327829677,-999.7249293201629,513.5562666664716,wcl
2021-06-22 10:52:30,33802248,train,-85.6590909090909,19.17272741144353,-58.527099609375,-59.18433380126953,True,-0.6572341918945312,194.1466090777205,1684.1951398814285,1500.9744050081897,-989.5614506874524,515.0405333333458,wcl
2021-06-22 10:52:33,33802248,train,-85.505,19.07200012207032,-57.21882629394531,-57.67332458496094,True,-0.454498291015625,162.41385027150054,1684.1951398814285,1535.502371304069,-989.1097405259397,515.4115999998667,wcl
2021-06-22 10:52:46,33802248,train,-87.0,12.49999996332022,-50.67091369628906,-50.67527770996094,True,-0.004364013671875,67.93690515378984,1684.1951398814285,1680.4570572136897,-903.8494475524043,523.9461333330087,wcl
2021-06-22 10:52:34,33802248,train,-81.80288461538461,21.803845919095554,-56.750633239746094,-57.138885498046875,True,-0.38825225830078125,152.41365620315335,1684.1951398814285,1546.6250628782025,-989.3355956065757,515.0405333333458,wcl
2021-06-22 10:52:36,33802248,train,-80.10336538461539,21.63846140641433,-55.74928283691406,-56.01072692871094,True,-0.261444091796875,133.15336369274954,1684.1951398814285,1568.6456593248615,-988.5451028241091,515.2260666670018,wcl
2021-06-22 10:52:42,33802248,train,-77.20833333333333,17.15555558381257,-52.15861511230469,-52.172096252441406,True,-0.01348114013671875,82.7581882530097,1684.1951398814285,1634.6762513020078,-951.8436522063223,519.6788666660422,wcl
2021-06-22 10:52:29,33802248,train,-86.0679347826087,19.86086953204611,-58.920257568359375,-59.642120361328125,True,-0.72186279296875,204.87399130658736,1684.1951398814285,1489.4965935996727,-991.3682913332622,514.669466666034,wcl
2021-06-22 10:52:37,33802248,train,-79.59558823529412,24.455882296842688,-55.19841003417969,-55.39994812011719,True,-0.2015380859375,123.68182117119181,1684.1951398814285,1579.7503536735846,-985.3831316940021,515.5971333335225,wcl
2021-06-22 10:52:43,33802248,train,-79.2725,15.843999977111816,-51.56645202636719,-51.57057189941406,True,-0.004119873046875,76.53762147770375,1684.1951398814285,1646.3609297640032,-940.8896807912655,520.6065333335306,wcl
2021-06-22 10:52:41,33802248,train,-74.8575,19.84399993896484,-52.798736572265625,-52.831871032714844,True,-0.03313446044921875,90.0325211857836,1684.1951398814285,1623.2342565112406,-961.4424931373225,518.5656666664797,wcl
2021-06-22 10:52:28,33802248,train,-84.35336538461539,20.24230788304256,-59.29351806640625,-60.077735900878906,True,-0.7842178344726562,215.60961627671284,1684.1951398814285,1478.1491174362566,-994.8690450844435,514.2984000003042,wcl
2021-06-22 10:52:31,33802248,train,-84.9875,17.492000007629393,-58.110511779785156,-58.70085144042969,True,-0.5903396606445312,183.4018441261516,1684.1951398814285,1512.5646369273134,-988.8838854451835,515.2260666670018,wcl
2021-06-22 10:52:39,33802248,train,-76.78935185185185,19.829629756786204,-54.062355041503906,-54.16505432128906,True,-0.10269927978515625,106.3496112221022,1684.1951398814285,1601.1730039089634,-975.2196530614119,517.0814000003966,wcl
2021-06-22 10:52:38,33802248,train,-77.84183673469387,24.132653178000936,-54.63880920410156,-54.787353515625,True,-0.1485443115234375,114.79480882343142,1684.1951398814285,1590.5178730668183,-980.6401749988415,516.7103333322939,wcl
2021-06-22 10:52:40,33802248,train,-74.74074074074075,20.52222216570819,-53.44630432128906,-53.509735107421875,True,-0.0634307861328125,98.04249119918721,1684.1951398814285,1612.034998693044,-969.1215658818338,517.4524666669174,wcl
2021-06-22 10:52:44,33802248,train,-82.72115384615384,15.257692300356352,-51.096458435058594,-51.098663330078125,True,-0.00220489501953125,71.91109627233648,1684.1951398814285,1657.951083446159,-928.8064339724273,521.719733332302,wcl
2021-06-22 10:52:53,33802248,train,-81.59375,3.799999997019768,-53.52691650390625,-53.59521484375,True,-0.06829833984375,99.09364614515022,1584.3647484594524,1649.1169148185593,-817.121096554013,532.2951333332858,wcl
2021-06-22 10:52:51,33802248,train,-78.625,8.299999713897705,-52.498741149902344,-52.52143096923828,True,-0.0226898193359375,86.54843987571834,1584.3647484594524,1630.142315847538,-841.5134452723256,530.0687333333701,wcl
2021-06-22 10:52:50,33802248,train,-78.21875,17.449999809265137,-51.996673583984375,-52.00684356689453,True,-0.01016998291015625,81.01168977882574,1584.3647484594524,1620.3086610480884,-853.7096196316022,528.7700000001519,wcl
2021-06-22 10:52:49,33802248,train,-83.625,12.699999809265137,-51.518890380859375,-51.52265930175781,True,-0.0037689208984375,76.0580006258008,1584.3647484594524,1611.3155112399174,-866.0187215308357,527.6567999997985,wcl
2021-06-22 10:52:52,33802248,train,-79.8125,10.0,-53.01924133300781,-53.06163787841797,True,-0.04239654541015625,92.68438267402203,1584.3647484594524,1639.7516346340929,-829.4301984536077,531.1819333337235,wcl
2021-06-22 10:52:48,33802248,train,-87.6929347826087,10.052173904750658,-51.0677490234375,-51.0701904296875,True,-0.00244140625,71.6387762618244,1584.3647484594524,1601.7425883417873,-878.4407509708689,526.5436000002362,wcl
2021-06-22 10:52:54,33802248,train,-85.5,0.5,-53.98731231689453,-54.08485412597656,True,-0.09754180908203125,105.30148388309799,1584.3647484594524,1658.0862554572561,-804.5861395739028,533.593866666504,wcl
2021-06-22 10:52:55,33802248,train,-84.82051282051282,0.1282051734817333,-54.39044189453125,-54.518394470214844,True,-0.12795257568359375,111.07530477403061,1484.5571875551789,1566.8301971086564,-791.9382550532338,534.7070666668574,wcl
2021-06-22 10:53:37,33802248,train,-97.25,6.800000190734863,-58.60969543457031,-59.28125,True,-0.6715545654296875,196.3717449099794,1085.6811645067712,1268.360944798892,-324.6440930337605,585.7287333336359,wcl
2021-06-22 10:53:35,33802248,train,-96.25,-4.0,-58.052001953125,-58.63407897949219,True,-0.5820770263671875,181.96337211687475,1085.6811645067712,1252.7019814461478,-343.9547024355975,583.687866666585,wcl
2021-06-22 10:53:38,33802248,train,-95.40625,-4.049999803304672,-58.892250061035156,-59.61004638671875,True,-0.7177963256835938,204.10406259603872,1085.6811645067712,1276.7352067248457,-315.6098898047112,586.8419333331983,wcl
2021-06-22 10:53:34,33802248,train,-93.25,6.949999809265137,-57.769989013671875,-58.30755615234375,True,-0.537567138671875,175.0819964187781,1085.6811645067712,1245.1098120267054,-354.5698912298206,582.5746666670227,wcl
2021-06-22 10:53:32,33802248,train,-92.53125,7.599999904632568,-57.171974182128906,-57.620269775390625,True,-0.44829559326171875,161.39432098728406,1085.6811645067712,1230.0657847979842,-377.4941819232773,579.9771999997952,wcl
2021-06-22 10:53:36,33802248,train,-95.96875,0.1500000059604644,-58.33335876464844,-58.96003723144531,True,-0.626678466796875,189.08932021486805,1085.6811645067712,1260.43355867968,-334.01707888376365,584.9865999998033,wcl
2021-06-22 10:53:33,33802248,train,-93.125,7.300000190734863,-57.47434997558594,-57.966758728027344,True,-0.49240875244140625,168.16335039682008,1085.6811645067712,1237.490006320722,-365.8626452659517,581.2759333330134,wcl
2021-06-22 10:53:39,33802248,train,-95.09375,6.049999952316284,-59.1815185546875,-59.94755554199219,True,-0.7660369873046875,212.34599728688352,1085.6811645067712,1285.809403412753,-306.68861411598,587.7695999998957,wcl
2021-06-22 10:53:44,33802248,train,-96.8125,4.099999904632568,-60.622413635253906,-61.63311004638672,True,-1.0106964111328125,258.5688189430948,986.104445748795,1235.9728592601455,-263.7761487784173,592.2223999997271,wcl
2021-06-22 10:53:48,33802248,train,-97.875,6.550000190734863,-61.71210479736328,-62.90638732910156,True,-1.1942825317382812,299.8536025770107,986.104445748795,1278.6385769364142,-225.04200243418458,596.6752000003496,wcl
2021-06-22 10:53:45,33802248,train,-99.09375,2.5,-60.899444580078125,-61.95720672607422,True,-1.0577621459960938,268.5161691821989,986.104445748795,1246.2971107221244,-254.51609046873205,593.1500666664247,wcl
2021-06-22 10:53:49,33802248,train,-98.375,1.2999999523162842,-61.972320556640625,-63.209617614746094,True,-1.2372970581054688,310.60105324706336,986.104445748795,1289.6616927826262,-215.3302339629867,597.4173333333911,wcl
2021-06-22 10:53:50,33802248,train,-96.125,1.899999976158142,-62.23065185546875,-63.508941650390625,True,-1.278289794921875,321.5811192628538,986.104445748795,1300.9080986322713,-205.73139303210684,597.602866667047,wcl
2021-06-22 10:53:42,33802248,train,-93.4375,13.899999618530272,-60.06572723388672,-60.98155212402344,True,-0.9158248901367188,239.64627109134517,986.104445748795,1216.1639592156148,-281.16698999436716,590.3670666663322,wcl
2021-06-22 10:53:43,33802248,train,-93.09375,4.149999976158142,-60.34503173828125,-61.30845642089844,True,-0.9634246826171875,248.96528149676277,986.104445748795,1225.9834180992639,-272.6974244670282,591.2947333330296,wcl
2021-06-22 10:53:41,33802248,train,-98.15625,6.0,-59.77867889404297,-60.64563751220703,True,-0.8669586181640625,230.4240704927118,986.104445748795,1206.5095456833233,-289.5236279810271,589.6249333332906,wcl
2021-06-22 10:53:47,33802248,train,-98.15625,4.850000143051148,-61.443443298339844,-62.592926025390625,True,-1.1494827270507812,289.1274875804964,986.104445748795,1267.6155929243948,-234.9796259860184,595.5619999999963,wcl
2021-06-22 10:53:40,33802248,train,-95.875,5.300000190734863,-59.481658935546875,-60.298240661621094,True,-0.8165817260742188,221.24916385176664,986.104445748795,1196.6381793604871,-298.10612104856375,588.6972666665931,wcl
2021-06-22 10:53:46,33802248,train,-98.0,1.5,-61.17310333251953,-62.27714538574219,True,-1.1040420532226562,278.7026117252063,986.104445748795,1256.8446755327454,-244.8043219975342,594.263266665987,wcl
2021-06-22 10:53:51,33802248,train,-96.6875,6.599999904632568,-62.481292724609375,-63.80006408691406,True,-1.3187713623046875,332.62720633466495,886.6230117058192,1213.5197339884128,-196.01962456102933,597.0462666668703,wcl
2021-06-22 10:52:56,40848128,train,-80.43557692307692,15.167692360511191,-270.0,-270.0,False,0.0,,,1574.6144070307168,-779.1774429923671,536.0058000000756,wcl
2021-06-22 10:52:57,40848128,train,-81.78055555555555,13.677777745988632,-270.0,-270.0,False,0.0,,,1581.1852571944112,-766.4166309313803,537.119000000429,wcl
2021-06-22 10:52:58,40848128,train,-83.94176136363636,10.375000048767436,-270.0,-270.0,False,0.0,,,1586.7462075370595,-753.7687464108317,538.4177333336472,wcl
2021-06-22 10:52:59,40848128,train,-81.203125,13.775000095367432,-270.0,-270.0,False,0.0,,,1591.1641959752,-741.1208618901627,539.9019999997304,wcl
2021-06-22 10:53:00,40848128,train,-83.66185897435898,9.948717960944542,-270.0,-270.0,False,0.0,,,1594.6844776584971,-728.5859049099321,541.2007333337397,wcl
2021-06-22 10:53:01,40848128,train,-85.87882653061224,8.463265294931373,-270.0,-270.0,False,0.0,,,1597.755903022192,-716.1638754701397,542.4994666669579,wcl
2021-06-22 10:53:02,40848128,train,-85.28472222222223,8.086111148198446,-270.0,-270.0,False,0.0,,,1599.7965792798652,-703.8547735705451,543.7982000001762,wcl
2021-06-22 10:53:03,40848128,train,-84.1025,9.023999977111815,-270.0,-270.0,False,0.0,,,1501.523577382661,-692.1103093729015,544.9113999997385,wcl
2021-06-22 10:53:04,40848128,train,-82.50961538461539,8.050000007335957,-270.0,-270.0,False,0.0,,,1502.196264718882,-680.7046277963321,546.2101333337478,wcl
2021-06-22 10:53:05,40848128,train,-82.8475,10.656000061035156,-270.0,-270.0,False,0.0,,,1502.196264718882,-669.637728840837,547.3233333333101,wcl
2021-06-22 10:53:06,40848128,train,-82.875,11.506451606750488,-270.0,-270.0,False,0.0,,,1502.196264718882,-658.9096125064164,548.4365333336634,wcl
2021-06-22 10:53:07,40848128,train,-83.075,10.008000020980836,-270.0,-270.0,False,0.0,,,1502.196264718882,-648.2944237123135,549.5497333332258,wcl
2021-06-22 10:53:08,40848128,train,-83.25240384615384,9.942307683137749,-270.0,-270.0,False,0.0,,,1502.196264718882,-638.0180175392851,550.4773999999234,wcl
2021-06-22 10:53:09,40848128,train,-82.86342592592592,11.14814821879069,-270.0,-270.0,False,0.0,,,1502.196264718882,-628.8708867700383,552.3327333333182,wcl
2021-06-22 10:53:10,40848128,train,-82.94153225806451,11.37096777269917,-270.0,-270.0,False,0.0,,,1502.196264718882,-620.7401038637735,553.6314666665364,wcl
2021-06-22 10:53:11,40848128,train,-83.03125,9.4200000166893,-270.0,-270.0,False,0.0,,,1502.196264718882,-613.2868862000184,554.7446666668898,wcl
2021-06-22 10:53:12,40848128,train,-83.10129310344827,8.982758596025665,-270.0,-270.0,False,0.0,,,1502.196264718882,-605.7207409958252,555.6723333335873,wcl
2021-06-22 10:53:13,40848128,train,-82.74568965517241,10.289655241472968,-270.0,-270.0,False,0.0,,,1402.966965164041,-597.4770305492425,556.4144666666289,wcl
2021-06-22 10:53:14,40848128,train,-82.5186170212766,9.77234040929916,-270.0,-270.0,False,0.0,,,1402.966965164041,-588.4428273203135,557.1565999996704,wcl
2021-06-22 10:53:15,40848128,train,-82.6325,8.348000087738036,-270.0,-270.0,False,0.0,,,1402.966965164041,-578.5052037683595,558.2698000000238,wcl
2021-06-22 10:53:16,40848128,train,-82.65524193548387,7.987096709589804,-270.0,-270.0,False,0.0,,,1402.966965164041,-567.8900149742566,559.1974666667213,wcl
2021-06-22 10:53:17,40848128,train,-82.77,5.699999980926513,-270.0,-270.0,False,0.0,,,1402.966965164041,-556.4843333976872,560.3106666670747,wcl
2021-06-22 10:53:18,40848128,train,-82.79567307692308,9.207692375549904,-270.0,-270.0,False,0.0,,,1402.966965164041,-544.6269416596052,561.7949333331578,wcl
2021-06-22 10:53:19,40848128,train,-82.745,9.755999870300291,-270.0,-270.0,False,0.0,,,1402.966965164041,-532.4307673005693,563.2792000000319,wcl
2021-06-22 10:53:20,40848128,train,-82.82211538461539,9.896153853489803,-270.0,-270.0,False,0.0,,,1402.966965164041,-520.347520481731,564.3924000003852,wcl
2021-06-22 10:53:21,40848128,train,-82.59375,8.850000143051147,-270.0,-270.0,False,0.0,,,1402.966965164041,-508.264273663013,565.6911333336035,wcl
2021-06-22 10:53:22,40848128,train,-82.65625,11.5,-270.0,-270.0,False,0.0,,,1303.8554340676876,-496.293954384613,566.8043333331659,wcl
2021-06-22 10:53:23,40848128,train,-82.9375,13.0,-270.0,-270.0,False,0.0,,,1303.8554340676876,-484.43656264665134,568.1030666663842,wcl
2021-06-22 10:53:24,40848128,train,-82.59375,12.299999713897703,-270.0,-270.0,False,0.0,,,1303.8554340676876,-472.5791709085694,568.8452000002167,wcl
2021-06-22 10:53:25,40848128,train,-82.4375,5.900000095367432,-270.0,-270.0,False,0.0,,,1303.8554340676876,-460.83470671080534,569.958399999779,wcl
2021-06-22 10:53:26,40848128,train,-83.1875,6.500000238418579,-270.0,-270.0,False,0.0,,,1303.8554340676876,-448.9773149726029,571.0716000001323,wcl
2021-06-22 10:53:27,40848128,train,-82.375,10.300000190734863,-270.0,-270.0,False,0.0,,,1303.8554340676876,-437.0069956944437,572.1847999996947,wcl
2021-06-22 10:53:28,40848128,train,-84.9375,3.1500000059604645,-270.0,-270.0,False,0.0,,,1306.341688414361,-425.0366764159234,573.6690666665688,wcl
2021-06-22 10:53:29,40848128,train,-86.75,8.0,-270.0,-270.0,False,0.0,,,1310.3587346904585,-413.0663571375233,575.338866667099,wcl
2021-06-22 10:53:30,40848128,train,-91.9375,1.850000023841858,-270.0,-270.0,False,0.0,,,1315.5455316648656,-401.0960378591234,577.008666666047,wcl
2021-06-22 10:53:59,33802247,train,-95.5,7.899999856948851,-270.0,-270.0,False,0.0,,,1306.9047660821122,-131.9897091755791,555.6723333335873,wcl
2021-06-22 10:53:53,33802247,train,-95.0625,6.099999904632568,-270.0,-270.0,False,0.0,,,1236.365676341654,-177.9512181030512,590.9236666665089,wcl
2021-06-22 10:53:52,33802247,train,-93.5,7.750000238418579,-270.0,-270.0,False,0.0,,,1225.0136461230054,-186.64663871090576,595.0053999998195,wcl
2021-06-22 10:53:56,33802247,train,-95.5,10.300000190734863,-270.0,-270.0,False,0.0,,,1270.5044225028366,-157.2854782165559,570.1439333334349,wcl
2021-06-22 10:54:02,33802247,train,-88.25,8.699999809265137,-270.0,-270.0,False,0.0,,,1344.8306705500477,-102.40269360047286,552.3327333333182,wcl
2021-06-22 10:54:06,33802247,train,-87.21875,13.449999809265137,-270.0,-270.0,False,0.0,,,1297.0548556551855,-61.635851529914696,564.0213333322824,wcl
2021-06-22 10:54:08,33802247,train,-84.65625,14.199999809265137,-270.0,-270.0,False,0.0,,,1322.2083585739504,-43.906227692890496,575.8954666664846,wcl
2021-06-22 10:54:07,33802247,train,-86.0625,15.300000190734863,-270.0,-270.0,False,0.0,,,1309.3369104505528,-52.488720760547466,569.5873333332582,wcl
2021-06-22 10:54:10,33802247,train,-84.3125,13.90000057220459,-270.0,-270.0,False,0.0,,,1349.1939034539096,-29.11271990545775,589.4394000004257,wcl
2021-06-22 10:54:19,33802247,train,-86.6875,11.100000381469728,-270.0,-270.0,False,0.0,,,1457.4873164692976,44.17725378979808,628.5869333330021,wcl
2021-06-22 10:54:23,33802247,train,-91.375,9.800000190734863,-270.0,-270.0,False,0.0,,,1510.610123490251,87.88021191006807,633.4108000001453,wcl
2021-06-22 10:54:17,33802247,train,-89.25,11.699999809265137,-270.0,-270.0,False,0.0,,,1431.4968995366958,24.076151605133408,625.247333333524,wcl
2021-06-22 10:54:22,33802247,train,-91.625,8.799999952316284,-270.0,-270.0,False,0.0,,,1496.659572962253,76.81331295445264,632.2975999997919,wcl
2021-06-22 10:54:13,33802247,train,-86.53125,14.050000190734863,-270.0,-270.0,False,0.0,,,1376.6343349667197,-9.915038043818365,610.0335999998438,wcl
2021-06-22 10:54:18,33802247,train,-87.75,9.899999618530272,-270.0,-270.0,False,0.0,,,1444.7730939650612,33.787920076571986,627.1026666669189,wcl
2021-06-22 10:54:28,33802247,train,-96.0,6.099999904632568,-270.0,-270.0,False,0.0,,,1480.5874588916722,148.296446004019,639.5333999997158,wcl
2021-06-22 10:54:39,33802247,train,-97.875,6.0,-270.0,-270.0,False,0.0,,,1443.1784230319777,274.66236366942763,653.077333333657,wcl
2021-06-22 10:54:34,33802247,train,-100.4375,4.400000095367432,-270.0,-270.0,False,0.0,,,1433.0456724224166,219.10201381107566,647.1402666669513,wcl
2021-06-22 10:54:40,33802247,train,-97.46875,8.550000190734863,-270.0,-270.0,False,0.0,,,1443.0869836407462,285.2775524634101,654.1905333332193,wcl
2021-06-22 10:54:54,33802247,train,-96.78125,4.799999952316284,-270.0,-270.0,False,0.0,,,1343.5616615538327,390.3001650004155,664.7659333334121,wcl
2021-06-22 10:54:48,33802247,train,-97.875,4.199999809265137,-270.0,-270.0,False,0.0,,,1343.5616615538327,355.9701927302691,661.7973999996639,wcl
2021-06-22 10:54:53,33802247,train,-95.75,5.0,-270.0,-270.0,False,0.0,,,1343.5616615538327,385.7830633860113,664.3948666668914,wcl
2021-06-22 10:54:52,33802247,train,-96.21875,5.799999952316284,-270.0,-270.0,False,0.0,,,1343.5616615538327,380.4754689887793,664.0238000003706,wcl
2021-06-22 10:54:50,33802247,train,-97.5,5.300000190734863,-270.0,-270.0,False,0.0,,,1343.5616615538327,368.84393233157397,663.0961333336732,wcl
2021-06-22 10:54:49,33802247,train,-97.84375,5.349999904632568,-270.0,-270.0,False,0.0,,,1343.5616615538327,362.6329176116779,662.5395333334964,wcl
2021-06-22 10:54:46,33802247,train,-97.9375,7.099999904632568,-270.0,-270.0,False,0.0,,,1343.5616615538327,340.72497478132374,660.1275999999248,wcl
2021-06-22 10:55:08,33802247,train,-98.59375,2.6499999165534973,-270.0,-270.0,False,0.0,,,1244.2366555305416,449.2483410696309,671.2596000002943,wcl
2021-06-22 10:55:04,33802247,train,-97.8125,4.199999809265137,-270.0,-270.0,False,0.0,,,1244.3486231499203,423.3879343265827,668.476600000202,wcl
2021-06-22 10:55:00,33802247,train,-97.4375,4.699999809265137,-270.0,-270.0,False,0.0,,,1244.3486231499203,408.9332091601039,666.621266666016,wcl
2021-06-22 10:55:09,33802247,train,-97.9375,3.5999999046325684,-270.0,-270.0,False,0.0,,,1244.2366555305416,457.26619643545723,672.001733333336,wcl
2021-06-22 10:54:58,33802247,train,-97.71875,6.099999904632568,-270.0,-270.0,False,0.0,,,1244.3486231499203,403.51268722279474,666.2502000002862,wcl
2021-06-22 10:55:01,33802247,train,-97.375,3.3000000715255737,-270.0,-270.0,False,0.0,,,1244.3486231499203,412.0951802904517,666.9923333333279,wcl
2021-06-22 10:55:20,33802247,train,-96.625,7.099999904632568,-270.0,-270.0,False,0.0,,,1145.1606865464994,568.7256787729948,681.2784000003105,wcl
2021-06-22 10:55:14,33802247,train,-99.21875,5.400000095367432,-270.0,-270.0,False,0.0,,,1145.1606865464994,503.3406329032474,674.5991999997725,wcl
2021-06-22 10:55:21,33802247,train,-98.65625,8.0,-270.0,-270.0,False,0.0,,,1145.1606865464994,579.3408675670976,682.7626666663937,wcl
2021-06-22 10:55:24,33802247,train,-98.90625,7.25,-270.0,-270.0,False,0.0,,,1046.2605512287425,611.1864339492856,686.6588666660484,wcl
2021-06-22 10:55:30,33802247,train,-97.6875,8.050000190734863,-270.0,-270.0,False,0.0,,,1046.2605512287425,671.2638854220419,693.3380666665867,wcl
2021-06-22 10:55:23,33802247,train,-97.5,7.75,-270.0,-270.0,False,0.0,,,1046.2605512287425,600.5712451551827,685.3601333336212,wcl
2021-06-22 10:55:29,33802247,train,-98.25,7.599999904632568,-270.0,-270.0,False,0.0,,,1046.2605512287425,661.1004067894517,692.0393333333684,wcl
2021-06-22 10:55:28,33802247,train,-98.4375,7.700000047683716,-270.0,-270.0,False,0.0,,,1046.2605512287425,651.1627832374976,690.9261333330151,wcl
2021-06-22 10:55:25,33802247,train,-98.4375,8.100000381469727,-270.0,-270.0,False,0.0,,,1046.2605512287425,621.4628401221937,687.7720666664018,wcl
2021-06-22 10:55:32,33802247,train,-98.0625,7.5,-270.0,-270.0,False,0.0,,,1046.2605512287425,691.9296253084168,696.3066000003348,wcl
2021-06-22 10:55:33,33802247,train,-98.375,7.349999904632568,-270.0,-270.0,False,0.0,,,947.5913064730461,702.5448141023993,697.9764000000739,wcl
2021-06-22 10:55:37,33802247,train,-103.53125,5.25,-270.0,-270.0,False,0.0,,,935.708560808271,743.9892214154671,702.8002666664261,wcl
2021-06-22 10:55:40,33802247,train,-100.125,5.400000095367432,-270.0,-270.0,False,0.0,,,945.4851922635545,775.834787797655,705.3977333336536,wcl
2021-06-22 10:55:39,33802247,train,-101.21875,2.049999952316284,-270.0,-270.0,False,0.0,,,940.0396096284848,764.9937439226757,704.2845333333003,wcl
2021-06-22 10:55:38,33802247,train,-100.1875,4.900000095367432,-270.0,-270.0,False,0.0,,,935.833530275799,754.3785551286932,703.5424000002587,wcl
2021-06-22 10:55:41,33802247,train,-100.0625,4.699999809265137,-270.0,-270.0,False,0.0,,,952.145454938392,786.9016867531502,706.5109333332159,wcl
2021-06-22 10:55:47,33802247,train,-104.09375,4.75,-270.0,-270.0,False,0.0,,,893.9026982800787,853.4160080264385,717.0863333334089,wcl
2021-06-22 10:55:44,33802247,train,-98.375,6.75,-270.0,-270.0,False,0.0,,,874.270264134561,821.0058039425402,710.5926666665266,wcl
2021-06-22 10:55:49,30829314,train,-92.13194444444444,10.111111243565878,-50.554847717285156,-50.560523986816406,True,-0.00567626953125,66.8870758780506,954.1614526734787,907.7868827819019,872.50076234776,720.6114666665428,wcl
2021-06-22 10:55:50,30829314,train,-92.25,9.549999713897703,-50.49037170410156,-50.49675750732422,True,-0.00638580322265625,66.30866216037661,954.1614526734787,915.4050511178452,882.4383858998344,722.2812666670728,wcl
2021-06-22 10:56:18,30829314,train,-92.375,1.8000000417232511,-60.65827178955078,-60.65827178955078,True,0.0,230.76478424681272,854.5986224344616,1085.3037490651739,954.260301570114,729.3315333333408,wcl
2021-06-22 10:56:26,30829314,train,-100.125,7.900000095367432,-63.723419189453125,-63.72393798828125,True,-0.000518798828125,329.70339426499805,854.5986224344616,1184.2646108165372,956.4059248369982,729.5170666669967,wcl
2021-06-22 10:56:24,30829314,train,-100.3125,-0.2000000476837158,-63.05079650878906,-63.05125427246094,True,-0.000457763671875,304.94162963737944,854.5986224344616,1159.4940031741376,954.260301570114,729.3315333333408,wcl
2021-06-22 10:56:09,30829314,train,-79.34375,22.5,-55.31439971923828,-55.527679443359375,True,-0.21327972412109375,125.6105072224651,854.5986224344616,979.89941358066,954.260301570114,729.3315333333408,wcl
2021-06-22 10:56:13,30829314,train,-88.03125,18.75,-57.571983337402344,-58.07880401611328,True,-0.5068206787109375,170.4089792154774,854.5986224344616,1024.9172471731097,954.260301570114,729.3315333333408,wcl
2021-06-22 10:56:07,30829314,train,-76.375,28.799999237060547,-54.190948486328125,-54.30284118652344,True,-0.1118927001953125,108.171146772606,854.5986224344616,961.8062941451212,954.260301570114,729.3315333333408,wcl
2021-06-22 10:55:54,30829314,train,-97.75,11.399999618530272,-50.91365051269531,-50.91632080078125,True,-0.0026702880859375,70.1796798191198,854.5986224344616,853.1420745560321,923.2052279703925,726.7340666669043,wcl
2021-06-22 10:56:25,30829314,train,-99.75,7.399999856948851,-63.39641571044922,-63.39690399169922,True,-0.00048828125,317.42743340291184,854.5986224344616,1171.983038766294,954.260301570114,729.3315333333408,wcl
2021-06-22 10:56:03,30829314,train,-82.25,19.89999961853028,-52.70677185058594,-52.73622131347656,True,-0.029449462890625,88.94712515393832,854.5986224344616,934.5096805677209,954.7120117316267,729.1459999996848,wcl
2021-06-22 10:56:05,30829314,train,-78.3125,20.200000762939453,-53.23506164550781,-53.28715515136719,True,-0.052093505859375,95.34947398802824,854.5986224344616,946.6757927712399,954.260301570114,729.3315333333408,wcl
2021-06-22 10:56:16,30829314,train,-89.65625,8.75,-58.98997497558594,-59.72344970703125,True,-0.7334747314453125,206.8385915771038,854.5986224344616,1061.3722502472142,954.260301570114,729.3315333333408,wcl
2021-06-22 10:56:11,30829314,train,-78.65625,19.74999952316284,-56.495025634765625,-56.84873962402344,True,-0.3537139892578125,147.22830143324347,854.5986224344616,1001.6872522507539,954.260301570114,729.3315333333408,wcl
2021-06-22 10:56:31,30829314,train,-97.21875,4.7499998807907104,-65.19210815429688,-65.19210815429688,True,0.0,390.8380526294238,854.5986224344616,1245.4036856013213,981.4758387974593,732.4855999999539,wcl
2021-06-22 10:56:01,30829314,train,-88.3125,12.300000190734863,-52.507240295410156,-52.52997589111328,True,-0.022735595703125,86.64279509042066,854.5986224344616,922.707438265211,955.6154320546518,729.3315333333408,wcl
2021-06-22 10:56:48,30829314,train,-100.0,3.799999952316284,-68.28396606445312,-68.28396606445312,True,0.0,558.6979084809186,655.8721375883506,1214.2296454482955,1152.109352285089,748.6270000003316,wcl
2021-06-22 10:56:50,30829314,train,-102.4375,3.6000001430511475,-68.32274627685547,-68.32274627685547,True,0.0,561.2042930598191,655.8721375883506,1216.7394863760192,1175.0336429785457,751.2244666659772,wcl
2021-06-22 10:56:49,30829314,train,-99.1875,2.700000047683716,-68.31034851074219,-68.31034851074219,True,0.0,560.4013028635466,655.8721375883506,1215.9336855667862,1163.6279614019763,749.9257333335498,wcl
2021-06-22 10:56:56,30829314,train,-103.6875,-5.699999928474426,-68.31745147705078,-68.31745147705078,True,0.0,560.8617231771076,556.8509572261044,1117.068086871969,1243.1289498171284,758.6458000003478,wcl
2021-06-22 10:57:00,30829314,train,-102.875,-4.199999809265137,-68.3137435913086,-68.3137435913086,True,0.0,560.6211021870108,556.8509572261044,1116.8219769484215,1293.042922657415,769.2211999997496,wcl
2021-06-22 10:57:04,30829314,train,-104.78125,-5.2500001192092896,-68.31200408935547,-68.31200408935547,True,0.0,560.5085712592163,458.25507772696324,1017.4712057915085,1353.7979393721994,776.8280666669853,wcl
2021-06-22 10:57:07,30829314,train,-104.625,-4.5,-68.31224060058594,-68.31224060058594,True,0.0,560.5241392859828,360.43368871605423,918.4243075391985,1405.1799702371009,782.7651333336908,wcl
2021-06-22 10:57:13,30829314,train,-104.21875,1.7999999821186066,-68.31470489501953,-68.31470489501953,True,0.0,560.6837275662793,264.248314394582,819.7800901616655,1515.8489597922924,792.2273333335304,wcl
2021-06-22 10:58:43,30829314,train,-107.3125,-3.299999952316284,-68.31668853759766,-68.31668853759766,True,0.0,560.8120516477812,151.23894789148486,709.9229549662206,1699.13035780035,810.4096000001678,wcl
2021-06-22 10:57:45,30829314,train,-105.15625,-3.350000023841858,-68.31668853759766,-68.31668853759766,True,0.0,560.8120516477812,151.23894789148486,709.9229549662206,1690.9995748943263,809.4819333334704,wcl
2021-06-22 10:57:22,30829314,train,-104.625,-6.6499998569488525,-68.31520080566406,-68.31520080566406,True,0.0,560.715405976353,151.23894789148486,709.8185873963938,1650.006877742771,804.8435999999831,wcl
2021-06-22 10:57:54,30829314,train,-103.75,0.0500000119209289,-68.31668853759766,-68.31668853759766,True,0.0,560.8120516477812,151.23894789148486,709.9229549662206,1690.8866473538878,809.4819333334704,wcl
2021-06-22 10:57:35,30829314,train,-101.96875,-5.449999928474426,-68.31668853759766,-68.31668853759766,True,0.0,560.8120516477812,151.23894789148486,709.9229549662206,1690.9995748943263,809.4819333334704,wcl
2021-06-22 10:58:25,30829314,train,-101.6875,7.199999809265137,-68.31668853759766,-68.31668853759766,True,0.0,560.8120516477812,151.23894789148486,709.9229549662206,1690.8866473538878,809.2963999998144,wcl
2021-06-22 10:58:37,30829314,train,-103.625,1.9000000357627869,-68.31668853759766,-68.31668853759766,True,0.0,560.8120516477812,151.23894789148486,709.9229549662206,1690.7737198136901,809.2963999998144,wcl
2021-06-22 10:58:13,30829314,train,-103.625,-5.599999904632568,-68.31668853759766,-68.31668853759766,True,0.0,560.8120516477812,151.23894789148486,709.9229549662206,1690.8866473538878,809.4819333334704,wcl
2021-06-22 10:57:42,30829314,train,-105.34375,-5.0,-68.31668853759766,-68.31668853759766,True,0.0,560.8120516477812,151.23894789148486,709.9229549662206,1690.9995748943263,809.4819333334704,wcl
2021-06-22 10:57:38,30829314,train,-103.40625,-0.2000000476837158,-68.31668853759766,-68.31668853759766,True,0.0,560.8120516477812,151.23894789148486,709.9229549662206,1690.9995748943263,809.4819333334704,wcl
2021-06-22 10:58:15,30829314,train,-102.3125,4.599999904632568,-68.31668853759766,-68.31668853759766,True,0.0,560.8120516477812,151.23894789148486,709.9229549662206,1690.8866473538878,809.2963999998144,wcl
2021-06-22 10:58:24,30829314,train,-102.1875,-3.950000047683716,-68.31668853759766,-68.31668853759766,True,0.0,560.8120516477812,151.23894789148486,709.9229549662206,1690.8866473538878,809.2963999998144,wcl
2021-06-22 10:58:28,30829314,train,-102.71875,4.099999904632568,-68.31668853759766,-68.31668853759766,True,0.0,560.8120516477812,151.23894789148486,709.9229549662206,1690.8866473538878,809.2963999998144,wcl
2021-06-22 10:58:06,30829314,train,-110.5625,-7.300000190734863,-68.31668853759766,-68.31668853759766,True,0.0,560.8120516477812,151.23894789148486,709.9229549662206,1690.8866473538878,809.4819333334704,wcl
2021-06-22 10:58:03,30829314,train,-105.34375,2.100000023841858,-68.31668853759766,-68.31668853759766,True,0.0,560.8120516477812,151.23894789148486,709.9229549662206,1690.8866473538878,809.4819333334704,wcl
2021-06-22 10:58:26,30829314,train,-102.59375,-4.499999910593033,-68.31668853759766,-68.31668853759766,True,0.0,560.8120516477812,151.23894789148486,709.9229549662206,1690.8866473538878,809.2963999998144,wcl
2021-06-22 10:58:55,30829314,train,-101.65625,1.7999999523162842,-68.31668853759766,-68.31668853759766,True,0.0,560.8120516477812,98.268138571007,623.3734320167052,1772.8720416568779,772.9318666665395,wcl
2021-06-22 10:58:59,30829314,train,-107.0625,-0.3000000119209289,-68.31668853759766,-68.31668853759766,True,0.0,560.8120516477812,97.8333008598147,526.0761061867353,1810.9286227592027,763.8407333332208,wcl
2021-06-22 10:59:11,30829314,train,-104.0,-3.600000023841858,-68.31668853759766,-68.31668853759766,True,0.0,560.8120516477812,150.39083235381213,410.45767535387176,1916.2900179172825,834.5289333335108,wcl
2021-06-22 10:59:19,30829314,train,-105.5625,-4.300000190734863,-68.31495666503906,-68.31495666503906,True,0.0,560.6995362989024,250.0642520533249,310.7528233498018,2017.2472390011555,847.3307333336195,wcl
2021-06-22 10:59:20,30829314,train,-103.59375,6.399999976158142,-68.31495666503906,-68.31495666503906,True,0.0,560.6995362989024,250.0642520533249,310.7528233498018,2030.5726887640935,848.4439333331818,wcl
2021-06-22 10:59:26,30829314,train,-103.5625,5.0,-68.31495666503906,-68.31495666503906,True,0.0,560.6995362989024,250.0642520533249,310.7528233498018,2098.7809231428737,855.1231333337199,wcl
2021-06-22 10:59:27,30829314,train,-104.8125,6.0,-68.31495666503906,-68.31495666503906,True,0.0,560.6995362989024,349.9240744131578,211.54558961190392,2109.0573293157818,855.6797333323146,wcl
2021-06-22 11:00:05,30829314,train,-105.0625,2.0,-68.31495666503906,-68.31495666503906,True,0.0,560.6995362989024,549.7966108041572,33.46602774453491,2351.964468635324,876.2739333333147,wcl
2021-06-22 10:59:59,30829314,train,-103.71875,6.849999904632568,-68.31495666503906,-68.31495666503906,True,0.0,560.6995362989024,549.7966108041572,33.46602774453491,2347.5602945611176,877.572666666533,wcl
2021-06-22 11:00:03,30829314,train,-105.0625,1.2999999523162842,-68.31495666503906,-68.31495666503906,True,0.0,560.6995362989024,549.7966108041572,33.46602774453491,2352.980816498547,876.8305333334913,wcl
2021-06-22 10:59:29,34006275,train,-101.79166666666669,9.144444359673392,-60.03874206542969,-60.03874206542969,True,0.0,214.6269127354044,7.731810313605767,211.54558961190392,2128.7067213388136,857.9061333330213,wcl
2021-06-22 10:59:30,34006275,train,-105.1875,3.149999976158142,-60.03874206542969,-60.03874206542969,True,0.0,214.6269127354044,7.731810313605767,211.54558961190392,2137.966779648619,858.6482666660629,wcl
2021-06-22 10:59:31,34006275,train,-103.875,6.300000190734863,-60.03874206542969,-60.03874206542969,True,0.0,214.6269127354044,7.731810313605767,211.54558961190392,2146.3234176353994,859.9470000000722,wcl
2021-06-22 10:59:32,34006275,train,-103.09375,7.400000095367432,-60.03874206542969,-60.03874206542969,True,0.0,214.6269127354044,7.731810313605767,211.54558961190392,2154.002490379911,860.5036000002488,wcl
2021-06-22 10:59:33,34006275,train,-103.75,7.800000190734863,-60.03874206542969,-60.03874206542969,True,0.0,214.6269127354044,7.731810313605767,211.54558961190392,2161.794490665101,861.0602000004255,wcl
2021-06-22 10:59:34,34006275,train,-103.96875,4.099999904632568,-60.03874206542969,-60.03874206542969,True,0.0,214.6269127354044,7.731810313605767,211.54558961190392,2169.812346030807,861.4312666669463,wcl
2021-06-22 10:59:35,34006275,train,-103.09375,7.049999952316284,-60.03874206542969,-60.03874206542969,True,0.0,214.6269127354044,7.731810313605767,211.54558961190392,2177.1526361543647,862.1733999999879,wcl
2021-06-22 10:59:36,34006275,train,-102.0625,3.799999952316284,-60.03874206542969,-60.03874206542969,True,0.0,214.6269127354044,7.731810313605767,211.54558961190392,2182.0085203899635,862.5444666665087,wcl
2021-06-22 10:59:37,34006275,train,-102.4375,4.450000047683716,-60.03874206542969,-60.03874206542969,True,0.0,214.6269127354044,7.731810313605767,211.54558961190392,2185.735129221901,863.2866000003412,wcl
2021-06-22 10:59:38,34006275,train,-102.125,6.199999809265137,-60.03874206542969,-60.03874206542969,True,0.0,214.6269127354044,7.731810313605767,211.54558961190392,2190.4780859170614,863.4721333332061,wcl
2021-06-22 10:59:39,34006275,train,-102.03125,5.75,-60.03874206542969,-60.03874206542969,True,0.0,214.6269127354044,7.731810313605767,211.54558961190392,2196.237390475686,863.657666666862,wcl
2021-06-22 10:59:40,34006275,train,-102.5625,4.400000095367432,-60.03874206542969,-60.03874206542969,True,0.0,214.6269127354044,104.2250156529637,113.73546390032895,2202.787187816536,863.2866000003412,wcl
2021-06-22 10:59:41,34006275,train,-106.15625,-0.449999988079071,-60.03874206542969,-60.03874206542969,True,0.0,214.6269127354044,104.2250156529637,113.73546390032895,2210.240405480532,864.0287333333828,wcl
2021-06-22 10:59:42,34006275,train,-102.75,3.5,-60.03874206542969,-60.03874206542969,True,0.0,214.6269127354044,104.2250156529637,113.73546390032895,2218.14533330592,865.1419333337361,wcl
2021-06-22 10:59:43,34006275,train,-105.75,-1.349999949336052,-60.03874206542969,-60.03874206542969,True,0.0,214.6269127354044,104.2250156529637,113.73546390032895,2226.5019712927,865.8840666659867,wcl
2021-06-22 10:59:44,34006275,train,-102.59375,2.1000000536441803,-60.03874206542969,-60.03874206542969,True,0.0,214.6269127354044,104.2250156529637,113.73546390032895,2234.9715368199186,866.8117333334751,wcl
2021-06-22 10:59:45,34006275,train,-104.1875,1.600000023841858,-60.03874206542969,-60.03874206542969,True,0.0,214.6269127354044,104.2250156529637,113.73546390032895,2243.5540298874553,867.9249333330375,wcl
2021-06-22 10:59:46,34006275,train,-103.125,4.200000047683716,-60.03874206542969,-60.03874206542969,True,0.0,214.6269127354044,104.2250156529637,113.73546390032895,2251.9106678742355,868.6670666668701,wcl
2021-06-22 10:59:47,34006275,train,-102.75,3.299999952316284,-60.03874206542969,-60.03874206542969,True,0.0,214.6269127354044,104.2250156529637,113.73546390032895,2260.2673058610158,869.7802666664325,wcl
2021-06-22 10:59:48,34006275,train,-101.4375,6.550000071525574,-60.03874206542969,-60.03874206542969,True,0.0,214.6269127354044,104.2250156529637,113.73546390032895,2268.849798928432,870.7079333323389,wcl
2021-06-22 10:59:49,34006275,train,-102.0,4.5,-60.03874206542969,-60.03874206542969,True,0.0,214.6269127354044,104.2250156529637,113.73546390032895,2277.9969296977993,871.8211333334832,wcl
2021-06-22 10:59:50,34006275,train,-103.4375,3.3000000715255737,-60.03874206542969,-60.03874206542969,True,0.0,214.6269127354044,104.2250156529637,113.73546390032895,2287.1440604671666,872.9343333322547,wcl
2021-06-22 10:59:51,34006275,train,-101.15625,7.900000095367432,-60.03874206542969,-60.03874206542969,True,0.0,214.6269127354044,104.2250156529637,113.73546390032895,2296.0653361558975,873.6764666668782,wcl
2021-06-22 10:59:52,34006275,train,-101.0,3.5999999046325684,-60.03874206542969,-60.03874206542969,True,0.0,214.6269127354044,204.1223331362727,33.46602774453491,2304.1961190620423,874.6041333335756,wcl
2021-06-22 10:59:53,34006275,train,-103.40625,-1.850000023841858,-60.03874206542969,-60.03874206542969,True,0.0,214.6269127354044,204.1223331362727,33.46602774453491,2311.8751918066737,875.3462666666172,wcl
2021-06-22 10:59:54,34006275,train,-103.125,6.099999904632568,-60.03874206542969,-60.03874206542969,True,0.0,214.6269127354044,204.1223331362727,33.46602774453491,2319.1025543897927,876.0884000004498,wcl
2021-06-22 10:59:55,34006275,train,-102.96875,7.049999952316284,-60.03874206542969,-60.03874206542969,True,0.0,214.6269127354044,204.1223331362727,33.46602774453491,2326.216989432714,876.8305333334913,wcl
2021-06-22 10:59:56,34006275,train,-103.5625,6.599999904632568,-60.03874206542969,-60.03874206542969,True,0.0,214.6269127354044,204.1223331362727,33.46602774453491,2332.992641854441,877.3871333336681,wcl
2021-06-22 10:59:57,34006275,train,-104.625,-0.6500000953674316,-60.03874206542969,-60.03874206542969,True,0.0,214.6269127354044,204.1223331362727,33.46602774453491,2338.977801493581,878.1292666667096,wcl
2021-06-23 14:14:41,26795520,train,-89.451875,3.952999989166856,-50.46210479736328,-50.47062683105469,True,-0.00852203369140625,66.07261057905777,176.66320678857804,126.42876878157452,393.91384629203526,-733.969866666828,refined
2021-06-23 14:14:45,26795520,train,-91.77875,-0.0019999951869249,-54.26148223876953,-54.379974365234375,True,-0.11849212646484375,109.20272768403959,176.66320678857804,101.15251559723279,352.4694389790878,-738.7937333339712,refined
2021-06-22 17:42:02,26795520,train,-87.8225,4.349000014141202,-53.953033447265625,-54.04888153076172,True,-0.09584808349609375,104.83427699469276,176.66320678857804,102.35421742748444,384.0891502806398,-739.5358666662219,refined
2021-06-22 11:46:47,26795520,train,-89.166875,4.678000004291534,-49.051353454589844,-49.09319305419922,True,-0.041839599609375,54.39028558038782,176.66320678857804,132.28656399038624,389.1708895968747,-735.825200000223,refined
2021-06-22 17:42:08,26795520,train,-91.41375,2.8080000019073488,-54.491920471191406,-54.628997802734375,True,-0.13707733154296875,112.59195430652893,176.66320678857804,98.92035779653636,384.0891502806398,-739.164799999701,refined
2021-06-22 17:42:23,26795520,train,-91.574375,1.9619999957084653,-54.47364044189453,-54.60920715332031,True,-0.13556671142578125,112.31906703597657,176.66320678857804,99.41540225750384,384.0891502806398,-739.164799999701,refined
2021-06-22 14:58:52,26795520,train,-89.98625,3.10999999716878,-53.92082214355469,-54.014442443847656,True,-0.09362030029296875,104.38875975949502,176.66320678857804,102.6234168389423,363.3104828538265,-734.8975333335255,refined
2021-06-22 17:42:16,26795520,train,-91.73625,2.713999991416931,-54.47157287597656,-54.606964111328125,True,-0.1353912353515625,112.28824842080782,176.66320678857804,99.25909054235807,384.0891502806398,-739.164799999701,refined
2021-06-22 17:41:51,26795520,train,-82.655625,12.023000020980836,-46.811241149902344,-46.958824157714844,True,-0.1475830078125,38.65651555159829,91.42572025176001,82.06844268572371,442.4726886479042,-734.8975333335255,refined
2021-06-22 17:41:55,26795520,train,-89.860625,4.152999981418252,-50.25757598876953,-50.26835632324219,True,-0.01078033447265625,64.2647071706302,91.42572025176001,80.83953025357924,414.1278760168976,-738.2371333330036,refined
2021-06-23 14:14:39,26795520,train,-87.048125,8.205000023841858,-47.97129821777344,-48.056976318359375,True,-0.0856781005859375,46.45352847697842,91.42572025176001,77.40651423619015,414.4666586379718,-731.3723999996006,refined
2021-06-22 17:41:44,26795520,train,-78.82125,17.446999950408937,-42.260887145996094,-42.810882568359375,True,-0.5499954223632812,8.675251334342063,91.42572025176001,93.94033708554448,479.51292188676535,-724.6931999998535,refined
2021-06-23 16:30:40,26795520,train,-85.49625,9.77299997329712,-47.472267150878906,-47.582847595214844,True,-0.1105804443359375,43.02030526359721,91.42572025176001,78.72263519872327,424.7430648111207,-729.8881333335174,refined
2021-06-22 14:58:41,26795520,train,-80.844375,15.104999961853029,-43.481964111328125,-43.8988037109375,True,-0.416839599609375,18.108283655891615,91.42572025176001,85.7927062530907,452.52323974017634,-724.1365999996767,refined
2021-06-22 11:46:38,26795520,train,-75.96625,17.383999948501586,-41.83274841308594,-42.428924560546875,True,-0.5961761474609375,0.7347930370331535,91.42572025176001,90.71882757256473,471.0433563595467,-721.1680666667195,refined
2021-06-23 16:30:34,26795520,train,-80.066875,13.657999982833864,-41.993186950683594,-42.57227325439453,True,-0.5790863037109375,5.273956681566287,91.42572025176001,96.64068457800673,480.19048712891396,-718.570600000283,refined
2021-06-22 11:46:39,26795520,train,-77.96,15.719000034332277,-42.077178955078125,-42.64720153808594,True,-0.5700225830078125,6.514213852077491,91.42572025176001,87.11800097491461,464.38063147813796,-722.8378666664585,refined
2021-06-23 16:30:33,26795520,train,-81.319375,14.110999975204468,-42.36815643310547,-42.906402587890625,True,-0.5382461547851562,9.746586281950409,91.42572025176001,100.61118943293596,488.4341975754967,-717.2718666662738,refined
2021-06-22 11:46:31,26795520,train,-82.118125,12.641000003814698,-45.92536163330078,-46.12933349609375,True,-0.20397186279296875,33.06493413199089,74.21210153527709,63.24910177398395,512.9394738340069,-715.6020666665347,refined
2021-06-22 11:45:44,26795520,train,-88.58375,7.154000024795533,-51.19383239746094,-51.19830322265625,True,-0.0044708251953125,72.87021558746902,74.21210153527709,48.251144846843644,562.7405191338551,-713.0046000000982,refined
2021-06-22 16:15:44,26795520,train,-87.805625,10.513000001907349,-50.418121337890625,-50.426605224609375,True,-0.00848388671875,65.67616664889383,74.21210153527709,50.47252472090209,560.0302581651403,-708.180733332955,refined
2021-06-22 16:16:29,26795520,train,-86.408125,9.655999989509583,-47.14933776855469,-47.27708435058594,True,-0.12774658203125,40.861990991221894,74.21210153527709,68.93398080649311,519.1504885539031,-716.1586666667114,refined
2021-06-22 17:41:29,26795520,train,-82.64,14.440999994277954,-48.902374267578125,-48.949195861816406,True,-0.04682159423828125,53.24779973536852,74.21210153527709,65.92190889631844,553.2546057434134,-717.8284666664504,refined
2021-06-23 15:16:03,26795520,train,-78.103125,15.152000007629397,-44.424720764160156,-44.7486572265625,True,-0.32393646240234375,23.96558795354738,74.21210153527709,59.23017503712627,525.0227206527248,-712.6335333335774,refined
2021-06-22 16:16:25,26795520,train,-86.743125,8.596000013351441,-47.14933776855469,-47.27708435058594,True,-0.12774658203125,40.861990991221894,74.21210153527709,68.93398080649311,522.6512423052047,-715.9731333330556,refined
2021-06-23 16:30:22,26795520,train,-81.09,17.815000019073487,-45.02643585205078,-45.29832458496094,True,-0.27188873291015625,27.59412204400956,74.21210153527709,69.08038908355442,523.667590168548,-714.4888666669724,refined
2021-06-23 15:16:07,26795520,train,-78.664375,14.30200002670288,-44.42478942871094,-44.74871826171875,True,-0.3239288330078125,23.966015893432626,74.21210153527709,58.0654323520192,525.0227206527248,-712.6335333335774,refined
2021-06-22 14:58:00,26795520,train,-88.31625,8.69199995994568,-50.41874694824219,-50.427215576171875,True,-0.0084686279296875,65.6817045323472,74.21210153527709,46.760562302200675,561.7241712703914,-708.9228666667875,refined
2021-06-22 16:16:18,26795520,train,-86.37875,8.890000057220458,-47.146697998046875,-47.27459716796875,True,-0.127899169921875,40.84464797439816,74.21210153527709,69.85137740747119,522.6512423052047,-715.9731333330556,refined
2021-06-22 17:41:39,26795520,train,-82.83,14.070000019073486,-44.96575164794922,-45.242576599121094,True,-0.276824951171875,27.22798475046034,74.21210153527709,71.00560531711933,505.71211125076746,-718.1995333329712,refined
2021-06-23 15:16:21,26795520,train,-78.45625,14.80099998474121,-44.42478942871094,-44.74871826171875,True,-0.3239288330078125,23.966015893432626,74.21210153527709,58.0654323520192,525.0227206527248,-712.6335333335774,refined
2021-06-22 14:58:11,26795520,train,-87.485625,10.447999935150149,-50.13352966308594,-50.14656066894531,True,-0.013031005859375,63.192385736443924,74.21210153527709,53.957858099082806,560.9336784880452,-709.6649999998292,refined
2021-06-23 14:14:02,26795520,train,-89.575625,8.658000009059906,-52.242820739746094,-52.26067352294922,True,-0.017852783203125,83.70653488062514,74.21210153527709,50.0227587024196,563.9827220778343,-707.8096666664342,refined
2021-06-22 11:46:29,26795520,train,-81.7925,11.988999967575074,-46.17958068847656,-46.36634826660156,True,-0.186767578125,34.64356407822929,74.21210153527709,63.20058906359256,523.667590168548,-716.3441999995763,refined
2021-06-22 16:16:19,26795520,train,-86.436875,6.863000020980835,-47.14056396484375,-47.268798828125,True,-0.12823486328125,40.80409803414338,74.21210153527709,69.4812056993766,522.6512423052047,-715.9731333330556,refined
2021-06-22 11:46:13,26795520,train,-82.3075,14.394999990463257,-46.17958068847656,-46.36634826660156,True,-0.186767578125,34.64356407822929,74.21210153527709,63.20058906359256,526.1519960562657,-716.3441999995763,refined
2021-06-22 14:58:09,26795520,train,-87.55125,10.325999975204468,-50.17010498046875,-50.182456970214844,True,-0.01235198974609375,63.507239860740654,74.21210153527709,53.35482320274647,560.9336784880452,-709.6649999998292,refined
2021-06-22 16:15:50,26795520,train,-88.36125,7.727999982833862,-50.38707733154297,-50.39598083496094,True,-0.00890350341796875,65.40147214808937,74.21210153527709,50.514833247630506,541.961851707162,-715.6020666665347,refined
2021-06-22 16:15:35,26795520,train,-88.744375,9.032000031471252,-50.05656433105469,-50.071022033691406,True,-0.01445770263671875,62.533319848049956,74.21210153527709,49.01817148856978,560.1431857054582,-707.6241333335693,refined
2021-06-23 15:16:20,26795520,train,-78.548125,14.952999982833862,-44.42478942871094,-44.74871826171875,True,-0.3239288330078125,23.966015893432626,74.21210153527709,58.0654323520192,525.0227206527248,-712.6335333335774,refined
2021-06-22 11:46:23,26795520,train,-82.42875,13.873000001907348,-46.17958068847656,-46.36634826660156,True,-0.186767578125,34.64356407822929,74.21210153527709,63.20058906359256,526.1519960562657,-716.3441999995763,refined
2021-06-23 16:29:53,26795520,train,-86.27875,13.76299997329712,-50.89105224609375,-50.896217346191406,True,-0.00516510009765625,69.99058253244148,74.21210153527709,45.679044851350824,560.8207509476068,-704.8411333334769,refined
2021-06-22 11:46:01,26795520,train,-82.205,14.022000007629394,-46.089111328125,-46.28190612792969,True,-0.1927947998046875,34.079742598051176,74.21210153527709,63.21338033169829,526.1519960562657,-716.3441999995763,refined
2021-06-23 16:30:26,26795520,train,-82.921875,13.496999979019163,-44.99334716796875,-45.26795959472656,True,-0.2746124267578125,27.39471263675646,74.21210153527709,69.29223475905822,523.4417350875509,-714.6743999998373,refined
2021-06-23 16:30:15,26795520,train,-84.149375,11.472999992370603,-47.51708984375,-47.62516784667969,True,-0.1080780029296875,43.32224009347376,74.21210153527709,67.14064859031808,523.5546626281097,-713.9322666667956,refined
2021-06-22 11:45:46,26795520,train,-88.18125,7.096000027656555,-50.31925964355469,-50.32916259765625,True,-0.0099029541015625,64.80459629804827,74.21210153527709,52.49338393663367,553.4804608240495,-713.9322666667956,refined
2021-06-22 16:15:58,26795520,train,-87.26375,9.211000032424929,-49.2274169921875,-49.263343811035156,True,-0.03592681884765625,55.75800311065785,74.21210153527709,55.809897618713336,522.5383147647664,-716.1586666667114,refined
2021-06-22 14:58:12,26795520,train,-87.461875,10.071999979019164,-50.13352966308594,-50.14656066894531,True,-0.013031005859375,63.192385736443924,74.21210153527709,53.957858099082806,560.9336784880452,-709.6649999998292,refined
2021-06-22 14:58:24,26795520,train,-86.625,11.505000009536744,-48.78917694091797,-48.84040832519531,True,-0.05123138427734375,52.39365421047782,74.21210153527709,61.68684484182328,542.5264894089927,-711.8913999997449,refined
2021-06-23 15:15:40,26795520,train,-96.08529411764704,2.9917647137361416,-54.10643005371094,-54.212257385253906,True,-0.10582733154296875,106.97041108555891,168.86336726315017,116.9975840609681,574.259128250622,-694.6367999998049,refined
2021-06-22 11:47:23,26367744,train,-92.7525,-7.373000020980835,-57.829925537109375,-58.38562774658203,True,-0.5557022094726562,176.7046209772938,259.1428048241991,133.7751990754874,70.48937069423853,-768.664599999573,refined
2021-06-23 14:15:09,26367744,train,-88.583125,6.910999975576996,-54.04717254638672,-54.15446472167969,True,-0.10729217529296875,106.21055172958896,167.7308774479134,119.62820672109656,160.04091020154232,-764.9539333335741,refined
2021-06-22 16:17:43,26367744,train,-90.078125,-0.9840000143647194,-55.8001708984375,-56.07685852050781,True,-0.2766876220703125,134.2174602115733,167.7308774479134,114.7253199818101,144.34398209108426,-763.2841333330441,refined
2021-06-22 16:17:38,26367744,train,-88.94,2.31300000436604,-55.660240173339844,-55.92041778564453,True,-0.2601776123046875,131.71268406889206,167.7308774479134,114.69253104902862,145.47325749486586,-765.139466666439,refined
2021-06-22 16:17:50,26367744,train,-90.09875,0.730999999269843,-55.88188934326172,-56.1676025390625,True,-0.28571319580078125,135.69024349217426,167.7308774479134,114.73701171103964,144.34398209108426,-763.2841333330441,refined
2021-06-23 15:17:17,26367744,train,-90.81125,2.0939999847114086,-56.22404479980469,-56.546592712402344,True,-0.32254791259765625,142.0027961261544,167.7308774479134,112.7005261226167,114.75696651621877,-767.7369333336665,refined
2021-06-23 14:15:08,26367744,train,-89.346875,8.033000009059906,-53.887420654296875,-53.98292541503906,True,-0.0955047607421875,103.98246623102534,167.7308774479134,120.27811195641557,163.88044657403867,-764.3973333333975,refined
2021-06-22 14:59:37,26367744,train,-89.35542929292929,6.884848475456238,-55.49919891357422,-55.74042510986328,True,-0.2412261962890625,128.8835184724396,167.7308774479134,113.25166807486512,138.2458949115061,-764.0262666676676,refined
2021-06-23 16:31:17,26367744,train,-89.1925,5.348000009730458,-55.04054260253906,-55.23383331298828,True,-0.19329071044921875,121.2131757564331,167.7308774479134,116.94534546455156,128.87290906150292,-764.7683999999183,refined
2021-06-23 15:17:07,26367744,train,-86.3329081632653,8.08469389470256,-54.25028991699219,-54.36820983886719,True,-0.117919921875,109.0447126155448,167.7308774479134,110.32197371934346,155.63673612745603,-761.614333333305,refined
2021-06-22 17:43:10,26367744,train,-91.10375,4.755999999791384,-55.80690002441406,-56.084259033203125,True,-0.2773590087890625,134.33705876472865,167.7308774479134,119.4546443069967,137.11661950796523,-771.0765333331447,refined
2021-06-22 17:42:44,26367744,train,-87.086875,9.558000020980836,-50.302001953125,-50.31311798095703,True,-0.01111602783203125,64.66190329483723,167.7308774479134,136.5844619938764,170.31731637469113,-772.0041999998421,refined
2021-06-22 16:17:27,26367744,train,-86.218125,4.725000004917384,-53.35716247558594,-53.420066833496094,True,-0.06290435791015625,96.95009810072456,167.7308774479134,119.96316907458555,180.81957762823524,-761.4287999996492,refined
2021-06-23 15:17:04,26367744,train,-86.65369897959184,7.633673487877359,-52.78367614746094,-52.81959533691406,True,-0.035919189453125,89.89264714374052,167.7308774479134,115.20446483788326,164.67093935638488,-761.0577333331285,refined
2021-06-22 17:42:47,26367744,train,-87.6475,9.240000007152558,-53.166961669921875,-53.219459533691406,True,-0.05249786376953125,94.54287705702251,167.7308774479134,124.27423530902938,153.26525777981553,-774.6016666662786,refined
2021-06-22 17:42:41,26367744,train,-79.180625,15.766000018119811,-46.110755920410156,-46.302635192871094,True,-0.1918792724609375,34.217963933855884,167.7308774479134,157.40940604589542,197.98456376330844,-766.0671333331366,refined
2021-06-22 17:42:59,26367744,train,-92.263125,4.135000012293458,-55.80690002441406,-56.084259033203125,True,-0.2773590087890625,134.33705876472865,167.7308774479134,119.4546443069967,146.94131551948107,-772.5608000000187,refined
2021-06-22 11:47:13,26367744,train,-88.769375,4.134999994039536,-53.09490203857422,-53.143951416015625,True,-0.04904937744140625,93.64978895265651,167.7308774479134,118.66092758053657,142.98885160690742,-761.9853999998259,refined
2021-06-22 17:42:54,26367744,train,-91.34625,6.538999999538064,-55.83758544921875,-56.11937713623047,True,-0.28179168701171875,134.9056689606635,167.7308774479134,117.67153971193817,146.94131551948107,-772.5608000000187,refined
2021-06-22 16:18:07,26367744,train,-90.815625,2.96799999833107,-55.88188934326172,-56.1676025390625,True,-0.28571319580078125,135.69024349217426,167.7308774479134,114.73701171103964,141.29493850129518,-764.0262666676676,refined
2021-06-23 16:31:16,26367744,train,-88.2,7.409000007510185,-54.73491668701172,-54.89891815185547,True,-0.16400146484375,116.36975282933747,167.7308774479134,117.64816112988265,135.53563394279135,-763.8407333340117,refined
2021-06-22 17:42:56,26367744,train,-92.24,5.970999994277954,-55.847564697265625,-56.13056182861328,True,-0.28299713134765625,135.08736636026387,167.7308774479134,118.40826880275571,146.94131551948107,-772.5608000000187,refined
2021-06-22 17:43:09,26367744,train,-92.190625,4.23800000153482,-55.80690002441406,-56.084259033203125,True,-0.2773590087890625,134.33705876472865,167.7308774479134,119.4546443069967,142.53714144551512,-773.1174000001954,refined
2021-06-22 11:47:11,26367744,train,-86.981875,5.95900002360344,-51.615211486816406,-51.62342834472656,True,-0.00821685791015625,77.06937485303413,167.7308774479134,126.27631332027056,159.25041741907572,-761.0577333331285,refined
2021-06-23 16:31:10,26367744,train,-90.07,7.159000029563904,-53.947532653808594,-54.04766845703125,True,-0.10013580322265625,104.81863615202428,167.7308774479134,119.38512140940989,164.44508427574897,-760.5011333329517,refined
2021-06-22 11:47:10,26367744,train,-89.11625,4.602999976873398,-50.52003479003906,-50.52806854248047,True,-0.00803375244140625,66.59225809893091,167.7308774479134,127.7474013141003,166.81656262326905,-761.0577333331285,refined
2021-06-23 14:15:02,26367744,train,-88.80625,5.514999984502793,-50.734291076660156,-50.74049377441406,True,-0.00620269775390625,68.53858699173821,167.7308774479134,134.25005610128792,182.73934581436305,-761.2432666667843,refined
2021-06-22 17:43:05,26367744,train,-92.5975,4.658999999165535,-55.80690002441406,-56.084259033203125,True,-0.2773590087890625,134.33705876472865,167.7308774479134,119.4546443069967,146.94131551948107,-772.5608000000187,refined
2021-06-22 11:47:12,26367744,train,-87.038125,4.286999994516373,-52.4161376953125,-52.43958282470703,True,-0.02344512939453125,85.64827810638435,167.7308774479134,122.63032268330426,151.11963451281105,-761.614333333305,refined
2021-06-22 16:18:05,26367744,train,-90.15125,-0.3869999994337558,-55.88188934326172,-56.1676025390625,True,-0.28571319580078125,135.69024349217426,167.7308774479134,114.73701171103964,144.34398209108426,-763.2841333330441,refined
2021-06-22 16:17:46,26367744,train,-90.49875,0.4209999989718199,-55.86982727050781,-56.154090881347656,True,-0.28426361083984375,135.46994810115825,167.7308774479134,114.7623313656774,144.34398209108426,-763.2841333330441,refined
2021-06-23 16:31:18,26367744,train,-89.748125,5.141999993249774,-55.362060546875,-55.58879089355469,True,-0.2267303466796875,126.54297080751016,167.7308774479134,116.5385678801319,121.75847401870186,-765.6960666666157,refined
2021-06-23 14:15:16,26367744,train,-89.66375,5.513999983668327,-55.70603942871094,-55.97148895263672,True,-0.26544952392578125,132.5256888367562,167.7308774479134,118.5645117090561,117.9189376464462,-770.1488666664471,refined
2021-06-22 17:43:12,26367744,train,-90.23875,7.454000049829483,-55.93359375,-56.22703552246094,True,-0.2934417724609375,136.66285498554046,167.7308774479134,119.7409418258329,125.25922777000358,-772.7463333336746,refined
2021-06-22 16:17:30,26367744,train,-89.0825,-0.3640000021457672,-54.30687713623047,-54.43406677246094,True,-0.12718963623046875,109.93117964262132,167.7308774479134,116.97847744454545,162.07360592810846,-763.655199999565,refined
2021-06-22 14:59:26,26367744,train,-87.693125,11.193000040054322,-49.92444610595703,-49.94209289550781,True,-0.01764678955078125,61.4188827026265,167.7308774479134,135.77624346393443,196.8552883596472,-755.4917333329436,refined
2021-06-23 16:31:05,26367744,train,-86.039375,9.166999990940091,-51.79228973388672,-51.80144500732422,True,-0.0091552734375,78.88090181612216,167.7308774479134,127.0712906419656,175.73783831187995,-759.3879333333894,refined
2021-06-22 17:42:35,26367744,train,-82.46125,13.618999967575071,-47.37458038330078,-47.490089416503906,True,-0.115509033203125,42.361165216264965,95.45837420960468,127.28055806122507,268.3384214089728,-756.2338666667762,refined
2021-06-23 15:16:50,26367744,train,-80.876875,15.610999994277954,-47.738739013671875,-47.83618927001953,True,-0.09745025634765625,44.840923336347956,95.45837420960468,122.41004057373907,290.35929177976533,-743.6176000003235,refined
2021-06-23 15:16:58,26367744,train,-80.085,10.782999981641767,-46.40315246582031,-46.575462341308594,True,-0.17230987548828125,36.04784179127312,95.45837420960468,94.56599415314349,207.5834046941883,-754.9351333335579,refined
2021-06-23 16:30:59,26367744,train,-76.446875,14.303000059127807,-45.35455322265625,-45.6007080078125,True,-0.24615478515625,29.578907944548003,95.45837420960468,102.95779834254347,219.32786889183197,-754.5640666662462,refined
2021-06-22 16:17:20,26367744,train,-89.01625,2.773999986350536,-51.592529296875,-51.59918212890625,True,-0.00665283203125,76.82512085551448,95.45837420960468,110.14726615673693,212.5522164701052,-757.1615333334737,refined
2021-06-22 17:42:36,26367744,train,-78.514375,18.215999970436098,-45.714012145996094,-45.932708740234375,True,-0.21869659423828125,31.76388586887496,95.45837420960468,121.06461133542359,255.01297164627562,-757.3470666663386,refined
2021-06-22 11:46:56,26367744,train,-87.31688596491227,5.973684210526316,-51.78950500488281,-51.79747772216797,True,-0.00797271728515625,78.84015745288345,95.45837420960468,148.76448859421163,293.5212629098724,-746.0295333331042,refined
2021-06-22 14:59:20,26367744,train,-86.58875,12.6,-48.942710876464844,-48.98875427246094,True,-0.04604339599609375,53.560340004389424,95.45837420960468,102.47293184897718,224.86131836969986,-751.2244666667681,refined
2021-06-22 16:17:09,26367744,train,-77.225,13.053999967575074,-46.318946838378906,-46.49718475341797,True,-0.1782379150390625,35.520813050825176,95.45837420960468,104.17463647821552,218.0856659479731,-756.7904666677439,refined
2021-06-23 16:30:58,26367744,train,-79.93125,15.372000064849852,-43.902931213378906,-44.27699279785156,True,-0.37406158447265625,20.77616108137105,95.45837420960468,104.08830777081084,228.58792720151718,-753.4508666666839,refined
2021-06-22 14:59:13,26367744,train,-86.44125,11.741999979019164,-48.946197509765625,-48.99211120605469,True,-0.0459136962890625,53.58687929858866,95.45837420960468,101.92898426068938,226.555231474951,-750.8534000002473,refined
2021-06-23 15:16:48,26367744,train,-85.33,10.63,-50.41471862792969,-50.422943115234375,True,-0.0082244873046875,65.64329457741005,100.45374639123668,82.62646435360566,311.4767418275325,-740.8346000002311,refined
2021-06-23 14:14:47,26367744,train,-87.2997311827957,6.517204334658961,-52.7391357421875,-52.77140808105469,True,-0.0322723388671875,89.3451227140696,100.45374639123668,92.81744960491558,330.90027876980787,-741.7622666677196,refined
2021-06-22 17:43:44,26351361,train,-82.04454787234043,5.840425537780244,-51.200469970703125,-51.203697204589844,True,-0.00322723388671875,72.92244835016912,136.06327401533656,73.44738978061581,-216.68536444728392,-805.5857333330246,wcl
2021-06-22 16:19:15,26351361,train,-79.241875,7.325999993681908,-50.54875183105469,-50.55603790283203,True,-0.00728607177734375,66.84625746907223,48.364301774481135,55.22065615973391,-122.72965086577351,-800.9474000003283,wcl
2021-06-22 16:19:16,26351361,train,-81.38875,4.658000024110079,-50.86852264404297,-50.873252868652344,True,-0.004730224609375,69.7750786199192,48.364301774481135,57.16800962660254,-129.6182308279386,-802.2461333335466,wcl
2021-06-23 14:15:52,26351361,train,-81.73157894736842,7.453684211090992,-49.68566131591797,-49.708229064941406,True,-0.0225677490234375,59.430103377455445,140.65994191743067,145.02512671040367,-108.1619981590971,-793.5260666667486,wcl
2021-06-23 14:15:50,26351361,train,-81.48375,6.728000013828278,-48.825531005859375,-48.874977111816406,True,-0.04944610595703125,52.66424895572624,140.65994191743067,143.67076172381758,-106.46808505360522,-792.9694666665719,wcl
2021-06-22 11:47:50,26351361,train,-78.671875,-1.557000006735325,-50.32733154296875,-50.337486267089844,True,-0.01015472412109375,64.87879725401505,140.65994191743067,142.6273510661514,-180.3226964505713,-791.114133333968,wcl
2021-06-22 11:47:47,26351361,train,-77.139375,0.4389999982714653,-47.9490966796875,-48.03630065917969,True,-0.0872039794921875,46.30146171735194,140.65994191743067,134.00670133156672,-156.38205789377133,-790.7430666666562,wcl
2021-06-22 11:47:45,26351361,train,-77.4825,5.787000026702881,-45.59532928466797,-45.82293701171875,True,-0.22760772705078125,31.040138078662046,140.65994191743067,130.53993588880337,-136.84559341105765,-791.6707333333536,wcl
2021-06-23 15:17:49,26351361,train,-82.02625,7.053999971747398,-49.24931335449219,-49.28410339355469,True,-0.0347900390625,55.926253027974894,140.65994191743067,144.19887178940763,-107.25857783619216,-790.3720000001354,wcl
2021-06-23 16:31:48,26351361,train,-78.95,11.589999998062847,-47.58415222167969,-47.688636779785156,True,-0.10448455810546875,43.776814037301435,140.65994191743067,141.3207673357281,-102.28976606027524,-792.783933332916,wcl
2021-06-23 14:15:48,26351361,train,-80.605625,9.257000012397766,-47.408538818359375,-47.522117614746094,True,-0.11357879638671875,42.58830489962594,140.65994191743067,141.76873272136757,-101.49927327768832,-791.8562666662185,wcl
2021-06-22 16:18:47,26351361,train,-76.645625,16.935999984741212,-46.545936584472656,-46.70891571044922,True,-0.1629791259765625,36.95053910447304,140.65994191743067,139.94363108792658,-108.1619981590971,-798.7209999996217,wcl
2021-06-22 16:18:57,26351361,train,-78.2775,6.767999975532294,-50.46063232421875,-50.468994140625,True,-0.00836181640625,66.05783935844707,140.65994191743067,146.2932081629794,-107.82321553802278,-799.4631333334542,wcl
2021-06-22 15:00:33,26351361,train,-81.71472772277228,4.2950495139206994,-43.5660400390625,-43.97410583496094,True,-0.4080657958984375,18.65076932584227,140.65994191743067,140.35936993617293,-104.54831686747738,-787.2179333335223,wcl
2021-06-22 16:18:33,26351361,train,-88.445625,8.075999989509583,-50.294158935546875,-50.303611755371094,True,-0.00945281982421875,64.57738742036547,153.65907200870208,130.44599080637357,-31.597125793416208,-787.2179333335223,wcl
2021-06-22 11:47:32,26351361,train,-90.42375,4.521000003814697,-51.85089874267578,-51.86316680908203,True,-0.01226806640625,79.51651260898102,153.65907200870208,119.88733529854152,-0.5420521936948112,-779.7965999999426,wcl
2021-06-22 15:00:21,26351361,train,-91.6275,1.4900000031292435,-52.82160949707031,-52.856178283691406,True,-0.03456878662109375,90.31004247753718,153.65907200870208,121.91791203647281,22.043455878687595,-775.9004000002878,wcl
2021-06-23 16:31:31,26351361,train,-90.248125,6.658999996185303,-52.56262969970703,-52.588462829589844,True,-0.0258331298828125,87.29131618751269,153.65907200870208,129.1551846007024,25.9959197913816,-783.1362000002116,wcl
2021-06-23 15:17:41,26351361,train,-75.401875,15.170000014305115,-41.918609619140625,-42.50574493408203,True,-0.5871353149414062,3.8787481011248244,153.65907200870208,156.47706891272787,-68.63735903227742,-786.8468666662104,wcl
2021-06-23 15:17:42,26351361,train,-74.948125,16.338000020980836,-42.67723846435547,-43.181358337402344,True,-0.504119873046875,12.421502018043984,153.65907200870208,160.70638291429347,-76.42935931722708,-787.589000000043,wcl
2021-06-23 15:17:32,26351361,train,-88.054375,8.968999991416931,-50.63458251953125,-50.63966369628906,True,-0.0050811767578125,67.60987060021783,153.65907200870208,130.36661653254424,8.60507857567242,-782.7651333328998,wcl
2021-06-22 15:00:30,26351361,train,-89.16875,5.196999989151955,-46.70799255371094,-46.86189270019531,True,-0.153900146484375,37.99234826806298,153.65907200870208,133.48113498198617,-69.31492427442602,-784.6204666662948,wcl
2021-06-22 17:43:29,26351361,train,-91.000625,6.952000019550323,-50.60980224609375,-50.61512756347656,True,-0.0053253173828125,67.38519096204638,153.65907200870208,130.37005232099747,-23.127560266077218,-788.1456000002197,wcl
2021-06-22 16:18:31,26351361,train,-88.899375,6.541000018119812,-51.635101318359375,-51.64036560058594,True,-0.0052642822265625,77.24032900706048,153.65907200870208,128.72334510430858,-18.04582094984233,-786.4757999996897,wcl
2021-06-23 15:17:38,26351361,train,-83.73,9.44900003194809,-44.41416931152344,-44.73973083496094,True,-0.3255615234375,23.90613092413793,153.65907200870208,145.1865564259149,-41.986459506762664,-784.6204666662948,wcl
2021-06-22 16:18:21,26351361,train,-91.0575,-0.1240000063180923,-55.162628173828125,-55.36491394042969,True,-0.2022857666015625,123.15746017211237,153.65907200870208,132.51356514614983,58.85783403691285,-777.5702000000268,wcl
2021-06-23 14:15:44,26351361,train,-76.01625,16.249000034332276,-42.284584045410156,-42.83208465576172,True,-0.5475006103515625,8.922127611878908,153.65907200870208,158.79836291845206,-80.38182322980073,-789.0732666677081,wcl
2021-06-22 17:43:25,26351361,train,-91.7025,3.1329999833554028,-52.96551513671875,-53.00597381591797,True,-0.04045867919921875,92.03601348710623,153.65907200870208,127.65706318548567,16.510006400940064,-785.3626000001273,wcl
2021-06-23 14:15:24,26351361,train,-90.901875,3.00800001591444,-55.147544860839844,-55.35060119628906,True,-0.20305633544921875,122.94379588166785,153.65907200870208,136.1814631183216,58.51905141583854,-779.4255333334218,wcl
2021-06-22 16:18:30,26351361,train,-89.02875,5.231000012159347,-52.2171630859375,-52.23255157470703,True,-0.01538848876953125,83.40452139910614,153.65907200870208,128.30519084162054,-10.479675745648986,-785.919200000304,wcl
2021-06-23 16:31:25,26351361,train,-90.5186170212766,2.763829784507448,-55.78846740722656,-56.05955505371094,True,-0.271087646484375,133.9383135515171,153.65907200870208,137.04657665832164,68.1178923464777,-773.3029333330603,wcl
2021-06-22 15:00:16,26351361,train,-91.70454545454544,-2.068686871366068,-55.23540496826172,-55.447471618652344,True,-0.212066650390625,124.39636607024399,153.65907200870208,125.41064503863012,60.10003698089207,-769.5922666662705,wcl
2021-06-23 16:31:26,26351361,train,-91.1875,3.0149999990314247,-55.31067657470703,-55.528343200683594,True,-0.2176666259765625,125.62074198733725,153.65907200870208,134.41785492803862,60.6646746827227,-774.7871999999345,wcl
2021-06-23 14:15:23,26351361,train,-93.57302631578948,-3.953684200111189,-55.66007995605469,-55.91887664794922,True,-0.25879669189453125,131.68819603846902,153.65907200870208,138.97901673231524,64.73006613561432,-778.3123333330684,wcl
2021-06-22 15:00:31,26351361,train,-88.73625,6.6520000064373015,-45.791534423828125,-46.005409240722656,True,-0.21387481689453125,32.24419486223472,153.65907200870208,135.50838800218054,-81.05938847206968,-785.5481333329922,wcl
2021-06-22 17:43:20,26351361,train,-92.89627659574468,0.4744680952677067,-55.60087585449219,-55.850311279296875,True,-0.2494354248046875,130.60412364626328,153.65907200870208,134.4552331328511,60.325892061648396,-779.6110666662867,wcl
2021-06-23 14:15:42,26351361,train,-79.28125,12.443000024557112,-42.66197967529297,-43.16778564453125,True,-0.5058059692382812,12.299457279018402,153.65907200870208,147.67795405322423,-63.89440233699647,-787.589000000043,wcl
2021-06-23 14:15:43,26351361,train,-76.691875,14.995000014305116,-41.84654998779297,-42.44132995605469,True,-0.5947799682617188,1.6923441908962027,153.65907200870208,152.58038867733805,-72.58982294497142,-788.3311333330846,wcl
2021-06-22 16:18:28,26351361,train,-90.365,3.078000011593103,-53.17463684082031,-53.22540283203125,True,-0.0507659912109375,94.61349365344472,153.65907200870208,128.13394043428147,6.007745147275626,-785.1770666664714,wcl
2021-06-23 14:15:34,26351361,train,-88.8975,7.800000040531159,-50.45210266113281,-50.460365295410156,True,-0.00826263427734375,65.98007938978742,153.65907200870208,134.10266079951083,2.3940638556559257,-784.9915333336065,wcl
2021-06-23 14:15:36,26351361,train,-87.405625,9.35299995660782,-49.06925964355469,-49.11073303222656,True,-0.041473388671875,54.530364921940354,153.65907200870208,136.1510279098973,-12.173588851020497,-785.1770666664714,wcl
2021-06-22 15:00:27,26351361,train,-91.2225,3.9999999962747097,-48.94770050048828,-48.99420928955078,True,-0.0465087890625,53.60352720848697,153.65907200870208,128.4408774842034,-34.30738676213098,-781.4663999996816,wcl
2021-06-23 15:17:35,26351361,train,-86.68625,9.599000010490418,-48.44384002685547,-48.509986877441406,True,-0.0661468505859375,49.84463520329258,153.65907200870208,135.64016829290998,-15.900197682958177,-783.6927999995974,wcl
2021-06-22 16:18:38,26351361,train,-82.67125,11.961999988555908,-45.200584411621094,-45.45887756347656,True,-0.25829315185546875,28.647899069493548,153.65907200870208,142.35591187935194,-70.44419967808727,-790.0009333336146,wcl
2021-06-23 16:31:43,26351361,train,-74.981875,15.64100001335144,-42.051918029785156,-42.624732971191406,True,-0.57281494140625,6.16640913825067,153.65907200870208,157.59419730866583,-75.6388665347605,-788.8877333332613,wcl
2021-06-22 11:47:35,26351361,train,-86.394375,8.941000046730041,-49.96922302246094,-49.987098693847656,True,-0.01787567138671875,61.80640995988966,153.65907200870208,121.98994538901005,-27.983444501796505,-782.0229999998583,wcl
2021-06-22 15:00:25,26351361,train,-90.3025,5.827000002861023,-50.243751525878906,-50.25617980957031,True,-0.01242828369140625,64.15694108376302,153.65907200870208,125.67497405846925,-12.8511540931691,-778.868933334036,wcl
2021-06-23 16:31:32,26351361,train,-88.459375,8.959000024795532,-51.93248748779297,-51.94288635253906,True,-0.01039886474609375,80.34335595626335,153.65907200870208,129.31882573055753,18.316847046749917,-783.8783333332532,wcl
2021-06-22 11:47:33,26351361,train,-88.72,6.351000001430512,-51.313262939453125,-51.31890106201172,True,-0.00563812255859375,74.04366370319316,153.65907200870208,119.99772332297975,-9.350400341987742,-780.72426666664,wcl
2021-06-23 15:17:27,26351361,train,-89.41125,6.338999977111817,-53.552207946777344,-53.626792907714844,True,-0.0745849609375,99.48434927025949,153.65907200870208,129.72860833388467,44.17725378979808,-778.4978666667243,wcl
2021-06-22 17:44:19,26351360,train,-74.869375,16.459000005722046,-49.0909423828125,-49.134246826171875,True,-0.043304443359375,54.71852120197137,361.3143154982856,414.1912948413339,-614.7549442246337,-811.8938666662509,wcl
2021-06-22 17:44:25,26351360,train,-63.74375,20.515000066757203,-43.188934326171875,-43.636962890625,True,-0.448028564453125,16.161685964565788,388.9303577600385,374.7863693013971,-663.0879314997462,-798.3499333331008,wcl
2021-06-22 17:44:31,26351360,train,-76.86625,9.466999995708466,-52.50439453125,-52.53234100341797,True,-0.02794647216796875,86.66892590105617,388.9303577600385,315.27654661718697,-680.8175553366501,-786.2902666668248,wcl
2021-06-22 17:44:29,26351360,train,-74.231875,15.122999958992004,-49.954124450683594,-49.972618103027344,True,-0.01849365234375,61.681525269496895,388.9303577600385,336.26119448219913,-678.8977871506426,-788.5166666667405,wcl
2021-06-22 17:44:32,26351360,train,-76.655,8.412999960184097,-53.577667236328125,-53.660003662109375,True,-0.08233642578125,99.89668527284321,388.9303577600385,304.38954001431097,-680.4787727155757,-786.1047333339599,wcl
2021-06-22 17:44:30,26351360,train,-74.37125,12.88599996060133,-51.285858154296875,-51.29376220703125,True,-0.007904052734375,73.79787785823692,388.9303577600385,326.1333568288011,-680.4787727155757,-787.0323999998664,wcl
2021-06-22 17:44:12,26351360,train,-77.77875,14.42799994945526,-53.3463134765625,-53.410003662109375,True,-0.063690185546875,96.8281325879514,262.8394086134089,356.4549129557617,-536.0444485920686,-827.478666666452,wcl
2021-06-22 16:19:47,26351360,train,-78.945625,5.919000007510185,-57.00733947753906,-57.440269470214844,True,-0.43292999267578125,157.97987278065636,166.1958930193476,67.45988732125765,-406.6294873368709,-821.3560666676724,wcl
2021-06-22 11:48:47,26351360,train,-79.1,0.7055555767483181,-57.25395965576172,-57.72296905517578,True,-0.4690093994140625,163.37350102582877,166.1958930193476,66.21167466925151,-419.05151677666316,-817.4598666664358,wcl
2021-06-23 15:18:40,26351360,train,-79.01125,7.464999992847442,-53.926780700683594,-54.02930450439453,True,-0.1025238037109375,104.58088600330761,78.47034467077546,79.20419966865268,-358.86113776358894,-818.2020000002683,wcl
2021-06-22 15:00:56,26351360,train,-78.026875,-1.449999996200204,-53.711090087890625,-53.798919677734375,True,-0.08782958984375,101.63726359064357,78.47034467077546,72.0789363601298,-358.07064498112237,-814.4913333334785,wcl
2021-06-22 17:43:57,26351360,train,-75.495,16.501000032424926,-53.3463134765625,-53.410003662109375,True,-0.063690185546875,96.8281325879514,78.47034467077546,159.94357610938147,-362.023108893696,-820.428400000184,wcl
2021-06-22 17:43:56,26351360,train,-75.56060606060606,16.218181793135827,-53.3463134765625,-53.410003662109375,True,-0.063690185546875,96.8281325879514,78.47034467077546,159.94357610938147,-350.8432823977626,-819.1296666669657,wcl
2021-06-23 15:18:39,26351360,train,-79.00875,9.867999997138975,-53.16077423095703,-53.213539123535156,True,-0.052764892578125,94.47255845651095,78.47034467077546,73.66339766635103,-347.68131126753514,-817.088799999915,wcl
2021-06-22 16:19:39,26351360,train,-75.924375,10.770999973416329,-52.1998291015625,-52.21900939941406,True,-0.0191802978515625,83.25937832477241,78.47034467077546,64.64474975076246,-347.5683837274579,-817.8309333329565,wcl
2021-06-22 11:48:44,26351360,train,-83.123125,-1.3979999996721744,-55.702117919921875,-55.969635009765625,True,-0.26751708984375,132.4962400067638,78.47034467077546,97.61545792896177,-389.80328382287195,-813.1926000002602,wcl
2021-06-22 16:19:41,26351360,train,-77.14923469387755,8.999999978104416,-53.689659118652344,-53.77910614013672,True,-0.089447021484375,101.38730594870877,78.47034467077546,74.92684878722602,-366.5402105082206,-818.5730666667891,wcl
2021-06-23 16:32:35,26351360,train,-75.390625,18.16599997997284,-50.40254211425781,-50.41337585449219,True,-0.010833740234375,65.55744503994562,78.47034467077546,60.74051452474255,-303.3007879051166,-810.7806666666886,wcl
2021-06-22 16:19:45,26351360,train,-80.55,6.886000009775162,-56.0823974609375,-56.396141052246094,True,-0.31374359130859375,139.465218966559,78.47034467077546,104.62145883119064,-395.11087821974286,-820.2428666665281,wcl
2021-06-23 15:18:32,26351360,train,-63.52125,17.069999895095826,-45.486061096191406,-45.72193908691406,True,-0.23587799072265625,30.375457206033172,68.51361272770667,93.8532718968091,-275.40768543586336,-810.2240666665119,wcl
2021-06-23 16:32:31,26351360,train,-63.705625,22.12199993133545,-44.82453918457031,-45.113365173339844,True,-0.28882598876953125,26.378421419270847,68.51361272770667,89.41302908243517,-266.1476271260577,-807.9976666665962,wcl
2021-06-23 15:18:26,26351360,train,-70.476875,18.0870000076294,-42.91571807861328,-43.393829345703125,True,-0.47811126708984375,14.239256709462115,68.51361272770667,61.97870237215541,-223.12223424793638,-807.6266000000754,wcl
2021-06-22 11:48:35,26351360,train,-71.93,15.221999940872193,-47.2122802734375,-47.33747863769531,True,-0.1251983642578125,41.28512048999416,68.51361272770667,99.2853890431787,-294.1536571358697,-800.9474000003283,wcl
2021-06-22 11:48:34,26351360,train,-64.326875,16.290999937057496,-45.593841552734375,-45.821937561035156,True,-0.22809600830078125,31.03355325814261,68.51361272770667,90.32947218948169,-283.76432342252326,-800.2052666664957,wcl
2021-06-23 14:16:31,26351360,train,-70.833125,19.10299998283386,-44.509033203125,-44.825965881347656,True,-0.31693267822265625,24.479632327556008,68.51361272770667,53.31923856261512,-225.49371259557685,-805.4002000001597,wcl
2021-06-23 16:32:26,26351360,train,-69.56,21.164999923706056,-43.84580993652344,-44.225791931152344,True,-0.37998199462890625,20.422283836795994,68.51361272770667,56.80813660143962,-220.0731906581473,-804.6580666663272,wcl
2021-06-23 14:16:29,26351360,train,-74.313125,18.062999992370607,-47.420989990234375,-47.53526306152344,True,-0.1142730712890625,42.681702196817454,68.51361272770667,47.79498131913566,-203.92455238641733,-803.173800000244,wcl
2021-06-23 15:18:27,26351360,train,-67.983125,19.238999967575072,-42.13749694824219,-42.70104217529297,True,-0.5635452270507812,7.286616341014528,68.51361272770667,66.61549964555266,-231.25301715408068,-808.368733333117,wcl
2021-06-22 17:43:51,26351360,train,-75.763125,16.041999988555908,-53.3463134765625,-53.410003662109375,True,-0.063690185546875,96.8281325879514,68.51361272770667,69.59072368381032,-297.2027007256588,-811.8938666662509,wcl
2021-06-22 16:19:21,26351360,train,-76.705,13.069000024795532,-51.811485290527344,-51.82231903076172,True,-0.010833740234375,79.09547304765542,152.41599412546583,78.37760527382235,-172.5306961655013,-802.9882666665881,wcl
2021-06-23 16:32:20,26351360,train,-75.780625,15.967999935150146,-51.05194091796875,-51.05696105957031,True,-0.0050201416015625,71.51237290912002,152.41599412546583,85.48009079569998,-164.73869588067197,-800.7618666666724,wcl
2021-06-23 15:18:19,26351360,train,-75.90625,17.58571433047859,-51.40648651123047,-51.414093017578125,True,-0.00760650634765625,74.97966280976816,152.41599412546583,83.4418343585953,-165.86797128421287,-800.5763333330165,wcl
2021-06-23 15:18:23,26351360,train,-73.79,19.30500002861023,-46.83256530761719,-46.98004150390625,True,-0.1474761962890625,38.80235985195989,152.41599412546583,116.37784050975371,-199.5203783122107,-804.1014666677324,wcl
2021-06-23 14:15:58,26351360,train,-79.736875,14.135999994277954,-54.15484619140625,-54.266510009765625,True,-0.111663818359375,107.68813952831503,209.6411788475988,146.78934307034018,-108.3878532398534,-793.7115999996136,wcl
2021-06-22 11:47:58,26351360,train,-79.58375,11.419999980926514,-53.478172302246094,-53.54730224609375,True,-0.06912994384765625,98.50336493390002,209.6411788475988,148.27694084767077,-189.4698272199385,-799.0920666677243,wcl
2021-06-22 11:48:03,26351360,train,-79.189375,11.77600001335144,-53.500511169433594,-53.57093048095703,True,-0.0704193115234375,98.79403799564516,209.6411788475988,148.52848427595495,-189.4698272199385,-799.0920666677243,wcl
2021-06-23 16:32:05,26351360,train,-79.45125,12.984999985694886,-54.10212707519531,-54.20989227294922,True,-0.10776519775390625,106.93926686281125,209.6411788475988,147.67433952059773,-107.93614307834076,-795.9380000003202,wcl
2021-06-22 11:48:08,26351360,train,-79.4725,11.670999984741211,-53.500511169433594,-53.57093048095703,True,-0.0704193115234375,98.79403799564516,209.6411788475988,148.52848427595495,-189.4698272199385,-799.0920666677243,wcl
2021-06-23 14:16:10,26351360,train,-79.93375,14.101000027656555,-54.15484619140625,-54.266510009765625,True,-0.111663818359375,107.68813952831503,209.6411788475988,146.78934307034018,-108.3878532398534,-793.7115999996136,wcl
2021-06-23 14:16:09,26351360,train,-79.914375,14.318000016212464,-54.15484619140625,-54.266510009765625,True,-0.111663818359375,107.68813952831503,209.6411788475988,146.78934307034018,-108.3878532398534,-793.7115999996136,wcl
2021-06-23 16:32:03,26351360,train,-79.5625,12.67699995994568,-54.10212707519531,-54.20989227294922,True,-0.10776519775390625,106.93926686281125,209.6411788475988,147.67433952059773,-107.93614307834076,-795.9380000003202,wcl
2021-06-22 11:48:07,26351360,train,-79.1425,11.817999992370606,-53.500511169433594,-53.57093048095703,True,-0.0704193115234375,98.79403799564516,209.6411788475988,148.52848427595495,-189.4698272199385,-799.0920666677243,wcl
2021-06-23 14:15:53,26351360,train,-81.46875,11.271000071763993,-54.50201416015625,-54.64134216308594,True,-0.1393280029296875,112.76219882278394,209.6411788475988,145.4597682237469,-108.27492569941505,-793.5260666667486,wcl
2021-06-22 11:47:54,26351360,train,-78.84171195652173,11.804347857185032,-53.54950714111328,-53.621742248535156,True,-0.072235107421875,99.42172748078305,209.6411788475988,144.9587222406011,-189.80860984101284,-797.2367333335385,wcl
2021-06-23 15:18:08,26351360,train,-81.146875,11.474000024795531,-54.036476135253906,-54.14286804199219,True,-0.10639190673828125,106.05862298868851,209.6411788475988,147.71914701797414,-110.64640404705554,-791.6707333333536,wcl
2021-06-23 16:31:52,26351360,train,-81.56582446808511,7.388297855854034,-54.475791931152344,-54.61292266845703,True,-0.1371307373046875,112.37023699792249,209.6411788475988,146.07518064140558,-107.82321553802278,-795.0103333336227,wcl
2021-06-23 14:16:08,26351360,train,-79.626875,13.97899998664856,-54.15484619140625,-54.266510009765625,True,-0.111663818359375,107.68813952831503,209.6411788475988,146.78934307034018,-108.3878532398534,-793.7115999996136,wcl
2021-06-22 11:47:57,26351360,train,-80.173125,10.778000016212465,-53.48551940917969,-53.55506134033203,True,-0.06954193115234375,98.59874060948023,209.6411788475988,147.56990060186075,-189.69568230069484,-798.9065333332775,wcl
2021-06-23 14:16:05,26351360,train,-79.955,13.861000022888184,-54.15484619140625,-54.266510009765625,True,-0.111663818359375,107.68813952831503,209.6411788475988,146.78934307034018,-108.3878532398534,-793.7115999996136,wcl
2021-06-23 14:16:15,26351360,train,-79.621875,14.042999968528749,-54.15484619140625,-54.266510009765625,True,-0.111663818359375,107.68813952831503,209.6411788475988,146.78934307034018,-108.3878532398534,-793.7115999996136,wcl
2021-06-23 16:33:45,26351362,train,-70.574375,15.919999923706056,-62.20696258544922,-63.511741638183594,True,-1.304779052734375,321.68592217683954,455.2046019352174,136.8467118995014,-624.1279300746369,-804.4725333334623,wcl
2021-06-22 16:20:20,26351362,train,-87.868125,-1.8340000001341104,-64.15023040771484,-65.77759552001953,True,-1.6273651123046875,418.23124518042675,455.2046019352174,72.41804306352684,-650.440046979318,-805.7712666666805,wcl
2021-06-23 16:33:57,26351362,train,-86.34210526315789,-1.4126315727045662,-63.83184814453125,-65.40795135498047,True,-1.5761032104492188,400.7232907063526,455.2046019352174,75.54247361790596,-636.3241044337932,-805.7712666666805,wcl
2021-06-23 16:33:34,26351362,train,-71.78125,17.94200012207031,-62.112037658691406,-63.40049743652344,True,-1.2884597778320312,317.5599837398098,455.2046019352174,142.5990526871621,-621.1918140252861,-805.0291333336389,wcl
2021-06-23 16:33:49,26351362,train,-76.6375,12.382999992370603,-62.53572082519531,-63.89666748046875,True,-1.3609466552734375,336.3742238925922,455.2046019352174,119.01253458081295,-624.1279300746369,-804.4725333334623,wcl
2021-06-23 16:33:33,26351362,train,-71.189375,18.27400010108948,-62.112037658691406,-63.40049743652344,True,-1.2884597778320312,317.5599837398098,455.2046019352174,142.5990526871621,-619.046190758402,-805.4002000001597,wcl
2021-06-23 16:33:50,26351362,train,-77.021875,11.953000011444091,-62.67179870605469,-64.05579376220703,True,-1.3839950561523438,342.63778437431773,455.2046019352174,112.57068784824882,-624.1279300746369,-804.4725333334623,wcl
2021-06-23 16:33:52,26351362,train,-75.451875,12.658999996185305,-62.94795227050781,-64.37844848632812,True,-1.4304962158203125,355.6933507977924,455.2046019352174,100.93089066445515,-624.1279300746369,-804.4725333334623,wcl
2021-06-23 16:33:43,26351362,train,-69.905625,17.238999996185303,-62.112037658691406,-63.40049743652344,True,-1.2884597778320312,317.5599837398098,455.2046019352174,142.5990526871621,-624.1279300746369,-804.4725333334623,wcl
2021-06-22 16:20:19,26351362,train,-85.681875,0.1839999960362911,-63.967864990234375,-65.56594848632812,True,-1.59808349609375,408.1159416795148,455.2046019352174,73.59583324433288,-646.7134381473803,-806.8844666662428,wcl
2021-06-23 16:33:36,26351362,train,-73.038125,17.25300000190735,-62.112037658691406,-63.40049743652344,True,-1.2884597778320312,317.5599837398098,455.2046019352174,142.5990526871621,-623.4503648326086,-804.4725333334623,wcl
2021-06-22 17:44:41,26351362,train,-74.291875,12.405,-61.78514099121094,-63.01701354980469,True,-1.23187255859375,303.7315430745586,530.1480450053659,226.56847486134495,-680.2529176348195,-785.919200000304,wcl
2021-06-22 17:44:43,26351362,train,-75.964375,13.579999990463255,-61.949729919433594,-63.21009826660156,True,-1.2603683471679688,310.618281221367,530.1480450053659,219.6417996398688,-680.2529176348195,-785.919200000304,wcl
2021-06-22 17:44:47,26351362,train,-74.355,13.993999967575071,-62.2132568359375,-63.51914978027344,True,-1.3058929443359375,321.96255675661007,530.1480450053659,209.79077902892962,-680.2529176348195,-785.919200000304,wcl
2021-06-22 17:44:45,26351362,train,-75.05,16.36299991607666,-62.054222106933594,-63.33263397216797,True,-1.278411865234375,315.06822527090304,530.1480450053659,215.76504688704406,-680.2529176348195,-785.919200000304,wcl
2021-06-22 15:01:14,26351362,train,-78.415,7.099999993443489,-63.452415466308594,-64.96647644042969,True,-1.5140609741210938,380.76221878864345,390.2691022129668,101.54606823055542,-568.4546526760872,-815.4190000001759,wcl
2021-06-23 16:33:22,26351362,train,-70.885,19.061999988555907,-62.112037658691406,-63.40049743652344,True,-1.2884597778320312,317.5599837398098,390.2691022129668,78.30911755983149,-567.8900149742566,-819.8718000000074,wcl
2021-06-23 15:18:57,26351362,train,-74.79875,13.160000009536745,-63.03617858886719,-64.48136901855469,True,-1.4451904296875,359.96009566932423,390.2691022129668,90.40948212834238,-557.6136088014689,-820.7994666667048,wcl
2021-06-22 16:20:09,26351362,train,-75.61,12.03900001525879,-62.749847412109375,-64.14694213867188,True,-1.3970947265625,346.27715139058347,390.2691022129668,81.1694306236102,-557.2748261802742,-823.3969333331413,wcl
2021-06-22 15:01:09,26351362,train,-76.054375,12.898000049591063,-62.56061553955078,-63.925559997558594,True,-1.3649444580078125,337.5032571001197,390.2691022129668,73.50323775922351,-512.442592656343,-822.4692666664439,wcl
2021-06-22 16:20:05,26351362,train,-71.596875,17.389000024795532,-62.466552734375,-63.815574645996094,True,-1.3490219116210938,333.2259143215102,390.2691022129668,74.3389722353664,-516.0562739478423,-829.7050666663677,wcl
2021-06-23 14:17:04,26351362,train,-78.259375,8.736999980211259,-63.14988708496094,-64.61406707763672,True,-1.4641799926757812,365.5360931055524,390.2691022129668,95.44624222967926,-562.0177828754348,-819.1296666669657,wcl
2021-06-23 16:33:19,26351362,train,-71.1525,19.2060000705719,-62.112037658691406,-63.40049743652344,True,-1.2884597778320312,317.5599837398098,390.2691022129668,78.30911755983149,-547.1113475476841,-823.3969333331413,wcl
2021-06-22 16:20:06,26351362,train,-72.08875,17.02199993133545,-62.535316467285156,-63.89605712890625,True,-1.3607406616210938,336.35026634897406,390.2691022129668,75.78261592854592,-525.7680424192808,-828.7773999996703,wcl
2021-06-23 16:33:12,26351362,train,-71.350625,17.935999975204467,-62.120277404785156,-63.41014099121094,True,-1.2898635864257812,317.91522969397846,342.64955079677327,108.7596021381488,-496.0680993038567,-829.8906000000236,wcl
2021-06-22 16:20:02,26351362,train,-73.73375,14.517999982833862,-62.25300598144531,-63.56555938720703,True,-1.3125534057617188,323.7008418449415,342.64955079677327,112.55673776521289,-491.2122150683781,-829.5195333335027,wcl
2021-06-22 11:49:13,26351362,train,-80.98125,6.346999968588352,-62.41466522216797,-63.75514221191406,True,-1.3404769897460938,330.8983028887003,342.64955079677327,145.4781222015951,-472.240388287495,-872.7488000001807,wcl
2021-06-22 11:48:52,26351362,train,-73.788125,14.955000019073486,-61.8885498046875,-63.138389587402344,True,-1.2498397827148438,308.04294285956007,342.64955079677327,92.80400149077431,-448.638532351649,-820.7994666667048,wcl
2021-06-22 16:19:53,26351362,train,-76.38375,12.95800003528595,-61.6619873046875,-62.8724365234375,True,-1.21044921875,298.6733074440875,342.64955079677327,77.14862080381711,-439.3784740419638,-824.1390666669738,wcl
2021-06-23 16:33:08,26351362,train,-72.030625,16.079999990463257,-61.96360778808594,-63.226463317871094,True,-1.2628555297851562,311.2090396451667,342.64955079677327,99.22479353891063,-467.04572143070146,-828.0352666666286,wcl
2021-06-22 11:49:09,26351362,train,-74.251875,16.429000062942507,-62.26080322265625,-63.574737548828125,True,-1.313934326171875,324.04548241420576,342.64955079677327,125.24348476503043,-470.4335476415648,-850.4848000002326,wcl
2021-06-23 15:18:47,26351362,train,-70.2975,16.20100004196167,-61.394561767578125,-62.558509826660156,True,-1.1639480590820312,287.97285141500106,342.64955079677327,71.76036369067697,-442.7663002528272,-824.6956666663596,wcl
2021-06-23 15:18:52,26351362,train,-72.105625,16.35000002861023,-62.120208740234375,-63.41004180908203,True,-1.2898330688476562,317.91199013300104,342.64955079677327,108.17653433917185,-497.4232297880335,-828.9629333333261,wcl
2021-06-22 11:49:01,26351362,train,-74.088125,12.890000019073486,-62.240997314453125,-63.55149841308594,True,-1.3105010986328125,323.1733222685101,342.64955079677327,122.34032631697784,-461.06056179144133,-830.6327333330651,wcl
2021-06-22 11:49:14,26351362,train,-83.72375,1.6229999990016222,-62.414276123046875,-63.72227478027344,True,-1.3079986572265625,329.6395900803317,342.64955079677327,150.6959836846439,-472.3533158276927,-877.572666666533,wcl
2021-06-23 16:33:01,26351362,train,-69.90875,15.343999996185303,-61.528175354003906,-62.715423583984375,True,-1.1872482299804688,293.27341575294474,342.64955079677327,75.1226217182467,-417.8093138325636,-823.5824666667972,wcl
2021-06-23 16:33:07,26351362,train,-73.44125,15.10100001335144,-61.87109375,-63.117942810058594,True,-1.2468490600585938,307.3123120877871,342.64955079677327,93.23650751141547,-459.9312863879004,-827.478666666452,wcl
2021-06-23 16:33:11,26351362,train,-69.9325,19.311999979019166,-62.10691833496094,-63.39447784423828,True,-1.2875595092773438,317.33803691278564,342.64955079677327,108.10619999923694,-488.84073672061726,-829.5195333335027,wcl
2021-06-23 16:33:04,26351362,train,-72.99875,15.496000022888184,-61.63780975341797,-62.84416961669922,True,-1.20635986328125,297.69389603625865,342.64955079677327,80.7836550930077,-439.4914015821615,-825.8088666667129,wcl
2021-06-22 11:49:12,26351362,train,-80.441875,8.614000033140183,-62.41352081298828,-63.753662109375,True,-1.3401412963867188,330.84187710716344,342.64955079677327,139.76003144922836,-472.1274607470567,-867.9249333330375,wcl
2021-06-22 11:49:06,26351362,train,-74.105,12.682000045776368,-62.20482635498047,-63.509178161621094,True,-1.304351806640625,321.59008450919214,342.64955079677327,122.22224021254226,-466.02937356747856,-835.0855333328966,wcl
2021-06-22 15:01:02,26351362,train,-74.159375,11.757000017166138,-61.42228698730469,-62.59093475341797,True,-1.1686477661132812,289.06042317152924,342.64955079677327,67.11711976007109,-431.8123288376501,-820.0573333336632,wcl
2021-06-22 11:48:48,26351362,train,-75.54375,10.901999988555907,-61.422607421875,-62.59136199951172,True,-1.1687545776367188,289.07486278772984,342.64955079677327,69.17953089239212,-426.8435170617332,-818.2020000002683,wcl
2021-06-23 14:16:50,26351362,train,-72.49875,13.754000034332275,-61.230018615722656,-62.365028381347656,True,-1.135009765625,281.5661108693028,342.64955079677327,68.88181537403617,-425.2625314966796,-823.3969333331413,wcl
2021-06-23 14:16:58,26351362,train,-69.67125,16.962000007629396,-62.29180908203125,-63.61106872558594,True,-1.3192596435546875,325.41454783432005,342.64955079677327,117.67379296453565,-497.08444716695925,-828.9629333333261,wcl
2021-06-22 11:49:04,26351362,train,-74.040625,11.874999990463255,-62.216331481933594,-63.52263641357422,True,-1.306304931640625,322.0925397514384,342.64955079677327,122.23103694962461,-461.2864168721976,-830.818266666721,wcl
2021-06-22 15:01:06,26351362,train,-74.48875,10.912000036239624,-62.01721954345703,-63.28916931152344,True,-1.2719497680664062,313.4826659823313,342.64955079677327,95.15013619795481,-477.88676530544024,-820.2428666665281,wcl
2021-06-23 16:32:54,26351362,train,-76.028125,14.5039999294281,-61.2855224609375,-62.43034362792969,True,-1.1448211669921875,283.7133745346247,320.16785781890394,125.4828520181652,-389.12571858060306,-819.8718000000074,wcl
2021-06-23 16:32:56,26351362,train,-73.61625,15.310999937057495,-61.294921875,-62.441375732421875,True,-1.146453857421875,284.0776544989533,320.16785781890394,126.15085001605345,-395.7884434620118,-821.3560666676724,wcl
2021-06-23 16:32:51,26351362,train,-76.734375,13.416000032424927,-61.27543640136719,-62.41851806640625,True,-1.1430816650390625,283.32328065703626,320.16785781890394,125.97239444076847,-381.785428457166,-819.3151999998306,wcl
2021-06-22 17:45:01,26368257,train,-90.22,2.3560000024735928,-58.68843078613281,-59.37205505371094,True,-0.683624267578125,198.47851623165482,331.85366410458226,170.67350552105358,-718.1965711965856,-784.4349333334299,wcl
2021-06-22 17:44:59,26368257,train,-87.934375,7.117999999523163,-57.60127258300781,-58.112876892089844,True,-0.5116043090820312,171.09750070860335,331.85366410458226,184.40378082208392,-710.1787158307593,-776.6425333333293,wcl
2021-06-22 15:01:39,26368257,train,-91.16125,-4.756000002026558,-58.628684997558594,-59.30250549316406,True,-0.6738204956054688,196.86286036596667,190.52837307059326,82.91002046367352,-628.6450316892818,-807.0699999998988,wcl
2021-06-22 15:01:21,26368257,train,-86.801875,0.9910000090301035,-57.57652282714844,-58.084373474121094,True,-0.5078506469726562,170.5214260884917,190.52837307059326,73.03755478109963,-612.1576107964776,-811.3372666676562,wcl
2021-06-22 15:01:23,26368257,train,-87.830625,0.7880000034719705,-57.68238830566406,-58.206336975097656,True,-0.5239486694335938,172.99963106438028,190.52837307059326,74.26545347422596,-617.9169153549815,-809.6674666663353,wcl
2021-06-23 14:17:09,26368257,train,-86.3575,2.70000001065433,-56.57313537597656,-56.937339782714844,True,-0.36420440673828125,148.7941609115132,190.52837307059326,72.5795703435497,-611.5929730944063,-809.4819333334704,wcl
2021-06-22 15:01:27,26368257,train,-87.90375,0.2350000017881393,-57.59916687011719,-58.110443115234375,True,-0.5112762451171875,171.04824319328483,190.52837307059326,74.27002957327899,-627.628683826059,-806.6989333333779,wcl
2021-06-23 15:19:06,26368257,train,-90.104375,3.11499999165535,-58.56855773925781,-59.23255920410156,True,-0.66400146484375,195.25074650367796,190.52837307059326,80.04208937959675,-654.2795833515737,-801.503999999714,wcl
2021-06-22 16:20:24,26368257,train,-90.4725,3.480000001937151,-58.62095642089844,-59.29351806640625,True,-0.6725616455078125,196.65519810684142,190.52837307059326,82.765796868691,-655.2959312147965,-805.4002000001597,wcl
2021-06-22 15:01:18,26368257,train,-86.22527472527473,3.165934082734716,-56.671226501464844,-57.04862976074219,True,-0.37740325927734375,150.78277712562564,190.52837307059326,71.19528840270276,-600.4131465987135,-811.1517333340004,wcl
2021-06-22 16:20:23,26368257,train,-90.40497448979592,3.954081638126957,-58.26005554199219,-58.874176025390625,True,-0.6141204833984375,187.1868948841629,190.52837307059326,78.38786578332504,-655.1830036744786,-805.5857333330246,wcl
2021-06-22 15:01:19,26368257,train,-86.44375,1.5829999980330467,-57.0526123046875,-57.48335266113281,True,-0.4307403564453125,158.79087642384874,190.52837307059326,70.84040189443992,-604.9302482131178,-810.9661999995535,wcl
2021-06-23 14:17:14,26368257,train,-90.258125,1.5280000031739474,-58.56951904296875,-59.233665466308594,True,-0.6641464233398438,195.27630289944494,190.52837307059326,81.62200932348817,-649.5366266561723,-802.0605999998907,wcl
2021-06-22 15:01:24,26368257,train,-87.76125,0.5120000004768371,-57.657318115234375,-58.17744445800781,True,-0.5201263427734375,172.4093289416162,190.52837307059326,74.21850727074288,-620.7401038637735,-809.1108666677405,wcl
2021-06-23 14:17:08,26368257,train,-85.87965425531915,-0.261702103579932,-56.060546875,-56.35902404785156,True,-0.2984771728515625,138.84572231979155,190.52837307059326,74.41388121771915,-602.2199872445234,-811.3372666676562,wcl
2021-06-22 16:20:22,26368257,train,-89.7125,2.721999997571111,-57.86528015136719,-58.41712188720703,True,-0.5518417358398438,177.3630122666958,190.52837307059326,75.04182900018087,-654.5054384322096,-805.7712666666805,wcl
2021-06-23 16:34:00,26368257,train,-87.28125,7.189000002741814,-57.5960693359375,-58.10688781738281,True,-0.5108184814453125,170.9763997000868,190.52837307059326,73.62819282790483,-652.5856702459614,-802.2461333335466,wcl
2021-06-23 15:19:05,26368257,train,-89.856875,3.4630000037699937,-58.141082763671875,-58.73625183105469,True,-0.5951690673828125,184.16880569541206,190.52837307059326,75.60528143790187,-645.8100178243551,-803.3593333331089,wcl
2021-06-23 14:17:12,26368257,train,-90.459375,2.006999984383583,-57.82909393310547,-58.375328063964844,True,-0.546234130859375,176.48979946637223,190.52837307059326,75.02932981480163,-635.8723942724009,-805.0291333336389,wcl
2021-06-22 15:01:33,26368257,train,-89.57375,1.2439999925345182,-57.88121032714844,-58.43553161621094,True,-0.5543212890625,177.7490783781627,190.52837307059326,75.84187749182126,-628.6450316892818,-807.0699999998988,wcl
2021-06-23 16:33:58,26368257,train,-85.5325,4.124000004455447,-56.59453582763672,-56.96159362792969,True,-0.36705780029296875,149.2254921822215,190.52837307059326,72.990363052256,-641.4058437501485,-804.8435999999831,wcl
2021-06-23 14:17:13,26368257,train,-90.71125,2.650000008419156,-58.205535888671875,-58.810951232910156,True,-0.6054153442382812,185.79757346687566,190.52837307059326,77.96240406025049,-642.873901774884,-803.5448666667648,wcl
2021-06-22 15:01:37,26368257,train,-90.52125,-2.320999985933304,-58.409881591796875,-59.04808807373047,True,-0.6382064819335938,191.05954942869192,190.52837307059326,80.39842793322087,-628.6450316892818,-807.0699999998988,wcl
2021-06-22 15:01:34,26368257,train,-91.26125,-1.7349999970942735,-58.00001525878906,-58.572906494140625,True,-0.5728912353515625,180.65487847372003,190.52837307059326,76.71135054903786,-628.6450316892818,-807.0699999998988,wcl
2021-06-22 15:01:32,26368257,train,-88.486875,1.648999998047948,-57.773406982421875,-58.31104278564453,True,-0.5376358032226562,175.15420280624463,190.52837307059326,75.22182447984474,-628.6450316892818,-807.0699999998988,wcl
2021-06-23 15:19:04,26368257,train,-87.001875,8.150999984741212,-57.68147277832031,-58.20500183105469,True,-0.523529052734375,172.97221055595622,190.52837307059326,72.20479305670308,-637.0016696759418,-805.0291333336389,wcl
2021-06-22 15:01:28,26368257,train,-87.874375,-0.1869999932497739,-57.59916687011719,-58.110443115234375,True,-0.5112762451171875,171.04824319328483,190.52837307059326,74.27002957327899,-628.1933215277692,-806.5133999997221,wcl
2021-06-23 14:17:10,26368257,train,-85.240625,5.743000017851591,-57.025596618652344,-57.452476501464844,True,-0.4268798828125,158.2093844159423,190.52837307059326,72.11501290967924,-620.5142487831375,-807.8121333329403,wcl
2021-06-22 17:44:57,26368257,train,-87.3125,1.1881720539062255,-56.30082702636719,-56.62940979003906,True,-0.328582763671875,143.417923213984,272.9915400609766,174.14316507331432,-699.5635270367768,-774.2305999997577,wcl
2021-06-23 15:19:07,26368257,train,-88.58976063829788,4.855319140756384,-58.94317626953125,-59.6688232421875,True,-0.72564697265625,205.51716747118644,272.9915400609766,171.41306383400814,-662.5232937979156,-798.9065333332775,wcl
2021-06-22 11:49:46,26368257,train,-106.2225,-8.880000052452088,-58.242759704589844,-59.30267333984375,True,-1.0599136352539062,196.86684261165914,161.33390068533075,54.00289402556802,-513.1201578984916,-1128.7847999999794,wcl
2021-06-22 11:49:45,26368257,train,-106.809375,-9.70199996471405,-57.98768615722656,-58.98277282714844,True,-0.995086669921875,189.59600901127556,161.33390068533075,49.9427350468512,-512.1038100352687,-1121.3634666663997,wcl
2021-06-22 11:49:48,26368257,train,-110.048125,-11.486999969482422,-58.70289611816406,-59.890167236328125,True,-1.1872711181640625,210.92208742715482,161.33390068533075,63.63184888989341,-515.717491326768,-1142.1432000002646,wcl
2021-06-22 11:49:43,26368257,train,-105.240625,-7.76100001335144,-57.634620666503906,-58.190223693847656,True,-0.55560302734375,172.67009217733334,161.33390068533075,43.15986554744338,-510.2969693894588,-1106.1497333335105,wcl
2021-06-22 11:49:41,26368257,train,-100.245625,-4.322999984771013,-56.95208740234375,-57.400550842285156,True,-0.44846343994140625,157.23550988647122,65.20695906328395,92.03073131653949,-507.9254910419387,-1091.863666666528,wcl
2021-06-22 11:49:40,26368257,train,-96.794375,-2.2170000060647728,-56.59049987792969,-56.957275390625,True,-0.3667755126953125,149.14849092310513,65.20695906328395,83.9706979878822,-506.3445054767648,-1083.7001999999065,wcl
2021-06-22 11:49:38,26368257,train,-92.366875,3.078000002130866,-55.63926696777344,-55.88897705078125,True,-0.2497100830078125,131.21450423595078,65.20695906328395,66.2466939649477,-503.86009958880635,-1070.712866667724,wcl
2021-06-22 11:49:42,26368257,train,-103.54375,-6.3570000159740445,-57.312469482421875,-57.8162841796875,True,-0.503814697265625,165.19149683190562,65.20695906328395,99.98787122110427,-509.1676939859179,-1099.6560666666282,wcl
2021-06-22 11:49:36,26368257,train,-93.54,1.5819999964535236,-54.65068817138672,-54.807403564453125,True,-0.15671539306640625,115.07640471147786,93.00254875812624,138.48778066041316,-494.26125865816715,-1049.7476000002032,wcl
2021-06-22 11:49:37,26368257,train,-93.6775,1.621000005453825,-55.14750671386719,-55.35197448730469,True,-0.2044677734375,122.96422309016785,93.00254875812624,142.17591102992537,-499.90763567611236,-1061.2506666663025,wcl
2021-06-22 11:49:33,26368257,train,-90.511875,6.054000005722046,-52.85774230957031,-52.90699005126953,True,-0.04924774169921875,90.89256372229625,93.00254875812624,130.0841361403376,-489.51830196276586,-1022.1031333329353,wcl
2021-06-22 11:49:32,26368257,train,-88.456875,8.88199999332428,-52.22709655761719,-52.24565124511719,True,-0.0185546875,83.54515400481714,93.00254875812624,128.25831942500858,-488.0502439381507,-1012.6409333330957,wcl
2021-06-22 11:49:31,26368257,train,-87.18,9.192999997138976,-51.551734924316406,-51.558929443359375,True,-0.00719451904296875,76.42094476904518,93.00254875812624,127.11668809288024,-486.01754821158454,-1002.4366000002146,wcl
2021-06-22 11:49:20,26368257,train,-76.645,17.516999979019165,-48.616859436035156,-48.674041748046875,True,-0.05718231201171875,51.10190197923736,82.90231646609321,123.5188821946899,-472.8050259892053,-910.5976000003297,wcl
2021-06-22 11:49:27,26368257,train,-78.28625,16.59599992752075,-49.45903778076172,-49.49871826171875,True,-0.03968048095703125,57.683033326692126,82.90231646609321,140.45499944173332,-479.580678410932,-964.5878000000655,wcl
2021-06-22 11:49:30,26368257,train,-84.864375,11.72199995994568,-50.90364074707031,-50.90989685058594,True,-0.006256103515625,70.11929430845043,82.90231646609321,152.50049859385058,-483.87192494458003,-992.4178000001984,wcl
2021-06-22 11:49:18,26368257,train,-82.318125,11.218999977111816,-48.97502136230469,-49.01869201660156,True,-0.043670654296875,53.797492730013495,82.90231646609321,121.15393391382062,-473.25673615059765,-900.022200000137,wcl
2021-06-22 11:49:29,26368257,train,-81.926875,13.859999990463256,-50.33484649658203,-50.35137939453125,True,-0.01653289794921875,65.00267014521022,82.90231646609321,147.79359225711804,-482.62972200072113,-982.955599999568,wcl
2021-06-22 11:49:21,26368257,train,-76.576875,17.64400013923645,-48.48680114746094,-48.55292510986328,True,-0.06612396240234375,50.17215075852267,82.90231646609321,124.99387942779865,-472.5791709085694,-915.6070000003378,wcl
2021-06-22 11:49:16,26368257,train,-79.79315476190476,10.39285715421041,-49.593727111816406,-49.61797332763672,True,-0.0242462158203125,58.67357911529521,158.41753083349357,159.87220858942226,-472.9179535295233,-887.777000000205,wcl
2021-06-22 11:56:49,26961928,train,-96.46162280701756,-1.5333333187981657,-270.0,-270.0,False,0.0,,,126.41798102021177,-1278.881809095859,-2008.954933332949,wcl
2021-06-22 11:56:42,26961928,train,-96.87139423076924,1.571153846497719,-270.0,-270.0,False,0.0,,,122.6598436484975,-1281.7049976047713,-1952.5527999996416,wcl
2021-06-22 11:56:43,26961928,train,-96.3961038961039,0.2051947986731281,-270.0,-270.0,False,0.0,,,124.13897795104805,-1281.3662149838174,-1961.0873333335746,wcl
2021-06-22 11:56:50,28792072,train,-96.66166666666666,-5.765333326856295,-270.0,-270.0,False,0.0,,,125.1953831930632,-1279.2205917170536,-2016.9328666667052,wcl
2021-06-22 11:56:51,28792072,train,-97.17666666666666,-10.15466669400533,-270.0,-270.0,False,0.0,,,124.1476714717479,-1286.4479543000525,-2034.558533333957,wcl
2021-06-22 11:56:52,28792072,train,-99.1830985915493,-11.516901392332263,-270.0,-270.0,False,0.0,,,123.98168446082292,-1287.1255195423212,-2044.2062666666616,wcl
2021-06-22 11:56:44,28792072,train,-94.335,-2.4519999932249386,-270.0,-270.0,False,0.0,,,126.06870842870873,-1280.914504822305,-1969.2508000001958,wcl
2021-06-22 15:09:39,28792072,train,-95.94901315789474,0.5105263121230038,-270.0,-270.0,False,0.0,,,128.39483108314798,-1282.6084179279171,-1963.870333333667,wcl
2021-06-22 11:56:53,26961922,train,-110.21747448979592,-10.303061217677836,-54.940521240234375,-270.0,False,0.0,34.99321652807703,133.61945218327352,123.85996765069095,-1287.916012324788,-2052.7407999998036,wcl
2021-06-22 16:53:36,26961922,train,-104.20375,-2.3959999833256007,-60.08897399902344,-270.0,False,0.0,4.370180289227082,133.61945218327352,132.62570312618055,-1284.5281861139244,-2020.6435333334953,wcl
2021-06-22 16:53:37,26961922,train,-106.07625,-4.134000022485853,-52.231231689453125,-270.0,False,0.0,16.08028121345527,133.61945218327352,131.7168537841926,-1284.3023310331682,-2026.5806000002008,wcl
2021-06-22 16:53:38,26961922,train,-105.654375,-5.71100000537932,-52.83964538574219,-270.0,False,0.0,27.03566785496162,133.61945218327352,131.4147096455112,-1284.754041194681,-2032.1465999995944,wcl
2021-06-22 16:53:39,26961922,train,-106.395625,-7.127000017166138,-53.66344451904297,-270.0,False,0.0,37.858367295319376,133.61945218327352,132.91601837795747,-1287.4643021633956,-2038.6402666664767,wcl
2021-06-22 17:51:18,26961922,train,-106.065,-4.063000004366041,-52.79344177246094,-270.0,False,0.0,24.632940842762864,133.61945218327352,131.61514370525552,-1281.2532874433791,-2005.0587333332942,wcl
2021-06-22 17:51:19,26961922,train,-105.86125,-5.995999988913536,-53.618507385253906,-270.0,False,0.0,34.29717606823318,133.61945218327352,132.0946609531642,-1281.930852685648,-2010.810266666344,wcl
2021-06-22 17:51:20,26961922,train,-106.800625,-7.3999999833107,-54.55360412597656,-270.0,False,0.0,43.93769128730848,133.61945218327352,132.82564098433076,-1282.3825628469199,-2014.7064666667895,wcl
2021-06-23 14:24:33,26961922,train,-106.45875,-5.353000001907349,-53.23329162597656,-270.0,False,0.0,19.579542148266984,133.61945218327352,127.90301732088041,-1278.7688815554206,-2004.5021333331174,wcl
2021-06-23 14:24:34,26961922,train,-105.255625,-5.376000010743737,-54.25251770019531,-270.0,False,0.0,28.398599312439835,133.61945218327352,127.77271856143938,-1279.4464467976895,-2013.7788000000921,wcl
2021-06-23 14:24:35,26961922,train,-106.488125,-7.290000023841858,-55.413734436035156,-270.0,False,0.0,37.27463185528199,133.61945218327352,128.0374679878904,-1280.3498671205944,-2022.684399999755,wcl
2021-06-23 14:24:36,26961922,train,-105.716796875,-6.552083325882752,-56.75782012939453,-270.0,False,0.0,46.15262788523931,133.61945218327352,129.14264936917962,-1281.0274323627432,-2030.6623333335115,wcl
2021-06-23 16:41:31,26961922,train,-105.9975,-6.393999986648559,-55.700103759765625,-270.0,False,0.0,28.166886426529285,133.61945218327352,135.9167212082595,-1283.060128089189,-2001.904666666681,wcl
2021-06-23 16:41:32,26961922,train,-106.8125,-7.054000020027161,-55.30262756347656,-270.0,False,0.0,35.70874126681406,133.61945218327352,137.3092240060231,-1282.0437802258457,-2008.954933332949,wcl
2021-06-23 16:41:33,26961922,train,-106.256875,-6.19099997997284,-55.167457580566406,-270.0,False,0.0,43.023924171612485,133.61945218327352,137.85984329177424,-1283.6247657910196,-2016.1907333336637,wcl
2021-06-23 16:41:34,26961922,train,-106.6575,-6.12399998664856,-66.15483093261719,-270.0,False,0.0,51.28823501026069,133.61945218327352,138.93741355850906,-1283.060128089189,-2023.0554666662758,wcl
2021-06-23 16:41:35,26961922,train,-108.14453125,-6.384374988575776,-65.70503997802734,-270.0,False,0.0,59.45693545409369,133.61945218327352,139.50874812517606,-1285.7703890577834,-2030.6623333335115,wcl
2021-06-22 17:51:15,26961922,train,-103.77994791666669,-3.5531250036632023,-51.934165954589844,-270.0,False,0.0,3.7354777147722933,147.44232900073933,144.9161577082774,-1280.3498671205944,-1980.3827999997745,wcl
2021-06-22 17:51:16,26961922,train,-103.785,-1.675000007301569,-61.02593994140625,-270.0,False,0.0,5.518765018522799,147.44232900073933,149.55815254080292,-1280.4627946609126,-1988.5462666663957,wcl
2021-06-22 17:51:17,26961922,train,-104.745,-2.2420000022649766,-53.39167785644531,-270.0,False,0.0,14.950167092893382,147.44232900073933,155.3670740074324,-1280.8015772819867,-1996.8952666666728,wcl
2021-06-23 14:24:30,26961922,train,-104.029375,-3.8199999836087226,-52.552337646484375,-270.0,False,0.0,7.61307702180796,147.44232900073933,141.50197996367703,-1277.1878959903672,-1975.0023333340366,wcl
2021-06-23 14:24:31,26961922,train,-103.41,-1.9320000014454128,-51.80035400390625,-270.0,False,0.0,3.4878226539142396,147.44232900073933,145.85034154468357,-1277.978388772954,-1985.2066666677088,wcl
2021-06-23 14:24:32,26961922,train,-105.658125,-3.4749999986588955,-52.37437438964844,-270.0,False,0.0,11.21186835819683,147.44232900073933,150.50511977009955,-1277.978388772954,-1994.4833333331012,wcl
2021-06-23 16:41:26,26961922,train,-104.7175,-3.88800000295043,-42.222984313964844,-42.90367889404297,True,-0.680694580078125,9.71743401682697,147.44232900073933,147.24759836957796,-1285.883316598342,-1963.3137333334903,wcl
2021-06-23 16:41:27,26961922,train,-103.500625,-1.999999986961484,-41.72898864746094,-42.555686950683594,True,-0.8266983032226562,4.961069234658112,147.44232900073933,150.60785057569538,-1284.6411136543627,-1971.8482666666323,wcl
2021-06-23 16:41:28,26961922,train,-105.61,-3.5639999938756226,-41.73219299316406,-42.731727600097656,True,-0.9995346069335938,7.696282649955257,147.44232900073933,154.87557491519678,-1284.3023310331682,-1980.0117333332537,wcl
2021-06-23 16:41:29,26961922,train,-105.891875,-3.62000000320375,-56.24952697753906,-270.0,False,0.0,14.32891920136624,147.44232900073933,159.45967769848852,-1283.8506208717758,-1988.3607333335308,wcl
2021-06-23 16:41:30,26961922,train,-106.35125,-5.4050000195205214,-51.790000915527344,-270.0,False,0.0,21.19918957571019,147.44232900073933,162.57398331271125,-1283.7376933314579,-1995.4109999997988,wcl
2021-06-22 12:02:33,26370049,train,-101.20625,-5.0280000127851965,-53.58622741699219,-53.58641052246094,True,-0.00018310546875,98.98485218843071,130.3569752237443,165.44932176533763,-2990.7503934490605,-406.68906666656255,wcl
2021-06-22 12:02:35,26370049,train,-100.098125,-4.1599999928474425,-52.176605224609375,-52.177001953125,True,-0.000396728515625,82.81051915600031,130.3569752237443,164.89816312254882,-2990.9762485298165,-406.87460000021844,wcl
2021-06-22 12:02:30,26370049,train,-105.9575,-8.00200002193451,-55.4761962890625,-55.47621154785156,True,-1.52587890625e-05,124.83005957773881,130.3569752237443,165.84008552089043,-2990.7503934490605,-406.68906666656255,wcl
2021-06-22 12:02:28,26370049,train,-107.27875,-7.945000066757202,-56.706634521484375,-56.706634521484375,True,0.0,144.74895892335041,130.3569752237443,170.83812071336465,-2990.7503934490605,-406.68906666656255,wcl
2021-06-22 12:02:34,26370049,train,-102.05,-6.367000017166138,-52.87455749511719,-52.87471008300781,True,-0.000152587890625,90.52210158564034,130.3569752237443,165.04517392829283,-2990.8633209893783,-406.68906666656255,wcl
2021-06-22 12:02:29,26370049,train,-104.79375,-6.72799996137619,-56.104095458984375,-56.10443878173828,True,-0.00034332275390625,134.66350577851205,130.3569752237443,167.56200135127182,-2990.7503934490605,-406.68906666656255,wcl
2021-06-22 12:02:31,26370049,train,-101.11375,-4.9179999697208405,-54.81202697753906,-54.81202697753906,True,0.0,115.14149611497199,130.3569752237443,164.35990236565272,-2990.7503934490605,-406.68906666656255,wcl
2021-06-22 12:02:36,26370049,train,-96.010625,-3.6130000153928994,-51.50165557861328,-51.501991271972656,True,-0.000335693359375,75.85189091693961,130.3569752237443,164.47819798215176,-2991.8796688527214,-404.6482000003027,wcl
2021-06-22 12:02:40,26370049,train,-94.29125,0.8089999981969594,-49.69569396972656,-49.695953369140625,True,-0.0002593994140625,59.326791473032074,186.6295342882714,235.8245006084497,-2988.37891510142,-371.62326666650586,wcl
2021-06-22 12:02:42,26370049,train,-94.5175,-2.3429999884217976,-49.296173095703125,-49.29640197753906,True,-0.0002288818359375,56.02609515205662,186.6295342882714,233.33063208297472,-2982.39375546228,-344.5354000002055,wcl
2021-06-22 12:02:41,26370049,train,-94.876875,-1.0770000096410512,-49.586456298828125,-49.586708068847656,True,-0.00025177001953125,58.41282635438508,186.6295342882714,235.16697146215532,-2985.6686541328254,-358.82146666639727,wcl
2021-06-22 12:02:39,26370049,train,-96.124375,-1.3309999929368497,-50.019691467285156,-50.019927978515625,True,-0.00023651123046875,62.09018832926487,186.6295342882714,237.98991628253205,-2990.298683287668,-382.5697333340105,wcl
2021-06-22 12:02:44,26370049,train,-95.006875,-0.947999995946884,-48.56083679199219,-48.56102752685547,True,-0.00019073486328125,50.23402374548736,186.6295342882714,229.95975219050945,-2975.0534653387226,-314.10793333363614,wcl
2021-06-22 12:02:37,26370049,train,-94.673125,-1.5799999903142452,-50.86109924316406,-50.86138916015625,True,-0.0002899169921875,69.66397712393872,186.6295342882714,242.02333521407877,-2991.9925963930395,-399.26773333298286,wcl
2021-06-22 12:02:38,26370049,train,-94.903125,-2.200000010803342,-50.371917724609375,-50.372169494628906,True,-0.00025177001953125,65.18832620177808,186.6295342882714,239.65430529451098,-2991.427958691209,-391.66086666653825,wcl
2021-06-22 12:02:46,26370049,train,-93.814375,-0.8030000012367964,-47.371971130371094,-47.37212371826172,True,-0.000152587890625,41.52846247369478,269.5704456127011,310.23308260420464,-2967.2614650536525,-283.6804666662758,wcl
2021-06-22 12:02:48,26370049,train,-88.54375,3.857999990582466,-45.580780029296875,-45.58087921142578,True,-9.918212890625e-05,29.448677654005603,269.5704456127011,299.01338070368126,-2960.711667712562,-253.80959999988306,wcl
2021-06-22 12:02:47,26370049,train,-91.569375,1.4079999966919423,-46.5533447265625,-46.553466796875,True,-0.0001220703125,35.899565946653226,269.5704456127011,305.1688512836376,-2963.534856221715,-268.6522666662515,wcl
2021-06-22 12:02:49,26370049,train,-88.330625,4.003999997973442,-44.6021728515625,-44.60224914550781,True,-7.62939453125e-05,22.98667725836732,269.5704456127011,292.3265019703338,-2958.6789719861163,-239.52353333290034,wcl
2021-06-22 12:02:45,26370049,train,-94.8025,-0.7160000060498715,-48.01776123046875,-48.01792907714844,True,-0.0001678466796875,46.16652587726832,269.5704456127011,314.10042293966484,-2971.1010014261487,-298.7086666663001,wcl
2021-06-22 12:02:51,26370049,train,-92.44375,2.40599999345839,-43.172386169433594,-43.17250061035156,True,-0.00011444091796875,12.342068392529544,269.5704456127011,276.77500809009484,-2950.548189080092,-207.9828666667686,wcl
2021-06-22 12:02:50,26370049,train,-91.473125,2.768000007644296,-43.7171630859375,-43.717262268066406,True,-9.918212890625e-05,16.77004267654551,269.5704456127011,284.8815652282116,-2954.9523631540583,-224.30980000001114,wcl
2021-06-22 12:02:53,26370049,train,-88.68138586956522,2.550000008681546,-44.24101257324219,-44.241188049316406,True,-0.00017547607421875,20.52890125743563,361.25595805052603,346.9504583829309,-2942.9820438757783,-178.29753333403175,wcl
2021-06-22 12:02:52,26370049,train,-90.335625,1.8480000028014183,-43.279457092285156,-43.27958679199219,True,-0.00012969970703125,13.281683096030035,361.25595805052603,357.7192607630444,-2946.3698700866416,-192.39806666656762,wcl
2021-06-22 12:03:10,26370049,train,-91.750625,1.8309999910742043,-59.85774230957031,-59.85774230957031,True,0.0,210.12191952058595,456.4466116712628,249.34625263330136,-2911.4752601146647,-92.7666666665823,wcl
2021-06-22 12:03:12,26370049,train,-88.768125,3.5100000171363352,-60.40394592285156,-60.40394592285156,True,0.0,224.0027000269846,456.4466116712628,235.3098433794878,-2911.4752601146647,-92.7666666665823,wcl
2021-06-22 12:03:11,26370049,train,-84.70875,8.547000043392181,-60.17127227783203,-60.17127227783203,True,0.0,217.9845060900453,456.4466116712628,241.44624064681489,-2911.4752601146647,-92.7666666665823,wcl
2021-06-22 12:03:07,26370049,train,-94.60855263157896,-0.7684210503571912,-58.64317321777344,-58.64317321777344,True,0.0,182.1586523837709,456.4466116712628,277.2096914628379,-2911.3623325743465,-92.58113333292641,wcl
2021-06-22 12:03:09,26370049,train,-94.666875,-0.3820000027865171,-59.50196838378906,-59.50196838378906,True,0.0,201.53072477717797,456.4466116712628,257.9382261359241,-2911.4752601146647,-92.7666666665823,wcl
2021-06-22 12:03:06,26370049,train,-95.47708333333334,-2.6622222354842555,-58.133514404296875,-58.133514404296875,True,0.0,171.51585835199657,456.4466116712628,287.8422828122529,-2911.5881876551025,-92.58113333292641,wcl
2021-06-23 16:48:22,26370049,train,-102.7342105263158,-0.4684210514551715,-57.80829620361328,-57.80829620361328,True,0.0,165.03521756835104,232.4235719278896,177.01439542897975,-2881.662389459163,-506.134933332892,wcl
2021-06-23 16:48:21,26370049,train,-99.08870967741936,4.561290304506978,-57.99794006347656,-57.997955322265625,True,-1.52587890625e-05,168.78561358694938,232.4235719278896,182.5588431821944,-2884.9372881295885,-510.7732666663793,wcl
2021-06-22 17:59:33,26370049,train,-102.325,0.2990000008046627,-57.56935119628906,-57.56981658935547,True,-0.00046539306640625,160.43041178536416,232.4235719278896,166.36085687264335,-2874.2091717951675,-502.7953333334139,wcl
2021-06-22 17:59:29,26370049,train,-96.429375,7.719000010490418,-57.97466278076172,-57.97466278076172,True,0.0,168.32086335852003,232.4235719278896,178.6037962477982,-2880.5331140553812,-511.1443333329001,wcl
2021-06-22 17:59:34,26370049,train,-99.32625,4.455999978631735,-57.470008850097656,-57.470008850097656,True,0.0,158.53922083203392,232.4235719278896,162.99355474733207,-2872.402331149358,-500.3833999998423,wcl
2021-06-22 17:59:32,26370049,train,-102.110625,2.4719999794662,-57.675018310546875,-57.675018310546875,True,0.0,162.446641522612,232.4235719278896,169.65278344233505,-2875.790157360221,-504.83619999967374,wcl
2021-06-22 17:59:31,26370049,train,-100.49625,6.103000008389354,-57.796714782714844,-57.796714782714844,True,0.0,164.8087369310053,232.4235719278896,173.25053600820857,-2877.484070465592,-506.87706666672455,wcl
2021-06-23 14:30:43,26370049,train,-95.16,5.040999996960164,-57.827850341796875,-57.82786560058594,True,-1.52587890625e-05,165.4184449637547,232.4235719278896,174.97557926134655,-2878.161635707741,-503.72300000011137,wcl
2021-06-22 17:59:30,26370049,train,-97.829375,4.511000010743738,-57.902557373046875,-57.902557373046875,True,0.0,166.88928651455214,232.4235719278896,176.30154488200742,-2878.9521284904486,-508.9179333329844,wcl
2021-06-22 17:59:26,26370049,train,-97.99468085106383,6.760638325772387,-58.07929229736328,-58.08045959472656,True,-0.00116729736328125,170.44247005848166,232.4235719278896,181.78304739735836,-2885.840708452373,-518.9367333330006,wcl
2021-06-22 17:59:27,26370049,train,-99.344375,5.216999948322773,-58.049888610839844,-58.049888610839844,True,0.0,169.82680171273148,232.4235719278896,180.81781543118387,-2884.0338678066837,-516.1537333329081,wcl
2021-06-23 14:30:41,26370049,train,-98.09042553191487,0.2606382986649553,-58.171722412109375,-58.17292785644531,True,-0.0012054443359375,172.31734455000534,232.4235719278896,184.68679088259222,-2884.9372881295885,-514.4839333339601,wcl
2021-06-23 15:37:08,26370049,train,-95.128125,5.120000007450581,-57.95664978027344,-57.95664978027344,True,0.0,167.96222502464065,232.4235719278896,178.89644744156456,-2879.516766192159,-502.9808666662788,wcl
2021-06-22 17:59:35,26370049,train,-102.9362113402062,0.93608248817552,-57.381553649902344,-57.381561279296875,True,-7.62939453125e-06,156.8807773373663,227.7243045151133,223.79010424259047,-2870.595490503548,-498.1569999999266,wcl
2021-06-22 15:27:08,26370049,train,-104.224609375,-3.4552083000695952,-57.399330139160156,-57.39933776855469,True,-7.62939453125e-06,157.21295969858315,227.7243045151133,219.78118048067162,-2844.170446058669,-458.6384000000385,wcl
2021-06-23 14:30:44,26370049,train,-97.06,1.41299998909235,-57.646728515625,-57.646728515625,True,0.0,161.9021592646939,227.7243045151133,234.83131362613767,-2874.435026875803,-498.1569999999266,wcl
2021-06-23 15:37:10,26370049,train,-97.055625,2.864000001400709,-57.578125,-57.578125,True,0.0,160.58877904965755,227.7243045151133,232.6074979463798,-2872.402331149358,-492.219933334012,wcl
2021-06-23 15:37:09,26370049,train,-96.815625,3.232999999076128,-57.77192687988281,-57.77192687988281,True,0.0,164.32498541707233,227.7243045151133,239.27978599418407,-2876.0160124408567,-497.7859333334058,wcl
2021-06-23 14:30:45,26370049,train,-98.686875,-2.921999994292855,-57.463409423828125,-57.463417053222656,True,-7.62939453125e-06,158.41499519717595,227.7243045151133,228.01928329290408,-2870.369635422792,-492.4054666676679,wcl
2021-06-23 15:37:11,26370049,train,-98.9765625,-0.2104166687931865,-57.39715576171875,-57.39716339111328,True,-7.62939453125e-06,157.17222075008064,227.7243045151133,225.79779734312882,-2868.6757223172995,-486.46840000017136,wcl
2021-06-22 12:03:27,40812803,train,-93.854375,-0.4270000028610229,-57.12187194824219,-57.12187194824219,True,0.0,152.10510951415284,101.74493853495541,207.91124926669616,-2911.4752601146647,-92.7666666665823,wcl
2021-06-22 12:03:15,40812803,train,-89.78263888888888,0.9233333315286372,-57.55512237548828,-57.55512237548828,True,0.0,160.1507401347352,101.74493853495541,217.72082123220912,-2911.4752601146647,-92.7666666665823,wcl
2021-06-22 12:03:50,40812803,train,-94.99625,-3.721999995931983,-56.79145812988281,-56.79145812988281,True,0.0,146.2242769214767,101.74493853495541,200.6761997675404,-2902.4410568857356,-60.2983333329621,wcl
2021-06-22 12:03:29,40812803,train,-93.71,0.1110000003129243,-57.12187194824219,-57.12187194824219,True,0.0,152.10510951415284,101.74493853495541,207.91124926669616,-2911.4752601146647,-92.7666666665823,wcl
2021-06-22 12:03:26,40812803,train,-94.0575,-0.3029999971389771,-57.12834167480469,-57.12834167480469,True,0.0,152.2224050352175,101.74493853495541,208.08187463439845,-2911.4752601146647,-92.7666666665823,wcl
2021-06-22 12:03:23,40812803,train,-94.045625,-0.2559999953210354,-57.11540985107422,-57.11540985107422,True,0.0,151.98794995228553,101.74493853495541,207.74064945561128,-2911.4752601146647,-92.7666666665823,wcl
2021-06-22 12:03:33,40812803,train,-94.05,-0.5599999963492155,-57.12187194824219,-57.12187194824219,True,0.0,152.10510951415284,101.74493853495541,207.91124926669616,-2911.4752601146647,-92.7666666665823,wcl
2021-06-22 12:03:36,40812803,train,-94.66375,-1.126000004708767,-57.12187194824219,-57.12187194824219,True,0.0,152.10510951415284,101.74493853495541,207.91124926669616,-2911.4752601146647,-92.7666666665823,wcl
2021-06-22 12:03:46,40812803,train,-97.05875,-6.434000017642975,-57.11540985107422,-57.11540985107422,True,0.0,151.98794995228553,101.74493853495541,207.74064945561128,-2910.233057170565,-88.49939999961578,wcl
2021-06-22 12:03:32,40812803,train,-96.69625,-3.3939999824762346,-57.12187194824219,-57.12187194824219,True,0.0,152.10510951415284,101.74493853495541,207.91124926669616,-2911.4752601146647,-92.7666666665823,wcl
2021-06-22 12:03:19,40812803,train,-93.274375,0.1930000010877847,-57.12347412109375,-57.12347412109375,True,0.0,152.1340711692215,101.74493853495541,207.70363680853973,-2911.4752601146647,-92.7666666665823,wcl
2021-06-22 12:03:49,40812803,train,-95.494375,-2.895000007152557,-56.98414611816406,-56.98414611816406,True,0.0,149.62760328911975,101.74493853495541,204.87133067113703,-2904.699607693058,-68.83286666768612,wcl
2021-06-22 12:03:34,40812803,train,-93.70875,0.0999999995529651,-57.12187194824219,-57.12187194824219,True,0.0,152.10510951415284,101.74493853495541,207.91124926669616,-2911.4752601146647,-92.7666666665823,wcl
2021-06-22 12:03:22,40812803,train,-94.513125,-0.8389999917894602,-57.104103088378906,-57.104103088378906,True,0.0,151.78327848937388,101.74493853495541,207.52565855301825,-2911.4752601146647,-92.7666666665823,wcl
2021-06-22 12:03:21,40812803,train,-97.663125,-5.181999962329865,-57.097633361816406,-57.097633361816406,True,0.0,151.6663242455082,101.74493853495541,207.3550735177233,-2911.4752601146647,-92.7666666665823,wcl
2021-06-22 12:03:17,40812803,train,-90.0425,3.241000013947487,-57.24577331542969,-57.24577331542969,True,0.0,154.36642812229132,101.74493853495541,210.61061862482805,-2911.4752601146647,-92.7666666665823,wcl
2021-06-22 12:03:43,40812803,train,-97.48375,-6.835,-57.11540985107422,-57.11540985107422,True,0.0,151.98794995228553,101.74493853495541,207.74064945561128,-2911.4752601146647,-92.7666666665823,wcl
2021-06-22 12:03:38,40812803,train,-95.43625,-2.3330000019073487,-57.12187194824219,-57.12187194824219,True,0.0,152.10510951415284,101.74493853495541,207.91124926669616,-2911.4752601146647,-92.7666666665823,wcl
2021-06-22 12:03:30,40812803,train,-94.416875,-0.8650000054389239,-57.12187194824219,-57.12187194824219,True,0.0,152.10510951415284,101.74493853495541,207.91124926669616,-2911.4752601146647,-92.7666666665823,wcl
2021-06-22 12:07:48,40812803,train,-83.329375,7.591000015735626,-63.94160461425781,-63.94160461425781,True,0.0,338.1315258053267,688.4434020011996,558.919431622598,-2307.538774256754,377.00373333303475,wcl
2021-06-22 12:07:47,40812803,train,-84.300625,7.274000033438206,-63.927268981933594,-63.927268981933594,True,0.0,337.5699361222954,688.4434020011996,559.2011652811518,-2319.057383373521,375.7049999998165,wcl
2021-06-22 12:07:52,40812803,train,-82.904375,8.204000034332275,-63.951194763183594,-63.951194763183594,True,0.0,338.5077683132219,772.4719446680434,658.2193035209234,-2265.642656782294,381.64206666652206,wcl
2021-06-22 12:07:50,40812803,train,-83.0775,8.622000015974045,-63.950927734375,-63.950927734375,True,0.0,338.4973703841541,772.4719446680434,658.6693374569968,-2285.517903886082,379.41566666660634,wcl
2021-06-22 12:07:59,40812803,train,-83.9825,2.5989999970793725,-63.96556854248047,-63.96556854248047,True,0.0,339.07239276416203,772.4719446680434,657.8340662010105,-2200.8222486141367,389.24893333375763,wcl
2021-06-22 12:08:16,40812803,train,-83.95125,6.253999983817339,-64.02648162841797,-64.02648162841797,True,0.0,341.47547606421864,859.9252832888867,757.6806820356983,-2176.7686825170185,391.84640000019414,wcl
2021-06-22 12:08:38,40812803,train,-87.7225,2.669999996349216,-64.2018814086914,-64.2018814086914,True,0.0,348.4889842221317,859.9252832888867,758.9043295853708,-2154.747812146467,393.1451333334124,wcl
2021-06-22 12:08:37,40812803,train,-85.205,5.179000014960766,-64.15147399902344,-64.15147399902344,True,0.0,346.4592222373118,859.9252832888867,758.4690497413063,-2161.7493196488294,392.4030000003708,wcl
2021-06-22 12:08:25,40812803,train,-82.870625,7.946999980807305,-64.0587158203125,-64.0587158203125,True,0.0,342.75391066587116,859.9252832888867,758.4909963204963,-2176.7686825170185,391.84640000019414,wcl
2021-06-22 12:08:22,40812803,train,-83.1525,8.819000043869018,-64.05877685546875,-64.05877685546875,True,0.0,342.756273262325,859.9252832888867,758.3783386724957,-2176.7686825170185,391.84640000019414,wcl
2021-06-22 12:08:14,40812803,train,-83.84,7.783000001907348,-64.0169677734375,-64.0169677734375,True,0.0,341.0992776902172,859.9252832888867,757.9323524561297,-2176.7686825170185,391.84640000019414,wcl
2021-06-22 12:08:30,40812803,train,-84.1175,5.261999990940094,-64.08674621582031,-64.08674621582031,True,0.0,343.86922656089416,859.9252832888867,758.3022288829469,-2176.7686825170185,391.84640000019414,wcl
2021-06-22 12:08:12,40812803,train,-83.968125,7.571000013351441,-64.00289916992188,-64.00289916992188,True,0.0,340.54282317329086,859.9252832888867,757.9722661491085,-2176.7686825170185,391.84640000019414,wcl
2021-06-22 12:08:15,40812803,train,-83.7225,7.204000053405761,-64.021728515625,-64.021728515625,True,0.0,341.2873595982149,859.9252832888867,757.8064965672276,-2176.7686825170185,391.84640000019414,wcl
2021-06-22 12:08:34,40812803,train,-83.209375,7.680999998152256,-64.0914535522461,-64.0914535522461,True,0.0,344.0571096614018,859.9252832888867,758.1770313197933,-2176.2040448153084,391.84640000019414,wcl
2021-06-22 12:08:01,40812803,train,-83.911875,4.94399998664856,-63.96556854248047,-63.96556854248047,True,0.0,339.07239276416203,859.9252832888867,757.5176028301038,-2184.786537882845,390.9187333334967,wcl
2021-06-22 12:08:07,40812803,train,-83.36625,7.873999998569489,-63.97943115234375,-63.97943115234375,True,0.0,339.6180097698864,859.9252832888867,757.927068726264,-2176.7686825170185,391.84640000019414,wcl
2021-06-22 12:08:00,40812803,train,-83.821875,3.601999971941113,-63.96556854248047,-63.96556854248047,True,0.0,339.07239276416203,859.9252832888867,757.5176028301038,-2192.2397555468406,390.1765999996641,wcl
2021-06-22 12:08:03,40812803,train,-83.5975,7.558000037670135,-63.97021484375,-63.97021484375,True,0.0,339.2551069129214,859.9252832888867,757.6165008884693,-2176.7686825170185,391.84640000019414,wcl
2021-06-22 12:08:18,40812803,train,-83.161875,8.253000038862229,-64.04052734375,-64.04052734375,True,0.0,342.03192286281194,859.9252832888867,757.6414344907286,-2176.7686825170185,391.84640000019414,wcl
2021-06-22 12:08:31,40812803,train,-84.13125,6.3330000153929,-64.08674621582031,-64.08674621582031,True,0.0,343.86922656089416,859.9252832888867,758.3022288829469,-2176.7686825170185,391.84640000019414,wcl
2021-06-22 12:08:26,40812803,train,-82.951875,7.457000025883317,-64.06344604492188,-64.06344604492188,True,0.0,342.9417653678067,859.9252832888867,758.3655407616676,-2176.7686825170185,391.84640000019414,wcl
2021-06-22 12:08:05,40812803,train,-83.56625,8.314000008106232,-63.97956848144531,-63.97956848144531,True,0.0,339.62334181678233,859.9252832888867,757.7018214467087,-2175.9781897346725,391.84640000019414,wcl
2021-06-22 12:08:29,40812803,train,-84.503125,6.293999992832542,-64.08214569091797,-64.08214569091797,True,0.0,343.68612754327046,859.9252832888867,758.2021338858508,-2176.7686825170185,391.84640000019414,wcl
2021-06-22 12:08:04,40812803,train,-83.424375,7.725000005960465,-63.979644775390625,-63.979644775390625,True,0.0,339.6260641323942,859.9252832888867,757.5891979424073,-2175.8652621941137,391.84640000019414,wcl
2021-06-22 12:08:21,40812803,train,-83.46875,7.77299999654293,-64.06338500976562,-64.06338500976562,True,0.0,342.9394040492549,859.9252832888867,758.4782003105566,-2176.7686825170185,391.84640000019414,wcl
2021-06-22 12:08:35,40812803,train,-84.648125,5.59200003862381,-64.0914535522461,-64.0914535522461,True,0.0,344.0571096614018,859.9252832888867,758.1770313197933,-2172.8162186044447,392.03193333226807,wcl
2021-06-22 12:08:19,40812803,train,-83.119375,7.676000018119812,-64.0499496459961,-64.0499496459961,True,0.0,342.405550644062,859.9252832888867,757.502842334635,-2176.7686825170185,391.84640000019414,wcl
2021-06-22 12:08:32,40812803,train,-83.999375,6.805000007897616,-64.09140014648438,-64.09140014648438,True,0.0,344.05471893198575,859.9252832888867,758.2897020581396,-2176.7686825170185,391.84640000019414,wcl
2021-06-22 12:08:17,40812803,train,-83.485625,8.573000009059905,-64.03115844726562,-64.03115844726562,True,0.0,341.66095827443445,859.9252832888867,757.6675543142901,-2176.7686825170185,391.84640000019414,wcl
2021-06-22 12:08:13,40812803,train,-83.98375,5.705000016465784,-64.00758361816406,-64.00758361816406,True,0.0,340.7283079594606,859.9252832888867,757.9589164034344,-2176.7686825170185,391.84640000019414,wcl
2021-06-22 17:59:54,26353922,train,-102.83783783783784,-3.543243246102655,-57.58282470703125,-57.58282470703125,True,0.0,160.67851895635886,94.71209031680206,174.7359426113504,-2838.4111415002853,-453.0723999998537,wcl
2021-06-22 17:59:55,26353922,train,-103.75916666666669,-2.89199999511242,-57.56101989746094,-57.56101989746094,True,0.0,160.26276064581705,94.71209031680206,174.2336940666382,-2836.717228394673,-450.845999999938,wcl
2021-06-22 17:59:56,26353922,train,-103.66833333333334,-2.593333336114884,-57.540008544921875,-57.540008544921875,True,0.0,159.86341568201027,94.71209031680206,173.80515845316114,-2834.797460208666,-448.2485333335015,wcl
2021-06-22 17:59:57,26353922,train,-104.38853092783503,-3.755670092923125,-57.50843048095703,-57.50843048095703,True,0.0,159.2647422937816,94.71209031680206,173.1624098035861,-2833.103547103174,-446.02213333358577,wcl
2021-06-22 12:03:52,26353922,train,-92.184375,-2.02250001616776,-60.03404235839844,-60.03404235839844,True,0.0,214.50902294772985,384.28903191742785,250.6612294091698,-2896.907607407988,-41.00286666676226,wcl
2021-06-22 12:03:53,26353922,train,-94.036875,-4.9730000269413,-60.15904235839844,-60.15904235839844,True,0.0,217.67268318177594,384.28903191742785,246.7454870814059,-2893.6327087373224,-30.241933332913504,wcl
2021-06-22 12:03:54,26353922,train,-96.990625,-6.7520000052452085,-60.306365966796875,-60.30718994140625,True,-0.000823974609375,221.48073984673587,384.28903191742785,241.71209254274993,-2890.0190274458228,-19.29546666699082,wcl
2021-06-22 12:03:55,26353922,train,-97.950625,-6.215999968051911,-60.44792938232422,-60.44932556152344,True,-0.00139617919921875,225.19479083619547,384.28903191742785,236.36978161386241,-2886.2924186138853,-8.349000000277158,wcl
2021-06-22 12:03:56,26353922,train,-99.700625,-8.642999987602234,-60.561553955078125,-60.56382751464844,True,-0.0022735595703125,228.2308514986458,384.28903191742785,231.92370352434068,-2882.2270271608736,2.4119333335715964,wcl
2021-06-22 12:05:11,40812800,train,-92.974375,2.743000018298626,-64.9742431640625,-64.9742431640625,True,0.0,381.10425672830223,456.5127428529977,341.60042154625205,-2804.984589552924,237.6682000002964,refined
2021-06-22 12:05:09,40812800,train,-94.596875,1.0949999899417162,-64.9801025390625,-64.9801025390625,True,0.0,381.3631772296343,456.5127428529977,356.056775779554,-2804.871662012485,237.6682000002964,refined
2021-06-22 12:04:31,40812800,train,-94.294375,0.0480000063031911,-65.06999206542969,-65.06999206542969,True,0.0,385.35207740057416,456.5127428529977,391.68533368521145,-2801.483835801622,214.10546666633905,refined
2021-06-22 12:04:58,40812800,train,-94.434375,-0.3300000022351742,-65.06999206542969,-65.06999206542969,True,0.0,385.35207740057416,456.5127428529977,391.68533368521145,-2804.307024310775,237.8537333331613,refined
2021-06-22 12:05:34,40812800,train,-79.865,4.88100001886487,-65.61280822753906,-65.62327575683594,True,-0.010467529296875,410.8314933064807,456.5127428529977,110.86529589556731,-2808.2594882233484,257.7058000003288,refined
2021-06-22 12:04:52,40812800,train,-94.45875,0.2130000027269125,-65.06999206542969,-65.06999206542969,True,0.0,385.35207740057416,456.5127428529977,391.68533368521145,-2803.8553141493826,237.6682000002964,refined
2021-06-22 12:06:32,40812800,train,-84.3325,0.4439999920874834,-66.58203125,-66.58667755126953,True,-0.00464630126953125,459.2423412079697,456.5127428529977,58.725663758206075,-2802.8389662860395,290.91626666699057,refined
2021-06-22 12:06:37,40812800,train,-80.956875,7.641000018119812,-66.82261657714844,-66.82749938964844,True,-0.0048828125,472.2022667705016,456.5127428529977,53.22737754376358,-2802.6131112054036,291.28733333351136,refined
2021-06-22 12:05:46,40812800,train,-81.459375,-0.313999994546175,-66.5836181640625,-66.58828735351562,True,-0.004669189453125,459.3277087340403,456.5127428529977,58.5366516218514,-2809.049981006056,278.67106666705865,refined
2021-06-22 12:05:04,40812800,train,-96.85125,0.5259999998658895,-65.04782104492188,-65.04782104492188,True,0.0,384.36439465280756,456.5127428529977,386.9833139132567,-2804.7587344722874,237.8537333331613,refined
2021-06-22 12:06:31,40812800,train,-83.5875,2.8480000028014185,-66.57598876953125,-66.58061981201172,True,-0.00463104248046875,458.9210056456552,456.5127428529977,59.19561681926993,-2802.9518938264778,290.5451999996788,refined
2021-06-22 12:06:35,40812800,train,-82.845625,4.538000009506941,-66.74835205078125,-66.753173828125,True,-0.00482177734375,468.1641928192994,456.5127428529977,55.43618230275955,-2802.8389662860395,291.1017999998555,refined
2021-06-22 12:05:21,40812800,train,-81.249375,5.325000001043081,-65.02191162109375,-65.02191162109375,True,0.0,383.2136148381797,456.5127428529977,248.01605526904538,-2805.6621547951927,237.4826666666405,refined
2021-06-23 14:31:06,40812800,train,-84.403125,10.805000014305117,-63.341644287109375,-63.341644287109375,True,0.0,315.39812125906934,151.40128091649672,164.0126977810559,-2755.8611094953444,-300.93506666700677,refined
2021-06-23 16:49:53,40812800,train,-84.588125,9.942000017166135,-61.95349884033203,-61.95349884033203,True,0.0,268.4002946012995,115.71884047517608,183.61728444938464,-2752.699138365237,-260.3032666667653,refined
2021-06-23 15:37:42,40812800,train,-83.123125,14.64100004196167,-61.57428741455078,-61.57428741455078,True,0.0,256.8021397412356,115.71884047517608,169.43317652413322,-2749.5371672350097,-243.97633333352275,refined
2021-06-23 15:37:44,40812800,train,-82.709375,14.322999963760376,-61.299522399902344,-61.299522399902344,True,0.0,248.7058363897026,115.71884047517608,158.0201136279542,-2749.0854570736174,-233.58646666698576,refined
2021-06-23 15:37:53,40812800,train,-79.9125,18.344999961853027,-60.7174072265625,-60.7174072265625,True,0.0,232.365227851053,115.71884047517608,132.06976898509154,-2748.182036750833,-208.91053333346605,refined
2021-06-23 15:38:09,40812800,train,-78.78125,20.06399995803833,-60.687294006347656,-60.687294006347656,True,0.0,231.54862887923179,115.71884047517608,130.6910904733387,-2748.0691092102743,-205.01433333302032,refined
2021-06-22 18:01:05,40812800,train,-87.1575,7.471000008583069,-63.364715576171875,-63.364715576171875,True,0.0,316.24392390918393,115.71884047517608,240.63318351839965,-2748.182036750833,-219.11486666634715,refined
2021-06-22 15:27:41,40812800,train,-82.18,16.94600004196167,-60.366432189941406,-60.366432189941406,True,0.0,223.02164405558523,154.4647280730541,198.30937955476944,-2737.4539204162916,-117.99920000027868,refined
2021-06-23 15:38:26,40812800,train,-79.65,16.459999980926515,-60.20268249511719,-60.20268249511719,True,0.0,218.7880408610021,154.4647280730541,169.82185393634444,-2746.2622685645847,-160.4863333331241,refined
2021-06-23 15:38:14,40812800,train,-75.81375,21.8,-60.55665588378906,-60.55665588378906,True,0.0,228.03956582869353,154.4647280730541,200.39388716944043,-2747.7303265892,-190.54273333396367,refined
2021-06-22 17:01:31,40812800,train,-72.761875,25.92500005722046,-60.704986572265625,-60.7110595703125,True,-0.006072998046875,232.19275154384783,233.08336362007014,58.24397247879768,-2719.046731337239,-55.474466666609885,refined
2021-06-23 15:39:24,40812800,train,-98.3725,8.734000000953674,-59.95646667480469,-59.95734405517578,True,-0.00087738037109375,212.58964216388364,233.08336362007014,133.91002142532182,-2707.9798323817445,-5.566000000184772,refined
2021-06-22 15:27:45,40812800,train,-78.71125,19.23999997138977,-59.890777587890625,-59.890777587890625,True,0.0,210.93731243527935,233.08336362007014,241.0341524468768,-2726.161166380161,-66.79199999984434,refined
2021-06-23 15:39:03,40812800,train,-80.34875,20.79800003051757,-59.904083251953125,-59.905364990234375,True,-0.00128173828125,211.29841933290243,233.08336362007014,221.25233083170895,-2732.710963721011,-71.80139999985244,refined
2021-06-23 15:39:18,40812800,train,-88.971875,14.571000003814698,-59.915435791015625,-59.91624450683594,True,-0.0008087158203125,211.56815143545688,233.08336362007014,157.71877994629946,-2718.933803796801,-30.61300000022527,refined
2021-06-22 17:01:30,40812800,train,-78.274375,24.255,-60.58110046386719,-60.5870361328125,True,-0.0059356689453125,228.85078348776946,233.08336362007014,67.36215865776028,-2720.4018618215364,-59.92726666644131,refined
2021-06-23 14:31:38,40812800,train,-93.144375,1.3879999939352274,-59.83831787109375,-59.839111328125,True,-0.00079345703125,209.6636966010056,233.08336362007014,156.26678378359392,-2704.0273684690505,-13.729466666806047,refined
2021-06-23 14:31:33,40812800,train,-78.461875,14.852999982833865,-59.91468811035156,-59.91675567626953,True,-0.00206756591796875,211.5806909450416,233.08336362007014,191.52982862887185,-2721.3052821444417,-57.144266666348926,refined
2021-06-22 17:01:23,40812800,train,-91.574375,13.148999996185305,-60.34966278076172,-60.34972381591797,True,-6.103515625e-05,222.58601457453562,233.08336362007014,110.03288720628258,-2731.355833236714,-92.58113333292641,refined
2021-06-22 12:06:52,40812800,train,-81.22125,4.966999996900558,-67.25990295410156,-67.25991821289062,True,-1.52587890625e-05,496.39159443208644,515.4933180262725,177.23085606374187,-2751.1181528000634,330.99146666705536,refined
2021-06-22 12:06:44,40812800,train,-80.528125,10.979000005722046,-66.95072174072266,-66.95573425292969,True,-0.00501251220703125,479.2508118486656,515.4933180262725,185.78908465327027,-2799.338212534978,318.93179999998836,refined
2021-06-22 18:01:25,40812800,train,-80.405625,17.678999948501588,-59.95098114013672,-59.95307159423828,True,-0.0020904541015625,212.48315566738017,202.95031106468173,259.50168256980527,-2682.1194256388167,47.6820666665094,refined
2021-06-22 18:01:23,40812800,train,-81.343125,14.321000022888184,-60.0126953125,-60.014007568359375,True,-0.001312255859375,214.00609557531257,202.95031106468173,281.44471618475984,-2693.9768173768985,20.0376000000324,refined
2021-06-23 16:50:29,40812800,train,-75.439375,22.935000019073485,-61.39500427246094,-61.39936828613281,True,-0.004364013671875,251.61858198436994,202.95031106468173,128.8953461368178,-2668.1164106337305,86.45853333335594,refined
2021-06-23 14:31:43,40812800,train,-87.780625,6.630999974608422,-60.03376007080078,-60.03376770019531,True,-7.62939453125e-06,214.50194009315464,202.95031106468173,186.20555155244074,-2685.3943243092417,28.572133333174463,refined
2021-06-23 15:39:32,40812800,train,-88.655,15.509000000953677,-59.89353942871094,-59.8935546875,True,-1.52587890625e-05,211.00603191532446,202.95031106468173,185.43368183299964,-2696.6870783454933,26.902333333435422,refined
2021-06-22 17:01:56,40812800,train,-86.905625,8.023999998569488,-66.30245208740234,-66.30245208740234,True,0.0,444.4001254452511,302.749617570385,143.3875447125646,-2637.851829816596,164.56806666643473,refined
2021-06-23 16:50:39,40812800,train,-81.41625,18.31600001335144,-63.37303161621094,-63.373046875,True,-1.52587890625e-05,316.54988956717807,302.749617570385,92.26426626863187,-2621.3644089237914,189.8006000001311,refined
2021-06-23 16:50:43,40812800,train,-91.91625,8.933000020980835,-64.37948608398438,-64.37948608398438,True,0.0,355.73574555542575,402.6485230530191,93.61940803951256,-2602.3925821429084,239.33800000003544,refined
2021-06-22 12:07:03,40812800,train,-81.433125,5.337000027671456,-67.36357879638672,-67.36357879638672,True,0.0,502.3700992615105,502.5876394167896,267.62744479617703,-2697.364643587762,337.48513333235564,refined
2021-06-22 15:28:14,40812800,train,-89.555,10.579000039100649,-64.07655334472656,-64.07890319824219,True,-0.002349853515625,343.5568015970068,411.0800499678656,194.8896491586909,-2591.4386107277314,279.784266666621,refined
2021-06-23 14:32:17,40812800,train,-84.479375,7.634000007435679,-65.89470672607422,-65.89470672607422,True,0.0,423.93471404437247,509.36755850696477,163.62799897845716,-2560.609392208646,337.2996000002817,refined
2021-06-23 14:32:14,40812800,train,-86.05625,11.266999974250794,-65.29059600830078,-65.29366302490234,True,-0.0030670166015625,395.4587834111779,509.36755850696477,190.10445012456915,-2574.273624592658,305.758933333359,refined
2021-06-23 16:50:56,40812800,train,-98.844375,4.810000032186508,-67.35770416259766,-67.35770416259766,True,0.0,502.02929934198215,509.36755850696477,106.99890126197286,-2541.1858552664908,386.28040000000937,refined
2021-06-22 18:01:52,40812800,train,-85.095625,11.865,-65.51342010498047,-65.51663208007812,True,-0.00321197509765625,405.79447115019246,608.2136235214642,257.24718515014735,-2534.861913006036,431.36500000008226,refined
2021-06-22 18:01:54,40812800,train,-84.255625,8.071999974250794,-66.07221984863281,-66.07221984863281,True,0.0,432.7264647371306,608.2136235214642,227.55917539394702,-2527.1828402615242,466.61633333300387,refined
2021-06-22 12:08:40,40812800,train,-88.67375,3.5780000111460684,-67.91305541992188,-67.91309356689453,True,-3.814697265625e-05,535.2822200912769,697.781632832627,757.3522190486198,-2139.8413768185956,395.00046666601634,refined
2021-06-22 12:08:49,28904449,train,-94.909375,-7.811999998092651,-77.28959655761719,-77.28959655761719,True,0.0,1577.4363002277194,1658.0033177997113,856.1916365459587,-2050.515692391928,405.01926666603254,wcl
2021-06-22 12:08:50,28904449,train,-93.57554945054945,-0.8736263676495343,-77.29531860351562,-77.29531860351562,True,0.0,1578.4759685792487,1658.0033177997113,849.4891974845818,-2039.5617209767508,406.31800000004176,wcl
2021-06-22 12:08:51,28904449,train,-98.43080357142856,-2.8392856922000647,-77.2898178100586,-77.2898178100586,True,0.0,1577.4760294600662,1658.0033177997113,841.4550252202715,-2028.381894480938,407.4312000003951,wcl
2021-06-22 12:08:52,28904449,train,-95.766875,1.152000012472272,-77.27859497070312,-77.27859497070312,True,0.0,1575.4381369403961,1658.0033177997113,832.2931130876069,-2016.9762129043684,408.72993333361336,wcl
2021-06-22 12:08:53,28904449,train,-95.536875,1.975999999716878,-77.2592544555664,-77.2592544555664,True,0.0,1571.9326353719023,1658.0033177997113,823.0040199210742,-2005.4576037873608,410.02866666604064,wcl
2021-06-22 12:08:54,28904449,train,-96.1425,-0.5300000012665987,-77.24514770507812,-77.24514770507812,True,0.0,1569.3818455999738,1682.2897500279053,912.0959345141198,-1993.826067130035,411.32740000004986,wcl
2021-06-22 12:08:55,28904449,train,-97.616875,-3.302000013664365,-77.23164367675781,-77.23164367675781,True,0.0,1566.9430608647995,1682.2897500279053,901.6082176995088,-1982.0816029323912,412.4406000004032,wcl
2021-06-22 12:08:56,28904449,train,-97.548125,-2.0880000083893537,-77.21500396728516,-77.21500396728516,True,0.0,1563.9431228239232,1682.2897500279053,890.8569707811362,-1970.2242111943092,413.73933333362146,wcl
2021-06-22 12:09:02,28904449,train,-95.41625,-1.4379999976605178,-77.15282440185547,-77.15282440185547,True,0.0,1552.7824008645598,1682.2897500279053,815.833006945491,-1902.2418318962855,420.4185333333686,wcl
2021-06-22 12:09:03,28904449,train,-95.131875,-1.8700000014156104,-77.14109802246094,-77.14109802246094,True,0.0,1550.686699494398,1712.0813661339384,901.6043713573365,-1890.6102952388394,421.34620000006606,wcl
2021-06-22 12:09:04,28904449,train,-95.408125,-0.231999996304512,-77.1284408569336,-77.1284408569336,True,0.0,1548.4288550695562,1712.0813661339384,887.724215290584,-1878.8658310410754,422.27386666597255,wcl
2021-06-22 12:09:05,28904449,train,-96.565,-0.8110000014305114,-77.11837005615234,-77.11837005615234,True,0.0,1546.6335187285667,1712.0813661339384,873.688418590188,-1866.8955117626754,423.201533333461,wcl
2021-06-22 12:09:06,28904449,train,-95.758125,-0.7029999970644712,-77.11013793945312,-77.11013793945312,True,0.0,1545.1676444791017,1712.0813661339384,859.7428029642098,-1854.699337403519,424.31473333302336,wcl
2021-06-22 12:09:07,28904449,train,-98.611875,-4.7329999959468845,-77.1037368774414,-77.1037368774414,True,0.0,1544.0295911656606,1712.0813661339384,845.8871202077758,-1842.3902355040448,425.4279333333767,wcl
2021-06-22 12:09:08,28904449,train,-97.45125,-5.233000012636185,-77.09803771972656,-77.09803771972656,True,0.0,1543.0151436738147,1712.0813661339384,832.031477400104,-1829.9682060642524,426.72666666659495,wcl
2021-06-23 16:48:23,26356994,train,-99.6,-0.2359999901801347,-75.65753936767578,-75.65753936767578,True,0.0,1307.1229982807968,1184.752675097872,171.71803872310596,-2878.613345869374,-501.68213333306056,wcl
2021-06-22 17:00:41,26356994,train,-93.72375,4.642999997586012,-74.59181213378906,-74.59181213378906,True,0.0,1156.1146782020608,1087.8818966926192,81.10030203633833,-2827.118387464034,-441.38380000009846,wcl
2021-06-22 18:00:34,26356994,train,-92.4025,7.157000041007995,-74.98634338378906,-74.98634338378906,True,0.0,1209.8716766027908,1087.8818966926192,135.3512625996544,-2808.5982708444226,-412.44059999961223,wcl
2021-06-23 16:48:57,26356994,train,-93.51,4.825000017881393,-74.8391342163086,-74.8391342163086,True,0.0,1189.5283382468058,1087.8818966926192,114.78356409251647,-2811.5343868941345,-411.69846666657065,wcl
2021-06-23 16:48:41,26356994,train,-102.225625,-0.4940000038594007,-75.19309997558594,-75.19309997558594,True,0.0,1239.0323323728924,1087.8818966926192,166.8896051458535,-2842.4765329532975,-454.18560000020705,wcl
2021-06-23 16:48:39,26356994,train,-102.77625,-0.7719999998807907,-75.2121353149414,-75.2121353149414,True,0.0,1241.75339091123,1087.8818966926192,169.82883668088277,-2845.412649002648,-457.5251999996851,wcl
2021-06-22 15:27:11,26356994,train,-104.8966346153846,-3.60897434865817,-75.33966064453125,-75.33966064453125,True,0.0,1260.1277015182793,1087.8818966926192,187.24124404746703,-2824.4081264954393,-433.0347999998213,wcl
2021-06-22 18:00:29,26356994,train,-94.678125,5.733000009059906,-75.06107330322266,-75.06107330322266,True,0.0,1220.3316419757816,1087.8818966926192,146.27763828036197,-2815.148068185634,-421.90280000024273,wcl
2021-06-23 16:49:16,26356994,train,-90.085,9.237999992370606,-74.76288604736328,-74.76288604736328,True,0.0,1179.126477080758,1087.8818966926192,103.99937163392046,-2808.146560683151,-407.06013333308334,wcl
2021-06-22 18:00:32,26356994,train,-94.645,3.442999995946884,-75.02088928222656,-75.02088928222656,True,0.0,1214.6952284931665,1087.8818966926192,140.42407075448207,-2812.324879676481,-418.006599999797,wcl
2021-06-23 16:48:36,26356994,train,-104.098125,-1.6339999888837338,-75.2817611694336,-75.2817611694336,True,0.0,1251.752322488028,1087.8818966926192,180.18302778846424,-2849.2521853749035,-461.97800000030753,wcl
2021-06-23 14:30:51,26356994,train,-103.4247448979592,-1.706122440723132,-75.32710266113281,-75.32710266113281,True,0.0,1258.3068407796966,1087.8818966926192,186.12705683620464,-2842.815315574251,-454.55666666672784,wcl
2021-06-23 16:49:22,26356994,train,-90.709375,6.511999999284744,-74.74192810058594,-74.74192810058594,True,0.0,1176.2826491480307,1087.8818966926192,101.01695106018722,-2804.984589552924,-402.7928666676988,wcl
2021-06-23 16:48:24,26356994,train,-101.048125,-2.7459999864548443,-75.62102508544922,-75.62102508544922,True,0.0,1301.637432557466,1087.8818966926192,231.2472799752833,-2875.6772298197825,-497.414866667676,wcl
2021-06-23 16:48:56,26356994,train,-94.3175,5.09100001335144,-74.86117553710938,-74.86117553710938,True,0.0,1192.552497041632,1087.8818966926192,117.90768480477938,-2812.7765898379935,-413.3682666663097,wcl
2021-06-22 18:00:36,26356994,train,-95.52125,4.35599999845028,-74.9483871459961,-74.9483871459961,True,0.0,1204.5932831588098,1087.8818966926192,129.77771443974783,-2804.1940967704572,-405.7613999998651,wcl
2021-06-22 18:00:31,26356994,train,-95.17,4.032000008821488,-75.03572082519531,-75.03572082519531,True,0.0,1216.7740059999696,1087.8818966926192,142.48383110393527,-2814.018792781973,-420.2329999997127,wcl
2021-06-23 16:49:09,26356994,train,-90.365,9.28000002861023,-74.76419067382812,-74.76419067382812,True,0.0,1179.303389931399,1087.8818966926192,104.13070662564263,-2808.2594882233484,-407.2456666667392,wcl
2021-06-23 16:48:35,26356994,train,-104.546875,-1.6699999947845936,-75.3177261352539,-75.3177261352539,True,0.0,1256.9482148813945,1087.8818966926192,185.53972363929088,-2850.6073158593213,-463.6478000000466,wcl
2021-06-23 16:48:40,26356994,train,-103.9225,-2.137000005990267,-75.2024917602539,-75.2024917602539,True,0.0,1240.3747948887183,1087.8818966926192,168.32152460969772,-2844.170446058669,-456.04093333360197,wcl
2021-06-22 18:00:03,26356994,train,-102.59,-3.60699999332428,-75.1739501953125,-75.1739501953125,True,0.0,1236.3022825397516,1087.8818966926192,162.77735574357732,-2828.5864454886496,-440.2705999997451,wcl
2021-06-23 16:48:34,26356994,train,-101.70430107526882,0.7354838696698989,-75.35159301757812,-75.35159301757812,True,0.0,1261.8609035700604,1087.8818966926192,190.53623750914247,-2852.3012289646927,-465.6886666663064,wcl
2021-06-23 15:37:23,26356994,train,-88.524375,10.524000029563904,-74.9552001953125,-74.9552001953125,True,0.0,1205.5390250979915,1087.8818966926192,131.10398701681763,-2808.146560683151,-404.27713333299096,wcl
2021-06-23 16:49:17,26356994,train,-90.144375,9.320999984741212,-74.76419067382812,-74.76419067382812,True,0.0,1179.303389931399,1087.8818966926192,104.13070662564263,-2807.920705602274,-406.87460000021844,wcl
2021-06-22 15:27:12,26356994,train,-103.614375,-2.293999999538064,-75.2719955444336,-75.2719955444336,True,0.0,1250.3449221681117,1087.8818966926192,177.07243457789303,-2817.971256694787,-424.31473333302336,wcl
2021-06-22 17:00:36,26356994,train,-94.356875,5.170000002533198,-74.8720932006836,-74.8720932006836,True,0.0,1194.0529232197937,1087.8818966926192,120.24917124169069,-2838.74992412136,-456.2264666664669,wcl
2021-06-23 16:49:20,26356994,train,-91.443125,6.486999988555908,-74.75952911376953,-74.75952911376953,True,0.0,1178.6705979748483,1087.8818966926192,103.49742437128745,-2807.130212819808,-405.7613999998651,wcl
2021-06-23 14:30:56,26356994,train,-90.831875,8.697999992370605,-75.01811218261719,-75.01811218261719,True,0.0,1214.30742882454,1087.8818966926192,140.07282009766638,-2811.8731695152087,-413.73933333362146,wcl
2021-06-22 17:00:35,26356994,train,-93.531875,6.729999980926514,-74.94192504882812,-74.94192504882812,True,0.0,1203.6971420716352,1087.8818966926192,130.3539478843777,-2841.2343300093185,-459.38053333308005,wcl
2021-06-22 17:00:19,26356994,train,-94.215625,4.502999988794326,-75.77055358886719,-75.77055358886719,True,0.0,1324.2492534636585,1087.8818966926192,254.40241198748333,-2872.2894036087987,-499.82679999966564,wcl
2021-06-23 16:49:12,26356994,train,-89.845,9.951999950408936,-74.76419067382812,-74.76419067382812,True,0.0,1179.303389931399,1087.8818966926192,104.13070662564263,-2808.2594882233484,-407.2456666667392,wcl
2021-06-23 16:48:59,26356994,train,-94.80855263157896,2.9831578941721664,-74.8134536743164,-74.8134536743164,True,0.0,1186.0143830428196,1087.8818966926192,111.08063350128701,-2809.275836086692,-408.5443999999575,wcl
2021-06-23 14:30:57,26356994,train,-90.695,9.586000030040742,-74.94711303710938,-74.94711303710938,True,0.0,1204.4166839999623,1087.8818966926192,129.64076449965174,-2805.4362997145563,-404.46266666664684,wcl
2021-06-22 17:59:47,26356994,train,-107.03963414634148,-5.235365859073837,-75.36599731445312,-75.36599731445312,True,0.0,1263.9569479822937,1087.8818966926192,191.77080198223877,-2847.784127350289,-465.8741999999623,wcl
2021-06-23 16:49:15,26356994,train,-90.181875,9.47999997138977,-74.76288604736328,-74.76288604736328,True,0.0,1179.126477080758,1087.8818966926192,103.99937163392046,-2808.2594882233484,-407.2456666667392,wcl
2021-06-23 15:37:21,26356994,train,-98.87875,0.9989999916404486,-75.08059692382812,-75.08059692382812,True,0.0,1223.0797761211127,1087.8818966926192,149.53050889844548,-2819.5522422597205,-420.2329999997127,wcl
2021-06-23 14:30:53,26356994,train,-102.718125,-2.669999988153577,-75.21205139160156,-75.21205139160156,True,0.0,1241.7405404212839,1087.8818966926192,168.88775904356584,-2830.9579238361694,-439.15740000018275,wcl
2021-06-22 17:00:37,26356994,train,-94.35,4.070000010579824,-74.80895233154297,-74.80895233154297,True,0.0,1185.399565832362,1087.8818966926192,111.32401373623239,-2836.3784457735987,-453.2579333335096,wcl
2021-06-23 15:37:24,26356994,train,-90.455,7.94800003528595,-74.89317321777344,-74.89317321777344,True,0.0,1196.9563394844938,991.632563579624,206.69860000285496,-2802.6131112054036,-395.9281333335048,wcl
2021-06-23 16:49:24,26356994,train,-91.334375,7.088000038862228,-74.7154312133789,-74.7154312133789,True,0.0,1172.697807683428,991.632563579624,181.92086332234922,-2800.4674879385193,-396.48473333289047,wcl
2021-06-23 14:30:58,26356994,train,-90.869375,8.080000043287873,-74.86970520019531,-74.86970520019531,True,0.0,1193.7258977343636,967.9783437608297,259.8259444523012,-2798.999429913904,-394.8149333339424,wcl
2021-06-22 18:00:46,26356994,train,-92.2825,8.402000017166138,-74.88629150390625,-74.88629150390625,True,0.0,1196.008571981026,967.9783437608297,262.33712310381037,-2779.350037890752,-363.0887333333638,wcl
2021-06-22 18:00:50,26356994,train,-93.724375,6.104999992847443,-74.78781127929688,-74.78781127929688,True,0.0,1182.515089347558,967.9783437608297,248.26878616536393,-2770.9933999038517,-344.9064666667263,wcl
2021-06-22 18:00:42,26356994,train,-92.250625,8.777999968528748,-74.8911361694336,-74.8911361694336,True,0.0,1196.6763418719138,967.9783437608297,263.0511988937315,-2788.6100962004375,-380.3433333333038,wcl
2021-06-22 18:00:45,26356994,train,-92.744375,8.219999990463258,-74.88807678222656,-74.88807678222656,True,0.0,1196.2540948150263,967.9783437608297,262.6275326328901,-2781.6085886979545,-367.5415333339862,wcl
2021-06-22 18:00:49,26356994,train,-94.244375,4.258000007867813,-74.82125854492188,-74.82125854492188,True,0.0,1187.081366152575,967.9783437608297,253.026896501715,-2773.0260956302973,-349.5448000002136,wcl
2021-06-23 15:37:25,26356994,train,-90.188125,6.663999998569489,-74.82768249511719,-74.82768249511719,True,0.0,1187.9594853551698,967.9783437608297,253.95223118558792,-2797.079661727656,-387.5791333340186,wcl
2021-06-22 18:00:40,26356994,train,-93.26125,6.97800000667572,-74.90007019042969,-74.90007019042969,True,0.0,1197.908691365655,967.9783437608297,264.24394986367855,-2793.5789079763545,-388.87786666644587,wcl
2021-06-23 16:49:27,26356994,train,-93.40375,4.177999997138977,-74.6384506225586,-74.6384506225586,True,0.0,1162.344435486428,967.9783437608297,228.18264333207125,-2792.3367050322545,-383.68293333357286,wcl
2021-06-22 18:00:57,26356994,train,-98.866875,-0.6309999918937683,-74.50897979736328,-74.50897979736328,True,0.0,1145.1367299317449,869.9598806783711,287.8918270678683,-2756.0869645761004,-299.8218666666534,wcl
2021-06-22 15:28:36,26356993,train,-95.73125,10.597000019550324,-66.64371490478516,-66.64574432373047,True,-0.0020294189453125,462.38824552708013,482.1074348327243,117.44666844545559,-2506.8558829963445,571.813733333174,refined
2021-06-22 17:02:23,26356993,train,-89.43375,10.761999979019166,-65.70683288574219,-65.70683288574219,True,0.0,414.8221158072914,482.1074348327243,88.02928354497065,-2514.9866659023683,505.7638666663712,refined
2021-06-22 15:28:39,26356993,train,-96.944375,9.53199995994568,-66.31591796875,-66.31763458251953,True,-0.00171661376953125,445.18077225755843,446.8787559354121,153.76685777250808,-2500.5319407361303,605.3952666663565,refined
2021-06-22 18:02:21,26356993,train,-95.46625,9.34900002002716,-65.63493347167969,-65.63493347167969,True,0.0,411.38657085146696,544.1861091380206,163.69020174804658,-2493.9821433950397,617.4549333334235,refined
2021-06-22 15:30:14,26356993,train,-96.276875,3.039999993517995,-65.91290283203125,-65.91290283203125,True,0.0,424.82753599954737,544.1861091380206,120.3010074664457,-2437.06666305239,672.001733333336,refined
2021-06-22 18:02:08,26356993,train,-95.855625,10.732000031471252,-66.16200256347656,-66.16366577148438,True,-0.0016632080078125,437.32630061225586,544.1861091380206,214.44282374695035,-2492.8528679913784,618.1970666664652,refined
2021-06-23 16:51:16,26356993,train,-96.28875,7.629000010490418,-65.78270721435547,-65.78270721435547,True,0.0,418.47884336480456,544.1861091380206,163.47930573876528,-2483.818664762329,625.6184000000449,refined
2021-06-23 16:51:51,26356993,train,-96.785,6.459999979436398,-65.83726501464844,-65.83726501464844,True,0.0,421.1277814994688,544.1861091380206,126.70425295475806,-2435.2598224065805,668.1055333336813,refined
2021-06-22 15:30:07,26356993,train,-95.08601485148516,9.131683178467323,-65.8998794555664,-65.8998794555664,True,0.0,424.1880220018006,544.1861091380206,122.4784816914378,-2459.765098665211,668.8476666667227,refined
2021-06-22 15:28:43,26356993,train,-98.27375,5.9070000363141295,-65.85789489746094,-65.85789489746094,True,0.0,422.1338410300588,544.1861091380206,175.47643742786903,-2488.56162145761,635.8227333337169,refined
2021-06-23 14:32:46,26356993,train,-88.366875,4.284999997839332,-65.79434204101562,-65.79434204101562,True,0.0,419.04198518160644,544.1861091380206,141.08781032237897,-2470.267359918875,649.3666666668671,refined
2021-06-23 15:40:39,26356993,train,-94.263125,1.12500001385808,-65.80712890625,-65.80712890625,True,0.0,419.6626772925527,544.1861091380206,133.2200540592675,-2459.313388503698,663.6527333322679,refined
2021-06-22 17:03:10,26356993,train,-94.4575,8.032000033855438,-66.7350082397461,-66.7350082397461,True,0.0,467.18245864762207,544.1861091380206,77.14623847755125,-2402.96254586288,673.8570666667308,refined
2021-06-22 15:30:15,26356993,train,-97.36571782178218,0.6267326879176763,-65.94100189208984,-65.94100189208984,True,0.0,426.21019253359054,544.1861091380206,118.61488619339121,-2432.436633897548,672.7438666663775,refined
2021-06-22 18:02:43,26356993,train,-97.06625,8.710000022649766,-65.57694244384766,-65.57694244384766,True,0.0,408.6353323264149,544.1861091380206,165.8727940978633,-2490.7072447246146,626.1750000002214,refined
2021-06-23 16:51:13,26356993,train,-99.82,5.508000016137958,-65.99007415771484,-65.99007415771484,True,0.0,428.63630208479066,544.1861091380206,180.9298212179137,-2492.73994045106,601.1280000001809,refined
2021-06-22 15:29:51,26356993,train,-95.25875,8.477000004053115,-65.89786529541016,-65.89786529541016,True,0.0,424.08952832415736,544.1861091380206,122.89449438680579,-2462.814142255,668.2910666665462,refined
2021-06-23 16:51:44,26356993,train,-94.88625,6.572000013589859,-65.79055786132812,-65.79055786132812,True,0.0,418.8589249162335,544.1861091380206,134.13811763762934,-2469.476867136409,661.7973999996639,refined
2021-06-22 17:03:05,26356993,train,-94.390625,8.13,-66.7350082397461,-66.7350082397461,True,0.0,467.18245864762207,544.1861091380206,77.14623847755125,-2420.0146044575145,672.5583333335126,refined
2021-06-22 15:29:49,26356993,train,-96.12375,7.793000024557114,-65.90107727050781,-65.90107727050781,True,0.0,424.2470803311047,544.1861091380206,122.77764497348144,-2462.814142255,668.2910666665462,refined
2021-06-22 18:04:28,26356993,train,-96.933125,4.801999994069337,-69.14111328125,-69.14111328125,True,0.0,616.7869792870891,705.7126417178521,91.39338713238568,-2328.3174416833267,425.0568666668559,refined
2021-06-22 15:32:03,26356993,train,-100.584375,0.0240000038594007,-69.27466583251953,-69.27466583251953,True,0.0,626.3639151332261,705.7126417178521,83.18520958213671,-2327.188166279786,443.79573333367006,refined
2021-06-22 15:31:37,26356993,train,-99.49875,4.898000011891127,-69.06986999511719,-69.06986999511719,True,0.0,611.7379004378681,705.7126417178521,94.14713847516707,-2327.6398764411783,450.2893999997613,refined
2021-06-22 17:04:32,26356993,train,-99.54625,5.753000006079674,-69.2308349609375,-69.2308349609375,True,0.0,623.2048364056459,705.7126417178521,88.22621629421658,-2326.284745956881,420.4185333333686,refined
2021-06-22 18:04:34,26356993,train,-104.274375,1.4030000056326388,-69.3753433227539,-69.3753433227539,True,0.0,633.6821109706783,705.7126417178521,83.94519266606176,-2326.284745956881,408.35886666709257,refined
2021-06-22 18:04:27,26356993,train,-99.35625,4.009000009149313,-69.12617492675781,-69.12617492675781,True,0.0,615.7249539410035,705.7126417178521,92.01493926863485,-2328.8820793851573,430.4373333333848,refined
2021-06-22 15:31:34,26356993,train,-102.27625,5.701999994516373,-68.92594146728516,-68.92594146728516,True,0.0,601.6633754375276,705.7126417178521,104.47836331026845,-2330.124282329137,463.0911999998699,refined
2021-06-22 18:04:11,26356993,train,-102.20125,8.909999997615815,-68.35358428955078,-68.35358428955078,True,0.0,563.2051880008685,705.7126417178521,155.81749431293588,-2335.9965144280786,462.34906666603734,refined
2021-06-22 17:04:37,26356993,train,-104.48,0.8699999970942736,-69.4229507446289,-69.4229507446289,True,0.0,637.1712504580987,705.7126417178521,83.60690862460373,-2325.2683980935376,415.9657333335372,refined
2021-06-23 14:34:59,26356993,train,-97.8625,-1.0439999848604202,-69.37210083007812,-69.37210083007812,True,0.0,633.4444447898985,705.7126417178521,77.81569077304937,-2327.6398764411783,436.00333333356957,refined
2021-06-22 15:32:24,26356993,train,-99.710625,2.478999997600913,-69.27466583251953,-69.27466583251953,True,0.0,626.3639151332261,705.7126417178521,83.18520958213671,-2327.3010938201037,443.4246666663583,refined
2021-06-22 15:31:53,26356993,train,-100.094375,0.6920000026375055,-69.27466583251953,-69.27466583251953,True,0.0,626.3639151332261,705.7126417178521,83.18520958213671,-2327.188166279786,443.79573333367006,refined
2021-06-23 14:34:03,26356993,train,-104.8725,3.305000003948808,-68.1871337890625,-68.1871337890625,True,0.0,552.4870177025302,667.3105547387825,114.91600570061783,-2344.3531524149794,515.9682000000432,refined
2021-06-22 15:30:43,26356993,train,-95.594375,5.245000004395843,-67.23371887207031,-67.23371887207031,True,0.0,494.8909400828498,667.3105547387825,189.87771098671385,-2359.711297904002,575.8954666664846,refined
2021-06-23 16:53:23,26356993,train,-94.64,13.848000001907348,-67.82048034667969,-67.82048034667969,True,0.0,529.5888406153986,667.3105547387825,147.14519469871342,-2361.6310660902504,580.1627333334511,refined
2021-06-22 18:04:03,26356993,train,-96.029375,12.914999982714653,-67.7629165649414,-67.7629165649414,True,0.0,526.0807772178196,667.3105547387825,153.24185562396286,-2349.6607468118505,532.2951333332858,refined
2021-06-22 17:03:28,26356993,train,-96.59,9.074999980926512,-67.68637084960938,-67.68637084960938,True,0.0,521.4509973296123,667.3105547387825,162.83303267028197,-2358.807877581218,598.5305333337444,refined
2021-06-22 15:30:50,26356993,train,-95.03,5.5509999781847,-67.23371887207031,-67.23371887207031,True,0.0,494.8909400828498,667.3105547387825,189.87771098671385,-2351.3546599173424,557.1565999996704,refined
2021-06-23 16:53:34,26356993,train,-100.4225,8.97799998998642,-68.44982147216797,-68.44982147216797,True,0.0,569.4959106005203,667.3105547387825,103.09443829340873,-2346.272920600987,506.6915333322777,refined
2021-06-22 15:31:02,26356993,train,-93.1575,7.453999996781349,-67.23371887207031,-67.23371887207031,True,0.0,494.8909400828498,667.3105547387825,189.87771098671385,-2349.09610911002,557.1565999996704,refined
2021-06-22 15:30:30,26356993,train,-95.00433168316832,6.368316835179778,-67.22655487060547,-67.22655487060547,True,0.0,494.48177001502415,642.3211192629226,147.94817850150213,-2369.5359939155182,651.4075333323359,refined
2021-06-22 18:03:32,26356993,train,-96.191875,8.87600000858307,-65.75956726074219,-65.75956726074219,True,0.0,417.3600441621744,642.3211192629226,230.88473340525482,-2397.7678790062064,670.7030000001178,refined
2021-06-22 18:03:06,26356993,train,-97.415625,8.819999997615815,-65.75732421875,-65.75732421875,True,0.0,417.25146135550614,642.3211192629226,230.99765987730424,-2399.010081950186,673.3004666665543,refined
2021-06-22 17:03:25,26356993,train,-95.471875,7.777000008821488,-67.52816009521484,-67.52816009521484,True,0.0,512.0106022604361,642.3211192629226,130.31173601256836,-2363.3249791958624,623.3920000001291,refined
2021-06-23 14:33:34,26356993,train,-93.6475,-1.775000007748604,-66.88882446289062,-66.88882446289062,True,0.0,475.56044981760806,642.3211192629226,167.39755547892537,-2393.36370493212,669.4042666668995,refined
2021-06-23 14:33:28,26356993,train,-93.8425,1.8749999958276748,-66.46834564208984,-66.46834564208984,True,0.0,453.0040165675524,642.3211192629226,190.47138864134314,-2393.7024875531947,669.0332000003787,refined
2021-06-22 17:03:23,26356993,train,-93.375625,6.372999981939793,-67.37159729003906,-67.37159729003906,True,0.0,502.83593211051016,642.3211192629226,139.48524231400285,-2366.599877866167,640.0899999998924,refined
2021-06-23 16:52:35,26356993,train,-96.855,4.611000003814698,-67.19359588623047,-67.19359588623047,True,0.0,492.60280243209195,642.3211192629226,149.81653178307496,-2365.0188923011137,618.382600000121,refined
2021-06-22 15:30:26,26356993,train,-89.8225,7.210000022649765,-66.97047424316406,-66.97047424316406,True,0.0,480.067465378039,642.3211192629226,162.49009559384297,-2375.40822601446,671.8161999996801,refined
2021-06-22 12:09:11,26356993,train,-94.65277777777776,-1.7344444582031833,-67.94410705566406,-67.94418334960938,True,-7.62939453125e-05,537.206762815031,1271.4785589677733,890.0745607013454,-1792.3633351235605,430.4373333333848,refined
2021-06-23 14:36:41,26365186,train,-88.835,1.5590000002086162,-62.68767547607422,-62.68767547607422,True,0.0,292.32929425609797,213.74154325431036,132.07163940848585,-2118.04636152868,397.226866666723,refined
2021-06-23 14:36:33,26365186,train,-84.83375,2.791999998092652,-63.400054931640625,-63.400054931640625,True,0.0,317.5439537944783,213.74154325431036,155.44900090217837,-2175.413552032601,392.7740666668916,refined
2021-06-23 14:36:51,26365186,train,-81.056875,13.658000049591063,-59.118309020996094,-59.118309020996094,True,0.0,192.64474780899909,72.34842063399981,125.66703018902582,-2002.8602703589638,409.28653333299906,refined
2021-06-23 14:36:45,26365186,train,-82.995625,8.613000020980834,-61.424591064453125,-61.424591064453125,True,0.0,252.35990089014072,72.34842063399981,188.21091816942265,-2076.15024405422,401.67966666655445,refined
2021-06-22 15:33:33,26365186,train,-93.328125,-2.587999989390373,-65.54633331298828,-65.54633331298828,True,0.0,407.190886258487,72.34842063399981,346.28799863636925,-2089.92740397855,404.46266666664684,refined
2021-06-23 14:36:44,26365186,train,-83.120625,6.990999994277954,-61.77238464355469,-61.77238464355469,True,0.0,262.79849917345354,72.34842063399981,199.05060852297032,-2087.330070550033,400.5664666669921,refined
2021-06-23 15:43:07,26365186,train,-85.975,12.937999982833862,-60.56182861328125,-60.56182861328125,True,0.0,228.17759929172055,72.34842063399981,163.07961194812765,-2049.160561907631,408.5443999999575,refined
2021-06-22 17:06:01,26365186,train,-85.648125,9.115,-61.6446533203125,-61.6446533203125,True,0.0,258.9168974700702,72.34842063399981,194.5171726859651,-2073.101200464431,405.946933333521,refined
2021-06-22 15:33:58,26365186,train,-87.76625,5.230999999642372,-61.99150848388672,-61.99150848388672,True,0.0,269.59080582383683,72.34842063399981,205.9193801096965,-2084.2810269602437,407.8022666669159,refined
2021-06-22 18:05:57,26365186,train,-84.621875,14.333000020980837,-60.69690704345703,-60.69690704345703,True,0.0,231.80891241427682,72.34842063399981,166.87403518689064,-2030.527517747822,410.3997333333524,refined
2021-06-22 18:06:03,26365186,train,-80.814375,21.380000019073485,-57.191200256347656,-57.191200256347656,True,0.0,153.3665463713606,73.21261907327941,179.22687992474957,-1957.9151092948352,418.006599999797,refined
2021-06-23 16:55:13,26365186,train,-77.576875,24.16800003051758,-55.01377868652344,-55.197898864746094,True,-0.18412017822265625,120.68508009722899,73.21261907327941,137.59882739019673,-1929.5702966638285,422.08833333231667,refined
2021-06-23 14:36:56,26365186,train,-80.48375,18.42199993610382,-56.535675048828125,-56.535675048828125,True,0.0,141.81739208912794,73.21261907327941,165.48463100548778,-1940.9759782403978,415.5946666670164,refined
2021-06-23 15:43:12,26365186,train,-83.56125,15.524999978244304,-58.54127502441406,-58.54127502441406,True,0.0,179.98196948828303,73.21261907327941,208.7464048890742,-1989.1960379751924,414.8525333331838,refined
2021-06-22 17:06:20,26365186,train,-75.043125,25.07899990081787,-51.928558349609375,-51.93846130371094,True,-0.0099029541015625,80.2973197857913,159.6429804748836,159.2072998676346,-1842.3902355040448,430.066266666864,refined
2021-06-23 14:37:08,26365186,train,-76.591875,19.494999928474428,-52.060211181640625,-52.07389831542969,True,-0.0136871337890625,81.71682212519661,159.6429804748836,117.29746410901251,-1804.7853645633531,429.32413333303145,refined
2021-06-22 18:06:16,26365186,train,-73.935625,25.37400003433228,-51.700836181640625,-51.70941162109375,True,-0.008575439453125,77.94028402147104,159.6429804748836,124.96263934989432,-1818.9013071087575,431.73606666660305,refined
2021-06-23 15:43:28,26365186,train,-76.42875,22.83500005722046,-51.58549499511719,-51.593017578125,True,-0.0075225830078125,76.76305023110355,159.6429804748836,133.08499338898213,-1813.4807851714484,434.33353333303955,refined
2021-06-22 15:34:19,26365186,train,-77.82797029702971,22.73960393018061,-52.062652587890625,-52.07508850097656,True,-0.0124359130859375,81.72940596963647,159.6429804748836,175.02833033866384,-1876.3814251531169,432.4782000004356,refined
2021-06-23 14:37:05,26365186,train,-74.43125,19.65,-51.60310363769531,-51.60797119140625,True,-0.0048675537109375,76.91361130549244,159.6429804748836,151.11330425172446,-1838.4377715913506,425.6134666670326,refined
2021-06-22 15:34:32,26365186,train,-79.475625,17.55000005722046,-55.72447967529297,-55.98579406738281,True,-0.26131439208984375,132.7542330098258,256.1477597759524,134.0351344758014,-1722.4611876392885,446.39320000010656,refined
2021-06-23 15:44:04,26365186,train,-76.6325,26.258999996185302,-54.64326477050781,-54.792015075683594,True,-0.14875030517578125,114.86009159373741,256.1477597759524,158.0204050875793,-1786.039392863226,436.37440000009036,refined
2021-06-22 18:06:24,26365186,train,-73.9175,22.638999977111816,-54.05903625488281,-54.162017822265625,True,-0.1029815673828125,106.30959287333057,256.1477597759524,168.08437373363375,-1726.074868930788,441.75486666661925,refined
2021-06-23 16:55:26,26365186,train,-78.879375,22.039999961853027,-53.28807830810547,-53.345062255859375,True,-0.05698394775390625,96.04401561355115,256.1477597759524,189.52856952275053,-1785.81353778247,434.51906666669544,refined
2021-06-23 15:44:15,26365186,train,-79.9075,20.62900001525879,-56.869354248046875,-57.27379608154297,True,-0.40444183349609375,154.88216310644185,256.1477597759524,109.49952196405357,-1721.3319122357477,441.56933333375434,refined
2021-06-23 15:43:36,26365186,train,-76.029375,25.90799995422364,-54.08799743652344,-54.193084716796875,True,-0.1050872802734375,106.71781032114738,256.1477597759524,168.88446658293148,-1786.039392863226,436.55993333374624,refined
2021-06-23 15:43:43,26365186,train,-76.825625,24.78199998855591,-54.641143798828125,-54.789695739746094,True,-0.14855194091796875,114.82759695214662,256.1477597759524,157.76254523070546,-1786.039392863226,436.37440000009036,refined
2021-06-23 15:43:52,26365186,train,-76.52625,25.45599996566773,-54.64326477050781,-54.792015075683594,True,-0.14875030517578125,114.86009159373741,256.1477597759524,158.0204050875793,-1786.039392863226,436.37440000009036,refined
2021-06-23 16:55:33,26365186,train,-80.6475,19.45100001335144,-56.978187561035156,-57.397911071777344,True,-0.4197235107421875,157.186101823198,256.1477597759524,107.99910396920845,-1705.296201504095,443.4246666663583,refined
2021-06-23 15:44:12,26365186,train,-78.92125,18.62999999046325,-55.70103454589844,-55.95966339111328,True,-0.25862884521484375,132.33686460057027,256.1477597759524,136.0344108226242,-1748.0957393014598,438.97186666652686,refined
2021-06-22 12:09:24,26365186,train,-95.490625,-2.7160000079870223,-67.5016860961914,-67.5016860961914,True,0.0,510.4478752410437,354.59479474686873,847.1890752285186,-1654.8175909622187,445.4655333334091,refined
2021-06-22 15:34:36,26365186,train,-80.845625,16.945999946594238,-57.78535461425781,-58.33003234863281,True,-0.544677734375,175.54763766542584,354.59479474686873,185.07138090909044,-1676.499678711696,452.14473333315624,refined
2021-06-23 14:37:19,26365186,train,-83.19125,10.892000017166138,-57.930206298828125,-58.49755859375,True,-0.567352294921875,179.0557571287975,354.59479474686873,182.59354442140625,-1680.6779977052668,442.6825333333167,refined
2021-06-22 12:09:26,26365186,train,-95.94875,-3.499999989643693,-67.34120178222656,-67.34120178222656,True,0.0,501.07373607527944,354.59479474686873,837.8126934546208,-1635.8457641813354,447.32086666601305,refined
2021-06-23 15:44:19,26365186,train,-77.870625,19.02599999427796,-58.23967742919922,-58.85638427734375,True,-0.6167068481445312,186.7947321093009,354.59479474686873,173.46905327689637,-1680.903852785903,446.76426666662735,refined
2021-06-22 18:06:49,26365186,train,-75.825625,23.502999992370604,-54.824485778808594,-54.99186706542969,True,-0.16738128662109375,117.69631358760995,453.72156889981426,352.73583088788666,-1580.0595592422271,458.6384000000385,refined
2021-06-22 18:06:41,26365186,train,-75.835,24.14199989318848,-54.830482482910156,-54.99842834472656,True,-0.16794586181640625,117.79045740095451,453.72156889981426,352.62297028533146,-1587.2869218253463,457.8962666669969,refined
2021-06-22 12:10:03,26365186,train,-87.920625,6.48599999666214,-61.40403747558594,-61.40403747558594,True,0.0,251.75603739718028,453.72156889981426,681.2588863068164,-1505.4144550627946,461.79246666665165,refined
2021-06-22 18:06:46,26365186,train,-76.001875,21.453999996185303,-54.824485778808594,-54.99186706542969,True,-0.16738128662109375,117.69631358760995,453.72156889981426,352.73583088788666,-1587.0610667447102,457.710733333341,refined
2021-06-22 18:06:45,26365186,train,-75.91375,21.921000022888183,-54.824485778808594,-54.99186706542969,True,-0.16738128662109375,117.69631358760995,453.72156889981426,352.73583088788666,-1587.0610667447102,457.710733333341,refined
2021-06-22 12:10:16,26365186,train,-84.05,13.459000005722046,-57.09516906738281,-57.09516906738281,True,0.0,151.62171182829516,453.72156889981426,571.3647250761637,-1500.5585708271958,462.5345999996932,refined
2021-06-22 12:10:29,26365186,train,-76.075625,20.65800001144409,-51.98313903808594,-51.99485778808594,True,-0.01171875,80.88607270169732,453.72156889981426,447.6922426952647,-1501.0102809885877,462.16353333317244,refined
2021-06-22 18:06:53,26365186,train,-75.190625,24.37400003433228,-54.830482482910156,-54.99842834472656,True,-0.16794586181640625,117.79045740095451,453.72156889981426,352.62297028533146,-1557.9257613312373,461.42140000013086,refined
2021-06-22 12:10:38,26365186,train,-76.26375,14.765999975204467,-53.5391845703125,-53.610008239746094,True,-0.07082366943359375,99.27651791498279,553.1627750565324,484.82942984478973,-1487.1201935240601,464.3899333322972,refined
2021-06-22 12:10:46,26365186,train,-75.38780120481928,16.128915694822748,-53.76197814941406,-53.84565734863281,True,-0.08367919921875,102.2285116182333,553.1627750565324,481.7203849197254,-1422.9773505981714,472.9244666670212,refined
2021-06-22 12:10:56,26365186,train,-75.935625,15.75599998474121,-53.76197814941406,-53.84565734863281,True,-0.08367919921875,102.2285116182333,652.7747309229876,581.6327114673442,-1318.632303303435,485.1696666669531,refined
2021-06-22 12:10:50,26365186,train,-75.49875,14.222000007629395,-53.76197814941406,-53.84565734863281,True,-0.08367919921875,102.2285116182333,652.7747309229876,581.6327114673442,-1381.7587983659803,478.3049333335501,refined
2021-06-22 12:10:49,26365186,train,-75.439375,15.191999988555908,-53.76197814941406,-53.84565734863281,True,-0.08367919921875,102.2285116182333,652.7747309229876,581.6327114673442,-1392.3739871599626,476.82066666667595,refined
2021-06-22 12:11:10,26365186,train,-79.673125,13.653999967575071,-56.17256164550781,-56.48804473876953,True,-0.31548309326171875,141.01034246321453,852.2713397611401,728.3320789220978,-1186.9587912407944,499.08466666662406,refined
2021-06-22 12:11:21,26365186,train,-80.285625,13.86299994945526,-59.58087158203125,-60.421714782714844,True,-0.8408432006835938,224.4686971482375,951.7958201388303,741.8738038003156,-1076.854439387554,510.0311333333377,refined
2021-06-23 16:54:29,26353920,train,-98.55,5.305,-52.92213439941406,-52.92213439941406,True,0.0,91.06663167633903,23.244609109024957,82.8708785880174,-2317.815180429662,383.3118666670521,refined
2021-06-23 15:42:30,26353920,train,-97.105,4.9450000032037496,-53.08867645263672,-53.08867645263672,True,0.0,93.00037792403604,23.244609109024957,87.46729752853382,-2320.2995863176207,384.79613333234425,refined
2021-06-23 15:42:29,26353920,train,-96.83625,5.63899999499321,-53.21128845214844,-53.21128845214844,True,0.0,94.44583437511088,23.244609109024957,89.46078027875437,-2320.8642240194513,386.83700000018604,refined
2021-06-23 14:36:05,26353920,train,-96.89875,5.224000010713935,-53.34068298339844,-53.34068298339844,True,0.0,95.99131276586937,23.244609109024957,90.2515596117227,-2301.666542157812,378.67353333356476,refined
2021-06-23 16:54:21,26353920,train,-97.688125,8.751000046730042,-54.24934387207031,-54.24934387207031,True,0.0,107.46053482904391,23.244609109024957,103.67479417241671,-2322.5581371249436,398.5255999999413,refined
2021-06-23 14:35:49,26353920,train,-97.07125,6.095000001043081,-54.94530487060547,-54.94567108154297,True,-0.0003662109375,117.03506904257752,84.89964429860873,80.31619088835232,-2324.477905311071,415.2235999997046,refined
2021-06-23 14:35:17,26353920,train,-96.850625,7.16700001001358,-54.766990661621094,-54.767333984375,True,-0.00034332275390625,114.51407615295852,84.89964429860873,77.76621437806092,-2324.7037603918275,415.2235999997046,refined
2021-06-22 17:04:39,26353920,train,-100.84,5.473333331743876,-55.17822265625,-55.17822265625,True,0.0,120.39654887444907,84.89964429860873,87.18055370862253,-2326.058890876245,416.1512666664021,refined
2021-06-23 16:54:17,26353920,train,-97.08625,10.231000022888184,-54.52033233642578,-54.520652770996094,True,-0.0003204345703125,111.10612869412627,84.89964429860873,82.52186490970098,-2325.6071807147323,415.4091333333605,refined
2021-06-23 14:35:32,26353920,train,-97.215,7.233000023365021,-54.8653564453125,-54.86571502685547,True,-0.00035858154296875,115.8989106776421,84.89964429860873,80.27711210330826,-2324.590832851389,415.2235999997046,refined
2021-06-23 14:35:13,26353920,train,-100.12,-2.96199998140335,-54.85845947265625,-54.85899353027344,True,-0.0005340576171875,115.80380078645717,84.89964429860873,76.27111768805831,-2324.9296154724634,414.8525333331838,refined
2021-06-22 17:05:14,26353920,train,-100.158125,5.111000017523765,-55.13664245605469,-55.13664245605469,True,0.0,119.78930969163743,84.89964429860873,88.18423762206446,-2326.171818416443,416.1512666664021,refined
2021-06-23 16:54:00,26353920,train,-97.46375,9.164000010490415,-54.52033233642578,-54.520652770996094,True,-0.0003204345703125,111.10612869412627,84.89964429860873,82.52186490970098,-2326.397673497199,417.07893333230857,refined
2021-06-23 14:35:10,26353920,train,-100.30083333333332,-2.322666661540667,-55.21693420410156,-55.21788024902344,True,-0.000946044921875,120.97839520546496,84.89964429860873,76.22908789386139,-2324.9296154724634,413.73933333362146,refined
2021-06-23 14:35:56,26353920,train,-97.99,6.515999989509583,-54.96459197998047,-54.964942932128906,True,-0.0003509521484375,117.31049322963918,84.89964429860873,80.64894945192053,-2323.574484988166,411.51293333370575,refined
2021-06-22 18:04:42,26353920,train,-100.19875,8.334999995231628,-55.38153839111328,-55.38153839111328,True,0.0,123.40590813239868,84.89964429860873,88.84535869102861,-2324.590832851389,407.9877999997808,refined
2021-06-23 16:53:50,26353920,train,-99.48416666666668,8.072000017166138,-55.0694580078125,-55.06982421875,True,-0.0003662109375,118.81914528284473,84.89964429860873,81.16325443511826,-2325.3813256340964,416.70786666657875,refined
2021-06-23 16:54:19,26353920,train,-97.87125,9.77199996471405,-54.52033233642578,-54.520652770996094,True,-0.0003204345703125,111.10612869412627,84.89964429860873,82.52186490970098,-2324.7037603918275,408.1733333334367,refined
2021-06-23 14:35:21,26353920,train,-96.800625,5.082999994754792,-54.776222229003906,-54.77656555175781,True,-0.00034332275390625,114.64332616863304,84.89964429860873,78.43259264905392,-2324.590832851389,415.2235999997046,refined
2021-06-23 14:35:45,26353920,train,-97.405,3.989999991357328,-54.917259216308594,-54.91761016845703,True,-0.0003509521484375,116.63536541941627,84.89964429860873,80.16521015199426,-2324.477905311071,415.2235999997046,refined
2021-06-23 16:53:52,26353920,train,-98.81645569620254,7.991139258010478,-54.66123962402344,-54.66156768798828,True,-0.00032806396484375,113.04187765563071,84.89964429860873,80.40741437898595,-2325.9459633358065,416.1512666664021,refined
2021-06-23 14:35:09,26353920,train,-99.8575,-3.359999999205272,-55.37071228027344,-55.37169647216797,True,-0.00098419189453125,123.25868086906827,84.89964429860873,76.5400367055721,-2324.816687932025,414.48146666666304,refined
2021-06-22 18:05:08,26353920,train,-100.956875,6.48700001001358,-55.38196563720703,-55.38196563720703,True,0.0,123.41223631926309,84.89964429860873,88.7005991194217,-2324.2520502303146,407.9877999997808,refined
2021-06-23 16:54:14,26353920,train,-96.760625,10.17599994659424,-54.52033233642578,-54.520652770996094,True,-0.0003204345703125,111.10612869412627,84.89964429860873,82.52186490970098,-2325.7201082551705,415.9657333335372,refined
2021-06-22 17:04:41,26353920,train,-100.06696428571428,6.735714309272312,-55.1234130859375,-55.1234130859375,True,0.0,119.59682648532822,84.89964429860873,89.04238846057568,-2326.171818416443,416.1512666664021,refined
2021-06-22 18:05:00,26353920,train,-100.503125,7.427000012397766,-55.38196563720703,-55.38196563720703,True,0.0,123.41223631926309,84.89964429860873,88.7005991194217,-2324.3649777707533,407.9877999997808,refined
2021-06-22 17:04:43,26353920,train,-100.22375,6.0139999985694885,-55.15638732910156,-55.15638732910156,True,0.0,120.0774666809282,84.89964429860873,89.12716027549826,-2326.171818416443,416.1512666664021,refined
2021-06-23 14:35:19,26353920,train,-96.781875,7.210000035762786,-54.790489196777344,-54.79083251953125,True,-0.00034332275390625,114.8435263697048,84.89964429860873,78.50496955063626,-2324.590832851389,415.2235999997046,refined
2021-06-22 17:04:55,26353920,train,-100.364375,5.297000008001923,-55.13664245605469,-55.13664245605469,True,0.0,119.78930969163743,84.89964429860873,88.18423762206446,-2326.171818416443,416.1512666664021,refined
2021-06-22 15:32:55,26353920,train,-99.64625,6.863000010251999,-54.39533996582031,-54.395660400390625,True,-0.0003204345703125,109.41341934343436,85.43262033760018,190.99928560693735,-2213.3572055943673,390.9187333334967,refined
2021-06-22 15:32:39,26353920,train,-99.16125,4.431999997869134,-54.39617919921875,-54.39649963378906,True,-0.0003204345703125,109.42463843526583,85.43262033760018,190.97235411704855,-2262.819468273141,383.497399999917,refined
2021-06-22 15:32:42,26353920,train,-99.866875,3.4079999995231627,-54.44542694091797,-54.44575500488281,True,-0.00032806396484375,110.08898530830605,85.43262033760018,191.666390124929,-2238.7659021759027,387.5791333332276,refined
2021-06-22 18:05:32,26353920,train,-94.896875,4.933000015467405,-53.328712463378906,-53.328712463378906,True,0.0,95.8474608974908,85.43262033760018,181.23313411318617,-2251.752569317646,384.79613333234425,refined
2021-06-23 14:36:11,26353920,train,-89.6125,3.3069999903440475,-50.94966125488281,-50.949798583984375,True,-0.0001373291015625,70.49506610260333,85.43262033760018,155.92584167515855,-2248.2518155663442,385.167200000447,refined
2021-06-22 17:05:40,26353920,train,-86.60875,3.7559999956190575,-44.62364959716797,-44.623809814453125,True,-0.00016021728515625,23.131298437871397,184.54580294026118,201.93443348999503,-2186.3675234478983,394.07280000010985,refined
2021-06-23 15:42:51,26353920,train,-88.333125,2.839999987706542,-45.69892120361328,-45.69903564453125,True,-0.00011444091796875,30.224935256116545,184.54580294026118,175.01693636445583,-2190.884625062423,393.3306666670683,refined
2021-06-22 15:33:05,26353920,train,-99.735,7.473999996185302,-54.431617736816406,-54.43194580078125,True,-0.00032806396484375,109.90231556779617,184.54580294026118,285.61382356254745,-2151.4729134759214,397.4124000003789,refined
2021-06-23 14:36:26,26353920,train,-87.50436046511628,-1.4558139845382336,-47.304161071777344,-47.304222106933594,True,-6.103515625e-05,41.05199263426434,184.54580294026118,158.81997153596004,-2175.9781897346725,392.7740666668916,refined
2021-06-22 18:05:49,26353920,train,-91.438125,0.4039999978989362,-47.62482452392578,-47.624900817871094,True,-7.62939453125e-05,43.32039398400836,184.54580294026118,157.17850617356436,-2129.564970645567,399.82433333315953,refined
2021-06-23 15:42:49,26353920,train,-86.649375,3.0200000035017727,-45.353057861328125,-45.353233337402344,True,-0.00017547607421875,27.954635863441336,184.54580294026118,179.52691626225234,-2197.9990601053446,392.4030000003708,refined
2021-06-22 18:05:42,26353920,train,-88.02875,4.18900001168251,-44.698997497558594,-44.69921112060547,True,-0.000213623046875,23.635760507808527,184.54580294026118,194.16767038080155,-2189.755349658762,392.7740666668916,refined
2021-06-22 15:33:45,26353920,train,-91.890625,-0.7140000072121621,-47.95054626464844,-47.95062255859375,True,-7.62939453125e-05,45.67371995892776,295.7756107210021,253.3178931224522,-2089.92740397855,404.46266666664684,refined
2021-06-22 15:33:38,26353920,train,-87.90875,2.674999991059303,-44.974151611328125,-44.974342346191406,True,-0.00019073486328125,25.461922903464618,295.7756107210021,302.82869663248994,-2089.92740397855,404.46266666664684,refined
2021-06-22 15:33:35,26353920,train,-86.405,6.126999971866607,-47.72894287109375,-47.72917938232422,True,-0.00023651123046875,44.068119244600936,295.7756107210021,329.72350681436626,-2089.92740397855,404.46266666664684,refined
2021-06-22 15:33:26,26353920,train,-96.565625,5.356000003814697,-52.51020812988281,-52.51020812988281,True,0.0,86.424433585613,295.7756107210021,367.8470887289441,-2089.92740397855,404.46266666664684,refined
2021-06-22 18:05:52,26353920,train,-91.65875,-0.3270000056177378,-50.53495788574219,-50.53495788574219,True,0.0,66.65475994637382,295.7756107210021,230.83240809970118,-2093.992795431562,403.5349999999494,refined
2021-06-22 15:33:15,26353920,train,-98.4875,2.8040000062435864,-54.345001220703125,-54.345314025878906,True,-0.00031280517578125,108.73785445290382,295.7756107210021,374.3438977619006,-2092.185954785632,401.49413333368955,refined
2021-06-22 15:33:46,26353920,train,-91.529375,-1.0339999986439945,-48.39116668701172,-48.39125061035156,True,-8.392333984375e-05,48.94479391751475,295.7756107210021,249.67102080228943,-2089.92740397855,404.46266666664684,refined
2021-06-22 15:33:23,26353920,train,-98.82,5.6010000262409445,-53.22368621826172,-53.22393798828125,True,-0.00025177001953125,94.59582730294092,295.7756107210021,368.49213879150426,-2089.92740397855,404.46266666664684,refined
2021-06-22 15:33:36,26353920,train,-86.034375,6.280000024586916,-46.65306854248047,-46.653350830078125,True,-0.00028228759765625,36.57396617640307,295.7756107210021,320.4244681860041,-2089.92740397855,404.46266666664684,refined
2021-06-22 15:34:49,26365185,train,-82.315625,14.366999998092652,-58.561927795410156,-59.2310791015625,True,-0.6691513061523438,195.21692166708303,277.00872733312553,82.40447648042716,-1604.7906905816142,460.3081999997775,refined
2021-06-22 15:35:44,26365185,train,-77.978125,18.87799987792969,-61.28516387939453,-62.41942596435547,True,-1.1342620849609375,283.35321648635147,375.1441472086392,91.84734252728487,-1515.0132959936743,471.2546666664912,refined
2021-06-23 14:37:47,26365185,train,-85.29,12.016000003814698,-61.70978546142578,-62.916221618652344,True,-1.2064361572265625,300.1964857798409,375.1441472086392,74.96157247462232,-1501.8007737712953,463.4622666663907,refined
2021-06-23 14:37:32,26365185,train,-75.820625,11.666000027656557,-59.659149169921875,-60.513572692871094,True,-0.8544235229492188,226.89359642671639,375.1441472086392,150.17686683244074,-1554.9896452818864,456.96860000029943,refined
2021-06-22 17:07:04,26365185,train,-77.74125,17.94500002861023,-61.232078552246094,-62.3572998046875,True,-1.1252212524414062,281.3135313947506,375.1441472086392,93.84645368101303,-1515.0132959936743,464.3899333322972,refined
2021-06-22 17:07:06,26365185,train,-77.721875,16.93199993133545,-61.287078857421875,-62.42169189453125,True,-1.134613037109375,283.42803866309214,375.1441472086392,91.72546487891158,-1503.8334694976206,465.6886666670974,refined
2021-06-22 17:07:03,26365185,train,-77.636875,20.15899997711181,-61.194236755371094,-62.31298828125,True,-1.1187515258789062,279.8670361685997,375.1441472086392,95.29829202104754,-1518.7399048254917,464.01886666656736,refined
2021-06-23 14:38:16,26365185,train,-83.5975,12.338999996185304,-61.71125793457031,-62.917938232421875,True,-1.2066802978515625,300.25639386085953,375.1441472086392,74.89490337156685,-1501.8007737712953,463.4622666663907,refined
2021-06-23 14:37:37,26365185,train,-83.840625,9.98000002384186,-60.61473083496094,-61.6339111328125,True,-1.0191802978515625,258.5929760729295,375.1441472086392,117.35151279824863,-1525.2897021665826,460.6792666670893,refined
2021-06-22 17:07:01,26365185,train,-79.111875,19.14500003814697,-61.01173400878906,-62.099212646484375,True,-1.0874786376953125,272.9916571801163,375.1441472086392,102.24166334212974,-1521.9018759555988,464.01886666656736,refined
2021-06-22 15:35:25,26365185,train,-78.215,17.475999898910523,-61.29168701171875,-62.42706298828125,True,-1.1353759765625,283.6051905369354,375.1441472086392,91.58974056637446,-1519.7562526887148,470.8835999999704,refined
2021-06-22 15:35:36,26365185,train,-78.160625,17.486000032424926,-61.28516387939453,-62.41942596435547,True,-1.1342620849609375,283.35321648635147,375.1441472086392,91.84734252728487,-1519.7562526887148,470.8835999999704,refined
2021-06-23 14:38:30,26365185,train,-84.625,12.744999942779542,-61.71125793457031,-62.917938232421875,True,-1.2066802978515625,300.25639386085953,375.1441472086392,74.89490337156685,-1501.8007737712953,463.4622666663907,refined
2021-06-22 15:35:00,26365185,train,-78.87625,17.072000045776367,-59.003684997558594,-59.746620178222656,True,-0.7429351806640625,207.40130505010163,375.1441472086392,169.19230463293871,-1585.2542260989005,461.79246666665165,refined
2021-06-22 15:35:29,26365185,train,-77.92261904761905,15.904761904761903,-61.28516387939453,-62.41942596435547,True,-1.1342620849609375,283.35321648635147,375.1441472086392,91.84734252728487,-1519.7562526887148,470.8835999999704,refined
2021-06-22 17:07:09,26365185,train,-79.786875,13.957000017166138,-61.50025939941406,-62.67119598388672,True,-1.1709365844726562,291.7697048154171,474.05951878543317,182.66275061538568,-1480.5703961829693,467.7295333333572,refined
2021-06-22 17:07:13,26365185,train,-81.85375,15.385000009536745,-61.73199462890625,-62.942161560058594,True,-1.2101669311523438,301.10238915399356,474.05951878543317,173.17861471596194,-1436.1898728205508,472.9244666670212,refined
2021-06-23 15:44:56,26365185,train,-83.596875,19.12999998092652,-61.16236877441406,-62.27565002441406,True,-1.11328125,278.65405848206996,474.05951878543317,195.758508664036,-1495.702686591717,468.4716666663988,refined
2021-06-23 16:55:56,26365185,train,-83.73375,17.37099998474121,-61.190528869628906,-62.30865478515625,True,-1.1181259155273438,279.72622370329003,474.05951878543317,195.02778646821744,-1478.3118453757672,468.100599999878,refined
2021-06-23 14:38:33,26365185,train,-85.21,13.585999994277952,-61.767005920410156,-62.98309326171875,True,-1.2160873413085938,302.5373266542984,474.05951878543317,171.87993384136234,-1489.943382033213,464.57546666674403,refined
2021-06-23 15:45:04,26365185,train,-81.968125,15.161999979019164,-62.857505798339844,-64.25367736816406,True,-1.3961715698242188,350.58719406900747,474.05951878543317,123.85231385250448,-1425.0100463246174,476.82066666667595,refined
2021-06-22 17:07:08,26365185,train,-79.276875,16.10300006866455,-61.42765808105469,-62.58624267578125,True,-1.1585845947265625,288.902962116488,474.05951878543317,185.5747514255384,-1489.4916718717006,466.98740000031563,refined
2021-06-23 14:38:38,26365185,train,-85.48625,13.41199996948242,-62.35679626464844,-63.67124938964844,True,-1.314453125,327.69418907962944,474.05951878543317,146.4017749040052,-1451.4350907694961,468.4716666663988,refined
2021-06-22 15:35:50,26365185,train,-85.825625,8.310999997854232,-61.81571960449219,-63.039886474609375,True,-1.2241668701171875,304.5395969303705,474.05951878543317,169.51992773232317,-1477.1825699721057,474.7798000004161,refined
2021-06-22 18:07:37,26365185,train,-78.918125,17.399999980926513,-61.371429443359375,-62.520416259765625,True,-1.14898681640625,286.7003970895152,474.05951878543317,187.55296831756945,-1492.9924256230022,468.84273333371056,refined
2021-06-22 17:07:22,26365185,train,-81.621875,14.575999960899352,-61.75311279296875,-62.96684265136719,True,-1.2137298583984375,301.9667676022617,573.3513089871303,272.02666025052474,-1355.8983916229322,482.3866666668607,refined
2021-06-22 17:07:24,26365185,train,-81.2975,16.394000091552734,-61.75311279296875,-62.96684265136719,True,-1.2137298583984375,301.9667676022617,573.3513089871303,272.02666025052474,-1344.4927100463626,483.68540000007897,refined
2021-06-22 18:07:50,26365185,train,-78.13625,19.94999999046325,-63.772056579589844,-65.31218719482422,True,-1.540130615234375,396.30731702490715,573.3513089871303,177.49617853524347,-1358.9474352126008,483.68540000007897,refined
2021-06-22 18:07:59,26365185,train,-80.904375,17.99099992752075,-65.45216369628906,-67.20686340332031,True,-1.75469970703125,493.35822578098754,672.8528960206941,181.68485147801368,-1256.63508364431,495.9306000000109,refined
2021-06-23 16:56:30,26365185,train,-83.989375,15.89300006866455,-65.70005798339844,-67.48699188232422,True,-1.7869338989257812,509.58190375207414,672.8528960206941,165.49593966760284,-1273.8000697795037,490.550133333482,refined
2021-06-23 16:56:24,26365185,train,-83.76,17.30700002670288,-65.59767150878906,-67.37136840820312,True,-1.7736968994140625,502.8221873982389,672.8528960206941,172.05140720877182,-1285.9962441387804,489.25140000026374,refined
2021-06-22 15:36:19,26365185,train,-87.2475,10.43999997615814,-65.9964599609375,-67.821044921875,True,-1.8245849609375,529.6233730820329,672.8528960206941,147.82225751890104,-1262.8460983643267,498.71360000010327,refined
2021-06-23 16:56:40,26365185,train,-82.66,14.12900001525879,-66.48741912841797,-68.37256622314453,True,-1.8851470947265625,564.4403650976083,672.8528960206941,114.58353331442902,-1206.3823281833106,498.5280666664474,refined
2021-06-22 18:08:04,26365185,train,-83.434375,12.344000005722046,-66.2431411743164,-68.09838104248047,True,-1.8552398681640625,546.8559458133309,671.0770126627821,134.30882935289696,-1202.76864689145,501.86766666671645,refined
2021-06-23 15:45:51,26365185,train,-88.248125,7.956000009179116,-67.53341674804688,-69.53813171386719,True,-2.0047149658203125,645.6944545517729,770.9368671237503,131.04031361664107,-1124.8486440415923,510.0311333333377,refined
2021-06-22 15:36:40,26365185,train,-88.57625,6.507000031471253,-67.35543823242188,-69.38526916503906,True,-2.0298309326171875,634.4074887166676,770.9368671237503,142.07211203900295,-1121.3478902902905,514.669466666034,refined
2021-06-22 17:08:00,26365185,train,-80.84625,14.522999992370606,-64.5040054321289,-66.12928771972656,True,-1.6252822875976562,435.5914362514898,870.8288863242666,440.87512547928594,-1035.1841769938503,517.6379999997823,refined
2021-06-22 12:11:28,26365185,train,-79.46625,11.847999997138976,-58.95702362060547,-59.68486022949219,True,-0.7278366088867188,205.90393976896394,870.8288863242666,680.8772570662319,-1015.7606400514546,515.7826666663874,refined
2021-06-22 17:08:01,26365185,train,-80.761875,13.729000005722046,-64.71891784667969,-66.3743667602539,True,-1.6554489135742188,448.109750342736,870.8288863242666,428.1507830313983,-1025.4724085227729,518.5656666664797,refined
2021-06-23 15:45:55,26365185,train,-89.280625,5.006000005081296,-67.94986724853516,-70.04741668701172,True,-2.0975494384765625,684.7588560637479,870.8288863242666,188.970182676305,-1084.1947295111115,516.3392666665641,refined
2021-06-22 12:11:29,26365185,train,-80.3325,13.411000018119813,-59.19721984863281,-59.972877502441406,True,-0.7756576538085938,212.9768757495744,870.8288863242666,673.1451533377838,-1010.227190573707,516.3392666665641,refined
2021-06-23 14:39:18,26365185,train,-88.8075,5.9260000026226045,-67.81936645507812,-69.90196228027344,True,-2.0825958251953125,673.3678556669199,870.8288863242666,201.1979659159374,-1084.1947295111115,510.2166666669936,refined
2021-06-22 17:07:59,26365185,train,-81.315625,17.780999937057494,-64.279541015625,-65.87277221679688,True,-1.593231201171875,422.86083467375596,870.8288863242666,453.8231824787135,-1045.912293328271,516.52480000022,refined
2021-06-22 17:08:04,26365185,train,-80.05875,18.8320000076294,-65.27789306640625,-67.03828430175781,True,-1.7603912353515625,483.84368070417344,870.8288863242666,391.9662155911702,-1001.7576250466087,520.9776000000513,refined
2021-06-23 14:39:20,26365185,train,-89.95875,2.6130000075697897,-68.01879119873047,-70.12434387207031,True,-2.1055526733398438,690.8609656804078,870.8288863242666,183.66658336212726,-1064.997047649472,512.2575333332534,refined
2021-06-22 12:12:08,26365185,train,-83.72625,7.076999995112419,-61.80388641357422,-63.026153564453125,True,-1.2222671508789062,304.0540362634349,1170.615580690476,874.3678082112956,-703.8547735705451,549.1786666667051,refined
2021-06-22 12:12:38,26365185,train,-80.488125,14.548000059127808,-63.74488067626953,-65.28086853027344,True,-1.5359878540039062,394.87335809551837,1370.5252387634673,979.4554752655944,-511.8779549545123,563.8358000002086,refined
2021-06-22 12:12:57,26365185,train,-79.845,15.37700002193451,-66.04061126708984,-67.912841796875,True,-1.8722305297851562,535.2667929710731,1370.5252387634673,837.0893384175839,-500.13349075674836,564.3924000003852,refined
2021-06-22 12:12:52,26365185,train,-78.15875,17.637999992370606,-65.937744140625,-67.75495910644531,True,-1.8172149658203125,525.5973483750848,1370.5252387634673,846.8420142519379,-500.13349075674836,564.2068666667294,refined
2021-06-22 12:13:05,26365185,train,-81.446875,12.281999983787536,-66.80358123779297,-68.765869140625,True,-1.9622879028320312,590.6517087370559,1370.5252387634673,781.3291477173615,-500.02056321655067,564.3924000003852,refined
2021-06-23 15:46:00,26363650,train,-84.234375,12.36500000476837,-60.395599365234375,-61.36688232421875,True,-0.971282958984375,250.66734992618925,267.89404645853443,138.43767089786482,-1037.3298002607344,520.7920666663955,wcl
2021-06-22 15:36:48,26363650,train,-84.561875,10.952000031471252,-60.38215637207031,-61.357635498046875,True,-0.9754791259765625,250.39705947771225,267.89404645853443,141.73490595158438,-1020.5035967467354,525.244866667018,wcl
2021-06-23 16:56:59,26363650,train,-73.086875,22.25300001144409,-60.575775146484375,-61.59442138671875,True,-1.018646240234375,257.40541983910316,267.89404645853443,105.70616996870197,-1000.6283496429476,520.9776000000513,wcl
2021-06-22 15:36:45,26363650,train,-86.81136363636364,9.563636380975897,-60.49473571777344,-61.49705505371094,True,-1.0023193359375,254.5009322322466,267.89404645853443,178.78964542201493,-1057.3179749049607,521.3486666665722,wcl
2021-06-23 15:46:04,26363650,train,-73.42375,21.16099998474121,-60.42912292480469,-61.42658996582031,True,-0.997467041015625,252.41889730600374,267.89404645853443,104.65361082656679,-1007.0652194435999,524.3172000003204,wcl
2021-06-23 16:57:18,26363650,train,-79.970625,18.529000015258788,-60.92503356933594,-61.994781494140625,True,-1.0697479248046875,269.69348484583395,336.2036966072023,146.83250509529202,-970.0249862047386,522.8329333334464,wcl
2021-06-23 16:57:21,26363650,train,-80.195,18.006999950408936,-60.92503356933594,-61.994781494140625,True,-1.0697479248046875,269.69348484583395,336.2036966072023,146.83250509529202,-970.0249862047386,522.8329333334464,wcl
2021-06-23 16:57:24,26363650,train,-79.77375,18.92699993133545,-60.92375946044922,-61.99329376220703,True,-1.0695343017578125,269.64654976282566,336.2036966072023,146.9434029941294,-970.0249862047386,522.8329333334464,wcl
2021-06-22 15:36:56,26363650,train,-83.953125,10.10700005054474,-60.88127136230469,-61.94342041015625,True,-1.0621490478515625,268.0855897861114,336.2036966072023,136.50879601796942,-926.0961730037124,534.8925999997223,wcl
2021-06-23 14:39:33,26363650,train,-76.04,20.498000059127808,-60.66258239746094,-61.67919921875,True,-1.0166168212890625,259.96114600665106,336.2036966072023,179.93370652786905,-993.8526972212208,519.864399999698,wcl
2021-06-23 14:39:44,26363650,train,-80.656875,14.752000079154968,-60.835044860839844,-61.88945007324219,True,-1.0544052124023438,266.40611730065905,336.2036966072023,155.78005005055712,-950.2626666412688,525.244866667018,wcl
2021-06-23 15:46:41,26363650,train,-84.73625,9.721999968290328,-61.02552795410156,-62.11248779296875,True,-1.0869598388671875,273.4136170505927,336.2036966072023,123.17769495711259,-934.7915936116873,529.5121333331934,wcl
2021-06-22 18:08:37,26363650,train,-75.591875,16.582000007629393,-60.56617736816406,-61.56640625,True,-1.0002288818359375,256.5665375185291,336.2036966072023,178.3169624946259,-997.4663785128404,523.9461333330087,wcl
2021-06-23 15:46:24,26363650,train,-80.519375,12.769000053405762,-60.7196044921875,-61.754180908203125,True,-1.034576416015625,262.2418443598595,336.2036966072023,157.04997215243017,-982.8987258059233,524.5027333331853,wcl
2021-06-23 15:46:44,26363650,train,-81.315,11.06399998009205,-61.31562805175781,-62.4520263671875,True,-1.1363983154296875,284.42972350246293,336.2036966072023,97.77956225154185,-906.3338534403628,533.77940000016,wcl
2021-06-23 16:57:07,26363650,train,-81.458125,15.679000062942505,-60.84626007080078,-61.90258026123047,True,-1.0563201904296875,266.81380675008603,336.2036966072023,153.8248405579018,-969.4603485029081,524.3172000003204,wcl
2021-06-23 14:39:43,26363650,train,-80.683125,15.014999990463258,-60.80430603027344,-61.85343933105469,True,-1.04913330078125,265.2913827549368,336.2036966072023,160.10147411553484,-957.8288118454622,524.5027333331853,wcl
2021-06-23 15:46:33,26363650,train,-80.88,15.787999992370606,-60.7196044921875,-61.754180908203125,True,-1.034576416015625,262.2418443598595,336.2036966072023,157.04997215243017,-982.221160563895,524.5027333331853,wcl
2021-06-22 15:36:55,26363650,train,-83.563125,11.934000034332277,-60.76368713378906,-61.805816650390625,True,-1.0421295166015625,263.8241040277167,336.2036966072023,149.09385441285988,-938.0664922822328,533.77940000016,wcl
2021-06-22 18:08:39,26363650,train,-75.658125,19.216000089645387,-60.56617736816406,-61.56640625,True,-1.0002288818359375,256.5665375185291,336.2036966072023,178.3169624946259,-992.4975667368032,524.5027333331853,wcl
2021-06-23 15:46:30,26363650,train,-80.4375,16.710000019073487,-60.7196044921875,-61.754180908203125,True,-1.034576416015625,262.2418443598595,336.2036966072023,157.04997215243017,-982.8987258059233,524.3172000003204,wcl
2021-06-22 18:08:35,26363650,train,-75.973125,18.369999961853026,-60.56617736816406,-61.56640625,True,-1.0002288818359375,256.5665375185291,336.2036966072023,178.3169624946259,-997.5793060531585,523.9461333330087,wcl
2021-06-23 15:46:31,26363650,train,-80.48,16.940000009536742,-60.7196044921875,-61.754180908203125,True,-1.034576416015625,262.2418443598595,336.2036966072023,157.04997215243017,-982.8987258059233,524.3172000003204,wcl
2021-06-23 15:46:25,26363650,train,-80.17125,17.79700005531311,-60.7196044921875,-61.754180908203125,True,-1.034576416015625,262.2418443598595,336.2036966072023,157.04997215243017,-982.8987258059233,524.3172000003204,wcl
2021-06-22 15:36:53,26363650,train,-79.735625,14.08600001335144,-60.56426239013672,-61.57208251953125,True,-1.0078201293945312,256.73635539136814,336.2036966072023,174.35623919678326,-961.4424931373225,531.3674666665884,wcl
2021-06-23 14:39:39,26363650,train,-79.61125,15.018000059127807,-60.75080871582031,-61.79084777832031,True,-1.0400390625,263.3643556597438,336.2036966072023,166.8686785428184,-982.7857982657257,521.1631333337073,wcl
2021-06-23 16:57:41,26363650,train,-85.708125,6.062000014930963,-61.22615051269531,-62.34736633300781,True,-1.1212158203125,280.9883977910016,336.2036966072023,115.32531406267482,-925.983245463274,528.9555333330168,wcl
2021-06-23 16:57:11,26363650,train,-80.22875,17.750999956130983,-60.905921936035156,-61.97239685058594,True,-1.0664749145507812,268.99156913583494,336.2036966072023,146.32711339263813,-970.0249862047386,522.8329333334464,wcl
2021-06-23 15:46:52,26363650,train,-82.570625,4.304999997243285,-62.27912902832031,-63.576927185058594,True,-1.2977981567382812,324.12803485411104,417.49087546528256,127.00048980313937,-840.1583147880283,541.0152000000837,wcl
2021-06-22 18:08:56,26363650,train,-77.188125,15.648000030517576,-61.85028839111328,-63.07688903808594,True,-1.2266006469726562,305.8507405099682,417.49087546528256,155.97869672634636,-841.9651554338383,540.4585999999072,wcl
2021-06-22 18:08:55,26363650,train,-75.4475,17.119000015258788,-61.71642303466797,-62.920562744140625,True,-1.2041397094726562,300.34774715442006,417.49087546528256,165.62155332721503,-852.4674166875027,539.5309333332096,wcl
2021-06-22 15:37:06,26363650,train,-79.50290697674419,0.1174418648141761,-62.54402160644531,-63.88517761230469,True,-1.341156005859375,335.92646039582195,417.49087546528256,107.73792546733989,-805.9412700583204,547.1378000004452,wcl
2021-06-23 15:46:47,26363650,train,-77.46625,14.614000010490418,-61.68504333496094,-62.88391876220703,True,-1.1988754272460938,299.0720051376196,417.49087546528256,169.57670259567348,-879.2312437533354,537.6755999998147,wcl
2021-06-22 15:37:03,26363650,train,-80.710625,2.837000014334917,-61.996498107910156,-63.24748992919922,True,-1.2509918212890625,311.96981330877225,417.49087546528256,145.29258792257224,-840.8358800302973,543.6126666665202,wcl
2021-06-22 17:08:54,26363650,train,-79.876875,9.926999994516372,-62.01152038574219,-63.2650146484375,True,-1.2534942626953125,312.6050865707848,417.49087546528256,146.09508857668138,-825.3648070004753,538.0466666663356,wcl
2021-06-22 17:08:49,26363650,train,-85.361875,7.750999995470047,-61.01909637451172,-62.104888916015625,True,-1.0857925415039062,273.17239229652375,417.49087546528256,224.6440885034377,-853.9354747122381,535.4491999998991,wcl
2021-06-22 17:08:55,26363650,train,-82.113125,6.279000012427568,-62.19032287597656,-63.473472595214844,True,-1.2831497192382812,320.26064541177664,417.49087546528256,133.49409253560586,-822.8804011125168,538.0466666663356,wcl
2021-06-22 18:08:52,26363650,train,-82.873125,8.830999990403653,-61.342376708984375,-62.48332214355469,True,-1.1409454345703125,285.4664095473014,417.49087546528256,194.58289382822562,-881.6027221008554,536.3768666665965,wcl
2021-06-23 14:39:53,26363650,train,-79.27,10.11800003528595,-61.671539306640625,-62.86815643310547,True,-1.1966171264648438,298.524772644637,417.49087546528256,174.2326270263599,-876.746837865377,533.2227999999833,wcl
2021-06-22 17:08:45,26363650,train,-75.891875,14.459000082015992,-60.501182556152344,-61.506126403808594,True,-1.00494384765625,254.77036931425096,417.49087546528256,288.0843752182764,-893.9118240004501,531.1819333337235,wcl
2021-06-22 15:36:59,26363650,train,-83.67375,5.310999999940395,-61.303443908691406,-62.437782287597656,True,-1.13433837890625,283.9587323051437,417.49087546528256,197.5239504126349,-889.2817948456076,538.6032666665121,wcl
2021-06-22 18:09:00,26363650,train,-78.2275,4.598999986350536,-62.38666534423828,-63.702117919921875,True,-1.3154525756835938,328.8697427751932,505.5337145840902,218.47768732875036,-798.1492697731298,545.0969333333944,wcl
2021-06-22 12:13:30,26363650,train,-76.295625,8.619999985694886,-60.67131805419922,-61.69415283203125,True,-1.0228347778320312,260.4144997312931,691.4446814822057,580.2668957455257,-500.02056321655067,564.3924000003852,wcl
2021-06-22 12:13:37,26363650,train,-76.73,14.64100001335144,-60.68939208984375,-61.71873474121094,True,-1.0293426513671875,261.1613431821382,691.4446814822057,573.1966819214244,-500.02056321655067,564.3924000003852,wcl
2021-06-22 12:13:38,26363650,train,-78.630625,12.129000029563905,-60.691078186035156,-61.72071838378906,True,-1.0296401977539062,261.2215842319939,691.4446814822057,571.363563030631,-500.02056321655067,564.3924000003852,wcl
2021-06-22 12:13:16,26363650,train,-84.97375,6.954000028371811,-60.611610412597656,-61.62792205810547,True,-1.0163116455078125,258.41256596906055,691.4446814822057,666.3816089633044,-500.02056321655067,564.3924000003852,wcl
2021-06-22 12:13:18,26363650,train,-84.76375,5.882000011652708,-60.554847717285156,-61.561309814453125,True,-1.0064620971679688,256.41417766107355,691.4446814822057,647.5465850564328,-500.02056321655067,564.3924000003852,wcl
2021-06-22 12:13:17,26363650,train,-83.605625,6.812000007629394,-60.57585906982422,-61.58592987060547,True,-1.01007080078125,257.1512084818917,691.4446814822057,656.5074549790422,-500.02056321655067,564.3924000003852,wcl
2021-06-22 12:13:31,26363650,train,-76.821875,9.3560000371933,-60.68541717529297,-61.705902099609375,True,-1.0204849243164062,260.77112772304304,691.4446814822057,577.87892680383,-500.02056321655067,564.3924000003852,wcl
2021-06-22 12:13:44,26363650,train,-83.03,7.503000028133393,-60.88172149658203,-61.944122314453125,True,-1.0624008178710938,268.1074839601241,786.9952052169374,649.0830223112831,-493.2449107948239,566.8043333331659,wcl
2021-06-23 15:46:57,26363649,train,-78.87373737373737,13.117171695738127,-46.519081115722656,-46.683799743652344,True,-0.1647186279296875,36.780283475619804,132.86950682956666,99.46955485414877,-812.8298500202446,544.169266666697,wcl
2021-06-23 15:46:54,26363649,train,-74.94925742574257,13.09504955770946,-44.546905517578125,-44.85966491699219,True,-0.3127593994140625,24.703193349281502,132.86950682956666,114.3037160536599,-829.3172709131693,542.1284000004371,wcl
2021-06-23 15:46:56,26363649,train,-75.853125,12.521000000238418,-45.891563415527344,-46.09764099121094,True,-0.20607757568359375,32.85476877521105,132.86950682956666,104.13077088551567,-818.7020821191868,543.4271333336553,wcl
2021-06-23 15:46:58,26363649,train,-77.675625,12.38700006723404,-47.13336944580078,-47.26182556152344,True,-0.12845611572265625,40.755405664015676,132.86950682956666,94.92105063480146,-806.2800526793945,544.9113999997385,wcl
2021-06-23 15:46:53,26363649,train,-77.51545698924731,12.382795705910652,-43.92853546142578,-44.29969024658203,True,-0.37115478515625,20.932466001388295,132.86950682956666,120.07357270834223,-834.6248653102808,541.5718000002605,wcl
2021-06-23 14:40:00,26363649,train,-75.41135204081633,12.152040844060936,-44.81421661376953,-45.103599548339844,True,-0.2893829345703125,26.314129275790425,132.86950682956666,114.16182814906585,-821.5252706283399,539.1598666666889,wcl
2021-06-23 15:46:55,26363649,train,-75.1175,11.8739999294281,-45.18702697753906,-45.445587158203125,True,-0.2585601806640625,28.560662734985208,132.86950682956666,109.08040013793874,-824.122604056496,542.8705333334788,wcl
2021-06-22 15:37:11,26363649,train,-78.931875,1.4270000039041042,-52.226707458496094,-52.24281311035156,True,-0.01610565185546875,83.51461254464864,232.81044939190264,149.63234763928665,-755.4626595163236,552.703799999839,wcl
2021-06-22 17:09:09,26363649,train,-82.494375,4.094000019058585,-54.20355987548828,-54.31847381591797,True,-0.1149139404296875,108.37954163957855,232.81044939190264,124.67836779133219,-709.3882230484131,550.4773999999234,wcl
2021-06-23 16:57:55,26363649,train,-72.565625,13.097000088691711,-47.85260009765625,-47.94377136230469,True,-0.0911712646484375,45.62354663139998,232.81044939190264,190.82671491899455,-787.7599360599038,543.0560666663437,wcl
2021-06-23 15:47:10,26363649,train,-88.0925,2.051000005528331,-56.03516387939453,-56.33055877685547,True,-0.2953948974609375,138.3721886376651,232.81044939190264,94.43996960463222,-704.4194112723757,557.8987333335031,wcl
2021-06-22 17:09:01,26363649,train,-72.7025,12.598000054359437,-48.35777282714844,-48.42638397216797,True,-0.06861114501953125,49.21009723377284,232.81044939190264,185.8241146415731,-790.6960521092545,541.2007333337397,wcl
2021-06-22 18:09:05,26363649,train,-80.343125,8.318000012040137,-51.021270751953125,-51.02436065673828,True,-0.00308990478515625,71.20179936805694,232.81044939190264,162.31855252861692,-741.5725720516754,551.2195333337559,wcl
2021-06-23 14:40:09,26363649,train,-75.906875,5.251999969184399,-52.974395751953125,-53.015869140625,True,-0.041473388671875,92.15096614880109,232.81044939190264,141.2090795956527,-737.394253058225,548.0654666663518,wcl
2021-06-23 15:47:06,26363649,train,-81.76625,5.823000013902783,-53.66209411621094,-53.73966979980469,True,-0.07757568359375,100.89175559561022,232.81044939190264,132.12074471081732,-738.7493835425223,554.7446666668898,wcl
2021-06-23 14:40:10,26363649,train,-80.535,3.1620000102370978,-53.781166076660156,-53.86627960205078,True,-0.085113525390625,102.49049453692021,232.81044939190264,130.68104535262003,-727.3437019659528,549.1786666667051,wcl
2021-06-23 15:46:59,26363649,train,-73.73625,12.984999995231629,-47.801734924316406,-47.89532470703125,True,-0.09358978271484375,45.27044227173926,232.81044939190264,189.74940846250436,-798.9397625555964,545.4679999999153,wcl
2021-06-23 15:47:00,26363649,train,-73.49257425742574,13.495049521474556,-48.56871032714844,-48.628334045410156,True,-0.05962371826171875,50.749962308005706,232.81044939190264,183.85972545176506,-791.1477622707672,546.3956666666127,wcl
2021-06-23 15:47:03,26363649,train,-78.97875,9.077000033706426,-51.37017059326172,-51.373748779296875,True,-0.00357818603515625,74.58185405274702,232.81044939190264,158.9368289254834,-766.0778483103059,551.4050666666208,wcl
2021-06-22 17:09:08,26363649,train,-79.956875,6.758999990820885,-53.52024841308594,-53.58935546875,True,-0.0691070556640625,99.02123618367524,232.81044939190264,134.1852140949276,-720.7939046249824,549.1786666667051,wcl
2021-06-23 16:58:00,26363649,train,-79.930625,7.852000033855438,-53.267601013183594,-53.32294464111328,True,-0.0553436279296875,95.77826305092987,232.81044939190264,137.7552427839687,-734.3452094684359,548.4365333336634,wcl
2021-06-22 17:09:05,26363649,train,-79.045625,10.20199997253716,-51.27415466308594,-51.27734375,True,-0.0031890869140625,73.63767231778671,232.81044939190264,160.2396490301546,-753.5428913300752,545.0969333333944,wcl
2021-06-22 17:09:03,26363649,train,-78.685,9.639999989569189,-49.78692626953125,-49.806884765625,True,-0.01995849609375,60.263995158125375,232.81044939190264,174.1712534303612,-773.4181384338633,543.0560666663437,wcl
2021-06-22 15:37:13,26363649,train,-81.486875,-0.3400000110268593,-53.95355224609375,-54.05024719238281,True,-0.0966949462890625,104.85205294352839,232.81044939190264,128.04821173918486,-737.7330356792993,554.373600000369,wcl
2021-06-23 16:58:02,26363649,train,-83.35875,6.436999989151954,-54.87371826171875,-55.045745849609375,True,-0.172027587890625,118.47153473967585,232.81044939190264,114.65030618278003,-714.469962364648,550.4773999999234,wcl
2021-06-23 16:58:01,26363649,train,-82.23875,7.304000000357628,-54.10655975341797,-54.214210510253906,True,-0.1076507568359375,106.99631884351577,232.81044939190264,126.31612882270878,-724.4075859166021,549.5497333332258,wcl
2021-06-22 15:37:16,26363649,train,-84.043125,-3.760999987199903,-55.549163818359375,-55.790618896484375,True,-0.241455078125,129.66683497859825,232.81044939190264,103.1487570999743,-710.6304259923924,556.7855333331497,wcl
2021-06-23 16:58:03,26363649,train,-85.281875,2.166999979838729,-55.56755828857422,-55.81108093261719,True,-0.24352264404296875,129.98752073834615,232.81044939190264,102.99310521254843,-704.8711214338883,551.4050666666208,wcl
2021-06-22 18:09:06,26363649,train,-79.3275,8.344000008776783,-52.14311218261719,-52.157257080078125,True,-0.0141448974609375,82.60014016214312,232.81044939190264,150.66450451808947,-730.3927455557418,552.5182666669741,wcl
2021-06-22 15:37:08,26363649,train,-74.44,6.994999992027879,-48.47417449951172,-48.53766632080078,True,-0.0634918212890625,50.05561461784205,232.81044939190264,184.14677751824706,-784.0333272278458,549.5497333332258,wcl
2021-06-22 15:37:07,26363649,train,-76.82625,5.4109999744594095,-46.89417266845703,-47.036346435546875,True,-0.14217376708984375,39.19011305969925,232.81044939190264,195.80843335263168,-794.7614435622664,548.4365333336634,wcl
2021-06-23 14:40:12,26363649,train,-82.136875,7.306000002920627,-55.13212585449219,-55.329345703125,True,-0.1972198486328125,122.6271195998904,232.81044939190264,110.32498771017951,-706.6779620796983,551.2195333337559,wcl
2021-06-22 15:37:12,26363649,train,-79.21625,0.6049999970197678,-53.16117858886719,-53.211219787597656,True,-0.05004119873046875,94.4450852917876,232.81044939190264,138.55408731932576,-746.6543113679103,553.6314666665364,wcl
2021-06-23 14:40:06,26363649,train,-79.581875,9.239000018835068,-50.24530029296875,-50.25592041015625,True,-0.0106201171875,64.1546666256605,232.81044939190264,170.09376626020037,-766.3037033909419,545.0969333333944,wcl
2021-06-23 14:40:07,26363649,train,-79.243125,5.890000016465783,-51.194061279296875,-51.19706726074219,True,-0.0030059814453125,72.85830421867945,232.81044939190264,161.0295524402275,-756.9307175409386,546.0246000000918,wcl
2021-06-22 18:09:08,26363649,train,-80.895,5.489000039100647,-53.932350158691406,-54.027587890625,True,-0.09523773193359375,104.5585989175568,232.81044939190264,128.38852450981798,-708.597730265826,554.7446666668898,wcl
2021-06-23 14:40:03,26363649,train,-76.36875,12.639000034332277,-47.54353332519531,-47.650054931640625,True,-0.1065216064453125,43.50028781022674,232.81044939190264,192.43699684478165,-794.083878320118,542.313933333302,wcl
2021-06-22 18:09:04,26363649,train,-79.49,8.348999995589256,-49.739784240722656,-49.760887145996094,True,-0.0211029052734375,59.874321309222545,232.81044939190264,174.10122286836196,-752.7523985474884,550.1063333334025,wcl
2021-06-22 18:09:03,26363649,train,-74.074375,13.282999985218048,-48.301002502441406,-48.37205505371094,True,-0.07105255126953125,48.799877583494855,232.81044939190264,185.76419460996854,-764.1580801240577,548.8076000001843,wcl
2021-06-22 17:09:06,26363649,train,-79.7075,8.912000016570092,-52.04680633544922,-52.058876037597656,True,-0.0120697021484375,81.55846671940088,232.81044939190264,152.08683425468476,-743.0406300762904,546.5812000002686,wcl
2021-06-23 14:40:14,26363649,train,-88.66688144329896,-0.2061855710044349,-56.25823974609375,-56.58141326904297,True,-0.32317352294921875,142.5961722615412,332.78687601374406,190.2213508992754,-686.2380772740797,553.4459333336715,wcl
2021-06-22 18:09:10,26363649,train,-83.035625,2.5909999968111515,-55.32085418701172,-55.537559509277344,True,-0.216705322265625,125.76077090936423,332.78687601374406,207.0512632614148,-687.9319903794512,556.9710666660146,wcl
2021-06-23 14:40:13,26363649,train,-83.45625,3.89799999691546,-55.70930480957031,-55.968894958496094,True,-0.25959014892578125,132.48417424108877,332.78687601374406,200.38094841305548,-696.4015559066698,552.3327333333182,wcl
2021-06-22 18:09:09,26363649,train,-82.631875,1.5490000022947787,-54.670654296875,-54.82411193847656,True,-0.1534576416015625,115.31168640029513,332.78687601374406,217.5469164197447,-698.2083965526,555.8578666664522,wcl
2021-06-22 12:14:07,26363649,train,-81.0275,-0.8420000005513429,-54.73771667480469,-54.89720153808594,True,-0.15948486328125,116.34528766688685,532.7662750670709,416.8929752699617,-451.8005034817561,575.7099333336197,wcl
2021-06-22 12:14:02,26363649,train,-79.20875,4.3879999984800815,-50.12665557861328,-50.1392822265625,True,-0.01262664794921875,63.128721490514906,532.7662750670709,471.86319592176255,-452.81685134509934,575.5243999999639,wcl
2021-06-22 12:14:08,26363649,train,-82.58625,2.6940000039339065,-55.363494873046875,-55.58472442626953,True,-0.22122955322265625,126.48071763456748,532.7662750670709,406.6047903741708,-451.8005034817561,575.7099333336197,wcl
2021-06-22 12:14:05,26363649,train,-77.689375,2.4450000029802323,-53.22040557861328,-53.27336120605469,True,-0.05295562744140625,95.18467755485409,532.7662750670709,438.49248654695265,-452.02635856239203,575.7099333336197,wcl
2021-06-22 12:14:04,26363649,train,-77.716875,3.0199999998509885,-52.318023681640625,-52.33648681640625,True,-0.018463134765625,84.52495555838553,532.7662750670709,449.46369502833306,-452.02635856239203,575.7099333336197,wcl
2021-06-22 12:14:06,26363649,train,-79.7775,1.351000006571412,-54.028411865234375,-54.130401611328125,True,-0.10198974609375,105.89553015031363,532.7662750670709,427.52080254378484,-452.02635856239203,575.7099333336197,wcl
2021-06-22 15:37:25,29127682,train,-80.23125,16.779000034332274,-51.11438751220703,-51.11712646484375,True,-0.00273895263671875,72.0880658144797,122.76742730066341,139.0063995796217,-648.1814961719955,563.6502666665526,refined
2021-06-22 15:37:21,29127682,train,-82.410625,14.627000055313111,-52.962860107421875,-53.00408172607422,True,-0.04122161865234375,92.01405583892416,122.76742730066341,166.21318909832868,-671.4445694866469,560.8672666664603,refined
2021-06-22 17:09:13,29127682,train,-83.57003012048193,11.760240922491237,-54.177711486816406,-54.290428161621094,True,-0.1127166748046875,108.00584604057019,122.76742730066341,183.3487988286329,-665.3464823070686,555.1157333334106,refined
2021-06-23 14:40:57,29127682,train,-81.224375,14.96,-49.930450439453125,-49.946685791015625,True,-0.0162353515625,61.45835880256584,122.76742730066341,79.4079649228644,-607.753436722271,561.423866666637,refined
2021-06-23 16:58:08,29127682,train,-83.079375,13.00600001335144,-52.485443115234375,-52.50813293457031,True,-0.0226898193359375,86.40162677810493,122.76742730066341,154.13260653936618,-663.5396416612589,556.228933333764,refined
2021-06-23 15:47:24,29127682,train,-80.650625,14.342000045776366,-49.93885803222656,-49.9556884765625,True,-0.0168304443359375,61.53578474043239,122.76742730066341,115.36745650029661,-632.0328579001452,563.8358000002086,refined
2021-06-23 16:58:09,29127682,train,-82.605,13.200000019073489,-51.981353759765625,-51.99159240722656,True,-0.0102386474609375,80.8519184767091,122.76742730066341,146.14595653632307,-656.8769167799705,556.7855333331497,refined
2021-06-23 15:47:18,29127682,train,-82.35227272727273,11.740404027881045,-51.26518249511719,-51.26811218261719,True,-0.0029296875,73.54766512399182,122.76742730066341,139.59045609077813,-655.6347138357505,561.6094000002929,refined
2021-06-23 14:40:51,29127682,train,-81.04875,13.27100001335144,-49.930450439453125,-49.946685791015625,True,-0.0162353515625,61.45835880256584,122.76742730066341,79.4079649228644,-607.753436722271,561.423866666637,refined
2021-06-23 14:40:47,29127682,train,-81.238125,13.20100001335144,-49.930450439453125,-49.946685791015625,True,-0.0162353515625,61.45835880256584,122.76742730066341,79.4079649228644,-607.753436722271,561.423866666637,refined
2021-06-23 16:58:12,29127682,train,-82.024375,15.683999977111815,-50.776580810546875,-50.78108215332031,True,-0.0045013427734375,68.91492093089367,122.76742730066341,125.26285567256156,-639.5990031044589,558.2698000000238,refined
2021-06-23 14:40:29,29127682,train,-82.021875,12.456999988555909,-49.911155700683594,-49.927818298339844,True,-0.01666259765625,61.296244033132396,122.76742730066341,82.3729539935528,-607.753436722271,561.423866666637,refined
2021-06-23 16:58:30,29127682,train,-80.5925,15.880000076293946,-52.880821228027344,-52.91766357421875,True,-0.03684234619140625,91.0152184844199,212.26518918709775,127.59767791176117,-528.9300135491472,571.813733333174,refined
2021-06-23 14:41:16,29127682,train,-81.396875,16.31199996948242,-54.79681396484375,-54.96058654785156,True,-0.1637725830078125,117.24830234165907,212.26518918709775,95.87354202778968,-505.2152300732239,573.1124666663923,refined
2021-06-23 14:41:33,29127682,train,-89.903125,8.282000031471252,-58.41215515136719,-59.05513000488281,True,-0.642974853515625,191.21772955829445,308.2874954895919,117.22023350067596,-415.0990528639692,582.203599999711,refined
2021-06-22 15:38:31,29127682,train,-88.436875,9.072000012397766,-57.59104919433594,-58.104469299316406,True,-0.5134201049804688,170.9272795090908,308.2874954895919,137.36146458073011,-417.58345875192765,588.5117333337282,refined
2021-06-22 18:10:09,29127682,train,-76.76,19.528999977111816,-51.147308349609375,-51.14982604980469,True,-0.0025177001953125,72.40244464138495,308.2874954895919,250.5722375067928,-427.74693738463816,583.687866666585,refined
2021-06-22 12:14:26,29127682,train,-79.345625,11.57199996948242,-50.555419921875,-50.5611572265625,True,-0.0057373046875,66.89290207579924,308.2874954895919,275.7432929355147,-418.5998066152709,579.9771999997952,refined
2021-06-22 17:09:34,29127682,train,-83.35,14.326000003814697,-56.51020812988281,-56.868865966796875,True,-0.3586578369140625,147.58279984456618,308.2874954895919,161.59483677844406,-451.68757594143807,579.2350666659627,refined
2021-06-23 15:48:32,29127682,train,-86.293125,12.114000015258789,-59.03870391845703,-59.7802734375,True,-0.7415695190429688,208.22173636392336,308.2874954895919,101.24311682735178,-410.80780633020083,584.9865999998033,refined
2021-06-23 15:47:53,29127682,train,-88.77,10.510999937057496,-58.785362243652344,-59.48493957519531,True,-0.6995773315429688,201.1280349051104,308.2874954895919,107.90527330372932,-431.36061867613745,582.7601999998876,refined
2021-06-23 14:41:19,29127682,train,-85.400625,14.32500005722046,-56.04777526855469,-56.34721374511719,True,-0.2994384765625,138.649170216537,308.2874954895919,170.93691394506897,-485.6787655905102,574.4112000004014,refined
2021-06-22 12:14:27,29127682,train,-79.44,11.191000061035156,-50.57916259765625,-50.58464813232422,True,-0.00548553466796875,67.10681075375479,308.2874954895919,275.62442198025053,-412.8405020567671,581.2759333330134,refined
2021-06-22 15:37:57,29127682,train,-77.711875,18.84300003051758,-49.29119110107422,-49.324501037597656,True,-0.0333099365234375,56.254439312965076,308.2874954895919,274.41693455245917,-434.52258980636486,587.7695999998957,refined
2021-06-22 12:14:13,29127682,train,-80.77,9.221999950408936,-53.16975402832031,-53.22051239013672,True,-0.05075836181640625,94.55528907926674,308.2874954895919,364.59035266494453,-451.8005034817561,575.7099333336197,refined
2021-06-23 14:41:25,29127682,train,-89.2575,10.34400002002716,-57.176551818847656,-57.62818145751953,True,-0.451629638671875,161.54609894604485,308.2874954895919,146.97669929087877,-463.7708227601561,577.008666666047,refined
2021-06-23 15:48:15,29127682,train,-90.184375,9.61899998664856,-58.77484130859375,-59.472686767578125,True,-0.697845458984375,200.83881321547094,308.2874954895919,108.23909225754635,-431.36061867613745,582.9457333335436,refined
2021-06-22 15:38:28,29127682,train,-83.254375,15.04100004196167,-56.07783508300781,-56.38098907470703,True,-0.30315399169921875,139.21192099176932,308.2874954895919,169.89911917859365,-431.4735462165758,587.9551333335517,refined
2021-06-23 15:48:01,29127682,train,-90.160625,9.256999988555908,-58.77484130859375,-59.472686767578125,True,-0.697845458984375,200.83881321547094,308.2874954895919,108.23909225754635,-431.36061867613745,582.7601999998876,refined
2021-06-23 16:58:39,29127682,train,-90.33125,7.754000020027161,-57.49861145019531,-57.99803161621094,True,-0.499420166015625,168.78721757985917,308.2874954895919,139.63122430454197,-433.3933144025833,581.4614666666694,refined
2021-06-23 14:41:41,29127682,train,-87.359375,9.89799994468689,-59.23249816894531,-60.00648498535156,True,-0.77398681640625,213.81734327822144,406.2337371635397,192.4167803758233,-351.2949925593956,586.8419333331983,refined
2021-06-22 12:14:34,29127682,train,-79.74,7.478999981880188,-50.64216613769531,-50.647003173828125,True,-0.0048370361328125,67.67712577279977,406.2337371635397,375.9087830563856,-365.8626452659517,586.6564000003334,refined
2021-06-23 14:41:57,29127682,train,-87.3125,9.955999975204469,-59.22981262207031,-60.00334167480469,True,-0.773529052734375,213.7385758223455,406.2337371635397,192.49519085200106,-313.0125563765552,583.5023333337201,refined
2021-06-23 16:58:51,29127682,train,-90.71,5.496000016257167,-61.564117431640625,-62.732666015625,True,-1.168548583984375,293.86191619310983,406.2337371635397,115.2033048847165,-304.6559183896545,595.5619999999963,refined
2021-06-22 18:10:25,29127682,train,-90.1875,7.476000019162893,-60.14106750488281,-61.068946838378906,True,-0.9278793334960938,242.10377847936243,406.2337371635397,164.56696587494537,-354.4569636893823,591.6658000003415,refined
2021-06-23 14:42:20,29127682,train,-90.50125,6.8960000205039975,-59.761474609375,-60.62480163574219,True,-0.8633270263671875,229.8635816573071,406.2337371635397,176.46948985908793,-311.4315708113813,584.6155333332825,refined
2021-06-22 12:14:33,29127682,train,-79.7075,10.295999984741211,-50.64216613769531,-50.647003173828125,True,-0.0048370361328125,67.67712577279977,406.2337371635397,375.9087830563856,-372.97708030899344,585.9142666665008,refined
2021-06-22 12:15:00,29127682,train,-79.69,10.910000038146972,-50.64216613769531,-50.647003173828125,True,-0.0048370361328125,67.67712577279977,504.9856617216637,475.8905145251191,-224.9290748937462,596.8607333332145,refined
2021-06-22 12:15:40,29127682,train,-91.795,-0.935000000745058,-61.476318359375,-62.630218505859375,True,-1.153900146484375,290.38337302864824,504.9856617216637,214.74042365038085,-223.2351617883747,597.0462666668703,refined
2021-06-22 12:15:39,29127682,train,-90.954375,-0.0849999946355819,-61.29508972167969,-62.41864013671875,True,-1.1235504150390625,283.3276127855656,504.9856617216637,221.719206387041,-225.60664013589482,596.3041333330377,refined
2021-06-22 12:15:26,29127682,train,-88.055,3.748999996781349,-58.35041809082031,-58.983428955078125,True,-0.6330108642578125,189.61082667621264,504.9856617216637,317.18173429868165,-226.05835029740746,596.3041333330377,refined
2021-06-23 14:42:27,29127682,train,-97.785625,0.43200000628829,-61.985313415527344,-63.223533630371094,True,-1.23822021484375,311.1035023971752,504.9856617216637,194.909536687825,-264.9054241821989,596.6752000003496,refined
2021-06-22 12:14:55,29127682,train,-79.753125,12.874999971389771,-50.64216613769531,-50.647003173828125,True,-0.0048370361328125,67.67712577279977,504.9856617216637,475.8905145251191,-240.73893054452225,593.8922000002572,refined
2021-06-22 12:14:46,29127682,train,-79.905,9.78100004196167,-50.64216613769531,-50.647003173828125,True,-0.0048370361328125,67.67712577279977,504.9856617216637,475.8905145251191,-274.7301201937147,595.933066666517,refined
2021-06-23 15:49:04,29127682,train,-96.295,-0.6239999964833259,-62.9654541015625,-64.36102294921875,True,-1.39556884765625,354.9757393912204,504.9856617216637,153.79140897202345,-277.4403811623091,598.5305333337444,refined
2021-06-22 17:09:49,29127682,train,-92.073125,4.213999990224838,-61.61853790283203,-62.796142578125,True,-1.1776046752929688,296.03743124289355,504.9856617216637,209.6961361417598,-282.522120478544,599.0871333323391,refined
2021-06-22 18:10:31,29127682,train,-92.16375,4.419000011682511,-61.64282989501953,-62.824485778808594,True,-1.1816558837890625,297.01392390203205,504.9856617216637,208.77815965977985,-284.21603358415626,599.0871333323391,refined
2021-06-22 15:38:54,29127682,train,-99.08625,-5.105000003576278,-62.86341857910156,-64.24297332763672,True,-1.3795547485351562,350.15257397192437,500.74508905058593,158.8572564046092,-235.88304630880293,603.5399333337525,refined
2021-06-22 15:38:48,29127682,train,-94.616875,2.163999999091029,-61.801536560058594,-63.009490966796875,True,-1.2079544067382812,303.4663365061751,500.74508905058593,204.9804786864678,-264.2278589399299,601.4990666667018,refined
2021-06-22 18:10:39,29127682,train,-95.284375,-0.3649999981373548,-63.32041931152344,-64.77100372314453,True,-1.4505844116210938,372.24076578463144,500.74508905058593,137.22838415074077,-208.44165400082161,606.6940000003658,refined
2021-06-22 17:09:57,29127680,train,-96.49078947368422,-0.8484210559412053,-64.91413116455078,-66.59658813476562,True,-1.6824569702148438,459.7681762222381,449.3782373173116,145.81736593563775,-256.097076033906,596.6752000003496,refined
2021-06-22 17:10:17,29127680,train,-94.665625,-0.5919999997317791,-64.86970520019531,-66.54605865478516,True,-1.6763534545898438,457.0918328344146,449.3782373173116,141.54036383157677,-256.097076033906,596.6752000003496,refined
2021-06-22 17:10:15,29127680,train,-95.0625,-0.5810000120103359,-64.86970520019531,-66.54605865478516,True,-1.6763534545898438,457.0918328344146,449.3782373173116,141.54036383157677,-256.097076033906,596.6752000003496,refined
2021-06-22 17:10:03,29127680,train,-94.783125,1.3769999987632036,-64.86970520019531,-66.54605865478516,True,-1.6763534545898438,457.0918328344146,449.3782373173116,141.54036383157677,-256.097076033906,596.6752000003496,refined
2021-06-22 15:39:25,29127680,train,-94.425,-1.1049999949336051,-64.73453521728516,-66.39656829833984,True,-1.6620330810546875,449.261496817365,353.6246944432597,127.7965946829092,-235.09255352633636,603.1688666664409,refined
2021-06-22 15:39:36,29127680,train,-94.205,-1.212999996393919,-64.73721313476562,-66.39962768554688,True,-1.66241455078125,449.42026960297875,353.6246944432597,127.86927651576543,-235.09255352633636,603.1688666664409,refined
2021-06-23 16:59:31,29127680,train,-94.089375,2.6820000014454126,-64.63673400878906,-66.28997802734375,True,-1.6532440185546875,443.75981583827325,353.6246944432597,116.64300619062872,-231.70472731547298,600.0147999998276,refined
2021-06-22 15:39:19,29127680,train,-94.44,-0.781000002399087,-64.73453521728516,-66.39656829833984,True,-1.6620330810546875,449.261496817365,353.6246944432597,127.7965946829092,-235.09255352633636,603.1688666664409,refined
2021-06-22 15:39:43,29127680,train,-95.64,-4.875999985933304,-64.73721313476562,-66.39962768554688,True,-1.66241455078125,449.42026960297875,353.6246944432597,127.86927651576543,-213.63632085749484,603.5399333337525,refined
2021-06-22 15:39:24,29127680,train,-94.43875,-1.0149999975413084,-64.73453521728516,-66.39656829833984,True,-1.6620330810546875,449.261496817365,353.6246944432597,127.7965946829092,-235.09255352633636,603.1688666664409,refined
2021-06-22 15:39:34,29127680,train,-94.276875,-1.3410000021010635,-64.73453521728516,-66.39656829833984,True,-1.6620330810546875,449.261496817365,353.6246944432597,127.7965946829092,-235.09255352633636,603.1688666664409,refined
2021-06-22 15:39:49,29127680,train,-96.34203296703296,-2.2659340360007443,-64.45748138427734,-66.08476257324219,True,-1.6272811889648438,433.3548614358952,434.7058722932148,196.83297677796222,-172.64362370593963,593.1500666664247,refined
2021-06-23 15:50:25,29127680,train,-93.428125,-0.6090000034123659,-64.02622985839844,-65.5879898071289,True,-1.5617599487304688,409.15791781946007,434.7058722932148,147.3119106065684,-156.49498543420967,578.1218666664004,refined
2021-06-22 12:15:55,29127680,train,-96.466875,-1.866999997496605,-64.55610656738281,-66.1952133178711,True,-1.6391067504882812,438.9244609227369,434.7058722932148,200.95795741892704,-148.13834744730903,563.4647333336877,refined
2021-06-22 12:15:57,29127680,train,-94.674375,-0.1290000000596046,-64.4705810546875,-66.10236358642578,True,-1.6317825317382812,434.23779280130134,434.7058722932148,192.4593874961971,-133.68362228095057,556.6000000002848,refined
2021-06-23 16:59:53,29127680,train,-91.913125,2.234000011384487,-64.06336975097656,-65.63060760498047,True,-1.5672378540039062,411.18048741861134,434.7058722932148,143.85144028981432,-159.54402902399875,581.6470000003253,refined
2021-06-23 13:52:18,29127680,train,-90.294375,6.221000013947487,-62.09069061279297,-63.346168518066406,True,-1.2554779052734375,315.5637216584461,334.78174943069934,86.79727572389639,-163.6094204771311,667.9200000000253,refined
2021-06-23 13:51:46,29127680,train,-85.48,12.585999965667725,-47.439674377441406,-47.55146789550781,True,-0.11179351806640625,42.79683891193684,249.43303576179548,208.0005655009599,-77.10692455937568,716.1586666667114,refined
2021-06-22 14:34:46,29127680,train,-91.296875,6.765000014305115,-60.630035400390625,-61.64112854003906,True,-1.0110931396484375,258.81051691376206,249.43303576179548,123.50931481544883,-77.33277964001165,712.8190666664423,refined
2021-06-22 14:34:57,29127680,train,-91.35375,6.6410000240802765,-60.630035400390625,-61.64112854003906,True,-1.0110931396484375,258.81051691376206,249.43303576179548,123.50931481544883,-77.21985209981402,712.8190666664423,refined
2021-06-22 14:34:24,29127680,train,-86.395,8.491000016480685,-57.647560119628906,-58.16664123535156,True,-0.5190811157226562,172.18924258054398,249.43303576179548,141.6444969609299,-71.46054754143053,746.5861333332807,refined
2021-06-22 14:34:40,29127680,train,-91.056875,6.4709999930858615,-60.630035400390625,-61.64112854003906,True,-1.0110931396484375,258.81051691376206,249.43303576179548,123.50931481544883,-77.33277964001165,712.8190666664423,refined
2021-06-22 14:34:59,29127680,train,-91.135,5.434999991506338,-60.630035400390625,-61.64112854003906,True,-1.0110931396484375,258.81051691376206,249.43303576179548,123.50931481544883,-77.33277964001165,712.6335333335774,refined
2021-06-23 13:51:10,29127680,train,-75.5225,21.858999996185304,-48.29710388183594,-48.367698669433594,True,-0.07059478759765625,48.767032715847954,159.14290331340558,114.15543400509301,-74.73544621185557,826.3654666668896,refined
2021-06-23 13:51:11,29127680,train,-74.53875,22.41200008392334,-48.29710388183594,-48.367698669433594,True,-0.07059478759765625,48.767032715847954,159.14290331340558,114.15543400509301,-75.86472161539646,818.5730666659981,refined
2021-06-22 14:34:02,29127680,train,-80.584375,13.636000015735624,-50.792930603027344,-50.796363830566406,True,-0.0034332275390625,69.05704497337635,91.84817919096045,77.7314453628734,-13.302864254561383,955.4966666667468,refined
2021-06-23 13:50:49,29127680,train,-80.119375,17.9660000038147,-49.07093048095703,-49.11133575439453,True,-0.0404052734375,54.53513993114683,91.84817919096045,52.38275114292885,-16.464835384788802,943.9935999998565,refined
2021-06-22 14:36:49,29127680,train,-100.11125,-1.3850000067800283,-66.06941223144531,-67.90312957763672,True,-1.8337173461914062,534.6665509289282,589.2544407222006,57.9647846414612,432.53506509594996,669.9608666670761,refined
2021-06-23 17:01:23,29127680,train,-102.453125,1.537999999150634,-66.28475952148438,-68.14507293701172,True,-1.8603134155273438,549.8114816036089,589.2544407222006,39.61670408139617,441.56926832499926,675.7124000001259,refined
2021-06-22 18:11:50,29127680,train,-96.815,2.8609999948740006,-65.77008056640625,-67.56598663330078,True,-1.7959060668945312,514.2524080376211,589.2544407222006,78.66434497682097,424.1784271090493,677.7532666663856,refined
2021-06-22 14:37:03,29127680,train,-104.09,-7.016999974250793,-66.4378662109375,-68.3167724609375,True,-1.87890625,560.8173303833609,589.2544407222006,29.040822187751424,473.64068978794353,673.8570666667308,refined
2021-06-23 15:51:23,29127680,train,-97.888125,2.840999990254641,-65.82721710205078,-67.63041687011719,True,-1.8031997680664062,518.0926321196602,589.2544407222006,75.24116942046201,442.9243988092964,676.6400666660322,refined
2021-06-22 14:36:50,29127680,train,-101.123125,-1.7549999908357858,-66.1158447265625,-67.95533752441406,True,-1.8394927978515625,537.8993641358693,589.2544407222006,53.96111335096527,434.0031231205652,669.9608666670761,refined
2021-06-23 14:44:11,29127680,train,-100.70875,2.8490000062435867,-66.22892761230469,-68.08238983154297,True,-1.8534622192382812,545.846990232363,589.2544407222006,43.44029483070053,469.68822587524954,677.3821999998648,refined
2021-06-23 14:44:13,29127680,train,-101.31377551020408,1.7897959259547749,-66.42845916748047,-68.30624389648438,True,-1.8777847290039062,560.1362107831804,589.2544407222006,31.015553923602376,486.74028446988444,678.3098666665624,refined
2021-06-23 14:44:12,29127680,train,-101.12125,2.4550000043958424,-66.32752990722656,-68.19306182861328,True,-1.8655319213867188,552.8659660552082,589.2544407222006,36.66202960049569,478.04486386190945,677.9388000000415,refined
2021-06-22 18:12:01,29127680,train,-102.84895833333331,-0.0541666395341356,-66.23966217041016,-68.09445190429688,True,-1.8547897338867188,546.6076707243355,589.2544407222006,43.46784699726195,446.8768627218701,679.7941333334364,refined
2021-06-23 13:54:03,29127680,train,-98.950625,1.963000008687377,-65.9408187866211,-67.75841522216797,True,-1.817596435546875,525.8068970873982,589.2544407222006,66.50510226616518,418.98376025261683,671.6306666660241,refined
2021-06-22 14:36:58,29127680,train,-102.929375,-3.9029999923706056,-66.28177642822266,-68.14171600341797,True,-1.8599395751953125,549.598668870186,589.2544407222006,39.923570779056625,442.13390602682983,671.0740666666385,refined
2021-06-23 15:51:26,29127680,train,-100.23875,4.141999994516373,-66.16221618652344,-68.0074462890625,True,-1.8452301025390625,541.1451536286885,589.2544407222006,48.16225654462476,475.899240595266,679.4230666669157,refined
2021-06-22 18:12:00,29127680,train,-103.09875,-3.204999994188547,-66.22389221191406,-68.07673645019531,True,-1.85284423828125,545.4906767648325,589.2544407222006,44.38373197791165,446.9897902623084,679.7941333334364,refined
2021-06-22 15:41:01,29127680,train,-99.7775,-5.0240000104904174,-66.25967407226562,-68.11691284179688,True,-1.85723876953125,548.0270400242091,589.2544407222006,41.31404753305143,445.2958771569369,678.3098666665624,refined
2021-06-23 17:01:27,29127680,train,-102.590625,2.25900000102818,-66.28345489501953,-68.14360809326172,True,-1.8601531982421875,549.7180949582846,589.2544407222006,39.70357218116718,441.45634078456084,675.7124000001259,refined
2021-06-23 17:01:20,29127680,train,-102.753125,2.029000005051494,-66.28475952148438,-68.14507293701172,True,-1.8603134155273438,549.8114816036089,589.2544407222006,39.61670408139617,441.56926832499926,675.7124000001259,refined
2021-06-23 17:01:04,29127680,train,-102.750625,0.5310000018030405,-66.27967071533203,-68.13935852050781,True,-1.8596878051757812,549.4490408632911,589.2544407222006,39.935215057697995,441.56926832499926,675.7124000001259,refined
2021-06-23 13:54:09,29127680,train,-101.744375,0.9809999964386223,-66.25740051269531,-68.1143569946289,True,-1.8569564819335938,547.8653998228061,589.2544407222006,41.38965999456615,459.750602323175,676.2690000003024,refined
2021-06-23 17:01:00,29127680,train,-100.454375,3.2669999960064886,-66.1795654296875,-68.02694702148438,True,-1.847381591796875,542.3642034359727,589.2544407222006,47.00357602517721,441.7951234057556,675.7124000001259,refined
2021-06-23 13:54:10,29127680,train,-101.6175,-0.0130000062286853,-66.33116149902344,-68.19713592529297,True,-1.8659744262695312,553.1254757159072,589.2544407222006,36.48929794366433,468.6718780119063,677.0111333333441,refined
2021-06-23 15:51:30,29127680,train,-100.0125,4.700000004768372,-66.36317443847656,-68.23304748535156,True,-1.869873046875,555.4234517002418,673.9801118301816,125.34818575403199,511.8101984303456,681.0928666666547,refined
2021-06-23 15:51:36,29127680,train,-101.54,1.9599999976158144,-66.37461853027344,-68.24586486816406,True,-1.871246337890625,556.246252151204,673.9801118301816,124.1502089296538,538.6869530364963,684.4324666669238,refined
2021-06-23 15:49:28,29127681,train,-90.656875,6.005000035762787,-61.172210693359375,-62.27509307861328,True,-1.1028823852539062,278.6362755328779,245.90394716809595,90.61558086035525,-205.39261041103254,604.0965333323472,refined
2021-06-23 15:49:58,29127681,train,-90.78535353535354,5.1040404156000925,-61.179893493652344,-62.284080505371094,True,-1.10418701171875,278.927360544039,245.90394716809595,90.54089422277725,-205.50553795147087,604.0965333323472,refined
2021-06-22 14:35:29,29127681,train,-92.395625,-3.3589999870210887,-60.510032653808594,-61.50074005126953,True,-0.9907073974609375,254.61029651017157,105.87217570299185,154.20513247437685,-177.9512181030512,591.8513333332064,refined
2021-06-22 18:10:52,29127681,train,-88.89923469387755,8.121428576659182,-59.25474548339844,-60.03246307373047,True,-0.7777175903320312,214.4692275370038,105.87217570299185,120.58627374804522,-117.87376663017457,562.3515333333344,refined
2021-06-22 14:35:35,29127681,train,-89.94875,5.097000006586313,-59.42817687988281,-60.23509216308594,True,-0.806915283203125,219.61949267844798,105.87217570299185,127.841408795744,-135.94217308827308,560.8672666664603,refined
2021-06-22 14:35:14,29127681,train,-88.2125,-1.5270000084489583,-60.58814239501953,-61.592132568359375,True,-1.0039901733398438,257.3367265666591,197.54437759228426,74.14604158229463,-147.79956482623473,683.3192666665705,refined
2021-06-23 13:52:43,29127681,train,-81.655625,10.437999968528748,-57.062713623046875,-57.49470520019531,True,-0.4319915771484375,159.00530082817144,98.81268882870476,167.07452100445374,-89.64188153960629,556.7855333331497,refined
2021-06-22 14:35:41,29127681,train,-83.43,11.855999994277957,-57.46002197265625,-57.95012664794922,True,-0.49010467529296875,167.83240626004687,98.81268882870476,180.543355804631,-90.88408448358553,557.3421333333263,refined
2021-06-23 13:52:50,29127681,train,-82.654375,11.1150000333786,-57.035491943359375,-57.46360778808594,True,-0.4281158447265625,158.41871965438534,98.81268882870476,166.18471718405866,-86.93162057089151,557.5276666669822,refined
2021-06-23 13:52:51,29127681,train,-83.77375,9.908000025749208,-56.91798400878906,-57.32948303222656,True,-0.4114990234375,155.91197920571818,98.81268882870476,163.2309228154618,-82.52744649680523,559.0119333322743,refined
2021-06-23 13:52:57,29127681,train,-83.2825,14.672999963760375,-55.82726287841797,-56.097808837890625,True,-0.27054595947265625,134.5563097883798,98.81268882870476,129.3987723541966,-44.5837929350391,577.1941999997028,refined
2021-06-23 14:43:08,29127681,train,-84.04375,12.122999992370604,-55.60432434082031,-55.84931182861328,True,-0.24498748779296875,130.58835124440358,98.81268882870476,115.12723388737273,-32.04883595480849,593.8922000002572,refined
2021-06-22 14:35:52,29127681,train,-85.104375,11.786000003814696,-55.93779754638672,-56.22145080566406,True,-0.28365325927734375,136.57117681431015,98.81268882870476,140.0413493141632,-52.03701059891446,572.7413999998714,refined
2021-06-22 15:40:05,29127681,train,-84.35,9.401999988555907,-56.94115447998047,-57.355918884277344,True,-0.414764404296875,156.40310428200684,98.81268882870476,164.84538900441353,-37.69521297299436,589.0683333323229,refined
2021-06-23 13:52:48,29127681,train,-81.286875,10.783000011444091,-57.065345764160156,-57.497711181640625,True,-0.43236541748046875,159.06216011737652,98.81268882870476,166.87286678403754,-89.64188153960629,556.7855333331497,refined
2021-06-22 12:16:25,29127681,train,-91.3,1.0930000027269124,-60.93693542480469,-62.00011444091797,True,-1.0631790161132812,269.86080977828306,193.852549644817,278.9808558715668,95.67221219501772,636.7504000004144,refined
2021-06-23 13:53:10,29127681,train,-86.114375,11.259000000953677,-56.61266326904297,-56.98326110839844,True,-0.37059783935546875,149.61178605715088,193.852549644817,86.26506464281663,29.948383704075603,628.5869333330021,refined
2021-06-23 15:50:50,29127681,train,-94.759375,3.4470000019669533,-57.465118408203125,-57.955970764160156,True,-0.49085235595703125,167.94859924584728,193.852549644817,53.054073109822184,51.29168883259914,633.781866666666,refined
2021-06-22 18:11:06,29127681,train,-84.593125,14.365000038146972,-55.79901123046875,-56.066253662109375,True,-0.267242431640625,134.04626610728465,193.852549644817,118.52320878374779,-17.93289340964471,616.5272666667261,refined
2021-06-22 18:11:15,29127681,train,-93.984375,5.046000010445714,-57.5498046875,-58.053375244140625,True,-0.503570556640625,169.89699398676166,193.852549644817,48.51231649675708,65.74641399883723,638.7912666666741,refined
2021-06-22 17:11:07,29127681,train,-92.8325,4.574999990463257,-60.922332763671875,-61.9830322265625,True,-1.060699462890625,269.32482310443316,193.852549644817,273.73182231526795,74.89354476820445,633.967400000322,refined
2021-06-23 14:43:11,29127681,train,-83.81,15.254000005722046,-55.847015380859375,-56.11988067626953,True,-0.27286529541015625,134.9138601706659,193.852549644817,113.88765196308614,-15.561415061883876,613.5587333337687,refined
2021-06-22 12:16:23,29127681,train,-91.265,0.6610000090301037,-60.93693542480469,-62.00011444091797,True,-1.0631790161132812,269.86080977828306,193.852549644817,278.9808558715668,76.47453033337834,633.781866666666,refined
2021-06-23 15:50:57,29127681,train,-82.370625,6.594000030755996,-58.610572814941406,-59.284019470214844,True,-0.6734466552734375,196.4355781453596,236.92581304971708,63.016815174583726,136.1002716448627,642.6874666663289,refined
2021-06-23 17:00:30,29127681,train,-81.97875,9.126000003814696,-59.07756805419922,-59.82670593261719,True,-0.7491378784179688,209.35866957056504,236.92581304971708,40.13904901696342,166.92949016370738,646.2126000002538,refined
2021-06-23 13:53:19,29127681,train,-82.501875,7.045000022053719,-58.11164855957031,-58.703041076660156,True,-0.5913925170898438,183.44934696649494,236.92581304971708,88.55774680204503,110.01400982117856,636.3793333323116,refined
2021-06-22 15:40:26,29127681,train,-82.235625,5.265000015571713,-58.76685333251953,-59.467994689941406,True,-0.701141357421875,200.728220382222,236.92581304971708,53.52466737709433,186.4659546464211,649.1811333332112,refined
2021-06-22 12:16:29,29127681,train,-91.26875,0.356000003144145,-60.93693542480469,-62.00011444091797,True,-1.0631790161132812,269.86080977828306,236.92581304971708,377.7607779815356,138.81053261357746,643.2440666665057,refined
2021-06-23 15:51:07,29127681,train,-88.361875,2.104999992400408,-61.036842346191406,-62.116912841796875,True,-1.0800704956054688,273.5545176651128,307.7155679759195,47.208520541438745,255.23882672703195,655.6748000000935,refined
2021-06-23 13:53:34,29127681,train,-87.4025,3.637000004947185,-61.49452209472656,-62.65325927734375,True,-1.1587371826171875,291.16204065757023,307.7155679759195,24.5911724553953,276.8079869363118,656.7880000004468,refined
2021-06-22 18:11:31,29127681,train,-87.368125,-3.928000001013279,-60.85221862792969,-61.901092529296875,True,-1.0488739013671875,266.767526008939,307.7155679759195,58.21574586325038,261.1110588258538,661.7973999996639,refined
2021-06-22 15:40:33,29127681,train,-87.320625,4.410999977216124,-60.26673126220703,-61.21680450439453,True,-0.9500732421875,246.3174343599488,307.7155679759195,82.64138758118978,275.67871153277093,659.0144000003625,refined
2021-06-23 13:53:32,29127681,train,-86.78,1.9009999946504832,-60.98975372314453,-62.061851501464844,True,-1.0720977783203125,271.80735702044916,307.7155679759195,48.525752748506434,254.6741890252013,654.5615999997401,refined
2021-06-22 17:11:19,29127681,train,-92.91125,3.704999987781048,-60.922332763671875,-61.9830322265625,True,-1.060699462890625,269.32482310443316,307.7155679759195,472.1846956555203,213.79441941408444,649.7377333333878,refined
2021-06-22 17:11:30,29127681,train,-92.595,5.392000007629394,-60.922332763671875,-61.9830322265625,True,-1.060699462890625,269.32482310443316,391.4637922723071,571.8155515049637,336.998365949386,663.4672000001939,refined
2021-06-23 17:00:46,29127681,train,-93.39125,4.584999993145466,-62.80516815185547,-64.17786407470703,True,-1.3726959228515625,347.52057809576587,391.4637922723071,60.35326120402872,359.1321638604965,666.9923333333279,refined
2021-06-23 15:51:19,29127681,train,-95.78125,1.3799999967217444,-63.578880310058594,-65.071533203125,True,-1.4926528930664062,385.42086948941375,391.4637922723071,24.083661508338736,393.8009187517173,671.0740666666385,refined
2021-06-23 15:51:14,29127681,train,-92.009375,3.587999992966652,-62.61610412597656,-63.95869445800781,True,-1.34259033203125,338.8022758932072,391.4637922723071,69.94742271852779,333.3846846577663,664.2093333332355,refined
2021-06-22 15:40:39,29127681,train,-88.945625,4.382999984622002,-61.83582305908203,-63.051361083984375,True,-1.2155380249023438,304.9453864769426,391.4637922723071,108.59383544004241,355.4055550284385,668.1055333336813,refined
2021-06-22 15:40:47,29127681,train,-95.21833333333332,1.196000026067098,-63.60282897949219,-65.09910583496094,True,-1.49627685546875,386.6528586116748,481.45501404148786,116.42612912768507,444.7312394551063,677.7532666663856,refined
2021-06-22 15:41:30,29127681,train,-100.355625,-5.2860000038146975,-64.95891571044922,-66.64749145507812,True,-1.6885757446289062,462.4813456818325,481.45501404148786,41.03945791634681,445.18294961661894,678.3098666665624,refined
2021-06-22 12:17:14,29127681,train,-83.380625,7.849000000953675,-58.71092987060547,-59.40087127685547,True,-0.68994140625,199.1518649970528,481.45501404148786,356.7139023559161,497.0166906429129,684.9890666671004,refined
2021-06-22 17:12:00,29127681,train,-83.328125,13.694999952316284,-55.67332458496094,-55.92610168457031,True,-0.252777099609375,131.80286069448908,481.45501404148786,510.4446550627714,406.2229481915095,672.001733333336,refined
2021-06-22 17:11:58,29127681,train,-83.038125,12.51699995994568,-55.70173645019531,-55.957733154296875,True,-0.2559967041015625,132.30630908520826,481.45501404148786,525.617819463113,406.2229481915095,672.001733333336,refined
2021-06-22 12:17:52,29127681,train,-104.78875,-8.770000004768372,-64.86399841308594,-66.53953552246094,True,-1.675537109375,456.7473040927202,528.7852059919293,83.52648083450626,482.5619654765544,703.7279333323327,refined
2021-06-22 12:17:53,29127681,train,-104.78875,-8.992999997138977,-64.86380004882812,-66.53931427001953,True,-1.6755142211914062,456.73554035514,528.7852059919293,83.41860824575586,482.5619654765544,703.7279333323327,refined
2021-06-22 12:17:55,29127681,train,-105.274375,-8.485999994277954,-64.86194610595703,-66.53721618652344,True,-1.6752700805664062,456.6244184822377,528.7852059919293,83.36612095388473,482.4490379361161,703.7279333323327,refined
2021-06-22 12:17:23,29127681,train,-84.185625,5.484000004157424,-60.31071472167969,-61.26831817626953,True,-0.9576034545898438,247.80216590188044,574.7642650958413,378.4576209589373,553.2546057434134,691.8537999997125,refined
2021-06-22 12:17:16,29127681,train,-85.03375,6.4129999945312735,-59.141143798828125,-59.90092468261719,True,-0.7597808837890625,211.18830980334235,574.7642650958413,435.3044582127777,516.4402275851882,687.2154666670161,refined
2021-06-22 12:17:22,29127681,train,-82.52875,6.292000010311604,-60.1651611328125,-61.09790802001953,True,-0.9327468872070312,242.92348541761012,574.7642650958413,385.91050758708894,552.4641129609469,691.4827333331916,refined
2021-06-22 18:11:45,26357760,train,-88.72,8.120999989509583,-56.75675964355469,-57.14585876464844,True,-0.38909912109375,152.54051317658164,136.04583321276795,20.801202017533313,386.34770108772153,674.4136666669076,wcl
2021-06-22 18:11:46,26357760,train,-88.905625,6.824000005125999,-56.492164611816406,-56.84565734863281,True,-0.35349273681640625,147.17420474983288,136.04583321276795,19.777984352894798,394.59141153418386,675.1557999999491,wcl
2021-06-23 13:53:47,26357760,train,-84.81875,7.03000001065433,-56.68199157714844,-57.060890197753906,True,-0.37889862060546875,151.00346885643577,136.04583321276795,17.745347904155604,384.65378798235,667.5489333335045,wcl
2021-06-23 13:53:48,26357760,train,-85.454375,4.23999998793006,-56.48277282714844,-56.83502197265625,True,-0.3522491455078125,146.9872831293056,136.04583321276795,17.06711623005878,390.3001650004155,668.1055333336813,wcl
2021-06-23 13:53:49,26357760,train,-85.489375,0.8250000017136335,-56.28943634033203,-56.616600036621094,True,-0.3271636962890625,143.1980746235047,136.04583321276795,17.70983821114044,395.26897677645286,668.662133332276,wcl
2021-06-23 13:53:50,26357760,train,-92.805625,-0.1430000019073486,-56.11802673339844,-56.42363739013672,True,-0.30561065673828125,139.92588403181705,136.04583321276795,19.456554977565794,399.22144068902645,669.0332000003787,wcl
2021-06-23 14:43:57,26357760,train,-85.79415760869566,6.72282609473104,-56.72196960449219,-57.10631561279297,True,-0.38434600830078125,151.82326241263397,136.04583321276795,17.476665462309082,392.558715807738,669.0332000003787,wcl
2021-06-23 14:43:58,26357760,train,-84.485625,6.4840000180900095,-56.498291015625,-56.85258483886719,True,-0.3542938232421875,147.29603468320954,136.04583321276795,15.968655910578613,396.17239709935774,669.4042666668995,wcl
2021-06-23 14:43:59,26357760,train,-83.480625,3.5140000112354755,-56.299102783203125,-56.62750244140625,True,-0.328399658203125,143.38507825593166,136.04583321276795,17.039795620387885,399.33436822958515,669.5897999997644,wcl
2021-06-23 17:00:50,26357760,train,-89.7890625,6.42250003553927,-56.99737548828125,-57.4200439453125,True,-0.42266845703125,157.60043684152586,136.04583321276795,22.274748080367626,399.22144068902645,671.2596000002943,wcl
2021-06-22 14:36:43,26357760,train,-90.22375,4.986000004857779,-56.37409210205078,-56.71215057373047,True,-0.3380584716796875,144.84451140910804,73.37507649149562,104.06563579509336,410.4012671849598,667.7344666663694,wcl
2021-06-22 14:36:44,26357760,train,-97.428125,-2.0310000028461217,-55.995750427246094,-56.286376953125,True,-0.29062652587890625,137.64011671007802,73.37507649149562,94.5429008071124,416.0476442030254,668.2910666665462,wcl
2021-06-22 14:36:45,26357760,train,-101.23263888888889,-4.431111103461848,-55.642250061035156,-55.89149475097656,True,-0.24924468994140625,131.25433391377265,73.37507649149562,85.83120697921184,420.6776733579883,668.8476666667227,wcl
2021-06-22 15:40:48,26357760,train,-89.87375,7.455000026226044,-56.61302185058594,-56.98261260986328,True,-0.36959075927734375,149.60005606378695,73.37507649149562,105.80310709370461,446.4251525605982,677.9388000000415,wcl
2021-06-22 15:40:49,26357760,train,-99.48904639175258,-2.172164943414865,-56.2149658203125,-56.532684326171875,True,-0.317718505859375,141.76647171527247,73.37507649149562,95.34659124025484,446.6510076412341,678.1243333336975,wcl
2021-06-22 18:11:47,26357760,train,-93.579375,-0.3220000030845403,-56.255638122558594,-56.5784912109375,True,-0.32285308837890625,142.5464212121725,73.37507649149562,95.43037922545612,402.7221944404485,675.7124000001259,wcl
2021-06-23 13:53:51,26357760,train,-98.261875,-4.772000014781952,-55.962074279785156,-56.248634338378906,True,-0.28656005859375,137.01781049540259,73.37507649149562,89.59286733243054,402.6092669000102,669.2187333332436,wcl
2021-06-23 13:53:52,26357760,train,-99.70430107526882,-6.711827970320178,-55.79985046386719,-56.067169189453125,True,-0.2673187255859375,134.06116108705635,73.37507649149562,85.47674418194838,405.20660032816625,669.7753333334202,wcl
2021-06-23 14:44:00,26357760,train,-92.100625,-3.293999993503094,-56.096221923828125,-56.39912414550781,True,-0.3029022216796875,139.51509557347828,73.37507649149562,93.39941740848217,402.1575567383772,669.7753333334202,wcl
2021-06-23 14:44:01,26357760,train,-98.265,-7.892000051736832,-55.8978271484375,-56.17668151855469,True,-0.2788543701171875,135.83839973983208,73.37507649149562,88.30113961769908,405.3195278686046,670.146399999941,wcl
2021-06-23 15:51:20,26357760,train,-95.10375,0.7430000018328429,-56.69513702392578,-57.07581329345703,True,-0.38067626953125,151.2723745488927,73.37507649149562,107.6466004352907,406.1100206513119,672.5583333335126,wcl
2021-06-23 15:51:21,26357760,train,-98.84,-5.0400000265240665,-56.283233642578125,-56.60961151123047,True,-0.32637786865234375,143.07827815076826,73.37507649149562,96.67477423279178,418.41912255054547,673.8570666667308,wcl
2021-06-23 17:00:51,26357760,train,-86.46083333333333,5.321333347558976,-56.62097930908203,-56.99163818359375,True,-0.37065887451171875,149.76115090861651,73.37507649149562,106.10626872300406,407.1263685144144,672.1872666669918,wcl
2021-06-23 17:00:52,26357760,train,-97.17916666666666,-2.9693333263198536,-56.25267028808594,-56.575157165527344,True,-0.32248687744140625,142.48943536535708,73.37507649149562,96.4928554642704,413.67616585550525,672.7438666663775,wcl
2021-06-23 17:00:53,26357760,train,-101.00686813186812,-4.536263743927191,-55.89872741699219,-56.17768859863281,True,-0.278961181640625,135.85487370130954,73.37507649149562,87.2239242998795,419.4354704138887,672.9294000000334,wcl
2021-06-23 17:00:54,26357760,train,-100.5375,-5.662000007033348,-55.56397247314453,-55.804443359375,True,-0.24047088623046875,129.88339588172698,73.37507649149562,78.57453363526044,424.7430648111207,673.6715333322841,wcl
2021-06-23 17:00:55,26357760,train,-103.319375,-6.690000001192093,-55.254066467285156,-55.461334228515625,True,-0.20726776123046875,124.60531631215552,73.37507649149562,70.49415738708103,429.48602150616085,674.2281333332517,wcl
2021-06-22 12:17:41,26357760,train,-101.224375,-7.0299999833107,-55.92627716064453,-56.208526611328125,True,-0.28224945068359375,136.35920425308615,172.4019195082282,115.49387264860911,496.9037631025949,704.6555999998211,wcl
2021-06-22 12:17:42,26357760,train,-101.375625,-5.883000004291534,-55.667877197265625,-55.920013427734375,True,-0.25213623046875,131.7061871800022,172.4019195082282,109.2962700143615,491.59616870536297,704.2845333333003,wcl
2021-06-22 12:17:43,26357760,train,-102.63125,-7.406000008583069,-55.43574523925781,-55.66218566894531,True,-0.2264404296875,127.6709456588232,172.4019195082282,104.17470400833662,487.6437047927893,704.0990000004354,wcl
2021-06-22 17:12:34,26357760,train,-98.63980263157896,-2.3776315778101744,-56.239768981933594,-56.56062316894531,True,-0.32085418701171875,142.24158732323255,110.72188115142099,194.45444736484473,558.4492726000867,685.731200000142,wcl
2021-06-22 12:17:38,26357760,train,-94.18680555555557,-0.9988888843191994,-56.894981384277344,-57.30323791503906,True,-0.40825653076171875,155.42590745175173,191.30565847799213,227.31226170664573,518.5858508520723,705.5832666665185,wcl
2021-06-22 12:17:39,26357760,train,-87.7,4.964000007212162,-56.55144500732422,-56.91279602050781,True,-0.36135101318359375,148.35876689072578,191.30565847799213,217.80520317602242,510.79385056724306,705.2121999999977,wcl
2021-06-22 12:17:40,26357760,train,-95.019375,-0.8389999982714653,-56.22969055175781,-56.54925537109375,True,-0.3195648193359375,142.04815726577553,191.30565847799213,208.8465418887709,503.3406329032474,705.0266666663418,wcl
2021-06-22 14:33:12,26367488,train,-69.77375,3.36000000923872,-58.176055908203125,-58.777076721191406,True,-0.6010208129882812,185.0572811759332,262.2522035963962,102.03979923509745,91.7197482824441,1098.9139333335868,wcl
2021-06-22 14:33:48,26367488,train,-85.759375,-4.913000004291535,-58.781402587890625,-59.48059844970703,True,-0.6991958618164062,201.02570858245542,262.2522035963962,64.83739120570196,55.69586290668543,1090.3794000004448,wcl
2021-06-22 14:33:13,26367488,train,-69.655,2.8179999983310697,-58.148162841796875,-58.74474334716797,True,-0.5965805053710938,184.35346414770646,262.2522035963962,98.43293269807437,89.91290763651388,1099.8416000002842,wcl
2021-06-22 14:33:25,26367488,train,-81.511875,-1.7890000042319298,-58.394073486328125,-59.030311584472656,True,-0.6362380981445312,190.66014860151344,214.96496991652594,80.12879438727175,85.84751618350191,1100.7692666669818,wcl
2021-06-22 14:33:46,26367488,train,-82.324375,-0.8780000068992376,-58.615333557128906,-59.287574768066406,True,-0.6722412109375,196.51770188361857,214.96496991652594,68.37512400282866,62.58444286897089,1100.5837333333259,wcl
2021-06-22 14:33:29,26367488,train,-80.55625,-2.5409999883174894,-58.40547180175781,-59.04357147216797,True,-0.6380996704101562,190.95783993232212,214.96496991652594,79.38685563593184,85.84751618350191,1100.7692666669818,wcl
2021-06-22 14:33:16,26367488,train,-77.28125,4.886000000089407,-58.1483154296875,-58.74549865722656,True,-0.5971832275390625,184.36988421507925,214.96496991652594,111.70917212925777,87.9931394505064,1100.7692666669818,wcl
2021-06-22 14:33:39,26367488,train,-80.580625,-1.7659999915212392,-58.40547180175781,-59.04357147216797,True,-0.6380996704101562,190.95783993232212,214.96496991652594,79.38685563593184,85.84751618350191,1100.7692666669818,wcl
2021-06-22 14:33:40,26367488,train,-81.293125,-1.4429999947547911,-58.40547180175781,-59.04357147216797,True,-0.6380996704101562,190.95783993232212,214.96496991652594,79.38685563593184,84.94409586071733,1101.1403333335024,wcl
2021-06-22 14:33:30,26367488,train,-80.583125,-1.57099999435246,-58.40547180175781,-59.04357147216797,True,-0.6380996704101562,190.95783993232212,214.96496991652594,79.38685563593184,85.84751618350191,1100.7692666669818,wcl
2021-06-22 14:33:28,26367488,train,-80.863125,-1.3680000022053718,-58.40547180175781,-59.04357147216797,True,-0.6380996704101562,190.95783993232212,214.96496991652594,79.38685563593184,85.84751618350191,1100.7692666669818,wcl
2021-06-22 14:33:20,26367488,train,-82.324375,-0.8839999902993441,-58.306190490722656,-58.92828369140625,True,-0.6220932006835938,188.38330977665908,214.96496991652594,89.01006431910656,86.6380089659685,1101.3258666663673,wcl
2021-06-22 14:33:34,26367488,train,-80.570625,-3.623000000715256,-58.40547180175781,-59.04357147216797,True,-0.6380996704101562,190.95783993232212,214.96496991652594,79.38685563593184,85.84751618350191,1100.7692666669818,wcl
2021-06-22 14:33:23,26367488,train,-83.426875,-0.4479999933391809,-58.36590576171875,-58.99761199951172,True,-0.6317062377929688,189.92762626232525,214.96496991652594,81.98611263705557,85.84751618350191,1101.1403333335024,wcl
2021-06-22 14:33:19,26367488,train,-79.325625,0.7420000064373017,-58.269508361816406,-58.885711669921875,True,-0.6162033081054688,187.44115763133905,214.96496991652594,93.91884622247308,87.5414292888734,1100.7692666669818,wcl
2021-06-22 12:21:06,26367488,train,-81.82,2.23799998678267,-59.51310729980469,-60.334320068359375,True,-0.8212127685546875,222.18507229449258,194.06364013267506,83.49058987616512,186.69180972705703,1018.5779999998012,wcl
2021-06-22 12:21:42,26367488,train,-75.491875,8.028000016212463,-58.34410095214844,-58.97270202636719,True,-0.62860107421875,189.37138863066016,194.06364013267506,32.40944885976758,154.73331580467143,1029.5244666665149,wcl
2021-06-22 12:21:52,26367488,train,-76.41125,4.0739999878406525,-58.330604553222656,-58.95702362060547,True,-0.6264190673828125,189.02224557583338,194.06364013267506,32.7728718430708,154.73331580467143,1029.7100000001708,wcl
2021-06-22 12:21:21,26367488,train,-76.37125,6.123000020980835,-58.711021423339844,-59.39942169189453,True,-0.6884002685546875,199.11774961431206,194.06364013267506,46.530189905868,166.47778000219475,1031.7508666664307,wcl
2021-06-22 12:22:03,26367488,train,-76.55375,7.948000025749207,-58.33751678466797,-58.965065002441406,True,-0.6275482177734375,189.2010815737972,194.06364013267506,32.34687182890607,154.39453318359713,1029.7100000001708,wcl
2021-06-22 12:21:20,26367488,train,-77.286875,1.8439999983459712,-58.74635314941406,-59.440574645996094,True,-0.6942214965820312,200.08270374785852,194.06364013267506,47.89818621667315,166.92949016370738,1031.9364000000865,wcl
2021-06-22 12:22:17,26367488,train,-76.12375,4.353000011444092,-58.37836456298828,-59.012489318847656,True,-0.634124755859375,190.26045764438436,194.06364013267506,33.119468230685754,143.77934438937402,1027.4836000002551,wcl
2021-06-22 12:22:06,26367488,train,-76.45,5.256999995708465,-58.34410095214844,-58.97270202636719,True,-0.62860107421875,189.37138863066016,194.06364013267506,32.40944885976758,154.39453318359713,1029.5244666665149,wcl
2021-06-22 12:21:51,26367488,train,-76.68125,5.4620000052452085,-58.337188720703125,-58.964683532714844,True,-0.6274948120117188,189.19271361693748,194.06364013267506,32.8346370030271,154.6203882642331,1029.7100000001708,wcl
2021-06-22 12:21:41,26367488,train,-76.048125,7.93100001335144,-58.34410095214844,-58.97270202636719,True,-0.62860107421875,189.37138863066016,194.06364013267506,32.40944885976758,154.84624334486907,1029.5244666665149,wcl
2021-06-22 12:21:28,26367488,train,-76.8225,3.9149999874830246,-58.58611297607422,-59.254005432128906,True,-0.6678924560546875,195.7437638268704,194.06364013267506,40.662495326917906,157.7823593944605,1027.854666665985,wcl
2021-06-22 12:21:05,26367488,train,-81.01125,2.1890000016987323,-59.60591125488281,-60.44281005859375,True,-0.8368988037109375,225.02339424056044,194.06364013267506,87.48237962637121,190.19256347835875,1014.4962666664907,wcl
2021-06-22 12:21:38,26367488,train,-76.55375,8.437000007629395,-58.358978271484375,-58.98997497558594,True,-0.6309967041015625,189.7568187008359,194.06364013267506,32.431650248600135,155.18502596594337,1029.5244666665149,wcl
2021-06-22 12:22:05,26367488,train,-75.68625,7.367000012397766,-58.34410095214844,-58.97270202636719,True,-0.62860107421875,189.37138863066016,194.06364013267506,32.40944885976758,154.39453318359713,1029.7100000001708,wcl
2021-06-22 12:21:17,26367488,train,-76.08875,5.137999987900257,-58.807106018066406,-59.51134490966797,True,-0.7042388916015625,201.75283025055958,194.06364013267506,50.263700956182184,171.2207366974757,1032.864066665993,wcl
2021-06-22 12:21:40,26367488,train,-75.784375,7.831000046730042,-58.34410095214844,-58.97270202636719,True,-0.62860107421875,189.37138863066016,194.06364013267506,32.40944885976758,155.07209842574574,1029.5244666665149,wcl
2021-06-22 12:21:25,26367488,train,-75.989375,3.0119999983906744,-58.61389923095703,-59.286346435546875,True,-0.6724472045898438,196.4895490968946,194.06364013267506,41.41726147035157,162.52531608950076,1029.5244666665149,wcl
2021-06-22 12:21:26,26367488,train,-76.3775,4.112999990805983,-58.60894775390625,-59.28057861328125,True,-0.671630859375,196.35629744458072,194.06364013267506,41.22642665791757,160.8314029842496,1028.7823333334734,wcl
2021-06-22 12:22:00,26367488,train,-76.561875,5.815999989509582,-58.332672119140625,-58.95942687988281,True,-0.6267547607421875,189.07569463161204,194.06364013267506,32.17864531457312,154.39453318359713,1029.7100000001708,wcl
2021-06-22 12:22:01,26367488,train,-77.04,5.939000005722046,-58.33924865722656,-58.967071533203125,True,-0.6278228759765625,189.2459326337044,194.06364013267506,32.24048118939157,154.39453318359713,1029.7100000001708,wcl
2021-06-22 14:33:04,26367488,train,-76.6825,7.348000011593103,-58.39751434326172,-59.035484313964844,True,-0.637969970703125,190.7761168189162,194.06364013267506,15.844880470440257,135.42270640271408,1072.0116000001512,wcl
2021-06-22 12:21:58,26367488,train,-75.31,7.1720000171661376,-58.32746887207031,-58.95338439941406,True,-0.62591552734375,188.9411907634787,194.06364013267506,32.498556882100914,154.39453318359713,1029.7100000001708,wcl
2021-06-22 12:22:12,26367488,train,-76.163125,7.407999999523163,-58.358978271484375,-58.98997497558594,True,-0.6309967041015625,189.7568187008359,194.06364013267506,32.431650248600135,152.24890991659262,1029.1533999999942,wcl
2021-06-22 12:21:11,26367488,train,-80.035625,3.8889999914169313,-59.13020324707031,-59.887733459472656,True,-0.7575302124023438,210.86201068366557,194.06364013267506,65.47889615180452,173.25343242392154,1032.864066665993,wcl
2021-06-22 12:22:14,26367488,train,-75.93,7.244999995231629,-58.36866760253906,-59.00122833251953,True,-0.6325607299804688,190.0083084818618,194.06364013267506,32.774484829875014,147.61888076175003,1028.9678666663383,wcl
2021-06-22 12:22:09,26367488,train,-76.096875,5.719000010490418,-58.350677490234375,-58.98033905029297,True,-0.6296615600585938,189.54172427218987,194.06364013267506,32.47296535412467,154.39453318359713,1029.5244666665149,wcl
2021-06-22 12:21:35,26367488,train,-76.42125,6.134999997615815,-58.37836456298828,-59.012489318847656,True,-0.634124755859375,190.26045764438436,194.06364013267506,33.119468230685754,155.2979535063817,1029.33893333365,wcl
2021-06-22 14:33:07,26367488,train,-74.8475,9.566000037193298,-58.34143829345703,-58.969993591308594,True,-0.6285552978515625,189.31106402704975,194.06364013267506,13.912100522679635,114.3052563548265,1086.668733333655,wcl
2021-06-22 12:22:18,26367488,train,-75.91375,6.518999981880188,-58.3624267578125,-58.993988037109375,True,-0.631561279296875,189.846449159877,194.06364013267506,32.22026495940159,143.77934438937402,1027.4836000002551,wcl
2021-06-22 12:21:04,26367488,train,-77.090625,0.903999999165535,-59.71576690673828,-60.5712890625,True,-0.8555221557617188,228.4299011862975,194.06364013267506,91.94349575865468,193.8062447699785,1010.4145333331801,wcl
2021-06-22 14:33:08,26367488,train,-73.119375,8.241000020503998,-58.29753112792969,-58.91935729980469,True,-0.621826171875,188.1855584854453,194.06364013267506,13.015079979438877,108.09424163493037,1090.7504666669656,wcl
2021-06-22 12:21:27,26367488,train,-77.794375,1.861999982520938,-58.5975341796875,-59.267303466796875,True,-0.669769287109375,196.04988617316235,194.06364013267506,40.9435947066734,159.25041741907572,1027.854666665985,wcl
2021-06-22 12:22:08,26367488,train,-76.338125,5.0079999506473545,-58.350677490234375,-58.98033905029297,True,-0.6296615600585938,189.54172427218987,194.06364013267506,32.47296535412467,154.28160564303843,1029.5244666665149,wcl
2021-06-22 12:20:58,26367488,train,-74.78625,9.504999961853027,-60.410736083984375,-61.38451385498047,True,-0.9737777709960938,251.18328604265565,262.8905752435334,20.060774901130884,213.9073469544024,988.1505333332319,wcl
2021-06-22 12:21:00,26367488,train,-77.505,7.086999988555908,-60.19902038574219,-61.136741638183594,True,-0.9377212524414062,244.02714476712785,262.8905752435334,29.77898910105308,206.11534666945275,995.3863333331558,wcl
2021-06-22 14:33:58,26360322,train,-87.741875,-3.062000002413988,-55.38201141357422,-55.60260772705078,True,-0.2205963134765625,126.75454671018359,236.81871621964714,113.88195706644032,8.37922349503646,996.685066666374,wcl
2021-06-22 14:33:59,26360322,train,-86.87,-3.146999998986721,-55.82899475097656,-56.099639892578125,True,-0.2706451416015625,134.5858092599147,236.81871621964714,103.94558235292332,3.0716290979248893,986.4807333334929,wcl
2021-06-22 14:34:00,26360322,train,-88.854375,-8.628999993801116,-56.270713806152344,-56.59539794921875,True,-0.32468414306640625,142.835146303069,236.81871621964714,94.3858314281407,-2.3488928395046615,976.4619333334767,wcl
2021-06-22 14:33:51,26360322,train,-87.79705882352941,7.032941141549279,-54.29859161376953,-54.41888427734375,True,-0.12029266357421875,109.72617889446408,142.11271706597663,61.61225903094932,42.93505084581886,1065.88899999979,wcl
2021-06-22 14:33:52,26360322,train,-86.29,4.768000012338161,-54.122589111328125,-54.229515075683594,True,-0.10692596435546875,107.1982805916951,142.11271706597663,58.29677157340299,38.192094150537905,1056.4267999999504,wcl
2021-06-22 14:33:53,26360322,train,-87.290625,1.908999994546175,-54.06437683105469,-54.16706848144531,True,-0.102691650390625,106.37589511261913,142.11271706597663,53.543296698790044,33.11035483430302,1046.5935333335901,wcl
2021-06-22 14:33:54,26360322,train,-86.84,0.7199999839812518,-54.15553283691406,-54.26490020751953,True,-0.10936737060546875,107.6667860571352,142.11271706597663,47.56236284055926,27.91568797762979,1036.9458000000946,wcl
2021-06-22 14:33:55,26360322,train,-84.44375,2.92700000077486,-54.36286926269531,-54.488250732421875,True,-0.1253814697265625,110.66506298271574,142.11271706597663,40.311899827849516,23.059803742030862,1026.7414666664226,wcl
2021-06-22 14:33:56,26360322,train,-83.926875,2.5440000170469284,-54.62639617919922,-54.77379608154297,True,-0.14739990234375,114.60475968797493,142.11271706597663,32.483566238049875,18.203919506552296,1016.7226666664064,wcl
2021-06-22 14:33:57,26360322,train,-87.46808510638297,-0.0553191499982742,-54.964744567871094,-55.143096923828125,True,-0.17835235595703125,119.88355124517777,142.11271706597663,23.784210597985318,13.235107730515027,1006.8894000000461,wcl
2021-06-22 15:00:11,26367746,train,-92.47875,-1.2479999982565642,-270.0,-270.0,False,0.0,,,139.97258163021436,98.15661808297618,-761.799866666961,wcl
2021-06-22 15:00:12,26367746,train,-93.835,-2.6609999941289426,-270.0,-270.0,False,0.0,,,137.21329435847431,90.47754533822415,-763.2841333330441,wcl
2021-06-22 15:00:13,26367746,train,-91.85375,-4.503999990820884,-270.0,-270.0,False,0.0,,,134.64039867764808,82.68554505339483,-764.9539333335741,wcl
2021-06-22 15:00:14,26367746,train,-92.695625,-3.1019999895989896,-270.0,-270.0,False,0.0,,,130.2745955165807,75.0064723086428,-766.4381999996573,wcl
2021-06-22 15:00:15,26367746,train,-94.21222527472528,-3.040659325217808,-270.0,-270.0,False,0.0,,,127.27371703922914,67.44032710444945,-767.9224666665314,wcl
2021-06-22 14:59:47,26367746,train,-88.96910112359551,4.876404511376044,-270.0,-270.0,False,0.0,,,109.53893641642937,137.7941847502342,-760.5011333329517,wcl
2021-06-22 14:59:48,26367746,train,-88.499375,6.9760000085830685,-270.0,-270.0,False,0.0,,,109.53893641642937,137.7941847502342,-760.5011333329517,wcl
2021-06-22 14:59:49,26367746,train,-88.53217821782178,6.624752483745612,-270.0,-270.0,False,0.0,,,109.53893641642937,137.7941847502342,-760.5011333329517,wcl
2021-06-22 14:59:50,26367746,train,-88.57233146067416,5.95842694700434,-270.0,-270.0,False,0.0,,,109.53893641642937,137.7941847502342,-760.5011333329517,wcl
2021-06-22 14:59:51,26367746,train,-88.466875,6.362000005245209,-270.0,-270.0,False,0.0,,,109.53893641642937,137.7941847502342,-760.5011333329517,wcl
2021-06-22 14:59:52,26367746,train,-88.70375,5.413999994024635,-270.0,-270.0,False,0.0,,,109.53893641642937,137.7941847502342,-760.5011333329517,wcl
2021-06-22 14:59:53,26367746,train,-88.556875,4.621000001430511,-270.0,-270.0,False,0.0,,,109.54492199378592,137.7941847502342,-760.5011333329517,wcl
2021-06-22 14:59:54,26367746,train,-88.44375,5.5059999897331,-270.0,-270.0,False,0.0,,,109.53893641642937,137.7941847502342,-760.5011333329517,wcl
2021-06-22 14:59:55,26367746,train,-88.50875,5.357000016570091,-270.0,-270.0,False,0.0,,,109.53893641642937,137.7941847502342,-760.5011333329517,wcl
2021-06-22 14:59:56,26367746,train,-88.60952970297029,5.940594049963621,-270.0,-270.0,False,0.0,,,109.53893641642937,137.7941847502342,-760.5011333329517,wcl
2021-06-22 14:59:57,26367746,train,-88.59722222222223,6.464646465850599,-270.0,-270.0,False,0.0,,,109.53893641642937,137.7941847502342,-760.5011333329517,wcl
2021-06-22 14:59:58,26367746,train,-88.59529702970298,5.967326731965093,-270.0,-270.0,False,0.0,,,109.53893641642937,137.7941847502342,-760.5011333329517,wcl
2021-06-22 14:59:59,26367746,train,-88.62626262626263,5.395959583195773,-270.0,-270.0,False,0.0,,,109.35365928031077,137.7941847502342,-760.5011333329517,wcl
2021-06-22 15:00:00,26367746,train,-88.5475,5.727000002861023,-270.0,-270.0,False,0.0,,,109.35365928031077,137.7941847502342,-760.5011333329517,wcl
2021-06-22 15:00:01,26367746,train,-88.53403465346534,5.566336624693163,-270.0,-270.0,False,0.0,,,109.35365928031077,137.7941847502342,-760.5011333329517,wcl
2021-06-22 15:00:02,26367746,train,-88.53030303030303,5.232323241354239,-270.0,-270.0,False,0.0,,,109.35365928031077,137.7941847502342,-760.5011333329517,wcl
2021-06-22 15:00:03,26367746,train,-88.47896039603961,5.697029716676415,-270.0,-270.0,False,0.0,,,109.35365928031077,137.7941847502342,-760.5011333329517,wcl
2021-06-22 15:00:04,26367746,train,-88.276875,5.198999991416931,-270.0,-270.0,False,0.0,,,109.35365928031077,136.1002716448627,-760.6866666666076,wcl
2021-06-22 15:00:05,26367746,train,-90.258125,3.1150000029057265,-270.0,-270.0,False,0.0,,,109.35365928031077,132.93830051463527,-761.4287999996492,wcl
2021-06-22 15:00:06,26367746,train,-90.4225,2.474000004902482,-270.0,-270.0,False,0.0,,,109.35365928031077,128.64705398086696,-762.3564666663467,wcl
2021-06-22 15:00:07,26367746,train,-90.99625,-0.3720000080019235,-270.0,-270.0,False,0.0,,,109.62906761560086,123.79116974526804,-763.0986000001792,wcl
2021-06-22 15:00:08,26367746,train,-92.345625,1.4530000023543834,-270.0,-270.0,False,0.0,,,108.831891071508,118.48357534827682,-759.0168666676595,wcl
2021-06-22 15:00:09,26367746,train,-92.26,0.4010000088065862,-270.0,-270.0,False,0.0,,,109.48628451583247,112.38548816869867,-759.0168666676595,wcl
2021-06-22 15:00:10,26367746,train,-92.635625,-0.8569999953359365,-270.0,-270.0,False,0.0,,,110.34416203176102,105.49690820653358,-760.1300666664309,wcl
2021-06-22 16:23:27,26368258,train,-80.689375,18.57200002670288,-48.87858581542969,-48.9619140625,True,-0.0833282470703125,53.34815544752842,242.3126865866288,208.07173622780283,-1000.9671322640218,-880.1701333329695,refined
2021-06-22 17:46:22,26368258,train,-70.578125,23.538999977111818,-44.632537841796875,-44.9525146484375,True,-0.319976806640625,25.317735774027145,124.35474081140734,109.82378241103635,-936.7113617979355,-901.8775333335318,refined
2021-06-22 17:46:16,26368258,train,-72.41875,21.805,-41.955482482910156,-42.542022705078125,True,-0.5865402221679688,4.688589879770387,124.35474081140734,119.88032601633924,-937.3889270399637,-901.691999999876,refined
2021-06-22 17:46:23,26368258,train,-71.1725,24.456000061035155,-45.32367706298828,-45.58927917480469,True,-0.26560211181640625,29.50382717325157,124.35474081140734,104.80404466253468,-936.5984342574972,-901.8775333335318,refined
2021-06-22 17:46:13,26368258,train,-74.369375,21.554000072479248,-42.57067108154297,-43.09264373779297,True,-0.52197265625,11.608197688972803,154.5771447606383,146.78625661886122,-935.0174486924437,-898.7234666677097,refined
2021-06-22 15:04:37,26368258,train,-83.536875,18.347999982833866,-52.538177490234375,-52.67430114746094,True,-0.1361236572265625,88.25016847188206,154.5771447606383,125.40098743700467,-932.8718254255596,-891.302133333339,refined
2021-06-22 16:23:23,26368258,train,-69.08875,25.31200002670288,-45.04418182373047,-45.331085205078125,True,-0.28690338134765625,27.809232456209045,154.5771447606383,150.71942709496378,-973.1869573348458,-877.572666666533,refined
2021-06-22 15:03:46,26368258,train,-83.956875,14.709000024795532,-50.657135009765625,-50.7115478515625,True,-0.054412841796875,68.2710154965712,95.25098048772449,91.39197999236983,-801.085385822601,-867.7394000001726,refined
2021-06-23 14:19:08,26368258,train,-75.890625,17.845999898910524,-44.64897918701172,-44.95392608642578,True,-0.3049468994140625,25.32706173872001,95.25098048772449,73.20626797693201,-840.1583147880283,-863.1010666666853,refined
2021-06-22 16:23:07,26368258,train,-78.410625,13.54900001525879,-46.94390869140625,-47.088890075683594,True,-0.14498138427734375,39.55316422587684,95.25098048772449,60.723486671732665,-895.0410994042317,-866.8117333334751,refined
2021-06-23 15:20:40,26368258,train,-83.0575,18.96800004005432,-51.764991760253906,-51.862823486328125,True,-0.09783172607421875,79.51291737070137,95.25098048772449,127.79986505281671,-847.7244599922217,-865.5130000002569,refined
2021-06-22 17:45:51,26368258,train,-86.915625,14.090999994277954,-51.04292297363281,-51.09205627441406,True,-0.04913330078125,71.84780038721485,95.25098048772449,84.99362456783898,-855.8552428982456,-890.7455333339533,refined
2021-06-23 14:18:48,26368258,train,-85.50625,13.817000036239625,-51.299774169921875,-51.35163116455078,True,-0.05185699462890625,74.36449019068156,95.25098048772449,84.86350411762695,-813.2815601817573,-865.5130000002569,refined
2021-06-22 15:03:59,26368258,train,-83.1125,13.466000003814695,-50.15397644042969,-50.203407287597656,True,-0.04943084716796875,63.69151036017956,95.25098048772449,76.09209977381607,-864.2118808851463,-870.3368666666091,refined
2021-06-22 17:45:44,26368258,train,-87.0025,14.264999976158142,-51.04292297363281,-51.09205627441406,True,-0.04913330078125,71.84780038721485,95.25098048772449,84.99362456783898,-819.7184299824098,-882.2110000000202,refined
2021-06-22 17:45:43,26368258,train,-86.926875,14.127999997138977,-51.04292297363281,-51.09205627441406,True,-0.04913330078125,71.84780038721485,95.25098048772449,84.99362456783898,-814.6366906660545,-880.912266666802,refined
2021-06-23 15:20:37,26368258,train,-82.19375,20.15000002861023,-49.37659454345703,-49.416748046875,True,-0.04015350341796875,57.00829055998964,95.25098048772449,117.38384391717622,-832.7050971240327,-863.657666667653,refined
2021-06-22 16:22:58,26368258,train,-83.891875,13.198000020980835,-50.911521911621094,-50.91419219970703,True,-0.0026702880859375,70.15960734352765,95.25098048772449,66.02374407757868,-850.0959383397418,-870.3368666666091,refined
2021-06-22 15:03:40,26368258,train,-84.468125,12.610000004768372,-50.657135009765625,-50.7115478515625,True,-0.054412841796875,68.2710154965712,119.37924813548798,54.17582033691906,-772.7405731917147,-866.6261999998193,refined
2021-06-22 15:03:34,26368258,train,-84.3725,13.392000045776369,-50.657135009765625,-50.7115478515625,True,-0.054412841796875,68.2710154965712,119.37924813548798,54.17582033691906,-744.8474707221004,-866.4406666677453,refined
2021-06-23 15:20:12,26368258,train,-79.515625,17.265999994277955,-48.42073059082031,-48.50322723388672,True,-0.08249664306640625,49.79316905434996,119.37924813548798,77.79801993563997,-721.358542326813,-815.9755999995616,refined
2021-06-22 15:03:43,26368258,train,-84.270625,14.016000056266783,-50.657135009765625,-50.7115478515625,True,-0.054412841796875,68.2710154965712,119.37924813548798,54.17582033691906,-786.4048055753658,-866.8117333334751,refined
2021-06-23 16:35:05,26368258,train,-77.32797029702971,12.689108902865115,-46.221900939941406,-46.41801452636719,True,-0.19611358642578125,34.98942276390325,119.37924813548798,91.69322300336206,-726.8919918045606,-824.8812000000155,refined
2021-06-22 16:22:09,26368258,train,-85.511875,13.341000032424926,-50.95008087158203,-50.99871826171875,True,-0.04863739013671875,70.95820473059459,119.37924813548798,49.377497586851575,-721.5843974074489,-806.6989333333779,refined
2021-06-22 17:45:10,26368258,train,-86.196875,15.645,-50.95008087158203,-50.99871826171875,True,-0.04863739013671875,70.95820473059459,119.37924813548798,49.377497586851575,-724.1817308358458,-808.554266666773,refined
2021-06-22 17:45:24,26368258,train,-86.574375,15.347000007629395,-51.02653503417969,-51.07551574707031,True,-0.048980712890625,71.68960018524582,119.37924813548798,48.34751828400513,-743.3794126974852,-859.3903999998954,refined
2021-06-23 14:18:13,26368258,train,-85.775625,13.597999954223631,-51.34014129638672,-51.39253234863281,True,-0.05239105224609375,74.76691639827123,119.37924813548798,45.11523565864605,-725.0851511587507,-821.1705333340166,refined
2021-06-23 16:34:59,26368258,train,-80.79625,13.280999960899353,-50.003021240234375,-50.04168701171875,True,-0.038665771484375,62.278652931450345,119.37924813548798,65.85858647650574,-718.1965711965856,-803.3593333331089,refined
2021-06-23 15:20:22,26368258,train,-74.485625,19.91,-42.99737548828125,-43.47795104980469,True,-0.4805755615234375,14.920113905309034,119.37924813548798,107.36636059030172,-743.2664851570469,-857.7206000001564,refined
2021-06-22 16:22:06,26368258,train,-85.04125,14.163999996185304,-50.95008087158203,-50.99871826171875,True,-0.04863739013671875,70.95820473059459,119.37924813548798,49.377497586851575,-720.3421944634697,-802.4316666664115,refined
2021-06-23 16:35:20,26368258,train,-75.15782828282828,16.658585904824612,-41.95892333984375,-42.544586181640625,True,-0.585662841796875,4.740999261159538,119.37924813548798,122.14796376666933,-757.1565726216951,-857.9061333330213,refined
2021-06-22 16:22:30,26368258,train,-85.4125,13.703000011444091,-50.95008087158203,-50.99871826171875,True,-0.04863739013671875,70.95820473059459,119.37924813548798,49.377497586851575,-767.3200512544056,-860.6891333331137,refined
2021-06-22 17:45:38,26368258,train,-86.66,15.065000038146971,-51.02653503417969,-51.07551574707031,True,-0.048980712890625,71.68960018524582,119.37924813548798,48.34751828400513,-789.3409216249573,-872.9343333330456,refined
2021-06-23 14:18:29,26368258,train,-86.154375,13.090000004768372,-51.24127197265625,-51.292335510253906,True,-0.05106353759765625,73.78399932059418,119.37924813548798,46.140044211905206,-741.6854995918728,-861.6167999998112,refined
2021-06-23 14:18:27,26368258,train,-86.220625,12.832999954223633,-51.254844665527344,-51.306060791015625,True,-0.05121612548828125,73.91804120460004,119.37924813548798,45.9837814983412,-737.281325517907,-856.7929333334589,refined
2021-06-23 16:34:58,26368258,train,-82.1425,8.858000009059905,-50.44495391845703,-50.468841552734375,True,-0.02388763427734375,66.05651193323952,206.59476519378086,140.53826560398176,-715.8250928490655,-796.309066666841,refined
2021-06-22 16:20:53,26368258,train,-86.110625,11.059000000953674,-53.7921142578125,-53.88160705566406,True,-0.0894927978515625,102.68541331456275,198.57003924790857,98.65064048934542,-658.3449748045856,-803.3593333331089,refined
2021-06-22 15:01:43,26368258,train,-89.465,7.707000007629395,-55.09544372558594,-55.28778839111328,True,-0.19234466552734375,122.01021510346163,198.57003924790857,85.2427882902124,-628.6450316892818,-807.0699999998988,refined
2021-06-22 15:01:51,26368258,train,-89.39375,7.6349999837577345,-55.08599090576172,-55.27739715576172,True,-0.19140625,121.8563367624203,198.57003924790857,85.45599653806642,-644.2290322593016,-805.0291333336389,refined
2021-06-22 15:01:49,26368258,train,-89.640625,7.844000029563904,-55.08599090576172,-55.27739715576172,True,-0.19140625,121.8563367624203,198.57003924790857,85.45599653806642,-635.4206841110087,-806.1423333339923,refined
2021-06-22 15:02:09,26368258,train,-86.211875,13.726999955177307,-50.918701171875,-50.97461700439453,True,-0.05591583251953125,70.72995203958911,260.49962112639435,191.30339260947096,-685.2217294108567,-783.6927999995974,refined
2021-06-23 14:17:51,26368258,train,-86.004375,8.534999992847442,-51.52735900878906,-51.59169006347656,True,-0.0643310546875,76.74973795652765,260.49962112639435,185.06404640798524,-676.7521638836381,-787.9600666665638,refined
2021-06-23 16:34:36,26368258,train,-84.363125,9.988000049591063,-50.95458221435547,-51.002845764160156,True,-0.0482635498046875,70.99740323077091,260.49962112639435,189.50954158034264,-685.8992946530054,-783.1362000002116,refined
2021-06-23 16:34:21,26368258,train,-84.1930693069307,12.099009891547778,-50.95458221435547,-51.002845764160156,True,-0.0482635498046875,70.99740323077091,260.49962112639435,189.50954158034264,-685.8992946530054,-783.1362000002116,refined
2021-06-22 16:21:12,26368258,train,-84.108125,13.31100004196167,-51.761016845703125,-51.83399200439453,True,-0.07297515869140625,79.21564995313648,260.49962112639435,187.36803102898142,-674.2677579956796,-792.2273333335304,refined
2021-06-23 14:17:32,26368258,train,-85.458125,11.91900004386902,-51.54450225830078,-51.6092529296875,True,-0.06475067138671875,76.926379332295,260.49962112639435,184.92267046714943,-676.7521638836381,-787.9600666665638,refined
2021-06-22 16:21:32,26368258,train,-80.033125,17.65300006866455,-51.605873107910156,-51.67387390136719,True,-0.06800079345703125,77.57941745691413,260.49962112639435,187.28423692824543,-674.2677579956796,-792.2273333335304,refined
2021-06-23 16:34:12,26368258,train,-85.531875,15.81199993133545,-50.947662353515625,-51.002647399902344,True,-0.05498504638671875,70.99558607271724,260.49962112639435,189.83360788544644,-685.8992946530054,-783.5072666667324,refined
2021-06-22 16:21:04,26368258,train,-87.71125,9.342000026851892,-53.27874755859375,-53.33790588378906,True,-0.0591583251953125,95.95813132842095,260.49962112639435,181.29804282208107,-674.8323956975103,-792.2273333335304,refined
2021-06-22 15:02:11,26368258,train,-86.046875,15.000999927520752,-50.88800048828125,-50.94371795654297,True,-0.05571746826171875,70.43785801331194,260.49962112639435,191.5894229240067,-685.2217294108567,-783.6927999995974,refined
2021-06-23 16:38:12,28650241,train,-83.605,16.974000101089477,-58.086761474609375,-58.682212829589844,True,-0.5954513549804688,182.99924157156684,37.741968031778434,148.78882512112,-1121.9125279921213,-1107.6339999995937,refined
2021-06-23 16:38:27,28650241,train,-85.98875,15.52900002002716,-61.128204345703125,-270.0,False,0.0,73.53166344799362,37.741968031778434,35.78995743926008,-1144.9497462260163,-1110.602533333342,refined
2021-06-23 16:38:38,28650241,train,-87.32735148514851,18.71683171716067,-59.2030029296875,-270.0,False,0.0,53.33883296883069,37.741968031778434,53.484011969868284,-1145.401456387529,-1110.602533333342,refined
2021-06-22 15:06:40,28650241,train,-100.059375,7.374999996423721,-70.1407699584961,-270.0,False,0.0,78.30464256175779,37.741968031778434,64.27250175255698,-1155.9037176413137,-1109.3038000001238,refined
2021-06-22 17:48:37,28650241,train,-92.165625,9.355999975204467,-59.568084716796875,-270.0,False,0.0,37.16497472988073,37.741968031778434,38.01609433985068,-1143.3687606610831,-1131.5678000000719,refined
2021-06-22 17:48:12,28650241,train,-85.263125,15.571999943256378,-58.20658874511719,-58.820106506347656,True,-0.6135177612304688,185.99806268646478,37.741968031778434,154.02672970917004,-1140.8843547730044,-1127.671599999626,refined
2021-06-22 17:48:32,28650241,train,-88.900625,14.067000007629394,-61.907264709472656,-270.0,False,0.0,55.91140574310774,37.741968031778434,19.66077527722782,-1143.3687606610831,-1131.5678000000719,refined
2021-06-22 16:25:58,28650241,train,-103.76625,-2.927000008821488,-68.94204711914062,-270.0,False,0.0,86.17989538401031,37.741968031778434,77.17946320454658,-1160.533746796036,-1113.1999999997786,refined
2021-06-22 16:25:51,28650241,train,-90.45,9.927000020742415,-59.65862274169922,-270.0,False,0.0,41.483456384367074,37.741968031778434,46.27795000527067,-1111.8619768998492,-1106.8918666665522,refined
2021-06-23 15:22:44,28650241,train,-89.32375,14.375000047683717,-58.13323974609375,-58.734619140625,True,-0.60137939453125,184.13356594904477,145.89773803405006,129.61962926238945,-1080.1293380580994,-1015.609466666844,refined
2021-06-23 14:21:32,28650241,train,-89.959375,11.593999977111816,-57.05775451660156,-270.0,False,0.0,42.01448768508238,145.89773803405006,156.33102664682144,-1060.4799460349473,-1091.492600000007,refined
2021-06-23 14:21:23,28650241,train,-87.005625,15.318999977111815,-52.598609924316406,-52.62510681152344,True,-0.02649688720703125,87.6995057003542,145.89773803405006,133.13033951094238,-1064.884120109154,-1043.4394666669768,refined
2021-06-22 17:47:32,28650241,train,-91.344375,15.973999996185302,-57.778167724609375,-58.46800231933594,True,-0.6898345947265625,178.43178066808912,145.89773803405006,117.40538376558023,-1074.7088161206698,-1025.6282666676511,refined
2021-06-22 15:06:21,28650241,train,-86.915,15.781000003814697,-61.80693054199219,-270.0,False,0.0,66.18554660079131,145.89773803405006,144.52053188527486,-1062.3997142211956,-1082.0304000001674,refined
2021-06-22 15:06:14,28650241,train,-85.21,18.120000019073487,-55.414031982421875,-55.668121337890625,True,-0.25408935546875,127.76254946832256,145.89773803405006,136.72993835849394,-1074.7088161206698,-1028.7823333334734,refined
2021-06-23 14:21:26,28650241,train,-85.79375,15.928999967575074,-62.103736877441406,-270.0,False,0.0,69.31039475469544,145.89773803405006,138.71858034324413,-1062.060931600001,-1063.6625999998741,refined
2021-06-22 16:25:36,28650241,train,-85.106875,13.535999927520752,-54.633827209472656,-54.866455078125,True,-0.23262786865234375,115.90940040833507,145.89773803405006,137.44329851613944,-1066.239250593331,-1060.508533333261,refined
2021-06-23 15:23:14,28650241,train,-84.786875,16.35699999332428,-57.77008819580078,-58.480308532714844,True,-0.7102203369140625,178.69127473197943,145.89773803405006,147.8833473195975,-1095.7133386279988,-1099.4705333329725,refined
2021-06-23 15:23:07,28650241,train,-84.759375,14.630000019073488,-58.138031005859375,-58.7408447265625,True,-0.602813720703125,184.26862657923746,145.89773803405006,142.5264521020785,-1091.7608747154252,-1099.4705333329725,refined
2021-06-22 17:47:21,28650241,train,-91.314375,15.44500002861023,-57.78704833984375,-58.478668212890625,True,-0.691619873046875,178.65681909235505,237.81099466199987,118.49234783344014,-1089.9540340696153,-946.4055333334281,refined
2021-06-23 16:37:15,28650241,train,-88.2625,11.02299997806549,-58.32667541503906,-58.95911407470703,True,-0.6324386596679688,189.06851684366507,237.81099466199987,128.78714065263242,-1096.0521212491935,-901.8775333335318,refined
2021-06-22 17:47:19,28650241,train,-91.275625,15.820999946594238,-57.81011962890625,-58.50657653808594,True,-0.6964569091796875,179.24627325542428,237.81099466199987,118.45844632514128,-1093.906497982189,-932.1194666664453,refined
2021-06-22 17:47:14,28650241,train,-89.184375,18.51800002098084,-57.84400939941406,-58.539695739746094,True,-0.6956863403320312,179.94841372462267,237.81099466199987,105.26213154737506,-1078.4354249524872,-900.9498666668344,refined
2021-06-22 15:06:02,28650241,train,-85.331875,14.603999967575072,-58.38561248779297,-59.02830505371094,True,-0.6426925659179688,190.61492778141874,237.81099466199987,142.16114927850975,-1097.9718894354417,-922.1006666664291,refined
2021-06-22 17:47:25,28650241,train,-91.17125,15.53200005531311,-57.778167724609375,-58.46800231933594,True,-0.6898345947265625,178.43178066808912,237.81099466199987,118.36850990480124,-1083.7430193495989,-977.9461999995599,refined
2021-06-23 16:37:28,28650241,train,-88.870625,9.109999985694886,-58.336944580078125,-58.97105407714844,True,-0.6341094970703125,189.33455455251305,237.81099466199987,129.0436018409896,-1090.0669616099333,-961.0626666677226,refined
2021-06-22 16:25:14,28650241,train,-90.0625,10.076000003814697,-58.35686492919922,-58.99420928955078,True,-0.6373443603515625,189.85142576070163,237.81099466199987,128.05049956684473,-1090.9703819327178,-900.9498666668344,refined
2021-06-22 17:47:10,28650241,train,-87.97625,19.43400002479553,-57.90656280517578,-58.60443878173828,True,-0.6978759765625,181.32843677290293,237.81099466199987,85.08015392967198,-1049.7518297005267,-908.9277999997998,refined
2021-06-22 15:05:56,28650241,train,-90.419375,14.90199996948242,-58.48516845703125,-59.143104553222656,True,-0.6579360961914062,193.2072452670993,237.81099466199987,121.95930638230328,-1089.3893963677847,-900.022200000137,refined
2021-06-22 16:24:14,28650241,train,-91.404375,9.756999983787535,-58.47052001953125,-59.26557922363281,True,-0.7950592041015625,196.0100223582757,334.3979491575975,140.2226476094663,-1046.2510759493452,-890.3744666666415,refined
2021-06-22 16:24:37,28650241,train,-89.5825,10.31299997329712,-58.40674591064453,-59.05219268798828,True,-0.64544677734375,191.1516707893784,334.3979491575975,162.85275205976455,-1064.3194824073234,-890.3744666666415,refined
2021-06-23 16:36:21,28650241,train,-96.0425,9.283999977111815,-59.04425048828125,-59.934471130371094,True,-0.8902206420898438,212.0204654228215,334.3979491575975,128.34504975038982,-1001.0800598043397,-882.3965333328852,refined
2021-06-22 15:05:16,28650241,train,-96.126875,10.116000010967255,-59.0230712890625,-59.91009521484375,True,-0.88702392578125,211.41544118392648,334.3979491575975,127.94375597442004,-1040.1529887696468,-884.6229333335918,refined
2021-06-23 15:21:37,28650241,train,-90.7175,15.987000017166135,-58.046844482421875,-58.782684326171875,True,-0.73583984375,185.17968535948575,334.3979491575975,171.91814976003712,-1066.465105674328,-887.4059333328933,refined
2021-06-23 15:22:17,28650241,train,-88.935625,14.29199999809265,-58.12499237060547,-58.72504425048828,True,-0.6000518798828125,183.9258016915759,334.3979491575975,189.79442931176152,-1081.1456859213224,-893.5285333332547,refined
2021-06-23 15:21:57,28650241,train,-90.41625,16.012000017166137,-58.039283752441406,-58.77360534667969,True,-0.7343215942382812,184.9815567395489,334.3979491575975,172.00908126174377,-1066.465105674328,-887.4059333328933,refined
2021-06-23 16:36:48,28650241,train,-89.411875,18.25600006103516,-58.208396911621094,-58.821571350097656,True,-0.6131744384765625,186.0302642525708,334.3979491575975,171.81112218420415,-1067.933163698943,-888.7046666676935,refined
2021-06-23 16:36:42,28650241,train,-89.908125,17.344999990463258,-58.208396911621094,-58.821571350097656,True,-0.6131744384765625,186.0302642525708,334.3979491575975,171.81112218420415,-1067.933163698943,-888.7046666676935,refined
2021-06-23 14:20:53,28650241,train,-90.458125,14.405999965667723,-58.39375305175781,-59.03680419921875,True,-0.6430511474609375,190.80596014675098,334.3979491575975,168.78725648285908,-1066.8038882954022,-888.8901999997674,refined
2021-06-23 14:20:24,28650241,train,-90.585,14.556999998092651,-58.4061279296875,-59.05120086669922,True,-0.6450729370117188,191.12918682273434,334.3979491575975,168.2883267334786,-1066.5780332144052,-888.7046666676935,refined
2021-06-23 15:21:05,28650241,train,-96.8625,9.180000047683716,-58.79534912109375,-59.6390380859375,True,-0.84368896484375,204.7996591503045,334.3979491575975,131.84669983929297,-1003.6773932327366,-881.4688666669787,refined
2021-06-23 15:22:12,28650241,train,-88.68125,15.057000007629394,-58.2125244140625,-58.82640838623047,True,-0.6138839721679688,186.136334093171,334.3979491575975,186.35156697780977,-1081.1456859213224,-892.971933333078,refined
2021-06-22 16:24:15,28650241,train,-89.70875,11.913999977111816,-58.428001403808594,-59.215538024902344,True,-0.78753662109375,194.86036684403797,334.3979491575975,141.71160709719015,-1048.6225542969858,-888.7046666676935,refined
2021-06-23 16:36:11,28650241,train,-96.375625,4.122000003531575,-59.73090362548828,-60.65113067626953,True,-0.92022705078125,230.5721667621616,369.3450459863652,139.1374083414697,-938.9699126050173,-875.531800000273,refined
2021-06-23 16:36:04,28650241,train,-96.245625,5.816000003814697,-59.72816467285156,-60.6480712890625,True,-0.9199066162109375,230.48953344559754,369.3450459863652,139.0848699237823,-934.0011008291004,-877.0160666663562,refined
2021-06-23 14:19:52,28650241,train,-96.328125,4.612999995946884,-59.925697326660156,-60.88184356689453,True,-0.956146240234375,236.87225706768928,369.3450459863652,132.59526531378376,-955.7961161190162,-875.717333333138,refined
2021-06-23 14:19:53,28650241,train,-95.66,5.80599999755621,-59.82427978515625,-60.76251220703125,True,-0.938232421875,233.59296033793962,369.3450459863652,135.75537285734256,-962.2329859196686,-876.2739333333147,refined
2021-06-23 14:19:51,28650241,train,-96.73375,4.253000011593104,-60.034088134765625,-61.00945281982422,True,-0.9753646850585938,240.4281928884666,369.3450459863652,129.48686605714144,-949.0204636972894,-874.9752000000965,refined
2021-06-23 15:21:04,28650241,train,-95.76125,8.941999998092651,-58.907432556152344,-59.770973205566406,True,-0.8635406494140625,207.9947617472567,369.3450459863652,166.33072266711997,-995.2078277055178,-880.912266666802,refined
2021-06-23 15:20:57,28650241,train,-96.513125,4.994999993592501,-59.69500732421875,-60.60914611816406,True,-0.9141387939453125,229.4432924649283,369.3450459863652,140.03409798170765,-947.1006955111617,-874.6041333335756,refined
2021-06-22 15:07:19,34768897,train,-101.20054945054945,2.853846143235217,-77.352294921875,-270.0,False,0.0,84.10260666315075,80.69218592813951,120.28356366768142,-1246.9233151732326,-1291.868600000331,wcl
2021-06-22 15:07:20,34768897,train,-106.68885869565216,-2.0489130397529705,-77.7836685180664,-270.0,False,0.0,91.91595527155265,80.69218592813951,125.9535961937332,-1248.391373197968,-1299.8465333332965,wcl
2021-06-23 16:39:21,34768897,train,-107.1038961038961,-4.692207796233041,-72.46034240722656,-270.0,False,0.0,88.02532433155753,80.69218592813951,124.80433070909051,-1254.1506777565924,-1292.6107333333725,wcl
2021-06-22 15:07:02,34768897,train,-101.68813131313132,0.706060612141484,-69.74613952636719,-270.0,False,0.0,23.53918052306316,124.0134909626787,107.58577298359565,-1238.0020394845014,-1157.9135333333306,wcl
2021-06-22 15:07:03,34768897,train,-105.57474226804123,-4.745360819949317,-71.17544555664062,-270.0,False,0.0,20.32213872729471,124.0134909626787,112.20328594940177,-1238.1149670250602,-1163.8506000000361,wcl
2021-06-23 15:24:13,34768897,train,-103.2358870967742,-1.9172043143421087,-67.64431762695312,-270.0,False,0.0,17.193946259485056,124.0134909626787,108.24954461052978,-1239.3571699690394,-1143.4419333334831,wcl
2021-06-23 15:24:14,34768897,train,-99.514375,2.8739999961853027,-50.73603820800781,-270.0,False,0.0,15.932774494661034,124.0134909626787,110.19732076720628,-1239.5830250496751,-1143.8130000000037,wcl
2021-06-23 15:24:15,34768897,train,-99.1175,2.5310000064969063,-50.904296875,-270.0,False,0.0,15.69559566996499,124.0134909626787,111.14902723160453,-1239.5830250496751,-1144.5551333330454,wcl
2021-06-23 15:24:16,34768897,train,-99.319375,2.011999996304512,-52.20472717285156,-270.0,False,0.0,15.425112345194925,124.0134909626787,111.83896590320927,-1239.8088801304316,-1144.5551333330454,wcl
2021-06-23 15:24:17,34768897,train,-99.28375,2.5469999969005586,-52.17957305908203,-270.0,False,0.0,15.400265410102211,124.0134909626787,112.07911473878458,-1239.9218076707496,-1144.7406666667011,wcl
2021-06-23 15:24:18,34768897,train,-98.97,2.2569999937713145,-52.18682098388672,-270.0,False,0.0,15.407724518230475,124.0134909626787,111.99900847740146,-1239.9218076707496,-1144.7406666667011,wcl
2021-06-23 15:24:19,34768897,train,-102.36125,-1.651999986693263,-52.134918212890625,-270.0,False,0.0,15.197461640652639,124.0134909626787,112.45029504260535,-1240.0347352111878,-1145.111733334013,wcl
2021-06-23 15:24:20,34768897,train,-101.418125,-0.7430000066012145,-52.124298095703125,-270.0,False,0.0,15.189890960504638,124.0134909626787,112.61082773817333,-1240.4864453725802,-1145.8538666662637,wcl
2021-06-22 17:00:46,30625794,train,-94.535625,0.2020000007748603,-68.23200225830078,-68.23200225830078,True,0.0,555.3566259437962,528.4871027570052,41.57549753074732,-2814.3575754029266,-423.94366666650257,wcl
2021-06-22 17:00:47,30625794,train,-96.7042525773196,-1.1597937981492463,-68.22342681884766,-68.22342681884766,True,0.0,554.8069635285675,528.4871027570052,34.061752193325425,-2811.3085318131375,-419.49086666667114,wcl
2021-06-23 16:49:00,30625794,train,-94.861875,-0.4310000016540289,-68.43527221679688,-68.43527221679688,True,0.0,568.5398407303802,528.4871027570052,109.73200857364593,-2808.5982708444226,-407.43119999960413,wcl
2021-06-23 16:49:01,30625794,train,-95.20375,0.329000001847744,-68.42985534667969,-68.42985534667969,True,0.0,568.1847307214805,528.4871027570052,108.25158491601007,-2808.2594882233484,-406.87460000021844,wcl
2021-06-23 16:49:02,30625794,train,-95.3425,-0.2070000002533197,-68.4218521118164,-68.4219741821289,True,-0.0001220703125,567.6686448770304,528.4871027570052,106.82467135278253,-2808.146560683151,-406.87460000021844,wcl
2021-06-23 16:49:03,30625794,train,-93.6925,0.4920000001788139,-68.4157943725586,-68.4159164428711,True,-0.0001220703125,567.2715046627344,528.4871027570052,105.13467137729732,-2808.146560683151,-407.06013333308334,wcl
2021-06-23 16:49:04,30625794,train,-95.135,0.4159999985992908,-68.40950775146484,-68.40963745117188,True,-0.00012969970703125,566.8603814788655,528.4871027570052,104.13070662564263,-2808.2594882233484,-407.2456666667392,wcl
2021-06-23 16:49:05,30625794,train,-95.0825,-0.2749999947100878,-68.40875244140625,-68.40888214111328,True,-0.00012969970703125,566.8114358263207,528.4871027570052,103.91958738149386,-2808.2594882233484,-407.2456666667392,wcl
2021-06-23 16:49:06,30625794,train,-95.0246010638298,-1.5936170281406412,-68.410400390625,-68.4105224609375,True,-0.0001220703125,566.9186441580441,528.4871027570052,103.99937163392046,-2808.2594882233484,-407.2456666667392,wcl
2021-06-22 15:27:21,30625794,train,-95.16125,3.87100000038743,-68.27806091308594,-68.28797149658203,True,-0.00991058349609375,558.9560008409327,506.64972865034866,231.1978622772141,-2770.7675448232153,-348.2460666669954,wcl
2021-06-22 15:27:22,30625794,train,-95.6,3.492999993264675,-68.24311828613281,-68.25279998779297,True,-0.00968170166015625,556.6915021807068,506.64972865034866,222.69139890499645,-2766.476298289447,-338.7838666663649,wcl
2021-06-22 15:27:23,30625794,train,-93.9525,3.1650000137835743,-68.20985412597656,-68.21944427490234,True,-0.00959014892578125,554.5519245535374,506.64972865034866,214.19443847018985,-2762.5238343767533,-328.95060000000456,wcl
2021-06-22 15:27:24,30625794,train,-93.84,-0.2760000047832727,-68.18282318115234,-68.19230651855469,True,-0.00948333740234375,552.817807031111,506.64972865034866,205.7403640431806,-2758.684298004377,-319.11733333364424,wcl
2021-06-22 15:27:25,30625794,train,-95.09625,-3.061999983638525,-68.16877746582031,-68.16877746582031,True,0.0,551.3179946954773,506.64972865034866,197.38510313026293,-2755.409399333832,-309.28406666649295,wcl
2021-06-23 14:30:59,30625794,train,-97.74273255813954,-0.284883733232354,-68.3993148803711,-68.3994369506836,True,-0.0001220703125,566.1935410379696,506.64972865034866,248.37510226216796,-2792.449632572693,-384.6106000002703,wcl
2021-06-23 14:31:00,30625794,train,-92.375,4.203000014573336,-68.33543395996094,-68.34548950195312,True,-0.0100555419921875,562.6791133214062,506.64972865034866,236.4602378471875,-2786.125690312599,-373.84966666642157,wcl
2021-06-23 14:31:01,30625794,train,-89.536875,8.133999999761581,-68.2861328125,-68.2958984375,True,-0.009765625,559.4675310002139,506.64972865034866,224.43189018056003,-2779.9146755924626,-362.717666666843,wcl
2021-06-23 14:31:02,30625794,train,-88.29625,7.628000009953975,-68.2424087524414,-68.25203704833984,True,-0.0096282958984375,556.6422385511712,506.64972865034866,212.16841313794166,-2774.1553710340786,-351.0290666662968,wcl
2021-06-23 14:31:03,30625794,train,-91.4125,4.186999994367361,-68.21491241455078,-68.21491241455078,True,0.0,554.2619955321514,506.64972865034866,199.89357823006176,-2768.8477766369674,-338.96940000002076,wcl
2021-06-23 14:31:04,30625794,train,-94.71,-0.1310000016540289,-68.18803405761719,-68.18803405761719,True,0.0,552.5450824357039,506.64972865034866,187.79182175402707,-2763.9918924013687,-326.53866666643296,wcl
2021-06-23 15:37:29,30625794,train,-89.18125,5.611000020503997,-68.24383544921875,-68.25346374511719,True,-0.0096282958984375,556.7338097421098,506.64972865034866,210.60569444561162,-2776.8656320027935,-352.8843999996917,wcl
2021-06-23 15:37:30,30625794,train,-90.48,4.674999986588955,-68.22380065917969,-68.22380065917969,True,0.0,554.830869909345,506.64972865034866,199.42703598499406,-2772.687313009343,-344.34986666654964,wcl
2021-06-23 15:37:31,30625794,train,-87.986875,5.133000005483627,-68.19976806640625,-68.19976806640625,True,0.0,553.2938758561908,506.64972865034866,188.58775818241512,-2768.8477766369674,-335.6297999997517,wcl
2021-06-23 15:37:32,30625794,train,-89.828125,1.9379999969154595,-68.18244171142578,-68.18244171142578,True,0.0,552.1880333369563,506.64972865034866,177.97610049724008,-2765.2340953454677,-326.72420000008884,wcl
2021-06-23 16:49:30,30625794,train,-90.72302631578948,4.4410526296810096,-68.27813720703125,-68.287841796875,True,-0.00970458984375,558.9473352656985,506.64972865034866,213.41991290166717,-2784.2059221263507,-369.39686666659014,wcl
2021-06-23 16:49:31,30625794,train,-90.224375,2.7719999982416628,-68.26958465576172,-68.26958465576172,True,0.0,557.7709556332204,506.64972865034866,207.60462439157274,-2781.9473713190287,-364.9440666667587,wcl
2021-06-23 16:49:32,30625794,train,-91.29625,0.9790000005066396,-68.25499725341797,-68.25499725341797,True,0.0,556.8323328876139,506.64972865034866,201.7570915549813,-2779.8017480520243,-360.6767999997922,wcl
2021-06-23 16:49:33,30625794,train,-92.391875,1.7250000017881393,-68.24186706542969,-68.24186706542969,True,0.0,555.9887356704046,506.64972865034866,196.13188024139967,-2777.8819798660165,-356.40953333361665,wcl
2021-06-23 16:49:34,30625794,train,-89.833125,5.892000012397766,-68.23052215576172,-68.23052215576172,True,0.0,555.2617112497875,506.64972865034866,190.93618311453085,-2776.0751392200864,-352.5133333339619,wcl
2021-06-23 16:49:35,30625794,train,-89.284375,8.321999998092652,-68.22200775146484,-68.22200775146484,True,0.0,554.7156955330718,506.64972865034866,186.04605571194685,-2774.381226114715,-348.61713333351616,wcl
2021-06-23 16:49:36,30625794,train,-91.200625,6.582000007927418,-68.21572875976562,-68.21572875976562,True,0.0,554.3139687214668,506.64972865034866,181.99640375978612,-2772.687313009343,-344.72093333307043,wcl
2021-06-23 16:49:37,30625794,train,-90.761875,3.406999995708466,-68.2119140625,-68.2119140625,True,0.0,554.069982189086,506.64972865034866,178.250103664205,-2771.1063274442895,-340.8247333334157,wcl
2021-06-23 16:49:38,30625794,train,-89.190625,1.673999983891845,-68.20854949951172,-68.20854949951172,True,0.0,553.854979716113,506.64972865034866,174.51570726149532,-2769.5253418792363,-336.92853333296995,wcl
2021-06-23 16:49:39,30625794,train,-91.851875,-0.5029999995976686,-68.20594787597656,-68.20594787597656,True,0.0,553.6887345649475,506.64972865034866,170.99875680394607,-2768.057283854501,-333.0323333333152,wcl
2021-06-22 15:27:26,30625794,train,-95.203125,-3.188999997973442,-68.15048217773438,-68.15048217773438,True,0.0,550.1548178171604,580.5435965897697,267.6034883544481,-2752.473283284481,-299.07973333361184,wcl
2021-06-22 15:27:27,30625794,train,-92.854375,-1.350000017285347,-68.13500213623047,-68.13500213623047,True,0.0,549.1727785276878,580.5435965897697,258.7567985256305,-2749.9888773965226,-288.87539999993976,wcl
2021-06-22 15:27:28,30625794,train,-95.315,-5.839999995231628,-68.12361145019531,-68.12361145019531,True,0.0,548.4506943797991,580.5435965897697,249.15830883182596,-2748.0691092102743,-278.2999999997469,wcl
2021-06-22 15:30:17,26356992,train,-92.56112637362638,7.753846131183288,-62.69197082519531,-62.694061279296875,True,-0.0020904541015625,292.54653423481057,356.6988263416635,112.91490596532066,-2421.708517563127,674.4136666669076,wcl
2021-06-22 15:30:18,26356992,train,-95.3125,-1.6460000032931563,-62.71099853515625,-62.713104248046875,True,-0.002105712890625,293.19469611058105,356.6988263416635,108.67674407306288,-2415.723357923867,674.4136666669076,wcl
2021-06-22 15:30:19,26356992,train,-94.6925,-3.902000001221895,-62.736289978027344,-62.73841857910156,True,-0.00212860107421875,294.0581813728267,356.6988263416635,104.01274797887078,-2409.738198284607,674.0426000003868,wcl
2021-06-22 15:30:20,26356992,train,-99.765625,-7.831000010967255,-62.77003479003906,-62.77217102050781,True,-0.00213623046875,295.21408249071885,356.6988263416635,99.22674299862398,-2403.753038645467,673.4860000002101,wcl
2021-06-22 17:02:46,26356992,train,-89.59203296703296,3.056043976201461,-62.57110595703125,-62.5777587890625,True,-0.00665283203125,288.61821437208823,356.6988263416635,115.90107435188368,-2480.8825487130985,634.5239999997077,wcl
2021-06-22 17:02:47,26356992,train,-92.194375,4.696999994963408,-62.599647521972656,-62.60169219970703,True,-0.002044677734375,289.4222693585628,356.6988263416635,110.6258239315065,-2478.0593602039457,640.2755333335483,wcl
2021-06-22 17:02:48,26356992,train,-97.759375,-0.8509999938309193,-62.639617919921875,-62.641685485839844,True,-0.00206756591796875,290.77092512424855,356.6988263416635,104.57345138429477,-2475.5749543158668,646.2126000002538,wcl
2021-06-22 17:02:49,26356992,train,-100.565,-3.311000017821789,-62.691802978515625,-62.695228576660156,True,-0.00342559814453125,292.58588242493437,356.6988263416635,98.078773306687,-2473.542258589421,651.9641333333036,wcl
2021-06-22 17:02:50,26356992,train,-95.40757978723404,-2.136170211466069,-62.74425506591797,-62.74773406982422,True,-0.00347900390625,294.37701377205343,356.6988263416635,92.06582156940846,-2471.735417943731,657.3445999998324,wcl
2021-06-22 18:03:39,26356992,train,-87.626875,6.026999983787537,-62.610626220703125,-62.617347717285156,True,-0.00672149658203125,289.94932139108346,420.88306138899725,214.0970769199576,-2397.7678790062064,670.7030000001178,wcl
2021-06-22 18:03:40,26356992,train,-93.960625,3.8920000087469817,-62.66449737548828,-62.66658020019531,True,-0.00208282470703125,291.61344508354506,420.88306138899725,207.60753150326514,-2396.8644586833016,670.7030000001178,wcl
2021-06-22 18:03:41,26356992,train,-95.433125,-0.0010000316053628,-62.71574401855469,-62.71781921386719,True,-0.0020751953125,293.35526273087345,420.88306138899725,200.80359463562178,-2394.267125255025,670.8885333337736,wcl
2021-06-22 18:03:42,26356992,train,-98.80984042553192,3.54574465173039,-62.7646484375,-62.76813507080078,True,-0.00348663330078125,295.0756034620215,420.88306138899725,194.0267602693665,-2390.314661342331,671.8161999996801,wcl
2021-06-23 14:02:28,40881922,train,-90.7506793478261,3.3097825988155343,-270.0,-270.0,False,0.0,,,70.0730058932707,3487.563814519353,528.0278666671103,wcl
2021-06-23 14:02:29,40881922,train,-97.715625,-3.279999984279275,-270.0,-270.0,False,0.0,,,65.99559089836762,3487.6767420596702,527.2857333332777,wcl
2021-06-23 14:02:30,40881922,train,-99.58125,-4.338000001907349,-270.0,-270.0,False,0.0,,,63.84235622258782,3489.257727624724,527.2857333332777,wcl
2021-06-23 14:02:31,40881922,train,-99.759375,-4.947999979257584,-270.0,-270.0,False,0.0,,,62.86033863346567,3490.612858109142,527.1002000004128,wcl
2021-06-23 14:02:32,40881922,train,-97.234375,-2.1909999895095824,-270.0,-270.0,False,0.0,,,63.02428612301413,3490.3870030285057,526.3580666665803,wcl
2021-06-23 14:02:33,40881922,train,-97.330625,-2.1649999904632566,-270.0,-270.0,False,0.0,,,63.67126444972557,3490.274075488068,526.1725333337154,wcl
2021-06-23 14:02:34,40881922,train,-99.01,-2.7349999922513963,-270.0,-270.0,False,0.0,,,64.1029344518469,3489.596510245919,525.8014666664036,wcl
2021-06-23 14:02:35,40881922,train,-102.808125,-5.923000002130866,-270.0,-270.0,False,0.0,,,64.2655134623106,3488.5801623825755,525.4303999998829,wcl
2021-06-23 14:02:36,40881922,train,-105.1625,-7.262105192008772,-270.0,-270.0,False,0.0,,,64.2655134623106,3482.256220122362,523.3895333336229,wcl
2021-06-23 15:01:00,40881922,train,-91.45180722891568,-0.8602409671588116,-270.0,-270.0,False,0.0,,,70.95722887761406,3482.3691476626796,524.8737999997061,wcl
2021-06-23 15:01:01,40881922,train,-101.9575,-7.3680000095069405,-270.0,-270.0,False,0.0,,,63.76109280412983,3474.4642198374117,521.1631333337073,wcl
2021-06-23 15:01:02,40881922,train,-104.14217032967034,-6.115384637654483,-270.0,-270.0,False,0.0,,,57.40685143905492,3466.220509390829,517.8235333334383,wcl
2021-06-23 16:45:20,34210566,train,-108.214375,-1.064999994635582,-59.02958679199219,-59.046546936035156,True,-0.01696014404296875,191.02469106504844,154.21620236575737,99.12477480799299,-2601.6020893602013,-1330.4595333335217,wcl
2021-06-23 16:45:21,34210566,train,-107.79,-0.8839999958872795,-58.840980529785156,-58.86309814453125,True,-0.02211761474609375,186.94270358637488,154.21620236575737,95.42602352716523,-2605.102843111623,-1327.8620666662941,wcl
2021-06-23 16:45:22,34210566,train,-108.900625,-2.268999995142221,-58.67094421386719,-58.69212341308594,True,-0.02117919921875,183.21323476109652,154.21620236575737,91.12481213501901,-2608.7165244031225,-1325.2645999998576,wcl
2021-06-23 16:45:23,34210566,train,-108.49,0.7149999991059304,-58.52098083496094,-58.523719787597656,True,-0.00273895263671875,179.60934812387546,154.21620236575737,87.45191326760796,-2612.3302056947423,-1322.6671333334211,wcl
2021-06-23 16:45:24,34210566,train,-107.383125,0.0489999984949827,-58.323280334472656,-58.34046936035156,True,-0.01718902587890625,175.7643644559522,154.21620236575737,83.88122430100826,-2615.943886986362,-1320.0696666669846,wcl
2021-06-23 16:45:25,34210566,train,-107.670625,0.047999999821186,-58.14472961425781,-58.16120147705078,True,-0.01647186279296875,172.07868259879203,154.21620236575737,80.76750834476968,-2619.4446407375435,-1317.657733333413,wcl
2021-06-23 16:45:26,34210566,train,-110.330625,-0.9569999985396862,-57.99351501464844,-57.995941162109375,True,-0.0024261474609375,168.74558736510306,154.21620236575737,77.42714250732234,-2623.0583220291633,-1315.0602666669765,wcl
2021-06-23 16:45:27,34210566,train,-112.32161458333331,-3.807291656732559,-57.82769012451172,-57.84381103515625,True,-0.01612091064453125,165.7315523396639,154.21620236575737,74.26968204636333,-2626.672003320662,-1312.4627999997492,wcl
2021-06-23 16:45:28,34210566,train,-111.82666666666668,-4.574666654268901,-57.668006896972656,-57.6849365234375,True,-0.01692962646484375,162.6379123145228,154.21620236575737,70.98637977718445,-2630.2856846125223,-1309.8653333333127,wcl
2021-06-23 16:45:29,34210566,train,-112.15083333333334,-4.666666679382324,-57.51081848144531,-57.524993896484375,True,-0.0141754150390625,159.57857695540687,154.21620236575737,67.76603261556133,-2633.7864383634633,-1307.267866667667,wcl
2021-06-23 16:45:30,34210566,train,-112.78333333333332,-4.586666676998139,-57.34490966796875,-57.358558654785156,True,-0.01364898681640625,156.45232640680373,154.21620236575737,64.44353362325316,-2637.4001196553236,-1304.6703999996487,wcl
2021-06-23 16:45:31,34210566,train,-113.63666666666668,-5.459999993642171,-57.18407440185547,-57.19719696044922,True,-0.01312255859375,153.47621578435465,154.21620236575737,61.595890108284316,-2641.0138009468233,-1302.258466667659,wcl
2021-06-23 16:45:32,34210566,train,-113.20666666666666,-3.853333299160004,-57.022361755371094,-57.034950256347656,True,-0.0125885009765625,150.53705798522606,168.8398298261714,155.68253773932065,-2644.627482238443,-1299.6609999996406,wcl
2021-06-23 16:45:33,34210566,train,-112.96,-3.691999994417032,-56.87567138671875,-56.8878173828125,True,-0.01214599609375,147.91704460815814,168.8398298261714,152.95585510078647,-2648.1282359896245,-1297.063533333995,wcl
2021-06-23 16:45:34,34210566,train,-113.1525,-5.034666656851768,-56.727455139160156,-56.739158630371094,True,-0.0117034912109375,145.31314923076462,168.8398298261714,151.2631005179552,-2651.741917281244,-1294.4660666667676,wcl
2021-06-23 16:45:35,34210566,train,-112.82333333333334,-3.090666657288869,-56.550025939941406,-56.561241149902344,True,-0.0112152099609375,142.25222354871943,168.8398298261714,148.07897668749985,-2655.3555985728635,-1291.868600000331,wcl
2021-06-23 16:45:36,34210566,train,-114.01916666666666,-4.211999990145365,-56.37715148925781,-56.38787841796875,True,-0.0107269287109375,139.32726660953784,168.8398298261714,144.9018021145676,-2658.969279864363,-1289.2711333331035,wcl
2021-06-23 16:45:37,34210566,train,-113.51916666666666,-4.493333327770233,-56.203369140625,-56.213714599609375,True,-0.010345458984375,136.44414690464723,168.8398298261714,141.754037200237,-2662.470033615785,-1286.859200000323,wcl
2021-06-23 16:45:38,34210566,train,-113.33,-4.158666658997536,-56.02897644042969,-56.03888702392578,True,-0.00991058349609375,133.60557292027636,168.8398298261714,138.63768519478998,-2666.0837149072845,-1284.2617333330954,wcl
2021-06-23 16:45:39,34210566,train,-113.71833333333332,-3.377333320975304,-55.850440979003906,-55.86365509033203,True,-0.013214111328125,130.81444451434356,168.8398298261714,135.5549126268607,-2669.6973961989042,-1281.664266666659,wcl
2021-06-23 16:45:40,34210566,train,-114.84583333333332,-5.377333327929179,-55.676483154296875,-55.688255310058594,True,-0.01177215576171875,128.07386368470662,168.8398298261714,132.50806317229774,-2673.311077490403,-1279.0668000002224,wcl
2021-06-23 16:45:41,34210566,train,-114.7025,-4.422666652202606,-55.50507354736328,-55.512969970703125,True,-0.00789642333984375,125.38714492293704,168.8398298261714,129.4996724373158,-2676.8118312417055,-1276.4693333329951,wcl
2021-06-23 16:45:42,34210566,train,-115.11,-3.979999991456668,-55.33056640625,-55.33812713623047,True,-0.00756072998046875,122.75782480953211,168.8398298261714,126.53248359280292,-2680.4255125333248,-1273.8718666665586,wcl
2021-06-23 16:45:43,34210566,train,-115.37583333333332,-5.650666672388713,-55.15606689453125,-55.1640625,True,-0.00799560546875,120.18967043562039,168.8398298261714,123.60946377456891,-2684.039193824824,-1271.459933332987,wcl
2021-06-23 16:45:44,34210566,train,-115.58333333333331,-5.649333324432373,-54.98351287841797,-54.9912109375,True,-0.00769805908203125,117.68668613764284,168.8398298261714,120.73382107770037,-2687.6528751163232,-1268.8624666665505,wcl
2021-06-23 16:45:45,34210566,train,-113.71166666666667,-5.361333325703939,-54.808921813964844,-54.81995391845703,True,-0.0110321044921875,115.25311794519314,168.8398298261714,117.90902194941995,-2691.1536288677457,-1266.265000000114,wcl
2021-06-23 16:45:46,34210566,train,-113.78666666666666,-5.744000012079875,-54.640228271484375,-54.65083312988281,True,-0.0106048583984375,112.89345501519774,168.8398298261714,115.13880861326062,-2691.1536288677457,-1266.265000000114,wcl
2021-06-23 16:45:47,34210566,train,-115.59,-6.481333335240682,-54.4742431640625,-54.484375,True,-0.0101318359375,110.6124272487277,168.8398298261714,112.42721613707596,-2691.1536288677457,-1266.265000000114,wcl
2021-06-23 16:45:48,34210566,train,-116.62083333333334,-6.847999992370606,-54.31147766113281,-54.321136474609375,True,-0.0096588134765625,108.41499815850248,168.8398298261714,109.77858850926923,-2691.1536288677457,-1266.265000000114,wcl
2021-06-23 16:45:49,34210566,train,-115.99833333333332,-6.815999984741211,-54.155548095703125,-54.16175842285156,True,-0.0062103271484375,106.30635200625791,168.8398298261714,107.19759301926017,-2691.1536288677457,-1266.265000000114,wcl
2021-06-23 16:45:50,34210566,train,-114.44,-7.01866668065389,-53.995811462402344,-54.00694274902344,True,-0.01113128662109375,104.29187415751089,168.8398298261714,104.68923196927142,-2691.1536288677457,-1266.265000000114,wcl
2021-06-23 16:45:55,34210566,train,-113.6975,-6.162666683197021,-53.31364440917969,-53.31770324707031,True,-0.004058837890625,95.715507974189,230.71874479405616,183.3556150021365,-2669.1327584970736,-1196.5044666665212,wcl
2021-06-23 16:45:16,34210566,train,-101.9850352112676,0.7183098502352204,-59.70222473144531,-59.722259521484375,True,-0.0200347900390625,206.80971101743498,253.3205843444333,150.23876451693434,-2587.260291734281,-1340.6638666664028,wcl
2021-06-23 16:45:17,34210566,train,-104.23666666666666,0.5786666731039684,-59.538414001464844,-59.557647705078125,True,-0.01923370361328125,202.85268000464163,253.3205843444333,149.05625794775818,-2590.7610454855826,-1338.0663999999663,wcl
2021-06-23 16:45:18,34210566,train,-105.955,-0.7653333322207133,-59.37699890136719,-59.39549255371094,True,-0.01849365234375,199.0259628050735,253.3205843444333,148.1122287386183,-2594.3747267770823,-1335.4689333335298,wcl
2021-06-23 16:45:19,34210566,train,-108.125,-1.3670103218905705,-59.21485137939453,-59.23260498046875,True,-0.01775360107421875,195.25185934079693,253.3205843444333,146.97792373806962,-2597.9884080687016,-1333.0569999999582,wcl
