ts_gps,cell_id,lat,lon,rsrp_meas,rsrp_sim,snr_meas_db,snr_thermal_sim,is_los,veh_x,veh_y
2021-06-24 09:03:07,30827264,52.515521666666665,13.377441666666666,-81.71,-53.32244873046875,12.803000001907348,43.67755126953125,True,436.487529008644,748.4414666666758
2021-06-24 09:03:08,30827264,52.515521666666665,13.37744,-81.4325,-53.31648254394531,12.955000019073486,43.68351745605469,True,440.32706538102,744.1741999997091
2021-06-24 09:03:09,30827264,52.515521666666665,13.377438333333334,-81.551875,-53.31053924560547,13.175999975204467,43.68946075439453,True,443.26318143037076,740.4635333337103
2021-06-24 09:03:10,30827264,52.515521666666665,13.377436666666666,-81.71375,-53.30458068847656,12.774000024795532,43.69541931152344,True,446.3122250201598,736.9383999997854
2021-06-24 09:03:11,30827264,52.515521666666665,13.377435,-81.66125,-53.29863739013672,12.77500002861023,43.70136260986328,True,448.79663090811823,732.8566666664747
2021-06-24 09:03:43,30827264,52.51487,13.377301666666666,-96.451875,-57.297576904296875,-4.0920000076293945,39.702423095703125,True,472.7372694650386,674.9702666670842
2021-06-24 09:03:36,30827264,52.51488666666667,13.377321666666669,-96.379375,-57.227317810058594,-4.913999977111817,39.772682189941406,True,455.7981384106013,699.0896000004273
2021-06-24 09:03:37,30827264,52.514885,13.377318333333331,-96.38375,-57.232635498046875,-5.164000005722046,39.767364501953125,True,456.58863119330863,695.9355333330232
2021-06-24 09:03:38,30827264,52.51488166666667,13.377315,-96.959375,-57.24749755859375,-4.138999986648559,39.75250244140625,True,457.71790659684956,692.7814666664099
2021-06-24 09:03:39,30827264,52.514878333333336,13.377311666666667,-96.291875,-57.262351989746094,-4.006999998092652,39.737648010253906,True,459.29889216190304,689.256333333276
2021-06-24 09:03:40,30827264,52.514876666666666,13.37731,-95.925,-57.26979064941406,-3.473000020980835,39.73020935058594,True,461.2186603480309,685.731200000142
2021-06-24 09:03:41,30827264,52.51487333333333,13.377306666666666,-96.70125,-57.28468322753906,-3.649999992847442,39.71531677246094,True,463.7030662361097,681.2784000003105
2021-06-24 09:03:42,30827264,52.51487166666666,13.377303333333334,-96.635625,-57.29010772705078,-3.156000004410744,39.70989227294922,True,467.42967506792706,677.3821999998648
2021-06-24 09:03:13,30827264,52.51551833333333,13.377436666666666,-81.67375,-53.328582763671875,11.010000004768372,43.671417236328125,True,452.29738465942,724.8787333335093
2021-06-24 09:03:14,30827264,52.51551166666667,13.377438333333334,-81.5975,-53.382423400878906,10.299999985694884,43.617576599121094,True,453.0878774418866,720.9825333322726
2021-06-24 09:03:15,30827264,52.51549333333333,13.37744,-82.4025,-53.51959228515625,9.111000032424927,43.48040771484375,True,453.4266600630812,717.8284666664504
2021-06-24 09:03:16,30827264,52.51546666666667,13.377435,-81.421875,-53.69337463378906,9.438999972343446,43.30662536621094,True,453.4266600630812,715.9731333322645
2021-06-24 09:03:17,30827264,52.515425,13.377428333333333,-82.919375,-53.96861267089844,7.686000010967255,43.03138732910156,True,453.4266600630812,715.045466666358
2021-06-24 09:03:18,30827264,52.51537666666667,13.377415,-83.819375,-54.27079772949219,8.390999972820282,42.72920227050781,True,453.31373252252257,715.045466666358
2021-06-24 09:03:19,30827264,52.515325,13.377398333333334,-83.425625,-54.58744812011719,7.23699999332428,42.41255187988281,True,453.31373252252257,715.4165333336698
2021-06-24 09:03:20,30827264,52.51526666666667,13.377385,-83.66375,-54.95659637451172,7.098999985456467,42.04340362548828,True,453.0878774418866,715.6020666665347
2021-06-24 09:03:21,30827264,52.515205,13.377375,-85.0075,-55.349586486816406,6.355999984741211,41.650413513183594,True,453.0878774418866,715.7876000001907
2021-06-24 09:03:22,30827264,52.515145,13.377366666666669,-88.7,-55.72613525390625,1.0890000015497208,41.27386474609375,True,453.0878774418866,715.9731333322645
2021-06-24 09:03:23,30827264,52.51508833333333,13.377358333333332,-91.469375,-56.07238006591797,-2.376999984383583,40.92761993408203,True,453.0878774418866,715.9731333322645
2021-06-24 09:03:24,30827264,52.51503666666667,13.377351666666666,-92.22,-56.382179260253906,-3.26599999204278,40.617820739746094,True,452.97494990144827,715.9731333322645
2021-06-24 09:03:25,30827264,52.51499333333334,13.377348333333334,-93.00625,-56.63981628417969,-1.108999999538064,40.36018371582031,True,452.97494990144827,716.1586666667114
2021-06-24 09:03:26,30827264,52.51496,13.377345,-92.05,-56.83314514160156,-3.1119999998807906,40.16685485839844,True,452.8620223612506,716.1586666667114
2021-06-24 09:03:27,30827264,52.51493833333333,13.377343333333334,-92.26125,-56.95782470703125,-0.8330000007152557,40.04217529296875,True,452.7490948208123,716.1586666667114
2021-06-24 09:03:28,30827264,52.514925,13.37734,-94.975,-57.03077697753906,-2.645999989062548,39.96922302246094,True,452.8620223612506,716.1586666667114
2021-06-24 09:03:29,30827264,52.514915,13.377338333333334,-95.944375,-57.086395263671875,-4.251000003814697,39.913604736328125,True,452.8620223612506,716.1586666667114
2021-06-24 09:03:30,30827264,52.51491166666667,13.37734,-96.3425,-57.10780334472656,-4.564999995231628,39.89219665527344,True,452.97494990144827,716.1586666667114
2021-06-24 09:03:31,30827264,52.51490666666667,13.377338333333334,-96.345,-57.13433074951172,-3.006000006198883,39.86566925048828,True,452.97494990144827,716.1586666667114
2021-06-24 09:03:32,30827264,52.51490166666667,13.377335,-96.475625,-57.15864562988281,-3.4659999918937685,39.84135437011719,True,452.97494990144827,715.6020666665347
2021-06-24 09:03:33,30827264,52.514898333333335,13.377331666666668,-96.746875,-57.17340087890625,-3.810999982357025,39.82659912109375,True,453.5395876035196,712.4479999999215
2021-06-24 09:03:34,30827264,52.51489333333333,13.377328333333333,-96.023125,-57.197715759277344,-3.872999997138977,39.802284240722656,True,454.21715284554784,707.6241333335693
2021-06-24 09:03:35,30827264,52.51489,13.377325,-96.378125,-57.21250915527344,-4.164000012874603,39.78749084472656,True,455.00764562813475,702.985800000082
2021-06-24 09:03:12,30827264,52.51552,13.377435,-81.95125,-53.31066131591797,12.587000036239624,43.68933868408203,True,450.82932663480483,729.1459999996848
2021-06-24 09:03:44,30827264,52.51487,13.377301666666666,-97.83625,-57.297576904296875,-4.315,39.702423095703125,True,478.9482841850551,674.2281333332517
2021-06-24 09:03:45,30827264,52.51487,13.377301666666666,-96.956875,-57.297576904296875,-3.1509999978542327,39.702423095703125,True,485.6110090663435,674.7847333334283
2021-06-24 09:03:46,30827264,52.51487,13.377301666666666,-95.761875,-57.297576904296875,-3.4119999965280297,39.702423095703125,True,492.6125165688266,675.341333333605
2021-06-24 09:03:47,30827264,52.51487,13.377301666666666,-96.66,-57.297576904296875,-3.276999984905124,39.702423095703125,True,499.6140240711893,676.0834666666466
2021-06-24 09:03:48,30827264,52.51487,13.377301666666666,-93.759375,-57.297576904296875,-2.927999982386828,39.702423095703125,True,506.27674895259804,676.8255999996882
2021-06-24 09:03:49,26607105,52.51487,13.377301666666666,-93.35131578947367,-53.13543701171875,-2.4968420994909186,43.86456298828125,True,512.1489810514199,677.5677333335207
2021-06-24 09:03:50,26607105,52.51487,13.377301666666666,-92.43875,-53.13543701171875,-1.5829999940097332,43.86456298828125,True,517.0048652868985,678.1243333336975
2021-06-24 09:03:51,26607105,52.51487,13.377301666666666,-93.5873724489796,-53.13543701171875,-4.0622449023078895,43.86456298828125,True,520.9573291998332,678.6809333322922
2021-06-24 09:03:54,26607105,52.51487,13.377301666666666,-93.80028735632185,-53.13543701171875,-1.2609195361534755,43.86456298828125,True,529.5398222671291,680.3507333336131
2021-06-24 09:03:55,26607105,52.51487,13.377301666666666,-92.83376288659794,-53.13543701171875,-2.897938153485662,43.86456298828125,True,532.3630107762823,680.721800000134
2021-06-24 09:04:35,26607105,52.51483,13.3773,-92.64244186046513,-52.77728271484375,-0.7000000022005203,44.22271728515625,True,894.9733428799447,722.095733333417
2021-06-24 09:04:36,26607105,52.51479166666667,13.377295,-89.65625,-52.43174743652344,3.6050000236183406,44.56825256347656,True,900.2809372769358,723.0234000001144
2021-06-24 09:04:37,26607105,52.51474833333333,13.377293333333334,-88.980625,-52.020538330078125,1.959999999552965,44.979461669921875,True,906.266096916196,723.9510666660209
2021-06-24 09:04:38,26607105,52.51470333333334,13.377296666666666,-89.089375,-51.565635681152344,0.1979999889433384,45.434364318847656,True,912.8158942571664,725.0642666663742
2021-06-24 09:04:39,26607105,52.51465666666667,13.377301666666666,-89.426875,-51.071510314941406,1.895999991893768,45.928489685058594,True,919.7044742192112,725.9919333322807
2021-06-24 09:04:40,26607105,52.51460333333333,13.377308333333334,-89.724375,-50.48051452636719,4.633000010997057,46.51948547363281,True,927.1576918833273,726.9195999997692
2021-06-24 09:04:41,26607105,52.514543333333336,13.377315,-87.659375,-49.790008544921875,3.1660000202804803,47.209991455078125,True,934.8367646278386,727.8472666664666
2021-06-24 09:04:42,26607105,52.51448166666667,13.377318333333331,-82.708125,-49.07013702392578,5.9850000244379045,47.92986297607422,True,942.9675475338627,728.7749333331641
2021-06-24 09:04:43,26607105,52.51441833333333,13.377318333333331,-83.675,-48.33759307861328,6.075000024139881,48.66240692138672,True,950.8724753592506,729.7025999998616
2021-06-24 09:04:44,26607105,52.51435333333333,13.377311666666667,-82.329375,-47.646156311035156,4.282000018209219,49.353843688964844,True,958.890330725077,730.815800000215
2021-06-24 09:04:45,26607105,52.514291666666665,13.377301666666666,-82.819375,-47.081268310546875,5.307999974936247,49.918731689453125,True,967.1340411714189,731.7434666669124
2021-06-24 09:04:46,26607105,52.51423166666667,13.377291666666666,-84.1075,-46.64225769042969,3.4949999932944773,50.35774230957031,True,975.8294617793938,732.8566666664747
2021-06-24 09:04:47,26607105,52.51417166666667,13.37728,-84.135,-46.36952209472656,3.3950000005215406,50.63047790527344,True,984.8636650083228,733.7843333331722
2021-06-24 09:04:48,26607105,52.514115,13.377268333333332,-82.85625,-46.28852081298828,5.754999990388751,50.71147918701172,True,994.1237233181283,734.7119999998697
2021-06-24 09:04:49,26607105,52.51406333333333,13.377258333333334,-82.81,-46.361595153808594,9.495000030994415,50.638404846191406,True,1003.6096367085698,735.825200000223
2021-06-24 09:04:50,26607105,52.514015,13.377248333333334,-82.328125,-46.56248474121094,8.85900003194809,50.43751525878906,True,1013.3214051796474,736.7528666669205
2021-06-24 09:04:51,26607105,52.51397166666667,13.377241666666666,-81.784375,-46.811378479003906,9.325999958515167,50.188621520996094,True,1023.0331736509655,737.494999999962
2021-06-24 09:04:52,26607105,52.51393166666666,13.377233333333333,-81.578125,-47.12506103515625,10.329999980926514,49.87493896484375,True,1032.857869662361,737.8660666664828
2021-06-24 09:04:53,26607105,52.513891666666666,13.377226666666669,-80.9525,-47.471435546875,6.544999998807907,49.528564453125,True,1042.6825656738768,738.4226666666596
2021-06-24 09:04:54,26607105,52.51384333333333,13.377216666666667,-80.661875,-47.95201110839844,9.336000000536442,49.04798889160156,True,1052.6201892258312,739.350333333357
2021-06-24 09:04:55,26607105,52.51378833333333,13.377205,-81.0675,-48.53778839111328,8.391000023335218,48.46221160888672,True,1062.3319576969084,740.4635333337103
2021-06-24 09:04:56,26607105,52.513725,13.377193333333333,-81.546875,-49.223121643066406,9.554999990463257,47.776878356933594,True,1072.1566537084243,741.3912000004077
2021-06-24 09:04:57,26607105,52.51365666666667,13.377178333333331,-82.051875,-49.978302001953125,10.23300000190735,47.021697998046875,True,1081.642567098866,742.689933333626
2021-06-24 09:04:58,26607105,52.51358666666667,13.377163333333334,-82.731875,-50.73188781738281,9.951000008583067,46.26811218261719,True,1091.2414080297458,743.6176000003235
2021-06-24 09:04:59,26607105,52.513515,13.377148333333333,-82.960625,-51.472694396972656,12.866000003814698,45.527305603027344,True,1100.7273214201873,744.7307999998859
2021-06-24 09:05:00,26607105,52.51344,13.37713,-83.953125,-52.21986389160156,14.556999998092651,44.78013610839844,True,1110.4390898913853,745.8440000002392
2021-06-24 09:05:01,26607105,52.51336,13.377111666666666,-85.169375,-52.96771240234375,14.692000007629394,44.03228759765625,True,1120.3767134430987,747.1427333334575
2021-06-24 09:05:02,26607105,52.513275,13.377091666666669,-86.439375,-53.7147216796875,13.987000017166135,43.2852783203125,True,1130.4272645356114,748.4414666666758
2021-06-24 09:05:03,26607105,52.51319333333333,13.377071666666666,-88.100625,-54.38927459716797,14.593000011444092,42.61072540283203,True,1141.0424533294736,749.740199999894
2021-06-24 09:05:04,26607105,52.51311333333334,13.377051666666668,-88.10875,-55.01123046875,15.02399998664856,41.98876953125,True,1152.109352285089,751.0389333323212
2021-06-24 09:05:05,26607105,52.51303166666667,13.377028333333334,-86.285625,-55.614105224609375,15.081000022888183,41.385894775390625,True,1163.4021063212201,752.5231999999863
2021-06-24 09:05:06,26607105,52.51294833333333,13.37701,-84.008125,-56.1845703125,11.380999953746796,40.8154296875,True,1174.9207154381072,753.8219333332046
2021-06-24 09:05:07,26607105,52.51287,13.376996666666669,-87.88875,-56.686614990234375,11.884000000953677,40.313385009765625,True,1186.326397014797,755.3062000000787
2021-06-24 09:05:08,26607105,52.512793333333335,13.37699,-88.094375,-57.14610290527344,13.336999988555908,39.85389709472656,True,1197.8450061319252,756.419400000432
2021-06-24 09:05:09,26607105,52.512715,13.376988333333331,-88.91875,-57.58879852294922,11.353000030517578,39.41120147705078,True,1209.3636152488125,757.5325999999944
2021-06-24 09:05:10,26607105,52.51265,13.376988333333331,-87.820625,-57.940589904785156,14.024000043869018,39.059410095214844,True,1220.8822243656998,758.6458000003478
2021-06-24 09:05:11,26607105,52.512591666666665,13.37699,-84.323125,-58.24455261230469,13.80700002670288,38.75544738769531,True,1232.513761022905,759.944533333566
2021-06-24 09:05:12,26607105,52.51255833333333,13.376993333333331,-84.061875,-58.41197204589844,13.705999994277954,38.58802795410156,True,1243.9194425997152,761.4288000004401
2021-06-24 09:05:13,26607105,52.512528333333336,13.37699,-85.770625,-58.56626892089844,12.702000019550324,38.43373107910156,True,1255.0992690956487,763.2841333330441
2021-06-24 09:05:14,26607105,52.51249666666666,13.376966666666666,-87.218125,-58.74446105957031,11.717000012397769,38.25553894042969,True,1265.940312970267,765.6960666666157
2021-06-24 09:05:15,26607105,52.51246666666667,13.376918333333334,-94.12375,-58.93424987792969,4.590999982953072,38.06575012207031,True,1276.6684293046878,768.2935333322612
2021-06-24 09:05:16,26607105,52.51244666666667,13.376845,-96.5375,-59.09852600097656,2.7919999969750644,37.90147399902344,True,1287.5094731795468,770.7054666666238
2021-06-24 09:05:17,26607105,52.51243,13.376763333333331,-98.78625,-59.25675964355469,1.9089999970048663,37.74324035644531,True,1298.6892996753597,772.7463333336746
2021-06-24 09:05:18,26607105,52.512415,13.376681666666666,-100.12875,-59.40937042236328,1.4489999938011169,37.59062957763672,True,1310.3208363326855,774.2305999997577
2021-06-24 09:05:19,26607105,52.51239666666667,13.376603333333334,-100.435625,-59.57435607910156,0.203999987989664,37.42564392089844,True,1322.5170106918417,775.529333333767
2021-06-24 09:05:20,26607105,52.51237,13.376523333333331,-98.6225,-59.776397705078125,1.7640000022947788,37.223602294921875,True,1335.2778227528288,777.0135999998502
2021-06-24 09:05:21,26607105,52.512335,13.376443333333333,-97.02125,-60.01029968261719,1.6730000019818545,36.98970031738281,True,1348.603272515526,778.3123333322774
2021-06-24 09:05:22,26607105,52.51228833333333,13.376358333333334,-96.27375,-60.29118347167969,2.193999985307455,36.70881652832031,True,1362.380432439736,779.6110666670777
2021-06-24 09:05:23,26607105,52.512238333333336,13.376271666666666,-96.7475,-60.5792236328125,3.8109999906271694,36.4207763671875,True,1376.7222300657763,780.72426666664
2021-06-24 09:05:24,26607105,52.512185,13.376183333333334,-96.639375,-60.87322235107422,3.2630000019818546,36.12677764892578,True,1391.4028103127707,781.8374666669934
2021-06-24 09:05:25,26607105,52.51212833333334,13.37609,-98.944375,-61.175750732421875,1.2700000014156103,35.824249267578125,True,1405.8575354792495,782.9506666665557
2021-06-24 09:05:26,26607105,52.51207,13.375986666666666,-98.9825,-61.48560333251953,1.952999999895692,35.51439666748047,True,1419.747622944018,784.4349333334299
2021-06-24 09:05:27,26607105,52.512013333333336,13.37588,-98.539375,-61.78440856933594,1.4400000042468308,35.21559143066406,True,1432.847217625959,785.7336666666481
2021-06-24 09:05:28,26607105,52.511968333333336,13.375756666666666,-100.645625,-62.056922912597656,0.6109999912977219,34.943077087402344,True,1444.7046093639206,787.0323999998664
2021-06-24 09:05:29,26607105,52.51193166666667,13.375625,-99.78125,-62.30834197998047,3.118000013157725,34.69165802001953,True,1455.5456532387796,788.3311333322936
2021-06-24 09:05:30,26607105,52.511903333333336,13.375488333333331,-96.95625,-62.53803253173828,3.965999992489815,34.46196746826172,True,1465.5962043310517,789.444333333438
2021-06-24 09:05:31,26607105,52.511876666666666,13.37535,-98.20375,-62.76298522949219,3.900000007972121,34.23701477050781,True,1475.5338278828858,790.5575333330003
2021-06-24 09:05:32,26607105,52.511845,13.375206666666667,-103.1875,-63.004425048828125,-0.0670000044256448,33.995574951171875,True,1485.132668813645,791.6707333333536
2021-06-24 09:05:33,26607105,52.51181833333333,13.375061666666667,-103.633125,-63.232025146484375,0.4949999967962503,33.767974853515625,True,1494.1668720426946,792.783933333707
2021-06-24 09:05:34,26607105,52.511788333333335,13.374925,-103.254375,-63.455955505371094,1.170999996587634,33.544044494628906,True,1502.410582489277,793.7116000004045
2021-06-24 09:05:35,26607105,52.51175833333333,13.374796666666668,-104.4975,-63.66754150390625,-1.2269999878108502,33.33245849609375,True,1509.7508726127141,795.0103333336227
2021-06-24 09:03:52,26681600,52.51487,13.377301666666666,-94.84183673469389,-65.13645935058594,-2.1051020196505954,31.863540649414062,True,524.2322278702583,679.2375333332598
2021-06-24 09:03:53,26681600,52.51487,13.377301666666666,-95.768125,-65.13645935058594,-2.4679999984800816,31.863540649414062,True,526.942488838973,679.7941333334364
2021-06-24 09:03:56,26681600,52.51487,13.377301666666666,-87.739375,-65.13645935058594,6.582000012397766,31.863540649414062,True,536.2025471487785,681.2784000003105
2021-06-24 09:03:57,26681600,52.51487,13.377301666666666,-88.136875,-65.13645935058594,6.220999984741211,31.863540649414062,True,541.0584313842571,681.8349999996963
2021-06-24 09:03:58,26681600,52.51487,13.377301666666666,-87.671875,-65.13645935058594,6.26800000667572,31.863540649414062,True,547.043591023397,682.5771333335288
2021-06-24 09:03:59,26681600,52.51487,13.377303333333334,-90.099375,-65.13414001464844,4.895999958515168,31.865859985351562,True,553.7063159048058,683.3192666665705
2021-06-24 09:04:00,26681600,52.51487,13.377303333333334,-88.268125,-65.13414001464844,5.685999989509583,31.865859985351562,True,560.9336784880452,684.061400000403
2021-06-24 09:04:01,26681600,52.51487,13.377303333333334,-87.6375,-65.13414001464844,5.528000009059906,31.865859985351562,True,568.9515338537511,684.9890666671004
2021-06-24 09:04:02,26681600,52.51487,13.377303333333334,-87.995625,-65.13414001464844,5.218999998569489,31.865859985351562,True,577.759882002044,685.916733333007
2021-06-24 09:04:03,26681600,52.51487,13.377303333333334,-88.58125,-65.13414001464844,3.700999991893768,31.865859985351562,True,587.358722932924,687.0299333333603
2021-06-24 09:04:04,26681600,52.51487,13.377303333333334,-88.635625,-65.13414001464844,3.4269999980926515,31.865859985351562,True,597.2963464846374,687.9576000000577
2021-06-24 09:04:05,26681600,52.51487,13.377303333333334,-89.0075,-65.13414001464844,3.596000001430512,31.865859985351562,True,607.4598251173479,689.070800000411
2021-06-24 09:04:06,26681600,52.51487,13.377303333333334,-90.28125,-65.13414001464844,2.486000001505017,31.865859985351562,True,617.962086370892,690.1839999999734
2021-06-24 09:04:07,26681600,52.51487,13.377303333333334,-87.803125,-65.13414001464844,5.080000007152558,31.865859985351562,True,628.9160577861894,691.2972000003267
2021-06-24 09:04:08,26681600,52.51487,13.377303333333334,-87.74375,-65.13414001464844,4.895000014305115,31.865859985351562,True,639.9829567416846,692.595933333545
2021-06-24 09:04:09,26681600,52.51487,13.377303333333334,-87.885625,-65.13414001464844,3.985999992489815,31.865859985351562,True,651.275710777936,693.7091333323165
2021-06-24 09:04:10,26681600,52.51487,13.377303333333334,-87.856875,-65.13414001464844,3.92800000667572,31.865859985351562,True,662.6813923543848,695.0078666671166
2021-06-24 09:04:11,26681600,52.51487,13.377303333333334,-88.05875,-65.13414001464844,4.140999997854233,31.865859985351562,True,674.0870739310745,696.4921333331997
2021-06-24 09:04:12,26681600,52.51487,13.377303333333334,-87.193125,-65.13414001464844,4.487999999523163,31.865859985351562,True,685.3798279672056,697.6053333335531
2021-06-24 09:04:13,26681600,52.51487,13.377303333333334,-87.920625,-65.13414001464844,5.2639999985694885,31.865859985351562,True,696.5596544632594,698.9040666659804
2021-06-24 09:04:14,26681600,52.51487,13.377303333333334,-87.795625,-65.13414001464844,5.701999998092651,31.865859985351562,True,707.5136258783161,699.8317333334688
2021-06-24 09:04:15,26681600,52.51487,13.377303333333334,-87.71875,-65.13414001464844,5.379000015258789,31.865859985351562,True,718.1288146724188,700.9449333330313
2021-06-24 09:04:16,26681600,52.51487,13.377303333333334,-88.326875,-65.13414001464844,4.5520000076293945,31.865859985351562,True,728.292293305009,702.0581333333846
2021-06-24 09:04:17,26681600,52.51487,13.377303333333334,-87.304375,-65.13414001464844,5.540000009536743,31.865859985351562,True,738.116989316525,702.8002666664261
2021-06-24 09:04:18,26681600,52.51487,13.377303333333334,-87.944375,-65.13414001464844,5.192999985218048,31.865859985351562,True,747.8287577877228,703.5424000002587
2021-06-24 09:04:19,26681600,52.51487,13.377303333333334,-88.468125,-65.13414001464844,4.825999991893768,31.865859985351562,True,757.2017436378462,704.2845333333003
2021-06-24 09:04:20,26681600,52.51487,13.377303333333334,-87.765,-65.13414001464844,5.44599999666214,31.865859985351562,True,766.3488744072134,704.8411333334769
2021-06-24 09:04:21,26681600,52.51487,13.377303333333334,-87.506875,-65.13414001464844,5.773999993801117,31.865859985351562,True,775.6089327168987,705.7688000001745
2021-06-24 09:04:22,26681600,52.51487,13.377303333333334,-88.47375,-65.13414001464844,4.4409999781847,31.865859985351562,True,784.9819185669019,706.5109333332159
2021-06-24 09:04:23,26681600,52.51487,13.377303333333334,-87.82,-65.13414001464844,4.8649999928474426,31.865859985351562,True,794.6936870380998,707.6241333335693
2021-06-24 09:04:24,26681600,52.51487,13.377303333333334,-87.94625,-65.13414001464844,4.247999993562698,31.865859985351562,True,804.4054555092977,708.5518000002668
2021-06-24 09:04:25,26681600,52.51487,13.377303333333334,-88.36875,-65.13414001464844,3.504999988079071,31.865859985351562,True,814.1172239804955,709.6649999998292
2021-06-24 09:04:26,26681600,52.51487,13.377303333333334,-88.52375,-65.13414001464844,3.18299999833107,31.865859985351562,True,823.9419199920113,711.1492666667033
2021-06-24 09:04:27,26681600,52.51487,13.377303333333334,-88.108125,-65.13414001464844,4.315999965667725,31.865859985351562,True,833.7666160035271,712.8190666664423
2021-06-24 09:04:28,26681600,52.51487,13.377303333333334,-88.285,-65.13414001464844,5.426999998092652,31.865859985351562,True,843.7042395553609,714.6743999998373
2021-06-24 09:04:29,26681600,52.51487,13.377303333333334,-88.299375,-65.13414001464844,5.2349999833107,31.865859985351562,True,853.5289355668768,716.900799999753
2021-06-24 09:04:30,26681600,52.51487,13.377303333333334,-88.471875,-65.13414001464844,4.31299998998642,31.865859985351562,True,863.0148489573183,719.6837999998454
2021-06-24 09:04:31,26681600,52.51487,13.377303333333334,-88.850625,-65.13414001464844,4.810999995470047,31.865859985351562,True,871.1456318634627,720.9825333322726
2021-06-24 09:04:32,26681600,52.51487,13.377303333333334,-88.36375,-65.13414001464844,4.500000003576279,31.865859985351562,True,878.48592198702,721.9101999997611
2021-06-24 09:04:33,26681600,52.51486833333333,13.377303333333334,-90.459375,-65.1357192993164,3.2339999923855065,31.864280700683594,True,884.8098642473545,722.2812666670728
2021-06-24 09:04:34,26681600,52.514855,13.377303333333334,-93.391875,-65.14836120605469,0.5490000063180923,31.851638793945312,True,890.1174586443457,721.9101999997611
2021-06-24 09:05:36,26722816,52.51173333333333,13.374673333333334,-100.375,-57.23735046386719,3.1627659744563257,39.76264953613281,True,1517.2040902765893,796.1235333331852
2021-06-24 09:05:37,26722816,52.51170666666667,13.374555,-96.53375,-56.80061340332031,7.109000024795532,40.19938659667969,True,1524.5443804000265,797.0511999998826
2021-06-24 09:05:38,26722816,52.511678333333336,13.374436666666666,-94.240625,-56.34789276123047,9.381000022888184,40.65210723876953,True,1531.658815442948,797.97886666658
2021-06-24 09:05:39,26722816,52.51165,13.374313333333331,-92.675625,-55.85713195800781,11.43300000667572,41.14286804199219,True,1538.7732504858693,798.9065333332775
2021-06-24 09:05:40,26722816,52.51161666666667,13.374186666666668,-92.455625,-55.33869934082031,10.975000066757202,41.66130065917969,True,1545.661830447914,799.834199999975
2021-06-24 09:05:41,26722816,52.51157,13.374058333333334,-90.20375,-54.819244384765625,12.820000038146972,42.180755615234375,True,1552.437482869641,800.5763333330165
2021-06-24 09:05:42,26722816,52.511536666666665,13.373943333333331,-88.06125,-54.33513641357422,15.23499997138977,42.66486358642578,True,1558.9872802107316,801.3184666660582
2021-06-24 09:05:43,26722816,52.51150333333333,13.373826666666666,-82.32625,-53.839576721191406,20.428999948501588,43.160423278808594,True,1564.9724398498715,802.2461333335466
2021-06-24 09:05:44,26722816,52.511485,13.373715,-81.3375,-53.320709228515625,21.64699991226196,43.679290771484375,True,1570.3929617873011,802.8027333337232
2021-06-24 09:05:45,26722816,52.511475,13.373601666666667,-82.694375,-52.749473571777344,19.123999910354613,44.250526428222656,True,1575.1359184824614,803.5448666659738
2021-06-24 09:05:46,26722816,52.511455,13.373488333333333,-82.8975,-52.208168029785156,18.896999950408937,44.791831970214844,True,1579.314237476032,804.1014666669414
2021-06-24 09:05:47,26722816,52.51143833333333,13.373366666666668,-82.306875,-51.6048583984375,19.524000034332275,45.3951416015625,True,1583.266701388606,804.6580666671182
2021-06-24 09:05:48,26722816,52.51141666666667,13.373246666666669,-82.48,-51.055442810058594,19.52599996566773,45.944557189941406,True,1586.7674551397872,805.0291333336389
2021-06-24 09:05:49,26722816,52.51140333333333,13.373136666666667,-81.25125,-50.533607482910156,20.25400001525879,46.466392517089844,True,1589.8164987295763,805.2146666665038
2021-06-24 09:05:50,26722816,52.51139166666667,13.373026666666666,-80.043125,-50.03288269042969,21.125999908447262,46.96711730957031,True,1592.0750495368989,805.4002000001597
2021-06-24 09:05:51,26722816,52.51138,13.372923333333333,-80.35125,-49.618736267089844,21.337000064849853,47.381263732910156,True,1593.9948177229064,805.5857333330246
2021-06-24 09:05:52,26722816,52.51136833333333,13.372825,-79.84,-49.29576110839844,21.57399995803833,47.70423889160156,True,1595.4628757477624,805.7712666666805
2021-06-24 09:05:53,26722816,52.51135833333333,13.372731666666668,-78.419375,-49.05157470703125,22.28200008392334,47.94842529296875,True,1596.3662960706672,805.7712666666805
2021-06-24 09:05:54,26722816,52.51134833333333,13.372645,-78.97,-48.9112548828125,21.99000009536743,48.0887451171875,True,1596.9309337724978,805.7712666666805
2021-06-24 09:05:55,26722816,52.511336666666665,13.372553333333334,-79.811875,-48.86858367919922,20.483000030517577,48.13141632080078,True,1597.0438613128156,805.9568000003364
2021-06-24 09:05:56,26722816,52.51132333333334,13.37245,-80.305,-48.93939208984375,20.113999996185303,48.06060791015625,True,1597.0438613128156,805.7712666666805
2021-06-24 09:05:57,26722816,52.51131333333333,13.372333333333334,-79.543125,-49.089874267578125,20.801999969482424,47.910125732421875,True,1597.0438613128156,805.7712666666805
2021-06-24 09:05:58,26722816,52.511305,13.372213333333333,-78.85875,-49.35908508300781,21.35399997711181,47.64091491699219,True,1597.0438613128156,805.7712666666805
2021-06-24 09:05:59,26722816,52.51129666666667,13.372091666666666,-77.756875,-49.75199890136719,23.24600006103516,47.24800109863281,True,1597.0438613128156,805.7712666666805
2021-06-24 09:06:00,26722816,52.51128666666666,13.371965,-81.29625,-50.272071838378906,19.12900001525879,46.727928161621094,True,1596.9309337724978,805.7712666666805
2021-06-24 09:06:01,26722816,52.511271666666666,13.371826666666667,-83.2775,-50.948760986328125,17.547999935150145,46.051239013671875,True,1596.9309337724978,805.7712666666805
2021-06-24 09:06:02,26722816,52.511253333333336,13.371683333333332,-84.364375,-51.70094299316406,15.597999992370603,45.29905700683594,True,1596.9309337724978,805.7712666666805
2021-06-24 09:06:03,26722816,52.511235,13.371531666666666,-78.67125,-52.483001708984375,17.966999950408937,44.516998291015625,True,1596.9309337724978,805.7712666666805
2021-06-24 09:06:04,26722816,52.51121833333333,13.371373333333333,-78.561875,-53.26087951660156,15.710000009536744,43.73912048339844,True,1596.9309337724978,805.7712666666805
2021-06-24 09:06:05,26722816,52.51119833333333,13.371213333333332,-82.581875,-54.03437805175781,13.73600001335144,42.96562194824219,True,1596.9309337724978,805.7712666666805
2021-06-24 09:06:06,26722816,52.51118,13.371055,-82.71875,-54.753334045410156,13.26399995803833,42.246665954589844,True,1596.9309337724978,805.7712666666805
2021-06-24 09:06:07,26722816,52.51116,13.3709,-84.4675,-55.429046630859375,12.401000027656556,41.570953369140625,True,1596.9309337724978,805.7712666666805
2021-06-24 09:06:08,26722816,52.51113333333333,13.370751666666669,-83.70125,-56.06922912597656,12.452000002861023,40.93077087402344,True,1596.9309337724978,805.7712666666805
2021-06-24 09:06:09,26722816,52.51110833333333,13.370603333333332,-85.35875,-56.66571044921875,13.37300003051758,40.33428955078125,True,1596.9309337724978,805.7712666666805
2021-06-24 09:06:10,26722816,52.51108166666667,13.370451666666666,-83.944375,-57.244483947753906,14.670999984741211,39.755516052246094,True,1596.9309337724978,805.7712666666805
2021-06-24 09:06:11,26722816,52.511055,13.370295,-83.67625,-57.805816650390625,15.512000055313113,39.194183349609375,True,1596.9309337724978,805.7712666666805
2021-06-24 09:06:12,26722816,52.511025,13.370146666666669,-83.095625,-58.32133483886719,16.68199999809265,38.67866516113281,True,1596.9309337724978,805.7712666666805
2021-06-24 09:06:13,26722816,52.51099666666666,13.37,-84.153125,-58.8011474609375,14.018000001907348,38.1988525390625,True,1596.9309337724978,805.7712666666805
2021-06-24 09:06:14,26722816,52.51096833333333,13.369851666666667,-86.961875,-59.261695861816406,7.435000028610229,37.738304138183594,True,1596.9309337724978,805.7712666666805
2021-06-24 09:06:15,26722816,52.51094166666667,13.369703333333334,-91.20375,-59.69676971435547,3.598999993428588,37.30323028564453,True,1596.9309337724978,805.7712666666805
2021-06-24 09:06:16,26722816,52.51091666666667,13.369551666666666,-95.0275,-60.11687469482422,-0.2469999928027391,36.88312530517578,True,1596.9309337724978,805.7712666666805
2021-06-24 09:06:17,26722816,52.510893333333335,13.369398333333333,-95.29587765957449,-60.5191650390625,-1.7872340442176828,36.4808349609375,True,1596.9309337724978,805.7712666666805
2021-06-24 09:06:21,26722816,52.51079833333333,13.368805,-100.01875,-61.93688201904297,0.6729999996721745,35.06311798095703,True,1603.8195137344221,806.5133999997221
2021-06-24 09:06:22,26722816,52.510775,13.368665,-101.920625,-62.24280548095703,-1.7760000071674584,34.75719451904297,True,1609.4658907526082,807.0699999998988
2021-06-24 09:06:23,26722816,52.51075,13.368523333333334,-99.89561170212764,-62.54400634765625,-3.099999996021073,34.45599365234375,True,1615.4510503918682,808.1832000002521
2021-06-24 09:06:18,26349056,52.51087,13.369246666666667,-95.0175,-64.68659210205078,5.314999987334013,32.31340789794922,True,1596.9309337724978,805.7712666666805
2021-06-24 09:06:19,26349056,52.510846666666666,13.369095,-100.25375,-64.87973022460938,2.2589999905228613,32.120269775390625,True,1596.9309337724978,805.7712666666805
2021-06-24 09:06:20,26349056,52.510823333333335,13.368946666666666,-101.82712765957449,-65.06651306152344,2.77340425091221,31.933486938476562,True,1599.4153396604563,806.1423333332013
2021-06-24 09:06:24,26349058,52.510725,13.368383333333334,-95.35258152173913,-65.91067504882812,4.379347854982251,31.089324951171875,True,1622.0008477328388,808.9253333332937
2021-06-24 09:06:25,26349058,52.51070166666667,13.368246666666666,-101.2436224489796,-65.7345199584961,0.0020408107309925,31.265480041503906,True,1629.11528277576,809.8529999999912
2021-06-24 09:06:26,26349058,52.51067833333333,13.368113333333334,-99.64125,-65.55918884277344,2.12400001399219,31.440811157226562,True,1636.9072830607097,810.5951333330327
2021-06-24 09:06:27,26349058,52.510655,13.367983333333331,-101.6125,-65.38478088378906,1.434999994561076,31.615219116210938,True,1644.9251384264157,811.5227999997302
2021-06-24 09:06:28,26349058,52.51063166666667,13.367853333333333,-103.885625,-65.20782470703125,1.0149999964237213,31.79217529296875,True,1652.6042111710474,812.4504666664277
2021-06-24 09:06:29,26349058,52.51061166666667,13.367718333333332,-102.773125,-65.02891540527344,2.635000009164214,31.971084594726562,True,1659.718646213969,813.1926000002602
2021-06-24 09:06:30,26349058,52.51058833333333,13.36758,-101.04375,-64.83799743652344,4.208000014200807,32.16200256347656,True,1665.8167333935469,813.7492000004369
2021-06-24 09:06:31,26349058,52.510565,13.367435,-97.045,-64.63713836669922,7.407000004053116,32.36286163330078,True,1670.7855451695843,814.3057999998225
2021-06-24 09:06:32,26349058,52.51054166666667,13.367291666666668,-96.06186224489797,-64.43531036376953,8.178571389645946,32.56468963623047,True,1674.9638641627937,814.8623999999993
2021-06-24 09:06:33,26349058,52.51052,13.36715,-94.90125,-64.2360610961914,7.589000033140183,32.763938903808594,True,1678.5775454544134,815.0479333336551
2021-06-24 09:06:34,26349058,52.51049666666667,13.367011666666668,-92.21,-64.03457641601562,8.933999979496003,32.965423583984375,True,1681.4007339634463,815.0479333336551
2021-06-24 09:06:35,26349058,52.51047333333333,13.366868333333333,-93.723125,-63.8250732421875,10.266000014543533,33.1749267578125,True,1683.2075746092562,815.0479333336551
2021-06-24 09:06:36,26349058,52.51045166666667,13.366721666666669,-88.38625,-63.61334991455078,11.495,33.38665008544922,True,1683.885139851525,815.0479333336551
2021-06-24 09:06:37,26349058,52.51042833333333,13.36657,-91.4725,-63.390159606933594,10.798999998569489,33.609840393066406,True,1683.9980673919633,815.0479333336551
2021-06-24 09:06:38,26349058,52.510405,13.366416666666666,-98.434375,-63.163185119628906,8.678000016212463,33.836814880371094,True,1683.885139851525,814.8623999999993
2021-06-24 09:06:39,26349058,52.51038166666667,13.366266666666666,-99.690625,-62.938262939453125,7.282000007629395,34.061737060546875,True,1683.7722123109663,814.8623999999993
2021-06-24 09:06:40,26349058,52.51035666666667,13.36612,-102.529375,-62.711143493652344,5.232999994158745,34.288856506347656,True,1683.7722123109663,814.8623999999993
2021-06-24 09:06:41,26349058,52.510331666666666,13.365971666666669,-103.33,-62.48095703125,4.112999994754791,34.51904296875,True,1683.7722123109663,814.8623999999993
2021-06-24 09:06:42,26349058,52.51030333333333,13.365825,-103.353125,-62.241851806640625,4.729000023603439,34.758148193359375,True,1683.7722123109663,814.8623999999993
2021-06-24 09:06:43,26349058,52.51028,13.365668333333334,-102.82,-62.006805419921875,5.664000002145767,34.993194580078125,True,1683.7722123109663,814.8623999999993
2021-06-24 09:06:44,26349058,52.510255,13.36551,-102.16,-61.76609802246094,5.277000031471252,35.23390197753906,True,1683.7722123109663,814.8623999999993
2021-06-24 09:06:45,26349058,52.51023166666667,13.365353333333331,-101.786875,-61.534698486328125,5.525999995470047,35.465301513671875,True,1683.7722123109663,814.8623999999993
2021-06-24 09:06:46,26349058,52.51021,13.365196666666666,-101.825,-61.312705993652344,4.033999985232949,35.687294006347656,True,1683.7722123109663,814.8623999999993
2021-06-24 09:06:47,26349058,52.51018166666667,13.365043333333332,-101.471875,-61.07440185546875,3.105999989360571,35.92559814453125,True,1683.7722123109663,814.8623999999993
2021-06-24 09:06:48,26349058,52.510153333333335,13.364886666666669,-100.701875,-60.83777618408203,3.900999977514148,36.16222381591797,True,1683.7722123109663,814.8623999999993
2021-06-24 09:06:49,26349058,52.51012833333333,13.364721666666666,-100.646875,-60.614715576171875,4.737999981641769,36.385284423828125,True,1683.7722123109663,814.8623999999993
2021-06-24 09:06:50,26349058,52.51010166666666,13.364555,-101.295625,-60.39434814453125,6.907000012397766,36.60565185546875,True,1683.7722123109663,814.8623999999993
2021-06-24 09:06:51,26349058,52.51007333333333,13.364388333333334,-99.740625,-60.17955780029297,9.556000018119812,36.82044219970703,True,1683.7722123109663,814.8623999999993
2021-06-24 09:06:52,26349058,52.510041666666666,13.36422,-96.10625,-59.964111328125,12.439000005722043,37.035888671875,True,1683.7722123109663,814.8623999999993
2021-06-24 09:06:53,26349058,52.51001166666666,13.364053333333333,-95.234375,-59.773651123046875,13.920000066757202,37.226348876953125,True,1683.7722123109663,814.8623999999993
2021-06-24 09:06:54,26349058,52.50998333333333,13.363888333333334,-92.821875,-59.61090850830078,14.317999944686887,37.38909149169922,True,1683.7722123109663,814.8623999999993
2021-06-24 09:06:55,26349058,52.509955,13.36373,-89.6225,-59.47023010253906,15.943000040054322,37.52976989746094,True,1683.7722123109663,814.8623999999993
2021-06-24 09:06:56,26349058,52.509928333333335,13.363571666666669,-89.079375,-59.360015869140625,16.280000028610228,37.639984130859375,True,1683.6592847708891,814.8623999999993
2021-06-24 09:06:57,26349058,52.5099,13.363411666666666,-89.584375,-59.26698303222656,16.320999994277955,37.73301696777344,True,1683.7722123109663,814.8623999999993
2021-06-24 09:06:58,26349058,52.50987333333333,13.36325,-92.7625,-59.209503173828125,14.819000024795532,37.790496826171875,True,1683.7722123109663,814.8623999999993
2021-06-24 09:06:59,26349058,52.50985,13.363083333333334,-93.114375,-59.19969177246094,14.922000036239623,37.80030822753906,True,1683.6592847708891,814.8623999999993
2021-06-24 09:07:00,26349058,52.509835,13.362915,-93.195625,-59.26005554199219,15.30700002670288,37.73994445800781,True,1683.6592847708891,814.8623999999993
2021-06-24 09:07:01,26349058,52.50982833333333,13.36275,-95.344375,-59.382591247558594,14.510999994277954,37.617408752441406,True,1683.6592847708891,814.8623999999993
2021-06-24 09:07:02,26349058,52.50983,13.362588333333331,-96.308125,-59.5601806640625,13.27500002384186,37.4398193359375,True,1683.6592847708891,814.8623999999993
2021-06-24 09:07:03,26349058,52.509835,13.36243,-95.15875,-59.76433563232422,13.925,37.23566436767578,True,1683.6592847708891,814.8623999999993
2021-06-24 09:07:04,26349058,52.50984,13.362276666666666,-95.448125,-59.974639892578125,14.143000020980836,37.025360107421875,True,1683.6592847708891,814.8623999999993
2021-06-24 09:07:05,26349058,52.50984,13.362128333333333,-96.82375,-60.16914367675781,13.714000015258788,36.83085632324219,True,1683.6592847708891,814.8623999999993
2021-06-24 09:07:06,26349058,52.509845,13.36198,-96.536875,-60.39060974121094,14.365999960899352,36.60939025878906,True,1683.6592847708891,814.8623999999993
2021-06-24 09:07:07,26349058,52.50984666666667,13.361831666666667,-95.9875,-60.60639953613281,14.524999961853029,36.39360046386719,True,1683.6592847708891,814.6768666663434
2021-06-24 09:07:08,26349058,52.50984833333333,13.36168,-95.92375,-60.83252716064453,13.751999943256378,36.16747283935547,True,1683.6592847708891,814.6768666663434
2021-06-24 09:07:09,26349058,52.50985166666667,13.361521666666668,-96.98875,-61.07804870605469,13.216999983787536,35.92195129394531,True,1683.6592847708891,814.6768666663434
2021-06-24 09:07:10,26349058,52.50985833333333,13.361356666666667,-99.89125,-61.346092224121094,11.931000022888185,35.653907775878906,True,1683.6592847708891,814.6768666663434
2021-06-24 09:07:11,26349058,52.509861666666666,13.361191666666668,-102.824375,-61.60563659667969,9.630000023841855,35.39436340332031,True,1683.6592847708891,814.6768666663434
2021-06-24 09:07:12,26349058,52.509865,13.361026666666667,-105.143125,-61.86579895019531,8.802000002861023,35.13420104980469,True,1683.6592847708891,814.6768666663434
2021-06-24 09:07:13,26349058,52.50986833333333,13.360866666666666,-103.18625,-62.11799621582031,10.658999972343445,34.88200378417969,True,1683.6592847708891,814.6768666663434
2021-06-24 09:07:14,26349058,52.50987,13.360708333333331,-100.76625,-62.36273193359375,12.170000047683716,34.63726806640625,True,1683.6592847708891,814.6768666663434
2021-06-24 09:07:15,26349058,52.509875,13.360543333333334,-99.91,-62.62358093261719,11.405000002384186,34.37641906738281,True,1683.6592847708891,814.6768666663434
2021-06-24 09:07:16,26349058,52.50988,13.360378333333331,-100.195,-62.8817138671875,11.012999987602234,34.1182861328125,True,1683.6592847708891,814.6768666663434
2021-06-24 09:07:17,26349058,52.509883333333335,13.360215,-100.2,-63.13105773925781,11.044999985694885,33.86894226074219,True,1683.6592847708891,814.6768666663434
2021-06-24 09:07:18,26349058,52.509885,13.360058333333331,-97.370625,-63.36457061767578,13.508999948501588,33.63542938232422,True,1683.6592847708891,814.6768666663434
2021-06-24 09:07:19,26349058,52.50989333333333,13.359898333333334,-97.859375,-63.611907958984375,13.440999999046326,33.388092041015625,True,1683.6592847708891,814.6768666663434
2021-06-24 09:07:20,26349058,52.50989666666667,13.359738333333333,-98.12875,-63.84669494628906,12.356000018119811,33.15330505371094,True,1683.6592847708891,814.6768666663434
2021-06-24 09:07:21,26349058,52.50990333333333,13.359576666666667,-98.290625,-64.08565521240234,10.593999997377397,32.914344787597656,True,1683.6592847708891,814.6768666663434
2021-06-24 09:07:22,26349058,52.509908333333335,13.359413333333332,-97.75875,-64.3202896118164,8.885999975204468,32.679710388183594,True,1683.6592847708891,814.6768666663434
2021-06-24 09:07:23,26349058,52.50991666666667,13.359248333333332,-98.728125,-64.5579833984375,5.919000004529953,32.4420166015625,True,1683.6592847708891,814.6768666663434
2021-06-24 09:07:24,26349058,52.50992,13.359085,-99.116875,-64.7821044921875,5.064999980926514,32.2178955078125,True,1683.6592847708891,814.6768666663434
2021-06-24 09:07:25,26349058,52.509926666666665,13.358925,-99.226875,-65.00244903564453,3.9760000122338535,31.99755096435547,True,1683.6592847708891,814.6768666663434
2021-06-24 09:07:26,26349058,52.509935,13.358763333333334,-99.176875,-65.2229995727539,2.624999984353781,31.777000427246094,True,1683.6592847708891,814.6768666663434
2021-06-24 09:07:27,26349058,52.50993666666667,13.358598333333331,-100.98125,-65.43567657470703,0.6909999964386224,31.56432342529297,True,1683.6592847708891,814.6768666663434
2021-06-24 09:07:28,26349058,52.50994,13.358431666666666,-102.38,-65.64875793457031,-0.1040000242739915,31.351242065429688,True,1683.6592847708891,814.6768666663434
2021-06-24 09:07:29,26349058,52.50994333333333,13.358266666666667,-103.02,-65.85602569580078,2.25500000409782,31.14397430419922,True,1683.885139851525,814.6768666663434
2021-06-24 09:07:30,26349058,52.50994666666666,13.358098333333333,-103.350625,-66.06365966796875,0.0800000106543302,30.93634033203125,True,1684.2239224725995,814.6768666663434
2021-06-24 09:07:31,26349058,52.509945,13.357926666666666,-104.138125,-66.26659393310547,0.7589999858289957,30.73340606689453,True,1684.4497775532354,814.8623999999993
2021-06-24 09:07:32,26349058,52.50994666666666,13.357758333333331,-103.3575,-66.46543884277344,0.8730000265687704,30.534561157226562,True,1684.4497775532354,814.8623999999993
2021-06-24 09:07:33,26349058,52.509945,13.357591666666666,-103.9125,-66.65592193603516,1.8819999967515468,30.344078063964844,True,1684.4497775532354,814.8623999999993
2021-06-24 09:07:34,26349058,52.50994166666667,13.357423333333331,-103.6325,-66.84378814697266,0.8860000085085631,30.156211853027344,True,1684.4497775532354,814.8623999999993
2021-06-24 09:07:35,26349058,52.50993666666667,13.357256666666666,-105.930625,-67.02546691894531,-1.481000020056963,29.974533081054688,True,1684.6756326339917,814.8623999999993
2021-06-24 09:07:36,26349058,52.50993,13.357091666666667,-104.44909793814432,-67.2012939453125,2.578350507491028,29.7987060546875,True,1686.5954008201195,814.8623999999993
2021-06-24 09:07:37,26369024,52.50992333333333,13.35693,-99.91,-66.28144836425781,10.076000032424927,30.718551635742188,True,1689.757371950347,814.8623999999993
2021-06-24 09:07:38,26369024,52.509915,13.356773333333331,-99.350625,-66.09844207763672,9.048000044822691,30.90155792236328,True,1694.3874011051894,815.0479333336551
2021-06-24 09:07:39,26369024,52.50990166666666,13.356616666666667,-98.61875,-65.91770935058594,11.058000000715255,31.082290649414062,True,1699.6949955020602,815.0479333336551
2021-06-24 09:07:40,26369024,52.50989166666667,13.356461666666666,-99.3475,-65.73355102539062,10.287999978065493,31.266448974609375,True,1705.1155174396104,815.0479333336551
2021-06-24 09:07:41,26369024,52.50988,13.356308333333333,-100.028125,-65.55096435546875,10.382000017166138,31.44903564453125,True,1711.10067707875,814.3057999998225
2021-06-24 09:07:42,26369024,52.50986833333333,13.356161666666669,-98.815625,-65.3749771118164,11.540000004768372,31.625022888183594,True,1717.3116917987666,812.6360000000835
2021-06-24 09:07:43,26369024,52.50985833333333,13.356015,-97.72625,-65.19526672363281,12.473999967575072,31.804733276367188,True,1723.5227065186627,810.038533333647
2021-06-24 09:07:46,26369024,52.509816666666666,13.355556666666669,-100.24625,-64.63642883300781,11.09700002670288,32.36357116699219,True,1743.0591710013764,795.7524666666643
2021-06-24 09:07:44,26369024,52.509843333333336,13.355868333333332,-97.614375,-65.0198974609375,12.49400001525879,31.9801025390625,True,1729.8466487789972,806.3278666668572
2021-06-24 09:07:45,26369024,52.50983,13.355715,-99.190625,-64.83224487304688,11.39400002002716,32.167755126953125,True,1736.2835185796496,801.503999999714
2021-06-24 09:07:50,26369024,52.50976,13.3549,-98.278125,-63.81510925292969,11.35,33.18489074707031,True,1772.420331495606,773.1174000001954
2021-06-24 09:07:47,26369024,52.50980333333333,13.355395,-99.723125,-64.43467712402344,11.869999980926512,32.56532287597656,True,1750.1736060440571,790.0009333336146
2021-06-24 09:07:48,26369024,52.50978833333333,13.355233333333333,-100.961875,-64.23428344726562,11.211000018119812,32.765716552734375,True,1757.2880410869784,783.8783333332532
2021-06-24 09:07:49,26369024,52.509775,13.355068333333334,-100.274375,-64.02591705322266,10.242999987602234,32.974082946777344,True,1764.6283312105359,778.3123333322774
2021-06-24 09:07:51,26369024,52.509746666666665,13.354733333333334,-95.09,-63.60371398925781,13.367000031471251,33.39628601074219,True,1781.2286796437786,768.4790666667081
2021-06-24 09:07:52,26369024,52.50973166666667,13.354566666666669,-93.68375,-63.39582824707031,14.073000044822694,33.60417175292969,True,1791.0533756554148,764.7683999999183
2021-06-24 09:07:53,26369024,52.50971833333333,13.354398333333334,-94.440625,-63.183433532714844,14.54300006866455,33.816566467285156,True,1801.6685644493973,762.7275333336584
2021-06-24 09:07:54,26369024,52.50970333333333,13.354233333333331,-97.011875,-62.98091125488281,13.70400002002716,34.01908874511719,True,1812.7354634048922,762.3564666663467
2021-06-24 09:07:55,26369024,52.50968833333334,13.354075,-96.69625,-62.79048156738281,13.293000054359435,34.20951843261719,True,1823.9152899009462,763.8407333332208
2021-06-24 09:07:56,26369024,52.50967333333333,13.353915,-96.02875,-62.601104736328125,13.520999984741213,34.398895263671875,True,1834.7563337755641,766.6237333333131
2021-06-24 09:07:57,26369024,52.50966,13.353748333333334,-97.3025,-62.40264129638672,11.222999997138976,34.59735870361328,True,1845.3715225695469,770.5199333337589
2021-06-24 09:07:58,26369024,52.50965166666667,13.353576666666669,-98.401875,-62.189247131347656,11.881000046730042,34.810752868652344,True,1855.1962185810628,775.1582666664552
2021-06-24 09:07:59,26369024,52.50965,13.353401666666668,-98.583125,-61.957847595214844,12.231000018119811,35.042152404785156,True,1863.8916391890375,781.0953333331609
2021-06-24 09:08:00,26369024,52.509656666666665,13.35323,-97.853125,-61.71086120605469,12.819000024795532,35.28913879394531,True,1871.3448568531535,788.3311333322936
2021-06-24 09:08:01,26369024,52.50966833333333,13.353065,-98.519375,-61.46015930175781,13.019000024795533,35.53984069824219,True,1877.6687991132474,796.6801333333617
2021-06-24 09:08:02,26369024,52.509683333333335,13.352906666666666,-97.901875,-60.26118469238281,14.383999977111817,36.73881530761719,True,1883.4281036717514,805.7712666666805
2021-06-24 09:08:03,26369024,52.509701666666665,13.352755,-98.491875,-60.04632568359375,13.808999977111815,36.95367431640625,True,1889.6391183917676,814.4913333334785
2021-06-24 09:08:04,26369024,52.50972333333333,13.35261,-97.956875,-59.82977294921875,14.20600001335144,37.17022705078125,True,1896.6406258941306,822.6548000000997
2021-06-24 09:08:05,26369024,52.509745,13.352468333333332,-96.736875,-59.61778259277344,15.40000005722046,37.38221740722656,True,1904.6584812599567,829.7050666663677
2021-06-24 09:08:06,26369024,52.509765,13.352331666666666,-94.15625,-59.418190002441406,17.097000036239624,37.581809997558594,True,1913.5797569485678,835.2710666665524
2021-06-24 09:08:07,26369024,52.50977666666667,13.3522,-91.03875,-59.255340576171875,18.18200008392334,37.744659423828125,True,1923.1785978793273,839.352799999863
2021-06-24 09:08:08,26369024,52.50978,13.352085,-89.674375,-59.14207458496094,18.22900003433228,37.85792541503906,True,1933.003293890843,841.9502666670905
2021-06-24 09:08:09,26369024,52.50977833333334,13.351996666666668,-87.7225,-59.075439453125,18.17300003051757,37.924560546875,True,1942.9409174427974,843.8055999996946
2021-06-24 09:08:10,26369024,52.509771666666666,13.351945,-88.656875,-59.059722900390625,18.07500004768372,37.940277099609375,True,1953.2173236157053,844.9188000000479
2021-06-24 09:08:11,26369024,52.50976833333333,13.351916666666666,-92.12125,-59.05079650878906,15.004999980926511,37.94920349121094,True,1963.9454399501262,846.0320000004012
2021-06-24 09:08:12,26369024,52.50976833333333,13.351918333333334,-92.45625,-59.052040100097656,14.563999996185302,37.947959899902344,True,1975.2381939863776,847.3307333336195
2021-06-24 09:08:13,26369024,52.50977,13.351928333333332,-92.453125,-59.053314208984375,14.665999994277954,37.946685791015625,True,1986.9826581841414,848.8149999997026
2021-06-24 09:08:14,26369024,52.50977,13.351933333333331,-92.46375,-59.05706787109375,15.02399998664856,37.94293212890625,True,1998.9529774625414,850.1137333337118
2021-06-24 09:08:15,26369024,52.50976166666667,13.351936666666669,-92.4225,-59.09028625488281,15.509999961853028,37.90971374511719,True,2011.0362242811393,851.597999999795
2021-06-24 09:08:16,26369024,52.50976333333333,13.351936666666669,-92.36625,-59.08415985107422,15.66400001525879,37.91584014892578,True,2023.4582537211722,852.8967333330132
2021-06-24 09:08:17,26369024,52.50976333333333,13.351938333333331,-92.29625,-59.08539581298828,16.08699999809265,37.91460418701172,True,2036.1061382416005,854.1954666670224
2021-06-24 09:08:18,26369024,52.50976333333333,13.351938333333331,-92.315,-59.08539581298828,15.129000005722046,37.91460418701172,True,2048.8669503027077,855.6797333323146
2021-06-24 09:08:19,26369024,52.50976333333333,13.351938333333331,-92.263125,-59.08539581298828,17.262000017166137,37.91460418701172,True,2061.85361744421,856.9784666671148
2021-06-24 09:08:20,26369024,52.50976333333333,13.351938333333331,-92.28,-59.08539581298828,17.87699999809265,37.91460418701172,True,2074.953212126512,858.462733333198
2021-06-24 09:08:21,26369024,52.50976333333333,13.351938333333331,-92.32125,-59.08539581298828,17.951999998092653,37.91460418701172,True,2088.1657343488914,859.7614666664163
2021-06-24 09:08:22,26369024,52.50976166666667,13.351938333333331,-92.375,-59.09153747558594,18.41700005531311,37.90846252441406,True,2101.4911841115886,861.2457333332904
2021-06-24 09:08:23,26369024,52.50976166666667,13.351938333333331,-92.314375,-59.09153747558594,15.491000061035155,37.90846252441406,True,2114.9295614146035,862.7300000001645
2021-06-24 09:08:24,26369024,52.50976,13.351938333333331,-92.38,-59.09766387939453,16.290000019073485,37.90233612060547,True,2128.7067213388136,864.0287333333828
2021-06-24 09:08:25,26369024,52.50975666666667,13.351938333333331,-92.305,-59.10990905761719,15.351000022888185,37.89009094238281,True,2142.5968088034615,865.5130000002569
2021-06-24 09:08:26,26369024,52.509755,13.351938333333331,-92.2975,-59.11602020263672,16.47199993133545,37.88397979736328,True,2156.7127513486253,867.182799999996
2021-06-24 09:08:27,26369024,52.509753333333336,13.35194,-92.283125,-59.12336730957031,16.514999980926515,37.87663269042969,True,2170.9416214343482,868.6670666668701
2021-06-24 09:08:28,26369024,52.50975,13.351941666666669,-92.3825,-59.136802673339844,18.310999898910524,37.863197326660156,True,2185.2834190603885,870.3368666666091
2021-06-24 09:08:29,26369024,52.50974833333333,13.351945,-92.286875,-59.145362854003906,18.70800001144409,37.854637145996094,True,2199.6252166864288,871.8211333334832
2021-06-24 09:08:30,26369024,52.509745,13.351945,-92.391875,-59.15752410888672,17.67599997520447,37.84247589111328,True,2213.741159231713,873.3054000003574
2021-06-24 09:08:31,26369024,52.509745,13.351946666666668,-92.3625,-59.15875244140625,17.87999994277954,37.84124755859375,True,2227.8571017769973,874.6041333335756
2021-06-24 09:08:32,26369024,52.509745,13.351948333333333,-92.36,-59.159996032714844,18.38099994659424,37.840003967285156,True,2241.9730443222816,876.0884000004498
2021-06-24 09:08:33,26369024,52.509745,13.351948333333333,-92.268125,-59.159996032714844,18.22899997711181,37.840003967285156,True,2256.088986867686,877.7582000001888
2021-06-24 09:08:34,26369024,52.509745,13.351948333333333,-92.274375,-59.159996032714844,17.86000002861023,37.840003967285156,True,2270.317856953288,879.2424666670629
2021-06-24 09:08:35,26369024,52.509745,13.351948333333333,-92.258125,-59.159996032714844,18.37299998283386,37.840003967285156,True,2285.1113647407205,880.7267333323551
2021-06-24 09:08:53,26369024,52.50974833333333,13.351948333333333,-92.753125,-59.14784240722656,16.154000005722047,37.85215759277344,True,2537.7302725313407,907.6290666665816
2021-06-24 09:08:54,26369024,52.50974833333333,13.351948333333333,-92.6825,-59.14784240722656,16.07600001335144,37.85215759277344,True,2551.6203599961086,909.1133333334557
2021-06-24 09:08:55,26369024,52.50974833333333,13.351948333333333,-92.7075,-59.14784240722656,16.668999986648558,37.85215759277344,True,2565.6233750009546,910.5976000003297
2021-06-24 09:08:56,26369024,52.50974833333333,13.351948333333333,-92.66125,-59.14784240722656,17.07999994277954,37.85215759277344,True,2579.739317546239,912.0818666664129
2021-06-24 09:08:57,26369024,52.50974833333333,13.351948333333333,-92.708125,-59.14784240722656,17.234000005722045,37.85215759277344,True,2594.0811151722796,913.5661333332871
2021-06-24 09:08:58,26369024,52.50974833333333,13.351948333333333,-92.608125,-59.14784240722656,17.66299991607666,37.85215759277344,True,2608.6487678788353,915.0504000001613
2021-06-24 09:08:59,26369024,52.50974833333333,13.351948333333333,-92.418125,-59.14784240722656,17.34200001716614,37.85215759277344,True,2623.5552032068267,916.5346666670354
2021-06-24 09:09:00,26369024,52.50974833333333,13.351948333333333,-92.35375,-59.14784240722656,16.58800004005432,37.85215759277344,True,2638.687493615334,918.2044666659834
2021-06-24 09:09:01,26369024,52.50974833333333,13.351948333333333,-91.965625,-59.14784240722656,17.22800008773804,37.85215759277344,True,2654.0456391045973,919.8742666665134
2021-06-24 09:09:02,26369024,52.50974833333333,13.351948333333333,-88.78125,-59.14784240722656,18.899000005722044,37.85215759277344,True,2669.2908570534223,921.3585333333876
2021-06-24 09:09:03,26369024,52.50974833333333,13.351948333333333,-91.306875,-59.14784240722656,18.35900002479553,37.85215759277344,True,2684.7619300832444,923.0283333323357
2021-06-24 09:09:04,26369024,52.50973833333333,13.35191,-92.841875,-59.15643310546875,18.905000009536742,37.84356689453125,True,2700.0071480321894,924.6981333336566
2021-06-24 09:09:05,26369024,52.509725,13.351845,-93.1025,-59.16058349609375,18.142000007629395,37.83941650390625,True,2715.365293521453,926.3679333333957
2021-06-24 09:09:06,26369024,52.509725,13.351766666666666,-93.7975,-59.11048126220703,18.22300003051758,37.88951873779297,True,2730.4975839300805,928.0377333323438
2021-06-24 09:09:07,26369024,52.509726666666666,13.351678333333334,-93.96875,-59.05249786376953,16.796000089645386,37.94750213623047,True,2745.5169467980286,929.7075333336647
2021-06-24 09:09:08,26369024,52.509725,13.351566666666669,-95.506875,-59.00115966796875,14.619000024795533,37.99884033203125,True,2760.3104545855817,931.1917999997479
2021-06-24 09:09:09,26369024,52.50972166666666,13.351453333333334,-95.794375,-58.965293884277344,16.118999967575075,38.034706115722656,True,2775.1039623731353,932.6760666666221
2021-06-24 09:09:10,26369024,52.50971,13.351343333333332,-95.054375,-58.972511291503906,16.358000020980835,38.027488708496094,True,2789.5586875393733,933.9747999998403
2021-06-24 09:09:11,26369024,52.50969833333333,13.351226666666667,-95.62125,-58.988075256347656,16.50099998474121,38.011924743652344,True,2803.9004851655336,935.2735333322676
2021-06-24 09:09:12,26369024,52.509681666666665,13.351096666666669,-95.293125,-59.032508850097656,15.01200002670288,37.967491149902344,True,2818.2422827915743,936.7577999999327
2021-06-24 09:09:13,26369024,52.509661666666666,13.350955,-91.463125,-59.102783203125,16.22499997138977,37.897216796875,True,2832.4711528771763,938.4275999996717
2021-06-24 09:09:14,26369024,52.509638333333335,13.35081,-90.0125,-59.20057678222656,17.51200008392334,37.79942321777344,True,2846.4741678821424,940.0974000002018
2021-06-24 09:09:15,26369024,52.509615,13.350661666666667,-89.8575,-59.312705993652344,15.944000072479248,37.687294006347656,True,2860.477182887109,941.9527333335966
2021-06-24 09:09:16,26369024,52.509591666666665,13.35052,-91.48875,-59.435646057128906,17.079000062942505,37.564353942871094,True,2874.1414152708803,943.6225333333357
2021-06-24 09:09:17,26369024,52.509565,13.3504,-92.125,-59.57267761230469,18.10000002861023,37.42732238769531,True,2887.692720114454,944.5502000000331
2021-06-24 09:09:18,26369024,52.509535,13.350296666666669,-93.11375,-59.71995544433594,17.828999977111817,37.28004455566406,True,2901.0181698770307,945.8489333332514
2021-06-24 09:09:19,26369024,52.50949833333333,13.3502,-93.535625,-59.889190673828125,17.460000066757203,37.110809326171875,True,2914.117764559333,946.9621333336047
2021-06-24 09:09:20,26369024,52.509456666666665,13.350103333333331,-94.235625,-60.07513427734375,17.160000057220458,36.92486572265625,True,2927.104431700715,948.4463999996879
2021-06-24 09:09:21,26369024,52.50941,13.350005,-95.659375,-60.27680206298828,15.708000011444092,36.72319793701172,True,2939.9781713021403,949.7451333336971
2021-06-24 09:09:22,26369024,52.50936166666666,13.349906666666667,-95.56875,-60.48137664794922,15.925000009536744,36.51862335205078,True,2952.513128282251,951.2293999997803
2021-06-24 09:09:23,26369024,52.509301666666666,13.349811666666668,-95.1525,-60.716163635253906,16.504000062942506,36.283836364746094,True,2965.0480852624814,952.3426000001336
2021-06-24 09:09:24,26369024,52.50922833333333,13.349725,-94.87875,-60.97846984863281,15.80899998664856,36.02153015136719,True,2977.244259621638,953.6413333333519
2021-06-24 09:09:25,26369024,52.509146666666666,13.349646666666668,-93.25375,-61.252349853515625,16.44600001335144,35.747650146484375,True,2989.440433980914,954.7545333337052
2021-06-24 09:09:26,26369024,52.509055,13.349573333333334,-95.086875,-61.54174041748047,16.24700002670288,35.45825958251953,True,3001.297825718996,956.0532666669235
2021-06-24 09:09:27,26369024,52.50896,13.349511666666666,-98.04875,-61.82244873046875,13.442999982833864,35.17755126953125,True,3013.0422899167606,957.3520000001417
2021-06-24 09:09:28,26369024,52.50886166666667,13.349465,-99.341875,-62.09403991699219,12.471999969482422,34.90596008300781,True,3024.3350439528913,958.465199999704
2021-06-24 09:09:29,26369024,52.508761666666665,13.34943,-99.011875,-62.355186462402344,12.173000001907347,34.644813537597656,True,3035.17608782751,959.5784000000574
2021-06-24 09:09:30,26369024,52.508665,13.349398333333331,-97.2475,-62.59852600097656,13.107999982833862,34.40147399902344,True,3045.791276621733,960.6916000004107
2021-06-24 09:09:31,26369024,52.508568333333336,13.349361666666669,-97.341875,-62.836997985839844,12.56400001525879,34.163002014160156,True,3055.954755254323,961.6192666671083
2021-06-24 09:09:32,26369024,52.508475,13.349321666666668,-97.953125,-63.062744140625,13.83499997138977,33.937255859375,True,3065.3277411044464,962.5469333330147
2021-06-24 09:09:33,26369024,52.508383333333335,13.34927,-96.7175,-63.28368377685547,14.236000003814697,33.71631622314453,True,3073.684379091347,963.1035333331914
2021-06-24 09:09:34,26369024,52.508291666666665,13.34921,-96.08875,-63.502159118652344,12.866999988555907,33.497840881347656,True,3081.250524295541,963.4745999997122
2021-06-24 09:09:35,26369024,52.50819833333333,13.349138333333332,-94.353125,-63.72303009033203,14.664999990463256,33.27696990966797,True,3087.1227563943626,963.1035333331914
2021-06-24 09:09:36,26369024,52.50810333333333,13.349056666666666,-95.280625,-63.9454345703125,13.75800003051758,33.0545654296875,True,3091.9786406300814,962.9180000003265
2021-06-24 09:09:37,26369024,52.50800666666667,13.34897,-96.491875,-64.16725158691406,12.816000003814697,32.83274841308594,True,3095.8181770022175,961.990333333629
2021-06-24 09:09:38,26369024,52.50791,13.348876666666667,-96.190625,-64.38601684570312,11.923000020980837,32.613983154296875,True,3098.5284379708114,961.2481999997965
2021-06-24 09:09:42,26369024,52.50757333333333,13.34845,-98.329375,-65.14619445800781,3.113000005185604,31.853805541992188,True,3099.8835684553496,960.506066665964
2021-06-24 09:09:43,26369024,52.50750833333333,13.348336666666668,-94.60875,-65.2981185913086,2.2410000082850456,31.701881408691406,True,3099.5447858341545,960.1350000002342
2021-06-24 09:09:44,26369024,52.50744666666667,13.348226666666667,-95.27375,-65.44131469726562,1.0979999884217977,31.558685302734375,True,3099.5447858341545,960.1350000002342
2021-06-24 09:09:45,26369024,52.50738333333334,13.348113333333334,-96.899375,-65.58660888671875,-1.566000002399087,31.41339111328125,True,3099.5447858341545,960.1350000002342
2021-06-24 09:09:46,26369024,52.50732,13.347991666666667,-98.664375,-65.73329162597656,2.438999990522861,31.266708374023438,True,3099.5447858341545,960.1350000002342
2021-06-24 09:09:47,26369024,52.50725333333333,13.347853333333331,-101.026875,-65.88980865478516,1.8799999826401472,31.110191345214844,True,3099.9964959956674,960.1350000002342
2021-06-24 09:09:39,26369024,52.50781833333333,13.348776666666666,-97.339375,-64.59291076660156,9.980000033378602,32.40708923339844,True,3100.1094235359856,961.2481999997965
2021-06-24 09:09:40,26369024,52.50772833333333,13.348671666666666,-96.8225,-64.7940902709961,8.691000003814697,32.205909729003906,True,3100.561133697498,960.8771333332757
2021-06-24 09:09:41,26369024,52.507646666666666,13.348563333333331,-96.915,-64.97789001464844,7.150000006705523,32.02210998535156,True,3100.335278616742,960.6916000004107
2021-06-24 09:09:48,26369024,52.50718666666667,13.347703333333332,-102.316875,-66.04901123046875,1.4530000138282777,30.95098876953125,True,3102.7067569643823,960.1350000002342
2021-06-24 09:09:49,26369024,52.50712,13.34755,-101.77255154639175,-66.20762634277344,2.387628878284361,30.792373657226562,True,3106.8850759577117,960.1350000002342
2021-06-24 09:09:50,26369025,52.50706,13.347393333333333,-96.631875,-56.57013702392578,5.220000006854535,40.42986297607422,True,3111.8538877337496,960.1350000002342
2021-06-24 09:09:51,26369025,52.507005,13.347236666666667,-93.21625,-55.93629455566406,7.618999990224839,41.06370544433594,True,3117.1614821306202,960.506066665964
2021-06-24 09:09:52,26369025,52.50695833333333,13.347078333333334,-91.48,-55.25559997558594,10.53399998664856,41.74440002441406,True,3122.920786689245,961.0626666669316
2021-06-24 09:09:53,26369025,52.50691666666667,13.34692,-89.110625,-54.51658630371094,12.63300000667572,42.48341369628906,True,3129.696439110851,961.990333333629
2021-06-24 09:09:54,26369025,52.506881666666665,13.346765,-87.434375,-53.72966766357422,12.74300003528595,43.27033233642578,True,3137.4884393959205,963.2890666660563
2021-06-24 09:09:55,26369025,52.50684666666667,13.346613333333334,-85.15625,-52.864654541015625,17.114999961853027,44.135345458984375,True,3146.183860004016,964.9588666665863
2021-06-24 09:09:56,26369025,52.506818333333335,13.346466666666666,-81.99125,-51.947853088378906,19.11599994659424,45.052146911621094,True,3155.895628475094,966.9997333336371
2021-06-24 09:09:57,26369025,52.506791666666665,13.346325,-82.505,-50.95652770996094,18.53600004196167,46.04347229003906,True,3166.397889728758,968.6695333333762
2021-06-24 09:09:58,26369025,52.50676833333333,13.34619,-80.708125,-49.911293029785156,18.623000059127808,47.088706970214844,True,3177.351861143935,970.3393333323243
2021-06-24 09:09:59,26369025,52.506751666666666,13.34606,-80.056875,-48.839515686035156,18.70800005912781,48.160484313964844,True,3188.9833978012607,971.6380666663335
2021-06-24 09:10:00,26369025,52.506728333333335,13.345935,-79.505,-47.65679168701172,18.603999938964844,49.34320831298828,True,3201.292499700735,972.7512666666869
2021-06-24 09:10:01,26369025,52.5067,13.34581,-79.03625,-46.332557678222656,18.42100008010864,50.667442321777344,True,3214.6179494634325,973.8644666670402
2021-06-24 09:10:02,26369025,52.506675,13.345678333333334,-78.9825,-44.946990966796875,18.848000011444093,52.053009033203125,True,3228.6209644682776,974.6066000000817
2021-06-24 09:10:03,26369025,52.50664833333333,13.34554,-77.995625,-43.62757873535156,18.8639999294281,53.37242126464844,True,3242.736907013683,975.3487333323324
2021-06-24 09:10:04,26369025,52.50662,13.345396666666666,-79.070625,-42.798187255859375,17.583000049591064,54.201812744140625,True,3256.6269944783307,976.2763999998208
2021-06-24 09:10:05,26369025,52.50658666666666,13.345246666666666,-78.440625,-42.907875061035156,20.50399996757508,54.092124938964844,True,3270.065371781346,977.575133333039
2021-06-24 09:10:06,26369025,52.506553333333336,13.345095,-82.615625,-44.020751953125,17.588999967575074,52.979248046875,True,3283.0520389232097,978.6883333333924
2021-06-24 09:10:07,26369025,52.50651833333333,13.344945,-87.52125,-45.572113037109375,13.60399998664856,51.427886962890625,True,3295.8128509840762,979.9870666666106
2021-06-24 09:10:08,26369025,52.50648833333333,13.344798333333332,-90.045625,-47.138206481933594,10.937999997138975,49.861793518066406,True,3308.3478079641864,981.100266666964
2021-06-24 09:10:09,26369025,52.50646166666667,13.344656666666667,-91.803125,-48.54131317138672,9.206000003814696,48.45868682861328,True,3320.882764944417,982.5845333322561
2021-06-24 09:10:10,26369025,52.506435,13.344518333333331,-93.1725,-49.776611328125,6.422000005245208,47.223388671875,True,3333.191866844011,983.8832666670564
2021-06-24 09:10:11,26369025,52.50641,13.34438,-94.02625,-50.87639617919922,7.013999989032746,46.12360382080078,True,3345.3880412030476,985.1820000002747
2021-06-24 09:10:12,26369025,52.50638333333333,13.344243333333331,-94.18875,-51.84794616699219,7.174000029563904,45.15205383300781,True,3357.2454329411294,986.4807333334929
2021-06-24 09:10:13,26369025,52.50636,13.3441,-93.884375,-52.749267578125,7.551000001430512,44.250732421875,True,3368.9898971388934,987.7794666667112
2021-06-24 09:10:14,26369025,52.50634166666666,13.34395,-92.930625,-53.581787109375,8.462999992370605,43.418212890625,True,3380.508506255781,989.0781999999294
2021-06-24 09:10:15,26369025,52.50631833333333,13.3438,-91.414375,-54.335906982421875,9.412999992370606,42.664093017578125,True,3391.9141878323503,990.3769333323567
2021-06-24 09:10:16,26369025,52.506295,13.343658333333334,-89.940625,-54.983428955078125,10.80599997997284,42.016571044921875,True,3402.9810867879655,991.490133333501
2021-06-24 09:10:17,26369025,52.50627333333333,13.343521666666666,-90.49375,-55.55523681640625,9.149000027179715,41.44476318359375,True,3413.8221306628247,992.6033333322723
2021-06-24 09:10:18,26369025,52.50625333333333,13.343385,-90.43875,-56.081817626953125,8.528000028133393,40.918182373046875,True,3424.550246997125,993.7165333334167
2021-06-24 09:10:19,26369025,52.50623,13.34325,-91.9975,-56.568443298339844,5.926000008136034,40.431556701660156,True,3435.165435791228,994.82973333377
2021-06-24 09:10:20,26369025,52.506205,13.343116666666669,-92.71,-57.0208740234375,4.563000017106533,39.9791259765625,True,3445.554769504575,995.9429333333323
2021-06-24 09:10:21,26369025,52.50618,13.342993333333334,-91.8525,-57.41691589355469,4.7349999730288985,39.58308410644531,True,3455.7182481371647,997.0561333336857
2021-06-24 09:10:22,26369025,52.506155,13.342876666666667,-91.693125,-57.77362823486328,4.487999998927116,39.22637176513672,True,3465.768799229437,997.9838000003832
2021-06-24 09:10:23,26369025,52.50613,13.342766666666666,-91.353125,-58.095855712890625,1.755000000819564,38.904144287109375,True,3475.4805677005143,999.0969999999456
2021-06-24 09:10:24,26358784,52.506103333333336,13.342661666666666,-88.67058823529412,-55.18522644042969,6.208235290471245,41.81477355957031,True,3484.7406260103203,1000.210200000299
2021-06-24 09:10:25,26358784,52.50608166666667,13.342556666666669,-85.010625,-54.71442413330078,10.221000027656554,42.28557586669922,True,3493.4360466182948,1001.1378666669964
2021-06-24 09:10:26,26358784,52.50606166666667,13.342453333333331,-84.525625,-54.2216796875,9.103000025749209,42.7783203125,True,3501.6797570645163,1002.0655333336938
2021-06-24 09:10:27,26358784,52.506038333333336,13.342348333333334,-80.613125,-53.67493438720703,12.901000051498412,43.32506561279297,True,3509.4717573495864,1003.1787333332562
2021-06-24 09:10:28,26358784,52.50601666666667,13.342243333333334,-77.355,-53.08879852294922,13.076000022888184,43.91120147705078,True,3516.5861923925077,1004.2919333336096
2021-06-24 09:10:29,26358784,52.50599666666667,13.342138333333333,-73.115625,-52.45835876464844,18.230999965667724,44.54164123535156,True,3522.7972071124036,1005.2196000003071
2021-06-24 09:10:30,26358784,52.50597666666667,13.342036666666669,-71.625,-51.79234313964844,20.854999990463256,45.20765686035156,True,3528.669439211226,1005.9617333333485
2021-06-24 09:10:31,26358784,52.50595833333333,13.341946666666669,-69.7975,-51.15039825439453,20.57199995994568,45.84960174560547,True,3534.3158162294117,1006.5183333335253
2021-06-24 09:10:32,26358784,52.50594,13.341871666666666,-68.560625,-50.562530517578125,20.87500003814697,46.437469482421875,True,3539.6234106262827,1007.2604666665668
2021-06-24 09:10:33,26358784,52.50592833333333,13.341813333333333,-67.55375,-50.08879089355469,21.486999998092653,46.91120910644531,True,3544.253439781366,1007.8170666667436
2021-06-24 09:10:34,26358784,52.505915,13.341771666666666,-68.384375,-49.71123504638672,20.784999980926514,47.28876495361328,True,3547.980048613183,1008.3736666669201
2021-06-24 09:10:35,26358784,52.50590833333333,13.341751666666667,-67.196875,-49.52362060546875,23.457999935150145,47.47637939453125,True,3550.4644545011415,1008.3736666669201
2021-06-24 09:10:36,26358784,52.505905,13.341743333333334,-67.741875,-49.441688537597656,22.94399997711181,47.558311462402344,True,3552.2712951469516,1008.744733333441
2021-06-24 09:10:37,26358784,52.505903333333336,13.34175,-67.653125,-49.486900329589844,23.61899995803833,47.513099670410156,True,3553.626425631369,1008.9302666670969
2021-06-24 09:10:38,26358784,52.505905,13.341758333333331,-67.55375,-49.560546875,23.92700008392334,47.439453125,True,3554.5298459542737,1008.9302666670969
2021-06-24 09:10:39,26358784,52.50590666666667,13.341765,-67.6275,-49.620567321777344,23.39699998855591,47.379432678222656,True,3554.8686285753483,1008.9302666670969
2021-06-24 09:10:40,26358784,52.50590833333333,13.34177,-67.644375,-49.66735076904297,22.12199996948242,47.33264923095703,True,3554.981556115666,1008.744733333441
2021-06-24 09:10:41,26358784,52.50590833333333,13.341773333333334,-67.4525,-49.6932373046875,23.29100006103516,47.3067626953125,True,3554.8686285753483,1008.744733333441
2021-06-24 09:10:42,26358784,52.50590833333333,13.341773333333334,-67.9225,-49.69329071044922,22.91000001907349,47.30670928955078,True,3554.8686285753483,1008.744733333441
2021-06-24 09:10:43,26358784,52.50590833333333,13.341773333333334,-67.669375,-49.69329071044922,22.67199995040893,47.30670928955078,True,3554.8686285753483,1008.744733333441
2021-06-24 09:10:44,26358784,52.50590833333333,13.341773333333334,-67.649375,-49.6932373046875,23.794999961853023,47.3067626953125,True,3554.8686285753483,1008.744733333441
2021-06-24 09:10:45,26358784,52.50590833333333,13.341771666666666,-67.61625,-49.680328369140625,22.950000076293943,47.319671630859375,True,3554.8686285753483,1008.744733333441
2021-06-24 09:10:46,26358784,52.50590833333333,13.341771666666666,-67.77625,-49.680328369140625,22.998999938964843,47.319671630859375,True,3554.8686285753483,1008.744733333441
2021-06-24 09:10:47,26358784,52.50590833333333,13.34177,-67.90125,-49.66728973388672,22.017000007629395,47.33271026611328,True,3554.8686285753483,1008.744733333441
2021-06-24 09:10:48,26358784,52.50590833333333,13.34177,-67.795,-49.66735076904297,23.301000080108643,47.33264923095703,True,3554.8686285753483,1008.744733333441
2021-06-24 09:10:49,26358784,52.50590833333333,13.34177,-67.94125,-49.66728973388672,23.31800001144409,47.33271026611328,True,3554.8686285753483,1008.744733333441
2021-06-24 09:10:50,26358784,52.50590833333333,13.34177,-67.8325,-49.66735076904297,23.18900003433228,47.33264923095703,True,3554.8686285753483,1008.744733333441
2021-06-24 09:10:51,26358784,52.50590833333333,13.34177,-67.809375,-49.66735076904297,23.25499994277954,47.33264923095703,True,3554.8686285753483,1008.744733333441
2021-06-24 09:10:52,26358784,52.50590833333333,13.34177,-67.71875,-49.66728973388672,23.75999994277954,47.33271026611328,True,3554.8686285753483,1008.744733333441
2021-06-24 09:10:53,26358784,52.50590833333333,13.34177,-67.7425,-49.66735076904297,23.27500015258789,47.33264923095703,True,3554.8686285753483,1008.744733333441
2021-06-24 09:10:54,26358784,52.50590833333333,13.34177,-68.0175,-49.66735076904297,22.65800008773804,47.33264923095703,True,3554.8686285753483,1008.744733333441
2021-06-24 09:10:55,26358784,52.50590833333333,13.34177,-67.825625,-49.66728973388672,23.195,47.33271026611328,True,3554.8686285753483,1008.744733333441
2021-06-24 09:10:56,26358784,52.50590833333333,13.34177,-67.8725,-49.66735076904297,22.35599998474121,47.33264923095703,True,3554.8686285753483,1008.744733333441
2021-06-24 09:10:57,26358784,52.50590833333333,13.34177,-67.740625,-49.66728973388672,22.076999988555908,47.33271026611328,True,3554.8686285753483,1008.744733333441
2021-06-24 09:10:58,26358784,52.50590833333333,13.34177,-67.383125,-49.66735076904297,22.84400005340576,47.33264923095703,True,3554.8686285753483,1008.744733333441
2021-06-24 09:10:59,26358784,52.50590833333333,13.34177,-67.778125,-49.66735076904297,22.26900005340576,47.33264923095703,True,3554.8686285753483,1008.744733333441
2021-06-24 09:11:00,26358784,52.50590833333333,13.34177,-67.663125,-49.66728973388672,23.11400001525879,47.33271026611328,True,3554.8686285753483,1008.744733333441
2021-06-24 09:11:01,26358784,52.50590833333333,13.34177,-67.85375,-49.66735076904297,22.61599993705749,47.33264923095703,True,3554.8686285753483,1008.744733333441
2021-06-24 09:11:02,26358784,52.50590833333333,13.34177,-67.816875,-49.66735076904297,22.64700004577637,47.33264923095703,True,3554.8686285753483,1008.744733333441
2021-06-24 09:11:03,26358784,52.50590833333333,13.341771666666666,-67.556875,-49.680267333984375,22.56099992752075,47.319732666015625,True,3555.659121357815,1008.9302666670969
2021-06-24 09:11:04,26358784,52.50590833333333,13.341771666666666,-67.96875,-49.680267333984375,22.63100004196167,47.319732666015625,True,3556.4496141405225,1008.9302666670969
2021-06-24 09:11:05,26358784,52.50590833333333,13.341771666666666,-67.97625,-49.680267333984375,21.96800001144409,47.319732666015625,True,3556.7883967615967,1008.9302666670969
2021-06-24 09:11:06,26358784,52.50590833333333,13.341771666666666,-67.876875,-49.680267333984375,22.566000003814697,47.319732666015625,True,3556.7883967615967,1008.9302666670969
2021-06-24 09:11:07,26358784,52.50590833333333,13.341771666666666,-67.5925,-49.680328369140625,22.92399995803833,47.319671630859375,True,3556.7883967615967,1008.9302666670969
2021-06-24 09:11:08,26358784,52.50590833333333,13.341771666666666,-67.591875,-49.680328369140625,21.55000005722046,47.319671630859375,True,3556.7883967615967,1008.9302666670969
2021-06-24 09:11:09,26358784,52.50590833333333,13.341771666666666,-67.943125,-49.680267333984375,22.70800006866455,47.319732666015625,True,3556.7883967615967,1008.9302666670969
2021-06-24 09:11:10,26358784,52.50590833333333,13.341771666666666,-67.804375,-49.680267333984375,22.961000080108644,47.319732666015625,True,3556.7883967615967,1009.1157999999618
2021-06-24 09:11:11,26358784,52.50590833333333,13.341771666666666,-69.361875,-49.680267333984375,21.167999992370607,47.319732666015625,True,3557.014251842232,1008.9302666670969
2021-06-24 09:11:12,26358784,52.50590833333333,13.34177,-68.380625,-49.66735076904297,21.052000064849853,47.33264923095703,True,3558.8210924880423,1009.3013333336177
2021-06-24 09:11:13,26358784,52.50590666666667,13.341768333333333,-67.8625,-49.646644592285156,22.242000026702883,47.353355407714844,True,3562.2089186989056,1009.8579333330033
2021-06-24 09:11:14,26358784,52.505895,13.341728333333334,-69.508125,-49.27392578125,19.396999921798702,47.72607421875,True,3566.613092773112,1010.4145333331801
2021-06-24 09:11:15,26358784,52.50588166666667,13.341681666666666,-69.715,-48.82317352294922,18.245999965667725,48.17682647705078,True,3571.581904548909,1010.9711333333566
2021-06-24 09:11:16,26358784,52.50586166666667,13.34163,-69.343125,-48.27687072753906,19.91000002861023,48.72312927246094,True,3576.776571405582,1011.1566666670126
2021-06-24 09:11:17,26358784,52.50583833333334,13.341576666666668,-68.236875,-47.67693328857422,22.09400004386902,49.32306671142578,True,3582.1970933431317,1011.8988000000542
2021-06-24 09:11:18,26358784,52.505815,13.34153,-69.580625,-47.12324523925781,20.95800001144409,49.87675476074219,True,3587.617615280441,1011.8988000000542
2021-06-24 09:11:19,26358784,52.50579166666667,13.341491666666666,-70.4425,-46.6475830078125,19.137999925613403,50.3524169921875,True,3592.699354596676,1012.4554000002308
2021-06-24 09:11:20,26358784,52.505768333333336,13.341456666666666,-69.531875,-46.21266174316406,19.186000118255617,50.78733825683594,True,3597.668166372713,1012.2698666665749
2021-06-24 09:11:25,26358784,52.505671666666665,13.341356666666666,-68.533125,-45.17742156982422,21.76100004196167,51.82257843017578,True,3619.8019642838235,998.1693333332481
2021-06-24 09:11:26,26358784,52.505658333333336,13.341346666666666,-66.97625,-45.130126953125,22.39500011444092,51.869873046875,True,3624.431993438546,993.3454666668958
2021-06-24 09:11:21,26358784,52.505745,13.341425,-69.45125,-45.829437255859375,19.677999992370605,51.170562744140625,True,3602.411123067874,1011.7132666663983
2021-06-24 09:11:22,26358784,52.505721666666666,13.341398333333334,-68.62125,-45.527198791503906,21.107000036239626,51.472801208496094,True,3607.041152222596,1009.8579333330033
2021-06-24 09:11:23,26358784,52.5057,13.341378333333331,-67.6775,-45.33081817626953,20.24400004386902,51.66918182373047,True,3611.5582538372414,1006.8894000000461
2021-06-24 09:11:24,26358784,52.505685,13.341366666666667,-66.881875,-45.239471435546875,22.35799994468689,51.760528564453125,True,3615.7365728306913,1002.8076666667355
2021-06-24 09:12:54,26358784,52.505478333333336,13.341235,-71.11375,-46.081451416015625,19.04899991989136,50.918548583984375,True,3631.5464284813474,699.646199999813
2021-06-24 09:12:55,26358784,52.505478333333336,13.341233333333332,-71.219375,-46.07103729248047,18.921000061035155,50.92896270751953,True,3631.2076458602733,697.2342666670323
2021-06-24 09:12:56,26358784,52.505478333333336,13.341233333333332,-71.865,-46.07103729248047,18.85,50.92896270751953,True,3631.094718319955,695.7500000001583
2021-06-24 09:12:57,26358784,52.505478333333336,13.341233333333332,-71.55875,-46.07103729248047,16.764999923706053,50.92896270751953,True,3631.094718319955,694.45126666694
2021-06-24 09:12:58,26358784,52.505478333333336,13.341233333333332,-72.039375,-46.07103729248047,16.785999956130983,50.92896270751953,True,3631.094718319955,694.0802000004192
2021-06-24 09:12:59,26358784,52.505478333333336,13.341233333333332,-71.645,-46.07103729248047,17.8410000038147,50.92896270751953,True,3631.094718319955,693.7091333323165
2021-06-24 09:13:00,26358784,52.50548,13.341233333333332,-71.275625,-46.04656219482422,19.03000008583069,50.95343780517578,True,3631.2076458602733,693.5236000002425
2021-06-24 09:13:01,26358784,52.50548,13.341233333333332,-71.2775,-46.04656219482422,18.17499997138977,50.95343780517578,True,3631.094718319955,693.5236000002425
2021-06-24 09:13:02,26358784,52.50548,13.341233333333332,-71.62125,-46.04656219482422,13.964000010490418,50.95343780517578,True,3630.981790779517,693.5236000002425
2021-06-24 09:13:03,26358784,52.505478333333336,13.341233333333332,-72.48375,-46.07103729248047,14.637999982833865,50.92896270751953,True,3630.981790779517,693.5236000002425
2021-06-24 09:13:04,26358784,52.50545666666667,13.341228333333332,-73.25,-46.362449645996094,14.30799991607666,50.637550354003906,True,3630.8688632391986,693.3380666665867
2021-06-24 09:13:05,26358784,52.50542333333333,13.341223333333334,-72.6825,-46.83601379394531,12.621000008583067,50.16398620605469,True,3630.8688632391986,693.3380666665867
2021-06-24 09:13:06,26358784,52.505381666666665,13.341215,-66.784375,-47.423316955566406,17.431999983787538,49.576683044433594,True,3630.8688632391986,693.3380666665867
2021-06-24 09:13:07,26358784,52.50533166666666,13.341206666666666,-63.154375,-48.129676818847656,18.72099991798401,48.870323181152344,True,3630.981790779517,693.1525333337217
2021-06-24 09:13:08,26358784,52.50526833333333,13.341196666666669,-63.905625,-48.99665832519531,18.446999931335448,48.00334167480469,True,3630.981790779517,693.1525333337217
2021-06-24 09:13:09,26358784,52.50519833333333,13.341181666666667,-62.123125,-49.892433166503906,19.821000022888185,47.107566833496094,True,3631.094718319955,693.3380666665867
2021-06-24 09:13:10,26358784,52.505125,13.34116,-58.42625,-50.757484436035156,20.18399991989136,46.242515563964844,True,3631.094718319955,693.3380666665867
2021-06-24 09:13:11,26358784,52.505048333333335,13.341126666666666,-60.923125,-51.58275604248047,19.284000029563902,45.41724395751953,True,3630.981790779517,693.3380666665867
2021-06-24 09:13:12,26358784,52.50497166666667,13.341081666666666,-59.90375,-52.3397216796875,15.101000037193298,44.6602783203125,True,3631.094718319955,693.5236000002425
2021-06-24 09:13:13,26358784,52.50489,13.341025,-71.09744623655914,-53.086029052734375,5.924731145542796,43.913970947265625,True,3631.094718319955,693.5236000002425
2021-06-24 09:12:47,26358784,52.505478333333336,13.341235,-71.34625,-46.081451416015625,18.32000002861023,50.918548583984375,True,3636.966950418777,720.0548666663661
2021-06-24 09:12:48,26358784,52.505478333333336,13.341235,-71.28125,-46.081451416015625,16.275,50.918548583984375,True,3636.4023127170663,715.9731333322645
2021-06-24 09:12:49,26358784,52.505478333333336,13.341235,-71.14625,-46.081451416015625,17.120000019073487,50.918548583984375,True,3635.498892393921,712.6335333335774
2021-06-24 09:12:50,26358784,52.505478333333336,13.341235,-71.01375,-46.081451416015625,18.96699995994568,50.918548583984375,True,3634.256689450062,709.6649999998292
2021-06-24 09:12:51,26358784,52.505478333333336,13.341235,-71.15375,-46.081451416015625,19.593000020980835,50.918548583984375,True,3633.127414046401,706.8819999997368
2021-06-24 09:12:52,26358784,52.505478333333336,13.341235,-71.196875,-46.081451416015625,18.76500009536743,50.918548583984375,True,3632.2239937234954,704.2845333333003
2021-06-24 09:12:53,26358784,52.505478333333336,13.341235,-71.0575,-46.081451416015625,19.28099995613098,50.918548583984375,True,3631.6593560217857,701.8725999997287
2021-06-24 09:12:42,26358784,52.50548,13.341235,-71.116875,-46.057044982910156,18.74000005722046,50.942955017089844,True,3640.6935592507148,747.3282666671133
2021-06-24 09:12:43,26358784,52.505478333333336,13.341235,-71.104375,-46.081451416015625,19.12699999809265,50.918548583984375,True,3640.128921548884,742.1333333334494
2021-06-24 09:12:44,26358784,52.505478333333336,13.341235,-71.124375,-46.081451416015625,18.90799998283386,50.918548583984375,True,3639.4513563068554,736.9383999997854
2021-06-24 09:12:45,26358784,52.505478333333336,13.341235,-71.094375,-46.081451416015625,18.834000062942504,50.918548583984375,True,3638.6608635241478,731.3724000003915
2021-06-24 09:12:46,26358784,52.505478333333336,13.341235,-71.35125,-46.081451416015625,18.68100006103516,50.918548583984375,True,3637.757443201243,725.2498000000301
2021-06-24 09:12:36,26358784,52.50548,13.341235,-71.246875,-46.057044982910156,18.79700002670288,50.942955017089844,True,3644.1943130018954,773.6740000003721
2021-06-24 09:12:37,26358784,52.50548,13.341235,-71.285,-46.057044982910156,18.135999994277952,50.942955017089844,True,3643.742602840504,770.334400000103
2021-06-24 09:12:38,26358784,52.50548,13.341235,-71.4675,-46.057044982910156,16.553000020980836,50.942955017089844,True,3643.2908926791115,766.4382000004482
2021-06-24 09:12:39,26358784,52.50548,13.341235,-71.44,-46.057044982910156,17.578000011444093,50.942955017089844,True,3642.613327436842,761.9853999998259
2021-06-24 09:12:40,26358784,52.50548,13.341235,-71.2125,-46.057044982910156,18.0970000076294,50.942955017089844,True,3641.9357621945733,757.1615333334737
2021-06-24 09:12:41,26358784,52.50548,13.341235,-71.285625,-46.057044982910156,18.66000004768372,50.942955017089844,True,3641.2581969525454,752.1521333334656
2021-06-24 09:12:19,26358784,52.505475,13.341238333333331,-71.358125,-46.15107727050781,19.31699988365173,50.84892272949219,True,3647.130429051367,793.7116000004045
2021-06-24 09:12:20,26358784,52.50547666666667,13.341238333333331,-71.423125,-46.12671661376953,19.238999996185303,50.87328338623047,True,3646.4528638092183,788.3311333322936
2021-06-24 09:12:21,26358784,52.50547666666667,13.341238333333331,-71.36625,-46.12671661376953,19.04699999809265,50.87328338623047,True,3645.77529856707,783.8783333332532
2021-06-24 09:12:22,26358784,52.505478333333336,13.341238333333331,-71.266875,-46.102386474609375,19.45699995040893,50.897613525390625,True,3645.2106608653594,780.72426666664
2021-06-24 09:12:23,26358784,52.505478333333336,13.341238333333331,-71.194375,-46.102386474609375,19.054000072479248,50.897613525390625,True,3644.9848057843624,779.0544666669009
2021-06-24 09:12:24,26358784,52.505478333333336,13.341238333333331,-71.321875,-46.102386474609375,18.61599994659424,50.897613525390625,True,3644.8718782441647,778.3123333322774
2021-06-24 09:12:25,26358784,52.505478333333336,13.341236666666669,-71.409375,-46.09190368652344,19.054999961853028,50.90809631347656,True,3644.8718782441647,778.3123333322774
2021-06-24 09:12:26,26358784,52.50548,13.341236666666669,-71.425,-46.06755065917969,18.620999965667725,50.93244934082031,True,3644.8718782441647,778.3123333322774
2021-06-24 09:12:27,26358784,52.50548,13.341236666666669,-71.439375,-46.06755065917969,19.719000072479247,50.93244934082031,True,3644.758950703726,778.3123333322774
2021-06-24 09:12:28,26358784,52.50548,13.341236666666669,-71.480625,-46.06755065917969,19.30499999046326,50.93244934082031,True,3644.758950703726,778.3123333322774
2021-06-24 09:12:29,26358784,52.50548,13.341236666666669,-71.383125,-46.06755065917969,18.86299991607666,50.93244934082031,True,3644.758950703726,778.3123333322774
2021-06-24 09:12:30,26358784,52.50548,13.341236666666669,-71.549375,-46.06755065917969,19.1220000076294,50.93244934082031,True,3644.758950703726,778.1268000002035
2021-06-24 09:12:31,26358784,52.50548,13.341236666666669,-71.598125,-46.06755065917969,16.81399998664856,50.93244934082031,True,3644.758950703726,778.1268000002035
2021-06-24 09:12:32,26358784,52.50548,13.341235,-71.425625,-46.057044982910156,15.70900005340576,50.942955017089844,True,3644.758950703726,778.1268000002035
2021-06-24 09:12:33,26358784,52.50548,13.341235,-71.504375,-46.057044982910156,18.75499987602234,50.942955017089844,True,3644.758950703726,778.1268000002035
2021-06-24 09:12:34,26358784,52.50548,13.341235,-71.29375,-46.057044982910156,17.96099997520447,50.942955017089844,True,3644.758950703726,777.9412666665476
2021-06-24 09:12:35,26358784,52.50548,13.341235,-71.3275,-46.057044982910156,17.93399998664856,50.942955017089844,True,3644.5330956230905,776.2714666660177
2021-06-24 09:12:16,26358784,52.505473333333335,13.341263333333334,-71.175,-46.33417510986328,18.964000072479248,50.66582489013672,True,3649.9536175603994,813.9347333333018
2021-06-24 09:12:17,26358784,52.50547,13.341258333333334,-71.275,-46.349342346191406,19.15699995994568,50.650657653808594,True,3649.0501972374946,806.8844666670338
2021-06-24 09:12:18,26358784,52.505471666666665,13.341248333333333,-71.25625,-46.262115478515625,19.419999990463257,50.737884521484375,True,3648.1467769145897,800.0197333336308
2021-06-24 09:11:27,26358784,52.50564666666666,13.341338333333333,-67.58875,-45.10569763183594,22.541999893188475,51.89430236816406,True,3629.8525153759756,988.8926666670645
2021-06-24 09:11:28,26358784,52.50564,13.341333333333331,-67.919375,-45.09447479248047,22.832999935150145,51.90552520751953,True,3635.837675014995,984.9964666666187
2021-06-24 09:11:29,26358784,52.50563833333333,13.34133,-67.966875,-45.07044982910156,22.79500005722046,51.92955017089844,True,3642.0486897350115,981.2857999998289
2021-06-24 09:11:30,26358784,52.50563833333333,13.34133,-67.9725,-45.07044982910156,22.396000022888185,51.92955017089844,True,3647.807994293515,977.0185333336533
2021-06-24 09:12:15,26358784,52.50548166666667,13.341271666666668,-70.94,-46.27281188964844,18.54299995422363,50.72718811035156,True,3650.969965423743,821.7271333334022
2021-06-24 09:12:12,26358784,52.50557166666667,13.341306666666666,-71.369375,-45.42626953125,18.5320000076294,51.57373046875,True,3651.3087480448175,846.0320000004012
2021-06-24 09:12:13,26358784,52.505545,13.3413,-71.955,-45.668304443359375,18.42500005722046,51.331695556640625,True,3651.647530666012,837.8685333337799
2021-06-24 09:12:14,26358784,52.50550333333333,13.34128,-71.193125,-46.036766052246094,17.635,50.963233947753906,True,3651.647530666012,829.8906000000236
2021-06-24 09:12:09,26358784,52.50564,13.341328333333331,-70.3475,-45.04193115234375,19.50100001335144,51.95806884765625,True,3650.631182802548,870.1513333337442
2021-06-24 09:12:10,26358784,52.50563666666667,13.34133,-69.6275,-45.081634521484375,18.317000036239623,51.918365478515625,True,3650.744110342987,862.1733999999879
2021-06-24 09:12:11,26358784,52.505605,13.341316666666666,-70.31875,-45.19429016113281,19.331999988555907,51.80570983886719,True,3650.857037883304,854.1954666670224
2021-06-24 09:11:43,26358784,52.50564,13.341328333333331,-68.015625,-45.041954040527344,23.06300006866455,51.958045959472656,True,3652.2121683677224,897.4247333337005
2021-06-24 09:11:44,26358784,52.50564,13.341328333333331,-67.428125,-45.04193115234375,22.6460000038147,51.95806884765625,True,3651.986313287086,896.1259999996912
2021-06-24 09:11:45,26358784,52.50564,13.341328333333331,-67.729375,-45.041954040527344,22.075999965667723,51.958045959472656,True,3651.986313287086,895.9404666660353
2021-06-24 09:11:46,26358784,52.50564,13.341328333333331,-67.836875,-45.041954040527344,22.55700002670288,51.958045959472656,True,3652.0992408272837,896.6825999998679
2021-06-24 09:11:47,26358784,52.50564,13.341328333333331,-67.86375,-45.04193115234375,22.654999961853022,51.95806884765625,True,3652.2121683677224,897.0536666663886
2021-06-24 09:11:48,26358784,52.50564,13.341328333333331,-67.988125,-45.041954040527344,23.18300003051758,51.958045959472656,True,3652.438023448358,897.6102666665654
2021-06-24 09:11:49,26358784,52.50564,13.341328333333331,-67.856875,-45.04193115234375,23.01199993133545,51.95806884765625,True,3652.438023448358,897.7958000002212
2021-06-24 09:11:50,26358784,52.50564,13.341328333333331,-67.7925,-45.041954040527344,23.18599994659424,51.958045959472656,True,3652.3250959081606,897.7958000002212
2021-06-24 09:11:51,26358784,52.50564,13.341328333333331,-67.849375,-45.041954040527344,22.38400005340576,51.958045959472656,True,3652.438023448358,897.9813333322952
2021-06-24 09:11:52,26358784,52.50564,13.341328333333331,-67.79,-45.04193115234375,21.779000015258788,51.95806884765625,True,3652.3250959081606,898.166866666742
2021-06-24 09:11:53,26358784,52.50564,13.341328333333331,-67.6825,-45.041954040527344,22.22300003051758,51.958045959472656,True,3652.3250959081606,897.9813333322952
2021-06-24 09:11:54,26358784,52.50564,13.341328333333331,-68.096875,-45.041954040527344,21.87599998474121,51.958045959472656,True,3652.3250959081606,898.166866666742
2021-06-24 09:11:55,26358784,52.50564,13.341328333333331,-67.773125,-45.04193115234375,22.899000110626226,51.95806884765625,True,3652.3250959081606,898.166866666742
2021-06-24 09:11:56,26358784,52.50564,13.341328333333331,-67.410625,-45.041954040527344,22.425000019073487,51.958045959472656,True,3652.3250959081606,898.166866666742
2021-06-24 09:11:57,26358784,52.50564,13.341328333333331,-67.4975,-45.04193115234375,21.64400003433228,51.95806884765625,True,3652.3250959081606,898.166866666742
2021-06-24 09:11:58,26358784,52.50564,13.341328333333331,-67.883125,-45.041954040527344,21.087000045776367,51.958045959472656,True,3652.3250959081606,898.166866666742
2021-06-24 09:11:59,26358784,52.50564,13.341328333333331,-67.753125,-45.041954040527344,21.82099989891052,51.958045959472656,True,3652.3250959081606,898.166866666742
2021-06-24 09:12:00,26358784,52.50564,13.341328333333331,-68.803125,-45.04193115234375,20.780000038146973,51.95806884765625,True,3652.3250959081606,898.166866666742
2021-06-24 09:12:01,26358784,52.50564,13.341328333333331,-67.700625,-45.041954040527344,20.7370000743866,51.958045959472656,True,3652.3250959081606,898.3524000003979
2021-06-24 09:12:02,26358784,52.50564,13.341328333333331,-67.399375,-45.041954040527344,21.584999980926515,51.958045959472656,True,3652.3250959081606,898.5379333332628
2021-06-24 09:12:03,26358784,52.50564,13.341328333333331,-67.53625,-45.04193115234375,22.23199998855591,51.95806884765625,True,3652.3250959081606,898.3524000003979
2021-06-24 09:12:04,26358784,52.50564,13.341328333333331,-67.483125,-45.041954040527344,23.05199998855591,51.958045959472656,True,3652.3250959081606,897.7958000002212
2021-06-24 09:12:05,26358784,52.50564,13.341328333333331,-68.055625,-45.04193115234375,22.57099994659424,51.95806884765625,True,3651.986313287086,894.0851333334314
2021-06-24 09:12:06,26358784,52.50564,13.341328333333331,-68.77,-45.041954040527344,22.33499994277954,51.958045959472656,True,3651.647530666012,889.0757333334233
2021-06-24 09:12:07,26358784,52.50564,13.341328333333331,-66.461875,-45.04193115234375,23.792999992370607,51.95806884765625,True,3651.1958205043784,883.1386666667177
2021-06-24 09:12:08,26358784,52.50564,13.341328333333331,-68.161875,-45.04193115234375,22.16600004196167,51.95806884765625,True,3650.744110342987,876.8305333334913
2021-06-24 09:11:38,26358784,52.50564,13.341328333333331,-67.90875,-45.04193115234375,22.924999980926515,51.95806884765625,True,3654.922429336437,921.7295999999084
2021-06-24 09:11:39,26358784,52.50564,13.341328333333331,-67.858125,-45.04193115234375,23.42999998092652,51.95806884765625,True,3653.9060814730933,915.0504000001613
2021-06-24 09:11:40,26358784,52.50564,13.341328333333331,-67.89875,-45.04193115234375,22.86899995803833,51.95806884765625,True,3653.2285162309454,909.2988666671115
2021-06-24 09:11:41,26358784,52.50564,13.341328333333331,-68.029375,-45.04193115234375,23.02700002670288,51.95806884765625,True,3652.6638785291143,904.2894666671034
2021-06-24 09:11:42,26358784,52.50564,13.341328333333331,-67.96125,-45.04193115234375,22.601000003814697,51.95806884765625,True,3652.3250959081606,900.3932666666577
2021-06-24 09:11:35,26358784,52.50564,13.341328333333331,-67.993125,-45.04193115234375,22.187000102996823,51.95806884765625,True,3658.536110627936,943.4369999996798
2021-06-24 09:11:36,26358784,52.50564,13.341328333333331,-68.01,-45.04193115234375,22.60899995803833,51.95806884765625,True,3657.4068352243953,935.8301333332352
2021-06-24 09:11:37,26358784,52.50564,13.341328333333331,-67.890625,-45.04193115234375,22.627000007629395,51.95806884765625,True,3656.0517047399776,928.5943333333114
2021-06-24 09:11:31,26358784,52.50563833333333,13.341328333333331,-67.921875,-45.052978515625,22.61999988555908,51.947021484375,True,3652.6638785291143,972.1946666665101
2021-06-24 09:11:32,26358784,52.50564,13.341328333333331,-67.901875,-45.04193115234375,22.049000015258787,51.95806884765625,True,3656.390487361052,965.8865333332838
2021-06-24 09:11:33,26358784,52.50564,13.341328333333331,-67.88875,-45.041954040527344,22.38299997329712,51.958045959472656,True,3658.423183087739,958.8362666670159
2021-06-24 09:11:34,26358784,52.50564,13.341328333333331,-67.965,-45.041954040527344,22.881999988555908,51.958045959472656,True,3658.987820789449,951.0438666669154
2021-06-24 09:13:40,26358785,52.503436666666666,13.338883333333332,-87.066875,-57.75023651123047,0.9510000024735928,39.24976348876953,True,3629.2878776742655,669.9608666670761
2021-06-24 09:13:41,26358785,52.50346833333333,13.338783333333334,-88.375,-57.938453674316406,-1.4204301085042697,39.061546325683594,True,3628.4973848915583,663.4672000001939
2021-06-24 09:13:14,26358785,52.50481333333333,13.340963333333333,-61.113125,-51.483848571777344,20.885000019073487,45.516151428222656,True,3631.2076458602733,693.5236000002425
2021-06-24 09:13:15,26358785,52.504736666666666,13.340896666666668,-65.005,-50.731544494628906,18.45200002670288,46.268455505371094,True,3631.2076458602733,693.5236000002425
2021-06-24 09:13:16,26358785,52.504648333333336,13.340821666666669,-66.798125,-49.87286376953125,17.444000043869018,47.12713623046875,True,3631.2076458602733,693.5236000002425
2021-06-24 09:13:17,26358785,52.504558333333335,13.34073,-65.29375,-49.14872741699219,18.423000040054323,47.85127258300781,True,3631.2076458602733,693.5236000002425
2021-06-24 09:13:18,26358785,52.50445666666667,13.340631666666669,-65.20875,-48.578765869140625,19.28199993133545,48.421234130859375,True,3631.2076458602733,693.5236000002425
2021-06-24 09:13:19,26358785,52.50436166666667,13.340531666666667,-63.89,-48.48778533935547,20.30399997711181,48.51221466064453,True,3631.3205734005905,693.7091333323165
2021-06-24 09:13:20,26358785,52.50427166666667,13.340433333333332,-64.715625,-48.81743621826172,20.38599998474121,48.18256378173828,True,3631.3205734005905,693.7091333323165
2021-06-24 09:13:21,26358785,52.50418666666667,13.340335,-65.135625,-49.45518493652344,21.18500005722046,47.54481506347656,True,3631.3205734005905,693.7091333323165
2021-06-24 09:13:22,26358785,52.50410166666666,13.34024,-65.751875,-50.229522705078125,21.293000049591065,46.770477294921875,True,3631.3205734005905,693.7091333323165
2021-06-24 09:13:23,26358785,52.504018333333335,13.34015,-68.03125,-51.03819274902344,20.90599999427796,45.96180725097656,True,3631.3205734005905,693.7091333323165
2021-06-24 09:13:24,26358785,52.50393833333333,13.340065,-67.395,-51.81935119628906,21.037999935150147,45.18064880371094,True,3631.3205734005905,693.7091333323165
2021-06-24 09:13:25,26358785,52.503861666666666,13.339981666666668,-69.248125,-52.562400817871094,20.073000078201293,44.437599182128906,True,3631.3205734005905,693.7091333323165
2021-06-24 09:13:26,26358785,52.50379,13.339896666666666,-72.24875,-53.26158142089844,19.723999938964845,43.73841857910156,True,3631.3205734005905,693.7091333323165
2021-06-24 09:13:27,26358785,52.50371666666667,13.33981,-74.78125,-53.931884765625,17.05199998855591,43.068115234375,True,3631.3205734005905,693.7091333323165
2021-06-24 09:13:28,26358785,52.50364666666667,13.339715,-72.91,-54.579124450683594,17.62500002861023,42.420875549316406,True,3631.3205734005905,693.7091333323165
2021-06-24 09:13:29,26358785,52.50357666666667,13.339626666666666,-74.193125,-55.15521240234375,15.684000062942506,41.84478759765625,True,3631.3205734005905,693.7091333323165
2021-06-24 09:13:30,26358785,52.503508333333336,13.33955,-72.17875,-55.65147399902344,15.68900004386902,41.34852600097656,True,3631.3205734005905,693.7091333323165
2021-06-24 09:13:31,26358785,52.50346166666667,13.339465,-75.565,-56.07276153564453,13.511000051498414,40.92723846435547,True,3631.3205734005905,693.7091333323165
2021-06-24 09:13:32,26358785,52.50338333333333,13.339433333333334,-75.31,-56.42155456542969,13.3760000705719,40.57844543457031,True,3631.3205734005905,693.7091333323165
2021-06-24 09:13:33,26358785,52.50333166666667,13.339393333333334,-75.541875,-56.69944763183594,12.455,40.30055236816406,True,3631.3205734005905,693.7091333323165
2021-06-24 09:13:34,26358785,52.50330666666667,13.339351666666667,-78.438125,-56.88848876953125,9.951000032424927,40.11151123046875,True,3631.3205734005905,693.7091333323165
2021-06-24 09:13:35,26358785,52.50331833333333,13.339283333333332,-79.03125,-57.027671813964844,10.087999997138978,39.972328186035156,True,3631.3205734005905,693.7091333323165
2021-06-24 09:13:36,26358785,52.50333,13.339225,-78.2725,-57.14265441894531,9.152000002861024,39.85734558105469,True,3631.3205734005905,691.2972000003267
2021-06-24 09:13:37,26358785,52.50335,13.339155,-80.841875,-57.266326904296875,5.603999990224838,39.733673095703125,True,3631.3205734005905,687.0299333333603
2021-06-24 09:13:38,26358785,52.503375,13.339073333333332,-82.230625,-57.40992736816406,6.886000009179115,39.59007263183594,True,3630.755935698881,681.8349999996963
2021-06-24 09:13:39,26358785,52.50340666666666,13.338983333333331,-84.151875,-57.56293487548828,4.233999982178212,39.43706512451172,True,3630.078370456612,675.8979333337817
2021-06-24 09:14:21,26359553,52.50414,13.336858333333334,-81.22007978723404,-51.39552307128906,-0.1925531977668721,45.60447692871094,True,3402.303521545697,499.08466666662406
2021-06-24 09:14:18,26359553,52.50402833333333,13.337136666666666,-80.648125,-48.78535461425781,3.222000010982156,48.21464538574219,True,3422.517551270559,504.27960000028804
2021-06-24 09:14:19,26359553,52.50406,13.33705,-80.505,-49.656898498535156,3.167999991774559,47.343101501464844,True,3415.854826389271,502.23873333323724
2021-06-24 09:14:20,26359553,52.50409833333333,13.336958333333332,-80.8975,-50.53016662597656,1.1110000032931566,46.46983337402344,True,3409.30502904818,500.7544666663631
2021-06-24 09:14:15,26359553,52.503926666666665,13.33739,-76.4125,-45.762969970703125,12.143999996185302,51.237030029296875,True,3446.571117367798,512.6285999997742
2021-06-24 09:14:16,26359553,52.50396,13.337306666666668,-77.72875,-46.81945037841797,10.64700002193451,50.18054962158203,True,3438.101551840579,509.28900000029614
2021-06-24 09:14:17,26359553,52.50399333333333,13.337223333333334,-79.461875,-47.81770324707031,7.410000010728836,49.18229675292969,True,3429.970768934555,506.6915333322777
2021-06-24 09:14:12,26359553,52.503825,13.33765,-77.66875,-42.64874267578125,14.489999971389771,54.35125732421875,True,3472.8832342721175,523.3895333336229
2021-06-24 09:14:13,26359553,52.50385833333333,13.337561666666666,-78.129375,-43.56640625,13.356999988555907,53.43359375,True,3464.1878136643836,519.6788666660422
2021-06-24 09:14:14,26359553,52.50389333333333,13.337473333333334,-77.33625,-44.676116943359375,12.612999997138978,52.323883056640625,True,3455.3794655160905,516.1537333336992
2021-06-24 09:14:09,26359553,52.50373,13.337876666666666,-78.675,-42.4542236328125,15.103000049591063,54.5457763671875,True,3497.5014380711864,534.7070666668574
2021-06-24 09:14:10,26359553,52.503753333333336,13.33781,-78.030625,-42.16143035888672,14.867999963760376,54.83856964111328,True,3489.3706551652826,531.3674666665884
2021-06-24 09:14:11,26359553,52.50378666666667,13.337735,-76.84125,-42.149574279785156,14.984000053405762,54.850425720214844,True,3481.014017178262,527.4712666669336
2021-06-24 09:14:06,26359553,52.50372,13.337985,-79.976875,-43.070030212402344,14.829000034332276,53.929969787597656,True,3520.086946143689,543.7982000001762
2021-06-24 09:14:07,26359553,52.50372,13.337985,-79.506875,-43.070030212402344,15.017000007629395,53.929969787597656,True,3512.8595835604497,541.5718000002605
2021-06-24 09:14:08,26359553,52.50373333333334,13.337948333333332,-79.158125,-42.69734191894531,14.742000017166138,54.30265808105469,True,3505.293438356377,537.8611333334707
2021-06-24 09:14:03,26359553,52.50372,13.337985,-81.25,-43.070030212402344,13.39800004005432,53.929969787597656,True,3537.251932278642,548.9931333322581
2021-06-24 09:14:04,26359553,52.50372,13.337985,-81.130625,-43.070030212402344,13.197000017166138,53.929969787597656,True,3532.057265422089,547.6943999998309
2021-06-24 09:14:05,26359553,52.50372,13.337985,-80.21375,-43.070030212402344,14.047999992370606,53.929969787597656,True,3526.63674348478,546.0246000000918
2021-06-24 09:14:01,26359553,52.50372,13.337985,-81.2625,-43.07002258300781,13.28199995994568,53.92997741699219,True,3547.980048613183,553.8170000001924
2021-06-24 09:14:02,26359553,52.50372,13.337985,-81.2425,-43.07002258300781,13.39899995803833,53.92997741699219,True,3542.5595266758737,550.6629333335792
2021-06-24 09:13:58,26359553,52.50372,13.337985,-81.10625,-43.070030212402344,13.62299997329712,53.929969787597656,True,3566.048455071041,570.3294666670909
2021-06-24 09:13:59,26359553,52.50372,13.337985,-81.120625,-43.070030212402344,13.53600004196167,53.929969787597656,True,3559.724512810947,564.0213333322824
2021-06-24 09:14:00,26359553,52.50372,13.337985,-81.3175,-43.070030212402344,13.255,53.929969787597656,True,3553.7393531718076,558.4553333336796
2021-06-24 09:13:57,26359553,52.50372,13.337983333333334,-81.290625,-43.05902099609375,13.431999969482424,53.94097900390625,True,3572.598252412252,576.8231333331821
2021-06-24 09:13:53,26359553,52.503728333333335,13.337975,-79.239375,-42.91082000732422,14.909000005722046,54.08917999267578,True,3599.700862099159,599.4582000004419
2021-06-24 09:13:54,26359553,52.503726666666665,13.337971666666666,-80.8975,-42.908103942871094,13.598999977111816,54.091896057128906,True,3592.9252096774326,594.8198666669546
2021-06-24 09:13:55,26359553,52.503725,13.337975,-81.0775,-42.947906494140625,13.60600001335144,54.052093505859375,True,3586.1495572557055,589.2538666659789
2021-06-24 09:13:56,26359553,52.50372166666666,13.33798,-81.20875,-43.01800537109375,13.67999994277954,53.98199462890625,True,3579.373904833979,583.1312666664085
2021-06-24 09:13:49,26359553,52.503675,13.338148333333333,-83.21875,-44.923553466796875,10.920000004768372,52.076446533203125,True,3623.076862954128,611.3323333322711
2021-06-24 09:13:50,26359553,52.50369666666667,13.338083333333334,-81.410625,-44.10400390625,12.337000021934507,52.89599609375,True,3618.672688880042,607.8071999999281
2021-06-24 09:13:51,26359553,52.50371666666667,13.338026666666666,-81.47,-43.409873962402344,12.76499997138977,53.590126037597656,True,3612.9133843215386,605.2097333334916
2021-06-24 09:13:52,26359553,52.503726666666665,13.33799,-80.535,-43.029014587402344,13.851999950408937,53.970985412597656,True,3606.476514520886,602.79779999992
2021-06-24 09:13:47,26359553,52.50363333333333,13.338293333333333,-84.509375,-46.66007995605469,10.147000007629394,50.33992004394531,True,3627.255181947579,621.5366666667342
2021-06-24 09:13:48,26359553,52.50365333333333,13.33822,-83.903125,-45.80470275878906,10.304999985694884,51.19529724121094,True,3625.9000514632817,615.9706666665494
2021-06-24 09:13:43,26359553,52.50353,13.3386,-82.740625,-49.92144012451172,9.604999980926516,47.07855987548828,True,3627.7068921090918,649.3666666668671
2021-06-24 09:13:44,26359553,52.50356166666667,13.338518333333331,-83.691875,-49.10798645019531,9.902000041007996,47.89201354980469,True,3627.5939645686535,641.9453333332874
2021-06-24 09:13:45,26359553,52.50358666666666,13.338438333333333,-84.50375,-48.294761657714844,9.565000014305117,48.705238342285156,True,3627.7068921090918,634.8950666670194
2021-06-24 09:13:46,26359553,52.50361333333333,13.338366666666667,-84.68125,-47.478553771972656,10.152000002861024,49.521446228027344,True,3627.7068921090918,628.0303333336165
2021-06-24 09:13:42,26359553,52.5035,13.33869,-83.585625,-50.71345520019531,9.173000025749207,46.28654479980469,True,3627.9327471897277,656.6024666659998
2021-06-24 09:14:35,26359554,52.50441333333333,13.335736666666667,-68.415,-41.950843811035156,18.45700006484985,55.049156188964844,True,3294.0060103382666,474.22320000023944
2021-06-24 09:14:36,26359554,52.50441166666667,13.335745,-67.970625,-41.94148254394531,19.0639999294281,55.05851745605469,True,3288.811343481593,472.9244666670212
2021-06-24 09:14:37,26359554,52.50441166666667,13.33575,-68.4975,-41.93297576904297,18.537000036239625,55.06702423095703,True,3284.1813143267505,471.81126666666785
2021-06-24 09:14:38,26359554,52.50441166666667,13.335755,-68.464375,-41.92579650878906,19.707999954223634,55.07420349121094,True,3280.7934881157666,470.6980666671055
2021-06-24 09:14:39,26359554,52.50441166666667,13.335758333333333,-68.591875,-41.9217529296875,19.915999870300293,55.0782470703125,True,3278.309082227808,471.62573333301196
2021-06-24 09:14:40,26359554,52.50441166666667,13.335758333333333,-68.45375,-41.9217529296875,19.40899996757508,55.0782470703125,True,3276.7280966626345,472.36786666605354
2021-06-24 09:14:41,26359554,52.50441166666667,13.335758333333333,-68.560625,-41.9217529296875,19.37799995422364,55.0782470703125,True,3276.2763865013626,473.1099999998861
2021-06-24 09:14:42,26359554,52.50441166666667,13.335758333333333,-68.70375,-41.9217529296875,19.409999914169312,55.0782470703125,True,3277.405661904903,475.7074666671136
2021-06-24 09:14:43,26359554,52.50441166666667,13.335758333333333,-67.56625,-41.9217529296875,17.769000043869017,55.0782470703125,True,3278.309082227808,477.5627999997175
2021-06-24 09:14:44,26359554,52.50441166666667,13.335748333333331,-67.284375,-41.93566131591797,18.0139999961853,55.06433868408203,True,3278.647864849003,477.7483333333734
2021-06-24 09:14:45,26359554,52.504396666666665,13.335721666666666,-64.81125,-42.085235595703125,17.55100004196167,54.914764404296875,True,3278.760792389321,477.9338666670293
2021-06-24 09:14:46,26359554,52.50436,13.335678333333334,-64.216875,-42.58269500732422,18.51699998855591,54.41730499267578,True,3278.760792389321,477.9338666670293
2021-06-24 09:14:47,26359554,52.504315,13.335626666666666,-64.84625,-43.428733825683594,18.497000093460084,53.571266174316406,True,3278.760792389321,477.9338666670293
2021-06-24 09:14:48,26359554,52.504268333333336,13.335573333333333,-64.53625,-44.44507598876953,18.64600001811981,52.55492401123047,True,3278.647864849003,477.9338666670293
2021-06-24 09:14:49,26359554,52.50422,13.335518333333331,-67.619375,-45.52874755859375,18.15600001335144,51.47125244140625,True,3278.647864849003,477.9338666670293
2021-06-24 09:14:50,26359554,52.50416666666667,13.335463333333331,-69.085625,-46.65290832519531,16.608999967575073,50.34709167480469,True,3278.647864849003,477.9338666670293
2021-06-24 09:14:51,26359554,52.504106666666665,13.335403333333334,-71.89875,-47.82630920410156,16.516999969482423,49.17369079589844,True,3278.647864849003,477.9338666670293
2021-06-24 09:14:52,26359554,52.504041666666666,13.33533,-77.195,-49.029571533203125,13.861999983787536,47.970428466796875,True,3278.647864849003,477.9338666670293
2021-06-24 09:14:53,26359554,52.503978333333336,13.335256666666666,-79.838125,-50.09373474121094,12.244999988079073,46.90626525878906,True,3278.647864849003,477.9338666670293
2021-06-24 09:14:54,26359554,52.503908333333335,13.335178333333332,-81.561875,-51.133949279785156,11.880000035762787,45.866050720214844,True,3278.647864849003,477.9338666670293
2021-06-24 09:14:55,26359554,52.50383833333333,13.335093333333331,-83.884375,-52.08460998535156,10.799000008106232,44.91539001464844,True,3278.647864849003,477.9338666670293
2021-06-24 09:14:56,26359554,52.50376833333333,13.33501,-85.805,-52.92799377441406,11.161999998092652,44.07200622558594,True,3278.647864849003,477.9338666670293
2021-06-24 09:14:57,26359554,52.503695,13.33494,-84.05,-53.67034912109375,14.378000016212464,43.32965087890625,True,3278.647864849003,477.9338666670293
2021-06-24 09:14:58,26359554,52.503635,13.334865,-87.19125,-54.273338317871094,11.00000004053116,42.726661682128906,True,3278.647864849003,477.9338666670293
2021-06-24 09:14:59,26359554,52.50357666666667,13.334798333333334,-89.75386597938144,-54.799072265625,6.506185544213069,42.200927734375,True,3278.647864849003,477.9338666670293
2021-06-24 09:15:00,26359554,52.503526666666666,13.334735,-92.2525,-55.2347412109375,4.70999998986721,41.7652587890625,True,3278.647864849003,477.9338666670293
2021-06-24 09:15:01,26359554,52.503485,13.33467,-93.231875,-55.60462188720703,3.09499998703599,41.39537811279297,True,3278.647864849003,477.9338666670293
2021-06-24 09:15:02,26359554,52.503436666666666,13.334608333333334,-94.4828947368421,-55.98240661621094,1.9084210466397435,41.01759338378906,True,3278.647864849003,477.9338666670293
2021-06-24 09:14:31,26359554,52.50441666666666,13.335816666666666,-69.023125,-41.92570495605469,18.191000051498413,55.07429504394531,True,3321.4474026462476,481.08793333364247
2021-06-24 09:14:32,26359554,52.50441833333333,13.33576,-67.18375,-41.89097595214844,21.239999952316285,55.10902404785156,True,3314.10711252269,479.7892000004242
2021-06-24 09:14:33,26359554,52.504415,13.335731666666666,-69.378125,-41.95552062988281,18.59200001716614,55.04447937011719,True,3306.8797499395714,477.9338666670293
2021-06-24 09:14:34,26359554,52.50441166666667,13.335726666666666,-70.731875,-41.98399353027344,17.51999997138977,55.01600646972656,True,3300.3299525984803,476.2640666664993
2021-06-24 09:14:29,26359554,52.504395,13.335995,-75.06518817204301,-43.112998962402344,8.644086034067216,53.887001037597656,True,3337.5960409182185,484.24200000025564
2021-06-24 09:14:30,26359554,52.50440833333333,13.335896666666669,-71.671875,-42.28600311279297,11.841999974250792,54.71399688720703,True,3329.2394029313173,482.7577333333815
2021-06-24 09:14:25,26359554,52.504295,13.336433333333334,-77.37875,-48.09934997558594,3.7840000227093697,48.90065002441406,True,3371.0225928653394,492.21993333322104
2021-06-24 09:14:26,26359554,52.504331666666666,13.336321666666668,-78.0725,-46.84239196777344,3.233999996557832,50.15760803222656,True,3362.778882418877,489.9935333333053
2021-06-24 09:14:27,26359554,52.50436166666667,13.33621,-77.2752659574468,-45.527099609375,2.285106379459513,51.472900390625,True,3354.873954593489,487.9526666670455
2021-06-24 09:14:22,26359554,52.50418166666667,13.336755,-82.30875,-51.138160705566406,0.4409999977052212,45.861839294433594,True,3394.9632314221394,497.22933333322914
2021-06-24 09:14:23,26359554,52.50422,13.336648333333333,-79.39859693877551,-50.22614288330078,2.809183666976739,46.77385711669922,True,3386.9453760564334,495.745066666355
2021-06-24 09:14:24,26359554,52.50426,13.336541666666667,-78.845625,-49.208656311035156,1.6859999979287386,47.791343688964844,True,3379.0404482310455,494.07526666661596
2021-06-24 09:15:03,26359552,52.50338166666667,13.334545,-91.52125,-61.09083557128906,0.9549999971687794,35.90916442871094,True,3278.647864849003,477.9338666670293
2021-06-24 09:15:04,26359552,52.50331166666667,13.334476666666667,-95.905625,-61.328216552734375,-3.680000020489097,35.671783447265625,True,3278.647864849003,477.9338666670293
2021-06-24 09:14:28,26359552,52.50438166666667,13.336101666666666,-77.989375,-55.3131103515625,7.156000021249056,41.6868896484375,True,3346.2914615259524,486.09733333365057
2021-06-24 09:15:32,26720002,52.50118333333333,13.33223,-100.87875,-56.857948303222656,-4.277999999225139,40.142051696777344,True,3118.1778299939633,446.2076666664507
2021-06-24 09:15:31,26720002,52.50126333333333,13.332305,-98.896875,-56.352813720703125,-0.0689999973028898,40.647186279296875,True,3128.2283810862355,448.4340666663664
2021-06-24 09:15:29,26720002,52.50142,13.332485,-95.801875,-55.16650390625,2.154999984577298,41.83349609375,True,3145.619222301945,451.58813333377054
2021-06-24 09:15:30,26720002,52.50134333333333,13.332386666666666,-95.86375,-55.79412841796875,2.1889999939501283,41.20587158203125,True,3137.3755118557233,450.4749333334172
2021-06-24 09:15:25,26720002,52.501738333333336,13.332831666666667,-94.84875,-51.96360778808594,8.848999991416932,45.03639221191406,True,3172.495976908336,457.33966666602925
2021-06-24 09:15:26,26720002,52.50165666666667,13.33275,-96.570625,-52.90332794189453,6.156999986171723,44.09667205810547,True,3165.607396946171,455.4843333334253
2021-06-24 09:15:27,26720002,52.50157166666666,13.332668333333334,-96.059375,-53.762290954589844,4.488999996781349,43.237709045410156,True,3159.3963822263954,453.81453333368626
2021-06-24 09:15:28,26720002,52.501493333333336,13.332581666666666,-94.39875,-54.50169372558594,3.51,42.49830627441406,True,3152.8465848853048,452.51579999967703
2021-06-24 09:15:22,26720002,52.50196,13.333096666666666,-87.93375,-48.48866271972656,12.88300003051758,48.51133728027344,True,3199.033948893413,463.6478000000466
2021-06-24 09:15:23,26720002,52.501885,13.333005,-90.595625,-49.822265625,11.856000003814698,47.177734375,True,3189.7738905837273,461.235866666475
2021-06-24 09:15:24,26720002,52.501815,13.332915,-92.56,-50.939979553222656,10.65900002002716,46.060020446777344,True,3180.62675981436,459.3805333322891
2021-06-24 09:15:20,26720002,52.50212666666667,13.333276666666666,-88.3775,-45.08660888671875,14.216999998092652,51.91339111328125,True,3218.5704133761265,469.21380000023134
2021-06-24 09:15:21,26720002,52.50204333333333,13.333185,-88.274375,-46.88328552246094,13.34500002861023,50.11671447753906,True,3208.6327898242926,466.43080000013896
2021-06-24 09:15:17,26720002,52.50239333333333,13.333535,-86.7625,-42.09446716308594,9.367000020742417,54.90553283691406,True,3244.3178925787365,474.03766666658356
2021-06-24 09:15:18,26720002,52.50230666666667,13.333453333333331,-88.010625,-41.96527099609375,12.43399999141693,55.03472900390625,True,3236.4129647534683,473.4810666664069
2021-06-24 09:15:19,26720002,52.502215,13.333361666666669,-89.6725,-43.25282287597656,12.519999947547912,53.74717712402344,True,3227.9433992262498,471.62573333301196
2021-06-24 09:15:16,26720002,52.502478333333336,13.333615,-87.29,-43.39521789550781,9.252999994754791,53.60478210449219,True,3251.6581827022937,474.59426666596926
2021-06-24 09:15:12,26720002,52.50275,13.333873333333331,-93.999375,-48.795555114746094,7.950000040754676,48.204444885253906,True,3273.679053072966,476.2640666664993
2021-06-24 09:15:13,26720002,52.50268166666667,13.33381,-94.366875,-47.573486328125,7.9379999685287475,49.426513671875,True,3269.049023918123,475.1508666669369
2021-06-24 09:15:14,26720002,52.502613333333336,13.333751666666666,-92.4275,-46.25804138183594,8.566000019311906,50.74195861816406,True,3263.741429521252,475.1508666669369
2021-06-24 09:15:15,26720002,52.50254666666667,13.33369,-90.386875,-44.86457824707031,9.587000007629394,52.13542175292969,True,3258.095052502946,475.7074666671136
2021-06-24 09:15:05,26720002,52.503231666666665,13.334411666666666,-96.08377659574468,-54.789466857910156,2.823404254589944,42.210533142089844,True,3278.647864849003,477.9338666670293
2021-06-24 09:15:06,26720002,52.503145,13.33435,-95.580625,-54.08905792236328,5.534000005722046,42.91094207763672,True,3278.647864849003,477.9338666670293
2021-06-24 09:15:07,26720002,52.50307166666666,13.33427,-96.331875,-53.359771728515625,4.512999995350838,43.640228271484375,True,3278.647864849003,477.9338666670293
2021-06-24 09:15:08,26720002,52.50300666666666,13.334186666666668,-95.42375,-52.60840606689453,5.863000003099441,44.39159393310547,True,3278.647864849003,477.9338666670293
2021-06-24 09:15:09,26720002,52.50293666666666,13.33411,-96.97375,-51.75342559814453,5.285999990105629,45.24657440185547,True,3278.647864849003,477.9338666670293
2021-06-24 09:15:10,26720002,52.50288,13.334016666666669,-96.464375,-50.87339782714844,5.993999981284142,46.12660217285156,True,3278.647864849003,477.9338666670293
2021-06-24 09:15:11,26720002,52.502813333333336,13.333945,-95.525625,-49.870445251464844,6.694000025764108,47.129554748535156,True,3276.7280966626345,477.5627999997175
2021-06-24 09:16:42,26795520,52.50045833333333,13.329413333333331,-92.575625,-54.287193298339844,0.7119999941438436,42.712806701660156,True,2344.39832343089,338.2272666669792
2021-06-24 09:16:43,26795520,52.500445,13.329243333333334,-94.7975,-55.04412841796875,-3.8299999997764815,41.95587158203125,True,2332.653859233367,338.0417333333233
2021-06-24 09:16:40,26795520,52.50048833333334,13.32973,-90.028125,-52.61363983154297,2.6350000021606683,44.38636016845703,True,2367.209686584149,338.4127999998441
2021-06-24 09:16:41,26795520,52.50047333333333,13.329576666666666,-90.275625,-53.472198486328125,3.268000003695488,43.527801513671875,True,2355.916932548018,338.96940000002076
2021-06-24 09:16:38,26795520,52.500515,13.330028333333331,-89.98,-50.61651611328125,4.03800000987947,46.38348388671875,True,2390.4727598988006,336.55746666644916
2021-06-24 09:16:39,26795520,52.500501666666665,13.32988,-88.9325,-51.67097473144531,4.719999985992908,45.32902526855469,True,2378.7282957011566,337.6706666660115
2021-06-24 09:16:36,26795520,52.50054,13.330323333333334,-87.848125,-48.08844757080078,8.176999995708465,48.91155242919922,True,2414.0746158346465,333.96000000001266
2021-06-24 09:16:37,26795520,52.500528333333335,13.330176666666668,-90.16875,-49.42234802246094,5.219999981746078,47.57765197753906,True,2402.330151636762,335.2587333332309
2021-06-24 09:16:33,26795520,52.500571666666666,13.330708333333334,-78.820625,-43.938751220703125,17.142999963760374,53.061248779296875,True,2448.517515645111,330.4348666668787
2021-06-24 09:16:34,26795520,52.50056166666667,13.33059,-81.113125,-45.27088928222656,15.401999974250794,51.72911071777344,True,2437.111834068662,331.36253333357615
2021-06-24 09:16:35,26795520,52.50055166666667,13.330463333333334,-86.188125,-46.665245056152344,11.197999958992003,50.334754943847656,True,2425.7061524919723,332.8468000004503
2021-06-24 09:16:31,26795520,52.500593333333335,13.330931666666666,-78.518125,-42.03851318359375,19.3820000076294,54.96148681640625,True,2470.8771686368573,328.95060000000456
2021-06-24 09:16:32,26795520,52.50058333333333,13.33082,-79.189375,-42.80345153808594,18.61500003814697,54.19654846191406,True,2459.8102696814826,329.32166666652535
2021-06-24 09:16:29,26795520,52.50060833333333,13.331136666666668,-81.868125,-42.252113342285156,16.517999982833864,54.747886657714844,True,2491.994618684745,328.95060000000456
2021-06-24 09:16:30,26795520,52.50060166666667,13.331041666666668,-78.46,-41.87425994873047,19.54599995613098,55.12574005126953,True,2481.4923574310806,328.7650666663487
2021-06-24 09:16:26,26795520,52.500615,13.3313,-81.234375,-43.69610595703125,19.529999952316285,53.30389404296875,True,2522.146271961441,329.878266666702
2021-06-24 09:16:27,26795520,52.500615,13.33129,-83.046875,-43.59156799316406,16.684999990463258,53.40843200683594,True,2512.208648409487,330.0638000003579
2021-06-24 09:16:28,26795520,52.50061333333333,13.331226666666666,-82.320625,-42.963836669921875,18.06200001716613,54.036163330078125,True,2502.158097317215,329.32166666652535
2021-06-24 09:16:24,26795520,52.500615,13.3313,-79.0575,-43.69610595703125,21.153999996185306,53.30389404296875,True,2542.4732292267418,329.13613333366044
2021-06-24 09:16:25,26795520,52.500615,13.3313,-79.099375,-43.69610595703125,20.62400005340576,53.30389404296875,True,2532.196823053593,329.50720000018123
2021-06-24 09:16:21,26795520,52.500615,13.3313,-78.86625,-43.69610595703125,20.97500005722046,53.30389404296875,True,2573.3024477455865,327.6518666659953
2021-06-24 09:16:22,26795520,52.500615,13.3313,-78.888125,-43.69610595703125,21.31000005722046,53.30389404296875,True,2563.026041572558,328.208466666963
2021-06-24 09:16:23,26795520,52.500615,13.3313,-79.06375,-43.69610595703125,21.121999912261963,53.30389404296875,True,2552.74963539953,328.57953333348377
2021-06-24 09:16:19,26795520,52.500615,13.3313,-79.029375,-43.69610595703125,20.923999977111816,53.30389404296875,True,2593.516477470449,326.53866666643296
2021-06-24 09:16:20,26795520,52.500615,13.3313,-78.91125,-43.69610595703125,21.04699995040893,53.30389404296875,True,2583.691781458933,327.09526666660963
2021-06-24 09:16:16,26795520,52.500615,13.3313,-79.35125,-43.69610595703125,20.781000003814697,53.30389404296875,True,2623.3293481260703,326.35313333356805
2021-06-24 09:16:17,26795520,52.500615,13.3313,-79.28625,-43.69610595703125,20.47099996566773,53.30389404296875,True,2612.827086872406,326.16759999991217
2021-06-24 09:16:18,26795520,52.500615,13.3313,-79.18375,-43.69610595703125,20.8170000076294,53.30389404296875,True,2603.1153184013288,326.35313333356805
2021-06-24 09:16:14,26795520,52.500615,13.3313,-79.2625,-43.69610595703125,20.823000106811524,53.30389404296875,True,2645.1243634159864,325.0544000003498
2021-06-24 09:16:15,26795520,52.500615,13.3313,-79.3525,-43.69610595703125,20.622000064849853,53.30389404296875,True,2634.057464460371,325.98206666704726
2021-06-24 09:16:12,26795520,52.500615,13.3313,-79.143125,-43.69610595703125,20.730999927520752,53.30389404296875,True,2666.4676685446307,323.1990666669549
2021-06-24 09:16:13,26795520,52.500615,13.3313,-79.078125,-43.69610595703125,20.8339999961853,53.30389404296875,True,2655.852479750407,324.12673333365234
2021-06-24 09:16:10,26795520,52.500615,13.3313,-79.015,-43.69610595703125,20.558000011444094,53.30389404296875,True,2687.472191051959,324.12673333365234
2021-06-24 09:16:11,26795520,52.500615,13.3313,-78.9475,-43.69610595703125,20.78099994659424,53.30389404296875,True,2676.9699297981742,323.1990666669549
2021-06-24 09:16:09,26795520,52.500615,13.3313,-79.0575,-43.69610595703125,20.506999988555908,53.30389404296875,True,2698.20030738638,326.35313333356805
2021-06-24 09:16:07,26795520,52.500615,13.3313,-79.52375,-43.69610595703125,20.61500003814697,53.30389404296875,True,2720.6728879185644,332.8468000004503
2021-06-24 09:16:08,26795520,52.500615,13.3313,-79.36625,-43.69610595703125,20.71799997329712,53.30389404296875,True,2709.267206341875,329.69273333225516
2021-06-24 09:16:05,26795520,52.500615,13.3313,-79.3175,-43.69610595703125,20.67300003051757,53.30389404296875,True,2743.4842510717035,339.5260000001974
2021-06-24 09:16:06,26795520,52.500615,13.3313,-79.428125,-43.69610595703125,20.69399997711181,53.30389404296875,True,2731.965641954696,336.37193333358425
2021-06-24 09:16:03,26795520,52.500615,13.3313,-79.048125,-43.69610595703125,20.71299995422364,53.30389404296875,True,2765.956831603768,345.2775333332471
2021-06-24 09:16:04,26795520,52.500615,13.3313,-79.2275,-43.69610595703125,20.74999998092652,53.30389404296875,True,2754.777005107834,342.4945333331547
2021-06-24 09:16:02,26795520,52.500615,13.3313,-79.098125,-43.69610595703125,20.65400007247925,53.30389404296875,True,2777.362513180217,348.2460666669954
2021-06-24 09:16:00,26795520,52.500615,13.3313,-79.0775,-43.69610595703125,21.07399991989136,53.30389404296875,True,2799.9480212529606,353.99760000004505
2021-06-24 09:16:01,26795520,52.500615,13.3313,-78.996875,-43.69610595703125,20.57199998855591,53.30389404296875,True,2788.6552672165885,351.21459999995267
2021-06-24 09:15:58,26795520,52.500615,13.3313,-79.49125,-43.69610595703125,21.16799995422363,53.30389404296875,True,2821.9688916236328,360.3057333332714
2021-06-24 09:15:59,26795520,52.500615,13.3313,-79.221875,-43.69610595703125,20.915000095367432,53.30389404296875,True,2811.014920208335,357.15166666665823
2021-06-24 09:15:56,26795520,52.50061333333333,13.331295,-79.12875,-43.63816833496094,20.9770000076294,53.36183166503906,True,2843.763906913308,366.61386666649776
2021-06-24 09:15:57,26795520,52.50061333333333,13.331298333333333,-78.31125,-43.673126220703125,21.25200002670288,53.326873779296875,True,2832.9228630386892,363.2742666670197
2021-06-24 09:15:54,26795520,52.50061,13.331276666666668,-78.8,-43.43811798095703,21.20600004196167,53.56188201904297,True,2866.349414986051,373.2930666670359
2021-06-24 09:15:55,26795520,52.50061166666666,13.331288333333331,-78.963125,-43.563392639160156,21.24399991989136,53.436607360839844,True,2854.9437334093614,370.1390000004227
2021-06-24 09:15:52,26795520,52.50060833333333,13.331278333333334,-79.2125,-43.45030975341797,20.751000003814696,53.54969024658203,True,2889.6124883005823,380.7143999998246
2021-06-24 09:15:53,26795520,52.50060833333333,13.331266666666666,-78.77375,-43.33186340332031,20.970000019073485,53.66813659667969,True,2877.8680241028183,377.00373333303475
2021-06-24 09:15:49,26795520,52.50062,13.331458333333334,-82.7875,-45.449920654296875,17.558000011444094,51.550079345703125,True,2923.9424605708487,389.80553333235235
2021-06-24 09:15:50,26795520,52.50061166666666,13.331376666666667,-81.400625,-44.5206298828125,18.786999969482423,52.4793701171875,True,2912.5367789941592,387.02253333225997
2021-06-24 09:15:51,26795520,52.50060833333333,13.331313333333334,-82.57875,-43.81794738769531,16.045999965667725,53.18205261230469,True,2901.13109741747,384.23953333374953
2021-06-24 09:15:47,26795520,52.50063333333333,13.331601666666666,-85.4875,-47.01458740234375,14.826000061035156,49.98541259765625,True,2946.4150411027927,397.226866666723
2021-06-24 09:15:48,26795520,52.500625,13.331538333333333,-84.9425,-46.33226013183594,14.665999994277954,50.66773986816406,True,2935.1222870665415,393.70173333358906
2021-06-24 09:15:45,26795520,52.50065833333333,13.331698333333334,-86.735,-48.03401184082031,11.813000049591064,48.96598815917969,True,2969.1134767156136,404.46266666664684
2021-06-24 09:15:46,26795520,52.500643333333336,13.331655,-85.083125,-47.57501220703125,13.463000001907348,49.42498779296875,True,2957.820722679483,400.751999999857
2021-06-24 09:15:43,26795520,52.500695,13.331763333333331,-87.63,-48.745628356933594,10.502999997138977,48.254371643066406,True,2992.602405111021,411.32740000004986
2021-06-24 09:15:44,26795520,52.50067833333333,13.331735,-86.389375,-48.43548583984375,12.89400001525879,48.56451416015625,True,2980.7450133729394,407.9877999997808
2021-06-24 09:15:41,26795520,52.50072,13.331778333333334,-88.749375,-48.972137451171875,10.99599998474121,48.027862548828125,True,3016.3171885871852,418.006599999797
2021-06-24 09:15:42,26795520,52.500706666666666,13.331776666666666,-86.36375,-48.90477752685547,13.402000036239624,48.09522247314453,True,3004.4597968491034,414.8525333331838
2021-06-24 09:15:39,26795520,52.50076,13.33179,-87.95875,-49.2530517578125,12.147999963760377,47.7469482421875,True,3040.4836822247416,423.201533333461
2021-06-24 09:15:40,26795520,52.500735,13.331778333333334,-87.649375,-49.03748321533203,12.374999961853028,47.96251678466797,True,3028.5133629462216,420.2329999997127
2021-06-24 09:15:37,26795520,52.50084666666667,13.331883333333334,-87.285,-50.41374206542969,11.807999997138976,46.58625793457031,True,3063.7467555393932,429.8807333332081
2021-06-24 09:15:38,26795520,52.500798333333336,13.331823333333332,-87.829375,-49.71406555175781,11.635999984741211,47.28593444824219,True,3052.228146422385,426.54113333373004
2021-06-24 09:15:34,26795520,52.50103833333333,13.332083333333332,-92.83875,-52.650596618652344,6.444999995231629,44.349403381347656,True,3096.9474524058783,440.6416666670569
2021-06-24 09:15:35,26795520,52.50097,13.332016666666666,-90.61,-51.92921447753906,8.971000027656554,45.07078552246094,True,3086.219336071578,437.11653333234096
2021-06-24 09:15:36,26795520,52.500905,13.331948333333331,-87.988125,-51.16649627685547,11.760000028610229,45.83350372314453,True,3075.1524371159626,433.591399999998
2021-06-24 09:15:33,26795520,52.501106666666665,13.332153333333334,-97.26994680851064,-53.334815979003906,1.626595746963582,43.665184020996094,True,3107.6755687401787,443.79573333367006
2021-06-24 09:17:11,26367744,52.50008,13.325051666666669,-94.3311170212766,-58.30650329589844,-1.98617021057834,38.69349670410156,True,2097.425792658456,310.5827999997112
2021-06-24 09:17:09,26367744,52.50009833333333,13.325305,-93.424375,-57.60731506347656,1.765000001862645,39.39268493652344,True,2118.5432427062233,312.2526000002412
2021-06-24 09:17:10,26367744,52.50008833333333,13.325186666666667,-93.68625,-57.943756103515625,1.1069999928027392,39.056243896484375,True,2107.928053912241,311.13939999988787
2021-06-24 09:17:06,26367744,52.500123333333335,13.325583333333334,-91.9875,-56.74717712402344,1.2489999961853029,40.25282287597656,True,2148.6948959830397,315.5921999997193
2021-06-24 09:17:07,26367744,52.50011333333333,13.325495,-92.589375,-57.03551483154297,1.025000006482005,39.96448516845703,True,2139.3219101329164,314.29346666650105
2021-06-24 09:17:08,26367744,52.50010666666667,13.325403333333334,-92.89625,-57.31474304199219,0.2149999929219484,39.68525695800781,True,2129.0455039600083,313.1802666669387
2021-06-24 09:16:59,26367744,52.500205,13.326478333333334,-87.658125,-52.90398406982422,8.149999986886979,44.09601593017578,True,2173.200172241791,320.0450000003417
2021-06-24 09:17:00,26367744,52.500191666666666,13.32632,-89.50625,-53.74915313720703,6.616000006198883,43.25084686279297,True,2171.845041757253,319.48840000016503
2021-06-24 09:17:01,26367744,52.50017833333333,13.326166666666667,-88.20280612244898,-54.4844970703125,8.016326519907738,42.5155029296875,True,2171.3933315958607,319.11733333364424
2021-06-24 09:17:02,26367744,52.500165,13.32602,-89.63375,-55.12376403808594,7.17700000345707,41.87623596191406,True,2170.264056192079,318.56073333346757
2021-06-24 09:17:03,26367744,52.50015333333333,13.325888333333332,-91.305,-55.65087127685547,5.246000007167458,41.34912872314453,True,2167.892577844559,318.0041333332909
2021-06-24 09:17:04,26367744,52.50014333333333,13.325775,-90.48375,-56.07659912109375,4.535000006854534,40.92340087890625,True,2163.7142588513493,317.2620000002493
2021-06-24 09:17:05,26367744,52.50013166666667,13.325675,-90.756875,-56.434051513671875,3.053999994695187,40.565948486328125,True,2157.0515339697,316.51986666641676
2021-06-24 09:16:55,26367744,52.50026,13.327161666666669,-84.8375,-47.808570861816406,11.240000038146972,49.191429138183594,True,2198.3830137423292,323.3845999998198
2021-06-24 09:16:56,26367744,52.50024666666667,13.326986666666668,-87.129375,-49.38063049316406,9.172000002861022,47.61936950683594,True,2189.6875931345953,322.08586666660153
2021-06-24 09:16:57,26367744,52.50023,13.326813333333334,-88.370625,-50.75482177734375,7.943999999761582,46.24517822265625,True,2181.782665309207,321.15819999990407
2021-06-24 09:16:58,26367744,52.50021666666667,13.326643333333331,-86.205,-51.916114807128906,9.512999997138976,45.083885192871094,True,2176.2492158314594,320.4160666668625
2021-06-24 09:16:52,26367744,52.50030666666667,13.327681666666669,-77.1775,-42.80738067626953,19.32299997329712,54.19261932373047,True,2224.808058187208,328.3939999998279
2021-06-24 09:16:53,26367744,52.50029,13.327508333333334,-79.788125,-44.256103515625,14.971999979019165,52.743896484375,True,2215.5479998775227,327.09526666660963
2021-06-24 09:16:54,26367744,52.50027333333333,13.327333333333334,-78.736875,-46.09053039550781,14.981000018119811,50.90946960449219,True,2206.8525792696682,325.4254666668706
2021-06-24 09:16:50,26367744,52.50033666666667,13.328023333333334,-80.2025,-43.49645233154297,17.392999954223633,53.50354766845703,True,2246.8289285578803,331.54806666644106
2021-06-24 09:16:51,26367744,52.500321666666665,13.327853333333334,-79.114375,-42.4989013671875,17.458000049591064,54.5010986328125,True,2235.3103194409928,329.878266666702
2021-06-24 09:16:48,26367744,52.500366666666665,13.328366666666668,-81.63375,-46.99015808105469,15.193000068664553,50.00984191894531,True,2271.785914978144,334.14553333366854
2021-06-24 09:16:49,26367744,52.50035166666667,13.328193333333331,-79.25625,-45.18159484863281,17.260000019073487,51.81840515136719,True,2259.2509579979132,333.2178666669711
2021-06-24 09:16:46,26367744,52.50040166666667,13.328721666666668,-86.48875,-50.178916931152344,10.155000009536742,46.821083068847656,True,2296.5170463174104,335.4442666668868
2021-06-24 09:16:47,26367744,52.500385,13.328543333333334,-84.35625,-48.6788330078125,12.776000003814698,48.3211669921875,True,2284.2079444178157,334.5166000001893
2021-06-24 09:16:44,26367744,52.50043166666666,13.32907,-87.44825268817205,-52.55474853515625,6.549462368411403,44.44525146484375,True,2320.6835399548463,337.48513333235564
2021-06-24 09:16:45,26367744,52.500416666666666,13.328896666666669,-86.09125,-51.45538330078125,8.508999989032745,45.54461669921875,True,2308.7132206764463,336.55746666644916
2021-06-24 09:17:27,26351361,52.4999,13.322668333333333,-77.970625,-45.84253692626953,16.55699998855591,51.15746307373047,True,1944.521903007971,312.9947333332828
2021-06-24 09:17:28,26351361,52.49989333333333,13.32252,-79.9225,-47.414039611816406,9.90299998819828,49.585960388183594,True,1937.0686853439754,313.3657999998036
2021-06-24 09:17:29,26351361,52.49988833333333,13.322371666666667,-80.493125,-48.827781677246094,7.815999987721443,48.172218322753906,True,1931.0835257045949,313.55133333345947
2021-06-24 09:17:30,26351361,52.49988666666667,13.322221666666668,-82.941875,-50.09056091308594,3.253000005185604,46.90943908691406,True,1926.4534965498726,313.55133333345947
2021-06-24 09:17:24,26351361,52.49991833333333,13.323128333333331,-78.548125,-41.85383605957031,11.434999992847445,55.14616394042969,True,1969.1401068067994,312.8092000004179
2021-06-24 09:17:25,26351361,52.499915,13.322973333333334,-77.259375,-42.60680389404297,16.660999960899353,54.39319610595703,True,1960.5576137391424,313.73686666711535
2021-06-24 09:17:26,26351361,52.49990833333333,13.32282,-77.07875,-44.140419006347656,18.500000057220458,52.859580993652344,True,1952.2009757524825,313.1802666669387
2021-06-24 09:17:21,26351361,52.49993666666667,13.323595,-85.035625,-45.49742889404297,10.679000000953677,51.50257110595703,True,1996.9202817359753,308.54193333345137
2021-06-24 09:17:22,26351361,52.499925,13.32344,-84.453125,-43.7725830078125,12.739999952316284,53.2274169921875,True,1987.0955857244596,309.8406666666696
2021-06-24 09:17:23,26351361,52.49992,13.323283333333332,-81.258125,-42.33659362792969,14.084000058174134,54.66340637207031,True,1977.8355274147743,311.51046666640866
2021-06-24 09:17:19,26351361,52.49996,13.323893333333332,-89.8575,-48.56671142578125,9.795000028610229,48.43328857421875,True,2017.0213839205196,306.1299999998798
2021-06-24 09:17:20,26351361,52.499946666666666,13.323746666666668,-87.65125,-47.131072998046875,9.058999967575073,49.868927001953125,True,2006.9708328282475,307.42873333230705
2021-06-24 09:17:16,26351361,52.50000333333333,13.324316666666666,-92.9075,-51.873931884765625,6.990999965667725,45.126068115234375,True,2046.8342545762619,304.8312666666615
2021-06-24 09:17:17,26351361,52.49998833333333,13.324175,-92.805625,-50.89495849609375,7.715999999046326,46.10504150390625,True,2037.009558564746,304.46020000014073
2021-06-24 09:17:18,26351361,52.49997333333334,13.324035,-89.401875,-49.80543518066406,9.317000031471252,47.19456481933594,True,2027.18486255323,305.2023333331823
2021-06-24 09:17:14,26351361,52.50004,13.32461,-91.6825,-53.586463928222656,6.165000004768372,43.413536071777344,True,2066.3707190588552,307.2432000002331
2021-06-24 09:17:15,26351361,52.50002166666667,13.32446,-92.651875,-52.760276794433594,5.678999984264374,44.239723205566406,True,2056.546023047339,305.758933333359
2021-06-24 09:17:12,26351361,52.50007,13.32491,-91.3425,-54.99995422363281,3.009999999925494,42.00004577636719,True,2086.9235314046714,310.0262000003255
2021-06-24 09:17:13,26351361,52.500058333333335,13.324761666666667,-92.121875,-54.337242126464844,4.235999981164932,42.662757873535156,True,2076.4212701511274,308.72746666710725
2021-06-24 09:17:31,26351360,52.49988333333334,13.322058333333333,-81.70412234042553,-53.627349853515625,8.759574448729449,43.372650146484375,True,1923.1785978793273,311.51046666640866
2021-06-24 09:17:32,26351360,52.499878333333335,13.321886666666666,-78.64625,-52.693603515625,14.04600001335144,44.306396484375,True,1921.9363949352278,310.2117333331904
2021-06-24 09:17:33,26351360,52.49987166666666,13.3217,-76.394375,-51.53014373779297,16.422000026702882,45.46985626220703,True,1921.9363949352278,309.28406666649295
2021-06-24 09:17:34,26351360,52.49986,13.321505,-75.85650510204081,-50.102508544921875,16.71428566562886,46.897491455078125,True,1921.9363949352278,308.54193333345137
2021-06-24 09:17:35,26351360,52.499845,13.321313333333332,-75.58875,-48.44194030761719,16.405000009536742,48.55805969238281,True,1921.82346739503,307.9853333332747
2021-06-24 09:17:36,26351360,52.49983,13.321126666666666,-73.385625,-46.5638427734375,17.214999961853028,50.4361572265625,True,1922.0493224756658,307.7998000004098
2021-06-24 09:17:37,26351360,52.49981833333333,13.320945,-70.259375,-44.545989990234375,17.540999994277954,52.454010009765625,True,1922.1622500162248,307.7998000004098
2021-06-24 09:17:38,26351360,52.49980333333333,13.320766666666668,-69.60125,-42.68782043457031,19.08199999809265,54.31217956542969,True,1922.1622500162248,307.7998000004098
2021-06-24 09:17:39,26351360,52.49979,13.320595,-63.4125,-41.8336181640625,18.812999992370607,55.1663818359375,True,1922.1622500162248,307.7998000004098
2021-06-24 09:17:40,26351360,52.49977833333333,13.320421666666666,-64.204375,-42.51191711425781,19.96600007057189,54.48808288574219,True,1922.1622500162248,307.7998000004098
2021-06-24 09:17:41,26351360,52.499766666666666,13.32025,-63.038125,-44.22461700439453,17.394999985694884,52.77538299560547,True,1922.1622500162248,307.7998000004098
2021-06-24 09:17:42,26351360,52.499755,13.320076666666669,-68.85625,-46.16709899902344,13.518999977111816,50.83290100097656,True,1922.1622500162248,307.7998000004098
2021-06-24 09:17:43,26351360,52.499743333333335,13.319898333333333,-72.235,-48.00769805908203,13.97600000858307,48.99230194091797,True,1922.1622500162248,307.7998000004098
2021-06-24 09:17:44,26351360,52.49973333333333,13.319715,-74.115,-49.65478515625,14.471000051498413,47.34521484375,True,1922.1622500162248,307.7998000004098
2021-06-24 09:17:45,26351360,52.49972666666667,13.31953,-74.3,-51.073272705078125,14.334000029563905,45.926727294921875,True,1922.1622500162248,307.7998000004098
2021-06-24 09:17:46,26351360,52.499723333333336,13.31935,-77.281875,-52.25737762451172,9.103999999910592,44.74262237548828,True,1922.1622500162248,307.7998000004098
2021-06-24 09:17:47,26351360,52.49971666666666,13.319171666666668,-79.94125,-53.2784423828125,8.313999996185302,43.7215576171875,True,1922.1622500162248,307.7998000004098
2021-06-24 09:17:48,26351360,52.49971166666667,13.318998333333331,-78.54783163265306,-54.15071105957031,7.141836728216434,42.84928894042969,True,1922.1622500162248,307.7998000004098
2021-06-24 09:17:49,26351360,52.49970166666667,13.318825,-82.968125,-54.932945251464844,5.30100002720952,42.067054748535156,True,1922.1622500162248,307.7998000004098
2021-06-24 09:17:50,26351360,52.49968833333333,13.318648333333334,-83.779375,-55.653114318847656,5.54000000089407,41.346885681152344,True,1922.1622500162248,307.7998000004098
2021-06-24 09:17:51,26351360,52.49967333333333,13.318476666666667,-79.73,-56.2857666015625,6.97300000436604,40.7142333984375,True,1922.1622500162248,307.7998000004098
2021-06-24 09:17:52,26351360,52.49966,13.318303333333333,-80.93375,-56.87599182128906,3.7499999935925006,40.12400817871094,True,1922.1622500162248,307.7998000004098
2021-06-24 09:17:53,26351362,52.49964666666666,13.31813,-74.24002659574468,-61.279640197753906,10.402127653439628,35.720359802246094,True,1922.1622500162248,307.7998000004098
2021-06-24 09:17:54,26351362,52.499635,13.317953333333334,-73.84,-61.40016174316406,11.49100004196167,35.59983825683594,True,1922.1622500162248,307.7998000004098
2021-06-24 09:17:55,26351362,52.49962666666666,13.317778333333331,-74.544375,-61.535606384277344,13.17499997138977,35.464393615722656,True,1922.1622500162248,307.7998000004098
2021-06-24 09:17:56,26351362,52.49962,13.317603333333333,-73.79375,-61.68150329589844,12.22400004386902,35.31849670410156,True,1922.1622500162248,307.7998000004098
2021-06-24 09:17:57,26351362,52.499613333333336,13.317431666666666,-73.641875,-61.82997131347656,11.208000044822692,35.17002868652344,True,1922.1622500162248,307.7998000004098
2021-06-24 09:17:58,26351362,52.49960333333333,13.317246666666666,-73.899375,-61.989295959472656,12.292000007629394,35.010704040527344,True,1922.1622500162248,307.7998000004098
2021-06-24 09:17:59,26351362,52.49959333333334,13.317055,-75.45,-62.1602783203125,11.107000031471252,34.8397216796875,True,1922.1622500162248,307.7998000004098
2021-06-24 09:18:00,26351362,52.49958166666666,13.31686,-72.04625,-62.33582305908203,13.4,34.66417694091797,True,1922.1622500162248,307.7998000004098
2021-06-24 09:18:01,26351362,52.49956666666667,13.316673333333334,-76.090625,-62.5006103515625,9.90299997329712,34.4993896484375,True,1922.1622500162248,307.7998000004098
2021-06-24 09:18:02,26351362,52.49955333333333,13.316495,-78.038125,-62.662872314453125,9.760000047683716,34.337127685546875,True,1922.1622500162248,307.7998000004098
2021-06-24 09:18:03,26351362,52.49954,13.316323333333331,-78.44375,-62.820396423339844,8.534000010490418,34.179603576660156,True,1922.1622500162248,307.7998000004098
2021-06-24 09:18:04,26351362,52.49953166666667,13.316153333333334,-79.87625,-62.985496520996094,6.866999999880791,34.014503479003906,True,1922.1622500162248,307.7998000004098
2021-06-24 09:18:05,26351362,52.49952833333333,13.315981666666667,-77.983125,-63.16016387939453,5.885999974012375,33.83983612060547,True,1922.1622500162248,307.7998000004098
2021-06-24 09:18:06,26351362,52.49953666666666,13.315806666666669,-78.59125,-63.35398864746094,6.1410000270605085,33.64601135253906,True,1922.1622500162248,307.7998000004098
2021-06-24 09:18:07,26351362,52.49955166666667,13.315628333333333,-81.52625,-63.5577392578125,0.8010000095516443,33.4422607421875,True,1922.1622500162248,307.7998000004098
2021-06-24 09:18:08,26351362,52.499575,13.315455,-87.63875,-63.76374053955078,-4.24599998742342,33.23625946044922,True,1922.1622500162248,307.7998000004098
2021-06-24 09:18:09,26368257,52.49959833333333,13.315281666666667,-86.83377659574468,-56.43555450439453,3.1095744571945767,40.56444549560547,True,1922.1622500162248,307.7998000004098
2021-06-24 09:18:10,26368257,52.49962166666667,13.315105,-86.103125,-57.01197814941406,8.773000007867813,39.98802185058594,True,1922.1622500162248,307.7998000004098
2021-06-24 09:18:11,26368257,52.49964333333333,13.314923333333333,-88.176875,-57.556976318359375,8.60800000667572,39.443023681640625,True,1922.1622500162248,307.7998000004098
2021-06-24 09:18:12,26368257,52.49966666666667,13.314741666666666,-91.04375,-58.06847381591797,6.244000030755997,38.93152618408203,True,1922.1622500162248,307.7998000004098
2021-06-24 09:18:13,26368257,52.49968833333333,13.314565,-90.504375,-58.53228759765625,5.0749999836087225,38.46771240234375,True,1922.1622500162248,307.7998000004098
2021-06-24 09:18:14,26368257,52.49971,13.314395,-91.2975543478261,-58.954429626464844,3.3217391408979893,38.045570373535156,True,1922.1622500162248,307.7998000004098
2021-06-24 09:19:46,26368258,52.499155,13.310251666666666,-103.11502659574468,-57.3603515625,-6.448936171512655,39.6396484375,True,1269.6669218023249,-105.01186666651421
2021-06-24 09:19:45,26368258,52.49914666666667,13.310313333333331,-102.56875,-57.3560791015625,-1.80700000628829,39.6439208984375,True,1280.16918305611,-102.4144000000777
2021-06-24 09:19:44,26368258,52.499138333333335,13.31037,-101.778125,-57.19684600830078,0.2250000127404928,39.80315399169922,True,1291.1231544711666,-99.63139999998532
2021-06-24 09:19:41,26368258,52.49913,13.310503333333331,-99.71875,-56.796836853027344,3.2960000129789115,40.203163146972656,True,1324.0979962568954,-89.05599999979245
2021-06-24 09:19:42,26368258,52.49913,13.31047,-100.450625,-56.90117645263672,0.977999990284443,40.09882354736328,True,1313.3698799224746,-93.13773333310309
2021-06-24 09:19:43,26368258,52.49913333333333,13.310425,-102.30875,-57.0360107421875,1.055999980866909,39.9639892578125,True,1302.3029809668594,-96.66286666623705
2021-06-24 09:19:39,26368258,52.499136666666665,13.31057,-100.596875,-56.55451965332031,3.479999985694885,40.44548034667969,True,1346.6835043292779,-81.44913333334785
2021-06-24 09:19:40,26368258,52.49913,13.310531666666666,-99.73875,-56.68635559082031,2.8330000057071447,40.31364440917969,True,1335.2778227528288,-84.97426666648181
2021-06-24 09:19:38,26368258,52.499138333333335,13.310618333333334,-98.8725,-56.413963317871094,5.172000008225441,40.586036682128906,True,1357.7504032848933,-77.92400000021388
2021-06-24 09:19:37,26368258,52.499138333333335,13.310681666666667,-97.289375,-56.20001983642578,6.4709999778866765,40.79998016357422,True,1369.0431573210244,-74.39886666628894
2021-06-24 09:19:35,26368258,52.499135,13.310828333333331,-96.5175,-55.67314910888672,8.35099999308586,41.32685089111328,True,1390.8381726110604,-67.7196666665418
2021-06-24 09:19:36,26368258,52.499135,13.310753333333333,-97.821875,-55.9549560546875,6.569000008106232,41.0450439453125,True,1379.9971287363219,-70.68820000029007
2021-06-24 09:19:32,26368258,52.49915,13.310948333333334,-92.215625,-55.18009948730469,11.815999970436096,41.81990051269531,True,1422.0061737510998,-56.58766666696323
2021-06-24 09:19:33,26368258,52.499145,13.310931666666669,-92.52625,-55.25359344482422,10.907999954223634,41.74640655517578,True,1411.6168400377533,-60.112800000097195
2021-06-24 09:19:34,26368258,52.49914,13.310893333333333,-93.885,-55.42255401611328,8.831999955177308,41.57744598388672,True,1401.227506324407,-64.00899999975195
2021-06-24 09:19:30,26368258,52.49917,13.310975,-92.6825,-55.062416076660156,11.876999945640565,41.937583923339844,True,1443.010696258549,-50.65060000025767
2021-06-24 09:19:31,26368258,52.49915833333333,13.310961666666667,-93.131875,-55.11329650878906,11.316999950408936,41.88670349121094,True,1432.6213625453229,-53.61913333400594
2021-06-24 09:19:27,26368258,52.49921,13.311045,-90.450625,-54.59507751464844,10.55600004196167,42.40492248535156,True,1473.5011321563193,-39.518599999888124
2021-06-24 09:19:28,26368258,52.499195,13.311008333333334,-92.3875,-54.88470458984375,9.411000034809112,42.11529541015625,True,1463.6764361448038,-43.414800000333855
2021-06-24 09:19:29,26368258,52.49917833333333,13.310986666666668,-92.2775,-55.00114440917969,11.224000005722043,41.99885559082031,True,1453.5129575122135,-47.12546666633273
2021-06-24 09:19:25,26368258,52.499225,13.311181666666666,-92.69625,-54.070594787597656,11.313999967575072,42.929405212402344,True,1494.731509744525,-32.839400000140984
2021-06-24 09:19:26,26368258,52.49921833333333,13.311103333333334,-89.63125,-54.43859100341797,11.061999964714053,42.56140899658203,True,1484.0033934101043,-36.178999999619066
2021-06-24 09:19:23,26368258,52.49924166666667,13.3114,-88.1225,-52.84742736816406,16.370000047683718,44.15257263183594,True,1515.9618873327306,-26.53126666770561
2021-06-24 09:19:24,26368258,52.499233333333336,13.311281666666666,-89.6125,-53.460777282714844,14.54299994468689,43.539222717285156,True,1505.3466985385076,-29.685333333527808
2021-06-24 09:19:20,26368258,52.49926666666666,13.311806666666667,-81.574375,-50.22190856933594,20.34400004386902,46.77809143066406,True,1547.581598634042,-17.440133333595895
2021-06-24 09:19:21,26368258,52.49925833333333,13.311668333333332,-82.451875,-51.20990753173828,19.25800005912781,45.79009246826172,True,1536.8534822996212,-20.59420000020907
2021-06-24 09:19:22,26368258,52.49924833333333,13.31153,-83.75,-52.094970703125,18.306999969482423,44.905029296875,True,1526.3512210459567,-23.56273333395734
2021-06-24 09:19:18,26368258,52.49928333333333,13.312066666666666,-81.1825,-48.06983947753906,20.71900001525879,48.93016052246094,True,1568.8119762222475,-11.317533334025427
2021-06-24 09:19:19,26368258,52.499275,13.311941666666666,-82.62625,-49.186187744140625,20.33400010108948,47.813812255859375,True,1558.3097149684625,-14.28606666698272
2021-06-24 09:19:16,26368258,52.49929333333333,13.312303333333332,-73.0725,-45.79203796386719,23.05700006484985,51.20796203613281,True,1589.8164987295763,-4.63833333348731
2021-06-24 09:19:17,26368258,52.49929,13.312188333333332,-77.083125,-46.916961669921875,22.28599994659424,50.083038330078125,True,1579.314237476032,-8.163466666621275
2021-06-24 09:19:13,26368258,52.49930666666667,13.312538333333332,-71.953125,-43.62403869628906,21.81900000572205,53.37596130371094,True,1620.0810795465904,8.905599999662854
2021-06-24 09:19:14,26368258,52.499296666666666,13.31248,-71.958125,-44.182708740234375,22.34300003051758,52.817291259765625,True,1610.7080936967077,3.710666665998872
2021-06-24 09:19:15,26368258,52.49929333333333,13.312401666666666,-71.43875,-44.881591796875,23.443000030517577,52.118408203125,True,1600.4316875235588,-0.7421333330415791
2021-06-24 09:19:11,26368258,52.49935,13.312603333333334,-72.679375,-42.68650817871094,21.62700008392334,54.31349182128906,True,1637.4719207625403,20.59420000020907
2021-06-24 09:19:12,26368258,52.49932333333334,13.312576666666669,-72.126875,-43.161102294921875,20.19499997138977,53.838897705078125,True,1629.0023552353218,14.65713333350351
2021-06-24 09:19:10,26368258,52.499388333333336,13.312633333333334,-72.244375,-42.19244384765625,21.135999994277952,54.80755615234375,True,1645.489776128126,26.71679999977954
2021-06-24 09:19:07,26368258,52.49957166666667,13.312741666666668,-75.33125,-42.98326110839844,19.316000022888183,54.01673889160156,True,1668.865776983336,44.156933333375434
2021-06-24 09:19:08,26368258,52.49950333333334,13.3127,-74.745,-42.11753845214844,20.61999994277954,54.88246154785156,True,1661.0737766981458,38.405400000325756
2021-06-24 09:19:09,26368258,52.49944166666667,13.312665,-73.13,-41.888954162597656,20.27500002861023,55.111045837402344,True,1653.2817764133163,32.468333333620194
2021-06-24 09:19:06,26368258,52.49964666666666,13.312783333333334,-76.69875,-44.342185974121094,19.239000062942505,52.657814025878906,True,1676.4319221875294,49.53739999990432
2021-06-24 09:19:03,26368258,52.49984166666667,13.312866666666666,-78.965625,-47.86952209472656,14.240999975204469,49.13047790527344,True,1698.5657200985195,68.09073333227161
2021-06-24 09:19:04,26368258,52.49979166666667,13.312845,-78.204375,-47.03334045410156,14.898999981880188,49.96665954589844,True,1691.3383575154003,61.59706666697133
2021-06-24 09:19:05,26368258,52.499723333333336,13.312818333333333,-77.476875,-45.804359436035156,18.58000008583069,51.195640563964844,True,1683.5463572303304,54.54679999991242
2021-06-24 09:19:02,26368258,52.49988833333333,13.3129,-80.383125,-48.64839172363281,16.446000051498412,48.35160827636719,True,1704.776734818536,74.95546666646561
2021-06-24 09:18:59,26368258,52.49997666666667,13.313105,-83.0325,-50.364830017089844,12.504000024795532,46.635169982910156,True,1721.7158658727326,97.7760666665904
2021-06-24 09:19:00,26368258,52.49996166666666,13.31302,-81.98125,-49.9375,14.692000017166135,47.0625,True,1716.4082714758617,89.798133333625
2021-06-24 09:19:01,26368258,52.49993166666667,13.31295,-81.60375,-49.366119384765625,15.807000007629394,47.633880615234375,True,1710.6489669173577,82.19126666638942
2021-06-24 09:18:56,26368258,52.499935,13.313305,-84.049375,-50.64635467529297,15.005999999046326,46.35364532470703,True,1736.5093736602855,123.56519999967247
2021-06-24 09:18:57,26368258,52.499948333333336,13.31325,-83.57625,-50.590431213378906,14.612999982833864,46.409568786621094,True,1731.7664169652455,114.47406666635374
2021-06-24 09:18:58,26368258,52.49996333333333,13.313183333333331,-83.051875,-50.494468688964844,13.642999982833862,46.505531311035156,True,1726.797605189208,105.75400000034676
2021-06-24 09:18:54,26368258,52.49992,13.31334,-85.093125,-50.65716552734375,15.738000030517576,46.34283447265625,True,1745.2047942682607,141.56193333344504
2021-06-24 09:18:55,26368258,52.499921666666665,13.313338333333334,-84.44,-50.665374755859375,15.681000032424926,46.334625244140625,True,1741.02647527469,132.4708000001263
2021-06-24 09:18:53,26368258,52.49992,13.313338333333334,-83.8375,-50.649574279785156,16.3,46.350425720214844,True,1748.9314031001984,150.83860000041966
2021-06-24 09:18:51,26368258,52.49991833333333,13.313336666666666,-83.371875,-50.626136779785156,16.678000059127807,46.373863220214844,True,1755.1424178200944,169.39193333357792
2021-06-24 09:18:52,26368258,52.49992,13.313338333333334,-83.235625,-50.649574279785156,14.691999931335449,46.350425720214844,True,1752.2063017707437,160.1152666666033
2021-06-24 09:18:48,26368258,52.49991666666666,13.313335,-83.343125,-50.60264587402344,16.83699996948242,46.39735412597656,True,1760.9017223785982,196.10873333335746
2021-06-24 09:18:49,26368258,52.49991833333333,13.313335,-83.22875,-50.61852264404297,17.41099989891052,46.38147735595703,True,1759.3207368134244,187.2031333336946
2021-06-24 09:18:50,26368258,52.49991833333333,13.313336666666666,-83.373125,-50.626136779785156,16.48700008392334,46.373863220214844,True,1757.400968627417,178.29753333324078
2021-06-24 09:18:45,26368258,52.49991666666666,13.313335,-83.1925,-50.60264587402344,17.18700005531311,46.39735412597656,True,1766.322244316148,222.6400000002721
2021-06-24 09:18:46,26368258,52.49991666666666,13.313335,-83.23,-50.60264587402344,16.724999980926512,46.39735412597656,True,1763.8378384280695,213.91993333347415
2021-06-24 09:18:47,26368258,52.49991666666666,13.313335,-83.349375,-50.60264587402344,16.27600001335144,46.39735412597656,True,1762.2568528630159,204.8288000001554
2021-06-24 09:18:43,26368258,52.49991666666666,13.313335,-83.074375,-50.60264587402344,17.060999984741212,46.39735412597656,True,1774.7918098431262,240.08013333228604
2021-06-24 09:18:44,26368258,52.49991666666666,13.313335,-83.136875,-50.60264587402344,17.384000062942505,46.39735412597656,True,1770.1617806882834,231.36006666707004
2021-06-24 09:18:42,26368258,52.499915,13.313335,-83.194375,-50.58674621582031,17.168999967575072,46.41325378417969,True,1780.0994042402376,248.61466666701006
2021-06-24 09:18:39,26368258,52.49991666666666,13.313333333333333,-83.37875,-50.595001220703125,16.633999977111817,46.404998779296875,True,1799.8617238035874,269.39440000008403
2021-06-24 09:18:40,26368258,52.499915,13.313335,-83.235625,-50.58674621582031,17.64600012779236,46.41325378417969,True,1792.8602163011044,263.2717999997226
2021-06-24 09:18:41,26368258,52.499915,13.313335,-83.205,-50.58674621582031,15.604999990463256,46.41325378417969,True,1786.1974914198156,256.22153333345466
2021-06-24 09:18:38,26368258,52.49991666666666,13.313333333333333,-83.32875,-50.595001220703125,15.569000043869018,46.404998779296875,True,1807.0890863867064,274.40380000009213
2021-06-24 09:18:36,26368258,52.49992,13.313335,-83.545625,-50.6343994140625,16.176999979019165,46.3656005859375,True,1822.1084492550158,281.63960000001595
2021-06-24 09:18:37,26368258,52.49991833333333,13.313333333333333,-83.49375,-50.61091613769531,16.3349999332428,46.38908386230469,True,1814.5423040507021,278.48553333340277
2021-06-24 09:18:33,26368258,52.49992,13.313335,-83.486875,-50.6343994140625,16.53399995803833,46.3656005859375,True,1847.178363215477,290.174133333158
2021-06-24 09:18:34,26368258,52.49992,13.313335,-83.396875,-50.6343994140625,16.666000051498415,46.3656005859375,True,1838.1441599864277,287.39113333227465
2021-06-24 09:18:35,26368258,52.49992,13.313335,-83.470625,-50.6343994140625,16.832000026702882,46.3656005859375,True,1829.7875219995271,284.42260000010833
2021-06-24 09:18:31,26368258,52.49992,13.313333333333333,-83.415,-50.62682342529297,16.317999992370606,46.37317657470703,True,1866.15018999636,295.7401333333428
2021-06-24 09:18:32,26368258,52.49992,13.313335,-83.44375,-50.6343994140625,16.490999937057495,46.3656005859375,True,1856.5513490656006,293.1426666669063
2021-06-24 09:18:30,26368258,52.49991833333333,13.31333,-83.4625,-50.59571075439453,11.925,46.40428924560547,True,1875.6361033868016,298.1520666669144
2021-06-24 09:18:28,26368258,52.49991666666666,13.313323333333331,-83.57,-50.54930114746094,16.910999994277955,46.45069885253906,True,1893.7045098449,302.6048666667458
2021-06-24 09:18:29,26368258,52.49991666666666,13.313326666666669,-83.584375,-50.56450653076172,15.438000140190123,46.43549346923828,True,1884.7832341561686,300.563999999695
2021-06-24 09:18:15,26368258,52.49973,13.314226666666666,-87.499375,-54.13224792480469,9.09799998998642,42.86775207519531,True,1922.1622500162248,307.7998000004098
2021-06-24 09:18:16,26368258,52.49974666666667,13.314065,-88.12625,-53.411720275878906,9.988999999761582,43.588279724121094,True,1922.1622500162248,307.7998000004098
2021-06-24 09:18:17,26368258,52.499765,13.313915,-87.189375,-52.70860290527344,11.032000017166135,44.29139709472656,True,1922.1622500162248,307.7998000004098
2021-06-24 09:18:18,26368258,52.499785,13.313781666666667,-84.431875,-52.068626403808594,12.70699999049306,44.931373596191406,True,1922.1622500162248,307.7998000004098
2021-06-24 09:18:19,26368258,52.49981,13.313668333333334,-86.110625,-51.514404296875,11.626999995708466,45.485595703125,True,1922.1622500162248,307.7998000004098
2021-06-24 09:18:20,26368258,52.499835,13.313571666666666,-86.818125,-51.137306213378906,13.668999977111817,45.862693786621094,True,1922.1622500162248,307.7998000004098
2021-06-24 09:18:21,26368258,52.49986,13.313486666666666,-86.15625,-50.85997772216797,14.527000045776369,46.14002227783203,True,1922.1622500162248,307.7998000004098
2021-06-24 09:18:22,26368258,52.499876666666665,13.313423333333333,-85.48375,-50.67063903808594,14.87800004005432,46.32936096191406,True,1922.1622500162248,307.7998000004098
2021-06-24 09:18:23,26368258,52.49989166666667,13.313385,-85.305625,-50.60917663574219,15.479999995231628,46.39082336425781,True,1922.0493224756658,307.7998000004098
2021-06-24 09:18:24,26368258,52.4999,13.313358333333332,-85.28,-50.55542755126953,14.708000011444092,46.44457244873047,True,1919.2261339665129,307.42873333230705
2021-06-24 09:18:25,26368258,52.49990833333333,13.313341666666666,-84.516875,-50.55433654785156,16.245000028610228,46.44566345214844,True,1914.2573221907164,307.05766666657723
2021-06-24 09:18:26,26368258,52.49991166666667,13.313331666666668,-85.0975,-50.53948211669922,15.097999992370603,46.46051788330078,True,1908.6109451726509,305.94446666701486
2021-06-24 09:18:27,26368258,52.499915,13.313321666666669,-83.676875,-50.52555847167969,15.936999940872193,46.47444152832031,True,1902.06114783156,304.8312666666615
2021-06-24 09:21:38,28650241,52.49718333333333,13.307683333333332,-91.488125,-59.23283386230469,12.23999993801117,37.76716613769531,False,1086.9501614959775,-378.302466666253
2021-06-24 09:21:39,28650241,52.49713666666667,13.307681666666667,-93.051875,-59.59696960449219,10.242999992370606,37.40303039550781,False,1084.2399005272625,-380.3433333333038
2021-06-24 09:21:40,28650241,52.497105,13.307671666666666,-92.78125,-59.676666259765625,11.140999999046326,37.323333740234375,False,1083.336480204478,-381.27100000000127
2021-06-24 09:21:41,28650241,52.497083333333336,13.30765,-92.279375,-65.47468566894531,13.69700002670288,31.525314331054688,False,1085.59503101156,-382.9407999997403
2021-06-24 09:21:42,28650241,52.497075,13.30761,-90.16125,-59.38011169433594,15.854000067710876,37.61988830566406,False,1086.7243064153415,-384.05400000009365
2021-06-24 09:21:43,28650241,52.49707166666666,13.307541666666667,-87.1125,-64.55926513671875,20.1449999332428,32.44073486328125,False,1087.2889441170516,-384.9816666667911
2021-06-24 09:21:44,28650241,52.49707166666666,13.307455,-92.033125,-65.5659408569336,14.454999971389771,31.434059143066406,False,1087.4018716573698,-384.79613333313523
2021-06-24 09:21:45,28650241,52.49706833333333,13.307355,-94.631875,-70.12617492675781,12.713000056743622,26.873825073242188,False,1087.4018716573698,-384.42506666661444
2021-06-24 09:21:46,28650241,52.49706666666667,13.30725,-96.949375,-70.10002136230469,10.130999978780746,26.899978637695312,False,1087.4018716573698,-384.42506666661444
2021-06-24 09:21:47,28650241,52.49706,13.307141666666666,-101.434375,-69.02510833740234,5.668999996930361,27.974891662597656,False,1087.4018716573698,-384.42506666661444
2021-06-24 09:21:48,28650241,52.49704833333333,13.30702,-104.845,-61.23199462890625,1.9429999999701977,35.76800537109375,False,1087.4018716573698,-384.42506666661444
2021-06-24 09:21:49,28650241,52.49703,13.306886666666667,-108.0475,-80.93402862548828,-0.2919999966770411,16.06597137451172,False,1087.4018716573698,-384.42506666661444
2021-06-24 09:21:50,28650241,52.497013333333335,13.306753333333331,-109.76125,-73.05866241455078,-2.059999995231629,23.94133758544922,False,1087.4018716573698,-384.42506666661444
2021-06-24 09:21:51,28650241,52.496995,13.30663,-110.153125,-73.11302185058594,-2.4759999922662974,23.886978149414062,False,1087.4018716573698,-384.42506666661444
2021-06-24 09:21:52,28650241,52.49698,13.306523333333333,-111.95375,-85.1619644165039,-4.151999989077449,11.838035583496094,False,1087.4018716573698,-384.42506666661444
2021-06-24 09:21:53,28650241,52.496965,13.30643,-112.255,-83.12348175048828,-4.999999979734421,13.876518249511719,False,1087.4018716573698,-384.42506666661444
2021-06-24 09:21:54,28650241,52.49695166666667,13.306333333333331,-113.26375,-82.74681854248047,-6.155000023841858,14.253181457519531,False,1087.4018716573698,-384.42506666661444
2021-06-24 09:21:55,28650241,52.49694,13.306231666666667,-114.208125,-103.67768859863281,-8.44600001335144,-6.6776885986328125,False,1087.4018716573698,-384.42506666661444
2021-06-24 09:21:35,28650241,52.49738166666667,13.307656666666666,-91.38375,-67.01637268066406,14.454000005722046,29.983627319335938,False,1096.8877850478113,-362.717666666843
2021-06-24 09:21:36,28650241,52.497303333333335,13.307681666666667,-91.05125,-59.09228515625,14.191000003814697,37.90771484375,False,1093.2741037561916,-368.2836666662368
2021-06-24 09:21:37,28650241,52.49722333333333,13.307693333333331,-92.18125,-59.205360412597656,11.906999974250793,37.794639587402344,False,1089.8862775453283,-374.03520000007745
2021-06-24 09:21:33,28650241,52.497545,13.307605,-90.700625,-65.48460388183594,14.954000024795532,31.515396118164062,False,1105.8090607364222,-352.14226666665013
2021-06-24 09:21:34,28650241,52.49745833333333,13.307631666666667,-91.609375,-64.84236907958984,12.975000038146971,32.157630920410156,False,1101.0661040412615,-357.3372000003141
2021-06-24 09:21:29,28650241,52.497905,13.307493333333332,-88.22,-52.3363037109375,17.98099997520447,44.6636962890625,True,1124.216249815595,-331.17699999992027
2021-06-24 09:21:30,28650241,52.497823333333336,13.307518333333334,-87.79625,-69.32906341552734,17.711999979019165,27.670936584472656,False,1120.0379308221447,-336.37193333358425
2021-06-24 09:21:31,28650241,52.49773666666667,13.307548333333331,-88.230625,-71.32473754882812,18.221000022888184,25.675262451171875,False,1115.407901667302,-341.75240000011314
2021-06-24 09:21:32,28650241,52.497635,13.30758,-88.77625,-60.96703338623047,16.07800000190735,36.03296661376953,False,1110.664944972021,-347.13286666664203
2021-06-24 09:21:28,28650241,52.49798666666667,13.307465,-87.663125,-53.01049041748047,17.651999988555907,43.98950958251953,True,1127.7170035668967,-325.6109999997355
2021-06-24 09:21:24,28650241,52.49831833333333,13.30737,-85.703125,-55.38311004638672,18.95099994659424,41.61688995361328,True,1141.7200185717425,-300.3784666668301
2021-06-24 09:21:25,28650241,52.498241666666665,13.30739,-84.2325,-54.84400939941406,19.340000076293947,42.15599060058594,True,1138.219264820441,-307.7997999996188
2021-06-24 09:21:26,28650241,52.49816166666667,13.307413333333333,-86.37,-54.30865478515625,17.077999973297118,42.69134521484375,True,1134.3797284481852,-313.92239999998026
2021-06-24 09:21:27,28650241,52.49807333333333,13.307436666666666,-86.350625,-53.681060791015625,17.36300006866455,43.318939208984375,True,1131.1048297777602,-319.67393333302994
2021-06-24 09:21:23,28650241,52.49839333333333,13.307353333333332,-86.011875,-55.66814422607422,19.336000003814696,41.33185577392578,True,1145.8983375650723,-292.2150000002088
2021-06-24 09:21:21,28650241,52.49852333333333,13.307305,-85.983125,-56.410400390625,19.37600006103516,40.589599609375,True,1155.835961117147,-276.0735999998312
2021-06-24 09:21:22,28650241,52.498465,13.307328333333333,-85.733125,-56.09516906738281,19.275999975204467,40.90483093261719,True,1150.8671493411098,-284.23706666645245
2021-06-24 09:21:19,28650241,52.498648333333335,13.30724,-85.708125,-57.06201171875,16.546999988555907,39.93798828125,True,1165.9994397497371,-258.2623999997145
2021-06-24 09:21:20,28650241,52.49858666666667,13.307271666666669,-87.49125,-56.747901916503906,14.956000022888183,40.252098083496094,True,1160.8047728929437,-267.1680000001683
2021-06-24 09:21:18,28650241,52.49870333333333,13.307223333333331,-85.294375,-57.31324005126953,18.177000017166137,39.68675994873047,True,1171.4199616870465,-248.42913333335417
2021-06-24 09:21:16,28650241,52.49879666666666,13.307255,-84.55125,-57.74745178222656,19.84800003051758,39.25254821777344,True,1181.6963678599545,-228.94813333349845
2021-06-24 09:21:17,28650241,52.49875333333333,13.30723,-83.759375,-57.598480224609375,20.16800004005432,39.401519775390625,True,1176.6146285437196,-238.2247999996821
2021-06-24 09:21:13,28650241,52.498855,13.307321666666668,-88.715625,-58.061614990234375,15.51799997329712,38.938385009765625,True,1196.038165485995,-203.71559999980207
2021-06-24 09:21:14,28650241,52.49885,13.307308333333332,-86.635625,-58.0545654296875,19.163000020980835,38.9454345703125,True,1191.6339914119085,-212.06460000007922
2021-06-24 09:21:15,28650241,52.49883,13.307285,-84.68875,-57.850189208984375,20.065999965667725,39.149810791015625,True,1187.1168897972636,-219.8570000001797
2021-06-24 09:21:12,28650241,52.49885833333333,13.307331666666666,-88.064375,-58.06526184082031,16.530999894142152,38.93473815917969,True,1199.7647743179325,-197.7785333330965
2021-06-24 09:21:09,28650241,52.49886,13.307346666666668,-87.1125,-58.05718231201172,20.071000032424926,38.94281768798828,True,1204.5077310132135,-175.70006666680428
2021-06-24 09:21:10,28650241,52.49886166666667,13.307343333333334,-87.446875,-58.067413330078125,18.98399998664856,38.932586669921875,True,1203.9430933115034,-183.121399999593
2021-06-24 09:21:11,28650241,52.49886166666667,13.307338333333334,-86.309375,-58.07239532470703,20.302999935150147,38.92760467529297,True,1202.4750352866474,-190.72826666682857
2021-06-24 09:20:10,28650241,52.498955,13.307833333333331,-89.50125,-58.101417541503906,20.70399995803833,38.898582458496094,True,1207.7826296836386,-150.0964666665871
2021-06-24 09:20:11,28650241,52.49894833333333,13.307793333333333,-90.36375,-58.092994689941406,19.537999944686888,38.907005310058594,True,1206.9921369012925,-156.03353333329267
2021-06-24 09:20:12,28650241,52.49894166666667,13.307753333333334,-91.283125,-58.086273193359375,17.583000020980833,38.913726806640625,True,1206.5404267396593,-161.41399999982156
2021-06-24 09:20:13,28650241,52.498936666666665,13.30772,-91.095625,-58.08439636230469,16.765999965667724,38.91560363769531,True,1206.3145716590234,-164.75360000009061
2021-06-24 09:20:14,28650241,52.49893333333333,13.307696666666669,-91.640625,-58.084503173828125,17.72500002861023,38.915496826171875,True,1206.2016441185851,-165.4957333331322
2021-06-24 09:20:15,28650241,52.49893333333333,13.307693333333331,-91.9725,-58.08662414550781,17.025999908447265,38.91337585449219,True,1206.0887165781467,-164.75360000009061
2021-06-24 09:20:16,28650241,52.498935,13.3077,-92.009375,-58.089599609375,17.121000032424927,38.910400390625,True,1205.975789037949,-163.82593333339315
2021-06-24 09:20:17,28650241,52.498936666666665,13.307706666666666,-92.025,-58.09263610839844,17.241999979019166,38.90736389160156,True,1205.8628614975107,-163.26933333400746
2021-06-24 09:20:18,28650241,52.498938333333335,13.30771,-91.9075,-58.09776306152344,17.02999997138977,38.90223693847656,True,1205.7499339571928,-162.7127333330398
2021-06-24 09:20:19,28650241,52.498938333333335,13.307713333333334,-91.813125,-58.095703125,17.91400001525879,38.904296875,True,1205.5240788764365,-161.97059999999823
2021-06-24 09:20:20,28650241,52.498938333333335,13.307713333333334,-91.8425,-58.095703125,17.061999979019166,38.904296875,True,1205.4111513361186,-161.59953333347744
2021-06-24 09:20:21,28650241,52.498938333333335,13.307713333333334,-91.88625,-58.095703125,16.40799994468689,38.904296875,True,1205.4111513361186,-161.22846666695665
2021-06-24 09:20:22,28650241,52.498938333333335,13.307713333333334,-91.913125,-58.095703125,17.186999988555907,38.904296875,True,1205.4111513361186,-160.85739999964488
2021-06-24 09:20:23,28650241,52.498938333333335,13.307713333333334,-91.89375,-58.095703125,17.03299994468689,38.904296875,True,1205.1852962553621,-160.67186666677998
2021-06-24 09:20:24,28650241,52.498938333333335,13.307713333333334,-91.90625,-58.095703125,17.87600001335144,38.904296875,True,1205.0723687150441,-160.67186666677998
2021-06-24 09:20:25,28650241,52.498938333333335,13.307713333333334,-91.999375,-58.095703125,17.229999933242798,38.904296875,True,1205.0723687150441,-160.4863333331241
2021-06-24 09:20:26,28650241,52.498938333333335,13.307713333333334,-92.120625,-58.095703125,15.646999950408937,38.904296875,True,1204.7335860939697,-160.4863333331241
2021-06-24 09:20:27,28650241,52.498938333333335,13.307713333333334,-92.226875,-58.095703125,15.93799991607666,38.904296875,True,1204.3948034727753,-160.4863333331241
2021-06-24 09:20:28,28650241,52.498938333333335,13.307713333333334,-92.151875,-58.095703125,16.544000034332274,38.904296875,True,1204.5077310132135,-160.1152666666033
2021-06-24 09:20:29,28650241,52.498938333333335,13.307713333333334,-92.199375,-58.095703125,16.381999969482422,38.904296875,True,1204.5077310132135,-159.55866666642663
2021-06-24 09:20:30,28650241,52.498938333333335,13.307713333333334,-92.13125,-58.095703125,15.544000015258788,38.904296875,True,1204.5077310132135,-159.37313333356173
2021-06-24 09:20:31,28650241,52.498938333333335,13.307713333333334,-92.0925,-58.095703125,15.880999937057496,38.904296875,True,1204.3948034727753,-159.18759999990584
2021-06-24 09:20:32,28650241,52.498938333333335,13.307713333333334,-92.1725,-58.095703125,15.702999925613405,38.904296875,True,1204.3948034727753,-159.00206666624996
2021-06-24 09:20:33,28650241,52.498938333333335,13.307713333333334,-92.296875,-58.095703125,15.84600001335144,38.904296875,True,1204.3948034727753,-159.00206666624996
2021-06-24 09:20:34,28650241,52.498938333333335,13.307713333333334,-92.32875,-58.095703125,16.297000026702882,38.904296875,True,1204.5077310132135,-159.18759999990584
2021-06-24 09:20:35,28650241,52.498938333333335,13.307713333333334,-92.343125,-58.095703125,17.128999919891356,38.904296875,True,1204.5077310132135,-159.18759999990584
2021-06-24 09:20:36,28650241,52.498938333333335,13.307713333333334,-92.25875,-58.095703125,16.402000007629393,38.904296875,True,1204.3948034727753,-159.18759999990584
2021-06-24 09:20:37,28650241,52.498938333333335,13.307713333333334,-92.270625,-58.095703125,16.40199995994568,38.904296875,True,1204.2818759325776,-159.37313333356173
2021-06-24 09:20:38,28650241,52.498938333333335,13.307713333333334,-92.29625,-58.095703125,16.91200002670288,38.904296875,True,1204.168948392139,-159.37313333356173
2021-06-24 09:20:39,28650241,52.498938333333335,13.307713333333334,-92.238125,-58.095703125,16.979000053405763,38.904296875,True,1204.168948392139,-159.37313333356173
2021-06-24 09:20:40,28650241,52.498938333333335,13.307713333333334,-92.295,-58.095703125,17.186000061035156,38.904296875,True,1204.0560208517009,-159.37313333356173
2021-06-24 09:20:41,28650241,52.498938333333335,13.307713333333334,-92.470625,-58.095703125,16.903999967575075,38.904296875,True,1204.0560208517009,-159.37313333356173
2021-06-24 09:20:42,28650241,52.498938333333335,13.307713333333334,-92.4,-58.095703125,15.390999965667724,38.904296875,True,1204.168948392139,-159.18759999990584
2021-06-24 09:20:43,28650241,52.498938333333335,13.307713333333334,-92.431875,-58.095703125,15.909000024795532,38.904296875,True,1204.168948392139,-159.18759999990584
2021-06-24 09:20:44,28650241,52.498938333333335,13.307713333333334,-92.395625,-58.095703125,16.049999952316284,38.904296875,True,1204.168948392139,-159.18759999990584
2021-06-24 09:20:45,28650241,52.498938333333335,13.307713333333334,-92.391875,-58.095703125,17.06399995803833,38.904296875,True,1204.168948392139,-159.18759999990584
2021-06-24 09:20:46,28650241,52.498938333333335,13.307713333333334,-92.3975,-58.095703125,18.07299995422364,38.904296875,True,1204.0560208517009,-159.18759999990584
2021-06-24 09:20:47,28650241,52.498938333333335,13.307713333333334,-92.20125,-58.095703125,17.34100001335144,38.904296875,True,1204.0560208517009,-159.18759999990584
2021-06-24 09:20:48,28650241,52.498938333333335,13.307713333333334,-92.23,-58.095703125,17.554000005722045,38.904296875,True,1204.0560208517009,-159.18759999990584
2021-06-24 09:20:49,28650241,52.498938333333335,13.307713333333334,-92.096875,-58.095703125,16.752999982833863,38.904296875,True,1204.0560208517009,-159.18759999990584
2021-06-24 09:20:50,28650241,52.498938333333335,13.307713333333334,-92.0875,-58.095703125,11.473000016212463,38.904296875,True,1204.0560208517009,-159.18759999990584
2021-06-24 09:20:51,28650241,52.498938333333335,13.307713333333334,-92.241875,-58.095703125,17.37399998664856,38.904296875,True,1204.0560208517009,-159.18759999990584
2021-06-24 09:20:52,28650241,52.498938333333335,13.307713333333334,-91.624375,-58.095703125,16.685000004768373,38.904296875,True,1204.0560208517009,-159.18759999990584
2021-06-24 09:20:53,28650241,52.498938333333335,13.307713333333334,-90.325,-58.095703125,16.83500005722046,38.904296875,True,1204.0560208517009,-159.18759999990584
2021-06-24 09:20:54,28650241,52.498936666666665,13.3077,-90.22,-58.09680938720703,16.47000006198883,38.90319061279297,True,1204.0560208517009,-159.18759999990584
2021-06-24 09:20:55,28650241,52.49893333333333,13.307656666666666,-90.389375,-58.110618591308594,16.427000007629395,38.889381408691406,True,1204.0560208517009,-159.18759999990584
2021-06-24 09:20:56,28650241,52.49892833333333,13.307606666666668,-87.620625,-58.1239013671875,16.27100001335144,38.8760986328125,True,1204.0560208517009,-159.18759999990584
2021-06-24 09:20:57,28650241,52.49892333333333,13.307548333333331,-88.019375,-58.14563751220703,14.257999935150146,38.85436248779297,True,1204.0560208517009,-159.18759999990584
2021-06-24 09:20:58,28650241,52.498915,13.307491666666667,-88.24375,-58.155982971191406,15.262000007629394,38.844017028808594,True,1204.0560208517009,-159.18759999990584
2021-06-24 09:20:59,28650241,52.498905,13.30745,-87.8075,-58.14915466308594,18.18299994468689,38.85084533691406,True,1204.0560208517009,-159.18759999990584
2021-06-24 09:21:00,28650241,52.498895,13.307423333333332,-86.36625,-58.131011962890625,17.967999935150146,38.868988037109375,True,1204.0560208517009,-159.18759999990584
2021-06-24 09:21:01,28650241,52.498885,13.307405,-86.3875,-58.10601043701172,19.04799996376037,38.89398956298828,True,1204.0560208517009,-159.18759999990584
2021-06-24 09:21:02,28650241,52.498875,13.307388333333334,-87.73,-58.079864501953125,17.978000030517578,38.920135498046875,True,1204.0560208517009,-159.18759999990584
2021-06-24 09:21:03,28650241,52.498866666666665,13.307375,-88.793125,-58.057220458984375,18.049000015258787,38.942779541015625,True,1204.0560208517009,-159.18759999990584
2021-06-24 09:21:04,28650241,52.49886333333333,13.307366666666669,-88.9675,-58.0513916015625,17.811999945640565,38.9486083984375,True,1204.0560208517009,-159.18759999990584
2021-06-24 09:21:05,28650241,52.49886333333333,13.307366666666669,-88.901875,-58.0513916015625,18.282999992370605,38.9486083984375,True,1204.168948392139,-159.37313333356173
2021-06-24 09:21:06,28650241,52.49886333333333,13.307366666666669,-88.7025,-58.0513916015625,18.11000005722046,38.9486083984375,True,1204.959441174606,-160.4863333331241
2021-06-24 09:21:07,28650241,52.49886333333333,13.307363333333331,-87.41875,-58.054649353027344,19.494999980926515,38.945350646972656,True,1205.29822379568,-163.82593333339315
2021-06-24 09:21:08,28650241,52.49886,13.307353333333332,-87.825,-58.05058288574219,19.422999925613404,38.94941711425781,True,1204.959441174606,-169.39193333357792
2021-06-24 09:19:53,28650241,52.499091666666665,13.309518333333331,-96.674375,-59.02477264404297,10.34699998140335,37.97522735595703,True,1219.7529489621588,-126.34819999976486
2021-06-24 09:19:54,28650241,52.499085,13.309405,-97.165,-58.90361022949219,11.170000028610229,38.09638977050781,True,1216.3651227511752,-129.68780000003392
2021-06-24 09:19:55,28650241,52.499075,13.309296666666668,-96.24,-58.78004455566406,11.484000039100646,38.21995544433594,True,1214.2194994842912,-133.02740000030298
2021-06-24 09:19:56,28650241,52.499065,13.309195,-97.38875,-58.666847229003906,10.73900002002716,38.333152770996094,True,1212.977296540312,-134.88273333290692
2021-06-24 09:19:57,28650241,52.49905666666667,13.309091666666667,-96.478125,-58.56147003173828,12.235999994277954,38.43852996826172,True,1212.2997312981631,-135.81039999960439
2021-06-24 09:19:58,28650241,52.499055,13.308983333333334,-95.891875,-58.48846435546875,12.694000005722046,38.51153564453125,True,1211.7350935963325,-136.36699999978106
2021-06-24 09:19:59,28650241,52.499053333333336,13.30886,-95.895,-58.418975830078125,13.493999962806702,38.581024169921875,True,1211.6221660560147,-136.36699999978106
2021-06-24 09:20:00,28650241,52.49903833333333,13.308728333333333,-93.42625,-58.30138397216797,17.733999967575073,38.69861602783203,True,1211.848021136771,-135.62486666673948
2021-06-24 09:20:01,28650241,52.49902166666666,13.308606666666666,-89.661875,-58.19225311279297,20.26500000953674,38.80774688720703,True,1212.073876217407,-135.99593333326027
2021-06-24 09:20:02,28650241,52.49901,13.308491666666669,-85.785,-58.116668701171875,21.09399998664856,38.883331298828125,True,1212.073876217407,-135.81039999960439
2021-06-24 09:20:03,28650241,52.499005,13.308381666666667,-84.335,-58.08172607421875,21.55199998855591,38.91827392578125,True,1212.073876217407,-135.62486666673948
2021-06-24 09:20:04,28650241,52.49899833333333,13.308276666666666,-87.42875,-58.05034637451172,19.7469999408722,38.94965362548828,True,1212.1868037578452,-135.4393333330836
2021-06-24 09:20:05,28650241,52.49898833333334,13.308178333333334,-88.19875,-58.0145263671875,20.56800001144409,38.9854736328125,True,1212.2997312981631,-135.2538000002187
2021-06-24 09:20:06,28650241,52.498985,13.308091666666666,-88.439375,-58.01415252685547,21.30199995994568,38.98584747314453,True,1212.1868037578452,-135.2538000002187
2021-06-24 09:20:07,28650241,52.49898,13.308011666666667,-89.58375,-58.01225280761719,20.03499996185303,38.98774719238281,True,1211.848021136771,-135.99593333326027
2021-06-24 09:20:08,28650241,52.49896833333333,13.30794,-90.41625,-57.98480224609375,19.61200001716614,39.01519775390625,True,1210.4928906523533,-138.96446666621756
2021-06-24 09:20:09,28650241,52.498963333333336,13.307883333333333,-89.9925,-57.98478698730469,18.710000038146973,39.01521301269531,True,1208.9119050872998,-144.34493333353743
2021-06-24 09:19:52,28650241,52.49909666666667,13.309631666666666,-95.961875,-59.14562225341797,10.631999974250794,37.85437774658203,True,1224.1571230362451,-122.8230666666309
2021-06-24 09:19:49,28650241,52.49911333333333,13.309966666666666,-96.754375,-59.61065673828125,6.924999987334013,37.38934326171875,True,1243.5806599785205,-113.36086666679137
2021-06-24 09:19:50,28650241,52.49911166666666,13.309855,-96.3075,-59.48887634277344,7.561000028252602,37.51112365722656,True,1236.4662249357195,-116.51493333340454
2021-06-24 09:19:51,28650241,52.499105,13.309745,-96.100625,-59.28205871582031,9.044999992847442,37.71794128417969,True,1229.8035000543107,-119.66900000001772
2021-06-24 09:19:47,28650241,52.499138333333335,13.310168333333332,-98.775,-59.903907775878906,5.703000002130866,37.096092224121094,True,1259.8422257908094,-107.7948666666066
2021-06-24 09:19:48,28650241,52.49912166666667,13.310075,-96.839375,-59.75274658203125,7.890000016987324,37.24725341796875,True,1251.2597327231522,-110.3923333330431
2021-06-24 09:24:09,26947072,52.49070833333333,13.304573333333334,-92.386875,-83.42078399658203,10.167000007629394,13.579216003417969,False,737.7782066954506,-426.72666666659495
2021-06-24 09:24:10,26947072,52.49064666666666,13.304573333333334,-91.76625,-93.1034927368164,10.154000000953674,3.8965072631835938,False,734.9550181864178,-430.9939333335615
2021-06-24 09:24:11,26947072,52.49058166666666,13.304575,-96.68873762376238,-88.90914154052734,3.960396049267585,8.090858459472656,False,732.6964673792157,-434.51906666669544
2021-06-24 09:24:12,26947072,52.49050833333333,13.304573333333334,-102.940625,-100.71505737304688,-4.088000022768974,-3.715057373046875,False,730.8896267334059,-438.0441999998294
2021-06-24 09:24:13,26947072,52.490435,13.30457,-106.3169191919192,-99.3336181640625,-9.188888930311109,-2.3336181640625,False,728.4052208454474,-441.1982666664426
2021-06-24 09:24:06,26947072,52.49087,13.304586666666667,-100.331875,-82.98956298828125,4.743999996334314,14.01043701171875,False,749.8614535142889,-413.3682666663097
2021-06-24 09:24:07,26947072,52.49081833333334,13.304576666666666,-100.145,-77.36152648925781,4.969999997019768,19.638473510742188,False,745.5702069805205,-418.006599999797
2021-06-24 09:24:08,26947072,52.490766666666666,13.30457,-97.835,-76.28500366210938,6.086000008583069,20.714996337890625,False,741.5048155273882,-422.45939999962843
2021-06-24 09:24:04,26947072,52.490985,13.304601666666668,-102.16919191919192,-78.40007019042969,3.383838383687867,18.599929809570312,False,758.4439465819459,-403.3494666662935
2021-06-24 09:24:05,26947072,52.490925,13.304595,-101.625,-84.331298828125,3.275000002682209,12.668701171875,False,754.0397725076189,-408.72993333361336
2021-06-24 09:24:00,26947072,52.491175,13.30459,-104.87625,-80.79705047607422,1.206999997869134,16.20294952392578,False,773.9150196114068,-379.972266666783
2021-06-24 09:24:01,26947072,52.49113333333333,13.304593333333331,-103.880625,-86.63053894042969,2.747000005915761,10.369461059570312,False,769.7367006180768,-385.7237999998327
2021-06-24 09:24:02,26947072,52.49109333333333,13.3046,-103.04455445544556,-87.21824645996094,2.729702968482334,9.781753540039062,False,766.3488744072134,-391.84640000019414
2021-06-24 09:24:03,26947072,52.491036666666666,13.304601666666668,-102.623125,-80.74703979492188,3.690999998524785,16.252960205078125,False,762.2834829540811,-397.226866666723
2021-06-24 09:23:56,26947072,52.49132333333333,13.304575,-102.195,-90.42794799804688,4.965999952405691,6.572052001953125,False,789.4990201814265,-355.48186666771016
2021-06-24 09:23:57,26947072,52.491283333333335,13.304578333333334,-103.106875,-88.06639099121094,4.148000014647842,8.933609008789062,False,786.3370490513195,-361.97553333301045
2021-06-24 09:23:58,26947072,52.49124833333333,13.304583333333332,-101.615625,-87.5531005859375,3.7279999882727854,9.4468994140625,False,782.9492228404562,-368.4691999998927
2021-06-24 09:23:59,26947072,52.49121333333333,13.304586666666667,-102.8925,-80.50822448730469,3.304000004380941,16.491775512695312,False,777.9804110645392,-373.66413333355666
2021-06-24 09:23:53,26947072,52.49151666666667,13.304596666666669,-100.349375,-101.69017028808594,4.951000015735627,-4.6901702880859375,False,799.4366437333806,-339.71153333306233
2021-06-24 09:23:54,26947072,52.49143333333333,13.304588333333331,-100.134375,-98.31114196777344,6.615000024139881,-1.3111419677734375,False,796.2746726031532,-344.5354000002055
2021-06-24 09:23:55,26947072,52.49136666666666,13.304576666666666,-101.050625,-98.73345947265625,5.960000007450581,-1.73345947265625,False,792.9997739327283,-349.35926666655774
2021-06-24 09:23:51,26947072,52.49170166666666,13.304615,-99.5325,-104.15792846679688,8.134999973773956,-7.157928466796875,False,804.5183830496155,-329.878266666702
2021-06-24 09:23:52,26947072,52.49160333333333,13.304603333333333,-101.23169191919192,-96.8168716430664,6.40202019070134,0.18312835693359375,False,801.9210496213392,-334.70213333305423
2021-06-24 09:23:46,26947072,52.49218333333334,13.304668333333334,-98.19128787878788,-87.7804946899414,9.94949496394456,9.219505310058594,False,820.3282387003916,-303.3469999997874
2021-06-24 09:23:47,26947072,52.49210333333333,13.304665,-97.521875,-87.71305084228516,10.502000057697296,9.286949157714844,False,817.1662675702845,-308.91299999997216
2021-06-24 09:23:48,26947072,52.49202,13.304656666666666,-96.43316831683168,-81.0776138305664,12.778217811395626,15.922386169433594,False,813.7784413594211,-314.66453333302184
2021-06-24 09:23:49,26947072,52.49192333333333,13.30465,-96.9034090909091,-105.39411926269531,10.73131306966146,-8.394119262695312,False,810.5035426888758,-320.0449999995507
2021-06-24 09:23:50,26947072,52.491805,13.304633333333332,-98.17821782178218,-103.48841857910156,9.067326741643472,-6.4884185791015625,False,807.3415715587688,-324.8688666666939
2021-06-24 09:23:45,26947072,52.49225666666667,13.304671666666668,-97.298125,-92.44820404052734,10.281000002622603,4.551795959472656,False,823.828992451573,-297.5954666667377
2021-06-24 09:23:26,26947072,52.49290666666667,13.304773333333332,-91.52769886363636,-119.12164306640625,8.715909104794264,-22.12164306640625,False,836.3639494318037,-283.12386666768106
2021-06-24 09:23:27,26947072,52.492828333333335,13.304766666666668,-90.2555693069307,-128.90211486816406,11.40891089976424,-31.902114868164062,False,834.5571087859937,-283.309399999755
2021-06-24 09:23:28,26947072,52.492755,13.304758333333334,-91.79924242424242,-82.1860580444336,11.359595987531874,14.813941955566406,False,833.5407609227708,-283.86599999993166
2021-06-24 09:23:29,26947072,52.49268333333333,13.30475,-90.464375,-90.56999206542969,12.815000023841858,6.4300079345703125,False,832.9761232209403,-284.42260000010833
2021-06-24 09:23:30,26947072,52.492625,13.304741666666668,-89.736875,-69.07324981689453,14.555000019073486,27.92675018310547,False,832.9761232209403,-284.42260000010833
2021-06-24 09:23:31,26947072,52.492576666666665,13.304731666666669,-89.73875,-71.02115631103516,12.41799997806549,25.978843688964844,False,833.2019783016965,-284.23706666645245
2021-06-24 09:23:32,26947072,52.49258,13.30473,-88.09,-71.02508544921875,14.70800003528595,25.97491455078125,False,833.3149058420146,-284.23706666645245
2021-06-24 09:23:33,26947072,52.492565,13.304728333333331,-89.08875,-71.02886962890625,15.12600004196167,25.97113037109375,False,833.5407609227708,-284.05153333358754
2021-06-24 09:23:34,26947072,52.49255166666666,13.304726666666667,-87.643125,-71.15631866455078,16.209000034332277,25.84368133544922,False,833.7666160035271,-284.05153333358754
2021-06-24 09:23:35,26947072,52.492538333333336,13.304723333333332,-86.739375,-71.82494354248047,17.617000026702883,25.17505645751953,False,833.7666160035271,-284.05153333358754
2021-06-24 09:23:36,26947072,52.49252666666667,13.30471,-86.8375,-71.833984375,17.95000002861023,25.166015625,False,833.6536884630888,-284.23706666645245
2021-06-24 09:23:37,26947072,52.49252166666667,13.304701666666666,-89.688125,-70.29987335205078,15.132000045776367,26.70012664794922,False,833.6536884630888,-284.23706666645245
2021-06-24 09:23:38,26947072,52.49252166666667,13.304698333333333,-88.536875,-70.30094146728516,15.123000001907348,26.699058532714844,False,833.6536884630888,-284.23706666645245
2021-06-24 09:23:39,26947072,52.49252166666667,13.304698333333333,-89.698125,-70.30094146728516,14.240000028610227,26.699058532714844,False,833.6536884630888,-284.23706666645245
2021-06-24 09:23:40,26947072,52.49250333333333,13.30469,-91.7275,-72.52892303466797,13.011999959945678,24.47107696533203,False,833.6536884630888,-284.23706666645245
2021-06-24 09:23:41,26947072,52.49248166666667,13.30469,-93.51625,-72.40691375732422,12.084000005722046,24.59308624267578,False,833.6536884630888,-284.23706666645245
2021-06-24 09:23:42,26947072,52.49244166666666,13.304683333333331,-91.885625,-73.03300476074219,13.91699996471405,23.966995239257812,False,833.6536884630888,-284.23706666645245
2021-06-24 09:23:43,26947072,52.49238833333333,13.30468,-90.3799504950495,-86.99200439453125,15.829703009954772,10.00799560546875,False,831.2822101155688,-286.83453333288895
2021-06-24 09:23:44,26947072,52.492325,13.304675,-91.12375,-79.89708709716797,16.410999946594238,17.10291290283203,False,827.5556012836311,-291.84393333289705
2021-06-24 09:23:20,26947072,52.49336666666667,13.304781666666669,-99.12875,-69.64741516113281,-2.909999980404973,27.352584838867188,False,873.0654000494701,-292.02946666655293
2021-06-24 09:23:21,26947072,52.493296666666666,13.304793333333333,-95.0125,-74.22209167480469,-1.5459999961405992,22.777908325195312,False,864.5958345223718,-289.43200000011643
2021-06-24 09:23:22,26947072,52.493233333333336,13.304796666666666,-92.32409793814432,-79.21206665039062,0.5618556548946911,17.787933349609375,False,856.9167617777402,-287.5766666667215
2021-06-24 09:23:17,26947072,52.4936,13.304741666666668,-96.091875,-81.31013488769531,8.093999985456467,15.689865112304688,False,899.7162995751053,-303.16146666771346
2021-06-24 09:23:18,26947072,52.49354666666667,13.304755,-99.348125,-76.02803039550781,2.7850000098347665,20.971969604492188,False,891.3596615882045,-297.7809999996026
2021-06-24 09:23:19,26947072,52.493458333333336,13.304771666666667,-97.844375,-75.5877685546875,-0.0699999932944774,21.4122314453125,False,882.2125308188373,-294.8124666666453
2021-06-24 09:23:15,26947072,52.493655,13.304725,-96.4875,-100.98635864257812,8.926000010967254,-3.986358642578125,False,916.9942132506168,-314.10793333363614
2021-06-24 09:23:16,26947072,52.49364666666666,13.304728333333331,-97.95625,-100.87130737304688,7.5849999952316285,-3.871307373046875,False,908.2987926426418,-308.54193333345137
2021-06-24 09:23:11,26947072,52.493655,13.304725,-96.696875,-100.98635864257812,9.586000037193298,-3.986358642578125,False,948.5009970117304,-332.6612666667944
2021-06-24 09:23:12,26947072,52.493655,13.304725,-96.728125,-100.98635864257812,10.55199999809265,-3.986358642578125,False,941.6124170495655,-328.0229333333071
2021-06-24 09:23:13,26947072,52.493655,13.304725,-95.70125,-100.98635864257812,9.484000053405762,-3.986358642578125,False,933.8204167646156,-323.19906666774585
2021-06-24 09:23:14,26947072,52.493655,13.304725,-94.411875,-100.98635864257812,10.87400002002716,-3.986358642578125,False,925.350851237397,-319.67393333302994
2021-06-24 09:22:55,26947072,52.493941666666665,13.304793333333333,-95.21103896103897,-95.01738739013672,6.8012986910807625,1.9826126098632812,False,973.5709109720714,-348.98820000003695
2021-06-24 09:22:56,26947072,52.493876666666665,13.304785,-95.451875,-89.3405532836914,8.85200001001358,7.659446716308594,False,973.9096935932661,-349.17373333290186
2021-06-24 09:22:57,26947072,52.49381666666667,13.304778333333331,-96.553125,-87.20448303222656,6.459999993219972,9.795516967773438,False,974.0226211334635,-349.35926666655774
2021-06-24 09:22:58,26947072,52.493766666666666,13.304773333333332,-97.099375,-88.9340591430664,6.649000026881695,8.065940856933594,False,974.0226211334635,-349.35926666655774
2021-06-24 09:22:59,26947072,52.49373166666667,13.304766666666668,-97.97,-88.11756134033203,6.803000028133392,8.882438659667969,False,974.0226211334635,-349.35926666655774
2021-06-24 09:23:00,26947072,52.49371166666667,13.304758333333334,-96.678125,-95.01466369628906,7.80700002193451,1.9853363037109375,False,974.0226211334635,-349.35926666655774
2021-06-24 09:23:01,26947072,52.493695,13.304746666666666,-95.38625,-95.37908935546875,9.06800000667572,1.62091064453125,False,974.0226211334635,-349.35926666655774
2021-06-24 09:23:02,26947072,52.49368166666667,13.304735,-93.355625,-95.5186767578125,10.537999982833862,1.4813232421875,False,974.0226211334635,-349.35926666655774
2021-06-24 09:23:03,26947072,52.49367166666666,13.304728333333331,-93.378125,-95.61051940917969,10.065999994277954,1.3894805908203125,False,974.0226211334635,-349.35926666655774
2021-06-24 09:23:04,26947072,52.493665,13.304726666666667,-96.65625,-100.99310302734375,10.091999988555909,-3.99310302734375,False,974.0226211334635,-349.35926666655774
2021-06-24 09:23:05,26947072,52.49366333333333,13.304725,-96.620625,-100.99331665039062,10.21100001335144,-3.993316650390625,False,974.0226211334635,-349.35926666655774
2021-06-24 09:23:06,26947072,52.49366166666667,13.304726666666667,-96.69875,-100.99031066894531,9.113999967575074,-3.9903106689453125,False,973.232128350997,-349.17373333290186
2021-06-24 09:23:07,26947072,52.493655,13.304725,-96.669375,-100.98635864257812,7.761999988555909,-3.986358642578125,False,970.4089398419643,-348.0605333333395
2021-06-24 09:23:08,26947072,52.493656666666666,13.304725,-96.619375,-111.1063232421875,8.266000008583068,-14.1063232421875,False,965.3272005257294,-344.16433333289376
2021-06-24 09:23:09,26947072,52.493655,13.304725,-96.645625,-105.04057312011719,9.252000007629396,-8.040573120117188,False,960.1325336690562,-341.0102666662806
2021-06-24 09:23:10,26947072,52.493655,13.304725,-96.648125,-100.98635864257812,8.312000007629395,-3.986358642578125,False,954.5990841911882,-336.92853333296995
2021-06-24 09:21:56,26947072,52.49693,13.306121666666666,-106.43882978723404,-270.0,2.571276583411592,-173.0,False,1087.4018716573698,-384.42506666661444
2021-06-24 09:21:57,26947072,52.49691666666666,13.30601,-108.558125,-270.0,0.16499999307096,-173.0,False,1087.4018716573698,-384.42506666661444
2021-06-24 09:21:58,26947072,52.49689833333333,13.305901666666667,-108.671875,-270.0,0.9559999956190586,-173.0,False,1087.4018716573698,-384.42506666661444
2021-06-24 09:21:59,26947072,52.49688166666667,13.305795,-108.68,-270.0,0.4880000004917383,-173.0,False,1087.4018716573698,-384.42506666661444
2021-06-24 09:22:00,26947072,52.49686666666667,13.305691666666666,-106.82625,-270.0,1.8540000016242264,-173.0,False,1087.4018716573698,-384.42506666661444
2021-06-24 09:22:01,26947072,52.496855,13.305593333333332,-106.570625,-270.0,0.9509999969601632,-173.0,False,1087.4018716573698,-384.42506666661444
2021-06-24 09:22:02,26947072,52.49684666666667,13.30551,-108.465,-270.0,-2.667999999523163,-173.0,False,1087.4018716573698,-384.42506666661444
2021-06-24 09:22:03,26947072,52.496838333333336,13.305453333333332,-108.64875,-270.0,-1.538999997973442,-173.0,False,1087.4018716573698,-384.42506666661444
2021-06-24 09:22:04,26947072,52.496835,13.305421666666666,-109.38,-270.0,-4.109999991208315,-173.0,False,1087.4018716573698,-384.42506666661444
2021-06-24 09:22:05,26947072,52.496831666666665,13.30541,-109.42375,-270.0,-4.928000005781651,-173.0,False,1087.4018716573698,-384.42506666661444
2021-06-24 09:22:06,26947072,52.49682666666666,13.305401666666668,-110.154375,-270.0,-4.749000006318092,-173.0,False,1087.4018716573698,-384.42506666661444
2021-06-24 09:22:19,26947072,52.496561666666665,13.305158333333331,-104.4128086419753,-270.0,2.9641975277551897,-173.0,False,1087.4018716573698,-384.42506666661444
2021-06-24 09:22:20,26947072,52.49649333333333,13.305153333333331,-103.22625,-270.0,4.893999974802137,-173.0,False,1087.4018716573698,-384.42506666661444
2021-06-24 09:22:21,26947072,52.496415,13.305148333333332,-101.5725,-270.0,6.488999984562397,-173.0,False,1087.4018716573698,-384.42506666661444
2021-06-24 09:22:22,26947072,52.49633333333333,13.305143333333334,-103.1625,-270.0,5.560000020265579,-173.0,False,1087.4018716573698,-384.42506666661444
2021-06-24 09:22:23,26947072,52.49624833333333,13.305135,-100.3675,-270.0,7.584000000953674,-173.0,False,1087.4018716573698,-384.42506666661444
2021-06-24 09:22:24,26947072,52.496163333333335,13.305123333333333,-104.055,-270.0,2.8809999983012675,-173.0,False,1087.4018716573698,-384.42506666661444
2021-06-24 09:22:25,26947072,52.49608,13.305115,-106.530625,-270.0,1.7099999925494194,-173.0,False,1087.4018716573698,-384.42506666661444
2021-06-24 09:22:26,26947072,52.49599166666667,13.305103333333332,-107.05533854166669,-110.54531860351562,-1.4395833211019635,-13.545318603515625,False,1087.4018716573698,-384.6106000002703
2021-06-24 09:23:24,28792066,52.49306666666666,13.304785,-96.539375,-270.0,1.5100000005215406,-173.0,False,844.3818047975095,-283.6804666662758
2021-06-24 09:23:25,28792066,52.49298666666667,13.30478,-98.34536082474229,-270.0,-0.0659793905683399,-173.0,False,839.638848102349,-282.9383333340252
2021-06-24 09:23:23,28792066,52.49315166666667,13.304793333333333,-92.769375,-270.0,3.930000008717179,-173.0,False,850.1411093560134,-285.5357999996707
2021-06-24 09:22:51,28792066,52.49422166666667,13.304828333333331,-94.7175,-270.0,5.609000012874604,-173.0,False,973.3450558914353,-346.76180000012124
2021-06-24 09:22:52,28792066,52.49415,13.304823333333331,-95.18125,-270.0,4.086999994367361,-173.0,False,972.4416355685304,-347.3184000002979
2021-06-24 09:22:53,28792066,52.49407833333333,13.304813333333334,-98.015625,-270.0,2.551999993175268,-173.0,False,972.7804181896047,-348.0605333333395
2021-06-24 09:22:54,28792066,52.49401,13.304803333333334,-100.329375,-270.0,0.0429999870061874,-173.0,False,973.232128350997,-348.61713333351616
2021-06-24 09:22:46,28792066,52.49456833333333,13.304865,-93.62875,-270.0,10.416999988555908,-173.0,False,995.3659262621076,-351.40013333360855
2021-06-24 09:22:47,28792066,52.4945,13.30486,-94.5475,-270.0,8.985000003576278,-173.0,False,989.3807666228473,-348.0605333333395
2021-06-24 09:22:48,28792066,52.49443166666666,13.304851666666666,-94.126875,-270.0,8.914000022411347,-173.0,False,983.9602446854178,-346.0196666662887
2021-06-24 09:22:49,28792066,52.49436666666666,13.304845,-94.04125,-270.0,8.441000031977891,-173.0,False,978.8785053691829,-346.39073333360045
2021-06-24 09:22:50,28792066,52.49429666666666,13.304836666666668,-93.461875,-270.0,7.086999986767768,-173.0,False,975.4906791583195,-346.20519999994457
2021-06-24 09:22:42,28792066,52.49487833333333,13.304901666666666,-95.97375,-270.0,8.448000024557114,-173.0,False,1022.6943910298913,-366.98493333301855
2021-06-24 09:22:43,28792066,52.494795,13.304888333333333,-96.1825,-270.0,6.9979999896138905,-173.0,False,1015.4670284465315,-362.3466000003222
2021-06-24 09:22:44,28792066,52.494715,13.30488,-95.270625,-270.0,8.635999981611967,-173.0,False,1008.3525934037305,-358.2648666662206
2021-06-24 09:22:45,28792066,52.49464,13.304871666666669,-93.8975,-270.0,9.863000016212464,-173.0,False,1001.9157236030779,-354.36866666656584
2021-06-24 09:22:39,28792066,52.495075,13.304921666666669,-99.13375,-270.0,7.332000015974045,-173.0,False,1044.6023338600046,-379.78673333312713
2021-06-24 09:22:40,28792066,52.494996666666665,13.304908333333334,-98.075625,-270.0,8.636999998092652,-173.0,False,1037.6008263576418,-375.8905333334724
2021-06-24 09:22:41,28792066,52.49494666666666,13.304908333333334,-98.1125,-270.0,7.774000039100647,-173.0,False,1030.1476086936461,-371.43773333364095
2021-06-24 09:22:31,28792066,52.49562,13.305011666666667,-102.4375,-270.0,5.771999996900559,-173.0,False,1074.4152045157468,-389.6200000002784
2021-06-24 09:22:32,28792066,52.49556166666667,13.305,-100.23875,-270.0,7.717000016570092,-173.0,False,1073.173001571888,-389.80553333314333
2021-06-24 09:22:33,28792066,52.49550666666666,13.30499,-99.2775,-270.0,8.03399997316301,-173.0,False,1072.495436329619,-390.36213333332
2021-06-24 09:22:34,28792066,52.495448333333336,13.304981666666666,-100.235,-270.0,5.259999962374568,-173.0,False,1071.0273783048835,-390.36213333332
2021-06-24 09:22:35,28792066,52.49538166666667,13.30497,-101.24,-270.0,1.8110000007599591,-173.0,False,1068.4300448764866,-389.9910666667992
2021-06-24 09:22:36,28792066,52.495315,13.304955,-103.33375,-270.0,2.525000003427268,-173.0,False,1064.1387983427182,-388.87786666644587
2021-06-24 09:22:37,28792066,52.49523333333333,13.304945,-103.01625,-270.0,4.335999984890223,-173.0,False,1058.1536387035785,-386.46593333366525
2021-06-24 09:22:38,28792066,52.495155,13.304935,-100.73375,-270.0,6.002999993562699,-173.0,False,1051.6038413624879,-383.1263333333962
2021-06-24 09:22:07,28792066,52.49682333333333,13.305391666666669,-110.42396907216497,-270.0,-5.5134020657422615,-173.0,False,1087.4018716573698,-384.42506666661444
2021-06-24 09:22:08,28792066,52.49682166666667,13.305373333333334,-109.1525,-270.0,-5.396999999284744,-173.0,False,1087.4018716573698,-384.42506666661444
2021-06-24 09:22:09,28792066,52.49682,13.305348333333331,-108.310625,-270.0,-5.486999967098236,-173.0,False,1087.4018716573698,-384.42506666661444
2021-06-24 09:22:10,28792066,52.49680666666666,13.30533,-106.896875,-270.0,-5.790000007152558,-173.0,False,1087.4018716573698,-384.42506666661444
2021-06-24 09:22:14,28792066,52.496775,13.305203333333331,-106.0,-270.0,-3.6729166724253446,-173.0,False,1087.4018716573698,-384.42506666661444
2021-06-24 09:22:15,28792066,52.49675333333333,13.305185,-107.98375,-270.0,-4.234000023603439,-173.0,False,1087.4018716573698,-384.42506666661444
2021-06-24 09:22:16,28792066,52.49673166666667,13.305173333333334,-108.666875,-270.0,-3.498999980762601,-173.0,False,1087.4018716573698,-384.42506666661444
2021-06-24 09:22:17,28792066,52.49669,13.305168333333333,-109.340625,-270.0,-3.108999994769692,-173.0,False,1087.4018716573698,-384.42506666661444
2021-06-24 09:22:18,28792066,52.49663,13.305161666666669,-109.75375,-270.0,-4.143999991267919,-173.0,False,1087.4018716573698,-384.42506666661444
2021-06-24 09:22:27,28792066,52.49590333333333,13.305088333333334,-104.185625,-270.0,-2.529999998733401,-173.0,False,1087.1760165767337,-384.6106000002703
2021-06-24 09:22:28,28792066,52.49582,13.30507,-103.834375,-270.0,2.947000001072884,-173.0,False,1085.0303933097293,-386.46593333366525
2021-06-24 09:22:29,28792066,52.49574,13.305051666666667,-102.840625,-270.0,5.234999998062849,-173.0,False,1080.513291695325,-387.5791333340186
2021-06-24 09:22:30,28792066,52.49567166666667,13.305038333333334,-101.003125,-270.0,8.833000019788741,-173.0,False,1076.4479002421926,-388.3212666662692
2021-06-24 09:22:11,34768897,52.49680833333333,13.305303333333333,-102.69252873563218,-52.18023681640625,0.8321839029761566,44.81976318359375,False,1087.4018716573698,-384.42506666661444
2021-06-24 09:22:12,34768897,52.496805,13.305271666666666,-103.14375,-51.812599182128906,0.7529999946802854,45.187400817871094,False,1087.4018716573698,-384.42506666661444
2021-06-24 09:22:13,34768897,52.496795,13.305235,-108.025625,-52.323692321777344,-5.533000007867813,44.676307678222656,False,1087.4018716573698,-384.42506666661444
2021-06-24 09:24:17,26366722,52.49015666666666,13.30456,-106.886875,-52.52025604248047,-4.847000004202127,44.47974395751953,False,716.321974026609,-450.845999999938
2021-06-24 09:24:18,26366722,52.49008166666667,13.304548333333331,-106.256875,-63.655792236328125,-5.11699997767806,33.344207763671875,False,713.7246405983326,-453.2579333335096
2021-06-24 09:24:19,26366722,52.49001666666667,13.304526666666666,-100.41375,-54.16389465332031,0.3150000129640102,42.83610534667969,False,710.5626694681051,-457.1541333339553
2021-06-24 09:24:20,26366722,52.48995166666667,13.304505,-105.89625,-52.74559783935547,-5.662000013887882,44.25440216064453,False,707.6265534188748,-462.3490666668283
2021-06-24 09:24:21,26366722,52.48988666666666,13.304475,-108.55492424242424,-55.9959716796875,-6.5272727577072205,41.0040283203125,False,705.8197127729446,-468.4716666663988
2021-06-24 09:24:15,26366722,52.49029,13.304575,-107.074375,-52.032386779785156,-6.063999980092048,44.967613220214844,False,722.7588438272614,-446.76426666662735
2021-06-24 09:24:16,26366722,52.49022833333333,13.30457,-107.331875,-52.030731201171875,-5.171999998763203,44.969268798828125,False,718.5805248339315,-448.8051333328872
2021-06-24 09:24:14,26366722,52.49035833333333,13.304576666666666,-103.03289473684212,-52.596595764160156,-3.0926315613483126,44.403404235839844,False,726.9371628208321,-444.53786666671164
2021-06-24 09:24:29,26917120,52.489255,13.304405,-105.835,-85.40911865234375,-2.796999994143844,11.59088134765625,False,687.2995961534539,-500.940000000019
2021-06-24 09:24:30,26917120,52.48918166666667,13.304403333333331,-107.598125,-70.4634017944336,-2.7230000069737432,26.536598205566406,False,686.2832482903513,-503.72300000011137
2021-06-24 09:24:31,26917120,52.489106666666665,13.304405,-107.569375,-70.49668884277344,-2.6139999932050704,26.503311157226562,False,685.944465669277,-506.134933332892
2021-06-24 09:24:32,26917120,52.489035,13.304405,-105.68125,-85.77416229248047,-0.6839999940246344,11.225837707519531,False,686.170320749913,-508.1757999999428
2021-06-24 09:24:33,26917120,52.48896833333333,13.304406666666669,-104.56625,-80.02246856689453,-0.5640000074356795,16.97753143310547,False,686.3961758305489,-509.474533333952
2021-06-24 09:24:34,26917120,52.48889,13.304405,-103.996875,-72.42941284179688,-1.768999994844198,24.570587158203125,False,686.6220309113052,-509.10346666664026
2021-06-24 09:24:35,26917120,52.48881333333333,13.304403333333331,-102.676875,-82.7861099243164,-4.440000000149012,14.213890075683594,False,686.8478859920616,-509.474533333952
2021-06-24 09:24:24,26917120,52.489655,13.304425,-106.363125,-83.91636657714844,-4.374000004306436,13.083633422851562,False,699.7216255933664,-481.64453333302816
2021-06-24 09:24:25,26917120,52.48957166666667,13.304416666666668,-104.949375,-84.91622924804688,-3.596999989748001,12.083770751953125,False,697.12429216509,-485.7262666663388
2021-06-24 09:24:26,26917120,52.489493333333336,13.30441,-103.69625,-85.58018493652344,-2.026999995484948,11.419815063476562,False,694.075248575301,-489.62246666678453
2021-06-24 09:24:27,26917120,52.48941833333333,13.304403333333331,-103.996875,-84.92799377441406,-1.9110000033676624,12.072006225585938,False,691.0262049855119,-493.3331333335744
2021-06-24 09:24:28,26917120,52.489335,13.304405,-105.23,-86.01879119873047,-3.7199999928474425,10.981208801269531,False,688.7676541780689,-497.414866667676
2021-06-24 09:24:23,26917120,52.48974833333333,13.304435,-106.27375,-98.05972290039062,-3.886000003218651,-1.059722900390625,False,701.7543213199326,-477.7483333333734
2021-06-24 09:24:22,26917120,52.48981666666667,13.304453333333331,-105.6390306122449,-87.8228759765625,-3.952040815003672,9.1771240234375,False,703.7870170463785,-473.6666000000628
2021-06-24 09:27:13,40782336,52.489061666666665,13.298923333333333,-96.03375,-94.73759460449219,-2.4999999994039537,2.2624053955078125,False,46.88751475851286,-787.4034666663872
2021-06-24 09:27:14,40782336,52.48914833333333,13.298803333333334,-97.308125,-101.78556823730469,-3.300000004768372,-4.7855682373046875,False,41.015282659570666,-788.5166666667405
2021-06-24 09:27:10,40782336,52.488805,13.299275,-91.570625,-87.34007263183594,-0.1880000066012144,9.659927368164062,False,70.15058807316423,-782.9506666665557
2021-06-24 09:27:11,40782336,52.488888333333335,13.29916,-92.426875,-87.08650207519531,-1.2490000039339066,9.913497924804688,False,61.90687762670192,-784.4349333334299
2021-06-24 09:27:12,40782336,52.48897333333333,13.299043333333334,-93.580625,-87.08057403564453,-1.99799999974668,9.919425964355469,False,53.776094720557595,-786.2902666668248
2021-06-24 09:27:07,40782336,52.48857666666667,13.299626666666668,-86.935625,-78.65105438232422,2.5379999948292973,18.34894561767578,False,93.97829908952585,-780.3532000001192
2021-06-24 09:27:08,40782336,52.48865,13.29951,-89.250625,-78.10382843017578,3.5760000155866147,18.89617156982422,False,86.5250814256505,-780.909800000296
2021-06-24 09:27:09,40782336,52.488726666666665,13.299391666666668,-92.009375,-84.40919494628906,0.796000008136034,12.590805053710938,False,78.50722606006488,-781.8374666669934
2021-06-24 09:26:57,40782336,52.48806666666667,13.300513333333331,-82.010625,-93.0587387084961,9.307000007629394,3.9412612915039062,False,123.56531466451172,-776.6425333333293
2021-06-24 09:26:58,40782336,52.488065,13.300436666666666,-83.5175,-68.22753143310547,5.091000009775161,28.77246856689453,False,122.54896680140916,-777.384666666371
2021-06-24 09:26:59,40782336,52.488085,13.300366666666667,-81.25,-68.57037353515625,6.1010000085830685,28.42962646484375,False,122.2101841802145,-777.5702000000268
2021-06-24 09:27:00,40782336,52.48812333333333,13.300293333333334,-79.000625,-68.57986450195312,8.823000044822694,28.420135498046875,False,121.75847401870186,-778.868933334036
2021-06-24 09:27:01,40782336,52.488175,13.300205,-79.884375,-68.92071533203125,11.975999999046326,28.07928466796875,False,121.19383631687124,-778.868933334036
2021-06-24 09:27:02,40782336,52.488236666666666,13.300108333333334,-80.734375,-86.13880920410156,15.005999994277952,10.861190795898438,False,120.85505369579693,-778.868933334036
2021-06-24 09:27:03,40782336,52.48830333333333,13.300013333333334,-80.679375,-76.64179992675781,13.012000036239623,20.358200073242188,False,117.01551732354126,-776.8280666669853
2021-06-24 09:27:04,40782336,52.48837,13.299921666666666,-83.18625,-75.51937103271484,9.92899998664856,21.480628967285156,False,112.38548816869867,-777.9412666665476
2021-06-24 09:27:05,40782336,52.488436666666665,13.299828333333334,-86.1875,-87.61053466796875,8.085000014305114,9.38946533203125,False,106.96496623138948,-778.3123333330684
2021-06-24 09:27:06,40782336,52.488506666666666,13.299733333333334,-87.831875,-78.46116638183594,6.322000031471252,18.538833618164062,False,100.97980659200894,-779.0544666676919
2021-06-24 09:26:56,40782336,52.48808833333333,13.300591666666667,-79.695625,-75.73866271972656,12.507999963760376,21.261337280273438,False,125.48508285063954,-775.7148666666319
2021-06-24 09:26:52,40782336,52.48820833333333,13.300845,-81.8675,-74.70658111572266,14.308000001907349,22.293418884277344,False,143.21470668754338,-769.4067333334056
2021-06-24 09:26:53,40782336,52.48818333333333,13.30079,-82.38875,-62.67396545410156,14.256000003814698,34.32603454589844,False,136.89076442732926,-771.2620666668005
2021-06-24 09:26:54,40782336,52.48815333333334,13.30073,-82.644375,-62.4052734375,12.530000066757202,34.5947265625,False,132.0348801918507,-772.9318666665395
2021-06-24 09:26:55,40782336,52.48812,13.300663333333333,-79.223125,-74.6492691040039,15.523000001907349,22.350730895996094,False,128.30827135979266,-774.2305999997577
2021-06-24 09:26:49,40782336,52.48822333333333,13.30088,-79.25375,-74.77054595947266,15.762000017166136,22.229454040527344,False,167.94583802705066,-764.9539333335741
2021-06-24 09:26:50,40782336,52.48822333333333,13.30088,-79.964375,-74.7705078125,16.603999967575074,22.2294921875,False,159.13748987863738,-766.0671333331366
2021-06-24 09:26:51,40782336,52.48822333333333,13.30088,-81.35375,-74.77054595947266,16.136000013351442,22.229454040527344,False,150.55499681110075,-767.7369333336665
2021-06-24 09:26:46,40782336,52.48822333333333,13.30088,-79.45625,-74.77054595947266,15.274999990463256,22.229454040527344,False,195.9518680368626,-761.799866666961
2021-06-24 09:26:47,40782336,52.48822333333333,13.30088,-79.453125,-74.77054595947266,15.334000034332275,22.229454040527344,False,186.4659546464211,-763.0986000001792
2021-06-24 09:26:48,40782336,52.48822333333333,13.30088,-79.315,-74.77054595947266,15.38100001335144,22.229454040527344,False,176.98004125597956,-764.2117999997415
2021-06-24 09:26:43,40782336,52.48822333333333,13.30088,-79.188125,-74.77054595947266,15.787000036239624,22.229454040527344,False,224.1837531274309,-758.0892000001711
2021-06-24 09:26:44,40782336,52.48822333333333,13.30088,-79.144375,-74.7705078125,15.667000036239624,22.2294921875,False,214.81076727718698,-759.0168666676595
2021-06-24 09:26:45,40782336,52.48822333333333,13.30088,-79.290625,-74.77054595947266,15.62399998664856,22.229454040527344,False,205.43778142730415,-760.5011333329517
2021-06-24 09:26:41,40782336,52.48822333333333,13.30088,-79.338125,-74.77054595947266,15.49399995803833,22.229454040527344,False,243.26850744851157,-756.6049333332969
2021-06-24 09:26:42,40782336,52.48822333333333,13.30088,-79.36625,-74.77054595947266,15.43400005340576,22.229454040527344,False,233.5567389774341,-757.9036666665152
2021-06-24 09:26:38,40782336,52.48822333333333,13.30088,-79.41875,-74.77054595947266,15.711999950408936,22.229454040527344,False,273.7589433465227,-753.2653333330279
2021-06-24 09:26:39,40782336,52.48822333333333,13.30088,-79.28875,-74.77054595947266,15.879000005722046,22.229454040527344,False,263.25668209273795,-754.9351333335579
2021-06-24 09:26:40,40782336,52.48822333333333,13.30088,-79.49625,-74.77054595947266,15.310999975204467,22.229454040527344,False,252.98027591995017,-756.4193999996411
2021-06-24 09:26:37,40782336,52.48822333333333,13.30088,-79.279375,-74.77054595947266,16.06500009536743,22.229454040527344,False,284.37413214050514,-751.409999999633
2021-06-24 09:26:36,40782336,52.48822333333333,13.30088,-79.176875,-74.77054595947266,15.97899995803833,22.229454040527344,False,294.87639339428995,-749.9257333335498
2021-06-24 09:26:33,40782336,52.48822166666667,13.30088,-79.1925,-74.77082061767578,15.685,22.22917938232422,False,324.68926404991174,-747.3282666663224
2021-06-24 09:26:34,40782336,52.48822166666667,13.30088,-79.16,-74.77082061767578,15.767999982833862,22.22917938232422,False,315.20335065947023,-747.884866666499
2021-06-24 09:26:35,40782336,52.48822333333333,13.30088,-79.245,-74.7705078125,15.727000017166135,22.2294921875,False,305.03987202688006,-749.1835999997172
2021-06-24 09:26:30,40782336,52.48822166666667,13.30088,-79.395,-74.77082061767578,15.685000009536743,22.22917938232422,False,349.5333229296167,-746.21506666676
2021-06-24 09:26:31,40782336,52.48822166666667,13.30088,-79.174375,-74.77082061767578,15.749999923706056,22.22917938232422,False,341.967177725303,-746.4005999996249
2021-06-24 09:26:32,40782336,52.48822166666667,13.30088,-79.136875,-74.77082061767578,15.958999967575073,22.22917938232422,False,333.723467278961,-746.5861333332807
2021-06-24 09:26:27,40782336,52.48822333333333,13.30088,-79.256875,-74.7705078125,15.729000024795532,22.2294921875,False,370.08613527555326,-742.5043999999701
2021-06-24 09:26:28,40782336,52.48822333333333,13.30088,-79.249375,-74.77054595947266,15.596999979019165,22.229454040527344,False,363.76219301533916,-743.6176000003235
2021-06-24 09:26:29,40782336,52.48822166666667,13.30088,-79.32875,-74.77082061767578,15.532000007629394,22.22917938232422,False,356.98654059361235,-744.54526666623
2021-06-24 09:26:08,40782336,52.48823,13.300895,-77.8575,-74.24203491210938,17.504000034332275,22.757965087890625,False,396.51117972043204,-733.969866666828
2021-06-24 09:26:09,40782336,52.48823,13.300895,-78.02875,-74.24203491210938,17.74899990081787,22.757965087890625,False,392.558715807738,-734.5264666670048
2021-06-24 09:26:10,40782336,52.48823,13.300895,-78.156875,-74.24203491210938,17.202999992370607,22.757965087890625,False,388.94503451611837,-734.8975333335255
2021-06-24 09:26:11,40782336,52.48823,13.300895,-78.4225,-74.24203491210938,16.887999925613403,22.757965087890625,False,386.00891846664723,-735.0830666663904
2021-06-24 09:26:12,40782336,52.48823,13.300895,-78.39125,-74.24203491210938,16.94800001144409,22.757965087890625,False,384.0891502806398,-735.2686000000463
2021-06-24 09:26:13,40782336,52.48823,13.300895,-78.116875,-74.24201202392578,16.846000051498415,22.75798797607422,False,383.2986574979325,-735.4541333329112
2021-06-24 09:26:14,40782336,52.48823,13.300895,-78.296875,-74.24203491210938,16.610999984741213,22.757965087890625,False,383.07280241729654,-736.5673333332645
2021-06-24 09:26:15,40782336,52.48823,13.300895,-78.323125,-74.24189758300781,16.547999992370606,22.758102416992188,False,382.8469473364198,-737.6805333336179
2021-06-24 09:26:16,40782336,52.48823,13.300895,-78.309375,-74.24203491210938,16.14000000953674,22.757965087890625,False,382.0564545539532,-740.0924666663985
2021-06-24 09:26:17,40782336,52.48822833333333,13.300895,-78.619375,-74.23684692382812,15.903999996185302,22.763153076171875,False,382.0564545539532,-740.4635333329193
2021-06-24 09:26:18,40782336,52.48822833333333,13.300891666666669,-78.505,-74.21963500976562,15.95700005531311,22.780364990234375,False,382.16938209439155,-740.8346000002311
2021-06-24 09:26:19,40782336,52.48822333333333,13.300883333333331,-79.08375,-74.19132995605469,15.783000001907348,22.808670043945312,False,382.16938209439155,-741.020133333096
2021-06-24 09:26:20,40782336,52.48822333333333,13.30088,-79.081875,-74.77054595947266,15.638000030517578,22.229454040527344,False,382.16938209439155,-741.2056666667519
2021-06-24 09:26:21,40782336,52.48822333333333,13.30088,-79.121875,-74.77054595947266,15.794000005722046,22.229454040527344,False,382.0564545539532,-741.3911999996168
2021-06-24 09:26:22,40782336,52.48822333333333,13.30088,-79.146875,-74.77054595947266,15.694000005722046,22.229454040527344,False,381.9435270136352,-741.3911999996168
2021-06-24 09:26:23,40782336,52.48822333333333,13.30088,-79.13,-74.77054595947266,15.669999980926514,22.229454040527344,False,381.9435270136352,-741.5767333332726
2021-06-24 09:26:24,40782336,52.48822333333333,13.30088,-79.2225,-74.77054595947266,15.675000019073488,22.229454040527344,False,381.604744392561,-741.5767333332726
2021-06-24 09:26:25,40782336,52.48822333333333,13.30088,-79.34375,-74.7705078125,15.587999963760376,22.2294921875,False,379.00741096416414,-741.3911999996168
2021-06-24 09:26:26,40782336,52.48822333333333,13.30088,-79.220625,-74.77054595947266,15.769999980926514,22.229454040527344,False,375.5066572129828,-741.5767333332726
2021-06-24 09:26:00,40782336,52.48829333333333,13.301008333333334,-75.920625,-74.4227523803711,20.79599998474121,22.577247619628906,False,424.1784271090493,-727.29066666629
2021-06-24 09:26:01,40782336,52.48827166666667,13.300955,-78.655625,-75.39722442626953,18.88199993133545,21.60277557373047,False,420.6776733579883,-727.8472666664666
2021-06-24 09:26:02,40782336,52.48825833333333,13.300913333333334,-80.536875,-75.11729431152344,16.715000076293947,21.882705688476562,False,417.74155730839686,-728.4038666666434
2021-06-24 09:26:03,40782336,52.48825,13.300885,-77.94125,-73.88983917236328,17.501999959945678,23.11016082763672,False,414.8054412590461,-728.774933333955
2021-06-24 09:26:04,40782336,52.488238333333335,13.300883333333331,-77.401875,-73.9143295288086,17.18699995994568,23.085670471191406,False,411.75639766925707,-729.3315333333408
2021-06-24 09:26:05,40782336,52.488236666666666,13.300878333333332,-77.684375,-73.89987182617188,17.451000099182128,23.100128173828125,False,408.82028162002666,-729.7025999998616
2021-06-24 09:26:06,40782336,52.48823333333333,13.300885,-77.88375,-74.04573059082031,17.26599988937378,22.954269409179688,False,405.3195278686046,-731.9289999997773
2021-06-24 09:26:07,40782336,52.48823,13.300891666666669,-77.87125,-74.22112274169922,17.689000034332274,22.77887725830078,False,401.02828133483627,-733.0422000001306
2021-06-24 09:25:56,40782336,52.488418333333335,13.301265,-72.909375,-77.01809692382812,23.453999938964845,19.981903076171875,False,444.279529293714,-725.0642666663742
2021-06-24 09:25:57,40782336,52.48838833333333,13.301198333333334,-74.121875,-78.97366333007812,23.15300003051758,18.026336669921875,False,438.6331522755281,-725.9919333330718
2021-06-24 09:25:58,40782336,52.488355,13.30113,-74.874375,-79.45201873779297,21.705000076293945,17.54798126220703,False,433.3255578785369,-726.5485333340393
2021-06-24 09:25:59,40782336,52.48832166666666,13.30107,-76.21375,-79.50807189941406,21.675999965667724,17.491928100585938,False,428.35674610262004,-726.9195999997692
2021-06-24 09:25:53,40782336,52.48847833333333,13.30143,-76.4975,-71.95578002929688,21.066000022888183,25.044219970703125,False,466.1874721238275,-720.6114666665428
2021-06-24 09:25:54,40782336,52.488463333333335,13.301386666666666,-77.014375,-72.04034423828125,21.648999977111817,24.95965576171875,False,457.60497905641125,-722.2812666662819
2021-06-24 09:25:55,40782336,52.488443333333336,13.301331666666666,-75.751875,-64.08998107910156,23.046000003814697,32.91001892089844,False,450.37761647329216,-723.7655333339469
2021-06-24 09:25:50,40782336,52.48851,13.301565,-76.39125,-70.99166870117188,19.39599998474121,26.008331298828125,False,497.3554732638668,-717.6429333335855
2021-06-24 09:25:51,40782336,52.4885,13.301515,-76.478125,-70.94511413574219,20.98700006484985,26.054885864257812,False,486.6273569295664,-718.3850666666272
2021-06-24 09:25:52,40782336,52.48849,13.301471666666666,-75.15625,-70.90081024169922,22.089999942779546,26.09918975830078,False,476.125095675902,-719.3127333333246
2021-06-24 09:25:47,40782336,52.488528333333335,13.301725,-74.6675,-70.30289459228516,19.24300003051757,26.697105407714844,False,522.4253872244484,-714.3033333333165
2021-06-24 09:25:48,40782336,52.48852333333333,13.301666666666666,-75.014375,-70.87379455566406,18.817999925613403,26.126205444335938,False,515.7626623430397,-714.6743999998373
2021-06-24 09:25:49,40782336,52.48851666666667,13.301615,-75.565625,-70.98715209960938,19.03200005531311,26.012847900390625,False,507.4060243563797,-716.1586666667114
2021-06-24 09:25:43,40782336,52.48853,13.302106666666669,-74.825,-60.602867126464844,20.29300003051758,36.397132873535156,False,548.5116490480121,-711.520333334015
2021-06-24 09:25:44,40782336,52.488535,13.301996666666668,-74.288125,-61.18489074707031,19.63599995613098,35.81510925292969,False,541.961851707162,-712.8190666664423
2021-06-24 09:25:45,40782336,52.48853666666667,13.301893333333334,-74.144375,-61.56127166748047,20.325999984741213,35.43872833251953,False,534.960344204679,-713.9322666667956
2021-06-24 09:25:46,40782336,52.488533333333336,13.3018,-75.855,-70.31489562988281,19.2460000705719,26.685104370117188,False,528.5234744040266,-714.3033333333165
2021-06-24 09:25:35,40782336,52.488495,13.302976666666666,-74.23875,-56.212318420410156,20.58699995040893,40.787681579589844,True,562.966374214491,-700.5738666665104
2021-06-24 09:25:36,40782336,52.48849833333333,13.302888333333334,-74.0975,-64.29222106933594,20.430999908447266,32.70777893066406,False,562.0629538915861,-702.6147333335612
2021-06-24 09:25:37,40782336,52.48850333333333,13.302795,-71.8875,-74.99993896484375,21.368000001907347,22.00006103515625,False,561.3853886493171,-703.7279333331236
2021-06-24 09:25:38,40782336,52.48850166666666,13.302691666666666,-72.475625,-75.04012298583984,20.256000099182128,21.959877014160156,False,560.4819683265325,-706.510933334007
2021-06-24 09:25:39,40782336,52.48850333333333,13.30258,-73.300625,-72.51646423339844,18.40800006866455,24.483535766601562,False,560.1431857054582,-706.6964666676629
2021-06-24 09:25:40,40782336,52.488508333333336,13.302463333333334,-75.291875,-75.03189086914062,16.654999952316285,21.968109130859375,False,559.5785480036276,-707.0675333333927
2021-06-24 09:25:41,40782336,52.48851666666667,13.302343333333331,-79.93,-82.8647689819336,13.76800000667572,14.135231018066406,False,557.6587798173794,-707.9952000000901
2021-06-24 09:25:42,40782336,52.48852333333333,13.302221666666666,-76.304375,-55.573394775390625,16.455999970436096,41.426605224609375,True,553.9321709855622,-709.6649999998292
2021-06-24 09:25:29,40782336,52.488481666666665,13.303306666666666,-84.955625,-74.78800964355469,14.231000003814698,22.211990356445312,False,573.8074180893501,-687.5865333335369
2021-06-24 09:25:30,40782336,52.488483333333335,13.303291666666668,-83.484375,-74.79586791992188,14.800999965667724,22.204132080078125,False,570.9842295801969,-692.0393333333684
2021-06-24 09:25:31,40782336,52.488485,13.303256666666666,-80.39875,-74.946533203125,18.083999967575075,22.053466796875,False,569.1773889345075,-694.2657333332841
2021-06-24 09:25:32,40782336,52.48848666666667,13.303198333333333,-78.74625,-74.36305236816406,18.151999983787537,22.636947631835938,False,567.4834758288953,-696.4921333339908
2021-06-24 09:25:33,40782336,52.48849,13.303128333333332,-78.383125,-74.41366577148438,19.773999967575072,22.586334228515625,False,566.1283453447185,-697.9764000000739
2021-06-24 09:25:34,40782336,52.48849166666667,13.303056666666668,-75.066875,-64.39816284179688,21.056999950408937,32.601837158203125,False,564.7732148601805,-698.7185333331155
2021-06-24 09:25:28,40782336,52.488481666666665,13.303321666666667,-84.5975,-78.54576110839844,15.66400001525879,18.454238891601562,False,577.759882002044,-681.2784000003105
2021-06-24 09:25:24,40782336,52.48848,13.303405,-86.99125,-78.54366302490234,14.625000004768372,18.456336975097656,False,592.6663173297948,-652.5207333334802
2021-06-24 09:25:25,40782336,52.48848,13.3034,-88.271875,-78.52743530273438,12.38800000667572,18.472564697265625,False,588.6009258767829,-659.1999333340184
2021-06-24 09:25:26,40782336,52.48848,13.303375,-87.265625,-79.18753814697266,12.82200002670288,17.812461853027344,False,584.1967518026966,-665.8791333329746
2021-06-24 09:25:27,40782336,52.48848,13.303346666666666,-88.088125,-79.04621124267578,12.680000007152556,17.95378875732422,False,580.5830705111972,-673.4860000002101
2021-06-24 09:25:23,40782336,52.48848,13.303405,-85.65625,-78.54366302490234,16.493000001907347,18.456336975097656,False,597.0704914040015,-645.2849333335564
2021-06-24 09:25:21,40782336,52.48848,13.303406666666667,-84.675625,-78.54917907714844,17.6389999961853,18.450820922851562,False,606.4434772540046,-630.9988666665737
2021-06-24 09:25:22,40782336,52.48848,13.303405,-84.451875,-78.54366302490234,18.100000038146973,18.456336975097656,False,601.9263756396003,-638.6057333330183
2021-06-24 09:25:18,40782336,52.488483333333335,13.303408333333334,-85.5075,-78.56535339355469,15.854000024795532,18.434646606445312,False,620.1077096378965,-606.6939999995748
2021-06-24 09:25:19,40782336,52.48848,13.303406666666667,-85.454375,-78.54917907714844,15.672000036239623,18.450820922851562,False,615.4776804831743,-615.0429999998519
2021-06-24 09:25:20,40782336,52.48848,13.303406666666667,-85.130625,-78.54912567138672,16.615999965667726,18.45087432861328,False,611.0735064088473,-623.2064666664733
2021-06-24 09:25:14,40782336,52.48848666666667,13.303455,-85.864375,-78.50608825683594,16.030999994277956,18.493911743164062,False,641.2251596857841,-575.8954666664846
2021-06-24 09:25:15,40782336,52.488488333333336,13.303423333333331,-86.135625,-78.63282012939453,14.434000005722046,18.36717987060547,False,636.0304928289905,-583.5023333329292
2021-06-24 09:25:16,40782336,52.488488333333336,13.303411666666667,-85.5575,-78.59477233886719,15.533000011444091,18.405227661132812,False,630.7228984319993,-591.2947333330296
2021-06-24 09:25:17,40782336,52.48848666666667,13.30341,-85.5625,-78.58153533935547,15.631999969482422,18.41846466064453,False,625.528231575326,-599.0871333331302
2021-06-24 09:25:13,40782336,52.488485,13.303503333333332,-85.026875,-74.18781280517578,14.687999963760376,22.81218719482422,False,646.532754082655,-569.0307333330816
2021-06-24 09:25:11,40782336,52.488481666666665,13.303621666666666,-84.086875,-74.01185607910156,13.94000002861023,22.988143920898438,False,657.0350153364398,-554.5591333340249
2021-06-24 09:25:12,40782336,52.488483333333335,13.303558333333331,-83.3425,-74.18756103515625,16.120000076293945,22.81243896484375,False,652.0662035604025,-561.9804666668136
2021-06-24 09:25:07,40782336,52.48845666666666,13.303946666666668,-85.36875,-72.2811050415039,15.002999958992003,24.718894958496094,False,673.8612188504386,-528.7700000001519
2021-06-24 09:25:08,40782336,52.48846666666667,13.303853333333333,-85.22375,-72.42555236816406,14.454000010490418,24.574447631835938,False,670.2475375588189,-533.77940000016
2021-06-24 09:25:09,40782336,52.48847166666667,13.303766666666666,-85.6425,-72.25296020507812,14.463000020980836,24.747039794921875,False,666.0692185652482,-539.7164666676565
2021-06-24 09:25:10,40782336,52.48847833333333,13.30369,-84.16125,-74.187744140625,15.41599994659424,22.812255859375,False,661.6650444912823,-546.7667333331335
2021-06-24 09:24:36,40782336,52.48873666666667,13.304405,-95.20474137931036,-84.15534973144531,4.666666658274059,12.844650268554688,False,686.8478859920616,-509.84559999968184
2021-06-24 09:24:37,40782336,52.48867,13.3044,-89.0875,-78.7021484375,9.364999995231628,18.2978515625,False,686.5091033709873,-510.4021999998585
2021-06-24 09:24:38,40782336,52.48862333333334,13.304393333333334,-87.94375,-78.36449432373047,10.010999991893769,18.63550567626953,False,686.5091033709873,-510.5877333335144
2021-06-24 09:24:39,40782336,52.488575,13.304386666666666,-90.5725,-74.83336639404297,9.662999975681306,22.16663360595703,False,686.5091033709873,-510.5877333335144
2021-06-24 09:24:40,40782336,52.488535,13.304383333333334,-90.513125,-72.67933654785156,10.97099997997284,24.320663452148438,False,686.5091033709873,-510.7732666663793
2021-06-24 09:24:41,40782336,52.488515,13.30438,-91.4075,-73.03173828125,8.985999999046326,23.96826171875,False,686.6220309113052,-510.7732666663793
2021-06-24 09:24:42,40782336,52.488505,13.304383333333334,-92.570625,-73.0204849243164,7.445000004768372,23.979515075683594,False,686.6220309113052,-510.9588000000352
2021-06-24 09:24:43,40782336,52.488506666666666,13.304388333333334,-93.54375,-73.02616882324219,7.052000002861023,23.973831176757812,False,686.7349584517435,-510.9588000000352
2021-06-24 09:24:44,40782336,52.488505,13.304388333333334,-93.320625,-73.02391815185547,7.620000014305114,23.97608184814453,False,686.7349584517435,-510.7732666663793
2021-06-24 09:24:45,40782336,52.48850333333333,13.30439,-92.735625,-73.02279663085938,8.278000035285949,23.977203369140625,False,686.8478859920616,-510.7732666663793
2021-06-24 09:24:46,40782336,52.48850333333333,13.30439,-93.2975,-73.02279663085938,8.000000071525573,23.977203369140625,False,686.8478859920616,-510.7732666663793
2021-06-24 09:24:47,40782336,52.488505,13.304391666666668,-92.559375,-73.02619171142578,8.543999981880187,23.97380828857422,False,686.8478859920616,-510.7732666663793
2021-06-24 09:24:48,40782336,52.488505,13.304391666666668,-92.131875,-73.02619171142578,9.133999981880187,23.97380828857422,False,686.8478859920616,-510.7732666663793
2021-06-24 09:24:49,40782336,52.488505,13.304391666666668,-92.38625,-73.02619171142578,9.76800002336502,23.97380828857422,False,686.9608135323796,-510.7732666663793
2021-06-24 09:24:50,40782336,52.488505,13.304391666666668,-91.1075,-73.02619171142578,7.880000033378601,23.97380828857422,False,686.9608135323796,-510.7732666663793
2021-06-24 09:24:51,40782336,52.4885,13.30439,-92.524375,-73.01828002929688,5.384000028967858,23.981719970703125,False,686.9608135323796,-510.7732666663793
2021-06-24 09:24:52,40782336,52.48849666666667,13.30439,-92.12125,-73.01375579833984,6.955000009164214,23.986244201660156,False,686.9608135323796,-510.7732666663793
2021-06-24 09:24:53,40782336,52.48849333333333,13.30439,-90.586875,-73.00697326660156,9.788000016212465,23.993026733398438,False,686.9608135323796,-510.7732666663793
2021-06-24 09:24:54,40782336,52.48849,13.304386666666666,-89.40875,-70.33149719238281,10.755000009536744,26.668502807617188,False,686.9608135323796,-510.7732666663793
2021-06-24 09:24:55,40782336,52.488485,13.304385,-89.108125,-70.46428680419922,11.27600004196167,26.53571319580078,False,686.9608135323796,-510.7732666663793
2021-06-24 09:24:56,40782336,52.488481666666665,13.304385,-88.904375,-70.46800231933594,11.46199999809265,26.531997680664062,False,686.9608135323796,-510.7732666663793
2021-06-24 09:24:57,40782336,52.488481666666665,13.304383333333334,-90.8625,-70.46818542480469,12.004999976158144,26.531814575195312,False,686.9608135323796,-510.7732666663793
2021-06-24 09:24:58,40782336,52.488483333333335,13.304383333333334,-91.69,-70.46623992919922,10.404999980926512,26.53376007080078,False,686.9608135323796,-510.7732666663793
2021-06-24 09:24:59,40782336,52.488481666666665,13.304383333333334,-90.96625,-70.46818542480469,9.736000038608909,26.531814575195312,False,686.9608135323796,-510.7732666663793
2021-06-24 09:25:00,40782336,52.488475,13.30438,-91.724375,-70.47624206542969,9.20100001335144,26.523757934570312,False,686.9608135323796,-510.7732666663793
2021-06-24 09:25:01,40782336,52.48847,13.304373333333332,-91.96625,-70.48236083984375,8.155000012218952,26.51763916015625,False,686.9608135323796,-510.7732666663793
2021-06-24 09:25:02,40782336,52.48846,13.304366666666668,-94.774375,-70.4840087890625,6.975999995097518,26.5159912109375,False,686.9608135323796,-510.7732666663793
2021-06-24 09:25:03,40782336,52.48844166666667,13.304321666666668,-92.69375,-71.12056732177734,9.358000020980835,25.879432678222656,False,685.6056830482026,-512.0719999995976
2021-06-24 09:25:04,40782336,52.48843333333333,13.304243333333334,-90.220625,-72.16493225097656,11.914000022411347,24.835067749023438,False,682.5566394584135,-514.4839333339601
2021-06-24 09:25:05,40782336,52.488436666666665,13.304145,-88.766875,-72.76627349853516,12.170999975204468,24.233726501464844,False,679.6205234088221,-517.8235333334383
2021-06-24 09:25:06,40782336,52.488443333333336,13.304043333333333,-88.21125,-72.18201446533203,12.434999952316284,24.81798553466797,False,676.6844073594714,-523.3895333336229
2021-06-24 09:27:23,26947073,52.48989666666667,13.297795,-90.159375,-60.65296173095703,9.035999999046323,36.34703826904297,True,13.460962811150988,-802.0605999998907
2021-06-24 09:27:24,26947073,52.489981666666665,13.29768,-89.23625,-61.44926452636719,9.627999987602234,35.55073547363281,True,13.009252649758706,-802.8027333329322
2021-06-24 09:27:25,26947073,52.49007,13.297561666666669,-92.27125,-61.702362060546875,7.970999980196357,35.297637939453125,True,13.122180190076687,-803.5448666667648
2021-06-24 09:27:26,26947073,52.490163333333335,13.297443333333334,-93.646875,-61.9007568359375,6.786000000685453,35.0992431640625,True,13.79974543234565,-805.4002000001597
2021-06-24 09:27:27,26947073,52.49026,13.297325,-94.49875,-62.743690490722656,5.474000011533499,34.256309509277344,True,14.025600512981612,-805.5857333330246
2021-06-24 09:27:28,26947073,52.49035333333333,13.297205,-95.313125,-63.08174133300781,4.174999996423721,33.91825866699219,True,14.251455593617573,-805.5857333330246
2021-06-24 09:27:29,26947073,52.49045,13.297083333333331,-95.674375,-63.130104064941406,4.119999985694886,33.869895935058594,True,14.251455593617573,-805.5857333330246
2021-06-24 09:27:30,26947073,52.490545,13.296956666666668,-95.168125,-63.362457275390625,4.516000009700656,33.637542724609375,True,14.251455593617573,-805.5857333330246
2021-06-24 09:27:31,26947073,52.49063666666667,13.296828333333334,-93.10326086956522,-63.61504364013672,4.469565211754778,33.38495635986328,True,14.251455593617573,-805.5857333330246
2021-06-24 09:27:19,26947073,52.48956833333333,13.298238333333334,-94.365,-60.54808807373047,5.45399999499321,36.45191192626953,True,22.83394866127454,-793.3405333330927
2021-06-24 09:27:20,26947073,52.48965,13.298126666666668,-93.19,-60.87931823730469,6.455000009536743,36.12068176269531,True,20.236615232998105,-794.639266666311
2021-06-24 09:27:21,26947073,52.48973333333333,13.298015,-91.139375,-61.183433532714844,7.300999984741211,35.816566467285156,True,17.63928180448095,-796.6801333333617
2021-06-24 09:27:22,26947073,52.489815,13.297905,-89.860625,-61.44977569580078,6.840999987125397,35.55022430419922,True,15.49365853771716,-798.1644000002359
2021-06-24 09:27:15,26947073,52.489235,13.298686666666669,-94.43617021276596,-59.48675537109375,1.862765953975155,37.51324462890625,True,36.159398424092096,-789.444333333438
2021-06-24 09:27:16,26947073,52.48932,13.298571666666668,-92.9175,-59.8194580078125,5.937000002861023,37.1805419921875,True,32.094006970959754,-790.3720000001354
2021-06-24 09:27:17,26947073,52.489403333333335,13.298458333333333,-90.985,-59.39830780029297,7.947000014781952,37.60169219970703,True,28.593253219778394,-791.2996666668329
2021-06-24 09:27:18,26947073,52.48948666666666,13.298348333333331,-93.626875,-60.22223663330078,5.590999999046326,36.77776336669922,True,25.657137170307298,-792.2273333335304
2021-06-24 09:28:40,26947074,52.494295,13.288108333333334,-99.42625,-68.0191421508789,5.006999992355705,28.980857849121094,True,-281.27991753444445,-816.1611333340085
2021-06-24 09:28:41,26947074,52.49431,13.287853333333333,-102.118125,-68.27951049804688,2.2570000057667494,28.720489501953125,True,-290.08826568273736,-816.903266666259
2021-06-24 09:28:42,26947074,52.49433166666667,13.287586666666666,-104.096875,-68.54832458496094,-1.6140000097453595,28.451675415039062,True,-299.122468911907,-818.3875333331332
2021-06-24 09:28:37,26947074,52.49427,13.288826666666669,-97.669375,-67.26051330566406,9.924999980926511,29.739486694335938,True,-253.16095998431447,-814.3057999998225
2021-06-24 09:28:38,26947074,52.49427833333333,13.288595,-98.973125,-67.51155853271484,8.244000012874602,29.488441467285156,True,-262.7598009151944,-814.8623999999993
2021-06-24 09:28:39,26947074,52.49428666666667,13.288355,-99.006875,-67.7651138305664,6.439999992251396,29.234886169433594,True,-272.2457143056359,-815.7900666666967
2021-06-24 09:28:35,26947074,52.49424666666667,13.289273333333334,-95.93,-66.75210571289062,9.674000041484833,30.247894287109375,True,-232.83400271901385,-812.4504666664277
2021-06-24 09:28:36,26947074,52.49426,13.289053333333332,-92.661875,-67.00728607177734,13.163999967575071,29.992713928222656,True,-242.997481351604,-813.0070666666043
2021-06-24 09:28:32,26947074,52.49416833333333,13.289935,-97.811875,-65.90287780761719,6.928999965190887,31.097122192382812,True,-202.90820452307406,-809.6674666663353
2021-06-24 09:28:33,26947074,52.49420166666667,13.289716666666669,-97.21875,-66.19918823242188,8.64600000858307,30.800811767578125,True,-212.7329005345899,-810.7806666666886
2021-06-24 09:28:34,26947074,52.49422833333333,13.289493333333333,-96.905625,-66.48554992675781,9.04800006389618,30.514450073242188,True,-222.67052408654408,-811.708333333386
2021-06-24 09:28:30,26947074,52.49408666666667,13.29035,-92.684375,-65.29060363769531,9.250000026226044,31.709396362304688,True,-183.14588495972444,-806.5133999997221
2021-06-24 09:28:31,26947074,52.494128333333336,13.290148333333333,-95.36625,-65.59555053710938,7.484000029563904,31.404449462890625,True,-193.19643605199659,-807.9976666665962
2021-06-24 09:28:27,26947074,52.49391166666667,13.290881666666667,-91.63375,-64.34627532958984,11.250000010728836,32.653724670410156,True,-154.46228970776386,-807.8121333329403
2021-06-24 09:28:28,26947074,52.493975,13.290713333333333,-91.215625,-64.66661071777344,9.988000001907348,32.33338928222656,True,-163.27063785605682,-805.4002000001597
2021-06-24 09:28:29,26947074,52.494031666666665,13.290535,-93.016875,-64.98074340820312,7.614000005722046,32.019256591796875,True,-173.09533386757263,-805.4002000001597
2021-06-24 09:28:24,26947074,52.4937,13.291358333333331,-91.0175,-63.322715759277344,8.90200005531311,33.677284240722656,True,-130.9733613122358,-809.8529999999912
2021-06-24 09:28:25,26947074,52.493775,13.291203333333334,-90.91625,-63.67735290527344,9.136999981403353,33.32264709472656,True,-138.08779635515722,-808.7397999996379
2021-06-24 09:28:26,26947074,52.493845,13.291045,-90.938125,-64.01667785644531,11.278999967575071,32.98332214355469,True,-145.8797966401069,-808.368733333117
2021-06-24 09:27:57,26947074,52.49183333333333,13.294698333333333,-90.82,-62.42558288574219,10.858000030517578,34.57441711425781,False,-102.74147622154717,-807.4410666664196
2021-06-24 09:27:58,26947074,52.49188333333333,13.294605,-92.98125,-62.084800720214844,10.950000009536744,34.915199279785156,False,-105.11295456930802,-808.7397999996379
2021-06-24 09:27:59,26947074,52.49193666666667,13.29451,-95.948125,-62.84850311279297,10.532000002861023,34.15149688720703,False,-106.46808505360522,-810.4096000001678
2021-06-24 09:28:00,26947074,52.49199166666666,13.294413333333331,-95.575625,-63.54779052734375,10.485000042915344,33.45220947265625,False,-106.80686767467951,-810.9661999995535
2021-06-24 09:28:01,26947074,52.492043333333335,13.294318333333331,-95.275625,-50.77971649169922,10.313000011444093,46.22028350830078,True,-106.24222997296926,-811.3372666676562
2021-06-24 09:28:02,26947074,52.49209833333333,13.294228333333333,-93.725625,-61.761077880859375,10.938999996185302,35.238922119140625,False,-105.9034473517746,-811.5227999997302
2021-06-24 09:28:03,26947074,52.492155,13.294133333333331,-92.794375,-61.62822723388672,10.936999988555907,35.37177276611328,False,-105.79051981133625,-811.708333333386
2021-06-24 09:28:04,26947074,52.49221333333333,13.294031666666667,-90.616875,-62.00657653808594,11.952000026702882,34.99342346191406,False,-105.79051981133625,-811.708333333386
2021-06-24 09:28:05,26947074,52.492275,13.293926666666668,-89.3925,-51.25523376464844,13.262999992370606,45.74476623535156,True,-105.9034473517746,-812.0793999999069
2021-06-24 09:28:06,26947074,52.49233666666667,13.293818333333334,-90.554375,-54.43077087402344,12.666999979019163,42.56922912597656,True,-105.79051981133625,-811.8938666662509
2021-06-24 09:28:07,26947074,52.49239833333333,13.293708333333331,-90.46375,-54.97589874267578,12.593999981880188,42.02410125732422,True,-106.01637489233329,-811.8938666662509
2021-06-24 09:28:08,26947074,52.49246,13.293591666666666,-89.281875,-55.54199981689453,13.11100001335144,41.45800018310547,True,-106.01637489233329,-811.8938666662509
2021-06-24 09:28:09,26947074,52.49252,13.293471666666669,-89.718125,-56.09428405761719,13.23399998664856,40.90571594238281,True,-106.12930243241055,-811.8938666662509
2021-06-24 09:28:10,26947074,52.492581666666666,13.29335,-89.66375,-56.66007995605469,12.544999961853028,40.33992004394531,True,-106.24222997296926,-811.8938666662509
2021-06-24 09:28:11,26947074,52.49264333333333,13.293231666666667,-87.840625,-56.93006896972656,13.315000038146971,40.06993103027344,True,-106.24222997296926,-811.708333333386
2021-06-24 09:28:12,26947074,52.49270833333333,13.293115,-90.666875,-57.36693572998047,13.180000038146972,39.63306427001953,True,-106.24222997296926,-811.5227999997302
2021-06-24 09:28:13,26947074,52.49277666666666,13.292993333333332,-89.600625,-57.68138122558594,13.787000017166138,39.31861877441406,True,-106.24222997296926,-811.3372666676562
2021-06-24 09:28:14,26947074,52.49285166666667,13.292863333333331,-87.084375,-58.64936828613281,13.876999998092652,38.35063171386719,True,-106.24222997296926,-811.1517333340004
2021-06-24 09:28:15,26947074,52.49293166666666,13.292721666666669,-87.403125,-59.16227722167969,13.16100004196167,37.83772277832031,True,-106.24222997296926,-811.1517333340004
2021-06-24 09:28:16,26947074,52.49301666666667,13.292575,-83.91375,-59.68359375,14.35500002861023,37.31640625,True,-106.24222997296926,-811.1517333340004
2021-06-24 09:28:17,26947074,52.4931,13.292423333333334,-84.615,-60.26409912109375,14.048999977111816,36.73590087890625,True,-106.35515751340759,-811.1517333340004
2021-06-24 09:28:18,26947074,52.493186666666666,13.292273333333334,-85.63,-60.77299499511719,14.576999940872192,36.22700500488281,True,-106.46808505360522,-811.1517333340004
2021-06-24 09:28:19,26947074,52.493273333333335,13.292121666666668,-87.95125,-61.24705505371094,12.494999961853027,35.75294494628906,True,-107.82321553802278,-813.0070666666043
2021-06-24 09:28:20,26947074,52.493363333333335,13.291966666666667,-87.5875,-61.711585998535156,14.35900001525879,35.288414001464844,True,-110.30762142598124,-813.1926000002602
2021-06-24 09:28:21,26947074,52.493451666666665,13.291811666666666,-85.74875,-62.15264892578125,16.007000036239624,34.84735107421875,True,-113.69544763684462,-813.3781333331251
2021-06-24 09:28:22,26947074,52.49353666666666,13.291661666666666,-84.7925,-62.56041717529297,17.91900008201599,34.43958282470703,True,-118.43840433200519,-812.6360000000835
2021-06-24 09:28:23,26947074,52.49362,13.29151,-86.225625,-62.95182800292969,16.456000013351442,34.04817199707031,True,-123.97185380975273,-811.8938666662509
2021-06-24 09:27:52,26947074,52.491596666666666,13.295133333333334,-89.753125,-51.30287170410156,12.138000016212464,45.69712829589844,True,-78.91376520518553,-800.2052666664957
2021-06-24 09:27:53,26947074,52.49163833333333,13.295055,-88.856875,-51.43244934082031,10.9510000705719,45.56755065917969,True,-84.89892484444572,-802.4316666664115
2021-06-24 09:27:54,26947074,52.49168333333333,13.294971666666669,-88.705,-51.13219451904297,9.213999955654144,45.86780548095703,True,-90.88408448358553,-803.5448666667648
2021-06-24 09:27:55,26947074,52.49173166666667,13.294885,-89.7125,-51.71467590332031,9.88899998664856,45.28532409667969,True,-96.07875134025875,-805.0291333336389
2021-06-24 09:27:56,26947074,52.49178166666667,13.294791666666669,-89.198125,-51.57684326171875,10.603000001907349,45.42315673828125,True,-99.6924326317581,-806.8844666662428
2021-06-24 09:27:48,26947074,52.49146833333333,13.295368333333334,-90.183125,-62.821380615234375,12.08800000667572,34.178619384765625,False,-50.907735195373576,-797.97886666658
2021-06-24 09:27:49,26947074,52.49149333333333,13.295318333333334,-88.720625,-62.61830139160156,12.680999960899353,34.38169860839844,False,-58.02217023805428,-798.1644000002359
2021-06-24 09:27:50,26947074,52.49152166666666,13.295265,-88.521875,-51.71009826660156,12.50200002670288,45.28990173339844,True,-64.91075020033973,-798.9065333332775
2021-06-24 09:27:51,26947074,52.49155666666667,13.295203333333331,-89.4075,-51.58882141113281,11.873999981880187,45.41117858886719,True,-72.0251852431408,-799.4631333334542
2021-06-24 09:27:45,26947074,52.49138166666667,13.295531666666667,-87.24375,-70.6425552368164,15.067999935150146,26.357444763183594,False,-26.9670966385736,-797.97886666658
2021-06-24 09:27:46,26947074,52.49141166666666,13.295476666666667,-88.43625,-63.13976287841797,13.978999967575072,33.86023712158203,False,-35.43666216567187,-798.1644000002359
2021-06-24 09:27:47,26947074,52.49144,13.295421666666666,-89.109375,-63.088722229003906,12.18200005054474,33.911277770996094,False,-43.45451753137785,-798.3499333331008
2021-06-24 09:27:32,26947074,52.490723333333335,13.296698333333334,-89.0575,-59.207305908203125,9.769000000953676,37.792694091796875,True,14.251455593617573,-805.5857333330246
2021-06-24 09:27:33,26947074,52.490805,13.29657,-86.3725,-86.63995361328125,11.38300003051758,10.36004638671875,False,14.251455593617573,-805.5857333330246
2021-06-24 09:27:34,26947074,52.490875,13.296451666666666,-88.68875,-68.17058563232422,11.172000002861022,28.82941436767578,False,14.251455593617573,-805.5857333330246
2021-06-24 09:27:35,26947074,52.490935,13.296348333333333,-88.263125,-67.39329528808594,12.636999998092652,29.606704711914062,False,14.251455593617573,-805.5857333330246
2021-06-24 09:27:36,26947074,52.49098833333333,13.29625,-87.90875,-67.46395874023438,13.125999970436096,29.536041259765625,False,14.251455593617573,-805.5857333330246
2021-06-24 09:27:37,26947074,52.49104,13.296156666666668,-88.485,-67.15768432617188,11.33400005340576,29.842315673828125,False,14.138528053419952,-805.5857333330246
2021-06-24 09:27:38,26947074,52.49108833333333,13.296065,-88.739375,-67.33830261230469,12.054999961853028,29.661697387695312,False,11.089484463630875,-803.9159333332856
2021-06-24 09:27:39,26947074,52.49113333333333,13.295978333333334,-89.139375,-55.786705017089844,12.10699999332428,41.213294982910156,True,7.0240930104985315,-805.0291333336389
2021-06-24 09:27:40,26947074,52.49118,13.29591,-87.525,-55.63966369628906,12.529999985694886,41.36033630371094,True,2.506991396094266,-805.0291333336389
2021-06-24 09:27:41,26947074,52.49122333333333,13.295843333333334,-88.269375,-55.3328857421875,12.331000003814696,41.6671142578125,True,-2.0101102185507194,-804.1014666677324
2021-06-24 09:27:42,26947074,52.491265,13.295763333333332,-87.114375,-54.995941162109375,13.260000004768372,42.004058837890625,True,-6.753066913711306,-802.4316666664115
2021-06-24 09:27:43,26947074,52.49130666666667,13.295681666666669,-88.453125,-54.786956787109375,13.364999980926514,42.213043212890625,True,-12.512371472094799,-800.7618666666724
2021-06-24 09:27:44,26947074,52.491348333333335,13.295601666666666,-87.75125,-54.44268035888672,13.745999999046326,42.55731964111328,True,-19.513878974577878,-799.6486666663191
2021-06-24 09:28:47,34210561,52.49458,13.2863,-94.61,-48.028961181640625,14.142999958992004,48.971038818359375,True,-350.39157223624994,-817.6454000000916
2021-06-24 09:28:48,34210561,52.49465333333333,13.28606,-111.763125,-50.28759002685547,4.104000002592802,46.71240997314453,True,-361.7972538129397,-818.758599999654
2021-06-24 09:28:49,34210561,52.49472333333333,13.28582,-121.36126373626374,-52.144317626953125,-3.254945042041632,44.855682373046875,True,-373.2029353895091,-820.0573333336632
2021-06-24 09:28:45,34210561,52.49445,13.286796666666667,-96.290625,-42.95086669921875,11.222000041007997,54.04913330078125,True,-328.1448467849418,-815.7900666666967
2021-06-24 09:28:46,34210561,52.49451,13.286545,-94.26,-45.35187530517578,10.122999999523165,51.64812469482422,True,-339.0988182001189,-816.7177333333941
2021-06-24 09:28:43,34210561,52.49436166666667,13.287318333333332,-99.33376288659794,-45.40724182128906,6.573195855642102,51.59275817871094,True,-307.4791068986873,-815.0479333336551
2021-06-24 09:28:44,34210561,52.4944,13.287055,-96.613125,-42.97837829589844,9.275999975800516,54.02162170410156,True,-317.52965799095944,-814.6768666663434
2021-06-24 09:29:07,34210562,52.4969,13.283441666666668,-89.34125,-53.57366943359375,8.983000044822694,43.42633056640625,True,-586.974769295578,-820.428400000184
2021-06-24 09:29:08,34210562,52.49701833333334,13.283325,-87.855625,-52.363006591796875,11.15900002002716,44.636993408203125,True,-599.622653816247,-818.0164666666124
2021-06-24 09:29:05,34210562,52.49666,13.283618333333331,-92.57875,-55.638084411621094,8.545000028610229,41.361915588378906,True,-561.3402176334065,-825.0667333328804
2021-06-24 09:29:06,34210562,52.49677833333333,13.28354,-87.2675,-54.681182861328125,12.465999975204468,42.318817138671875,True,-574.2139572347114,-822.8403333329646
2021-06-24 09:29:03,34210562,52.49621666666667,13.283593333333334,-94.1175,-58.320892333984375,7.401000013351441,38.679107666015625,True,-535.931521051871,-829.5195333335027
2021-06-24 09:29:04,34210562,52.496498333333335,13.283631666666668,-94.6725,-56.72712707519531,6.820999999046325,40.27287292480469,True,-548.5794055722993,-827.2931333335871
2021-06-24 09:29:01,34210562,52.495965,13.283688333333334,-97.225625,-59.601097106933594,7.252000000476837,37.398902893066406,True,-510.8616070912894,-831.5603999997626
2021-06-24 09:29:02,34210562,52.49603666666667,13.283608333333332,-96.318125,-59.232704162597656,7.373000020980835,37.767295837402344,True,-523.3965640716405,-830.818266666721
2021-06-24 09:28:59,34210562,52.49547333333334,13.283493333333332,-102.79625,-61.56382751464844,8.086000027656555,35.43617248535156,True,-486.1304757519025,-831.0037999995859
2021-06-24 09:29:00,34210562,52.49551666666667,13.283381666666669,-98.030625,-61.38792419433594,6.518999998569488,35.61207580566406,True,-498.3266501110588,-831.5603999997626
2021-06-24 09:28:56,34210562,52.49525,13.284191666666668,-108.67375,-62.5574951171875,7.791000015735626,34.4425048828125,True,-451.57464840099976,-826.9220666662752
2021-06-24 09:28:57,34210562,52.49532333333333,13.28396,-104.5925,-62.220458984375,11.967999982833865,34.779541015625,True,-462.9803299776895,-829.3339999998468
2021-06-24 09:28:58,34210562,52.49539833333333,13.283726666666666,-104.683125,-61.88568115234375,9.124000005722046,35.11431884765625,True,-474.38601155413846,-830.4472000002002
2021-06-24 09:28:54,34210562,52.49509833333333,13.284653333333331,-109.31375,-63.25568389892578,5.8520000004768375,33.74431610107422,True,-430.45719835323257,-825.2522666665362
2021-06-24 09:28:55,34210562,52.495175,13.284423333333333,-107.8775,-62.903907775878906,7.297000041007996,34.096092224121094,True,-440.9594596070174,-825.9943999995778
2021-06-24 09:28:52,34210562,52.49494833333333,13.285113333333332,-114.88625,-63.943939208984375,4.3830000139772896,33.056060791015625,True,-408.21047290204484,-823.7679999996622
2021-06-24 09:28:53,34210562,52.495025,13.284883333333331,-112.138125,-63.59680938720703,5.925000011920929,33.40319061279297,True,-419.5032269381758,-824.6956666663596
2021-06-24 09:28:50,34210562,52.494796666666666,13.285581666666667,-117.59593023255816,-64.67635345458984,0.1383720945653527,32.323646545410156,True,-385.17325466802936,-821.3560666676724
2021-06-24 09:28:51,34210562,52.49487333333333,13.285346666666667,-113.2775,-64.3364028930664,5.819000028073788,32.663597106933594,True,-396.917718865673,-822.4692666664439
2021-06-24 09:31:20,40812800,52.509838333333335,13.285378333333334,-95.945625,-66.78328704833984,7.668000031709671,30.216712951660156,True,-1001.5317699658524,-871.2645333333066
2021-06-24 09:31:21,40812800,52.50993,13.285441666666667,-96.614898989899,-66.96175384521484,5.104040419212495,30.038246154785156,True,-1006.1617991208153,-874.4185999999197
2021-06-24 09:31:22,40812800,52.510025,13.28551,-99.8440594059406,-67.14372253417969,-0.3198019752998163,29.856277465820312,True,-1011.0176833562939,-874.9752000000965
2021-06-24 09:31:14,40812800,52.509328333333336,13.285035,-83.754375,-65.73653411865234,11.61099997997284,31.263465881347656,True,-975.2196530614119,-863.1010666666853
2021-06-24 09:31:15,40812800,52.50941,13.285086666666666,-85.499375,-65.91336059570312,9.32200002670288,31.086639404296875,True,-976.5747835457091,-863.657666667653
2021-06-24 09:31:16,40812800,52.50949333333333,13.285143333333334,-86.71163366336634,-66.08723449707031,10.827722747727195,30.912765502929688,True,-978.9462618933496,-863.843199999727
2021-06-24 09:31:17,40812800,52.50957666666667,13.285205,-88.814375,-66.25804901123047,10.009999988079072,30.74195098876953,True,-983.5762910480719,-868.6670666676611
2021-06-24 09:31:18,40812800,52.50966,13.285266666666669,-93.16625,-66.42678833007812,7.696999974250794,30.573211669921875,True,-987.7546100416425,-869.9658000000884
2021-06-24 09:31:19,40812800,52.509746666666665,13.28532,-93.205625,-66.60152435302734,8.626000020503998,30.398475646972656,True,-994.6431900036873,-868.6670666676611
2021-06-24 09:31:08,40812800,52.50879833333333,13.284686666666667,-90.9430693069307,-64.5650863647461,9.514851494590834,32.434913635253906,True,-953.8763479328884,-855.8652666667615
2021-06-24 09:31:09,40812800,52.508921666666666,13.28478,-88.29482323232324,-64.8390884399414,10.454545468995065,32.160911560058594,True,-960.3132177335409,-857.9061333330213
2021-06-24 09:31:10,40812800,52.50900666666666,13.284831666666667,-86.879375,-65.03179931640625,10.507999997138976,31.96820068359375,True,-965.0561744288218,-859.0193333333747
2021-06-24 09:31:11,40812800,52.50909,13.284885,-83.721875,-65.21752166748047,12.540999994277954,31.78247833251953,True,-968.5569281801236,-860.1325333329371
2021-06-24 09:31:12,40812800,52.50917,13.284938333333333,-82.42125,-65.39310455322266,13.09099995613098,31.606895446777344,True,-971.2671891488384,-861.0601999996345
2021-06-24 09:31:13,40812800,52.50925,13.284988333333333,-85.526875,-65.56745910644531,10.40099997997284,31.432540893554688,True,-973.6386674963585,-862.1733999999879
2021-06-24 09:31:06,40812800,52.508626666666665,13.284578333333334,-91.4135101010101,-64.16246032714844,9.4535353593152,32.83753967285156,True,-939.8733329279222,-850.1137333329209
2021-06-24 09:31:07,40812800,52.50871,13.284633333333334,-91.283125,-64.35655212402344,9.62800005674362,32.64344787597656,True,-946.8748404304054,-853.4533333339809
2021-06-24 09:31:04,40812800,52.50845833333333,13.284471666666668,-80.785,-63.760520935058594,16.706000018119813,33.239479064941406,True,-925.1927526808074,-845.8464666667453
2021-06-24 09:31:05,40812800,52.508541666666666,13.284521666666668,-88.53898514851485,-63.96305847167969,10.367326741171356,33.03694152832031,True,-932.4201152639265,-848.072866666661
2021-06-24 09:30:56,40812800,52.50792666666667,13.284145,-77.181875,-62.46349334716797,23.336000080108644,34.53650665283203,True,-900.9133315028129,-850.2992666665767
2021-06-24 09:30:57,40812800,52.50797833333333,13.284178333333331,-77.76608910891089,-62.588340759277344,19.102970251942622,34.411659240722656,True,-903.8494475524043,-850.1137333329209
2021-06-24 09:30:58,40812800,52.50803333333333,13.284215,-77.85164141414141,-62.72429656982422,18.11515144386677,34.27570343017578,True,-906.6726360613167,-849.7426666664
2021-06-24 09:30:59,40812800,52.50808833333333,13.284248333333334,-77.235625,-62.85960388183594,20.42799995422364,34.14039611816406,True,-909.0441144090776,-849.3715999998792
2021-06-24 09:31:00,40812800,52.50815,13.284286666666668,-76.449375,-63.012733459472656,20.189000015258788,33.987266540527344,True,-910.8509550548873,-848.2584000003169
2021-06-24 09:31:01,40812800,52.50821833333333,13.284326666666669,-79.985625,-63.181488037109375,18.06400000095368,33.818511962890625,True,-912.8836507813332,-847.7018000001402
2021-06-24 09:31:02,40812800,52.50829,13.284368333333331,-78.65625,-63.357933044433594,16.635999989509582,33.642066955566406,True,-915.5939117500479,-846.4030666677129
2021-06-24 09:31:03,40812800,52.50837,13.284416666666669,-79.05875,-63.55262756347656,15.975000046491624,33.44737243652344,True,-919.7722307434983,-845.2898666665686
2021-06-24 09:30:52,40812800,52.50772833333333,13.284008333333333,-75.8230198019802,-62.001617431640625,23.20495046483408,34.998382568359375,True,-886.6844614173311,-851.0413999996183
2021-06-24 09:30:54,40812800,52.50782333333333,13.284076666666667,-75.76485148514851,-62.21306610107422,24.00990104675293,34.78693389892578,True,-893.9118240004501,-851.0413999996183
2021-06-24 09:30:55,40812800,52.507873333333336,13.28411,-74.16161616161617,-62.33287048339844,20.149495009220008,34.66712951660156,True,-897.5255052919495,-851.0413999996183
2021-06-24 09:30:53,40812800,52.507776666666665,13.284043333333331,-78.26957070707071,-62.11164855957031,20.01818181047536,34.88835144042969,True,-889.9593600877561,-849.7426666664
2021-06-24 09:33:51,26356993,52.51106,13.288901666666666,-101.61875,-69.27239227294922,2.830000005364418,27.72760772705078,True,-1240.147662751506,-1150.306666667677
2021-06-24 09:33:52,26356993,52.51105833333333,13.2889,-101.56875,-69.2723159790039,2.269999996498227,27.727684020996094,True,-1240.4864453725802,-1150.8632666662718
2021-06-24 09:33:53,26356993,52.51105666666667,13.288898333333334,-101.57,-69.2722396850586,1.1079999951273205,27.727760314941406,True,-1242.4062135588285,-1150.306666667677
2021-06-24 09:33:54,26356993,52.511055,13.288898333333334,-101.61375,-69.27352905273438,1.7989999985694884,27.726470947265625,True,-1242.8579237202207,-1151.2343333335834
2021-06-24 09:33:56,26356993,52.51105333333334,13.288898333333334,-101.646875,-69.27481079101562,0.6820000052452088,27.725189208984375,True,-1242.7449961799027,-1155.1305333340292
2021-06-24 09:33:57,26356993,52.51105166666667,13.288898333333334,-101.630625,-69.27609252929688,1.3389999985694885,27.723907470703125,True,-1242.9708512605387,-1156.4292666664564
2021-06-24 09:33:58,26356993,52.51105,13.288896666666666,-102.47285353535354,-69.27603149414062,2.4292929314001643,27.723968505859375,True,-1243.083778800977,-1157.3569333339449
2021-06-24 09:33:59,26356993,52.51105,13.288895,-103.4634900990099,-69.27467346191406,4.179207895135526,27.725326538085938,True,-1243.196706341295,-1157.5424666668098
2021-06-24 09:34:00,26356993,52.51103666666667,13.2889,-103.796875,-69.28900909423828,3.0500000020861626,27.71099090576172,True,-1243.309633881613,-1157.5424666668098
2021-06-24 09:34:01,26356993,52.51101,13.288903333333334,-104.77625,-69.31232452392578,2.100000001564622,27.68767547607422,True,-1243.083778800977,-1156.9858666666332
2021-06-24 09:34:02,26356993,52.510985,13.288911666666667,-104.53252551020408,-69.33841705322266,2.686734704870959,27.661582946777344,True,-1242.6320686394643,-1156.8003333329773
2021-06-24 09:33:41,26356993,52.511073333333336,13.288906666666666,-101.37875,-69.2662353515625,2.5160000139474867,27.7337646484375,True,-1233.0332277087048,-1126.7439333329287
2021-06-24 09:33:42,26356993,52.511073333333336,13.288906666666666,-101.420625,-69.2662353515625,2.250999996960163,27.7337646484375,True,-1234.7271408140764,-1132.3099333331133
2021-06-24 09:33:43,26356993,52.511071666666666,13.288906666666666,-101.4125,-69.26750946044922,2.218000000566244,27.73249053955078,True,-1235.8564162177377,-1137.3193333331214
2021-06-24 09:33:44,26356993,52.511071666666666,13.288905,-101.401875,-69.26615905761719,2.6939999891817568,27.733840942382812,True,-1236.8727640809605,-1141.772133332953
2021-06-24 09:33:45,26356993,52.51107,13.288903333333334,-101.413125,-69.26606750488281,3.2389999985694886,27.733932495117188,True,-1237.7761844038655,-1145.4827999997428
2021-06-24 09:33:46,26356993,52.51106833333333,13.288903333333334,-101.354375,-69.26734924316406,2.930000003278256,27.732650756835938,True,-1238.5666771865729,-1147.8947333333144
2021-06-24 09:33:47,26356993,52.511066666666665,13.288903333333334,-101.39,-69.26863098144531,2.631000004410744,27.731369018554688,True,-1239.0183873478447,-1149.0079333336678
2021-06-24 09:33:48,26356993,52.511065,13.288901666666666,-101.405,-69.2685546875,2.2049999952316286,27.7314453125,True,-1239.3571699690394,-1149.5645333330535
2021-06-24 09:33:49,26356993,52.51106333333333,13.288903333333334,-101.506875,-69.27117919921875,2.5179999911785127,27.72882080078125,True,-1239.4700975093574,-1149.7500666667092
2021-06-24 09:33:50,26356993,52.51106166666667,13.288903333333334,-101.559375,-69.27246856689453,2.677999999076128,27.72753143310547,True,-1239.6959525901136,-1149.9355999995742
2021-06-24 09:33:37,26356993,52.51107666666667,13.288906666666666,-101.38125,-69.26367950439453,1.0329999984800815,27.73632049560547,True,-1225.2412274236349,-1110.973599999863
2021-06-24 09:33:38,26356993,52.511075,13.288906666666666,-101.4525,-69.26495361328125,-1.7440000063180925,27.73504638671875,True,-1226.9351405291268,-1114.127666666476
2021-06-24 09:33:39,26356993,52.511075,13.288906666666666,-101.455,-69.26495361328125,-0.4989999835193157,27.73504638671875,True,-1228.1773434729855,-1115.982999999871
2021-06-24 09:33:40,26356993,52.511073333333336,13.288906666666666,-101.44875,-69.2662353515625,0.3529999929666519,27.7337646484375,True,-1230.6617493610645,-1121.1779333335348
2021-06-24 09:33:29,26356993,52.511111666666665,13.288923333333331,-101.55125,-69.25064086914062,1.3379999995976686,27.749359130859375,True,-1201.7522990283476,-1101.8824666665441
2021-06-24 09:33:30,26356993,52.51110166666667,13.288918333333331,-101.48125,-69.25414276123047,1.8520000018179417,27.74585723876953,True,-1205.2530527795288,-1102.4390666667207
2021-06-24 09:33:31,26356993,52.511091666666665,13.288913333333332,-101.514375,-69.2576675415039,2.200999993607402,27.742332458496094,True,-1208.8667340710283,-1102.8101333340326
2021-06-24 09:33:32,26356993,52.51108666666666,13.28891,-101.505,-69.25875854492188,1.92899999588728,27.741241455078125,True,-1212.593342902966,-1103.3667333334183
2021-06-24 09:33:33,26356993,52.51108166666667,13.288908333333334,-101.57375,-69.26121520996094,0.4669999978691339,27.738784790039062,True,-1215.6423864927551,-1103.3667333334183
2021-06-24 09:33:34,26356993,52.51108,13.288908333333334,-101.58270202020202,-69.26249694824219,1.290909088997528,27.737503051757812,True,-1218.5785025423465,-1103.5522666662832
2021-06-24 09:33:35,26356993,52.51107833333333,13.288908333333334,-101.44430693069307,-69.26376342773438,-0.1237623726967537,27.736236572265625,True,-1221.062908430305,-1104.4799333329806
2021-06-24 09:33:36,26356993,52.51107833333333,13.288906666666666,-101.440625,-69.26240539550781,-1.1920000004023314,27.737594604492188,True,-1223.321459237507,-1109.3038000001238
2021-06-24 09:33:22,26356993,52.51126333333333,13.288903333333334,-97.02125,-69.12055969238281,10.091000022888185,27.879440307617188,True,-1175.7789647449813,-1095.5743333333178
2021-06-24 09:33:23,26356993,52.511246666666665,13.288901666666666,-97.0275,-69.13148498535156,9.850000019073486,27.868515014648438,True,-1179.392646036601,-1095.7598666669737
2021-06-24 09:33:24,26356993,52.51123166666667,13.288898333333334,-99.544375,-69.13982391357422,8.263999993801116,27.86017608642578,True,-1183.0063273282208,-1095.9453999998386
2021-06-24 09:33:25,26356993,52.51122333333333,13.2889,-100.268125,-69.14741516113281,7.318000025749207,27.852584838867188,True,-1186.2812259986458,-1096.5020000000152
2021-06-24 09:33:26,26356993,52.51118833333334,13.288911666666667,-100.463125,-69.18327331542969,6.926999996900559,27.816726684570312,True,-1189.894907290145,-1097.2441333330567
2021-06-24 09:33:27,26356993,52.511156666666665,13.28892,-101.420625,-69.21393585205078,4.816999998241663,27.78606414794922,True,-1193.7344436626415,-1097.8007333340245
2021-06-24 09:33:28,26356993,52.51113333333333,13.288923333333331,-102.40625,-69.2342529296875,1.7930000016093257,27.7657470703125,True,-1198.0256901964099,-1099.8416000002842
2021-06-24 09:33:17,26356993,52.511363333333335,13.288871666666669,-98.781875,-69.02042388916016,9.016999994516372,27.979576110839844,True,-1153.7580943743092,-1095.5743333333178
2021-06-24 09:33:18,26356993,52.51132333333334,13.28889,-97.101875,-69.06523132324219,11.15799996137619,27.934768676757812,True,-1158.2751959889542,-1095.3887999996618
2021-06-24 09:33:19,26356993,52.51129,13.288903333333334,-96.74875,-69.10094451904297,13.53699999332428,27.89905548095703,True,-1162.9052251436765,-1095.3887999996618
2021-06-24 09:33:20,26356993,52.511273333333335,13.288911666666667,-94.671875,-69.1202163696289,17.42300005912781,27.879783630371094,True,-1167.648181838837,-1095.3887999996618
2021-06-24 09:33:21,26356993,52.51126833333333,13.28891,-94.59125,-69.12248229980469,16.43000002861023,27.877517700195312,True,-1171.8265008324076,-1095.3887999996618
2021-06-24 09:33:11,26356993,52.511633333333336,13.288785,-100.81930693069307,-68.75288391113281,10.928712844848633,28.247116088867188,True,-1126.7684122278404,-1092.9768666676723
2021-06-24 09:33:12,26356993,52.51158333333333,13.2888,-99.85125,-68.8010025024414,10.462000024318694,28.198997497558594,True,-1131.1725863018064,-1093.533466666267
2021-06-24 09:33:13,26356993,52.511535,13.288813333333334,-99.748125,-68.84673309326172,8.985999999046326,28.15326690673828,True,-1135.1250502145003,-1094.6466666666201
2021-06-24 09:33:14,26356993,52.51149,13.288826666666669,-101.3775,-68.89031982421875,8.581000000983476,28.10968017578125,True,-1139.077514127074,-1094.832200000276
2021-06-24 09:33:15,26356993,52.51144666666666,13.288841666666666,-99.565625,-68.93437194824219,8.791000013351441,28.065628051757812,True,-1143.4816882012806,-1094.832200000276
2021-06-24 09:33:16,26356993,52.51140333333333,13.288855,-100.0075,-68.97711181640625,7.440999985262752,28.02288818359375,True,-1148.450499977318,-1095.3887999996618
2021-06-24 09:33:02,26356993,52.51231166666667,13.288651666666668,-103.95625,-68.20392608642578,7.846000012382865,28.79607391357422,True,-1102.488991049846,-1092.2347333330486
2021-06-24 09:33:03,26356993,52.51221666666667,13.288668333333334,-102.30375,-68.27345275878906,9.318999997377396,28.726547241210938,True,-1104.9733969378044,-1092.4202666667045
2021-06-24 09:33:04,26356993,52.51213333333333,13.288685,-100.53125,-68.33808898925781,10.482000012397766,28.661911010742188,True,-1106.5543825028578,-1092.2347333330486
2021-06-24 09:33:05,26356993,52.51206,13.2887,-99.99625,-68.39646911621094,10.030000019073489,28.603530883789062,True,-1107.9095129870348,-1092.0492000001836
2021-06-24 09:33:06,26356993,52.51197666666667,13.28871,-101.9125,-68.45730590820312,9.310999987125395,28.542694091796875,True,-1109.8292811734034,-1092.2347333330486
2021-06-24 09:33:07,26356993,52.51189,13.288723333333332,-102.6025,-68.52488708496094,9.380999994277952,28.475112915039062,True,-1111.9749044402874,-1092.0492000001836
2021-06-24 09:33:08,26356993,52.51181833333333,13.288738333333333,-102.348125,-68.58551788330078,8.349000009298324,28.41448211669922,True,-1114.79809294932,-1091.863666666528
2021-06-24 09:33:09,26356993,52.51174833333334,13.288753333333334,-103.061875,-68.64585876464844,9.257000007629394,28.354141235351562,True,-1118.0729916197452,-1092.0492000001836
2021-06-24 09:33:10,26356993,52.511685,13.28877,-102.40214646464646,-68.70388793945312,9.45050503990867,28.296112060546875,True,-1121.7996004518031,-1091.678133333663
2021-06-24 09:32:09,26356993,52.51277833333333,13.286873333333332,-93.63125,-65.87625122070312,6.969000000357628,31.123748779296875,True,-1101.133860565308,-908.9277999997998
2021-06-24 09:32:10,26356993,52.51278,13.286875,-95.726875,-65.87738037109375,6.714000024795532,31.12261962890625,True,-1103.618266453387,-912.4529333329338
2021-06-24 09:32:11,26356993,52.512798333333336,13.286885,-94.8975,-65.87886047363281,6.0080000047385695,31.121139526367188,True,-1103.8441215340226,-915.6070000003378
2021-06-24 09:32:12,26356993,52.51282333333333,13.286898333333331,-98.160625,-65.88082122802734,4.175000008791685,31.119178771972656,True,-1103.053628751556,-917.091266666421
2021-06-24 09:32:13,26356993,52.51285,13.286911666666668,-97.87,-65.88219451904297,6.031000016629696,31.11780548095703,True,-1102.0372808884536,-918.3899999996393
2021-06-24 09:32:14,26356993,52.51288,13.286925,-96.841875,-65.88206481933594,8.133999993801117,31.117935180664062,True,-1100.7950779442335,-920.4308666666901
2021-06-24 09:32:56,26356993,52.512798333333336,13.288488333333332,-93.34375,-67.799560546875,13.849999992847442,29.200439453125,True,-1078.0966423315333,-1089.637266666612
2021-06-24 09:32:57,26356993,52.512725,13.28851,-94.300625,-67.85381317138672,13.128999965190888,29.14618682861328,True,-1082.5008164056196,-1090.5649333333097
2021-06-24 09:32:58,26356993,52.51264666666667,13.288536666666667,-98.02625,-67.91705322265625,11.025999945402145,29.08294677734375,True,-1086.4532803183135,-1091.1215333334862
2021-06-24 09:32:59,26356993,52.51256166666667,13.288561666666666,-100.4475,-67.98320007324219,8.815000004023313,29.016799926757812,True,-1090.744526852082,-1091.1215333334862
2021-06-24 09:33:00,26356993,52.51248,13.28859,-103.363125,-68.0528335571289,8.853999979048968,28.947166442871094,True,-1095.1487009262885,-1091.3070666663511
2021-06-24 09:33:01,26356993,52.512393333333335,13.288621666666666,-105.65375,-68.12987518310547,5.239000001549721,28.87012481689453,True,-1098.9882372985442,-1092.2347333330486
2021-06-24 09:32:34,26356993,52.513043333333336,13.287913333333334,-91.693125,-67.05085754394531,5.768000005632639,29.949142456054688,True,-1075.1605262820622,-1025.6282666676511
2021-06-24 09:32:29,26356993,52.51303833333333,13.287925,-92.251875,-67.06658935546875,6.760000024065375,29.93341064453125,True,-1079.4517728158305,-1001.6944666663821
2021-06-24 09:32:30,26356993,52.51304,13.287943333333333,-92.0025,-67.08769226074219,5.286999985352159,29.912307739257812,True,-1078.5483524929255,-1005.9617333333485
2021-06-24 09:32:31,26356993,52.513041666666666,13.287945,-91.63875,-67.08904266357422,5.461000005826354,29.91095733642578,True,-1077.8707872507769,-1009.8579333330033
2021-06-24 09:32:32,26356993,52.513041666666666,13.287935,-91.72875,-67.07719421386719,5.51400000706315,29.922805786132812,True,-1077.1932220086285,-1014.4962666664907
2021-06-24 09:32:33,26356993,52.513043333333336,13.287923333333334,-91.73625,-67.062744140625,5.776000028550625,29.937255859375,True,-1076.1768741454055,-1019.6912000001546
2021-06-24 09:32:25,26356993,52.51302,13.287698333333331,-93.1,-66.80104064941406,5.95599998280406,30.198959350585938,True,-1084.759367212942,-977.3896000001741
2021-06-24 09:32:26,26356993,52.513025,13.287778333333334,-92.484375,-66.89616394042969,8.851999993324279,30.103836059570312,True,-1083.6300918092809,-983.5121999997446
2021-06-24 09:32:27,26356993,52.51303166666667,13.287843333333331,-92.38,-66.97175598144531,8.918000046610832,30.028244018554688,True,-1082.2749613249835,-990.5624666668035
2021-06-24 09:32:28,26356993,52.513035,13.287891666666669,-91.363125,-67.02822875976562,6.974999981671572,29.971771240234375,True,-1080.6939757598097,-996.4995333335091
2021-06-24 09:32:20,26356993,52.51300166666667,13.287213333333334,-95.853125,-66.19773864746094,7.5439999562501905,30.802261352539062,True,-1090.744526852082,-952.7136666666545
2021-06-24 09:32:21,26356993,52.51300333333333,13.28731,-94.71625,-66.32201385498047,7.676999957561493,30.67798614501953,True,-1089.1635412871487,-958.65073333336
2021-06-24 09:32:22,26356993,52.513005,13.287411666666667,-94.17550505050504,-66.45098876953125,6.792929304368569,30.54901123046875,True,-1087.9213383429287,-963.6601333333681
2021-06-24 09:32:23,26356993,52.51301,13.287513333333331,-94.04702970297028,-66.57673645019531,8.188118817782637,30.423263549804688,True,-1086.9049904798262,-968.2984666676464
2021-06-24 09:32:24,26356993,52.513015,13.28761,-93.519375,-66.69468688964844,7.572000030949712,30.305313110351562,True,-1086.0015701569214,-972.565733333031
2021-06-24 09:32:16,26356993,52.51294666666666,13.286956666666669,-96.873125,-65.8865737915039,5.622999990582466,31.113426208496094,True,-1097.4072517333702,-928.9653999998322
2021-06-24 09:32:17,26356993,52.512975,13.286993333333331,-98.918125,-65.92051696777344,4.445000021010637,31.079483032226562,True,-1095.826266168437,-934.1603333334962
2021-06-24 09:32:18,26356993,52.512991666666665,13.28705,-96.829375,-65.98756408691406,5.934000001251698,31.012435913085938,True,-1094.2452806033837,-939.1697333335043
2021-06-24 09:32:19,26356993,52.512998333333336,13.287125,-96.145,-66.08360290527344,6.494999998807908,30.916397094726562,True,-1092.4384399575738,-945.2923333330748
2021-06-24 09:32:06,26356993,52.51277833333333,13.286873333333332,-96.324375,-65.87625122070312,4.997999990954996,31.123748779296875,True,-1094.9228458456525,-900.3932666666577
2021-06-24 09:32:07,26356993,52.51277833333333,13.286873333333332,-96.243125,-65.87625122070312,1.935000000447035,31.123748779296875,True,-1096.1650487895113,-902.0630666663967
2021-06-24 09:32:08,26356993,52.51277833333333,13.286873333333332,-96.01,-65.87625122070312,4.608000004291535,31.123748779296875,True,-1099.1011648388621,-906.7013999998841
2021-06-24 09:32:15,26356993,52.51291166666667,13.286936666666668,-96.374375,-65.87933349609375,6.052999999895692,31.12066650390625,True,-1099.3270199196186,-924.14153333348
2021-06-24 09:31:56,26356993,52.51277833333333,13.286866666666668,-96.590625,-65.86739349365234,2.6460000094771385,31.132606506347656,True,-1077.4190770893847,-888.1480666667258
2021-06-24 09:31:57,26356993,52.51277833333333,13.286866666666668,-96.25,-65.86739349365234,5.441999998390674,31.132606506347656,True,-1082.387888865422,-891.6731999998598
2021-06-24 09:31:58,26356993,52.51277833333333,13.286871666666666,-96.24242424242424,-65.87403106689453,2.8474747354183534,31.12596893310547,True,-1086.2274252375573,-894.2706666662963
2021-06-24 09:31:59,26356993,52.51277833333333,13.286873333333332,-96.38861386138612,-65.87625122070312,5.326732668546167,31.123748779296875,True,-1088.937686206272,-895.7549333339614
2021-06-24 09:32:00,26356993,52.51277833333333,13.286873333333332,-96.26625,-65.87625122070312,3.26099997356534,31.123748779296875,True,-1091.083309473156,-897.4247333329095
2021-06-24 09:32:01,26356993,52.51277833333333,13.286873333333332,-96.300625,-65.87625122070312,4.112000018358231,31.123748779296875,True,-1092.3255124171355,-898.166866666742
2021-06-24 09:32:02,26356993,52.51277833333333,13.286873333333332,-96.30875,-65.87625122070312,4.82700001180172,31.123748779296875,True,-1093.1160051997222,-898.7234666677097
2021-06-24 09:32:03,26356993,52.51277833333333,13.286873333333332,-96.2375,-65.87625122070312,4.215999994128943,31.123748779296875,True,-1093.5677153611148,-898.9089999997836
2021-06-24 09:32:04,26356993,52.51277833333333,13.286873333333332,-96.255,-65.87625122070312,5.247999985218048,31.123748779296875,True,-1093.906497982189,-899.0945333334395
2021-06-24 09:32:05,26356993,52.51277833333333,13.286873333333332,-96.433125,-65.87625122070312,4.147000012248754,31.123748779296875,True,-1094.2452806033837,-899.6511333336161
2021-06-24 09:32:44,26356993,52.51304666666667,13.288038333333333,-96.324375,-67.197021484375,6.372000048160553,29.802978515625,True,-1061.6092214386088,-1075.7222666677321
2021-06-24 09:32:45,26356993,52.513041666666666,13.288076666666669,-96.508125,-67.24354553222656,6.648000014424324,29.756454467773438,True,-1061.3833663578523,-1078.5052666662427
2021-06-24 09:32:46,26356993,52.51304666666667,13.288125,-96.75757575757576,-67.29783630371094,5.878787897226184,29.702163696289062,True,-1061.7221489789265,-1080.3605999996375
2021-06-24 09:32:47,26356993,52.513055,13.288173333333331,-95.4795792079208,-67.3506851196289,6.398019829598984,29.649314880371094,True,-1061.6092214386088,-1080.9171999998143
2021-06-24 09:32:48,26356993,52.513061666666665,13.28821,-96.9225,-67.3905029296875,5.131999995559454,29.6094970703125,True,-1061.7221489789265,-1081.288266666335
2021-06-24 09:32:49,26356993,52.513061666666665,13.288251666666667,-95.994375,-67.4381103515625,6.700000003576279,29.5618896484375,True,-1061.835076519365,-1081.473799999991
2021-06-24 09:32:50,26356993,52.51305666666666,13.288298333333334,-95.09875,-67.4927978515625,6.543999993726612,29.5072021484375,True,-1062.1738591404392,-1082.0304000001674
2021-06-24 09:32:51,26356993,52.513041666666666,13.288346666666667,-94.536875,-67.5523452758789,8.535000003129245,29.447654724121094,True,-1062.512641761393,-1082.2159333330324
2021-06-24 09:32:52,26356993,52.513015,13.288388333333334,-94.48625,-67.60804748535156,9.294999999105933,29.391952514648438,True,-1063.190207003542,-1082.2159333330324
2021-06-24 09:32:53,26356993,52.51297666666667,13.288418333333333,-95.979375,-67.65473937988281,9.629000000953674,29.345260620117188,True,-1065.3358302705465,-1083.5146666662508
2021-06-24 09:32:54,26356993,52.512926666666665,13.28844,-95.741875,-67.6967544555664,12.450999886393546,29.303245544433594,True,-1069.4012217235584,-1087.0398000001755
2021-06-24 09:32:55,26356993,52.512863333333335,13.288463333333333,-96.579375,-67.74638366699219,12.654000062942504,29.253616333007812,True,-1073.5795407170085,-1088.524066666259
2021-06-24 09:32:39,26356993,52.51304,13.2879,-91.25125,-67.03624725341797,8.296999990940094,29.96375274658203,True,-1068.4978014007738,-1052.5306000002956
2021-06-24 09:32:40,26356993,52.51303833333333,13.287901666666668,-91.206875,-67.03887176513672,10.55700002193451,29.96112823486328,True,-1067.255598456674,-1056.7978666664712
2021-06-24 09:32:41,26356993,52.51303833333333,13.287906666666666,-92.33875,-67.04481506347656,8.726999984756112,29.955184936523438,True,-1065.787540432059,-1061.2506666663025
2021-06-24 09:32:42,26356993,52.51304,13.287941666666669,-93.935,-67.0857162475586,8.230000013411045,29.914283752441406,True,-1063.7548447056133,-1066.6311333336225
2021-06-24 09:32:43,26356993,52.513043333333336,13.287988333333333,-95.644375,-67.13957214355469,5.3150000059604645,29.860427856445312,True,-1062.3997142211956,-1071.2694666663187
2021-06-24 09:32:35,26356993,52.513041666666666,13.287906666666666,-92.13375,-67.04356384277344,6.295000005364418,29.956436157226562,True,-1073.918323338083,-1031.7508666664307
2021-06-24 09:32:36,26356993,52.513041666666666,13.287903333333333,-92.0625,-67.03959655761719,4.098000008761883,29.960403442382812,True,-1072.5631928539062,-1037.3168666666154
2021-06-24 09:32:37,26356993,52.51304,13.2879,-92.15125,-67.03624725341797,4.15899997100234,29.96375274658203,True,-1071.0951348290503,-1042.5118000002794
2021-06-24 09:32:38,26356993,52.51304,13.287898333333333,-92.155,-67.03427124023438,4.9980000121891495,29.965728759765625,True,-1069.740004344753,-1047.7067333339435
2021-06-24 09:31:30,26356993,52.510823333333335,13.285901666666666,-94.47625,-66.95797729492188,11.03600004196167,30.042022705078125,True,-1052.6879457499977,-876.0883999996588
2021-06-24 09:31:31,26356993,52.51092,13.285938333333334,-94.308125,-66.85372161865234,12.661000046730042,30.146278381347656,True,-1057.4309024451584,-877.0160666663562
2021-06-24 09:31:32,26356993,52.51101833333333,13.285975,-95.50375,-66.74641418457031,11.015000017285349,30.253585815429688,True,-1061.4962938982908,-877.3871333336681
2021-06-24 09:31:33,26356993,52.51111333333333,13.286011666666669,-96.18,-66.64547729492188,10.985000023841858,30.354522705078125,True,-1064.7711925687156,-877.0160666663562
2021-06-24 09:31:34,26356993,52.511215,13.286045,-95.4766414141414,-66.545166015625,11.491919211666993,30.454833984375,True,-1067.0297433760381,-877.0160666663562
2021-06-24 09:31:35,26356993,52.51132833333333,13.286081666666666,-97.05569306930693,-66.428955078125,9.89207916920728,30.571044921875,True,-1067.933163698943,-876.8305333334913
2021-06-24 09:31:36,26356993,52.51143666666667,13.286108333333331,-97.606875,-66.31472778320312,9.879000012874604,30.685272216796875,True,-1067.933163698943,-877.0160666663562
2021-06-24 09:31:37,26356993,52.51154833333333,13.28613,-98.0125,-66.19233703613281,8.210999976396561,30.807662963867188,True,-1067.933163698943,-877.7582000001888
2021-06-24 09:31:38,26356993,52.51164333333333,13.286138333333334,-96.501875,-66.07830047607422,6.038999995589256,30.92169952392578,True,-1067.5943810778688,-877.3871333336681
2021-06-24 09:31:39,26356993,52.511755,13.286161666666668,-96.14,-65.96467590332031,6.465000006556511,31.035324096679688,True,-1067.3685259971126,-877.572666666533
2021-06-24 09:31:40,26356993,52.51185,13.286176666666666,-96.2675,-65.86744689941406,7.133000023961067,31.132553100585938,True,-1067.255598456674,-877.7582000001888
2021-06-24 09:31:41,26356993,52.51211666666666,13.286358333333334,-96.661875,-65.78270721435547,8.457000031471253,31.21729278564453,True,-1067.255598456674,-877.572666666533
2021-06-24 09:31:42,26356993,52.51234,13.286503333333334,-94.64625,-65.74099731445312,5.931000030040741,31.259002685546875,True,-1067.255598456674,-877.7582000001888
2021-06-24 09:31:43,26356993,52.512483333333336,13.286596666666666,-87.7125,-65.73320007324219,10.462999987602236,31.266799926757812,True,-1067.3685259971126,-877.7582000001888
2021-06-24 09:31:44,26356993,52.51259,13.286681666666668,-89.425,-65.75749206542969,7.580999999642372,31.242507934570312,True,-1067.255598456674,-877.7582000001888
2021-06-24 09:31:45,26356993,52.512663333333336,13.286753333333332,-92.5825,-65.79664611816406,6.324999978244304,31.203353881835938,True,-1067.255598456674,-877.7582000001888
2021-06-24 09:31:46,26356993,52.512701666666665,13.286798333333332,-92.33625,-65.8287124633789,4.850000021457672,31.171287536621094,True,-1067.255598456674,-877.7582000001888
2021-06-24 09:31:47,26356993,52.51273,13.286831666666666,-93.38875,-65.85322570800781,7.207000000327826,31.146774291992188,True,-1067.255598456674,-877.7582000001888
2021-06-24 09:31:48,26356993,52.51275,13.286853333333331,-95.744375,-65.86841583251953,6.936000012159347,31.13158416748047,True,-1067.255598456674,-877.7582000001888
2021-06-24 09:31:49,26356993,52.512765,13.286863333333333,-95.935,-65.87171936035156,4.656999978646636,31.128280639648438,True,-1067.255598456674,-877.7582000001888
2021-06-24 09:31:50,26356993,52.512771666666666,13.286863333333333,-96.07625,-65.86734008789062,3.628999988660216,31.132659912109375,True,-1067.255598456674,-877.7582000001888
2021-06-24 09:31:51,26356993,52.51277666666667,13.286863333333333,-96.344375,-65.86405944824219,5.177000013068319,31.135940551757812,True,-1067.255598456674,-877.7582000001888
2021-06-24 09:31:52,26356993,52.51277833333333,13.286865,-96.495625,-65.86518096923828,4.084999993517995,31.13481903076172,True,-1067.255598456674,-877.7582000001888
2021-06-24 09:31:53,26356993,52.51278,13.286866666666668,-96.608125,-65.86631774902344,2.4170000122487547,31.133682250976562,True,-1067.255598456674,-877.7582000001888
2021-06-24 09:31:54,26356993,52.51277833333333,13.286866666666668,-96.300625,-65.86739349365234,2.521999984309077,31.132606506347656,True,-1067.933163698943,-877.7582000001888
2021-06-24 09:31:55,26356993,52.51277666666667,13.286866666666668,-96.57375,-65.86849212646484,2.250999988093972,31.131507873535156,True,-1071.2080623693682,-880.5412000002812
2021-06-24 09:31:29,26356993,52.51072666666666,13.285873333333331,-88.485,-67.06810760498047,11.694000018835068,29.93189239501953,True,-1048.3966992162295,-875.3462666666172
2021-06-24 09:31:25,26356993,52.510315,13.285706666666666,-92.629375,-67.53590393066406,13.276999983787537,29.464096069335938,True,-1026.6016839263136,-874.6041333335756
2021-06-24 09:31:26,26356993,52.51042,13.285756666666666,-94.606875,-67.42127227783203,12.414999995231629,29.57872772216797,True,-1032.8126986462098,-874.6041333335756
2021-06-24 09:31:27,26356993,52.51052666666666,13.285798333333334,-88.880625,-67.29707336425781,14.88100009918213,29.702926635742188,True,-1038.6849307450316,-874.6041333335756
2021-06-24 09:31:28,26356993,52.51063166666667,13.285843333333334,-88.954375,-67.17897033691406,12.69599995613098,29.821029663085938,True,-1043.6537425209485,-874.9752000000965
2021-06-24 09:31:23,26356993,52.51012,13.285576666666667,-97.97631578947367,-67.72894287109375,4.084210483023995,29.27105712890625,True,-1015.5347849708186,-875.3462666666172
2021-06-24 09:31:24,26356993,52.510215,13.285638333333331,-94.1175,-67.63223266601562,9.645000013709067,29.367767333984375,True,-1020.5035967467354,-875.3462666666172
2021-06-24 09:34:03,26353920,52.51093166666666,13.288916666666667,-98.83881578947368,-55.55949401855469,8.678947360892044,41.44050598144531,True,-1242.4062135588285,-1156.9858666666332
2021-06-24 09:34:04,26353920,52.510893333333335,13.288933333333333,-98.74666666666668,-55.341552734375,8.901333351135253,41.658447265625,True,-1242.180358478072,-1156.9858666666332
2021-06-24 09:34:05,26353920,52.510848333333335,13.288943333333334,-99.36916666666669,-55.1236572265625,7.796000021298727,41.8763427734375,True,-1242.0674309376338,-1156.9858666666332
2021-06-24 09:34:06,26353920,52.51082,13.28895,-98.07474226804123,-54.98689270019531,9.307216486980003,42.01310729980469,True,-1242.0674309376338,-1156.9858666666332
2021-06-24 09:34:07,26353920,52.51079833333333,13.288956666666667,-98.530625,-54.87690734863281,8.70399999141693,42.12309265136719,True,-1241.9545033974362,-1156.9858666666332
2021-06-24 09:34:08,26353920,52.51076666666667,13.288955,-99.099375,-54.76708221435547,8.298999959230423,42.23291778564453,True,-1241.615720776362,-1156.6148000001124
2021-06-24 09:34:09,26353920,52.51074833333333,13.288955,-97.9275,-54.70158386230469,9.57300000190735,42.29841613769531,True,-1241.5027932359235,-1156.2437333335915
2021-06-24 09:34:10,26353920,52.51071833333334,13.288968333333331,-98.711875,-54.53815460205078,8.327000007629394,42.46184539794922,True,-1241.2769381552876,-1156.2437333335915
2021-06-24 09:34:11,26353920,52.51065833333333,13.28898,-97.768125,-54.28831481933594,7.791999983787536,42.71168518066406,True,-1240.9381555342131,-1155.8726666662799
2021-06-24 09:34:12,26353920,52.5106,13.289005,-97.72125,-53.99497985839844,6.798000001907349,43.00502014160156,True,-1240.5993729130187,-1155.501599999759
2021-06-24 09:34:13,26353920,52.510531666666665,13.28903,-97.86125,-53.69282531738281,6.069000016450882,43.30717468261719,True,-1240.2605902919443,-1154.9449999995823
2021-06-24 09:34:14,26353920,52.510468333333336,13.28906,-96.946875,-53.401275634765625,1.21099999204278,43.598724365234375,True,-1239.9218076707496,-1154.3884000001967
2021-06-24 09:34:15,26353920,52.51041166666667,13.289098333333332,-95.5975,-53.098663330078125,0.7729999954998493,43.901336669921875,True,-1240.0347352111878,-1154.5739333330616
2021-06-24 09:34:16,26353920,52.51037,13.289158333333331,-95.75625,-52.701507568359375,1.1260000041872262,44.298492431640625,True,-1239.8088801304316,-1153.83180000002
2021-06-24 09:34:17,26353920,52.51036333333333,13.289251666666669,-94.79,-52.11878967285156,-0.7890000031143427,44.88121032714844,True,-1239.5830250496751,-1153.4607333334993
2021-06-24 09:34:18,26353920,52.51036,13.289358333333332,-93.2175,-51.41217041015625,4.519999971091747,45.58782958984375,True,-1239.4700975093574,-1153.2751999998434
2021-06-24 09:34:19,26353920,52.510375,13.289476666666667,-92.41125,-50.591644287109375,5.852000004053116,46.408355712890625,True,-1239.244242428601,-1152.9041333333225
2021-06-24 09:34:20,26353920,52.5104,13.289603333333334,-89.63875,-49.67283630371094,8.178000011444091,47.32716369628906,True,-1239.0183873478447,-1152.1620000002808
2021-06-24 09:34:21,26353920,52.51041833333333,13.289723333333331,-88.24625,-48.74652099609375,9.137999992370606,48.25347900390625,True,-1238.9054598075268,-1151.7909333329692
2021-06-24 09:34:22,26353920,52.51043,13.289843333333334,-85.7675,-47.75666809082031,9.361000003814697,49.24333190917969,True,-1238.7925322672086,-1151.6054000001043
2021-06-24 09:34:23,26353920,52.510443333333335,13.28996,-86.450625,-46.791221618652344,8.539000039100648,50.208778381347656,True,-1238.9054598075268,-1151.4198666664483
2021-06-24 09:34:24,26353920,52.51045,13.29007,-87.134375,-45.86772155761719,6.960000033378601,51.13227844238281,True,-1239.0183873478447,-1151.6054000001043
2021-06-24 09:34:25,26353920,52.51045666666667,13.29017,-88.0925,-45.11161804199219,7.193000000715256,51.88838195800781,True,-1239.0183873478447,-1150.8632666662718
2021-06-24 09:34:26,26353920,52.510465,13.290263333333334,-88.06,-44.57532501220703,6.364999986886978,52.42467498779297,True,-1239.244242428601,-1150.6777333334069
2021-06-24 09:34:27,26353920,52.51047166666667,13.290345,-87.183125,-44.275367736816406,6.645000010728836,52.724632263183594,True,-1239.244242428601,-1150.1211333340211
2021-06-24 09:34:28,26353920,52.510475,13.290416666666667,-89.003125,-44.141685485839844,3.723999993801117,52.858314514160156,True,-1239.244242428601,-1149.7500666667092
2021-06-24 09:34:29,26353920,52.51048,13.290478333333333,-87.184375,-44.195518493652344,5.3800000071525576,52.804481506347656,True,-1239.3571699690394,-1149.3790000001886
2021-06-24 09:34:30,26353920,52.510485,13.290533333333332,-86.885625,-44.355690002441406,5.201000009179115,52.644309997558594,True,-1239.4700975093574,-1149.1934666665327
2021-06-24 09:34:31,26353920,52.510488333333335,13.290578333333332,-88.304375,-44.540611267089844,3.342999998182058,52.459388732910156,True,-1239.8088801304316,-1148.8224000000118
2021-06-24 09:34:32,26353920,52.51049,13.290613333333331,-88.629375,-44.706581115722656,3.522000011354685,52.293418884277344,True,-1240.147662751506,-1148.6368666663561
2021-06-24 09:34:33,26353920,52.510493333333336,13.290643333333334,-90.923125,-44.89921569824219,0.4880000041425228,52.10078430175781,True,-1240.147662751506,-1148.6368666663561
2021-06-24 09:34:34,26353920,52.51050166666667,13.29067,-88.675625,-45.16095733642578,1.6109999903291463,51.83904266357422,True,-1240.147662751506,-1148.4513333334912
2021-06-24 09:34:35,26353920,52.51050333333333,13.290686666666666,-88.44,-45.27851104736328,1.59600000590086,51.72148895263672,True,-1240.147662751506,-1148.4513333334912
2021-06-24 09:34:36,26353920,52.51050666666666,13.290695,-87.496875,-45.37364959716797,2.415999984741211,51.62635040283203,True,-1240.147662751506,-1148.4513333334912
2021-06-24 09:34:37,26353920,52.51050833333333,13.290696666666667,-87.598125,-45.40667724609375,2.424999990463257,51.59332275390625,True,-1240.147662751506,-1148.4513333334912
2021-06-24 09:34:38,26353920,52.51051,13.290696666666667,-87.55125,-45.43000793457031,3.3219999957084654,51.56999206542969,True,-1240.147662751506,-1148.4513333334912
2021-06-24 09:34:39,26353920,52.51051,13.290696666666667,-89.2175,-45.43000793457031,2.8589999902248384,51.56999206542969,True,-1240.147662751506,-1148.4513333334912
2021-06-24 09:34:40,26353920,52.51051,13.290696666666667,-89.626875,-45.43000793457031,2.580000004246831,51.56999206542969,True,-1240.147662751506,-1148.4513333334912
2021-06-24 09:34:41,26353920,52.510513333333336,13.290723333333334,-89.418125,-45.63597106933594,4.0550000084936615,51.36402893066406,True,-1240.147662751506,-1148.4513333334912
2021-06-24 09:34:42,26353920,52.51051666666667,13.29077,-87.798125,-45.980995178222656,5.719000001400709,51.019004821777344,True,-1240.147662751506,-1148.4513333334912
2021-06-24 09:34:43,26353920,52.51052,13.290836666666667,-91.346875,-46.48841094970703,2.9149999898672103,50.51158905029297,True,-1240.147662751506,-1148.4513333334912
2021-06-24 09:34:44,26353920,52.510525,13.29091,-91.414375,-47.087310791015625,2.927000009641051,49.912689208984375,True,-1240.147662751506,-1148.4513333334912
2021-06-24 09:34:45,26353920,52.51053,13.290993333333333,-91.725,-47.77009582519531,4.409000010490417,49.22990417480469,True,-1240.147662751506,-1148.4513333334912
2021-06-24 09:34:46,26353920,52.510535,13.29109,-91.644375,-48.54766082763672,4.1980000019073485,48.45233917236328,True,-1240.147662751506,-1149.1934666665327
2021-06-24 09:34:47,26353920,52.51054333333333,13.291191666666666,-91.8425,-49.36131286621094,2.61399998947978,47.63868713378906,True,-1240.0347352111878,-1149.9355999995742
2021-06-24 09:34:48,26353920,52.51055,13.291296666666666,-92.4575,-50.148406982421875,0.392999994456768,46.851593017578125,True,-1240.0347352111878,-1149.9355999995742
2021-06-24 09:34:49,26353920,52.510556666666666,13.29141,-92.775,-50.947792053222656,-1.632999996244907,46.052207946777344,True,-1240.0347352111878,-1149.9355999995742
2021-06-24 09:34:50,26353920,52.51056333333333,13.291536666666667,-92.7975,-51.780616760253906,-4.178999992087483,45.219383239746094,True,-1240.0347352111878,-1149.9355999995742
2021-06-24 09:34:51,26353920,52.51057,13.291666666666666,-92.71233974358974,-52.57568359375,-1.3256409608591826,44.42431640625,True,-1240.0347352111878,-1149.9355999995742
2021-06-24 09:34:52,26365186,52.51058,13.291805,-89.444375,-61.80491638183594,6.322999988794327,35.19508361816406,True,-1240.0347352111878,-1149.9355999995742
2021-06-24 09:34:53,26365186,52.51058833333333,13.29195,-89.68625,-61.494712829589844,7.560000014305115,35.505287170410156,True,-1240.0347352111878,-1149.9355999995742
2021-06-24 09:34:54,26365186,52.51059833333333,13.292095,-89.36375,-61.17182922363281,9.400000042915345,35.82817077636719,True,-1240.0347352111878,-1149.9355999995742
2021-06-24 09:34:55,26365186,52.51060833333333,13.292236666666666,-87.94375,-60.845481872558594,11.829999952316284,36.154518127441406,True,-1240.0347352111878,-1149.9355999995742
2021-06-24 09:34:56,26365186,52.51061666666666,13.292375,-88.66875,-60.51890563964844,12.214000015258788,36.48109436035156,True,-1240.0347352111878,-1149.9355999995742
2021-06-24 09:34:57,26365186,52.51062666666667,13.292506666666666,-89.173125,-60.19408416748047,11.5800000333786,36.80591583251953,True,-1240.0347352111878,-1149.9355999995742
2021-06-24 09:34:58,26365186,52.510635,13.292633333333333,-88.095,-59.87428283691406,13.77600004196167,37.12571716308594,True,-1240.0347352111878,-1149.9355999995742
2021-06-24 09:34:59,26365186,52.51064333333333,13.292758333333332,-87.94375,-59.54872131347656,14.328000040054322,37.45127868652344,True,-1240.0347352111878,-1149.9355999995742
2021-06-24 09:35:00,26365186,52.51065166666667,13.292893333333334,-86.1375,-59.18736267089844,16.12699999809265,37.81263732910156,True,-1240.0347352111878,-1149.9355999995742
2021-06-24 09:35:01,26365186,52.51066,13.29304,-85.978125,-58.78307342529297,16.30500003814697,38.21692657470703,True,-1240.0347352111878,-1149.9355999995742
2021-06-24 09:35:02,26365186,52.51067,13.293196666666669,-84.3525,-58.33221435546875,18.0660000705719,38.66778564453125,True,-1240.0347352111878,-1149.9355999995742
2021-06-24 09:35:03,26365186,52.51067833333333,13.293351666666666,-84.42625,-57.87407684326172,18.004999961853027,39.12592315673828,True,-1240.0347352111878,-1149.9355999995742
2021-06-24 09:35:04,26365186,52.51068833333333,13.2935,-83.233125,-57.41346740722656,21.16200008392334,39.58653259277344,True,-1240.0347352111878,-1149.9355999995742
2021-06-24 09:35:05,26365186,52.51069833333333,13.293643333333334,-83.7325,-56.95204162597656,20.3120000076294,40.04795837402344,True,-1240.0347352111878,-1149.9355999995742
2021-06-24 09:35:06,26365186,52.51070666666666,13.293786666666666,-83.1375,-56.483154296875,21.31299991607666,40.516845703125,True,-1240.0347352111878,-1149.9355999995742
2021-06-24 09:35:07,26365186,52.51071666666667,13.293933333333332,-82.219375,-55.724395751953125,21.537999992370604,41.275604248046875,True,-1240.0347352111878,-1149.9355999995742
2021-06-24 09:35:08,26365186,52.51072666666666,13.294081666666669,-82.93875,-55.25946807861328,20.40300003051758,41.74053192138672,True,-1239.9218076707496,-1149.5645333330535
2021-06-24 09:35:09,26365186,52.510736666666666,13.294233333333333,-82.55625,-54.772605895996094,20.824000072479247,42.227394104003906,True,-1239.9218076707496,-1146.967066666617
2021-06-24 09:35:10,26365186,52.51074666666667,13.294388333333334,-82.224375,-54.268646240234375,21.071000022888185,42.731353759765625,True,-1239.5830250496751,-1145.6683333333988
2021-06-24 09:35:11,26365186,52.510756666666666,13.294541666666667,-82.518125,-53.770416259765625,21.717999992370604,43.229583740234375,True,-1238.4537496461344,-1142.3287333331295
2021-06-24 09:35:12,26365186,52.51076666666667,13.294691666666669,-80.8275,-53.29420471191406,22.64900001525879,43.70579528808594,True,-1238.0020394845014,-1139.916799999558
2021-06-24 09:35:13,26365186,52.51077333333333,13.294838333333333,-80.361875,-52.88252258300781,21.85699991226196,44.11747741699219,True,-1238.1149670250602,-1137.6903999996423
2021-06-24 09:35:14,26365186,52.51078166666667,13.294985,-79.814375,-52.505836486816406,20.995000038146973,44.494163513183594,True,-1235.7434886774197,-1137.5048666667774
2021-06-24 09:35:15,26365186,52.51079,13.29513,-78.386875,-52.201683044433594,21.371000118255616,44.798316955566406,True,-1233.9366480316098,-1136.391666666424
2021-06-24 09:35:16,26365186,52.51079833333333,13.29527,-77.49625,-51.98872375488281,23.331000022888183,45.01127624511719,True,-1233.5978654105354,-1133.9797333336435
2021-06-24 09:35:17,26365186,52.51080666666667,13.295405,-76.94625,-51.87306213378906,23.23800006866455,45.12693786621094,True,-1233.5978654105354,-1130.4545999997185
2021-06-24 09:35:18,26365186,52.510815,13.295541666666669,-76.100625,-51.855560302734375,24.346999912261964,45.144439697265625,True,-1234.7271408140764,-1126.187333333543
2021-06-24 09:35:19,26365186,52.510823333333335,13.295678333333331,-76.77,-51.94203186035156,22.618999977111816,45.05796813964844,True,-1234.614213273638,-1121.9200666665765
2021-06-24 09:35:20,26365186,52.51083333333333,13.295811666666667,-77.735,-52.10145568847656,23.37400005340576,44.89854431152344,True,-1234.5012857334405,-1118.0238666677128
2021-06-24 09:35:21,26365186,52.51084166666666,13.295943333333334,-78.361875,-52.35424041748047,24.26099998474121,44.64575958251953,True,-1234.162503112366,-1113.7565999999551
2021-06-24 09:35:22,26365186,52.51085166666667,13.296071666666666,-78.265625,-52.64726257324219,23.883999996185302,44.35273742675781,True,-1234.2754306525637,-1109.8604000003004
2021-06-24 09:35:23,26365186,52.51086333333333,13.296196666666669,-78.203125,-52.96315002441406,24.665999908447265,44.03684997558594,True,-1234.614213273638,-1106.7063333328963
2021-06-24 09:35:24,26365186,52.510875,13.296315,-78.910625,-53.291656494140625,23.738000106811523,43.708343505859375,True,-1235.291778515907,-1104.6654666666363
2021-06-24 09:35:25,26365186,52.510885,13.29643,-79.228125,-53.64241027832031,23.48499998092652,43.35758972167969,True,-1235.8564162177377,-1104.1088666664598
2021-06-24 09:35:26,26365186,52.510895,13.296531666666668,-78.000625,-53.9556884765625,24.997999992370605,43.0443115234375,True,-1236.3081263792503,-1103.737799999939
2021-06-24 09:35:27,26365186,52.5109,13.296606666666667,-78.406875,-54.20335388183594,23.010999965667725,42.79664611816406,True,-1236.6469090003245,-1104.1088666664598
2021-06-24 09:35:28,26365186,52.51090333333333,13.296666666666669,-78.093125,-54.4051513671875,22.70499990463257,42.5948486328125,True,-1236.8727640809605,-1104.4799333329806
2021-06-24 09:35:29,26365186,52.51090666666666,13.296716666666669,-77.185625,-54.56956481933594,23.78400001525879,42.43043518066406,True,-1237.2115467021551,-1104.6654666666363
2021-06-24 09:35:30,26365186,52.51090833333333,13.296763333333333,-78.98875,-54.726470947265625,22.97500009536743,42.273529052734375,True,-1237.5503293232296,-1105.2220666668131
2021-06-24 09:35:31,26365186,52.510911666666665,13.296803333333331,-79.1425,-54.85389709472656,23.56499988555908,42.14610290527344,True,-1237.7761844038655,-1105.2220666668131
2021-06-24 09:35:32,26365186,52.510911666666665,13.29683,-78.83125,-54.947425842285156,24.273000049591065,42.052574157714844,True,-1238.1149670250602,-1105.0365333339482
2021-06-24 09:35:33,26365186,52.510913333333335,13.296846666666667,-79.019375,-54.99903869628906,24.37299991607666,42.00096130371094,True,-1238.9054598075268,-1104.8510000002923
2021-06-24 09:35:34,26365186,52.510915,13.296851666666669,-79.164375,-55.009979248046875,24.49599992752076,41.990020751953125,True,-1239.8088801304316,-1104.1088666664598
2021-06-24 09:35:35,26365186,52.510918333333336,13.296848333333331,-78.731875,-54.98541259765625,24.78700002670288,42.01458740234375,True,-1240.5993729130187,-1103.5522666662832
2021-06-24 09:35:36,26365186,52.51092,13.296845,-78.6825,-54.96723937988281,25.311999950408936,42.03276062011719,True,-1241.5027932359235,-1102.8101333340326
2021-06-24 09:35:37,26365186,52.51092166666667,13.296841666666667,-78.63625,-54.94902801513672,24.534999980926514,42.05097198486328,True,-1242.8579237202207,-1102.2535333330648
2021-06-24 09:35:38,26365186,52.51092166666667,13.296841666666667,-78.64,-54.94902801513672,24.07000009536744,42.05097198486328,True,-1244.1001266640797,-1101.5114000000233
2021-06-24 09:35:39,26365186,52.51092166666667,13.296841666666667,-79.373125,-54.94902801513672,24.263999977111816,42.05097198486328,True,-1245.003546987225,-1100.5837333333259
2021-06-24 09:35:40,26365186,52.51092166666667,13.296841666666667,-79.43375,-54.94902801513672,24.49300001144409,42.05097198486328,True,-1245.5681846889354,-1099.6560666666282
2021-06-24 09:35:41,26365186,52.51092166666667,13.296841666666667,-79.460625,-54.94902801513672,25.440999965667725,42.05097198486328,True,-1245.4552571486176,-1098.9139333335868
2021-06-24 09:35:42,26365186,52.51092166666667,13.296841666666667,-79.41,-54.94902801513672,25.75000003814697,42.05097198486328,True,-1245.4552571486176,-1098.3573333334102
2021-06-24 09:35:43,26365186,52.51092166666667,13.296841666666667,-79.480625,-54.94902801513672,25.24899997711181,42.05097198486328,True,-1245.6811122292534,-1097.8007333340245
2021-06-24 09:35:44,26365186,52.51092166666667,13.296841666666667,-79.42125,-54.94902801513672,24.731000003814696,42.05097198486328,True,-1246.132822390766,-1097.8007333340245
2021-06-24 09:35:45,26365186,52.51092166666667,13.296841666666667,-79.536875,-54.94902801513672,25.452999954223632,42.05097198486328,True,-1245.5681846889354,-1095.7598666669737
2021-06-24 09:35:46,26365186,52.51092166666667,13.296841666666667,-79.4025,-54.94902801513672,25.43000003814697,42.05097198486328,True,-1245.6811122292534,-1093.9045333335787
2021-06-24 09:35:47,26365186,52.51092166666667,13.296841666666667,-79.4375,-54.94902801513672,24.954999980926512,42.05097198486328,True,-1246.132822390766,-1093.1623999997462
2021-06-24 09:35:48,26365186,52.51092166666667,13.296841666666667,-79.49125,-54.94902801513672,25.54000003814697,42.05097198486328,True,-1246.2457499310842,-1091.863666666528
2021-06-24 09:35:49,26365186,52.51092166666667,13.296841666666667,-79.524375,-54.94902801513672,25.24100004196167,42.05097198486328,True,-1246.132822390766,-1091.678133333663
2021-06-24 09:35:50,26365186,52.51092166666667,13.296841666666667,-79.56125,-54.94902801513672,25.47299997329712,42.05097198486328,True,-1245.9069673100098,-1090.7504666669656
2021-06-24 09:35:51,26365186,52.51092166666667,13.29684,-79.593125,-54.94316101074219,24.27799997329712,42.05683898925781,True,-1245.6811122292534,-1090.008333333133
2021-06-24 09:35:52,26365186,52.51092166666667,13.29684,-79.57363861386139,-54.94316101074219,25.03663363315092,42.05683898925781,True,-1245.5681846889354,-1089.822800000268
2021-06-24 09:35:53,26365186,52.51092166666667,13.29684,-79.23421717171718,-54.94316101074219,25.524242401123047,42.05683898925781,True,-1245.4552571486176,-1089.4517333329563
2021-06-24 09:35:54,26365186,52.51092166666667,13.29684,-79.239375,-54.94316101074219,24.829000034332275,42.05683898925781,True,-1245.3423296081792,-1089.0806666664355
2021-06-24 09:35:55,26365186,52.51092166666667,13.296845,-79.146875,-54.96076965332031,22.618999996185305,42.03923034667969,True,-1245.3423296081792,-1089.0806666664355
2021-06-24 09:35:56,26365186,52.510925,13.296893333333331,-79.04,-55.117225646972656,23.422999935150145,41.882774353027344,True,-1245.2294020678612,-1088.8951333335706
2021-06-24 09:35:57,26365186,52.510925,13.296966666666666,-79.366875,-55.369537353515625,22.270000019073485,41.630462646484375,True,-1245.2294020678612,-1088.8951333335706
2021-06-24 09:35:58,26365186,52.51092,13.297053333333333,-79.538125,-55.67625427246094,20.18799991607666,41.32374572753906,True,-1245.2294020678612,-1088.8951333335706
2021-06-24 09:35:59,26365186,52.51092166666667,13.29716,-81.37375,-56.01677703857422,17.85999997138977,40.98322296142578,True,-1245.2294020678612,-1088.8951333335706
2021-06-24 09:36:00,26365186,52.510925,13.297276666666669,-83.05625,-56.372764587402344,17.362999963760377,40.627235412597656,True,-1245.2294020678612,-1088.8951333335706
2021-06-24 09:36:01,26365186,52.510935,13.297396666666666,-81.3425,-56.71092224121094,19.05200011253357,40.28907775878906,True,-1245.2294020678612,-1088.8951333335706
2021-06-24 09:36:02,26365186,52.51094333333333,13.297521666666666,-80.28875,-57.06108856201172,19.86899995803833,39.93891143798828,True,-1245.2294020678612,-1088.8951333335706
2021-06-24 09:36:03,26365186,52.51095333333333,13.29766,-79.11125,-57.426055908203125,21.88099994659424,39.573944091796875,True,-1245.2294020678612,-1088.8951333335706
2021-06-24 09:36:04,26365186,52.510963333333336,13.297811666666666,-81.443125,-57.81697082519531,17.76299998283386,39.18302917480469,True,-1245.2294020678612,-1088.8951333335706
2021-06-24 09:36:05,26365186,52.510975,13.297971666666667,-78.443125,-58.210838317871094,18.449999952316283,38.789161682128906,True,-1245.2294020678612,-1088.8951333335706
2021-06-24 09:36:06,26365186,52.51098833333333,13.298131666666666,-75.05125,-58.5865478515625,22.015999994277955,38.4134521484375,True,-1245.2294020678612,-1088.8951333335706
2021-06-24 09:36:07,26365186,52.51099833333333,13.298285,-77.0725,-58.93596649169922,16.520000009536744,38.06403350830078,True,-1245.2294020678612,-1088.8951333335706
2021-06-24 09:36:08,26365186,52.51101166666667,13.298425,-78.798125,-59.239013671875,18.81300004005432,37.760986328125,True,-1245.2294020678612,-1088.8951333335706
2021-06-24 09:36:09,26365186,52.51102166666666,13.298551666666668,-76.824375,-59.50672149658203,18.42799988746643,37.49327850341797,True,-1245.2294020678612,-1088.8951333335706
2021-06-24 09:36:10,26365186,52.51103,13.29867,-77.40375,-59.750518798828125,17.276000022888184,37.249481201171875,True,-1245.2294020678612,-1088.8951333335706
2021-06-24 09:36:11,26365186,52.511035,13.298778333333331,-78.30375,-59.96985626220703,12.338999927043917,37.03014373779297,True,-1245.2294020678612,-1088.8951333335706
2021-06-24 09:36:12,26365186,52.511045,13.298881666666666,-80.826875,-60.16997528076172,11.585000004768371,36.83002471923828,True,-1245.2294020678612,-1088.8951333335706
2021-06-24 09:36:13,26365186,52.51105166666667,13.298976666666666,-83.075625,-60.35179138183594,6.347999982014298,36.64820861816406,True,-1245.2294020678612,-1088.8951333335706
2021-06-24 09:36:14,26365185,52.51105666666667,13.29907,-79.32978723404256,-57.976287841796875,12.39574465765915,39.023712158203125,True,-1245.2294020678612,-1088.8951333335706
2021-06-24 09:36:15,26365185,52.51106,13.299158333333333,-77.75451030927834,-58.19708251953125,16.718556718727978,38.80291748046875,True,-1245.2294020678612,-1088.8951333335706
2021-06-24 09:36:16,26365185,52.51106333333333,13.299236666666667,-78.701875,-58.387718200683594,16.559999990463258,38.612281799316406,True,-1245.2294020678612,-1088.8951333335706
2021-06-24 09:36:17,26365185,52.51106833333333,13.299303333333333,-79.60375,-58.543914794921875,14.746999979019163,38.456085205078125,True,-1245.2294020678612,-1088.8951333335706
2021-06-24 09:36:18,26365185,52.511073333333336,13.299365,-79.850625,-58.685638427734375,11.737000000476836,38.314361572265625,True,-1245.2294020678612,-1088.8951333335706
2021-06-24 09:36:19,26365185,52.51107666666667,13.299423333333332,-79.314375,-58.819305419921875,13.741999992132186,38.180694580078125,True,-1245.2294020678612,-1088.8951333335706
2021-06-24 09:36:20,26365185,52.51108166666667,13.299483333333333,-78.390625,-58.958900451660156,16.261999945640564,38.041099548339844,True,-1245.2294020678612,-1088.8951333335706
2021-06-24 09:36:21,26365185,52.51108833333333,13.29955,-78.515625,-59.09766387939453,17.722000036239624,37.90233612060547,True,-1245.2294020678612,-1088.8951333335706
2021-06-24 09:36:22,26365185,52.511095,13.29962,-81.15625,-59.247802734375,12.709999980926511,37.752197265625,True,-1244.8906194467868,-1088.152999999738
2021-06-24 09:36:23,26365185,52.51109833333334,13.299685,-80.18875,-59.3878173828125,14.883000016212463,37.6121826171875,True,-1241.2769381552876,-1082.4014666666883
2021-06-24 09:36:24,26365185,52.5111,13.29975,-78.27,-59.527061462402344,17.32999984741211,37.472938537597656,True,-1234.0495755719278,-1076.4643999999828
2021-06-24 09:36:25,26365185,52.51110833333333,13.299815,-76.58375,-59.65819549560547,19.340999994277954,37.34180450439453,True,-1228.741981175057,-1070.8983999997981
2021-06-24 09:36:26,26365185,52.51111333333333,13.299875,-76.15625,-59.779808044433594,21.92400003433228,37.220191955566406,True,-1223.4343867779453,-1064.7758000002275
2021-06-24 09:36:27,26365185,52.511116666666666,13.299931666666666,-75.956875,-59.89429473876953,20.44500001907349,37.10570526123047,True,-1217.3362995983673,-1059.2098000000428
2021-06-24 09:36:28,26365185,52.511116666666666,13.299986666666667,-74.6025,-60.00647735595703,20.08300001144409,36.99352264404297,True,-1212.2545602818916,-1052.9016666668165
2021-06-24 09:36:29,26365185,52.51112,13.30004,-74.966875,-60.111228942871094,19.84499994277954,36.888771057128906,True,-1207.0598934253387,-1046.5935333335901
2021-06-24 09:36:30,26365185,52.51112333333333,13.30008,-75.795625,-60.188331604003906,19.995000019073487,36.811668395996094,True,-1202.2040091897397,-1039.3577333336661
2021-06-24 09:36:31,26365185,52.511125,13.300105,-76.724375,-60.236480712890625,19.871000003814697,36.763519287109375,True,-1196.7834872524306,-1032.864066666784
2021-06-24 09:36:32,26365185,52.51112666666667,13.300116666666666,-77.82375,-60.25823974609375,19.630999851226807,36.74176025390625,True,-1191.362965315001,-1025.999333333381
2021-06-24 09:36:33,26365185,52.51112833333333,13.300115,-77.230625,-60.2537841796875,18.545999851226806,36.7462158203125,True,-1185.8295158372537,-1019.5056666664988
2021-06-24 09:36:34,26365185,52.51113166666666,13.300111666666666,-77.2975,-60.24485778808594,19.401000022888184,36.75514221191406,True,-1180.747776520778,-1012.2698666665749
2021-06-24 09:36:35,26365185,52.51113333333333,13.300108333333334,-77.023125,-60.23712158203125,19.26300001144409,36.76287841796875,True,-1175.6660372046633,-1005.5906666668278
2021-06-24 09:36:36,26365185,52.51113333333333,13.300108333333334,-77.1825,-60.23712158203125,19.381999988555908,36.76287841796875,True,-1170.5842978881878,-999.0969999999456
2021-06-24 09:36:37,26365185,52.511135,13.300108333333334,-77.230625,-60.23594665527344,19.354999980926515,36.76405334472656,True,-1165.502558571953,-992.7888666667193
2021-06-24 09:36:38,26365185,52.511135,13.300108333333334,-76.92125,-60.23594665527344,19.10699995994568,36.76405334472656,True,-1160.533746796036,-986.4807333334929
2021-06-24 09:36:39,26365185,52.511135,13.300108333333334,-77.0575,-60.23594665527344,18.781000022888183,36.76405334472656,True,-1155.5649350202395,-979.9870666666106
2021-06-24 09:36:40,26365185,52.511135,13.300108333333334,-77.3425,-60.23594665527344,19.49799989700317,36.76405334472656,True,-1151.0478334055945,-973.3078666676545
2021-06-24 09:36:41,26365185,52.511135,13.300108333333334,-77.468125,-60.23594665527344,19.688000001907348,36.76405334472656,True,-1146.4178042508722,-966.9997333336371
2021-06-24 09:36:42,26365185,52.511135,13.300108333333334,-77.310625,-60.23594665527344,18.677999982833864,36.76405334472656,True,-1142.126557716863,-961.6192666663173
2021-06-24 09:36:43,26365185,52.511135,13.300108333333334,-77.455,-60.23594665527344,19.91100006103516,36.76405334472656,True,-1138.1740938042894,-957.3520000001417
2021-06-24 09:36:44,26365185,52.511135,13.30011,-78.139375,-60.239227294921875,19.120000066757203,36.760772705078125,True,-1135.0121226741826,-953.270266666831
2021-06-24 09:36:45,26365185,52.51114,13.30015,-79.81,-60.314208984375,17.939000005722047,36.685791015625,True,-1132.5277167862241,-949.930666666562
2021-06-24 09:36:46,26365185,52.511145,13.30021,-82.9725,-60.42718505859375,14.732000017166138,36.57281494140625,True,-1130.8338036807322,-947.3332000001255
2021-06-24 09:36:47,26365185,52.51115166666666,13.30028,-86.55625,-60.556640625,14.17699999809265,36.443359375,True,-1130.0433108982656,-945.6633999995955
2021-06-24 09:36:48,26365185,52.511155,13.30036,-86.094375,-60.704803466796875,16.796000051498414,36.295196533203125,True,-1129.8174558176295,-945.1068000002099
2021-06-24 09:36:49,26365185,52.51116,13.300453333333332,-83.3975,-60.87371826171875,19.667999982833862,36.12628173828125,True,-1130.2691659789016,-945.1068000002099
2021-06-24 09:36:50,26365185,52.51116666666667,13.300555,-83.00375,-61.05323791503906,20.90200004577637,35.94676208496094,True,-1130.7208761404142,-945.1068000002099
2021-06-24 09:36:51,26365185,52.51117333333333,13.300658333333333,-83.6675,-61.23188781738281,20.097999982833866,35.76811218261719,True,-1131.0596587614884,-945.1068000002099
2021-06-24 09:36:52,26365185,52.51117666666666,13.300755,-83.64375,-61.397010803222656,20.23499988555908,35.602989196777344,True,-1131.2855138422449,-944.921266666554
2021-06-24 09:36:53,26365185,52.511183333333335,13.30084,-85.035625,-61.53779602050781,18.94299991607666,35.46220397949219,True,-1131.624296463319,-944.5502000000331
2021-06-24 09:36:54,26365185,52.51118666666667,13.300916666666666,-86.9275,-61.663970947265625,16.62499997138977,35.336029052734375,True,-1131.737224003637,-944.1791333335124
2021-06-24 09:36:55,26365185,52.51119166666667,13.300981666666669,-87.261875,-61.76853942871094,15.79899987220764,35.23146057128906,True,-1131.737224003637,-943.9935999998565
2021-06-24 09:36:56,26365185,52.511195,13.301033333333333,-87.84625,-61.851051330566406,14.554999952316283,35.148948669433594,True,-1131.3984413825626,-943.0659333339499
2021-06-24 09:36:57,26365185,52.51119833333333,13.301071666666669,-87.690625,-61.91138458251953,14.386000003814695,35.08861541748047,True,-1130.6079485999758,-941.581666666285
2021-06-24 09:36:58,26365185,52.5112,13.301096666666666,-88.050625,-61.95069885253906,13.867999982833862,35.04930114746094,True,-1129.2528181155583,-940.0974000002018
2021-06-24 09:36:59,26365185,52.511201666666665,13.301106666666668,-88.536875,-61.96598815917969,11.837000012397766,35.03401184082031,True,-1127.3330499295507,-938.0565333339418
2021-06-24 09:37:00,26365185,52.5112,13.301108333333334,-89.04125,-61.96928405761719,12.53699996948242,35.03071594238281,True,-1124.8486440415923,-934.1603333334962
2021-06-24 09:37:01,26365185,52.51119833333333,13.301106666666668,-88.489375,-61.967254638671875,11.324000024795533,35.032745361328125,True,-1122.5900932342697,-931.006266667674
2021-06-24 09:37:02,26365185,52.5112,13.301103333333334,-88.0925,-61.96131896972656,11.902999982833862,35.03868103027344,True,-1120.3315424271882,-928.0377333331347
2021-06-24 09:37:03,26365185,52.5112,13.301103333333334,-88.454375,-61.96131896972656,12.367999954223633,35.03868103027344,True,-1118.1859191601836,-925.2547333330424
2021-06-24 09:37:04,26365185,52.5112,13.301103333333334,-89.204375,-61.96131896972656,12.51899998664856,35.03868103027344,True,-1116.3790785142533,-921.1729999997317
2021-06-24 09:37:05,26365185,52.5112,13.301103333333334,-89.39875,-61.96131896972656,12.52599995613098,35.03868103027344,True,-1114.6851654088819,-915.6070000003378
2021-06-24 09:37:06,26365185,52.5112,13.301103333333334,-89.324375,-61.96131896972656,13.254999933242798,35.03868103027344,True,-1112.4266146016798,-913.3805999996312
2021-06-24 09:37:07,26365185,52.5112,13.301103333333334,-89.350625,-61.96131896972656,12.61700002670288,35.03868103027344,True,-1111.749049359531,-911.5252666662363
2021-06-24 09:37:08,26365185,52.5112,13.301103333333334,-89.36375,-61.96131896972656,12.698999962806704,35.03868103027344,True,-1111.749049359531,-910.2265333330181
2021-06-24 09:37:09,26365185,52.5112,13.301103333333334,-89.38625,-61.96131896972656,11.626000018119813,35.03868103027344,True,-1112.0878319806054,-910.0410000001532
2021-06-24 09:37:10,26365185,52.5112,13.301103333333334,-89.31375,-61.96131896972656,12.91700001716614,35.03868103027344,True,-1112.2007595209234,-909.6699333336323
2021-06-24 09:37:11,26365185,52.5112,13.301103333333334,-89.24875,-61.96131896972656,11.812999992370605,35.03868103027344,True,-1112.2007595209234,-909.4843999999764
2021-06-24 09:37:12,26365185,52.5112,13.301103333333334,-89.27625,-61.96131896972656,12.549000005722046,35.03868103027344,True,-1112.0878319806054,-909.1133333334557
2021-06-24 09:37:13,26365185,52.5112,13.301103333333334,-89.105625,-61.96131896972656,12.565999984741213,35.03868103027344,True,-1111.749049359531,-908.9277999997998
2021-06-24 09:37:14,26365185,52.5112,13.301103333333334,-89.29125,-61.96131896972656,13.02699996948242,35.03868103027344,True,-1111.523194278895,-908.556733333279
2021-06-24 09:37:15,26365185,52.5112,13.301103333333334,-89.094375,-61.96131896972656,12.969000034332277,35.03868103027344,True,-1111.0714841173826,-908.1856666667582
2021-06-24 09:37:16,26365185,52.5112,13.301103333333334,-89.035,-61.96131896972656,13.158000020980834,35.03868103027344,True,-1110.8456290367465,-907.6290666665816
2021-06-24 09:37:17,26365185,52.5112,13.301103333333334,-88.925,-61.96131896972656,13.26500002861023,35.03868103027344,True,-1110.6197739557495,-907.2580000000607
2021-06-24 09:37:18,26365185,52.5112,13.301103333333334,-88.940625,-61.96131896972656,13.498999910354614,35.03868103027344,True,-1110.5068464155518,-907.2580000000607
2021-06-24 09:37:19,26365185,52.5112,13.301103333333334,-88.78375,-61.96131896972656,13.035000028610227,35.03868103027344,True,-1110.5068464155518,-906.8869333335399
2021-06-24 09:37:20,26365185,52.5112,13.301101666666666,-88.846875,-61.95866394042969,13.271999983787536,35.04133605957031,True,-1110.5068464155518,-906.7013999998841
2021-06-24 09:37:21,26365185,52.5112,13.301101666666666,-88.8475,-61.95866394042969,13.583000011444092,35.04133605957031,True,-1110.2809913346753,-906.5158666662282
2021-06-24 09:37:22,26365185,52.5112,13.301101666666666,-88.80875,-61.95866394042969,13.553999996185302,35.04133605957031,True,-1110.1680637944776,-906.1447999997074
2021-06-24 09:37:23,26365185,52.5112,13.301101666666666,-88.95375,-61.95866394042969,13.426999979019165,35.04133605957031,True,-1110.055136254039,-906.1447999997074
2021-06-24 09:37:24,26365185,52.5112,13.301101666666666,-88.83375,-61.95866394042969,13.384000024795531,35.04133605957031,True,-1110.055136254039,-906.1447999997074
2021-06-24 09:37:25,26365185,52.5112,13.301101666666666,-88.985625,-61.95866394042969,12.638999996185303,35.04133605957031,True,-1109.9422087137211,-905.9592666668425
2021-06-24 09:37:26,26365185,52.5112,13.301101666666666,-88.960625,-61.95866394042969,13.316999998092651,35.04133605957031,True,-1109.9422087137211,-905.9592666668425
2021-06-24 09:37:27,26365185,52.5112,13.301101666666666,-88.966875,-61.95866394042969,12.897999992370606,35.04133605957031,True,-1109.9422087137211,-905.7737333339776
2021-06-24 09:37:28,26365185,52.5112,13.301101666666666,-88.804375,-61.95866394042969,13.506999988555908,35.04133605957031,True,-1110.055136254039,-905.5882000003216
2021-06-24 09:37:29,26365185,52.5112,13.301101666666666,-88.856875,-61.95866394042969,13.287999992370606,35.04133605957031,True,-1109.9422087137211,-905.21713333301
2021-06-24 09:37:30,26365185,52.5112,13.301101666666666,-88.85375,-61.95866394042969,13.22600001335144,35.04133605957031,True,-1109.8292811734034,-904.6605333336242
2021-06-24 09:37:31,26365185,52.5112,13.301101666666666,-89.033125,-61.95866394042969,9.833999991416931,35.04133605957031,True,-1109.8292811734034,-904.4749999999683
2021-06-24 09:37:32,26365185,52.5112,13.301101666666666,-88.866875,-61.95866394042969,10.893000011444093,35.04133605957031,True,-1109.8292811734034,-904.4749999999683
2021-06-24 09:37:33,26365185,52.5112,13.30111,-88.449375,-61.97193145751953,12.39500002861023,35.02806854248047,True,-1109.9422087137211,-904.4749999999683
2021-06-24 09:37:34,26365185,52.511201666666665,13.301168333333331,-89.38375,-62.06352996826172,11.241999974250794,34.93647003173828,True,-1109.9422087137211,-904.2894666663125
2021-06-24 09:37:35,26365185,52.51119666666666,13.301263333333331,-88.964375,-62.213294982910156,12.500999975204468,34.786705017089844,True,-1110.055136254039,-904.4749999999683
2021-06-24 09:37:36,26365185,52.51119666666666,13.301366666666668,-87.78875,-62.371131896972656,13.518999991416932,34.628868103027344,True,-1110.1680637944776,-904.6605333336242
2021-06-24 09:37:37,26365185,52.51120333333333,13.30148,-87.453125,-62.53855895996094,12.376999955177308,34.46144104003906,True,-1110.055136254039,-904.6605333336242
2021-06-24 09:37:38,26365185,52.51121166666667,13.301601666666668,-86.79375,-62.71427917480469,13.118999996185302,34.28572082519531,True,-1110.1680637944776,-904.8460666664892
2021-06-24 09:37:39,26365185,52.51121833333333,13.301736666666669,-83.72375,-62.90576171875,14.044999952316283,34.09423828125,True,-1110.055136254039,-905.4026666666658
2021-06-24 09:37:40,26365185,52.511226666666666,13.301878333333333,-84.184375,-63.10174560546875,16.256999969482422,33.89825439453125,True,-1109.9422087137211,-905.9592666668425
2021-06-24 09:37:41,26365185,52.51123833333333,13.302025,-84.72,-63.29926300048828,16.024000072479247,33.70073699951172,True,-1109.9422087137211,-906.3303333333633
2021-06-24 09:37:42,26365185,52.51125,13.302181666666666,-84.13625,-63.50543212890625,16.02799998283386,33.49456787109375,True,-1109.8292811734034,-906.5158666662282
2021-06-24 09:37:43,26365185,52.51126,13.30234,-84.65125,-63.709190368652344,14.863000011444091,33.290809631347656,True,-1109.716353632965,-906.7013999998841
2021-06-24 09:37:44,26365185,52.511271666666666,13.302495,-82.958125,-63.90370178222656,15.389999990463258,33.09629821777344,True,-1109.716353632965,-907.0724666664048
2021-06-24 09:37:45,26365185,52.51128333333333,13.302645,-83.141875,-64.0981674194336,15.009999952316283,32.901832580566406,True,-1109.716353632965,-907.2580000000607
2021-06-24 09:37:46,26365185,52.511295,13.302796666666667,-84.206875,-64.29045867919922,14.89099998474121,32.70954132080078,True,-1109.603426092647,-907.8146000002374
2021-06-24 09:37:47,26365185,52.51130666666667,13.302948333333331,-84.49125,-64.46954345703125,13.645000047683716,32.53045654296875,True,-1109.603426092647,-908.1856666667582
2021-06-24 09:37:48,26365185,52.51132,13.3031,-85.2425,-64.64476013183594,14.211000056266784,32.35523986816406,True,-1109.4904985522085,-908.556733333279
2021-06-24 09:37:49,26365185,52.51133333333333,13.303248333333332,-85.961875,-64.81272888183594,13.89299997329712,32.18727111816406,True,-1109.4904985522085,-908.9277999997998
2021-06-24 09:37:50,26365185,52.511343333333336,13.303391666666666,-85.755,-64.97233581542969,14.924000024795532,32.02766418457031,True,-1109.603426092647,-909.1133333334557
2021-06-24 09:37:51,26365185,52.51135333333333,13.30353,-85.15875,-65.09916687011719,14.984000005722043,31.900833129882812,True,-1109.716353632965,-909.2988666663206
2021-06-24 09:37:52,26365185,52.511361666666666,13.303661666666668,-84.0,-65.2400131225586,15.406999969482422,31.759986877441406,True,-1109.603426092647,-909.1133333334557
2021-06-24 09:37:53,26365185,52.51137,13.30379,-83.945625,-65.37506866455078,14.020000038146971,31.62493133544922,True,-1109.0387883908163,-908.556733333279
2021-06-24 09:37:54,26365185,52.51138,13.303916666666666,-84.14875,-65.53282165527344,14.781000032424927,31.467178344726562,True,-1108.0224405275935,-908.3711999996231
2021-06-24 09:37:55,26365185,52.51139166666667,13.30405,-84.700625,-65.6693344116211,15.172000017166138,31.330665588378906,True,-1107.1190202046885,-908.0001333331023
2021-06-24 09:37:56,26365185,52.51140166666666,13.304191666666666,-85.93875,-65.81224060058594,14.767999982833862,31.187759399414062,True,-1106.3285274221016,-907.8146000002374
2021-06-24 09:37:57,26365185,52.51141333333333,13.304336666666666,-84.83,-65.95599365234375,13.71600001335144,31.04400634765625,True,-1105.650962179953,-907.2580000000607
2021-06-24 09:37:58,26365185,52.511425,13.304483333333334,-85.27625,-66.06141662597656,13.42900004386902,30.938583374023438,True,-1105.1992520184403,-906.3303333333633
2021-06-24 09:37:59,26365185,52.511435,13.304635,-85.175625,-66.24455261230469,11.387999987602234,30.755447387695312,True,-1104.5216867761712,-904.6605333336242
2021-06-24 09:38:00,26365185,52.51144666666666,13.304791666666668,-86.90375,-66.39208984375,8.774000026732683,30.60791015625,True,-1102.940701211238,-904.1039333334476
2021-06-24 09:38:01,26365185,52.51145833333333,13.304955,-87.531875,-66.54348754882812,7.151999982595444,30.456512451171875,True,-1100.004585161767,-905.0316000001451
2021-06-24 09:38:02,26365185,52.51146833333333,13.305116666666668,-87.788125,-66.6910629272461,5.759000023379922,30.308937072753906,True,-1096.84261403166,-907.0724666664048
2021-06-24 09:38:03,26365185,52.51148,13.305278333333334,-88.140625,-66.80012512207031,6.47199999794364,30.199874877929688,True,-1094.5840632244579,-909.8554666664973
2021-06-24 09:38:04,26365185,52.51149,13.305431666666667,-89.205625,-66.9342041015625,4.266999980062247,30.0657958984375,True,-1092.777222578648,-912.4529333329338
2021-06-24 09:38:05,26365185,52.5115,13.30558,-88.623125,-67.06165313720703,2.9369999914616347,29.93834686279297,True,-1091.535019634789,-914.8648666665053
2021-06-24 09:38:06,26365185,52.51151,13.305731666666668,-88.80125,-67.19049072265625,2.501000020503998,29.80950927734375,True,-1090.631599311764,-916.9057333335561
2021-06-24 09:38:07,26365185,52.51152,13.30589,-87.37875,-67.32268524169922,2.577000000551343,29.67731475830078,True,-1089.9540340696153,-918.5755333332952
2021-06-24 09:38:08,26365185,52.51153,13.306053333333333,-88.630625,-67.49816131591797,3.4540000124275685,29.50183868408203,True,-1089.728178988859,-919.5031999999926
2021-06-24 09:38:09,26365185,52.51154,13.306218333333334,-88.81625,-67.63282012939453,2.4849999951571227,29.36717987060547,True,-1089.5023239081027,-920.4308666666901
2021-06-24 09:38:10,26365185,52.51155166666667,13.30639,-88.043125,-67.72891235351562,0.9380000176280736,29.271087646484375,True,-1089.3893963677847,-921.7295999999084
2021-06-24 09:38:11,26365185,52.511563333333335,13.30657,-88.36,-67.86985778808594,-0.517000008970499,29.130142211914062,True,-1089.2764688273464,-922.8428000002617
2021-06-24 09:38:12,26365185,52.511575,13.306763333333333,-88.755,-68.0186538696289,0.9620000014454126,28.981346130371094,True,-1088.937686206272,-922.8428000002617
2021-06-24 09:38:13,26365185,52.511586666666666,13.306961666666666,-89.9425,-68.19026947021484,0.6610000018775463,28.809730529785156,True,-1088.5989035850773,-923.0283333331266
2021-06-24 09:38:14,26365185,52.5116,13.307156666666666,-92.17375,-68.3134536743164,-1.830999995321036,28.686546325683594,True,-1088.0342658833672,-924.3270666663449
2021-06-24 09:38:21,26363650,52.51167333333333,13.308316666666666,-77.998125,-60.69091033935547,16.989999952316285,36.30908966064453,True,-1075.1605262820622,-956.6098666663092
2021-06-24 09:38:15,26363650,52.51161333333334,13.307345,-87.9296052631579,-60.511138916015625,7.613684192456697,36.488861083984375,True,-1086.67913539907,-926.9245333335723
2021-06-24 09:38:16,26363650,52.511625,13.307528333333334,-84.824375,-60.514442443847656,12.485999937057494,36.485557556152344,True,-1084.1947295111115,-930.4496666667063
2021-06-24 09:38:17,26363650,52.51163666666667,13.307708333333334,-80.639375,-60.505859375,14.907999963760377,36.494140625,True,-1081.8232511633507,-935.8301333340262
2021-06-24 09:38:18,26363650,52.51164666666666,13.30788,-74.0575,-60.54478454589844,20.41300004005432,36.45521545410156,True,-1079.3388452756328,-940.8395333340343
2021-06-24 09:38:19,26363650,52.51165666666667,13.308038333333334,-72.37,-60.58441925048828,21.805000133514405,36.41558074951172,True,-1077.4190770893847,-945.4778666667306
2021-06-24 09:38:20,26363650,52.511665,13.308183333333334,-75.50125,-60.63267517089844,19.52499994277954,36.36732482910156,True,-1076.0639466048467,-949.930666666562
2021-06-24 09:38:38,26363650,52.51175,13.309265,-84.7525,-61.218833923339844,8.062999980449677,35.781166076660156,True,-1050.4293949427956,-1076.4643999999828
2021-06-24 09:38:34,26363650,52.51172833333333,13.308961666666669,-81.954375,-61.005714416503906,12.104000005722046,35.994285583496094,True,-1058.2213952277452,-1054.7570000002113
2021-06-24 09:38:35,26363650,52.51173166666667,13.309013333333333,-83.71875,-61.04087829589844,11.992000021934508,35.95912170410156,True,-1055.1723516379561,-1060.879599999782
2021-06-24 09:38:36,26363650,52.51173666666666,13.309081666666666,-84.395625,-61.08708190917969,11.019000024795533,35.91291809082031,True,-1052.913800830754,-1066.2600666663106
2021-06-24 09:38:37,26363650,52.511743333333335,13.309161666666666,-85.236875,-61.14115905761719,8.659000024795532,35.85884094238281,True,-1051.5586703463366,-1071.4549999999747
2021-06-24 09:38:30,26363650,52.511721666666666,13.30892,-83.028125,-60.98865509033203,14.390000014305114,36.01134490966797,True,-1066.0133955126948,-1029.5244666665149
2021-06-24 09:38:31,26363650,52.511723333333336,13.308931666666666,-83.975625,-60.99388122558594,11.68800004005432,36.00611877441406,True,-1064.0936273265672,-1036.0181333333971
2021-06-24 09:38:32,26363650,52.511725,13.308933333333334,-84.880625,-60.990821838378906,12.272999997138976,36.009178161621094,True,-1062.060931600001,-1041.769666666447
2021-06-24 09:38:33,26363650,52.511725,13.308938333333334,-83.508125,-60.9949951171875,13.753000001907347,36.0050048828125,True,-1060.3670184947498,-1047.3356666666316
2021-06-24 09:38:27,26363650,52.51171166666666,13.308825,-82.84875,-60.938499450683594,12.858000011444092,36.061500549316406,True,-1070.3046420464632,-1009.1157999999618
2021-06-24 09:38:28,26363650,52.511716666666665,13.308868333333333,-82.47875,-60.959747314453125,12.97799997329712,36.040252685546875,True,-1069.1753666429224,-1016.1660666662297
2021-06-24 09:38:29,26363650,52.51171833333333,13.3089,-82.14875,-60.98109436035156,14.190999999046326,36.01890563964844,True,-1067.8202361585047,-1023.0307999996328
2021-06-24 09:38:24,26363650,52.511695,13.308631666666669,-82.491875,-60.83740234375,13.73399998664856,36.16259765625,True,-1072.9019754749804,-981.8424000000056
2021-06-24 09:38:25,26363650,52.51170166666667,13.308708333333334,-82.656875,-60.87547302246094,12.133999991416932,36.12452697753906,True,-1071.9985551518348,-991.8612000000218
2021-06-24 09:38:26,26363650,52.51170666666667,13.308771666666669,-82.24875,-60.910194396972656,13.809000024795532,36.089805603027344,True,-1070.6434246676579,-999.2825333336015
2021-06-24 09:38:22,26363650,52.51168,13.308436666666667,-79.495625,-60.74608612060547,13.993000030517578,36.25391387939453,True,-1074.4829610399136,-964.5878000000655
2021-06-24 09:38:23,26363650,52.51168666666667,13.30854,-81.30375,-60.796173095703125,15.37399998664856,36.203826904296875,True,-1073.5795407170085,-971.8235999999894
2021-06-24 09:38:46,26363650,52.511835,13.310501666666667,-82.20375,-62.310707092285156,3.796999987214804,34.689292907714844,True,-1044.6700903842918,-1126.3728666664078
2021-06-24 09:38:47,26363650,52.51184333333333,13.310666666666666,-80.87029569892474,-62.47654724121094,5.263440873674167,34.52345275878906,True,-1043.992525142023,-1130.4545999997185
2021-06-24 09:38:42,26363650,52.511788333333335,13.309836666666667,-76.6925,-61.69294738769531,10.532999980449675,35.30705261230469,True,-1047.9449890547169,-1104.4799333329806
2021-06-24 09:38:43,26363650,52.5118,13.310006666666666,-78.17125,-61.845794677734375,7.366999981999397,35.154205322265625,True,-1047.1544962723706,-1111.5302000000395
2021-06-24 09:38:44,26363650,52.51181166666667,13.310175,-82.398125,-62.00114440917969,5.205999980121851,34.99885559082031,True,-1046.025220868589,-1117.0962000002241
2021-06-24 09:38:45,26363650,52.51182333333333,13.31034,-83.358125,-62.15636444091797,2.449000009819865,34.84363555908203,True,-1045.2347280861225,-1121.9200666665765
2021-06-24 09:38:39,26363650,52.51175833333333,13.30939,-83.03,-61.316070556640625,9.215000014305115,35.683929443359375,True,-1049.3001195391344,-1080.5461333332935
2021-06-24 09:38:40,26363650,52.51176666666667,13.309528333333333,-81.4025,-61.43036651611328,8.950999976396561,35.56963348388672,True,-1049.4130470794523,-1090.5649333333097
2021-06-24 09:38:41,26363650,52.51177833333333,13.309675,-79.706875,-61.54979705810547,9.0449999704957,35.45020294189453,True,-1048.7354818373037,-1097.6151999995775
2021-06-24 09:38:57,26363649,52.51193833333333,13.312316666666666,-83.85125,-55.571022033691406,5.503000024259091,41.428977966308594,True,-1032.4739160251354,-1178.5077333335398
2021-06-24 09:38:58,26363649,52.511948333333336,13.312471666666667,-88.873125,-56.147727966308594,-1.4189999970793723,40.852272033691406,True,-1031.3446406213538,-1187.9699333333792
2021-06-24 09:38:59,26363649,52.511955,13.312618333333331,-88.1842105263158,-56.65193176269531,2.790526303021532,40.34806823730469,True,-1029.8765825967387,-1195.020199999647
2021-06-24 09:38:52,26363649,52.51189166666666,13.311483333333332,-80.21125,-51.350440979003906,5.495000002980232,45.649559020996094,True,-1040.8305540117954,-1150.8632666662718
2021-06-24 09:38:53,26363649,52.5119,13.311655,-77.17375,-52.42821502685547,8.062999993339181,44.57178497314453,True,-1039.5883510679364,-1155.501599999759
2021-06-24 09:38:54,26363649,52.51190833333333,13.311826666666668,-80.661875,-53.379676818847656,3.9889999963343135,43.620323181152344,True,-1038.0073655030033,-1160.3254666676933
2021-06-24 09:38:55,26363649,52.51191666666666,13.311995,-83.153125,-54.20979309082031,4.474000011757016,42.79020690917969,True,-1035.861742235999,-1166.076999999952
2021-06-24 09:38:56,26363649,52.51192666666667,13.312158333333333,-82.440625,-54.93340301513672,5.158999986052513,42.06659698486328,True,-1034.167829130507,-1171.6430000001367
2021-06-24 09:38:48,26363649,52.511851666666665,13.310831666666669,-80.13144329896907,-46.01008605957031,8.344329947048855,50.98991394042969,True,-1043.992525142023,-1134.1652666665084
2021-06-24 09:38:49,26363649,52.51186166666667,13.310993333333334,-76.856875,-47.47715759277344,9.734000016450882,49.52284240722656,True,-1043.4278874403126,-1137.6903999996423
2021-06-24 09:38:50,26363649,52.51187166666666,13.311151666666667,-78.23625,-48.85596466064453,8.506000022888184,48.14403533935547,True,-1042.6373946577255,-1141.0299999999115
2021-06-24 09:38:51,26363649,52.51188166666667,13.311315,-81.281875,-50.15593719482422,4.613999985232949,46.84406280517578,True,-1041.6210467945027,-1145.111733334013
2021-06-24 09:39:03,29127682,52.511986666666665,13.313075,-81.7375,-52.303428649902344,17.094999961853027,44.696571350097656,True,-1025.5853360629703,-1228.230666666309
2021-06-24 09:39:00,29127682,52.511965,13.312758333333331,-83.54,-53.6390380859375,14.56600001335144,43.3609619140625,True,-1029.5377999756643,-1202.8125999997476
2021-06-24 09:39:01,29127682,52.51197166666667,13.31288,-83.00125,-53.14337158203125,15.526000061035155,43.85662841796875,True,-1028.521452112562,-1212.460333334034
2021-06-24 09:39:02,29127682,52.51197666666667,13.312983333333332,-82.33125,-52.72123718261719,16.563000001907348,44.27876281738281,True,-1026.9404665473878,-1220.8093333335203
2021-06-24 09:39:14,29127682,52.51201833333333,13.313475,-81.628125,-50.65513610839844,16.931999969482423,46.34486389160156,True,-1006.274726661013,-1301.5163333330356
2021-06-24 09:39:15,29127682,52.51202166666667,13.313548333333332,-80.95375,-50.43400573730469,17.627000064849852,46.56599426269531,True,-1004.1291033941288,-1309.123200000271
2021-06-24 09:39:16,29127682,52.51202666666666,13.31363,-81.615,-50.210609436035156,17.351000003814697,46.789390563964844,True,-1001.7576250466087,-1317.2866666676832
2021-06-24 09:39:11,29127682,52.512013333333336,13.313408333333332,-80.7125,-50.90119934082031,17.145000057220457,46.09880065917969,True,-1012.8245240021038,-1281.2932000001383
2021-06-24 09:39:12,29127682,52.512013333333336,13.313408333333332,-80.72125,-50.90119934082031,18.15799997329712,46.09880065917969,True,-1010.6789007352197,-1287.4157999997087
2021-06-24 09:39:13,29127682,52.512015,13.313425,-81.565625,-50.833160400390625,17.56499994277954,46.166839599609375,True,-1008.4203499278972,-1294.6515999996325
2021-06-24 09:39:07,29127682,52.512006666666665,13.31334,-80.754375,-51.184532165527344,18.398999948501583,45.815467834472656,True,-1019.2613938027562,-1255.504066666265
2021-06-24 09:39:08,29127682,52.512011666666666,13.313378333333333,-79.965,-51.0107421875,18.560000085830687,45.9892578125,True,-1018.019190858777,-1261.9977333339384
2021-06-24 09:39:09,29127682,52.512013333333336,13.313403333333332,-80.84,-50.916229248046875,17.854999942779543,46.083770751953125,True,-1017.4545531569463,-1268.1203333335088
2021-06-24 09:39:10,29127682,52.512013333333336,13.31341,-80.42,-50.896217346191406,18.15400004386902,46.103782653808594,True,-1015.4218574302598,-1274.4284666667352
2021-06-24 09:39:04,29127682,52.511993333333336,13.313156666666666,-81.7425,-51.94664001464844,17.77699995994568,45.05335998535156,True,-1023.8914229575988,-1235.2809333333678
2021-06-24 09:39:05,29127682,52.51199666666667,13.31323,-81.603125,-51.653785705566406,17.427999935150147,45.346214294433594,True,-1022.4233649329838,-1241.5890666665941
2021-06-24 09:39:06,29127682,52.51200166666667,13.313291666666666,-81.18375,-51.394134521484375,18.378999996185303,45.605865478515625,True,-1020.7294518274919,-1248.2682666663413
2021-06-24 09:39:24,29127682,52.51207166666666,13.314296666666667,-80.398125,-50.37139129638672,18.29899995803833,46.62860870361328,True,-980.1884648372085,-1380.182466666291
2021-06-24 09:39:25,29127682,52.512075,13.314318333333333,-79.86875,-50.41583251953125,19.75700008392334,46.58416748046875,True,-976.6877110861476,-1386.1195333329965
2021-06-24 09:39:20,29127682,52.51205333333333,13.314045,-80.8425,-49.87713623046875,17.816999921798708,47.12286376953125,True,-991.4812188735802,-1351.6103333331166
2021-06-24 09:39:21,29127682,52.51206,13.31414,-80.39625,-50.00849914550781,18.051000089645385,46.99150085449219,True,-988.9968129856218,-1359.9593333333937
2021-06-24 09:39:22,29127682,52.512065,13.314211666666669,-79.054375,-50.15656280517578,19.54099999427796,46.84343719482422,True,-986.2865520167867,-1367.5661999998383
2021-06-24 09:39:23,29127682,52.51207,13.314263333333331,-80.24,-50.270538330078125,18.668999977111817,46.729461669921875,True,-983.4633635079946,-1374.2453999995855
2021-06-24 09:39:17,29127682,52.512033333333335,13.313718333333334,-82.07875,-50.00360107421875,16.751999959945678,46.99639892578125,True,-999.27321915853,-1325.4501333335136
2021-06-24 09:39:18,29127682,52.51203833333334,13.31382,-80.4125,-49.87810516357422,18.17900001525879,47.12189483642578,True,-996.5629581899354,-1333.428066666479
2021-06-24 09:39:19,29127682,52.512045,13.313933333333331,-80.320625,-49.83068084716797,18.50599994659424,47.16931915283203,True,-993.965624761659,-1342.3336666677237
2021-06-24 09:40:51,29127682,52.51235666666667,13.319226666666667,-94.433125,-63.19671630859375,2.672000006660819,33.80328369140625,True,-961.7812757583968,-1675.366000000248
2021-06-24 09:40:52,29127682,52.51235666666667,13.3193,-94.39477040816328,-63.29731750488281,1.397959184433733,33.70268249511719,True,-963.3622613233299,-1681.6741333334744
2021-06-24 09:40:53,29127682,52.512355,13.31938,-96.04671717171718,-63.405914306640625,-0.0959595964111463,33.594085693359375,True,-965.0561744288218,-1688.1677999995657
2021-06-24 09:40:10,29127682,52.51208666666667,13.314898333333334,-79.488125,-52.87751007080078,14.614999990463255,44.12248992919922,True,-956.3607538208469,-1651.06113333404
2021-06-24 09:40:11,29127682,52.51209166666667,13.31502,-79.135625,-53.388946533203125,16.305000057220457,43.611053466796875,True,-956.3607538208469,-1652.1743333336026
2021-06-24 09:40:12,29127682,52.512095,13.31515,-78.7525,-53.92881774902344,16.52699994087219,43.07118225097656,True,-956.2478262805289,-1652.1743333336026
2021-06-24 09:40:13,29127682,52.512101666666666,13.315285,-78.78625,-54.45460510253906,15.800000057220458,42.54539489746094,True,-955.6831885788187,-1650.8755999995933
2021-06-24 09:40:47,29127682,52.51236333333333,13.319026666666666,-96.0675,-62.9146728515625,0.9119999918341636,34.0853271484375,True,-955.9090436594546,-1652.5454000001232
2021-06-24 09:40:48,29127682,52.512368333333335,13.319076666666668,-97.076875,-62.98504638671875,0.3109999971091747,34.01495361328125,True,-957.3771016841902,-1656.8126666662988
2021-06-24 09:40:49,29127682,52.512366666666665,13.319121666666666,-96.93375,-63.04884338378906,-0.4430000016838312,33.95115661621094,True,-958.6193046281694,-1662.3786666664837
2021-06-24 09:40:50,29127682,52.512365,13.319171666666668,-95.109375,-63.119110107421875,-0.3790000051259994,33.880889892578125,True,-960.2002901932229,-1668.501266666845
2021-06-24 09:40:06,29127682,52.512075,13.314486666666667,-77.865,-51.10594177246094,15.08399998664856,45.89405822753906,True,-950.1497391009508,-1625.8285999995528
2021-06-24 09:40:07,29127682,52.512076666666665,13.31457,-78.59375,-51.45872497558594,16.20599998474121,45.54127502441406,True,-952.2953623679552,-1633.4354666667882
2021-06-24 09:40:08,29127682,52.512078333333335,13.31467,-78.6375,-51.89671325683594,16.82300000190735,45.10328674316406,True,-954.2151305539627,-1640.4857333330563
2021-06-24 09:40:09,29127682,52.51208166666667,13.31478,-79.718125,-52.37367248535156,16.37499997138977,44.62632751464844,True,-955.231478417306,-1646.7938666662826
2021-06-24 09:40:14,29127682,52.51211,13.315418333333334,-79.001875,-54.9468994140625,14.723999996185302,42.0531005859375,True,-955.231478417306,-1649.762400000031
2021-06-24 09:40:15,29127682,52.51212,13.31555,-79.96375,-55.40790557861328,15.129000024795532,41.59209442138672,True,-955.0056233366699,-1648.8347333333334
2021-06-24 09:40:16,29127682,52.51212666666667,13.315676666666668,-81.090625,-55.83811950683594,14.12000002861023,41.16188049316406,True,-954.8926957961114,-1648.6491999996774
2021-06-24 09:40:17,29127682,52.512135,13.315795,-83.02875,-56.221275329589844,12.904000024795533,40.778724670410156,True,-954.8926957961114,-1648.4636666668125
2021-06-24 09:40:18,29127682,52.51214,13.315901666666669,-85.069375,-56.5572509765625,11.103000020980836,40.4427490234375,True,-954.8926957961114,-1648.4636666668125
2021-06-24 09:40:19,29127682,52.512146666666666,13.315993333333331,-87.041875,-56.831787109375,9.295000004768372,40.168212890625,True,-954.8926957961114,-1648.2781333339476
2021-06-24 09:40:20,29127682,52.512155,13.316075,-88.944375,-57.065673828125,8.442000036239625,39.934326171875,True,-954.779768255673,-1648.2781333339476
2021-06-24 09:40:21,29127682,52.51216166666666,13.316143333333333,-88.8325,-57.25740051269531,8.177999997138977,39.74259948730469,True,-954.779768255673,-1648.2781333339476
2021-06-24 09:40:22,29127682,52.512168333333335,13.316203333333334,-89.050625,-57.421356201171875,6.749000010490417,39.578643798828125,True,-954.779768255673,-1648.2781333339476
2021-06-24 09:40:23,29127682,52.512175,13.316258333333334,-87.214375,-57.56842803955078,8.447000002861023,39.43157196044922,True,-954.779768255673,-1648.2781333339476
2021-06-24 09:40:24,29127682,52.51218,13.316311666666667,-88.934375,-57.71063995361328,7.055000009536744,39.28936004638672,True,-954.779768255673,-1648.092600000292
2021-06-24 09:40:25,29127682,52.512185,13.316365,-88.32875,-57.850563049316406,7.907000021934509,39.149436950683594,True,-954.779768255673,-1648.092600000292
2021-06-24 09:40:26,29127682,52.51219,13.316428333333333,-88.16875,-58.014862060546875,9.543000025749206,38.985137939453125,True,-954.779768255673,-1648.092600000292
2021-06-24 09:40:27,29127682,52.51219833333333,13.316515,-87.08125,-58.233062744140625,10.440999965667723,38.766937255859375,True,-954.779768255673,-1648.092600000292
2021-06-24 09:40:28,29127682,52.51220666666666,13.316621666666666,-86.91875,-58.49598693847656,9.87099998474121,38.50401306152344,True,-954.779768255673,-1648.092600000292
2021-06-24 09:40:29,29127682,52.512215,13.31674,-86.376875,-58.782989501953125,10.943999996185305,38.217010498046875,True,-954.779768255673,-1648.092600000292
2021-06-24 09:40:30,29127682,52.512225,13.316861666666666,-85.9825,-59.063148498535156,10.725000009536744,37.936851501464844,True,-954.779768255673,-1648.092600000292
2021-06-24 09:40:31,29127682,52.51223,13.316985,-86.116875,-59.34124755859375,10.544000039100649,37.65875244140625,True,-954.779768255673,-1648.092600000292
2021-06-24 09:40:32,29127682,52.512238333333336,13.317116666666667,-88.534375,-59.62580871582031,7.3579999804496765,37.37419128417969,True,-954.779768255673,-1648.092600000292
2021-06-24 09:40:33,29127682,52.51224666666667,13.317255,-91.050625,-59.91455841064453,6.3260000038146975,37.08544158935547,True,-954.779768255673,-1648.092600000292
2021-06-24 09:40:34,29127682,52.512256666666666,13.317395,-90.280625,-60.19581604003906,8.252999963760375,36.80418395996094,True,-954.779768255673,-1648.092600000292
2021-06-24 09:40:35,29127682,52.512265,13.317536666666667,-88.06125,-60.4716796875,10.940000042915344,36.5283203125,True,-954.779768255673,-1648.092600000292
2021-06-24 09:40:36,29127682,52.51227166666666,13.31768,-87.50125,-60.742225646972656,10.969999990463258,36.257774353027344,True,-954.779768255673,-1648.092600000292
2021-06-24 09:40:37,29127682,52.512278333333335,13.317825,-87.533125,-61.00694274902344,11.417000012397766,35.99305725097656,True,-954.779768255673,-1648.092600000292
2021-06-24 09:40:38,29127682,52.51228833333333,13.317971666666669,-89.464375,-61.264984130859375,9.124999990463255,35.735015869140625,True,-954.779768255673,-1648.092600000292
2021-06-24 09:40:39,29127682,52.51229666666666,13.318118333333333,-91.8025,-61.515663146972656,6.305999989509583,35.484336853027344,True,-954.779768255673,-1648.092600000292
2021-06-24 09:40:40,29127682,52.512305,13.318261666666666,-92.20375,-61.75334930419922,7.106999982595443,35.24665069580078,True,-954.779768255673,-1648.092600000292
2021-06-24 09:40:41,29127682,52.512315,13.318403333333332,-94.9175,-61.98120880126953,4.007999991327524,35.01879119873047,True,-954.779768255673,-1648.092600000292
2021-06-24 09:40:42,29127682,52.512325,13.318535,-97.604375,-62.187339782714844,0.7080000041425228,34.812660217285156,True,-954.779768255673,-1648.092600000292
2021-06-24 09:40:43,29127682,52.51233166666667,13.318658333333332,-97.48125,-62.37647247314453,1.3300000087171793,34.62352752685547,True,-954.779768255673,-1648.092600000292
2021-06-24 09:40:44,29127682,52.51234166666666,13.318771666666668,-95.741875,-62.54571533203125,1.0169999975711108,34.45428466796875,True,-954.779768255673,-1648.092600000292
2021-06-24 09:40:45,29127682,52.512355,13.318876666666666,-96.510625,-62.69880676269531,0.9529999955743552,34.30119323730469,True,-954.779768255673,-1648.092600000292
2021-06-24 09:40:46,29127682,52.51236166666666,13.318965,-96.0075,-62.82630920410156,2.235000004991889,34.17369079589844,True,-955.231478417306,-1649.947933332896
2021-06-24 09:39:28,29127682,52.51207,13.31432,-80.04,-50.47649383544922,19.070999965667724,46.52350616455078,True,-965.2820295094577,-1405.2294666663315
2021-06-24 09:39:29,29127682,52.51207,13.31432,-80.1325,-50.47649383544922,19.05700002670288,46.52350616455078,True,-961.7812757583968,-1411.166533333037
2021-06-24 09:39:30,29127682,52.51207,13.31432,-80.299375,-50.47649383544922,18.897000007629394,46.52350616455078,True,-957.6029567648261,-1417.1035999997425
2021-06-24 09:39:31,29127682,52.51207,13.31432,-80.094375,-50.47649383544922,19.09599998474121,46.52350616455078,True,-953.1987826907399,-1423.226200000104
2021-06-24 09:39:26,29127682,52.51207333333333,13.314323333333334,-79.46875,-50.45299530029297,20.27800008773804,46.54700469970703,True,-972.9611022540894,-1392.4276666662229
2021-06-24 09:39:27,29127682,52.51207166666666,13.314321666666666,-80.07125,-50.4647216796875,19.377999935150147,46.5352783203125,True,-969.1215658818338,-1398.7358000002403
2021-06-24 09:40:03,29127682,52.51207,13.31432,-79.545,-50.47649383544922,16.48799991607666,46.52350616455078,True,-943.487014219542,-1603.5645999996045
2021-06-24 09:40:04,29127682,52.51207333333333,13.31436,-78.803125,-50.59553527832031,15.68200002670288,46.40446472167969,True,-945.5197099462285,-1610.8004000003193
2021-06-24 09:40:05,29127682,52.51208,13.314418333333334,-78.141875,-50.765960693359375,14.596000032424929,46.234039306640625,True,-947.8911882937485,-1618.2217333331082
2021-06-24 09:39:59,29127682,52.51207,13.314318333333333,-79.93375,-50.47023010253906,17.32100004196167,46.52976989746094,True,-934.678666071249,-1575.7346000002626
2021-06-24 09:40:00,29127682,52.51207,13.314318333333333,-79.9225,-50.47023010253906,18.198000030517576,46.52976989746094,True,-936.4855067170588,-1582.5993333336658
2021-06-24 09:40:01,29127682,52.51207,13.314318333333333,-80.5525,-50.47023010253906,17.59200002670288,46.52976989746094,True,-938.405274903307,-1589.6495999999338
2021-06-24 09:40:02,29127682,52.51207,13.314318333333333,-80.511875,-50.47023010253906,17.03699999809265,46.52976989746094,True,-941.454318493096,-1596.3287999996808
2021-06-24 09:39:55,29127682,52.51207,13.314318333333333,-80.133125,-50.47023010253906,16.364000062942505,46.52976989746094,True,-928.6935064321092,-1550.1310000000456
2021-06-24 09:39:56,29127682,52.51207,13.314318333333333,-80.120625,-50.47023010253906,16.603000001907347,46.52976989746094,True,-930.2744919972831,-1556.439133333272
2021-06-24 09:39:57,29127682,52.51207,13.314318333333333,-79.988125,-50.47023010253906,17.02200011253357,46.52976989746094,True,-931.7425500218983,-1562.7472666664983
2021-06-24 09:39:58,29127682,52.51207,13.314318333333333,-79.825,-50.47023010253906,17.193999938964843,46.52976989746094,True,-933.0976805061954,-1569.2409333333806
2021-06-24 09:39:52,29127682,52.51207,13.314318333333333,-79.9175,-50.47023010253906,17.5410000038147,46.52976989746094,True,-925.3056802212458,-1530.0934000000132
2021-06-24 09:39:53,29127682,52.51207,13.314318333333333,-80.04125,-50.47023010253906,16.788999910354615,46.52976989746094,True,-926.0961730037124,-1536.9581333334163
2021-06-24 09:39:54,29127682,52.51207,13.314318333333333,-79.9625,-50.47023010253906,16.236000032424926,46.52976989746094,True,-927.2254484074941,-1543.6373333339543
2021-06-24 09:39:44,29127682,52.51207,13.314318333333333,-80.344375,-50.47023010253906,16.786999950408937,46.52976989746094,True,-927.564231028448,-1477.9585333328814
2021-06-24 09:39:45,29127682,52.51207,13.314318333333333,-80.270625,-50.47023010253906,18.46499997138977,46.52976989746094,True,-926.6608107054227,-1484.081133334034
2021-06-24 09:39:46,29127682,52.51207,13.314318333333333,-80.15625,-50.47023010253906,18.28100004196167,46.52976989746094,True,-925.7573903826382,-1490.7603333329898
2021-06-24 09:39:38,29127682,52.51207,13.314318333333333,-79.7125,-50.47023010253906,18.942000064849854,46.52976989746094,True,-934.2269559098568,-1452.725999999976
2021-06-24 09:39:39,29127682,52.51207,13.314318333333333,-79.781875,-50.47023010253906,18.58099999427796,46.52976989746094,True,-933.549390667708,-1455.5090000000682
2021-06-24 09:39:40,29127682,52.51207,13.314318333333333,-79.9425,-50.47023010253906,18.737999963760377,46.52976989746094,True,-932.6459703449236,-1458.1064666665047
2021-06-24 09:39:41,29127682,52.51207,13.314318333333333,-80.415,-50.47023010253906,16.921999912261963,46.52976989746094,True,-931.8554775622163,-1461.8171333332948
2021-06-24 09:39:42,29127682,52.51207,13.314318333333333,-80.2525,-50.47023010253906,16.466000051498412,46.52976989746094,True,-930.613274618237,-1466.2699333331261
2021-06-24 09:39:43,29127682,52.51207,13.314318333333333,-80.44375,-50.47023010253906,16.50199999809265,46.52976989746094,True,-929.1452165935015,-1472.0214666669667
2021-06-24 09:39:32,29127682,52.51207,13.31432,-80.080625,-50.47649383544922,19.05800006866455,46.52350616455078,True,-949.3592463183638,-1428.9777333339448
2021-06-24 09:39:33,29127682,52.51207,13.31432,-79.88375,-50.47649383544922,18.885,46.52350616455078,True,-945.4067824056698,-1433.801600000297
2021-06-24 09:39:34,29127682,52.51207,13.31432,-79.970625,-50.47649383544922,18.836000003814696,46.52350616455078,True,-942.2448112754424,-1438.4399333329932
2021-06-24 09:39:35,29127682,52.51207,13.31432,-79.70875,-50.47649383544922,18.016999931335448,46.52350616455078,True,-939.1957676856533,-1441.7795333332624
2021-06-24 09:39:36,29127682,52.51207,13.31432,-79.746875,-50.47649383544922,18.64799989700317,46.52350616455078,True,-936.4855067170588,-1444.5625333333546
2021-06-24 09:39:37,29127682,52.51207,13.31432,-79.73,-50.47649383544922,18.619000005722047,46.52350616455078,True,-935.2433037730796,-1449.200866666842
2021-06-24 09:39:48,29127682,52.51207,13.314318333333333,-80.08875,-50.47023010253906,18.05599994659424,46.52976989746094,True,-924.4022598983408,-1503.7476666667544
2021-06-24 09:39:49,29127682,52.51207,13.314318333333333,-80.195,-50.47023010253906,18.37200012207031,46.52976989746094,True,-924.4022598983408,-1510.2413333336367
2021-06-24 09:39:50,29127682,52.51207,13.314318333333333,-80.37375,-50.47023010253906,18.067000045776368,46.52976989746094,True,-924.5151874386589,-1516.920533333384
2021-06-24 09:39:51,29127682,52.51207,13.314318333333333,-80.375625,-50.47023010253906,18.38300003051758,46.52976989746094,True,-924.7410425194151,-1523.414200000266
2021-06-24 09:39:47,29127682,52.51207,13.314318333333333,-80.145625,-50.47023010253906,17.782999992370605,46.52976989746094,True,-924.9668976001716,-1497.439533333528
2021-06-24 09:43:09,29127680,52.51309,13.330051666666666,-102.6171875,-66.60581970214844,-5.525000002856056,30.394180297851562,True,-1654.5917358815827,-2000.9769999999835
2021-06-24 09:43:05,29127680,52.513061666666665,13.329615,-102.23375,-66.2894287109375,-0.977999993637204,30.7105712890625,True,-1626.4727783313324,-2038.269199999956
2021-06-24 09:43:06,29127680,52.51306833333334,13.329711666666666,-102.56,-66.359375,-0.956999996677041,30.640625,True,-1633.1355032126207,-2028.9925333329813
2021-06-24 09:43:07,29127680,52.513075,13.329818333333334,-103.42875,-66.43702697753906,-2.777000003308058,30.562973022460938,True,-1640.0240831746655,-2019.7158666667976
2021-06-24 09:43:08,29127680,52.513081666666665,13.329931666666669,-103.0825,-66.51963806152344,-5.086000009775161,30.480361938476562,True,-1647.251445757905,-2010.2536666669582
2021-06-24 09:43:01,29127680,52.513045,13.329305,-101.59,-66.05995178222656,1.055000003427267,30.940048217773438,True,-1601.0640817497967,-2070.923066666441
2021-06-24 09:43:02,29127680,52.51304666666667,13.329363333333331,-100.930625,-66.10459899902344,0.4430000024288892,30.895401000976562,True,-1607.0492413889367,-2063.687266666517
2021-06-24 09:43:03,29127680,52.51305166666667,13.329435,-100.759375,-66.15665435791016,0.9049999993294476,30.843345642089844,True,-1613.3731836490304,-2055.709333333552
2021-06-24 09:43:04,29127680,52.51305666666666,13.32952,-101.118125,-66.21916198730469,-0.5769999998062849,30.780838012695312,True,-1619.9229809902415,-2047.1747999996187
2021-06-24 09:42:56,29127680,52.513043333333336,13.329195,-98.8,-65.97413635253906,0.1940000004321336,31.025863647460938,True,-1575.8812402488973,-2102.649266666229
2021-06-24 09:42:57,29127680,52.513043333333336,13.329211666666666,-99.50625,-65.9874038696289,0.728999987617135,31.012596130371094,True,-1580.6241969440578,-2096.712200000314
2021-06-24 09:42:58,29127680,52.513041666666666,13.329226666666669,-99.71875,-66.00091552734375,0.5919999949634075,30.99908447265625,True,-1585.4800811796567,-2090.218533333432
2021-06-24 09:42:59,29127680,52.513043333333336,13.329241666666666,-100.434375,-66.01126098632812,0.9849999997019768,30.988739013671875,True,-1590.4488929555737,-2084.09593333307
2021-06-24 09:43:00,29127680,52.513045,13.329265,-100.56375,-66.02821350097656,1.1910000029206276,30.971786499023438,True,-1595.7564873526853,-2077.787799999844
2021-06-24 09:42:51,29127680,52.51303333333333,13.329016666666666,-97.19,-65.84162902832031,-2.070999995619059,31.158370971679688,True,-1553.973297418543,-2112.296999999724
2021-06-24 09:42:52,29127680,52.513036666666665,13.32907,-98.056875,-65.88095092773438,-1.4049999927729369,31.119049072265625,True,-1558.4903990329474,-2114.337866666775
2021-06-24 09:42:53,29127680,52.51303833333333,13.329111666666666,-97.976875,-65.91256713867188,-0.4220000029355287,31.087432861328125,True,-1563.1204281879104,-2114.52339999964
2021-06-24 09:42:54,29127680,52.51304,13.329145,-99.04625,-65.93753051757812,-1.1919999996572732,31.062469482421875,True,-1567.4116747216788,-2112.296999999724
2021-06-24 09:42:55,29127680,52.513041666666666,13.329173333333332,-99.019375,-65.95848846435547,-0.5869999971985816,31.04151153564453,True,-1571.5899937152494,-2108.2152666664133
2021-06-24 09:42:49,29127680,52.51302333333334,13.328876666666666,-97.73375,-65.73966217041016,-2.390999996364117,31.260337829589844,True,-1543.0193260033661,-2103.762466666582
2021-06-24 09:42:50,29127680,52.51303,13.328953333333333,-96.471875,-65.79429626464844,-1.34499999307096,31.205703735351562,True,-1548.665703021552,-2108.5863333329344
2021-06-24 09:42:48,29127680,52.513015,13.328783333333334,-95.72576530612244,-65.67344665527344,-0.7193877552540935,31.326553344726562,True,-1536.5824562027137,-2097.6398666662208
2021-06-24 09:42:45,29127680,52.512991666666665,13.328396666666666,-95.1825,-65.3880615234375,-5.643999981656671,31.6119384765625,True,-1517.9494120430252,-2075.7469333335844
2021-06-24 09:42:44,29127680,52.51298333333333,13.328255,-94.38625,-65.2835922241211,-1.0709999971091748,31.716407775878906,True,-1513.5452379688184,-2070.3664666662644
2021-06-24 09:41:47,29127680,52.51239,13.320681666666667,-90.78191489361704,-64.10592651367188,1.8436170118127733,32.894073486328125,True,-1083.968874430355,-2054.7816666676454
2021-06-24 09:41:48,29127680,52.51236166666666,13.320778333333331,-94.46125,-64.1170425415039,-1.4949999920278787,32.882957458496094,True,-1090.9703819327178,-2057.379133333291
2021-06-24 09:40:58,29127680,52.512366666666665,13.319776666666666,-93.208125,-64.60502624511719,0.4250000015646219,32.39497375488281,True,-975.8972183035605,-1725.460000000329
2021-06-24 09:40:59,29127680,52.512375,13.319845,-94.884375,-64.5530776977539,-1.4560000053793192,32.446922302246094,True,-978.3816241915191,-1733.0668666667736
2021-06-24 09:41:00,29127680,52.51238166666667,13.319906666666666,-97.7067819148936,-64.50547790527344,-3.022340419444632,32.49452209472656,True,-981.2048127005518,-1741.4158666662597
2021-06-24 09:40:55,29127680,52.512348333333335,13.319533333333334,-94.455625,-64.77716064453125,0.8450000009685755,32.22283935546875,True,-969.0086383415158,-1701.8972666663717
2021-06-24 09:40:56,29127680,52.51235,13.319616666666668,-93.828125,-64.72222900390625,0.6039999956637621,32.27777099609375,True,-971.0413340678413,-1709.3185999999514
2021-06-24 09:40:57,29127680,52.51235666666667,13.3197,-94.063125,-64.66458129882812,0.6379999976605177,32.335418701171875,True,-973.4128124154817,-1717.4820666665728
2021-06-24 09:40:54,29127680,52.51235166666667,13.319458333333332,-94.58577127659576,-64.81524658203125,1.3606382910399994,32.18475341796875,True,-966.9759426148294,-1694.661466666448
2021-06-24 09:42:42,29127681,52.51296166666667,13.327938333333334,-97.3025,-63.07671356201172,2.009999991282821,33.92328643798828,True,-1504.5110347398897,-2060.347666666248
2021-06-24 09:42:43,29127681,52.512973333333335,13.328101666666669,-97.21343085106383,-63.279754638671875,-0.6542553146310309,33.720245361328125,True,-1509.4798465158065,-2065.3570666662563
2021-06-24 09:42:38,29127681,52.51291333333333,13.327238333333334,-94.215625,-62.166778564453125,-4.345000009387731,34.833221435546875,True,-1480.4574686426515,-2054.225066666678
2021-06-24 09:42:39,29127681,52.512925,13.327415,-95.473125,-62.40205383300781,-4.0959999868273735,34.59794616699219,True,-1486.2167732012756,-2050.885466666409
2021-06-24 09:42:40,29127681,52.51293833333333,13.327591666666669,-97.27875,-62.635467529296875,-0.6809999959170818,34.364532470703125,True,-1492.3148603808538,-2051.4420666665856
2021-06-24 09:42:41,29127681,52.51295,13.327766666666667,-96.610625,-62.86012268066406,0.9290000005811452,34.13987731933594,True,-1498.5258751005092,-2055.152733333375
2021-06-24 09:42:34,29127681,52.51287166666667,13.326558333333333,-90.92,-61.23114013671875,-3.0199999906867743,35.76885986328125,True,-1453.0160763345498,-2055.523799999896
2021-06-24 09:42:35,29127681,52.512881666666665,13.326723333333334,-91.378125,-61.461822509765625,-1.1150000024586917,35.538177490234375,True,-1459.7917287563967,-2054.7816666676454
2021-06-24 09:42:36,29127681,52.51289166666667,13.326891666666668,-92.780625,-61.69518280029297,1.0240000047534703,35.30481719970703,True,-1466.5673811781235,-2053.8540000001567
2021-06-24 09:42:37,29127681,52.51290333333333,13.327063333333331,-94.301875,-61.93220520019531,2.157999998778105,35.06779479980469,True,-1473.3430335999706,-2053.111866666324
2021-06-24 09:42:30,29127681,52.51282833333333,13.325911666666666,-89.566875,-60.2882080078125,3.382000022158026,36.7117919921875,True,-1429.0754377777496,-2056.2659333329375
2021-06-24 09:42:31,29127681,52.512838333333335,13.326073333333332,-89.73875,-60.52516174316406,-3.027000004202128,36.47483825683594,True,-1434.6088872554972,-2056.2659333329375
2021-06-24 09:42:32,29127681,52.51285,13.326233333333333,-90.258125,-60.76177978515625,-6.082999999523163,36.23822021484375,True,-1440.5940468947572,-2056.0804000000726
2021-06-24 09:42:33,29127681,52.51286,13.326395,-90.143125,-60.99488830566406,-1.5710000018775463,36.00511169433594,True,-1446.6921340743354,-2055.894866666417
2021-06-24 09:42:23,29127681,52.51275833333333,13.324778333333333,-88.2225,-58.680580139160156,8.392000002861023,38.319419860839844,True,-1404.0055238172883,-2059.6055333339978
2021-06-24 09:42:24,29127681,52.51276833333333,13.324936666666666,-86.9575,-58.889915466308594,10.3649999666214,38.110084533691406,True,-1408.2967703510567,-2059.234466666686
2021-06-24 09:42:25,29127681,52.51277833333333,13.3251,-87.070625,-59.115264892578125,9.002000007629395,37.884735107421875,True,-1411.9104516426764,-2058.677866666509
2021-06-24 09:42:26,29127681,52.51278833333333,13.325265,-87.5525,-59.34716033935547,9.05200004480779,37.65283966064453,True,-1414.6207126113911,-2057.7501999998117
2021-06-24 09:42:27,29127681,52.512798333333336,13.325428333333331,-88.920625,-59.58152770996094,5.007999969273806,37.41847229003906,True,-1417.218046039788,-2056.8225333331143
2021-06-24 09:42:28,29127681,52.51280833333333,13.325588333333334,-89.97375,-59.812660217285156,6.053000009059906,37.187339782714844,True,-1420.2670896294567,-2056.6370000002494
2021-06-24 09:42:29,29127681,52.512818333333335,13.325748333333332,-89.813125,-60.045005798339844,5.443999996632337,36.954994201660156,True,-1424.2195535421506,-2056.2659333329375
2021-06-24 09:42:19,29127681,52.51272166666666,13.324173333333333,-88.63875,-57.999961853027344,6.563999999910593,39.000038146972656,True,-1380.1778128009266,-2059.234466666686
2021-06-24 09:42:20,29127681,52.512728333333335,13.324318333333334,-88.175,-58.13446807861328,10.741999955177308,38.86553192138672,True,-1386.727610141777,-2059.234466666686
2021-06-24 09:42:21,29127681,52.51273666666667,13.324466666666666,-88.688125,-58.292083740234375,5.510999972075224,38.707916259765625,True,-1393.1644799424294,-2059.419999999551
2021-06-24 09:42:22,29127681,52.51274833333333,13.324621666666667,-88.264375,-58.48332214355469,8.064000001102686,38.51667785644531,True,-1398.8108569606152,-2059.6055333339978
2021-06-24 09:42:16,29127681,52.51269333333333,13.323733333333331,-93.265625,-57.67445373535156,7.921999998092652,39.32554626464844,True,-1357.4793771879858,-2059.7910666676535
2021-06-24 09:42:17,29127681,52.512705,13.32388,-91.364375,-57.773223876953125,6.900999987125397,39.226776123046875,True,-1365.271377473176,-2059.234466666686
2021-06-24 09:42:18,29127681,52.51271333333333,13.32403,-89.293125,-57.87939453125,8.574999976158143,39.12060546875,True,-1372.8375226773694,-2058.863400000165
2021-06-24 09:42:13,29127681,52.512625,13.323328333333333,-95.160625,-57.347625732421875,3.591999992579222,39.652374267578125,True,-1332.6353183082808,-2061.2753333329456
2021-06-24 09:42:14,29127681,52.51265833333333,13.323451666666667,-96.655625,-57.48902130126953,3.1340000054985286,39.51097869873047,True,-1341.1048838354993,-2060.904266666425
2021-06-24 09:42:15,29127681,52.51267833333333,13.323588333333332,-94.4175,-57.58302307128906,7.688999996185303,39.41697692871094,True,-1349.4615218221593,-2059.9765999997276
2021-06-24 09:42:10,29127681,52.51245333333333,13.32302,-85.34375,-56.61701965332031,11.041000008583069,40.38298034667969,True,-1304.7422158386664,-2062.9451333334755
2021-06-24 09:42:11,29127681,52.51252333333333,13.323113333333334,-89.285625,-56.921546936035156,7.106000018119812,40.078453063964844,True,-1314.3410567696667,-2062.388533333299
2021-06-24 09:42:12,29127681,52.51258,13.323216666666667,-91.24125,-57.16040802001953,3.532999985739589,39.83959197998047,True,-1323.6011150794723,-2061.8319333331224
2021-06-24 09:42:08,29127681,52.512328333333336,13.32286,-84.95,-56.087989807128906,10.504999990463256,40.912010192871094,True,-1284.8669687349989,-2064.243866666694
2021-06-24 09:42:09,29127681,52.51239,13.322935,-88.04125,-56.34876251220703,9.908000030517575,40.65123748779297,True,-1294.9175198271507,-2063.687266666517
2021-06-24 09:42:05,29127681,52.51218166666666,13.322596666666666,-85.41375,-55.66697692871094,13.87300003051758,41.33302307128906,True,-1253.9248226755954,-2066.6558000002656
2021-06-24 09:42:06,29127681,52.512225,13.322693333333332,-85.889375,-55.74065399169922,13.117000045776368,41.25934600830078,True,-1264.3141563890622,-2065.913666666433
2021-06-24 09:42:07,29127681,52.51227166666666,13.322781666666666,-85.061875,-55.87065887451172,9.580000009536745,41.12934112548828,True,-1274.5905625620906,-2064.8004666676616
2021-06-24 09:42:03,29127681,52.5121,13.322366666666667,-82.340625,-55.71165466308594,15.77899990081787,41.28834533691406,True,-1232.9203001683868,-2067.9545333334836
2021-06-24 09:42:04,29127681,52.512141666666665,13.322486666666666,-84.765625,-55.666038513183594,14.00500002861023,41.333961486816406,True,-1243.4225614220513,-2067.3979333333073
2021-06-24 09:42:00,29127681,52.51202166666667,13.321978333333334,-84.7,-56.31206512451172,10.453000018596647,40.68793487548828,True,-1201.8652265686655,-2069.9953999997438
2021-06-24 09:42:01,29127681,52.512033333333335,13.322108333333333,-82.524375,-56.02729034423828,14.221000022888184,40.97270965576172,True,-1212.2545602818916,-2069.624333334014
2021-06-24 09:42:02,29127681,52.51206166666667,13.32224,-83.578125,-55.825157165527344,14.799000034332275,41.174842834472656,True,-1222.6438939954787,-2068.882200000181
2021-06-24 09:41:58,29127681,52.51202,13.321723333333331,-85.378125,-56.952545166015625,8.905999991893768,40.047454833984375,True,-1181.3124142228492,-2070.1809333333995
2021-06-24 09:41:59,29127681,52.51201666666667,13.32185,-84.939375,-56.62165832519531,9.94699999332428,40.37834167480469,True,-1191.475892855319,-2069.9953999997438
2021-06-24 09:41:55,29127681,52.512075,13.32139,-83.8275,-57.90728759765625,10.125999999046323,39.09271240234375,True,-1151.1607609460327,-2069.067733333046
2021-06-24 09:41:56,29127681,52.51205,13.321493333333333,-82.91875,-57.60054016113281,7.518999981880188,39.39945983886719,True,-1161.0983844977463,-2069.624333334014
2021-06-24 09:41:57,29127681,52.512031666666665,13.321601666666666,-84.423125,-57.28858184814453,7.114999969005584,39.71141815185547,True,-1171.2618631303362,-2070.1809333333995
2021-06-24 09:41:53,29127681,52.51214,13.321201666666669,-87.823125,-58.48301696777344,8.61200002193451,38.51698303222656,True,-1132.0760066247115,-2067.212399999651
2021-06-24 09:41:54,29127681,52.512105,13.321291666666667,-86.065,-58.20367431640625,7.232000026702881,38.79632568359375,True,-1141.448992474835,-2068.3256000000047
2021-06-24 09:41:50,29127681,52.512283333333336,13.320963333333331,-89.90943877551021,-59.28617858886719,7.656122477687135,37.71382141113281,True,-1105.8768172607092,-2061.8319333331224
2021-06-24 09:41:51,29127681,52.51224166666667,13.321046666666666,-88.788125,-59.03441619873047,9.758999996185302,37.96558380126953,True,-1114.23345524761,-2063.872800000173
2021-06-24 09:41:52,29127681,52.512185,13.32112,-87.995,-58.75843811035156,8.184999997615813,38.24156188964844,True,-1123.0418033957824,-2065.728133333568
2021-06-24 09:41:46,29127681,52.51240666666666,13.320585,-94.94125,-60.205116271972656,-0.8139999973028899,36.794883728027344,True,-1077.5320046297027,-2051.998666666762
2021-06-24 09:41:49,29127681,52.512325,13.320875,-92.50940860215054,-59.53857421875,1.1989247284589275,37.46142578125,True,-1098.1977445160776,-2059.7910666676535
2021-06-24 09:41:40,29127681,52.512395,13.320071666666667,-91.73875,-61.015411376953125,6.528000025749207,35.984588623046875,True,-1065.3358302705465,-2026.5806000002008
2021-06-24 09:41:41,29127681,52.51240166666667,13.320131666666668,-89.448125,-60.93128967285156,8.367999966144561,36.06871032714844,True,-1064.884120109154,-2030.8478666663764
2021-06-24 09:41:42,29127681,52.51240833333333,13.320211666666667,-86.8025,-60.81524658203125,9.516999964714053,36.18475341796875,True,-1064.6582650283976,-2035.8572666663845
2021-06-24 09:41:43,29127681,52.512415,13.320303333333332,-91.005625,-60.680015563964844,3.033999993354082,36.319984436035156,True,-1065.5616853511822,-2040.8666666663926
2021-06-24 09:41:44,29127681,52.51241666666667,13.3204,-93.77125,-60.52714538574219,-0.4920000131428241,36.47285461425781,True,-1068.0460912392612,-2045.319466666224
2021-06-24 09:41:45,29127681,52.51241666666667,13.320491666666667,-95.1475,-60.37788391113281,-2.064999990388751,36.62211608886719,True,-1072.111482692273,-2049.0301333330135
2021-06-24 09:41:29,29127681,52.512391666666666,13.319983333333331,-94.101875,-61.14844512939453,2.5179999950528145,35.85155487060547,True,-1061.1575112772164,-2002.2757333339928
2021-06-24 09:41:30,29127681,52.512391666666666,13.319983333333331,-94.033125,-61.14844512939453,2.285000000968576,35.85155487060547,True,-1062.8514243824675,-2005.9863999999916
2021-06-24 09:41:31,29127681,52.512391666666666,13.319983333333331,-93.975,-61.14844512939453,2.908000003099441,35.85155487060547,True,-1064.0936273265672,-2009.1404666666049
2021-06-24 09:41:32,29127681,52.512391666666666,13.319983333333331,-93.974375,-61.14844512939453,2.780999999940396,35.85155487060547,True,-1065.10997518979,-2011.5524000001765
2021-06-24 09:41:33,29127681,52.512391666666666,13.319983333333331,-94.095,-61.14844512939453,2.614000016599894,35.85155487060547,True,-1065.9004679722566,-2013.964333332957
2021-06-24 09:41:34,29127681,52.512391666666666,13.319983333333331,-94.110625,-61.14844512939453,2.498000011369586,35.85155487060547,True,-1066.3521781338895,-2015.4485999998312
2021-06-24 09:41:35,29127681,52.512391666666666,13.319983333333331,-94.09125,-61.14844512939453,2.717999995648861,35.85155487060547,True,-1066.1263230532536,-2015.819666666352
2021-06-24 09:41:36,29127681,52.512391666666666,13.319983333333331,-94.1525,-61.14844512939453,2.5030000004172326,35.85155487060547,True,-1066.0133955126948,-2016.1907333336637
2021-06-24 09:41:37,29127681,52.512391666666666,13.319983333333331,-94.600625,-61.14844512939453,1.2109999963641167,35.85155487060547,True,-1065.5616853511822,-2017.674999999747
2021-06-24 09:41:38,29127681,52.512391666666666,13.319985,-91.43125,-61.145851135253906,4.561999992132187,35.854148864746094,True,-1065.4487578109847,-2019.5303333331417
2021-06-24 09:41:39,29127681,52.512393333333335,13.320016666666668,-91.04625,-61.09900665283203,6.873999987840652,35.90099334716797,True,-1065.5616853511822,-2022.498866667681
2021-06-24 09:41:25,29127681,52.512391666666666,13.319983333333331,-94.04875,-61.14844512939453,2.582999995723367,35.85155487060547,True,-1052.3491631289235,-1977.785333333338
2021-06-24 09:41:26,29127681,52.512391666666666,13.319983333333331,-94.07125,-61.14844512939453,2.346999991461635,35.85155487060547,True,-1054.833569016882,-1985.5777333334386
2021-06-24 09:41:27,29127681,52.512391666666666,13.319983333333331,-94.12875,-61.14844512939453,1.7889999966323376,35.85155487060547,True,-1057.092119824084,-1992.2569333339766
2021-06-24 09:41:28,29127681,52.512391666666666,13.319983333333331,-94.1175,-61.14844512939453,2.369999987781048,35.85155487060547,True,-1059.3506706314065,-1997.6373999997145
2021-06-24 09:41:22,29127681,52.512391666666666,13.319983333333331,-94.02,-61.14844512939453,2.0060000003129246,35.85155487060547,True,-1043.7666700613868,-1951.4396000000793
2021-06-24 09:41:23,29127681,52.512391666666666,13.319983333333331,-93.96625,-61.14844512939453,2.426999998912215,35.85155487060547,True,-1046.9286411913736,-1960.530733333398
2021-06-24 09:41:24,29127681,52.512391666666666,13.319983333333331,-94.005,-61.14844512939453,2.3809999995678663,35.85155487060547,True,-1049.7518297005267,-1969.2508000001958
2021-06-24 09:41:20,29127681,52.512391666666666,13.319983333333331,-94.094375,-61.14844512939453,2.022999994084239,35.85155487060547,True,-1038.3461481240777,-1933.8139333336185
2021-06-24 09:41:21,29127681,52.512391666666666,13.319983333333331,-93.99125,-61.14844512939453,2.4079999958723786,35.85155487060547,True,-1041.16933663299,-1942.5339999996254
2021-06-24 09:41:17,29127681,52.512391666666666,13.319983333333331,-94.141875,-61.14844512939453,2.29099999666214,35.85155487060547,True,-1029.7636550564207,-1906.3550000000064
2021-06-24 09:41:18,29127681,52.512391666666666,13.319983333333331,-94.11875,-61.14844512939453,2.2839999987185,35.85155487060547,True,-1032.6997711058916,-1915.8171999998458
2021-06-24 09:41:19,29127681,52.512391666666666,13.319983333333331,-94.091875,-61.14844512939453,2.463999995738268,35.85155487060547,True,-1035.5229596149245,-1924.9083333339556
2021-06-24 09:41:16,29127681,52.512391666666666,13.319983333333331,-94.10125,-61.14844512939453,2.62599999666214,35.85155487060547,True,-1026.9404665473878,-1896.521733333646
2021-06-24 09:41:14,29127681,52.512391666666666,13.319983333333331,-94.034375,-61.14844512939453,0.862000001296401,35.85155487060547,True,-1020.5035967467354,-1876.8552000001343
2021-06-24 09:41:15,29127681,52.512391666666666,13.319983333333331,-94.03875,-61.14844512939453,2.0999999970942738,35.85155487060547,True,-1023.7784954171605,-1886.8740000001505
2021-06-24 09:41:12,29127681,52.512391666666666,13.319985,-94.026875,-61.145851135253906,2.1689999916404488,35.854148864746094,True,-1014.7442921881112,-1857.0031333329669
2021-06-24 09:41:13,29127681,52.512391666666666,13.319983333333331,-94.05125,-61.14844512939453,2.545000000745058,35.85155487060547,True,-1017.6804082377027,-1866.8364000001181
2021-06-24 09:41:09,29127681,52.512391666666666,13.319985,-94.0875,-61.145851135253906,1.665000000447035,35.854148864746094,True,-1005.7100889591824,-1828.0599333332716
2021-06-24 09:41:10,29127681,52.512391666666666,13.319985,-94.091875,-61.145851135253906,1.2669999983161688,35.854148864746094,True,-1008.4203499278972,-1837.7076666667672
2021-06-24 09:41:11,29127681,52.512391666666666,13.319985,-94.078125,-61.145851135253906,1.951000000685453,35.854148864746094,True,-1011.4693935176863,-1847.3554000002625
2021-06-24 09:41:07,29127681,52.512391666666666,13.319985,-94.095625,-61.145851135253906,2.361000005826354,35.854148864746094,True,-1000.0637119412372,-1809.1355333335925
2021-06-24 09:41:08,29127681,52.512391666666666,13.319985,-94.0825,-61.145851135253906,2.335999997407198,35.854148864746094,True,-1002.8869004500292,-1818.783266666297
2021-06-24 09:41:04,29127681,52.512393333333335,13.319985,-94.129375,-61.14830780029297,1.857999996095896,35.85169219970703,True,-992.1587841157288,-1779.4502000000648
2021-06-24 09:41:05,29127681,52.512393333333335,13.319985,-94.085,-61.14830780029297,2.041999999657273,35.85169219970703,True,-994.5302624633694,-1789.469000000081
2021-06-24 09:41:06,29127681,52.512393333333335,13.319985,-94.055,-61.14830780029297,1.862000009417534,35.85169219970703,True,-997.2405234320842,-1799.4878000000972
2021-06-24 09:41:02,29127681,52.51239,13.319978333333331,-93.375625,-61.15376281738281,2.680999990925193,35.84623718261719,True,-986.9641172589353,-1759.5981333328973
2021-06-24 09:41:03,29127681,52.512393333333335,13.319985,-94.139375,-61.14830780029297,2.0149999964237213,35.85169219970703,True,-989.6743782276501,-1769.4314000000486
2021-06-24 09:41:01,29127681,52.51238333333333,13.319951666666666,-90.633125,-61.18548583984375,5.327000014781952,35.81451416015625,True,-984.0280012097048,-1749.950400000193
2021-06-24 09:42:47,26357760,52.51300666666667,13.328663333333331,-97.47139830508476,-56.26325988769531,-1.925423738183612,40.73674011230469,True,-1530.145586402061,-2091.5172666666504
2021-06-24 09:42:46,26357760,52.513,13.328533333333333,-92.44675925925924,-56.59309387207031,0.4592592376801703,40.40690612792969,True,-1524.1604267630416,-2084.6525333340383
2021-06-24 09:43:22,26367489,52.51319333333333,13.3321,-90.55125,-62.16602325439453,1.2910000102967023,34.83397674560547,True,-1756.0006671267279,-1878.5249999998734
2021-06-24 09:43:23,26367489,52.51320333333334,13.332275,-89.50502873563218,-62.37506103515625,5.12643674529832,34.62493896484375,True,-1763.792667411918,-1869.4338666665546
2021-06-24 09:43:19,26367489,52.51316,13.331578333333333,-87.059375,-61.54419708251953,10.965999960899351,35.45580291748047,True,-1732.3988111911224,-1906.540533333662
2021-06-24 09:43:20,26367489,52.513171666666665,13.33175,-87.4925,-61.74774932861328,8.425000040978194,35.25225067138672,True,-1740.3037390166307,-1897.0783333330317
2021-06-24 09:43:21,26367489,52.51318333333333,13.331923333333334,-91.61375,-61.95367431640625,6.299999999552965,35.04632568359375,True,-1748.2086668418983,-1887.6161333339833
2021-06-24 09:43:15,26367489,52.51312333333333,13.330923333333333,-86.035625,-60.764556884765625,12.343000009059908,36.235443115234375,True,-1700.7790998896905,-1944.945933333988
2021-06-24 09:43:16,26367489,52.51313,13.33108,-86.83375,-60.95265197753906,12.175000023841855,36.04734802246094,True,-1708.6840277150789,-1935.2981999997016
2021-06-24 09:43:17,26367489,52.51314,13.331243333333331,-89.95125,-61.14452362060547,10.386999995708466,35.85547637939453,True,-1716.5889555403464,-1925.835999999862
2021-06-24 09:43:18,26367489,52.51315,13.33141,-89.531875,-61.342681884765625,9.92899996995926,35.657318115234375,True,-1724.493883365614,-1916.1882666663666
2021-06-24 09:43:12,26367489,52.513108333333335,13.330465,-96.211875,-60.220855712890625,7.867000012397766,36.779144287109375,True,-1677.1772439539652,-1973.1469999998508
2021-06-24 09:43:13,26367489,52.51311166666667,13.33062,-92.27,-60.40553283691406,9.605000007152558,36.59446716308594,True,-1685.0821717792328,-1963.870333333667
2021-06-24 09:43:14,26367489,52.51311666666667,13.330771666666667,-90.19125,-60.585472106933594,12.469000043869018,36.414527893066406,True,-1692.9870996046207,-1954.4081333330364
2021-06-24 09:43:10,26367489,52.51309833333333,13.33018,-97.5275,-59.905128479003906,5.424000010490418,37.094871520996094,True,-1661.9320260050197,-1991.700333333009
2021-06-24 09:43:11,26367489,52.51310333333333,13.330318333333333,-97.755,-60.05537414550781,6.415999987721444,36.94462585449219,True,-1669.4981712093333,-1982.4236666668253
2021-06-24 09:44:43,33802242,52.51370166666667,13.339475,-94.42125,-60.28095245361328,3.9940000059455634,36.71904754638672,True,-2511.0342019896743,-1391.1289333330046
2021-06-24 09:44:44,33802242,52.513713333333335,13.339646666666669,-93.45811170212764,-60.597450256347656,5.476595737991181,36.402549743652344,True,-2524.6984343735658,-1384.6352666677044
2021-06-24 09:44:41,33802242,52.51367833333333,13.339155,-93.841875,-59.656890869140625,6.726000013649464,37.343109130859375,True,-2482.1247516569574,-1403.3741333329365
2021-06-24 09:44:42,33802242,52.51369,13.339311666666667,-95.5225,-59.96821594238281,6.191000047475099,37.03178405761719,True,-2496.8053319041924,-1397.622599999887
2021-06-24 09:44:39,33802242,52.51366,13.338851666666669,-93.288125,-59.03156280517578,7.391999990940094,37.96843719482422,True,-2451.5213882187486,-1412.2797333333904
2021-06-24 09:44:40,33802242,52.513668333333335,13.339003333333334,-92.774375,-59.34814453125,8.104000010490417,37.65185546875,True,-2466.99246124833,-1408.3835333329446
2021-06-24 09:44:38,33802242,52.51365333333333,13.338703333333331,-94.61,-58.71565246582031,9.054000033140182,38.28434753417969,True,-2435.824460108411,-1415.6193333336594
2021-06-24 09:44:36,33802242,52.513648333333336,13.338416666666667,-93.726875,-58.098304748535156,10.37399998664856,38.901695251464844,True,-2403.6401111050286,-1419.1444666667935
2021-06-24 09:44:37,33802242,52.51365,13.33856,-94.569375,-58.408729553222656,9.094000029563905,38.591270446777344,True,-2419.788749376879,-1417.845733333575
2021-06-24 09:44:35,33802242,52.513641666666665,13.33827,-94.106875,-57.75994873046875,10.388999962806702,39.24005126953125,True,-2387.37854529286,-1420.072133333491
2021-06-24 09:44:33,33802242,52.513625,13.337988333333334,-93.2325,-57.072410583496094,11.736000032424927,39.927589416503906,True,-2354.064920886057,-1421.1853333330532
2021-06-24 09:44:34,33802242,52.513635,13.338125,-91.669375,-57.41680908203125,11.071000003814698,39.58319091796875,True,-2370.7781968596178,-1420.6287333336675
2021-06-24 09:44:32,33802242,52.51361833333333,13.337863333333331,-91.034375,-56.75965881347656,12.981000022888184,40.24034118652344,True,-2337.803355073768,-1422.1129999997506
2021-06-24 09:44:30,33802242,52.513603333333336,13.337643333333334,-87.596875,-56.18439483642578,13.788999948501589,40.81560516357422,True,-2305.8448611511417,-1426.0092000001964
2021-06-24 09:44:31,33802242,52.51361,13.33775,-89.93125,-56.46277618408203,12.64800006389618,40.53722381591797,True,-2321.6547168020384,-1423.7828000002808
2021-06-24 09:44:28,33802242,52.513595,13.337478333333332,-83.9725,-55.75958251953125,16.148999948501586,41.24041748046875,True,-2275.3544252533716,-1433.2450000001202
2021-06-24 09:44:29,33802242,52.51359833333333,13.33755,-86.375,-55.94258117675781,14.82000002861023,41.05741882324219,True,-2290.373788121681,-1428.9777333339448
2021-06-24 09:44:27,33802242,52.51359333333333,13.33743,-82.141875,-55.63922119140625,15.951999950408936,41.36077880859375,True,-2260.560917465939,-1437.8833333336074
2021-06-24 09:44:25,33802242,52.51359,13.337388333333331,-82.255,-55.52611541748047,14.91000006198883,41.47388458251953,True,-2232.780742536763,-1448.8298000003213
2021-06-24 09:44:26,33802242,52.51359166666667,13.337396666666669,-82.850625,-55.55390167236328,14.346000032424929,41.44609832763672,True,-2246.3320473803365,-1443.0782666664804
2021-06-24 09:44:23,33802242,52.51359,13.337388333333331,-80.886875,-55.52611541748047,19.445999994277955,41.47388458251953,True,-2206.6944807130785,-1462.5592666663363
2021-06-24 09:44:24,33802242,52.51359,13.337388333333331,-81.0875,-55.52611541748047,17.12199993133545,41.47388458251953,True,-2219.568220314384,-1455.3234666664125
2021-06-24 09:44:21,33802242,52.51359,13.337388333333331,-80.88304455445545,-55.52611541748047,20.574257369088656,41.47388458251953,True,-2183.205552317671,-1477.4019333334957
2021-06-24 09:44:22,33802242,52.51359,13.337388333333331,-80.991875,-55.52611541748047,19.78800001144409,41.47388458251953,True,-2194.3853788134843,-1469.79506666626
2021-06-24 09:44:18,33802242,52.51359,13.337388333333331,-80.9175,-55.52611541748047,20.627000102996828,41.47388458251953,True,-2151.9246236373137,-1500.0369999999646
2021-06-24 09:44:19,33802242,52.51359,13.337388333333331,-80.9225,-55.52611541748047,18.912999930381776,41.47388458251953,True,-2162.31395735066,-1492.0590666669991
2021-06-24 09:44:20,33802242,52.51359,13.337388333333331,-80.95896464646465,-55.52611541748047,19.728282755071465,41.47388458251953,True,-2172.590363523809,-1484.6377333334194
2021-06-24 09:44:16,33802242,52.51359,13.337388333333331,-80.86,-55.52611541748047,19.47599994659424,41.47388458251953,True,-2132.5010866950383,-1517.4771333335605
2021-06-24 09:44:17,33802242,52.51359,13.337388333333331,-80.919375,-55.52611541748047,20.08899996757508,41.47388458251953,True,-2141.8740725450416,-1508.5715333331066
2021-06-24 09:44:13,33802242,52.51359,13.337388333333331,-81.03217821782178,-55.52611541748047,20.05940590282478,41.47388458251953,True,-2106.7536074924287,-1542.1530666662893
2021-06-24 09:44:14,33802242,52.51359,13.337388333333331,-80.914375,-55.52611541748047,19.88900003433228,41.47388458251953,True,-2115.1102454790885,-1534.3606666669798
2021-06-24 09:44:15,33802242,52.51359,13.337388333333331,-80.915,-55.52611541748047,20.155999889373778,41.47388458251953,True,-2123.692738546745,-1526.1971999995674
2021-06-24 09:44:10,33802242,52.51359,13.337388333333331,-81.084375,-55.52611541748047,19.879000072479247,41.47388458251953,True,-2081.0061282898187,-1566.2723999996322
2021-06-24 09:44:11,33802242,52.51359,13.337388333333331,-81.04292929292929,-55.52611541748047,13.694949492059571,41.47388458251953,True,-2089.701548897553,-1557.923400000146
2021-06-24 09:44:12,33802242,52.51359,13.337388333333331,-81.10375,-55.52611541748047,18.71099989891052,41.47388458251953,True,-2098.28404196521,-1550.1310000000456
2021-06-24 09:44:07,33802242,52.51359,13.337388333333331,-80.93375,-55.52611541748047,19.835999965667725,41.47388458251953,True,-2054.3552287643042,-1592.0615333335054
2021-06-24 09:44:08,33802242,52.51359,13.337388333333331,-81.05492424242425,-55.52611541748047,19.16363623647979,41.47388458251953,True,-2063.2765044529147,-1583.5269999995721
2021-06-24 09:44:09,33802242,52.51359,13.337388333333331,-81.00804455445545,-55.52611541748047,18.73069308063772,41.47388458251953,True,-2072.1977801415255,-1574.8069333335652
2021-06-24 09:44:04,33802242,52.51359166666667,13.337385,-80.9275,-55.527130126953125,19.497999925613403,41.472869873046875,True,-2028.4948220212557,-1616.737466666234
2021-06-24 09:44:05,33802242,52.51359166666667,13.337388333333331,-80.976875,-55.53478240966797,19.531000022888183,41.46521759033203,True,-2036.851460008036,-1608.9450666677155
2021-06-24 09:44:06,33802242,52.51359,13.337388333333331,-80.88923267326733,-55.52611541748047,19.436633700191383,41.47388458251953,True,-2045.4339530755726,-1600.5960666666474
2021-06-24 09:44:01,33802242,52.513596666666665,13.337376666666668,-80.449375,-55.53422546386719,19.84000010490417,41.46577453613281,True,-2005.7963864084352,-1638.2593333331406
2021-06-24 09:44:02,33802242,52.513596666666665,13.337385,-81.000625,-55.55316162109375,19.330000009536743,41.44683837890625,True,-2013.0237489916744,-1631.3945999997375
2021-06-24 09:44:03,33802242,52.513595,13.337385,-81.003125,-55.54449462890625,19.13000015258789,41.45550537109375,True,-2020.5898941958676,-1624.1587999998137
2021-06-24 09:43:57,33802242,52.51359333333333,13.337296666666669,-79.75375,-55.3365478515625,19.22099992752075,41.6634521484375,True,-1980.6135449076558,-1662.0075999999628
2021-06-24 09:43:58,33802242,52.51359333333333,13.337323333333334,-79.523125,-55.39613342285156,20.26599997520447,41.60386657714844,True,-1986.5987045467957,-1656.441599999778
2021-06-24 09:43:59,33802242,52.513595,13.337346666666669,-80.101875,-55.45757293701172,20.45899995803833,41.54242706298828,True,-1992.696791726374,-1650.8755999995933
2021-06-24 09:44:00,33802242,52.513596666666665,13.337363333333334,-80.37875,-55.50403594970703,19.538999972343444,41.49596405029297,True,-1998.90780644627,-1644.753000000023
2021-06-24 09:43:52,33802242,52.513556666666666,13.336933333333333,-77.493125,-54.35057067871094,20.08800002098084,42.64942932128906,True,-1950.0101814695672,-1689.6520666664399
2021-06-24 09:43:53,33802242,52.513565,13.337031666666666,-77.584375,-54.59929656982422,19.75599999427796,42.40070343017578,True,-1955.769486027951,-1683.7149999997341
2021-06-24 09:43:54,33802242,52.513576666666665,13.337121666666668,-77.39875,-54.85942077636719,20.418000011444093,42.14057922363281,True,-1961.7546456670907,-1677.9634666666846
2021-06-24 09:43:55,33802242,52.513585,13.3372,-78.880625,-55.076904296875,20.25600004196167,41.923095703125,True,-1968.0785879274251,-1672.7685333330205
2021-06-24 09:43:56,33802242,52.51359,13.337256666666669,-79.75375,-55.22943115234375,19.230999956130983,41.77056884765625,True,-1974.5154577280775,-1667.5736000001475
2021-06-24 09:43:48,33802242,52.513525,13.336513333333333,-74.4825,-53.501220703125,23.079000005722047,43.498779296875,True,-1927.6505284778211,-1709.8752000001282
2021-06-24 09:43:49,33802242,52.513531666666665,13.336625,-75.7925,-53.67369079589844,21.259000034332274,43.32630920410156,True,-1933.296905495766,-1704.86580000012
2021-06-24 09:43:50,33802242,52.51353833333334,13.336728333333332,-77.283125,-53.866798400878906,20.082000017166138,43.133201599121094,True,-1938.8303549735135,-1699.856400000112
2021-06-24 09:43:51,33802242,52.51354833333333,13.33683,-76.68875,-54.105079650878906,21.079000024795533,42.894920349121094,True,-1944.363804451261,-1694.847000000104
2021-06-24 09:43:44,33802242,52.51345,13.335973333333332,-80.713125,-52.89738464355469,16.625000009536745,44.10261535644531,True,-1902.693542057437,-1731.7681333335554
2021-06-24 09:43:45,33802242,52.51347333333333,13.336121666666669,-72.499375,-52.97374725341797,22.57499994277954,44.02625274658203,True,-1909.4691944792842,-1725.83106666685
2021-06-24 09:43:46,33802242,52.51349333333334,13.33626,-75.205,-53.11213684082031,21.28899991989136,43.88786315917969,True,-1915.793136739739,-1720.265066666665
2021-06-24 09:43:47,33802242,52.513513333333336,13.336391666666668,-75.990625,-53.31895446777344,21.45800006866455,43.68104553222656,True,-1921.8912239193173,-1715.0701333330012
2021-06-24 09:43:40,33802242,52.51339,13.335313333333334,-81.986875,-53.94340515136719,18.99099994659424,43.05659484863281,True,-1879.20461366227,-1752.5478666666295
2021-06-24 09:43:41,33802242,52.51340166666667,13.335486666666666,-84.48143564356435,-53.517364501953125,17.041584175412016,43.482635498046875,True,-1884.399280518823,-1747.909533333142
2021-06-24 09:43:42,33802242,52.513415,13.335656666666669,-88.3794191919192,-53.17854309082031,13.6818182034926,43.82145690917969,True,-1889.7068749160549,-1742.900133333134
2021-06-24 09:43:43,33802242,52.51343166666667,13.335818333333334,-86.445625,-52.974464416503906,14.51600001335144,44.025535583496094,True,-1895.6920345550743,-1737.705200000261
2021-06-24 09:43:36,33802242,52.51335,13.334633333333333,-77.286875,-55.873046875,23.723000049591064,41.126953125,True,-1856.1673954282546,-1772.399933333006
2021-06-24 09:43:37,33802242,52.51335666666667,13.334803333333332,-78.760625,-55.372657775878906,21.6460000038147,41.627342224121094,True,-1862.604265228907,-1766.833933333612
2021-06-24 09:43:38,33802242,52.51336666666667,13.334971666666666,-81.054375,-54.88483428955078,19.867999992370606,42.11516571044922,True,-1868.476497327729,-1762.010066666469
2021-06-24 09:43:39,33802242,52.513376666666666,13.335141666666669,-83.434375,-54.39674377441406,17.223000016212463,42.60325622558594,True,-1874.0099468055969,-1757.3717333329816
2021-06-24 09:43:32,33802242,52.513313333333336,13.333931666666668,-80.75,-57.75213623046875,22.91200002670288,39.24786376953125,True,-1828.6130755798351,-1797.4469333330464
2021-06-24 09:43:33,33802242,52.513325,13.33411,-78.960625,-57.306610107421875,23.302000045776367,39.693389892578125,True,-1835.6145830821977,-1790.953266667746
2021-06-24 09:43:34,33802242,52.513335,13.334285,-78.729375,-56.84892272949219,24.001000022888185,40.15107727050781,True,-1842.5031630444832,-1784.6451333329378
2021-06-24 09:43:35,33802242,52.51334333333333,13.334461666666666,-77.69375,-56.3646240234375,23.52700002670288,40.6353759765625,True,-1849.3917430065278,-1778.3369999997115
2021-06-24 09:43:28,33802242,52.513265,13.333188333333334,-81.21125,-59.42704772949219,20.24700005531311,37.57295227050781,True,-1800.2682629489486,-1826.3901333335325
2021-06-24 09:43:29,33802242,52.51327666666667,13.333375,-81.67375,-59.032203674316406,21.143000068664552,37.967796325683594,True,-1807.2697704514317,-1818.4121999997762
2021-06-24 09:43:30,33802242,52.51329,13.333563333333334,-80.485625,-58.61863708496094,22.83500008583069,38.38136291503906,True,-1814.384205494233,-1811.1763999998525
2021-06-24 09:43:31,33802242,52.51330166666666,13.33375,-80.211875,-58.188438415527344,23.894999961853028,38.811561584472656,True,-1821.611568077352,-1804.1261333335844
2021-06-24 09:43:25,33802242,52.51322666666667,13.332635,-81.31875,-60.50303649902344,18.36999998569489,36.49696350097656,True,-1778.6991027395484,-1851.622666666438
2021-06-24 09:43:26,33802242,52.51324,13.332818333333334,-81.616875,-60.16101837158203,19.004000034332275,36.83898162841797,True,-1785.9264653229081,-1842.9025999996402
2021-06-24 09:43:27,33802242,52.51325166666667,13.333003333333334,-80.970625,-59.80055236816406,20.46299994468689,37.19944763183594,True,-1793.0409003657091,-1834.553600000154
2021-06-24 09:43:24,33802242,52.513215,13.332453333333332,-83.344375,-60.830726623535156,15.831000032424926,36.169273376464844,True,-1771.2458850757937,-1860.342733334027
2021-06-24 09:45:18,33802241,52.51415333333333,13.345518333333333,-99.311875,-59.9793701171875,8.567000028789044,37.0206298828125,True,-2827.683025165865,-942.6948666666383
2021-06-24 09:45:19,33802241,52.514165,13.345675,-100.199375,-60.29285430908203,8.725999985039234,36.70714569091797,True,-2832.5389094013435,-933.7892666669754
2021-06-24 09:45:20,33802241,52.51417666666666,13.34583,-102.02375,-60.5916748046875,6.670999992489815,36.4083251953125,True,-2836.1525906929633,-925.0692000001775
2021-06-24 09:45:21,33802241,52.51418666666667,13.345988333333333,-103.28625,-60.88624572753906,5.36000000923872,36.11375427246094,True,-2838.8628516616777,-917.091266666421
2021-06-24 09:45:22,33802241,52.51419833333333,13.346151666666668,-102.885,-61.17882537841797,5.46300000809133,35.82117462158203,True,-2841.1214024688798,-909.2988666663206
2021-06-24 09:45:23,33802241,52.51421,13.346316666666668,-103.2975,-61.464073181152344,4.46599999576807,35.535926818847656,True,-2844.960938841256,-902.2486000000526
2021-06-24 09:45:14,33802241,52.51411,13.344895,-94.20125,-58.59223175048828,12.363000003099442,38.40776824951172,True,-2806.339720037341,-981.4713333334848
2021-06-24 09:45:15,33802241,52.51412166666667,13.345056666666666,-95.839375,-58.97564697265625,11.248000028133392,38.02435302734375,True,-2811.9860970552863,-971.0814666677388
2021-06-24 09:45:16,33802241,52.51413166666666,13.345211666666668,-97.35875,-59.32719421386719,9.914000008106232,37.67280578613281,True,-2817.4066189927157,-961.6192666663173
2021-06-24 09:45:17,33802241,52.51414333333334,13.345365,-98.5625,-59.659507751464844,9.112000037431716,37.340492248535156,True,-2822.6012858495096,-951.9715333336128
2021-06-24 09:45:10,33802241,52.51406333333333,13.344223333333334,-91.006875,-56.76597595214844,16.074000062942506,40.23402404785156,True,-2777.2044146238677,-1027.2980666665992
2021-06-24 09:45:11,33802241,52.514075,13.344395,-92.044375,-57.273712158203125,14.533000048995016,39.726287841796875,True,-2785.44812507033,-1014.8673333330114
2021-06-24 09:45:12,33802241,52.51408833333333,13.344565,-88.76875,-57.745216369628906,19.290999965667723,39.254783630371094,True,-2793.127197814962,-1003.3642666677031
2021-06-24 09:45:13,33802241,52.51409833333334,13.34473,-92.714375,-58.180755615234375,15.575000076293945,38.819244384765625,True,-2799.9028502366887,-992.4178000001984
2021-06-24 09:45:08,33802241,52.51403833333333,13.343861666666667,-88.423125,-55.584495544433594,16.423000030517578,41.415504455566406,True,-2758.571370464059,-1052.5306000002956
2021-06-24 09:45:09,33802241,52.51405166666667,13.344045,-90.58375,-56.202537536621094,15.668999996185304,40.797462463378906,True,-2768.1702113948186,-1039.914333333052
2021-06-24 09:45:05,33802241,52.51401166666667,13.34328,-86.434375,-53.25270080566406,18.472999897003174,43.74729919433594,True,-2730.904123075201,-1096.873066666536
2021-06-24 09:45:06,33802241,52.51402,13.343478333333334,-87.27,-54.11225128173828,17.34899995803833,42.88774871826172,True,-2739.599543683176,-1080.9171999998143
2021-06-24 09:45:07,33802241,52.51403,13.343673333333331,-88.240625,-54.88842010498047,16.675999927520753,42.11157989501953,True,-2748.859601992982,-1066.0745333334457
2021-06-24 09:45:01,33802241,52.513963333333336,13.342531666666666,-83.455625,-49.97185516357422,18.96099998474121,47.02814483642578,True,-2702.220527823241,-1161.2531333335996
2021-06-24 09:45:02,33802241,52.51397833333333,13.342706666666666,-84.161875,-50.621559143066406,18.42300001144409,46.378440856933594,True,-2707.7539773009885,-1144.5551333330454
2021-06-24 09:45:03,33802241,52.51399,13.342891666666668,-84.74375,-51.456146240234375,18.299000005722046,45.543853759765625,True,-2713.964992021005,-1127.671599999626
2021-06-24 09:45:04,33802241,52.514001666666665,13.343081666666668,-86.11125,-52.34257507324219,17.775000009536743,44.65742492675781,True,-2721.8699198462723,-1111.9012666665603
2021-06-24 09:44:56,33802241,52.51386166666666,13.341721666666666,-83.238125,-50.6591796875,19.40800000190735,46.3408203125,True,-2683.7004112037494,-1258.4726000000135
2021-06-24 09:44:57,33802241,52.51387833333333,13.341881666666666,-85.025625,-50.137168884277344,18.44199990272521,46.862831115722656,True,-2684.1521213652627,-1228.6017333336208
2021-06-24 09:44:58,33802241,52.5139,13.34204,-83.279375,-49.721595764160156,19.710000009536746,47.278404235839844,True,-2689.6855708430103,-1213.5735333335965
2021-06-24 09:44:59,33802241,52.51392333333333,13.3422,-79.510625,-49.50572967529297,21.651999950408936,47.49427032470703,True,-2692.8475419731167,-1196.6900000001772
2021-06-24 09:45:00,33802241,52.513945,13.342363333333331,-81.89375,-49.58159637451172,19.99499991416932,47.41840362548828,True,-2697.0258609666876,-1179.2498666665813
2021-06-24 09:44:54,33802241,52.51383666666667,13.341393333333333,-83.44625,-51.938079833984375,18.992999954223635,45.061920166015625,True,-2654.4521782499587,-1309.4942666667919
2021-06-24 09:44:55,33802241,52.513848333333335,13.34156,-83.208125,-51.263916015625,18.37399991989136,45.736083984375,True,-2669.1327584970736,-1282.9629999998772
2021-06-24 09:44:52,33802241,52.51381333333333,13.341055,-84.179375,-53.359153747558594,18.524000024795534,43.640846252441406,True,-2628.02713380508,-1328.7897333329918
2021-06-24 09:44:53,33802241,52.513825,13.341226666666667,-82.81,-52.640960693359375,17.349999990463257,44.359039306640625,True,-2641.1267284871415,-1319.513066666808
2021-06-24 09:44:50,33802241,52.51378833333333,13.340706666666666,-84.971875,-54.74097442626953,16.976999988555907,42.25902557373047,True,-2602.166727062272,-1344.7455999997135
2021-06-24 09:44:51,33802241,52.5138,13.340881666666666,-84.988125,-54.0692138671875,16.977999954223634,42.9307861328125,True,-2615.0404666635773,-1337.1387333332689
2021-06-24 09:44:48,33802241,52.51376166666667,13.34036,-85.905625,-55.97068786621094,13.210000038146973,41.02931213378906,True,-2576.53217539974,-1359.0316666666963
2021-06-24 09:44:49,33802241,52.513775,13.340533333333331,-84.805625,-55.37565612792969,15.901000003814698,41.62434387207031,True,-2589.405915001045,-1352.537999999814
2021-06-24 09:44:46,33802241,52.513738333333336,13.340006666666667,-88.825,-57.06254577636719,11.145999982580545,39.93745422363281,True,-2550.897623737568,-1372.2045333333256
2021-06-24 09:44:47,33802241,52.51375,13.340183333333334,-86.65125,-56.533721923828125,13.805999960899353,40.466278076171875,True,-2563.8842908794322,-1365.7108666664433
2021-06-24 09:44:45,33802241,52.513725,13.339825,-89.040625,-57.57707214355469,12.26199994802475,39.42292785644531,True,-2538.0238841362634,-1378.512666666552
2021-06-24 09:45:57,30829824,52.514338333333335,13.34808,-84.776875,-46.688621520996094,23.25200002670288,50.311378479003906,True,-2925.2524200388743,-718.3850666666272
2021-06-24 09:45:58,30829824,52.514338333333335,13.34808,-84.463125,-46.688621520996094,23.556000022888185,50.311378479003906,True,-2927.0592606846844,-710.5926666665266
2021-06-24 09:45:59,30829824,52.514338333333335,13.34808,-84.519375,-46.688621520996094,23.551999969482424,50.311378479003906,True,-2928.6402462497376,-702.2436666662495
2021-06-24 09:46:00,30829824,52.514338333333335,13.34808,-84.45875,-46.688621520996094,24.06699993133545,50.311378479003906,True,-2930.2212318147913,-693.7091333331074
2021-06-24 09:46:01,30829824,52.514338333333335,13.34808,-84.42,-46.688621520996094,23.749999904632567,50.311378479003906,True,-2931.3505072184525,-685.3601333336212
2021-06-24 09:46:02,30829824,52.514338333333335,13.34808,-84.459375,-46.688621520996094,23.82599992752075,50.311378479003906,True,-2932.1410000010396,-677.3821999998648
2021-06-24 09:46:03,30829824,52.514338333333335,13.34808,-84.603125,-46.688621520996094,23.738999996185303,50.311378479003906,True,-2932.4797826222343,-669.7753333334202
2021-06-24 09:46:04,30829824,52.514338333333335,13.34808,-84.665625,-46.688621520996094,23.8270000076294,50.311378479003906,True,-2932.4797826222343,-662.1684666669756
2021-06-24 09:46:05,30829824,52.514338333333335,13.34808,-84.824375,-46.688621520996094,23.57199987411499,50.311378479003906,True,-2932.2539275412373,-654.1905333340103
2021-06-24 09:46:06,30829824,52.514338333333335,13.34808,-84.81,-46.688621520996094,23.801000022888186,50.311378479003906,True,-2931.576362299209,-645.6560000000773
2021-06-24 09:46:07,30829824,52.514338333333335,13.34808,-84.789375,-46.688621520996094,23.52600008010864,50.311378479003906,True,-2930.560014435986,-636.5648666667585
2021-06-24 09:46:08,30829824,52.514338333333335,13.34808,-84.805625,-46.688621520996094,23.861999969482422,50.311378479003906,True,-2929.430739032445,-627.6592666663046
2021-06-24 09:46:09,30829824,52.514338333333335,13.34808,-84.76875,-46.688621520996094,23.45599992752075,50.311378479003906,True,-2927.849753467271,-619.1247333339536
2021-06-24 09:46:10,30829824,52.514338333333335,13.34808,-84.668125,-46.688621520996094,23.438000049591064,50.311378479003906,True,-2926.155840361659,-610.2191333334997
2021-06-24 09:45:46,30829824,52.514338333333335,13.34808,-84.820625,-46.688621520996094,22.45100004196167,50.311378479003906,True,-2901.876419183905,-786.2902666668248
2021-06-24 09:45:47,30829824,52.514338333333335,13.34808,-84.75625,-46.688621520996094,23.396000022888185,50.311378479003906,True,-2904.134969990987,-781.2808666668167
2021-06-24 09:45:48,30829824,52.514338333333335,13.34808,-84.776875,-46.688621520996094,23.336000003814696,50.311378479003906,True,-2906.5064483386273,-775.7148666666319
2021-06-24 09:45:49,30829824,52.514338333333335,13.34808,-84.6325,-46.688621520996094,23.33800001144409,50.311378479003906,True,-2908.9908542267062,-769.9633333335822
2021-06-24 09:45:50,30829824,52.514338333333335,13.34808,-84.690625,-46.688621520996094,23.611999988555908,50.311378479003906,True,-2911.5881876551025,-763.8407333340117
2021-06-24 09:45:51,30829824,52.514338333333335,13.34808,-84.70875,-46.688621520996094,23.224999980926512,50.311378479003906,True,-2913.959666002623,-757.5325999999944
2021-06-24 09:45:52,30829824,52.514338333333335,13.34808,-84.899375,-46.688621520996094,23.36800008773804,50.311378479003906,True,-2916.2182168099453,-751.2244666667681
2021-06-24 09:45:53,30829824,52.514338333333335,13.34808,-85.18125,-46.688621520996094,22.88200012207032,50.311378479003906,True,-2918.4767676171477,-744.54526666623
2021-06-24 09:45:54,30829824,52.514338333333335,13.34808,-85.70125,-46.688621520996094,22.313999862670897,50.311378479003906,True,-2920.3965358032756,-738.2371333330036
2021-06-24 09:45:55,30829824,52.514338333333335,13.34808,-86.080625,-46.688621520996094,22.066000003814697,50.311378479003906,True,-2922.090448908767,-731.9289999997773
2021-06-24 09:45:56,30829824,52.514338333333335,13.34808,-85.548125,-46.688621520996094,22.66799995422363,50.311378479003906,True,-2923.6714344739416,-725.6208666665509
2021-06-24 09:46:11,30829824,52.514338333333335,13.34808,-84.373125,-46.688621520996094,23.75599998474121,50.311378479003906,True,-2924.2360721756513,-601.1280000001809
2021-06-24 09:46:12,30829824,52.514338333333335,13.34808,-84.68625,-46.688621520996094,23.780999965667725,50.311378479003906,True,-2921.864593828011,-591.6657999995505
2021-06-24 09:46:13,30829824,52.514338333333335,13.34808,-84.56875,-46.688621520996094,23.610999984741213,50.311378479003906,True,-2919.041405318858,-582.203599999711
2021-06-24 09:46:14,30829824,52.514338333333335,13.34808,-84.680625,-46.688621520996094,23.79599994659424,50.311378479003906,True,-2915.766506648433,-572.7413999998714
2021-06-24 09:46:15,30829824,52.514338333333335,13.34808,-84.620625,-46.688621520996094,24.175,50.311378479003906,True,-2912.039897816495,-563.0936666663761
2021-06-24 09:46:16,30829824,52.514338333333335,13.34808,-84.743125,-46.688621520996094,24.034999980926514,50.311378479003906,True,-2907.861578823045,-553.4459333336715
2021-06-24 09:46:17,30829824,52.514338333333335,13.34808,-84.85,-46.688621520996094,23.836000022888182,50.311378479003906,True,-2903.3444772086405,-544.169266666697
2021-06-24 09:45:33,30829824,52.51431333333333,13.347773333333333,-87.665,-49.61162567138672,19.92,47.38837432861328,True,-2875.338447198588,-841.3936666677048
2021-06-24 09:45:34,30829824,52.514318333333335,13.34785,-85.1775,-48.948463439941406,20.80800008773804,48.051536560058594,True,-2877.9357806271055,-836.013199999594
2021-06-24 09:45:35,30829824,52.51432666666667,13.34791,-84.623125,-48.391929626464844,22.993999881744383,48.608070373535156,True,-2880.5331140553812,-831.3748666676886
2021-06-24 09:45:36,30829824,52.51433166666666,13.347961666666668,-85.780625,-47.89441680908203,20.21700005531311,49.10558319091797,True,-2882.904592403022,-827.1075999999312
2021-06-24 09:45:37,30829824,52.514335,13.348006666666668,-87.17,-47.44646453857422,21.795,49.55353546142578,True,-2884.9372881295885,-823.0258666666205
2021-06-24 09:45:38,30829824,52.514338333333335,13.348046666666669,-85.71125,-47.03520202636719,22.906000022888183,49.96479797363281,True,-2886.7441287752777,-819.3151999998306
2021-06-24 09:45:39,30829824,52.514338333333335,13.348075,-84.515,-46.74108123779297,23.30799991607666,50.25891876220703,True,-2888.325114340452,-815.7900666666967
2021-06-24 09:45:40,30829824,52.514338333333335,13.348088333333331,-84.5975,-46.600868225097656,23.67899990081787,50.399131774902344,True,-2889.7931723650668,-812.2649333335628
2021-06-24 09:45:41,30829824,52.514338333333335,13.348088333333331,-84.695,-46.600868225097656,23.08899995803833,50.399131774902344,True,-2891.487085470679,-808.7397999996379
2021-06-24 09:45:42,30829824,52.514338333333335,13.348085,-84.661875,-46.636024475097656,23.138999977111816,50.363975524902344,True,-2893.2939261163683,-805.0291333336389
2021-06-24 09:45:43,30829824,52.514338333333335,13.348081666666667,-84.60875,-46.671104431152344,23.47200008392334,50.328895568847656,True,-2895.3266218428143,-800.9474000003283
2021-06-24 09:45:44,30829824,52.514338333333335,13.34808,-84.55125,-46.688621520996094,23.456999912261963,50.311378479003906,True,-2897.5851726502574,-796.309066666841
2021-06-24 09:45:45,30829824,52.514338333333335,13.34808,-84.658125,-46.688621520996094,23.370999965667725,50.311378479003906,True,-2899.7307959170207,-791.4851999996978
2021-06-24 09:46:18,30829824,52.514338333333335,13.34808,-84.84625,-46.688621520996094,23.685000019073485,50.311378479003906,True,-2898.2627378924058,-535.0781333333782
2021-06-24 09:46:19,30829824,52.514338333333335,13.34808,-84.79125,-46.688621520996094,23.010000076293945,50.311378479003906,True,-2893.068071035612,-525.8014666664036
2021-06-24 09:46:20,30829824,52.514338333333335,13.34808,-84.693125,-46.688621520996094,23.456000003814697,50.311378479003906,True,-2887.7604766386207,-517.0813999996057
2021-06-24 09:46:21,30829824,52.514338333333335,13.34808,-84.704375,-46.688621520996094,23.236999988555908,50.311378479003906,True,-2882.2270271608736,-508.73240000011947
2021-06-24 09:46:22,30829824,52.514338333333335,13.34808,-84.64625,-46.688621520996094,23.526000003814698,50.311378479003906,True,-2876.693577683126,-500.1978666669774
2021-06-24 09:45:25,30829824,52.51423166666667,13.34665,-93.45375,-55.877899169921875,15.541000003814696,41.122100830078125,True,-2851.2848811015906,-889.0757333334233
2021-06-24 09:45:26,30829824,52.514245,13.34682,-92.66375,-55.20928955078125,16.412999992370604,41.79071044921875,True,-2853.9951420701846,-882.7676000001969
2021-06-24 09:45:27,30829824,52.51425666666667,13.346988333333334,-92.76125,-54.478797912597656,15.477000007629394,42.521202087402344,True,-2856.818330579338,-877.2016000000121
2021-06-24 09:45:28,30829824,52.51426833333333,13.347151666666669,-94.535625,-53.689613342285156,13.333000044822692,43.310386657714844,True,-2859.5285915480526,-872.37773333366
2021-06-24 09:45:29,30829824,52.51428,13.347305,-92.410625,-52.860801696777344,15.339999923706054,44.139198303222656,True,-2862.9164177589164,-866.2551333332985
2021-06-24 09:45:30,30829824,52.51429,13.347445,-92.465625,-52.01605224609375,16.10100001335144,44.98394775390625,True,-2866.3042439697797,-859.3903999998954
2021-06-24 09:45:31,30829824,52.5143,13.347571666666669,-91.55,-51.16443634033203,17.694000024795532,45.83556365966797,True,-2869.5791426402043,-852.8967333330132
2021-06-24 09:45:32,30829824,52.514305,13.34768,-88.454375,-50.36637878417969,20.277000036239624,46.63362121582031,True,-2872.6281862299934,-846.7741333334427
2021-06-24 09:46:23,30829824,52.514338333333335,13.34808,-84.58875,-46.688621520996094,23.517999935150147,50.311378479003906,True,-2870.9342731246225,-491.66333333304436
2021-06-24 09:46:24,30829824,52.514338333333335,13.34808,-85.006875,-46.688621520996094,23.206000022888183,50.311378479003906,True,-2864.9491134853615,-483.3143333335582
2021-06-24 09:46:25,30829824,52.514338333333335,13.34808,-84.9825,-46.688621520996094,23.39899991989136,50.311378479003906,True,-2858.8510263057833,-474.77979999962514
2021-06-24 09:46:26,30829824,52.514338333333335,13.34808,-84.97,-46.688621520996094,23.225000076293945,50.311378479003906,True,-2852.5270840455696,-466.43080000013896
2021-06-24 09:45:24,30829824,52.51422166666666,13.346483333333332,-96.75911458333331,-56.47434997558594,10.90312502036492,40.52565002441406,True,-2848.3487650521197,-895.1983333329938
2021-06-24 09:46:27,30829824,52.514338333333335,13.34808,-85.17125,-46.688621520996094,22.436999988555907,50.311378479003906,True,-2846.090214244917,-458.0817999998618
2021-06-24 09:46:28,30829824,52.514338333333335,13.34808,-84.893125,-46.688621520996094,22.93900007247925,50.311378479003906,True,-2839.5404169038266,-449.54726666671974
2021-06-24 09:46:29,30829824,52.514338333333335,13.34808,-85.48,-46.688621520996094,22.32199998855591,50.311378479003906,True,-2832.990619562856,-440.8271999999218
2021-06-24 09:46:30,30829824,52.514338333333335,13.34808,-84.42625,-46.688621520996094,23.26399995803833,50.311378479003906,True,-2826.327894681447,-431.92160000025893
2021-06-24 09:46:31,30829824,52.514338333333335,13.34808,-84.55,-46.688621520996094,23.46299987792969,50.311378479003906,True,-2819.5522422597205,-422.8304666677312
2021-06-24 09:46:32,30829824,52.514338333333335,13.34808,-84.4975,-46.688621520996094,23.758999996185302,50.311378479003906,True,-2812.7765898379935,-413.3682666663097
2021-06-24 09:46:33,30829824,52.514338333333335,13.34808,-84.7475,-46.688621520996094,23.34299997329712,50.311378479003906,True,-2806.000937416267,-403.5349999999494
2021-06-24 09:46:34,30829824,52.514338333333335,13.34808,-84.386875,-46.688621520996094,23.786000022888185,50.311378479003906,True,-2799.338212534978,-393.5161999999332
2021-06-24 09:46:35,30829824,52.514338333333335,13.34808,-84.41,-46.688621520996094,23.7420000076294,50.311378479003906,True,-2792.7884151938874,-382.9407999997403
2021-06-24 09:46:36,30829824,52.514338333333335,13.34808,-83.846875,-46.688621520996094,23.710000019073487,50.311378479003906,True,-2786.4644729336733,-372.5509333339943
2021-06-24 09:46:37,30829824,52.514338333333335,13.34808,-85.4675,-46.688621520996094,21.54500005722046,50.311378479003906,True,-2780.7051683751693,-362.16106666666633
2021-06-24 09:46:38,30829824,52.51434,13.348088333333331,-86.883125,-46.597938537597656,17.983000078201293,50.402061462402344,True,-2775.397573978058,-352.5133333339619
2021-06-24 09:46:39,30829824,52.514343333333336,13.348143333333333,-85.768125,-46.001983642578125,16.999000053405762,50.998016357421875,True,-2771.1063274442895,-343.4221999998522
2021-06-24 09:46:40,30829824,52.51434666666667,13.348211666666666,-83.909375,-45.241973876953125,18.657000017166137,51.758026123046875,True,-2767.4926461527907,-335.44426666767777
2021-06-24 09:46:41,30829824,52.51435166666667,13.348291666666666,-79.90875,-44.338768005371094,21.59700004577637,52.661231994628906,True,-2764.556530103199,-328.208466666963
2021-06-24 09:46:42,30829824,52.51435833333333,13.348381666666668,-78.154375,-43.359100341796875,17.550000076293944,53.640899658203125,True,-2761.9591966749226,-321.34373333355995
2021-06-24 09:46:43,30829824,52.514363333333336,13.348471666666669,-75.569375,-42.52702331542969,26.23899995803833,54.47297668457031,True,-2759.587718327282,-314.47900000015693
2021-06-24 09:46:44,30829824,52.514365,13.348566666666668,-69.176875,-41.96404266357422,29.781000003814697,55.03595733642578,True,-2757.555022600716,-307.7997999996188
2021-06-24 09:46:45,30829824,52.51436,13.348668333333332,-65.08125,-41.87080383300781,29.815999965667725,55.12919616699219,True,-2755.8611094953444,-301.30613333352755
2021-06-24 09:46:46,30829824,52.51434833333333,13.348776666666666,-64.4775,-42.387290954589844,28.493999938964844,54.612709045410156,True,-2754.731834091563,-295.1835333339571
2021-06-24 09:46:47,30829824,52.51432166666667,13.348886666666669,-73.531875,-43.454315185546875,23.40799998283386,53.545684814453125,True,-2753.71548622834,-289.24646666646055
2021-06-24 09:46:48,30829824,52.51428333333333,13.348993333333333,-81.174375,-44.794586181640625,16.490000038146974,52.205413818359375,True,-2752.9249934458735,-283.49493333341087
2021-06-24 09:46:49,30829824,52.514235,13.349101666666666,-85.9375,-46.25291442871094,11.817999967336654,50.74708557128906,True,-2752.360355744163,-277.7433999995702
2021-06-24 09:46:50,30829824,52.514181666666666,13.349211666666667,-84.86875,-47.68247985839844,10.970000030994417,49.31752014160156,True,-2751.7957180423323,-271.62079999999975
2021-06-24 09:46:51,30829824,52.51412833333333,13.34932,-85.88125,-48.97028350830078,9.596000012382865,48.02971649169922,True,-2751.3440078807,-265.3126666667734
2021-06-24 09:46:52,30829824,52.514075,13.349431666666666,-90.780625,-50.14794158935547,4.052999991178512,46.85205841064453,True,-2751.005225259625,-259.00453333354704
2021-06-24 09:46:53,30829824,52.514025,13.34955,-88.68625,-51.215057373046875,5.701000000759959,45.784942626953125,True,-2750.666442638551,-252.32533333300893
2021-06-24 09:46:54,30829824,52.51398,13.349675,-87.1525,-52.17094421386719,2.406999998986721,44.82905578613281,True,-2750.553515098353,-245.08953333308511
2021-06-24 09:46:55,30829824,52.51394333333333,13.349808333333334,-87.059375,-53.02330780029297,-0.944999985769391,43.97669219970703,True,-2750.2147324771586,-237.11160000011972
2021-06-24 09:46:56,30829312,52.51392,13.34995,-84.65479651162791,-53.493133544921875,13.132558126435724,43.506866455078125,True,-2750.1018049368404,-228.76259999984256
2021-06-24 09:46:57,30829312,52.51391,13.350096666666667,-80.273125,-52.700538635253906,23.340999965667724,44.299461364746094,True,-2750.1018049368404,-220.2280666667005
2021-06-24 09:47:00,30829312,52.513955,13.350546666666666,-73.573125,-49.514732360839844,25.20599988937378,47.485267639160156,True,-2750.1018049368404,-195.18106666666
2021-06-24 09:47:01,30829312,52.51398833333333,13.350696666666666,-74.209375,-48.144195556640625,26.458000049591064,48.855804443359375,True,-2750.1018049368404,-186.64653333351794
2021-06-24 09:46:58,30829312,52.513913333333335,13.350245,-82.74875,-51.791831970214844,19.95200001716614,45.208168029785156,True,-2749.9888773965226,-211.87906666642334
2021-06-24 09:46:59,30829312,52.51392833333333,13.350395,-75.03125,-50.73908996582031,25.918000011444093,46.26091003417969,True,-2749.8759498560844,-203.53006666772814
2021-06-24 09:47:02,30829312,52.514028333333336,13.350836666666666,-82.43125,-46.75664520263672,17.81700005531311,50.24335479736328,True,-2749.9888773965226,-177.7409333330641
2021-06-24 09:47:03,30829312,52.51407666666667,13.350961666666668,-79.60375,-45.572998046875,18.70900007247925,51.427001953125,True,-2749.650094775448,-168.64979999974537
2021-06-24 09:47:04,30829312,52.514138333333335,13.351061666666666,-75.415,-45.03044128417969,16.42799994468689,51.96955871582031,True,-2749.0854570736174,-159.74420000008251
2021-06-24 09:47:05,30829312,52.514205,13.351146666666668,-76.585625,-45.186126708984375,18.09100001335144,51.813873291015625,True,-2748.407891831469,-151.02413333328457
2021-06-24 09:47:06,30829312,52.514275,13.351233333333331,-69.145,-45.85504150390625,26.25599992752075,51.14495849609375,True,-2747.5044715085637,-142.6751333330074
2021-06-24 09:47:07,30829312,52.51434166666667,13.351328333333331,-66.476875,-46.76337432861328,29.141999969482423,50.23662567138672,True,-2746.4881236452206,-134.51166666638613
2021-06-24 09:47:08,30829312,52.51440333333333,13.351436666666666,-66.033125,-47.75798034667969,29.51199989318848,49.24201965332031,True,-2745.35884824168,-126.53373333342074
2021-06-24 09:47:09,30829312,52.51446166666667,13.351553333333332,-64.99375,-48.794921875,29.011999912261963,48.205078125,True,-2744.2295728378986,-119.11239999984105
2021-06-24 09:47:10,30829312,52.51451166666666,13.351686666666666,-68.9825,-49.77726745605469,24.21900005340576,47.22273254394531,True,-2742.761514813283,-111.69106666626135
2021-06-24 09:47:11,30829312,52.51454833333333,13.351831666666667,-78.681875,-50.64329528808594,19.82399997711181,46.35670471191406,True,-2740.954674167473,-103.89866666774282
2021-06-24 09:47:12,30829312,52.51457,13.35199,-80.69,-51.412696838378906,18.859999923706056,45.587303161621094,True,-2739.1478335216634,-96.10626666764233
2021-06-24 09:47:13,30829312,52.514585,13.352153333333334,-81.60875,-52.15721130371094,17.162999954223633,44.84278869628906,True,-2737.3409928758538,-87.94280000023008
2021-06-24 09:47:14,30829312,52.51459833333333,13.352316666666669,-80.538125,-52.88615417480469,15.14700002193451,44.11384582519531,True,-2735.3082971495282,-79.40826666629704
2021-06-24 09:47:15,30829312,52.51461,13.352481666666666,-80.935625,-53.589698791503906,14.842000017166136,43.410301208496094,True,-2733.049746342085,-71.24479999967576
2021-06-24 09:47:16,30829312,52.51462166666666,13.352643333333331,-83.311875,-54.25006866455078,13.66399995803833,42.74993133544922,True,-2730.2265578330525,-62.89580000018958
2021-06-24 09:47:17,30829312,52.514633333333336,13.352801666666666,-86.30625,-54.86358642578125,11.657000007629394,42.13641357421875,True,-2727.96800702585,-54.732333333568306
2021-06-24 09:47:18,30829312,52.514645,13.35296,-84.18875,-55.44224548339844,12.090999990701675,41.55775451660156,True,-2726.8387316221892,-45.2701333329378
2021-06-24 09:47:19,30829312,52.514655,13.353116666666669,-84.85,-56.26433563232422,11.01300002336502,40.73566436767578,True,-2726.4999490012356,-36.92113333345162
2021-06-24 09:47:20,30829312,52.514665,13.353271666666666,-83.356875,-56.82655334472656,14.021999931335449,40.17344665527344,True,-2722.999195249934,-28.757666666830346
2021-06-24 09:47:21,30829312,52.514675,13.353426666666667,-85.061875,-57.362823486328125,10.89400000460446,39.637176513671875,True,-2718.8208762563627,-20.408666666553188
2021-06-24 09:47:22,30829312,52.514685,13.353578333333331,-89.316875,-57.86396026611328,10.821999997645616,39.13603973388672,True,-2714.642557263033,-11.874133333411123
2021-06-24 09:47:23,30829312,52.51469333333333,13.353728333333333,-88.920625,-58.333595275878906,9.85800000846386,38.666404724121094,True,-2710.1254556486288,-3.525133333133965
2021-06-24 09:47:24,30829312,52.5147,13.353873333333333,-89.118125,-58.7652587890625,10.54499999642372,38.2347412109375,True,-2706.511774357009,5.1949333336639825
2021-06-24 09:47:25,30829312,52.51470666666667,13.354013333333333,-89.853125,-59.16615295410156,8.838999986052514,37.83384704589844,True,-2703.011020605707,13.172866666629375
2021-06-24 09:47:26,30829312,52.51471166666666,13.354146666666669,-89.755,-59.53169250488281,5.417999987080694,37.46830749511719,True,-2700.1878320965543,21.150800000385743
2021-06-24 09:47:27,34006273,52.51471833333333,13.354276666666667,-86.22330729166667,-53.519317626953125,16.81562498778415,43.480682373046875,True,-2697.4775711278394,29.128733333351136
2021-06-24 09:47:28,34006273,52.514723333333336,13.354391666666666,-89.615,-53.488914489746094,16.335000009536742,43.511085510253906,True,-2694.315599997973,37.477733333628294
2021-06-24 09:47:29,34006273,52.51472666666667,13.354488333333334,-84.68625,-53.51062774658203,19.7820000076294,43.48937225341797,True,-2690.4760636254764,46.56886666694703
2021-06-24 09:47:30,34006273,52.514725,13.354566666666669,-85.186875,-53.59303283691406,19.762000074386595,43.40696716308594,True,-2685.8460344706336,56.58766666696323
2021-06-24 09:47:31,34006273,52.51472166666667,13.354626666666666,-84.480625,-53.68836975097656,18.082000069618225,43.31163024902344,True,-2680.8772226945966,66.97753333350022
2021-06-24 09:47:32,34006273,52.51471833333333,13.354678333333334,-83.01375,-53.78325653076172,19.146999998092653,43.21674346923828,True,-2676.134265999436,77.36740000003721
2021-06-24 09:47:33,34006273,52.51473,13.35472,-82.410625,-53.743743896484375,18.491000003814698,43.256256103515625,True,-2670.9395991428833,87.20066666639752
2021-06-24 09:47:34,34006273,52.51472166666667,13.354751666666669,-80.678125,-53.863380432128906,19.59400002479553,43.136619567871094,True,-2667.1000627705075,96.66286666702803
2021-06-24 09:47:35,34006273,52.514723333333336,13.354783333333334,-82.4,-53.9014892578125,17.280999908447267,43.0985107421875,True,-2663.599309019326,105.93953333321167
2021-06-24 09:47:36,34006273,52.51472666666667,13.354805,-84.98125,-53.91139221191406,14.755999988541006,43.08860778808594,True,-2659.872700187268,115.21620000018629
2021-06-24 09:47:37,34006273,52.51473,13.354823333333334,-83.983125,-53.916900634765625,15.639000086784362,43.083099365234375,True,-2655.8073087341354,124.30733333350503
2021-06-24 09:47:38,34006273,52.51473333333333,13.354836666666667,-79.359375,-53.914306640625,21.989000034332275,43.085693359375,True,-2651.741917281244,133.95506666700044
2021-06-24 09:47:39,34006273,52.51473333333333,13.354841666666667,-79.30875,-53.9237060546875,20.6520000743866,43.0762939453125,True,-2647.563598287794,143.23173333318408
2021-06-24 09:47:40,34006273,52.514735,13.354846666666669,-78.646875,-53.91960144042969,21.18899991989136,43.08039855957031,True,-2643.6111343751,152.6939333330236
2021-06-24 09:47:41,34006273,52.514735,13.354851666666669,-77.808125,-53.92915344238281,23.52999992370605,43.07084655761719,True,-2639.8845255430415,162.1561333336541
2021-06-24 09:47:42,34006273,52.514735,13.354855,-78.95375,-53.93555450439453,21.371000003814697,43.06444549560547,True,-2636.0449891709063,171.06173333331697
2021-06-24 09:47:43,34006273,52.51473666666666,13.354856666666668,-76.6875,-53.92527770996094,23.378999977111818,43.07472229003906,True,-2632.4313078792866,179.9673333337708
2021-06-24 09:47:44,34006273,52.51473666666666,13.354858333333333,-76.734375,-53.928497314453125,22.63700002670288,43.071502685546875,True,-2629.0434816684233,188.68739999977777
2021-06-24 09:47:45,34006273,52.51473833333333,13.354858333333333,-76.45875,-53.91499328613281,23.965000076293947,43.08500671386719,True,-2625.6556554575595,197.40746666657571
2021-06-24 09:47:46,34006273,52.51473833333333,13.354856666666668,-76.479375,-53.91175842285156,23.665000076293943,43.08824157714844,True,-2621.1385538431555,207.9828666659776
2021-06-24 09:47:47,34006273,52.51473833333333,13.354855,-76.2125,-53.908531188964844,23.64600006103516,43.091468811035156,True,-2615.7180319056056,220.5991333332213
2021-06-24 09:47:48,34006273,52.51473833333333,13.354856666666668,-76.19375,-53.91175842285156,24.108000049591062,43.08824157714844,True,-2610.523365048932,233.40093333332987
2021-06-24 09:47:49,34006273,52.51473666666666,13.354856666666668,-76.628125,-53.92527770996094,21.85399997711181,43.07472229003906,True,-2605.6674808133334,245.83166666691767
2021-06-24 09:47:50,34006273,52.51473666666666,13.354856666666668,-76.515625,-53.92527770996094,23.565999965667725,43.07472229003906,True,-2600.8115965777347,258.0768666660586
2021-06-24 09:47:51,34006273,52.514735,13.354855,-76.589375,-53.93555450439453,23.5560000038147,43.06444549560547,True,-2595.6169297211814,270.13653333233464
2021-06-24 09:47:52,34006273,52.514735,13.354856666666668,-75.885,-53.93876647949219,24.142999992370605,43.06123352050781,True,-2590.535190404826,282.01066666653674
2021-06-24 09:47:53,34006273,52.514735,13.354856666666668,-75.971875,-53.93876647949219,24.16799991607666,43.06123352050781,True,-2585.0017409270786,294.9980000003012
2021-06-24 09:47:54,34006273,52.51473333333333,13.354856666666668,-75.685,-53.952247619628906,24.614999961853027,43.047752380371094,True,-2579.468291449452,307.9853333332747
2021-06-24 09:47:55,34006273,52.51473333333333,13.354856666666668,-76.060625,-53.952247619628906,24.608000049591062,43.047752380371094,True,-2573.8219144311456,320.7871333333833
2021-06-24 09:47:56,34006273,52.51473333333333,13.354856666666668,-76.95875,-53.952247619628906,23.63600004196167,43.047752380371094,True,-2568.17553741308,333.7744666663568
2021-06-24 09:47:57,34006273,52.51473333333333,13.354858333333333,-75.8325,-53.95545959472656,24.10900001525879,43.04454040527344,True,-2562.529160394894,349.5448000002136
2021-06-24 09:47:58,34006273,52.514735,13.354858333333333,-75.994375,-53.941986083984375,24.3170000076294,43.058013916015625,True,-2557.560348618857,364.01640000006125
2021-06-24 09:47:59,34006273,52.51473666666666,13.354858333333333,-76.581875,-53.928497314453125,24.27800001144409,43.071502685546875,True,-2551.1234788182046,378.85906666642967
