_row,new_split
77225,train
172954,train
76817,train
77139,train
114686,train
141935,val
77144,train
77318,val
77114,train
141940,train
127220,val
27853,train
172916,train
114680,train
76775,train
12913,train
77119,train
76576,train
64963,val
77138,train
27552,train
127206,val
77212,train
89692,val
27861,train
193348,val
76934,train
193346,val
76805,train
76661,train
27487,train
141973,val
169042,val
77310,train
141947,train
141989,val
77280,val
77345,val
141907,val
169027,val
45627,train
45632,train
45638,train
45642,train
45644,train
45647,train
45652,train
45657,train
45660,train
45665,train
45670,train
45674,train
45678,train
45682,train
45683,train
45688,train
45692,train
45695,val
45696,train
45699,val
45700,train
45705,val
45706,train
45709,train
45710,val
45713,train
45714,val
45716,train
45718,val
45720,val
45721,train
45723,val
45725,train
45728,train
45730,val
45731,train
45734,val
45736,train
45738,val
45739,val
45742,train
45744,val
45746,train
45749,val
45753,val
45758,val
45761,val
45765,val
45769,val
45773,val
45778,val
45780,val
45783,val
45790,val
45794,val
101866,train
101872,train
101876,train
101880,train
101885,train
101889,train
101890,train
101894,train
101901,train
101903,train
101907,train
101912,train
101916,train
101918,train
101922,train
101928,train
101932,train
101936,train
101940,train
101942,train
101947,train
101953,train
101956,train
101961,train
101963,train
101966,train
101971,train
101975,train
101981,train
101985,train
101986,train
101992,train
101995,train
101999,train
102002,train
102007,train
102010,train
102014,train
102019,train
102023,train
102026,train
102031,train
102037,train
102040,train
102045,train
102046,train
102050,train
102054,train
102061,train
102063,train
102069,train
102070,train
102074,train
102079,train
102085,train
102088,train
102090,train
102094,train
102101,train
102105,train
102106,train
102110,train
102116,train
102120,train
102123,train
102128,train
102131,train
155979,train
155982,train
155989,train
156000,train
156004,train
156007,train
156011,train
156016,train
156019,train
156021,val
156024,val
156025,train
156026,val
156028,train
156031,train
156033,val
156034,train
156036,val
156039,train
156041,val
156042,val
156044,train
156048,val
156049,train
156050,train
156052,val
156056,train
156057,val
156059,val
156060,train
156064,train
156065,val
156066,val
156068,train
156071,val
156072,train
156074,train
156076,val
156079,train
156080,val
156083,val
156085,train
156087,train
156089,val
156091,val
156093,train
156094,val
156096,train
156098,train
156101,val
156102,train
156104,val
156107,val
156109,train
156112,train
156113,val
156115,train
156117,val
156119,train
156121,val
156124,val
156125,train
156126,train
156128,val
156130,val
156133,train
156134,train
156135,val
156140,val
156141,train
156143,train
156144,val
156147,val
156149,train
156150,train
156153,val
156155,val
156156,train
156158,train
156161,val
156163,val
156165,train
156166,val
156169,train
156170,train
156173,val
156176,val
156177,train
156178,val
156179,train
156182,train
156184,val
156187,val
156188,train
156191,val
156192,train
156194,train
156197,val
156199,train
156200,val
156203,train
156204,val
156206,train
156209,val
156210,val
156213,train
156217,val
156221,val
156225,val
156227,val
156231,val
156236,val
156241,val
156245,val
156249,val
156252,val
156256,val
156260,val
156265,val
156268,val
156271,val
206282,train
206284,train
206286,train
206289,train
206291,train
206293,train
206294,train
206297,train
206299,train
206301,train
206302,train
206304,train
206306,train
206309,train
206310,train
206312,train
206315,train
206316,train
71035,train
20648,train
107713,train
121123,val
202887,train
133704,val
107989,train
107943,train
121151,val
107927,train
121082,val
203003,train
203042,train
107961,train
121161,train
196330,val
36342,train
134043,val
181773,val
196141,val
181787,val
174388,train
174458,train
181712,val
121201,val
107729,train
121000,train
203001,train
121216,val
133936,val
134019,val
134367,val
121025,train
165863,val
174429,train
6449,val
6564,val
134309,val
181709,val
120962,val
51890,train
51894,train
51896,train
51901,train
51906,train
51908,train
51911,train
51912,val
51916,train
51917,val
51920,train
51921,val
51925,val
51926,train
51928,train
51930,val
51932,train
51933,val
51935,val
51937,train
51940,train
51942,val
51945,train
51946,val
51949,val
51950,train
51953,train
51954,val
51957,train
51958,val
51959,train
51962,val
51963,train
51966,val
51968,val
51969,train
51972,val
51973,train
51976,train
51978,val
51980,train
51982,val
51984,val
51986,train
51987,train
51989,val
51992,val
51993,train
51995,train
51997,val
51999,val
52000,train
52005,val
52006,train
52007,train
52009,val
52011,train
52013,val
52015,val
52016,train
52019,train
52021,val
52023,val
52026,train
52028,val
52029,train
52031,train
52034,val
52035,train
52037,val
52039,train
52040,val
52044,train
52045,val
52047,train
52050,val
52053,val
52054,train
52057,val
52058,train
52059,val
52062,train
52063,train
52065,val
52068,train
52070,val
52073,train
52074,val
52076,train
52078,val
52081,train
52082,val
52083,train
52086,val
52087,val
52089,train
52093,train
52094,val
52095,val
52097,train
52100,val
52102,train
52104,train
52105,val
52107,val
52110,train
52111,val
52113,train
52115,train
52118,val
52119,train
52120,val
52123,val
52126,train
52128,train
52130,val
52131,val
52133,train
52136,train
52138,val
52139,train
52142,val
52143,train
52146,val
52147,val
52148,train
52151,val
52153,train
52155,val
52156,train
52160,val
52162,train
52163,train
52165,val
52167,train
52169,val
52171,train
52172,val
52177,train
52178,val
52179,train
52181,val
52183,train
52185,val
52188,val
52190,train
52192,train
52193,val
52196,val
52202,val
52204,val
52207,val
52213,val
52217,val
52220,val
52224,val
52227,val
52234,val
52236,val
52239,val
52245,val
52247,val
52251,val
148366,train
148370,train
148376,train
148381,train
148385,train
148387,train
148388,train
148390,train
148393,train
148396,train
148397,train
148398,train
148401,train
148403,train
148404,train
148407,train
148409,train
148411,train
148413,train
148414,train
148416,train
148418,train
148419,train
148423,train
148425,train
148426,train
148429,train
148432,train
148433,train
148435,train
148436,train
148438,train
148441,train
148442,train
148445,train
148446,train
148449,train
148451,train
148452,train
148454,train
148456,train
148458,train
148460,train
148462,train
148463,train
148468,train
148469,train
148470,train
148473,train
148475,train
148477,train
148478,train
148481,train
148483,train
148485,train
148487,train
148488,train
148490,train
148492,train
148495,train
148497,train
148499,train
148501,train
148502,train
148504,train
148506,train
148507,train
148510,train
148512,train
148514,train
148517,train
148519,train
148521,train
148522,train
148523,train
148528,train
148529,train
148531,train
148533,train
148536,train
148537,train
148538,train
148539,train
148542,train
148544,train
148548,train
148549,train
148551,train
148553,train
148554,train
148555,train
148559,train
148561,train
148563,train
148564,train
148566,train
148567,train
148570,train
148573,train
148574,train
148575,train
148579,train
148580,train
148583,train
148585,train
148588,train
148589,train
148590,train
148593,train
148596,train
148597,train
148598,train
148601,train
148602,train
148603,train
148606,train
148608,train
148612,train
148613,train
148616,train
148617,train
148618,train
148619,train
148623,train
148624,train
148628,train
148629,train
148632,train
148633,train
148635,train
148637,train
148639,train
148641,train
148644,train
148645,train
148646,train
148648,train
148650,train
148651,train
148654,train
148657,train
148660,train
148661,train
148663,train
148665,train
148666,train
148668,train
148670,train
148671,train
148675,train
148677,train
148678,train
148681,train
148683,train
148684,train
148687,train
148688,train
148691,train
148693,train
148695,train
148697,train
148699,train
148701,train
148702,train
148704,train
148706,train
148708,train
148711,train
148713,train
148714,train
148716,train
148720,train
148721,train
148723,train
148724,train
148726,train
148727,train
148730,train
148733,train
148735,train
148736,train
148738,train
148739,train
148742,train
148745,train
148747,train
148748,train
148751,train
148752,train
148756,train
148757,train
148759,train
148761,train
148763,train
148764,train
148767,train
148768,train
148770,train
148771,train
148776,train
148777,train
148779,train
148781,train
148783,train
148784,train
148787,train
148788,train
148791,train
148792,train
148795,train
148796,train
148800,train
148801,train
148802,train
148805,train
148808,train
148809,train
148811,train
148813,train
148816,train
148817,train
148818,train
148819,train
148822,train
148823,train
148826,train
148827,train
148830,train
148831,train
148834,train
148837,train
148839,train
148840,train
148842,train
148843,train
148846,train
148848,train
148850,train
148853,train
148855,train
148856,train
148858,train
148861,train
148862,train
148864,train
148866,train
148869,train
148870,train
148873,train
148876,train
148877,train
148879,train
148880,train
148883,train
148884,train
148886,train
148888,train
148891,train
148893,train
148894,train
148896,train
148898,train
148899,train
148903,train
148905,train
148908,train
148909,train
148911,train
148913,train
148914,train
148917,train
148919,train
148921,train
148923,train
148925,train
148927,train
148929,train
148930,train
148932,train
148934,train
148935,train
148939,train
148941,train
148943,train
148944,train
148946,train
148947,train
148951,train
148953,train
148956,train
148957,train
148959,train
148961,train
148962,train
148965,train
148966,train
148969,train
148970,train
148972,train
148974,train
148975,train
148978,train
148980,train
148982,train
148983,train
148986,train
148988,train
148991,train
148992,train
148996,train
148997,train
148999,train
149001,train
149004,train
149005,train
149007,train
149008,train
149011,train
149012,train
149016,train
149017,train
149018,train
149020,train
149022,train
149025,train
149028,train
149029,train
149032,train
149033,train
149035,train
149036,train
149038,train
149040,train
149043,train
149044,train
149048,train
149049,train
149052,train
149053,train
149054,train
149055,train
149058,train
149060,train
149063,train
149065,train
149068,train
149069,train
149071,train
149072,train
149075,train
149076,train
149080,train
149081,train
149083,train
149084,train
149086,train
149088,train
149091,train
149092,train
149095,train
149096,train
149099,train
149101,train
149103,train
149104,train
149107,train
149108,train
149112,train
149113,train
149114,train
149117,train
149120,train
149121,train
149122,train
149124,train
149128,train
149132,train
149135,train
149139,train
149142,train
149147,train
149150,train
166218,train
137476,train
168832,train
24334,val
98316,train
137525,train
137540,train
24373,val
183289,val
98298,train
168778,train
123913,val
86011,train
24242,train
111333,val
123976,train
137477,train
24322,train
137586,train
137488,train
24174,val
137568,train
198293,train
86094,train
175835,train
183297,val
168760,train
24240,val
24402,val
73766,train
123898,val
168807,train
9796,train
24348,val
86023,train
73835,train
137585,train
123832,val
168664,train
183317,val
39411,train
39417,train
39419,train
39425,train
39428,train
39432,train
39438,train
39441,train
39443,train
39448,train
39450,train
39451,train
39453,train
39455,train
39457,train
39459,train
39460,train
39464,train
39465,train
39467,train
39469,train
39471,train
39472,train
39475,train
39477,train
39479,train
39481,train
39483,train
39485,train
39488,train
39489,train
39491,train
39492,train
39495,train
39500,train
39503,train
39507,train
39512,train
39515,train
55466,train
55473,train
55475,train
55480,train
55482,train
55487,train
55491,train
55494,train
55501,train
55504,train
55507,train
55512,train
55515,train
55520,train
55522,train
55528,train
55530,train
55537,train
55541,train
55545,train
55548,train
55551,train
55555,train
55560,train
55565,train
55569,train
55570,train
55574,train
55578,train
55582,train
55586,train
55593,train
55595,train
55600,train
55602,train
55607,train
55610,train
55615,train
55617,train
55618,train
55619,train
55622,train
55624,train
55626,train
55627,train
55630,train
55631,train
55636,train
55637,train
55639,train
55640,train
55642,train
55645,train
55646,train
55648,train
55650,train
55652,train
55655,train
55657,train
55658,train
55661,train
55663,train
55664,train
55666,train
55669,train
55672,train
55673,train
55674,train
55676,train
55680,train
55681,train
55684,train
55685,train
55686,train
55692,train
55696,train
55700,train
55705,train
55709,train
55712,train
55715,train
55720,train
55722,train
55727,train
55731,train
55736,train
152299,train
152305,train
152306,train
152313,train
152314,train
152320,train
152322,val
152323,train
152326,val
152328,train
152331,val
152332,train
152334,val
152335,train
152338,train
152339,val
152342,val
152343,train
152346,train
152349,val
152350,val
152351,train
152354,train
152355,val
152358,train
152360,val
152362,val
152364,train
152368,train
152369,val
152370,val
152373,train
152374,train
152375,val
152378,val
152381,train
152382,val
152385,train
152386,val
152389,train
152390,train
152391,val
152396,val
152397,train
152399,train
152401,val
152404,val
152405,train
152406,train
152408,val
152410,train
152412,val
152415,train
152416,val
152419,val
152421,train
152424,train
152425,val
152427,train
152429,val
152430,val
152433,train
152435,val
152437,train
152438,train
152439,val
152444,train
152445,val
152446,val
152449,train
152450,train
152451,val
152454,val
152456,train
152458,val
152459,train
152463,train
152464,val
152467,train
152469,val
152471,train
152473,val
152475,train
152476,val
152478,train
152481,val
152483,val
152485,train
152487,train
152489,val
152490,val
152492,train
152494,train
152495,val
152498,train
152501,val
152504,val
152509,val
152512,val
152516,val
152519,val
152524,val
152527,val
152530,val
152536,val
204915,train
204916,train
204919,train
204921,train
204923,train
204925,train
204927,train
204929,train
204931,train
204933,train
204935,train
204937,train
204939,train
204941,train
204943,train
204945,train
204946,train
204949,train
204951,train
204952,train
204954,train
204956,train
204959,train
204960,train
204962,train
198230,train
198246,train
24134,train
85866,train
85876,train
111155,val
73719,train
137394,train
24100,train
24200,train
24156,val
73606,train
24160,train
39288,val
123667,train
24193,train
9473,train
175704,train
39234,val
137322,train
111168,val
24141,val
183243,val
175685,train
168407,val
9659,train
111185,val
9661,train
111224,val
9510,train
175774,train
183259,val
39275,val
137386,train
168425,val
39235,val
168639,val
137408,train
9491,train
123632,train
39374,train
39376,train
39377,train
39379,train
39380,train
39385,train
39386,train
39387,train
39389,train
39392,train
39394,train
39395,train
39398,train
39400,train
39402,train
39405,train
39406,train
39407,train
39408,train
39414,train
39415,train
39421,train
39426,train
39427,train
39434,train
39436,train
39442,train
39444,train
55335,train
55339,train
55342,train
55346,train
55353,train
55357,train
55359,train
55365,train
55369,train
55370,train
55373,train
55374,train
55376,train
55378,train
55381,train
55383,train
55384,train
55386,train
55389,train
55390,train
55393,train
55394,train
55396,train
55398,train
55399,train
55403,train
55404,train
55406,train
55407,train
55411,train
55413,train
55414,train
55416,train
55418,train
55420,train
55424,train
55425,train
55426,train
55428,train
55431,train
55432,train
55434,train
55436,train
55440,train
55441,train
55442,train
55445,train
55446,train
55448,train
55451,train
55452,train
55456,train
55457,train
55459,train
55460,train
55462,train
55464,train
55469,train
55472,train
55474,train
55481,train
55484,train
55489,train
55493,train
55495,train
55499,train
55503,train
55506,train
55513,train
55517,train
55521,train
55525,train
55529,train
55532,train
55534,train
55538,train
55543,train
55546,train
55550,train
55556,train
55559,train
55564,train
55566,train
55572,train
55577,train
55581,train
55583,train
55587,train
55592,train
55596,train
55599,train
55605,train
55609,train
55613,train
152171,train
152175,train
152178,train
152182,train
152186,train
152193,train
152195,train
152201,train
152205,train
152208,train
152211,train
152214,train
152217,val
152219,val
152220,train
152222,train
152223,val
152226,train
152227,val
152231,val
152232,train
152234,val
152236,train
152239,train
152241,val
152243,val
152244,train
152246,val
152249,train
152252,val
152253,train
152254,train
152256,val
152258,val
152259,train
152262,train
152263,val
152266,val
152267,train
152270,train
152272,val
152275,train
152277,val
152278,train
152279,val
152283,train
152284,val
152286,train
152288,val
152292,train
152293,val
152294,train
152297,val
152298,val
152303,val
152309,val
152310,val
152316,val
152321,val
204869,train
204870,train
204872,train
204874,train
204876,train
204879,train
204880,train
204882,train
204885,train
204886,train
204889,train
204891,train
204892,train
204894,train
204897,train
204898,train
204901,train
204903,train
204904,train
204906,train
204909,train
204910,train
204913,train
166283,train
168921,train
98397,train
166293,train
73822,train
24507,train
168888,train
124036,train
137643,train
175893,train
123959,val
9820,train
24416,val
98439,train
9869,train
24494,train
124011,train
24491,val
9879,train
24461,val
24477,train
24526,train
124045,train
98443,train
73839,train
86220,train
74003,train
124049,train
124029,train
24435,val
111527,val
24411,val
137700,train
166298,train
111495,val
137624,train
175898,train
137710,train
198320,train
111545,val
39496,train
39502,train
39506,train
39510,train
39514,train
39518,train
39520,train
39521,train
39524,train
39526,train
39529,train
39530,train
39531,train
39534,train
39535,train
39538,train
39541,train
39542,train
39545,train
39546,train
39547,train
39548,train
39551,train
39552,train
39556,train
39557,train
39559,train
39561,train
39563,train
39565,train
39567,train
39570,train
39574,train
39578,train
39582,train
39586,train
39590,train
39591,train
55687,train
55693,train
55697,train
55698,train
55702,train
55706,train
55710,train
55716,train
55719,train
55725,train
55728,train
55730,train
55734,train
55738,train
55745,train
55748,train
55749,train
55751,train
55753,train
55756,train
55757,train
55758,train
55760,train
55763,train
55764,train
55767,train
55768,train
55770,train
55773,train
55774,train
55776,train
55780,train
55781,train
55784,train
55785,train
55786,train
55788,train
55792,train
55793,train
55794,train
55795,train
55798,train
55799,train
55802,train
55803,train
55808,train
55809,train
55811,train
55813,train
55817,train
55818,train
55823,train
55826,train
55831,train
55834,train
55839,train
55843,train
55848,train
55850,train
55856,train
55858,train
55865,train
152502,train
152507,train
152511,train
152514,train
152518,train
152523,train
152529,train
152532,train
152534,train
152540,train
152541,val
152544,train
152545,val
152546,val
152547,train
152551,val
152552,train
152556,train
152557,val
152560,train
152561,val
152562,val
152565,train
152567,train
152569,val
152571,train
152573,val
152574,train
152577,val
152578,train
152579,val
152583,train
152585,val
152586,val
152587,train
152590,val
152591,train
152594,train
152595,val
152599,val
152600,train
152603,train
152604,val
152607,train
152608,val
152610,train
152611,val
152616,train
152617,val
152620,train
152621,val
152622,train
152624,val
152626,val
152629,train
152631,val
152632,train
152636,val
152637,train
152639,val
152641,train
152644,val
152645,train
152648,val
152649,train
152652,val
152653,train
152655,train
152657,val
152658,train
152659,val
152662,val
152664,train
152668,train
152669,val
152670,val
152676,val
152681,val
152685,val
152686,val
152692,val
152697,val
152699,val
152703,val
152708,val
152711,val
152716,val
152719,val
152725,val
152727,val
152732,val
152734,val
152738,val
152745,val
152748,val
152751,val
152757,val
152761,val
152762,val
152767,val
152770,val
152774,val
152779,val
152784,val
152789,val
152793,val
152797,val
152799,val
152805,val
152806,val
152810,val
152814,val
152821,val
152825,val
204964,train
204966,train
204968,train
204971,train
204973,train
204975,train
204977,train
204978,train
204981,train
204983,train
204984,train
204987,train
204988,train
204990,train
204993,train
204995,train
15149,train
15154,train
66773,train
66779,train
66781,train
66786,train
79573,train
79576,train
79579,train
129317,val
129318,val
129325,val
48037,train
48042,train
48045,train
48050,train
144113,train
144115,train
144118,train
158258,train
158265,train
158269,train
77582,train
77588,train
77592,train
77595,train
77599,train
77602,train
156317,train
156318,train
156323,train
156329,train
156330,train
156334,train
156341,train
115864,train
66047,train
29455,val
178154,train
65927,train
178207,train
128259,val
78845,train
66252,val
78753,train
128587,train
116056,train
66172,val
65950,train
66007,train
128406,train
128628,train
78680,train
66300,val
78974,train
116005,train
79049,val
66139,val
178100,train
66128,val
66271,val
66228,train
128442,val
66118,train
78785,train
128399,val
66017,train
116068,train
128367,val
66164,train
78764,train
143327,val
66225,train
78757,train
143377,train
46864,train
46870,train
46874,train
46878,train
46879,train
46883,train
46887,train
46892,train
46895,train
46900,train
46905,train
46909,train
46911,train
46915,train
46921,train
46926,train
46929,train
46934,train
46938,train
46941,train
46945,train
46949,train
46954,train
46957,train
46960,train
46963,train
46969,train
46972,train
46976,train
46982,train
46986,train
46990,train
46993,train
46998,train
46999,train
47003,train
47007,train
47012,train
47018,train
47022,train
47026,train
47028,train
47033,train
47037,train
47040,train
47044,train
47047,train
47051,train
47056,train
47060,train
47064,train
47067,train
47071,train
47077,train
47082,train
47084,val
47085,train
47087,train
47090,val
47092,val
47094,train
47097,val
47098,train
47099,val
47100,train
47103,train
47104,val
47108,val
47109,train
47112,val
47113,train
47116,val
47117,train
47120,val
47121,train
47123,train
47124,val
47127,val
47132,val
47135,val
47141,val
47144,val
47148,val
47153,val
47157,val
47161,val
47163,val
47170,val
47174,val
47177,val
47182,val
47184,val
47190,val
47194,val
47198,val
47201,val
47203,val
47207,val
47212,val
47216,val
47220,val
47223,val
47228,val
47231,val
47236,val
47242,val
47246,val
47250,val
47251,val
47255,val
47259,val
47265,val
47269,val
47273,val
47276,val
47279,val
47284,val
47289,val
47292,val
47296,val
47300,val
47304,val
47307,val
47312,val
47316,val
47320,val
47323,val
47342,val
47346,val
47350,val
47351,val
47356,val
47362,val
47365,val
47368,val
47373,val
47377,val
47380,val
47383,val
47389,val
47394,val
47395,val
47399,val
47404,val
47408,val
47412,val
47418,val
47422,val
47423,val
47427,val
143481,train
143485,train
157556,train
157560,train
157562,train
157567,train
157572,train
157575,train
157578,train
157584,train
157588,train
157591,train
157595,val
157597,train
157598,val
157601,train
157602,val
157605,train
157607,train
157608,val
157610,train
157612,val
157614,train
157615,val
157618,train
157620,train
157622,train
157623,train
157628,train
157629,train
157630,train
157631,train
157634,train
157637,train
157638,train
157639,train
157642,train
157645,train
157646,train
157649,train
157652,train
157653,train
157654,train
157657,train
157659,train
157660,train
157662,train
157663,train
157666,train
157667,train
157672,train
157673,train
157676,train
157677,train
157680,train
157681,train
157684,train
157685,train
157688,train
157689,train
157690,train
157693,train
157695,train
157696,train
157698,train
157699,train
157703,train
157704,train
157706,train
157708,train
157710,train
157712,train
157715,train
157716,train
157718,train
157719,train
157724,train
157725,train
157727,train
157728,train
157732,train
157733,train
157734,train
157735,train
157738,train
157740,train
157742,train
157744,train
157746,train
157747,train
157750,train
157752,train
157754,train
157755,train
157758,train
157761,train
157762,train
157764,train
157767,train
157768,train
157771,train
157773,train
157775,train
157777,train
157780,train
157781,train
157782,train
157784,train
157787,train
157788,train
157791,train
157792,train
157796,train
157797,train
157800,train
157801,train
157804,train
157805,train
157806,train
157808,train
157813,train
157816,train
157820,train
157824,train
157828,train
157833,train
157835,train
157839,train
157842,train
157846,train
157851,train
157857,train
157859,train
157862,train
157866,train
157870,train
206649,train
206651,train
206652,train
206655,train
206657,train
206659,train
206660,train
206663,train
206665,train
206666,train
206669,train
206671,train
206673,train
206675,train
206677,train
206679,train
206681,train
206682,train
206684,train
206686,train
206688,train
206690,train
206693,train
206694,train
206696,train
206698,train
206701,train
206703,train
206704,train
206707,train
206709,train
206711,train
206713,train
206715,train
206717,train
206719,train
206721,train
206723,train
206724,train
206726,train
206729,train
206730,train
206733,train
206734,train
206736,train
206739,train
206740,train
206743,train
206744,train
206747,train
206748,train
206751,train
206752,train
206754,train
206756,train
206758,train
206760,train
206763,train
206765,train
206767,train
206768,train
206770,train
206772,train
206775,train
206777,train
206778,train
206781,train
206783,train
206785,train
206786,train
206799,train
206801,train
206803,train
206804,train
206807,train
206808,train
206811,train
206812,train
206814,train
206816,train
206819,train
206820,train
206823,train
13646,train
13667,train
13643,train
13588,train
13614,train
193743,val
78533,val
65598,val
13603,train
78529,val
90635,val
13660,train
13573,train
13630,train
193741,val
13652,train
65605,val
13638,train
13598,train
90638,val
13594,train
65610,val
90626,val
13620,train
193733,val
65600,val
13582,train
13634,train
193734,val
13608,train
193737,val
78535,val
13674,train
13657,train
65615,val
193738,val
90628,val
13678,train
13605,train
115544,train
46554,val
46558,val
46561,val
46564,val
102835,train
102839,train
102845,train
102847,train
102851,train
206474,train
206477,train
206479,train
206480,train
206483,train
206484,train
206486,train
206489,train
193773,val
78240,train
128218,val
115573,train
170053,val
143096,train
29340,val
115308,train
65858,val
143087,train
128180,val
78095,train
170022,val
178056,train
128151,train
115282,train
142915,train
65873,val
169932,val
78453,train
65739,val
193722,val
78295,train
90643,val
127839,train
65882,train
142900,val
115294,train
90405,val
65584,train
127741,train
65920,val
78252,train
143225,train
78648,train
143033,train
65721,val
13738,train
128164,train
66010,val
46089,train
46093,train
46095,train
46102,train
46103,train
46107,train
46114,train
46118,train
46122,train
46123,val
46124,train
46129,val
46130,train
46131,val
46133,train
46137,val
46138,train
46141,val
46142,train
46143,train
46144,val
46147,train
46150,val
46151,val
46152,train
46155,train
46158,val
46160,train
46162,val
46164,val
46165,train
46167,val
46168,train
46171,val
46174,train
46177,train
46178,val
46180,train
46181,val
46183,train
46186,val
46187,train
46190,val
46193,train
46194,val
46196,val
46198,train
46200,val
46201,train
46204,val
46205,train
46207,val
46208,train
46212,val
46213,train
46216,val
46218,train
46219,val
46221,train
46223,train
46225,val
46229,train
46230,val
46231,train
46234,val
46236,train
46238,val
46239,train
46241,val
46243,val
46244,train
46247,train
46249,val
46251,val
46252,train
46255,val
46256,train
46259,val
46261,train
46263,train
46265,val
46268,val
46269,train
46271,train
46274,val
46275,val
46276,train
46279,val
46281,train
46283,val
46286,train
46288,val
46290,train
46292,val
46293,train
46297,train
46298,val
46300,val
46302,train
46303,train
46306,val
46309,train
46310,val
46311,train
46314,val
46315,val
46316,train
46319,train
46320,val
46324,train
46325,val
46327,val
46328,train
46332,train
46334,val
46335,train
46338,val
46339,val
46342,train
46344,val
46346,train
46348,train
46350,val
46352,train
46354,val
46355,train
46356,val
46359,train
46362,val
46364,train
46365,val
46367,val
46368,train
46371,train
46374,val
46375,train
46378,val
46379,train
46380,val
46383,train
46385,val
46388,train
46389,val
46392,val
46393,train
46395,train
46398,val
46400,val
46402,train
46403,val
46406,train
46409,train
46410,val
46412,train
46413,val
46416,train
46417,val
46421,val
46422,train
46423,val
46425,train
46429,val
46430,train
46432,train
46434,val
46436,train
46438,val
46441,val
46442,train
46444,train
46445,val
46447,val
46448,train
46452,val
46453,train
46455,train
46456,val
46461,train
46462,val
46463,train
46464,val
46467,val
46469,train
46473,train
46474,val
46476,val
46478,train
46480,val
46481,train
46483,val
46486,train
46487,val
46489,train
46492,train
46493,val
46495,train
46497,val
46499,train
46501,val
46503,train
46506,val
46508,val
46510,train
46512,val
46513,train
46515,train
46517,val
46519,train
46522,val
46525,val
46526,train
46528,train
46530,val
46532,val
46536,val
46540,train
46542,val
46543,val
46545,train
46548,val
46557,train
46560,train
46563,train
46567,val
46568,train
46572,train
46574,val
46575,val
46577,train
46579,val
46580,train
46583,val
46586,train
46588,val
46590,train
46592,val
46593,train
46595,train
46598,val
46600,train
46602,val
46603,val
46605,train
46609,train
46610,val
46613,val
46614,train
46615,val
46618,train
46621,train
46622,val
46623,val
46626,train
46627,val
46628,train
46631,train
46633,val
46636,val
46637,train
46641,train
46642,val
46645,val
46646,train
46649,val
46650,train
46651,train
46653,val
46655,train
46658,val
46659,train
46662,val
46663,train
46664,val
46669,val
46670,train
46673,train
46674,val
46675,train
46678,val
46681,train
46682,val
46683,train
46686,val
46687,train
46689,val
46693,train
46694,val
46696,val
46697,train
46699,train
46701,val
46704,train
46705,val
46707,train
46708,val
46711,train
46712,val
46717,val
46718,train
46720,train
46722,val
46723,train
46725,val
46729,val
46730,train
46732,val
46733,train
46735,val
46736,train
46741,train
46742,val
46745,val
46746,train
46747,train
46750,val
46751,val
46754,train
46757,val
46758,train
46759,val
46760,train
46764,train
46766,val
46768,val
46769,train
46771,val
46773,train
46776,val
46778,train
46779,val
46782,train
46783,val
46786,train
46787,val
46789,train
46791,train
46792,val
46796,val
46798,train
46801,train
46802,val
46804,val
46805,train
46807,train
46808,val
46812,train
46813,val
46815,val
46817,train
46820,train
46822,val
46824,train
46826,val
46829,train
46830,val
46832,train
46834,val
46836,val
46838,train
46840,train
46841,val
46844,val
46846,train
46848,val
46850,train
46852,train
46853,val
46855,val
46856,train
46860,val
46861,train
46863,val
46869,val
46873,val
46877,val
46882,val
46886,val
46889,val
46893,val
46897,val
46901,val
46904,val
46907,val
46912,val
46916,val
46922,val
46925,val
46928,val
46933,val
46935,val
46939,val
46944,val
46948,val
46953,val
46956,val
46959,val
46964,val
46967,val
46973,val
46977,val
46981,val
46985,val
46989,val
46992,val
46995,val
47001,val
47006,val
47009,val
47013,val
47016,val
47020,val
47024,val
47027,val
47034,val
47038,val
47041,val
47045,val
47049,val
47053,val
47058,val
47061,val
47065,val
47068,val
47072,val
47075,val
47080,val
102594,train
102599,train
102605,train
102608,train
102610,train
102615,train
102618,train
102625,train
102627,train
102630,train
102637,train
102638,train
102642,train
102646,train
102652,train
102657,train
102660,train
102662,train
102666,train
102672,train
102677,train
102679,train
102682,train
102687,train
102691,train
102694,train
102699,train
102704,train
102707,train
102712,train
102717,train
102719,train
102723,train
102726,train
102732,train
102734,train
102740,train
102742,train
102746,train
102750,train
102757,train
102760,train
102765,train
102767,train
102770,train
102777,train
102781,train
102782,train
102789,train
102793,train
102796,train
102799,train
102804,train
102809,train
102810,train
102815,train
102819,train
102825,train
102826,train
102832,train
102854,train
102859,train
102863,train
102866,train
102873,train
102876,train
102879,train
102884,train
102886,train
102890,train
102894,train
102899,train
102903,train
102909,train
102911,train
102915,train
102921,train
102924,train
102928,train
102930,train
102936,train
102940,train
102945,train
102947,train
102950,train
102956,train
102959,train
102964,train
102966,train
102972,train
102976,train
102978,train
102983,train
102988,train
102993,train
102995,train
103000,train
103004,train
103006,train
103011,train
103016,train
103018,train
103025,train
103027,train
103032,train
103037,train
103041,train
103042,train
103048,train
103050,train
103055,train
103060,train
103063,train
103068,train
103071,train
103077,train
103078,train
103083,train
156890,train
156897,train
156899,train
156904,train
156906,val
156909,train
156911,val
156913,train
156914,train
156915,val
156919,train
156920,val
156924,train
156925,val
156926,train
156929,val
156930,val
156933,train
156934,val
156937,train
156939,val
156940,train
156943,val
156945,train
156946,val
156949,train
156950,train
156953,val
156954,train
156956,val
156959,train
156960,val
156962,train
156964,val
156966,train
156969,val
156970,val
156971,train
156975,train
156976,val
156978,train
156981,val
156982,train
156985,val
156988,train
156989,val
156990,train
156992,val
156994,val
156997,train
156999,train
157001,val
157002,train
157003,val
157006,train
157009,val
157010,val
157011,train
157016,val
157017,train
157019,train
157020,val
157023,train
157025,val
157026,val
157029,train
157031,train
157032,val
157034,val
157035,train
157038,val
157041,train
157042,val
157044,train
157046,train
157048,val
157050,val
157052,train
157056,val
157057,train
157058,train
157061,val
157063,val
157064,train
157066,val
157068,train
157070,train
157072,val
157075,val
157076,train
157079,val
157080,train
157084,train
157085,val
157086,val
157087,train
157091,train
157093,val
157094,train
157097,val
157099,train
157101,val
157103,train
157104,val
157106,val
157109,train
157111,train
157112,val
157114,val
157115,train
157118,train
157120,val
157122,train
157123,val
157127,val
157128,train
157130,train
157133,val
157136,val
157137,train
157138,val
157140,train
157143,val
157144,train
157146,train
157147,val
157152,train
157153,val
157155,val
157156,train
157160,val
157161,train
157163,val
157165,train
157168,train
157169,val
157170,train
157172,val
157176,train
157177,val
157179,train
157181,val
157182,val
157183,train
157187,train
157188,val
157190,val
157192,train
157195,val
157197,train
157199,val
157201,train
157203,val
157205,train
157207,val
157208,train
157211,train
157212,val
157215,train
157216,val
157219,train
157220,val
157223,val
157224,train
157226,train
157227,val
157230,train
157232,val
157235,train
157237,val
157239,val
157240,train
157242,val
157244,train
157247,train
157248,val
157251,train
157252,val
157255,val
157257,train
157258,train
157261,val
157262,train
157265,val
157266,train
157267,val
157270,train
157273,val
157274,val
157276,train
157278,val
157281,train
157283,val
157284,train
157286,train
157288,val
157290,train
157292,val
157296,train
157297,val
157299,val
157300,train
157302,val
157304,train
157306,train
157308,val
157310,val
157313,train
157316,val
157317,train
157320,val
157321,train
157323,train
157324,val
157327,val
157328,train
157331,train
157333,val
157334,val
157336,train
157338,train
157339,val
157342,val
157343,train
157346,val
157348,train
157351,val
157353,train
157354,val
157355,train
157358,train
157360,val
157364,val
157365,train
157366,train
157368,val
157372,train
157373,val
157376,train
157378,train
157379,val
157384,val
157385,train
157386,train
157388,val
157390,train
157392,val
157394,val
157395,train
157400,val
157401,train
157403,train
157404,val
157406,val
157408,train
157410,train
157413,val
157416,train
157417,val
157418,val
157421,train
157422,train
157423,val
157426,train
157428,val
157431,val
157432,train
157434,train
157435,val
157439,val
157441,train
157443,val
157447,val
157449,train
157450,val
157451,train
157454,train
157455,val
157458,train
157459,val
157463,train
157465,val
157468,train
157469,val
157470,val
157471,train
157475,train
157476,val
157478,val
157480,train
157483,train
157484,val
157486,val
157488,train
157490,val
157493,train
157496,train
157497,val
157498,train
157499,val
157504,train
157505,val
157506,train
157507,val
157510,train
157513,val
157514,val
157516,train
157519,val
157520,train
157523,train
157525,val
157526,val
157528,train
157531,val
157533,train
157535,train
157536,val
157539,val
157540,train
157542,val
157543,train
157546,train
157547,val
157551,val
157552,train
157555,val
157559,val
157563,val
157568,val
157571,val
157574,val
157579,val
157582,val
157587,val
157592,val
206426,train
206428,train
206430,train
206432,train
206434,train
206437,train
206438,train
206440,train
206442,train
206444,train
206446,train
206448,train
206450,train
206453,train
206455,train
206457,train
206458,train
206461,train
206462,train
206464,train
206467,train
206468,train
206471,train
206472,train
206490,train
206493,train
206494,train
206496,train
206499,train
206501,train
206503,train
206504,train
206507,train
206509,train
206510,train
206513,train
206514,train
206517,train
206518,train
206520,train
206522,train
206524,train
206526,train
206528,train
206530,train
206532,train
206534,train
206536,train
206539,train
206541,train
206542,train
206545,train
206546,train
206549,train
206551,train
206553,train
206555,train
206557,train
206558,train
206560,train
206563,train
206565,train
206566,train
206569,train
206570,train
206572,train
206574,train
206576,train
206578,train
206581,train
206583,train
206585,train
206587,train
206589,train
206591,train
206593,train
206594,train
206596,train
206598,train
206601,train
206602,train
206604,train
206607,train
206609,train
206610,train
206612,train
206614,train
206616,train
206619,train
206620,train
206622,train
206624,train
206626,train
206629,train
206630,train
206632,train
206635,train
206636,train
206638,train
206641,train
206642,train
206644,train
206646,train
28804,val
127389,train
77835,val
28817,val
65115,val
193395,val
127382,val
77669,train
77698,train
77661,val
65085,train
77859,val
193459,val
77648,train
193445,val
65051,val
77805,val
65094,train
77707,train
65099,train
13032,train
77783,train
77790,val
13015,train
177775,train
142106,val
65014,train
28827,val
177777,train
77667,val
142105,val
142141,train
89737,val
193447,val
193487,val
65031,train
64922,train
127378,train
142090,val
64912,train
45747,train
45752,train
45755,train
45762,train
45782,train
45786,train
45788,train
45793,train
45795,train
45802,train
45804,train
45808,val
45809,train
45811,val
45814,train
45816,val
45817,train
45820,train
45821,val
45824,val
45825,train
45827,train
45828,val
45833,val
45838,val
45842,val
45843,val
102134,train
102163,train
102166,train
102172,train
102176,train
102180,train
102185,train
102189,train
102193,train
102196,train
102200,train
102204,train
102209,train
156216,train
156220,train
156224,train
156226,train
156230,train
156235,train
156239,train
156242,train
156248,train
156250,train
156274,train
156276,val
156289,val
156293,val
156294,train
156297,val
156298,train
156304,train
156333,val
156336,val
156339,val
156343,train
156344,val
156346,train
156347,val
156350,train
156351,val
156354,val
156356,train
156359,val
156360,train
156362,val
156363,train
156366,val
156368,train
156370,val
156372,train
156375,train
156376,val
156379,val
156380,train
156382,val
156384,train
156386,train
156391,train
156392,val
156394,train
156396,val
156398,train
156401,val
156402,val
156404,train
156408,val
156409,train
156411,train
156412,val
156415,val
156417,train
156419,val
156421,train
156423,val
156424,train
156427,train
156429,val
156431,val
156433,train
156437,train
156438,train
156443,train
156448,train
156450,train
156456,train
156461,train
156463,val
156464,train
156467,val
156469,train
156471,train
156472,val
156476,train
156477,val
156478,val
156480,train
156483,val
156485,train
156488,train
156489,val
156491,train
156492,val
156494,val
156495,train
156498,train
156500,val
156503,train
156505,val
156506,val
156507,train
156511,val
156512,train
156514,val
156517,train
156518,val
156521,train
156524,val
156525,train
156527,val
156529,train
156531,val
156533,train
156535,val
156537,train
156538,val
156544,val
156547,val
156550,val
206329,train
206330,train
206333,train
206334,train
178881,train
118464,train
92672,val
92700,val
92671,val
178854,train
33673,train
31150,val
178858,train
194757,val
31156,val
178845,train
105305,train
118480,train
118484,train
194760,val
31374,val
92696,val
33702,train
130483,train
194754,val
80455,val
178846,train
80460,val
33698,train
178870,train
67704,train
130469,train
80448,val
178873,train
178877,train
33678,train
178883,train
67697,train
178849,train
67700,train
178857,train
118470,train
33668,train
130486,train
49033,train
49038,train
49039,train
49045,train
49078,val
49080,val
145452,train
145454,train
145460,train
145465,train
145474,train
145478,train
159250,train
159257,train
159261,train
159263,train
159268,train
159276,train
159278,train
159282,train
159287,train
159293,train
159296,train
203714,train
72069,train
7564,val
7889,val
7671,train
174927,train
22167,train
84624,train
108947,val
7460,train
197005,train
164607,train
164808,train
84384,train
8100,train
96204,train
7650,train
164594,train
37189,val
196867,train
109366,val
109363,val
84431,train
122175,val
135552,val
21804,val
135464,val
164460,train
135019,val
37274,val
165047,train
122166,train
121809,train
197041,train
109413,val
84244,train
122386,val
84436,train
197018,train
36933,val
52819,train
52823,train
52827,train
52832,train
52837,train
52838,train
52843,train
52847,train
52850,train
52856,train
52859,train
52863,val
52864,train
52867,train
52869,val
52870,val
52872,train
52874,val
52876,train
52880,train
52881,val
52882,val
52885,train
52887,train
52888,val
52890,val
52893,train
52896,val
52897,train
52899,train
52900,val
52902,val
52903,train
52906,val
52907,train
52910,val
52912,train
52914,val
52917,train
52918,val
52921,train
52923,val
52925,train
52927,val
52928,train
52932,val
52933,train
52934,train
52937,val
52939,train
52941,val
52942,train
52945,val
52946,val
52947,train
52950,val
52953,train
52956,train
52957,val
52960,train
52961,val
52964,val
52965,train
52966,val
52969,train
52970,val
52972,train
52974,train
52976,val
52980,train
52981,val
52983,train
52985,val
52986,val
52988,train
52990,val
52992,train
52994,train
52996,val
52998,train
53000,val
53003,train
53004,val
53007,train
53009,val
53010,val
53013,train
53015,train
53017,val
53018,train
53020,val
53023,val
53024,train
53027,train
53028,val
53031,val
53032,train
53034,train
53036,val
53038,train
53039,val
53043,train
53044,val
53048,val
53049,train
53050,train
53053,val
53055,val
53056,train
53059,val
53060,train
53062,val
53065,train
53068,train
53069,val
53071,val
53073,train
53075,train
53076,val
53078,val
53079,train
53082,val
53083,train
53086,val
53089,train
53090,train
53093,val
53096,train
53097,val
53099,train
53101,val
53103,train
53104,val
53107,val
53108,train
53110,val
53111,train
53114,val
53117,train
53119,val
53120,train
53123,val
53124,train
53127,val
53128,train
53131,train
53132,val
53135,train
53137,val
53139,train
53141,val
53143,train
53144,val
53146,train
53148,val
53150,val
53153,train
53154,val
53155,train
53159,val
53161,train
53163,val
53165,train
53166,train
53168,val
53171,train
53173,val
53174,train
53175,val
53179,train
53181,val
53182,train
53184,val
53186,train
53187,val
53190,train
53192,val
53194,val
53195,train
53199,val
53205,val
53208,val
53210,val
53214,val
53218,val
53225,val
53229,val
53233,val
53235,val
53240,val
53243,val
53249,val
53251,val
53257,val
53260,val
53263,val
53268,val
53273,val
53275,val
53281,val
53285,val
53288,val
53291,val
53296,val
53301,val
53302,val
53308,val
53311,val
53314,val
53318,val
53324,val
53328,val
53333,val
53337,val
53340,val
53342,val
53346,val
53351,val
53357,val
53360,val
53362,val
53368,val
53372,val
53376,val
53379,val
53382,val
53386,val
53393,val
53394,val
53398,val
53404,val
53406,val
53411,val
53415,val
53419,val
53423,val
53429,val
53430,val
53437,val
53440,val
53443,val
149699,train
149702,train
149706,train
149712,train
149715,train
149720,train
149722,val
149723,train
149727,val
149729,train
149730,val
149732,train
149734,train
149736,val
149738,train
149739,val
149742,val
149743,train
149746,train
149748,val
149751,val
149752,train
149754,train
149755,val
149758,train
149759,val
149762,val
149764,train
149768,train
149769,val
149770,val
149772,train
149776,val
149777,train
149778,train
149779,val
149782,train
149785,val
149787,val
149788,train
149790,train
149791,val
149795,val
149796,train
149799,val
149800,train
149802,train
149805,val
149806,train
149808,val
149810,val
149812,train
149814,val
149815,train
149818,train
149820,val
149823,val
149824,train
149826,val
149827,train
149830,val
149831,train
149835,val
149836,train
149838,train
149840,val
149842,val
149843,train
149847,val
149849,train
149850,train
149852,val
149855,train
149857,val
149859,train
149861,val
149863,val
149865,train
149868,train
149869,val
149871,val
149873,train
149876,train
149877,val
149878,train
149879,val
149884,train
149885,val
149888,train
149889,val
149892,train
149893,val
149895,train
149896,val
149898,val
149899,train
149902,val
149903,train
149906,val
149908,train
149911,train
149913,val
149914,train
149916,val
149918,val
149921,train
149923,val
149924,train
149926,train
149927,val
149931,train
149932,val
149934,val
149935,train
149938,train
149940,val
149942,train
149945,val
149948,val
149949,train
149951,val
149952,train
149956,train
149957,val
149958,val
149961,train
149962,train
149964,val
149966,train
149968,val
149972,train
149973,val
149975,val
149976,train
149978,val
149979,train
149982,val
149983,train
149986,train
149987,val
149990,train
149991,val
149995,val
149997,train
149999,train
150000,val
150003,train
150004,val
150007,train
150008,val
150011,val
150012,train
150014,val
150015,train
150019,train
150021,val
150022,val
150025,train
150028,val
150029,train
150032,val
150033,train
150036,val
150037,train
150038,train
150041,val
150044,train
150045,val
150047,train
150049,val
150050,train
150052,val
150054,val
150056,train
150059,train
150060,val
150063,train
150065,val
150066,val
150067,train
150070,train
150072,val
150075,val
150077,train
150079,train
150081,val
150082,val
150083,train
150087,train
150089,val
150090,val
150093,train
150095,val
150096,train
150098,train
150099,val
150103,train
150104,val
150107,val
150109,train
150110,train
150111,val
150114,val
150115,train
150119,train
150120,val
150123,val
150125,train
150127,val
150129,train
150130,train
150131,val
150135,val
150136,train
150139,train
150140,val
150144,val
150145,train
150146,train
150149,val
150150,train
150153,val
150156,train
150157,val
150158,val
150160,train
150164,train
150165,val
150167,val
150169,train
150172,val
150173,train
150176,train
150177,val
150178,train
150181,val
150183,val
150184,train
150186,val
150188,train
150191,train
150192,val
150194,val
150195,train
150198,val
150200,train
150202,train
150204,val
150206,val
150207,train
150211,train
150213,val
150214,val
150216,train
150219,train
150221,val
150224,val
150225,train
150227,train
150229,val
150230,val
150232,train
150235,val
150237,train
150238,train
150239,val
150245,val
150247,val
150251,val
150256,val
150260,val
150262,val
203757,train
203758,train
203761,train
203763,train
203765,train
203767,train
203768,train
203771,train
203773,train
203775,train
203776,train
203779,train
203781,train
203783,train
203785,train
203787,train
203789,train
203791,train
203792,train
203794,train
203796,train
203798,train
203801,train
203802,train
203805,train
203807,train
203809,train
203810,train
203813,train
135809,val
37605,train
22942,train
135885,val
8237,train
175071,train
22587,val
37916,train
197359,train
72226,train
8152,train
37530,train
96836,train
84794,train
84768,train
165163,train
182566,val
122227,train
84773,train
37791,val
8018,train
22488,train
72318,train
8124,train
182385,val
175078,train
72233,train
175175,train
167094,val
37708,val
197163,train
167188,val
135722,val
22549,train
72474,train
109803,val
23020,train
37539,val
175075,train
167053,val
53198,train
53202,train
53207,train
53211,train
53215,train
53220,train
53224,train
53226,train
53231,train
53234,train
53241,train
53245,train
53248,train
53250,train
53254,train
53258,train
53264,train
53267,train
53272,train
53274,train
53278,train
53284,train
53287,train
53290,train
53295,train
53298,train
53304,train
53307,train
53313,train
53317,train
53321,train
53323,train
53326,train
53330,train
53336,train
53341,train
53447,val
53450,val
53455,val
53460,val
53464,val
53467,val
53471,val
53476,val
53480,val
53483,val
53488,val
53491,val
53496,val
53500,val
53505,val
53509,val
53510,val
53515,train
53518,train
53522,train
53529,train
53532,train
53537,train
53538,train
53543,train
53546,train
53552,train
53554,train
53560,train
53564,train
53567,train
53571,train
53576,train
53578,train
53584,train
53588,train
53591,train
53596,train
53599,train
53603,train
53606,train
53611,train
53614,train
53619,train
53625,train
53627,train
53633,train
53637,train
53638,train
53642,train
53647,train
53651,train
53655,train
53661,train
53664,train
53668,train
53670,train
53675,train
53681,train
53683,train
53686,train
53693,train
53694,train
53701,train
53702,train
53708,train
53713,train
53714,train
53720,train
53723,train
53726,train
53732,train
53734,train
53740,train
53742,train
53747,train
53750,train
53755,train
53758,train
53765,train
53767,train
53771,train
53777,train
53779,train
53785,train
53789,train
53790,train
53795,train
53799,train
53803,train
53806,train
53813,train
53817,train
53821,train
53824,train
53829,train
53832,train
53836,train
53840,train
53842,train
53847,train
53850,train
53855,train
150243,train
150248,train
150252,train
150254,train
150258,train
150264,train
150267,val
150268,train
150270,val
150273,train
150274,val
150275,train
150278,val
150281,train
150283,train
150285,val
150287,train
150289,val
150291,train
150293,val
150294,val
150297,train
150300,train
150301,val
150303,val
150304,train
150306,val
150309,train
150312,val
150313,train
150316,val
150317,train
150318,train
150320,val
150324,val
150325,train
150328,val
150329,train
150332,val
150333,train
150335,val
150336,train
150339,train
150340,val
150344,train
150345,val
150346,train
150349,val
150350,train
150351,val
150355,val
150356,train
150359,val
150360,train
150363,train
150364,val
150367,train
150369,val
150372,train
150373,val
150375,train
150377,val
150378,train
150380,val
150382,train
150384,val
150387,val
150389,train
150391,train
150393,val
150394,train
150397,val
150400,train
150401,val
150403,train
150405,val
150406,val
150408,train
150410,val
150413,train
150414,val
150417,train
150418,train
150421,val
150422,train
150425,val
150426,train
150428,val
150431,val
150432,train
150435,train
150436,val
150438,val
150440,train
150442,train
150444,val
150446,train
150448,val
150451,val
150453,train
150454,val
150457,train
150458,val
150461,train
150462,train
150464,val
150466,train
150468,val
150471,train
150473,val
150475,train
150477,val
150478,val
150481,train
150483,val
150484,train
150486,val
150488,train
150491,val
150493,train
150495,train
150497,val
150498,val
150499,train
150502,train
150503,val
150506,val
150509,train
150510,val
150513,train
150515,val
150517,train
150519,train
150520,val
150522,train
150524,val
150528,val
150529,train
150532,train
150533,val
150534,val
150537,train
150538,val
150541,train
150542,train
150543,val
150546,train
150547,val
150550,train
150552,val
150554,val
150555,train
150558,val
150559,train
150562,val
150563,train
150566,val
150568,train
150570,train
150571,val
150574,train
150575,val
150580,val
150581,train
150582,train
150585,val
150586,train
150589,val
150591,val
150593,train
150596,train
150597,val
150599,train
150600,val
150602,val
150605,train
150606,train
150607,val
150610,val
150611,train
150614,train
150617,val
150619,train
150621,val
150622,train
150625,val
150626,train
150627,val
150631,val
150632,train
150636,val
150639,val
150645,val
150648,val
150652,val
150655,val
150658,val
150665,val
150669,val
150671,val
150674,val
150678,val
150682,val
150687,val
150692,val
150694,val
150700,val
150703,val
150706,val
150710,val
150715,val
150720,val
150725,val
150729,val
150733,val
150734,val
150738,val
150745,val
150749,val
150750,val
150755,val
150758,val
150762,val
150769,val
150773,val
150776,val
150780,val
150782,val
150786,val
150790,val
150797,val
150801,val
150805,val
150807,val
150812,val
150815,val
150818,val
150822,val
150829,val
150831,val
150834,val
150839,val
150843,val
150848,val
150853,val
150856,val
150858,val
150862,val
150868,val
150872,val
150874,val
150879,val
150883,val
150889,val
150890,val
150894,val
203815,train
203817,train
203819,train
203821,train
203823,train
203824,train
203827,train
203829,train
203830,train
203833,train
203835,train
203837,train
203839,train
203841,train
203842,train
203845,train
203846,train
203849,train
203850,train
203852,train
203855,train
203857,train
203859,train
203860,train
203863,train
203864,train
203866,train
203868,train
203870,train
203873,train
203874,train
203876,train
203878,train
203880,train
203882,train
203885,train
203886,train
203888,train
203891,train
203893,train
203894,train
203896,train
203899,train
203900,train
203902,train
203905,train
203906,train
203909,train
203910,train
203913,train
203915,train
203917,train
203919,train
203920,train
203923,train
203925,train
203926,train
203929,train
203930,train
203932,train
203934,train
203937,train
203938,train
203941,train
203942,train
203944,train
203947,train
203949,train
203950,train
203953,train
203954,train
203956,train
203958,train
203960,train
203963,train
203965,train
203967,train
203969,train
203971,train
203973,train
203975,train
203976,train
203979,train
203981,train
203983,train
203984,train
203986,train
203988,train
203990,train
203993,train
203994,train
203996,train
203998,train
204000,train
204002,train
204005,train
204007,train
204008,train
204010,train
204012,train
204014,train
204016,train
204018,train
204020,train
204023,train
204025,train
204027,train
204029,train
204031,train
204033,train
204035,train
204036,train
204038,train
204040,train
204042,train
204045,train
204047,train
204048,train
204051,train
204053,train
204054,train
204057,train
204059,train
204060,train
204062,train
204064,train
204066,train
204068,train
204070,train
204073,train
204075,train
204077,train
204078,train
204081,train
204082,train
204085,train
204086,train
204088,train
204090,train
204092,train
204095,train
204096,train
204098,train
204100,train
204103,train
204105,train
204107,train
204108,train
204111,train
204113,train
204115,train
204117,train
204119,train
204120,train
204123,train
204124,train
204126,train
204129,train
204130,train
204133,train
204134,train
204137,train
204139,train
204141,train
204143,train
204145,train
204146,train
204149,train
204150,train
204153,train
204154,train
204157,train
204159,train
204160,train
204162,train
204164,train
204166,train
204168,train
204171,train
204173,train
204174,train
204176,train
204178,train
204180,train
204182,train
204185,train
204186,train
204188,train
204191,train
204193,train
204194,train
204196,train
204199,train
204200,train
204202,train
204205,train
204206,train
204209,train
204210,train
204213,train
204215,train
204217,train
204219,train
204221,train
204223,train
204225,train
204227,train
204229,train
204231,train
204233,train
204235,train
204236,train
197723,train
8882,train
110456,val
122820,val
136594,train
110061,val
72799,train
38225,train
38245,train
38366,train
122837,val
8831,train
23337,val
8564,train
167739,val
123122,val
23191,train
72808,train
110450,val
23215,train
23448,train
122850,val
122923,val
72984,train
122880,val
23436,train
134940,val
85234,train
23341,val
136613,train
122883,val
136617,train
85224,train
123128,val
122838,val
97079,train
38668,train
123166,val
122929,val
197730,train
52808,train
52811,train
52815,train
53964,train
53966,train
53972,train
54033,train
54035,train
54040,train
54043,train
54046,train
54050,train
54056,train
54455,train
54459,train
54487,train
54491,train
54494,train
54499,train
54502,train
54509,train
54513,train
54517,train
54520,train
54525,train
54529,train
151107,val
151110,val
151115,val
151120,val
151124,val
151129,val
151133,val
151135,val
151141,val
151142,val
151146,val
151151,val
151155,val
151161,val
151162,val
151168,val
151171,val
151175,val
151178,val
151185,val
151188,val
151192,val
151194,val
151198,val
151203,val
151208,val
151211,val
151215,val
151219,val
151222,val
151227,val
151230,val
151234,val
151239,val
151244,val
151247,val
151251,val
151255,val
151261,val
151264,val
151267,val
151273,val
151276,val
151280,val
151282,val
151286,val
151293,val
151297,val
151300,val
151302,val
151306,val
151310,val
151316,val
151318,val
151325,val
151537,val
151540,val
151545,val
151546,val
151551,val
151554,val
151561,val
151563,val
151567,val
151572,val
151574,val
151579,val
151584,val
151588,val
151593,val
151597,val
151599,val
151604,val
151607,val
204294,train
204297,train
204304,train
204307,train
204309,train
204311,train
204312,train
204450,train
204452,train
204455,train
204457,train
204458,train
204460,train
204463,train
204465,train
204466,train
204468,train
204470,train
204472,train
96909,train
22819,val
122604,val
72653,train
197526,train
122772,val
122685,train
72569,train
8405,train
122703,train
23105,train
165327,train
167462,val
122677,train
122768,val
122735,val
96911,train
72754,train
109942,val
122580,train
72613,train
135995,val
96956,train
37850,val
122730,val
167402,val
136069,val
167499,val
8343,train
8349,train
110031,val
122687,train
136057,val
122679,val
197521,train
122647,train
136097,val
96941,train
72564,train
175299,train
53344,train
53347,train
53350,train
53355,train
53358,train
53365,train
53367,train
53370,train
53374,train
53381,train
53385,train
53389,train
53390,train
53395,train
53400,train
53405,train
53407,train
53413,train
53416,train
53420,train
53422,train
53426,train
53433,train
53435,train
53438,train
53444,train
53446,train
53452,train
53454,train
53459,train
53465,train
53468,train
53860,train
53864,train
53867,train
53872,train
53877,train
53880,train
53883,train
53887,train
53891,train
53895,train
53901,train
53905,train
53909,train
53913,train
53916,train
53921,train
53924,train
53929,train
53930,train
53934,train
53941,train
53945,train
53947,train
53953,train
53957,train
53961,train
150637,train
150641,train
150643,train
150646,train
150650,train
150654,train
150659,train
150664,train
150667,train
150673,train
150675,train
150679,train
150683,train
150686,train
150690,train
150695,train
150698,train
150705,train
150707,train
150712,train
150716,train
150718,train
150722,train
150728,train
150731,train
150736,train
150740,train
150743,train
150747,train
150752,train
150756,train
150759,train
150763,train
150766,train
150772,train
150774,train
150779,train
150784,train
150789,train
150792,train
150794,train
150799,train
150804,train
150806,train
150811,train
150817,train
150820,train
150824,train
150827,train
150830,train
150835,train
150841,train
150842,train
150846,train
150851,train
150854,train
150860,train
150863,train
150866,train
150870,train
150877,train
150881,train
150884,train
150886,train
150891,train
150897,train
150899,train
150900,val
150904,train
150905,val
150906,val
150909,train
150910,train
150912,val
150914,val
150915,train
150918,val
150921,train
150923,val
150925,train
150927,train
150928,val
150930,val
150933,train
150934,train
150935,val
150940,train
150941,val
150943,val
150945,train
150946,val
150949,train
150950,train
150952,val
150954,train
150955,val
150958,val
150960,train
150962,val
150965,train
150968,val
150969,train
150970,val
150972,train
150974,val
150975,train
150979,val
150980,train
150983,val
150985,train
150986,val
150987,train
150990,val
150993,train
150995,val
150998,val
151003,val
151008,val
151010,val
151016,val
204238,train
204240,train
204243,train
204244,train
204246,train
204248,train
204251,train
204253,train
204255,train
204257,train
204259,train
204261,train
204263,train
204264,train
204266,train
204268,train
204270,train
204272,train
204274,train
204276,train
204278,train
204280,train
204283,train
204285,train
204287,train
204289,train
204291,train
204293,train
167684,val
23276,val
23051,val
38569,val
197692,train
97323,train
38241,val
136391,train
110234,val
136428,train
165512,train
38089,val
110310,val
8558,train
136366,train
123025,train
23146,val
136182,val
136410,train
97157,train
38460,val
165436,train
38353,val
197645,train
8756,train
136430,train
38201,train
85216,train
37989,val
23365,train
97214,train
8575,train
110257,val
38396,train
22899,val
167720,val
197614,train
136381,train
22968,val
136379,train
53472,train
53477,train
53481,train
53482,train
53489,train
53492,train
53495,train
53501,train
53503,train
53508,train
53512,train
53514,train
53520,train
53523,train
53526,train
53531,train
53536,train
53540,train
53545,train
53547,train
53553,train
53556,train
53561,train
53563,train
53568,train
53570,train
53574,train
53581,train
53585,train
53587,train
53590,train
53595,train
53598,train
53602,train
53607,train
53613,train
53617,train
53618,train
53622,train
53626,train
53632,train
53635,train
53641,train
53645,train
53649,train
53650,train
53654,train
53659,train
53663,train
53666,train
53672,train
53674,train
53680,train
53685,train
53687,train
53690,train
53695,train
53699,train
53703,train
53706,train
53711,train
53717,train
53719,train
53722,train
53729,train
53730,train
53736,train
53741,train
53743,train
53749,train
53751,train
53756,train
53759,train
53763,train
53769,train
53773,train
53776,train
53778,train
53783,train
53786,train
53793,train
53796,train
53800,train
53804,train
53808,train
53811,train
53815,train
53818,train
53822,train
53827,train
53830,train
53835,train
53841,train
53844,train
53848,train
53851,train
53857,train
53861,train
53863,train
53869,train
53871,train
53876,train
53878,train
53882,train
53886,train
53892,train
53894,train
53900,train
53904,train
53907,train
53910,train
53914,train
53918,train
53922,train
53926,train
53932,train
53937,train
53940,train
53943,train
53949,train
53952,train
53954,train
53960,train
53965,train
53968,train
53971,train
53975,train
53976,train
53978,train
53980,train
53984,train
53985,train
53986,train
53988,train
53991,train
53993,train
53995,train
53996,train
54000,train
54001,train
54003,train
54005,train
54006,train
54007,train
54011,train
54012,train
54015,train
54016,train
54019,train
54020,train
54022,train
54025,train
54027,train
54029,train
54032,train
54037,train
54038,train
54042,train
54047,train
54052,train
54054,train
54059,train
54060,train
54062,train
54063,train
54066,train
54067,train
54072,train
54073,train
54075,train
54077,train
54078,train
54079,train
54083,train
54084,train
54086,train
54088,train
54091,train
54093,train
54095,train
54097,train
54098,train
54099,train
54102,train
54105,train
54107,train
54109,train
54110,train
54111,train
54115,train
54117,train
54120,train
54121,train
54124,train
54125,train
54126,train
54128,train
54131,train
54133,train
54135,train
54136,train
54140,train
54141,train
54142,train
54145,train
54146,train
54147,train
54151,train
54153,train
54154,train
54156,train
54158,train
54159,train
54163,train
54164,train
54168,train
54169,train
54172,train
54173,train
54174,train
54175,train
54178,train
54181,train
54184,train
54185,train
54186,train
54187,train
54190,train
54193,train
54195,train
54196,train
54199,train
54200,train
54203,train
54205,train
54206,train
54207,train
54210,train
54213,train
54214,train
54215,train
54220,train
54221,train
54222,train
54224,train
54227,train
54228,train
54231,train
54232,train
54234,train
54236,train
54239,train
54241,train
54243,train
54245,train
54246,train
54248,train
54252,train
54253,train
54256,train
54257,train
54259,train
54261,train
54262,train
54264,train
54268,train
54269,train
54270,train
54273,train
54276,train
54277,train
54279,train
54280,train
54282,train
54283,train
54286,train
54287,train
54292,train
54293,train
54295,train
54297,train
54298,train
54301,train
54303,train
54305,train
54306,train
54308,train
54310,train
54311,train
54315,train
54316,train
54319,train
54320,train
54323,train
54324,train
54326,train
54329,train
54330,train
54331,train
54335,train
54336,train
54338,train
54341,train
54343,train
54344,train
54346,train
54349,train
54351,train
54352,train
54355,train
54357,train
54360,train
54361,train
54362,train
54364,train
54366,train
54368,train
54370,train
54372,train
54374,train
54376,train
54379,train
54380,train
54382,train
54385,train
54386,train
54388,train
54390,train
54392,train
54396,train
54397,train
54398,train
54400,train
54402,train
54405,train
54407,train
54408,train
54411,train
54413,train
54414,train
54417,train
54420,train
54421,train
54424,train
54425,train
54428,train
54429,train
54431,train
54432,train
54434,train
54437,train
54440,train
54441,train
54442,train
54444,train
54446,train
54449,train
54452,train
54453,train
54454,train
54461,train
54465,train
54469,train
54472,train
54477,train
54481,train
54482,train
150996,train
150999,train
151002,train
151006,train
151012,train
151014,train
151019,val
151020,train
151024,train
151025,val
151028,train
151029,val
151030,val
151031,train
151034,train
151035,val
151038,train
151040,val
151043,train
151045,val
151046,val
151047,train
151051,train
151053,val
151055,train
151057,val
151058,val
151061,train
151062,train
151063,val
151066,val
151068,train
151070,val
151073,train
151076,val
151077,train
151078,val
151079,train
151083,val
151084,train
151086,val
151087,train
151091,val
151093,train
151094,train
151097,val
151098,train
151101,val
151103,val
151105,train
151108,train
151112,train
151116,train
151118,train
151122,train
151128,train
151132,train
151136,train
151138,train
151144,train
151149,train
151150,train
151154,train
151158,train
151163,train
151167,train
151173,train
151177,train
151181,train
151184,train
151186,train
151190,train
151195,train
151201,train
151205,train
151209,train
151213,train
151216,train
151220,train
151224,train
151226,train
151231,train
151237,train
151240,train
151242,train
151246,train
151250,train
151257,train
151260,train
151265,train
151269,train
151271,train
151274,train
151281,train
151285,train
151289,train
151292,train
151294,train
151301,train
151303,train
151307,train
151311,train
151314,train
151321,train
151323,train
151327,val
151328,train
151330,val
151331,train
151336,val
151337,train
151340,val
151341,train
151342,train
151345,val
151348,train
151349,val
151351,val
151353,train
151356,val
151357,train
151358,val
151361,train
151363,val
151365,train
151367,train
151368,val
151370,train
151373,val
151374,train
151376,val
151378,train
151381,val
151382,val
151385,train
151387,train
151389,val
151390,val
151393,train
151395,train
151397,val
151399,train
151400,val
151402,train
151404,val
151406,train
151408,val
151410,train
151411,val
151414,val
151416,train
151419,train
151420,val
151422,val
151424,train
151426,train
151428,val
151430,train
151433,val
151434,train
151435,val
151438,val
151441,train
151444,train
151445,val
151446,val
151448,train
151451,val
151452,train
151456,train
151457,val
151458,train
151459,val
151464,val
151465,train
151467,train
151469,val
151470,val
151471,train
151474,val
151475,train
151478,train
151480,val
151484,train
151485,val
151486,val
151488,train
151490,val
151493,train
151496,val
151497,train
151498,train
151501,val
151502,val
151505,train
151507,train
151509,val
151510,train
151512,val
151514,train
151516,val
151520,train
151521,val
151522,val
151525,train
151526,val
151527,train
151532,val
204299,train
204300,train
204302,train
204314,train
204316,train
204319,train
204320,train
204323,train
204325,train
204327,train
204329,train
204331,train
204333,train
204335,train
204336,train
204339,train
204340,train
204343,train
204345,train
204347,train
204349,train
204350,train
204353,train
204355,train
204357,train
204359,train
204360,train
204362,train
204364,train
204367,train
204368,train
204370,train
204373,train
204375,train
204377,train
204379,train
204380,train
204382,train
204385,train
204386,train
204389,train
204390,train
204392,train
204394,train
204397,train
204398,train
204401,train
204403,train
204405,train
204407,train
204409,train
204410,train
204412,train
204414,train
204416,train
204419,train
204421,train
204423,train
204425,train
204427,train
204429,train
204431,train
204432,train
204434,train
204436,train
204439,train
204440,train
204443,train
204444,train
204446,train
204449,train
171291,val
194376,val
129574,train
67123,val
116638,train
116661,train
92184,val
30522,val
67095,val
194363,val
171280,val
30492,val
129586,train
194361,val
67117,val
194370,val
178524,train
30484,val
67142,val
92204,val
194356,val
79833,val
30499,val
178528,train
116688,train
129606,train
129565,train
104167,train
79823,val
67106,val
178513,train
129595,train
171275,val
129554,train
116670,train
116676,train
194380,val
194365,val
171267,val
30490,val
48191,val
48197,val
48202,val
48206,val
48207,val
48211,val
48216,val
48221,val
48225,val
48227,val
48232,val
144407,train
144410,train
144414,train
144420,train
144424,train
144428,train
144430,train
144436,train
144441,train
144444,train
144447,train
144452,train
144454,train
144458,train
144465,train
144469,train
144473,train
144477,train
158564,train
158568,train
158573,train
158577,train
158579,train
158582,train
158587,train
158590,train
158596,train
158601,train
158605,train
158606,train
104077,train
171206,val
129466,train
194324,val
178464,train
116584,train
194304,val
30417,val
129404,val
79634,train
178421,train
29911,val
129435,train
178479,train
30318,val
79638,train
178472,train
66837,train
129452,train
92045,val
30434,val
79723,train
129533,train
116608,train
104144,train
129496,train
129463,val
30471,val
67065,val
29956,val
129437,val
79668,val
79713,train
104098,train
92122,val
79624,train
79740,val
66857,train
29900,val
79712,val
48087,train
48094,train
48095,train
48100,val
48102,train
48103,train
48105,val
48107,val
48109,train
48112,val
48113,train
48116,val
48117,train
48121,val
48122,train
48123,train
48125,val
48127,val
48129,train
48131,val
48133,train
48135,val
48138,train
48140,val
48141,train
48143,train
48146,val
48147,val
48148,train
48151,val
48152,train
48155,val
48157,train
48161,val
48162,train
48165,val
48170,val
48172,val
48177,val
48181,val
48186,val
48187,val
144168,train
144173,train
144177,train
144178,train
144185,train
144186,train
144187,train
144190,train
144192,train
144194,train
144195,train
144200,train
144201,train
144203,train
144204,train
144207,train
144209,train
144212,train
144213,train
144214,train
144217,train
144218,train
144219,train
144223,train
144224,train
144226,train
144228,train
144230,train
144233,train
144236,train
144237,train
144240,train
144241,train
144244,train
144245,train
144246,train
144248,train
144250,train
144251,train
144254,train
144257,train
144259,train
144261,train
144262,train
144265,train
144266,train
144269,train
144270,train
144273,train
144274,train
144275,train
144278,train
144280,train
144283,train
144285,train
144287,train
144289,train
144290,train
144293,train
144295,train
144296,train
144298,train
144301,train
144302,train
144305,train
144307,train
144309,train
144311,train
144313,train
144315,train
144317,train
144319,train
144321,train
144322,train
144324,train
144326,train
144328,train
144330,train
144332,train
144335,train
144337,train
144339,train
144340,train
144343,train
144344,train
144346,train
144347,train
144351,train
144353,train
144356,train
144357,train
144359,train
144360,train
144363,train
144365,train
144367,train
144368,train
144371,train
144372,train
144375,train
144376,train
144379,train
144384,train
144389,train
144390,train
144395,train
144398,train
144402,train
158316,train
158321,train
158323,train
158328,train
158329,train
158332,train
158333,train
158335,train
158336,train
158339,train
158340,train
158342,train
158345,train
158348,train
158349,train
158351,train
158353,train
158354,train
158355,train
158359,train
158360,train
158363,train
158364,train
158366,train
158367,train
158372,train
158373,train
158374,train
158377,train
158378,train
158381,train
158382,train
158385,train
158387,train
158389,train
158392,train
158393,train
158395,train
158396,train
158399,train
158400,train
158402,train
158404,train
158406,train
158409,train
158412,train
158413,train
158416,train
158417,train
158418,train
158420,train
158423,train
158425,train
158426,train
158427,train
158430,train
158431,train
158434,train
158437,train
158438,train
158441,train
158442,train
158444,train
158446,train
158448,train
158450,train
158453,train
158454,train
158456,train
158458,train
158460,train
158462,train
158463,train
158467,train
158469,train
158471,train
158472,train
158474,train
158477,train
158478,train
158481,train
158483,train
158485,train
158487,train
158488,train
158490,train
158492,train
158496,train
158497,train
158499,train
158501,train
158504,train
158505,train
158506,train
158509,train
158510,train
158513,train
158514,train
158517,train
158518,train
158520,train
158524,train
158525,train
158526,train
158528,train
158530,train
158531,train
158534,train
158536,train
158540,train
158543,train
158546,train
158553,train
158556,train
158560,train
194273,val
103821,train
66643,train
79411,val
29593,val
178327,train
66775,val
66644,val
66797,val
30069,val
178383,train
79528,train
91900,val
170928,val
103843,train
129245,val
194223,val
129023,train
103954,train
129009,train
66581,train
194135,val
129199,train
30089,val
91838,val
66944,val
91581,val
194228,val
194154,val
129164,val
15106,train
103830,train
129348,train
30149,val
79591,val
30211,val
128988,train
29957,val
91797,val
194112,val
47598,train
47601,train
47606,train
47609,train
47613,train
47616,train
47621,train
47623,train
47624,val
47629,val
47630,train
47632,train
47634,val
47635,val
47636,train
47640,val
47641,train
47644,val
47646,train
47648,train
47650,val
47652,train
47654,val
47655,val
47656,train
47659,val
47660,train
47663,train
47665,val
47668,val
47670,train
47673,train
47674,val
47677,train
47678,val
47680,val
47682,train
47684,val
47685,train
47688,val
47689,train
47693,val
47700,val
47701,train
47703,train
47706,val
47708,val
47709,train
47712,train
47714,val
47715,val
47718,train
47719,val
47721,train
47723,train
47724,val
47727,val
47729,train
47731,train
47733,val
47736,val
47737,train
47740,val
47741,train
47744,train
47745,val
47748,val
47750,train
47751,val
47753,train
47757,val
47758,train
47760,val
47762,train
47763,val
47766,train
47769,train
47770,val
47771,train
47772,val
47776,val
47778,train
47780,train
47782,val
47783,train
47784,val
47787,train
47790,val
47792,val
47793,train
47795,val
47796,train
47799,train
47800,val
47804,val
47806,train
47808,val
47809,train
47812,train
47814,val
47815,train
47817,val
47819,val
47821,train
47824,train
47826,val
47828,train
47829,val
47833,train
47834,val
47837,val
47838,train
47839,val
47841,train
47845,train
47846,val
47848,train
47850,val
47852,val
47853,train
47855,train
47856,val
47861,train
47862,val
47863,val
47865,train
47869,train
47870,val
47873,train
47874,val
47875,train
47877,val
47881,train
47882,val
47883,val
47886,train
47889,val
47890,train
47892,val
47893,train
47897,val
47898,train
47900,train
47902,val
47903,val
47906,train
47907,train
47910,val
47911,train
47914,val
47915,train
47916,val
47919,val
47920,train
47924,val
47926,train
47927,val
47930,train
47932,val
47934,train
47935,val
47936,train
47939,train
47941,val
47945,val
47946,train
47949,train
47950,val
47952,train
47954,val
47957,train
47958,val
47959,train
47962,val
47963,val
47964,train
47967,val
47970,train
47973,val
47974,train
47977,val
47978,train
47981,val
47982,train
47983,val
47985,train
47987,train
47988,val
47991,train
47994,val
47995,train
47998,val
47999,train
48000,val
48004,train
48006,val
48007,val
48008,train
48011,val
48012,train
48016,train
48017,val
48019,val
48020,train
48023,val
48024,train
48027,train
48029,val
48033,train
48034,val
48038,val
48041,val
48046,val
48049,val
48051,train
48054,val
48055,train
48058,val
48061,val
48066,val
48068,val
48071,val
48076,val
48082,val
48083,val
48088,val
48091,val
48098,val
143801,train
143803,train
143807,train
143810,train
143815,train
143818,train
143823,train
143825,train
143828,train
143829,train
143831,train
143832,train
143835,train
143837,train
143839,train
143840,train
143843,train
143845,train
143846,train
143849,train
143850,train
143852,train
143854,train
143856,train
143859,train
143861,train
143863,train
143865,train
143866,train
143867,train
143871,train
143872,train
143874,train
143876,train
143878,train
143879,train
143882,train
143884,train
143886,train
143887,train
143892,train
143893,train
143894,train
143896,train
143898,train
143901,train
143904,train
143905,train
143908,train
143909,train
143912,train
143913,train
143915,train
143916,train
143918,train
143921,train
143922,train
143924,train
143927,train
143928,train
143930,train
143932,train
143936,train
143937,train
143938,train
143939,train
143944,train
143945,train
143947,train
143949,train
143951,train
143952,train
143955,train
143957,train
143958,train
143961,train
143962,train
143963,train
143966,train
143969,train
143970,train
143971,train
143974,train
143977,train
143979,train
143981,train
143982,train
143984,train
143988,train
143989,train
143992,train
143993,train
143994,train
143996,train
143999,train
144000,train
144002,train
144004,train
144006,train
144008,train
144011,train
144012,train
144014,train
144015,train
144018,train
144020,train
144022,train
144024,train
144026,train
144027,train
144030,train
144032,train
144034,train
144037,train
144038,train
144040,train
144043,train
144044,train
144046,train
144049,train
144050,train
144053,train
144055,train
144056,train
144059,train
144060,train
144062,train
144064,train
144067,train
144069,train
144071,train
144073,train
144074,train
144075,train
144078,train
144079,train
144082,train
144084,train
144087,train
144089,train
144090,train
144091,train
144094,train
144097,train
144100,train
144101,train
144103,train
144104,train
144106,train
144107,train
144110,train
144114,train
144120,train
144123,train
144129,train
144130,train
144135,train
144141,train
144143,train
144149,train
144153,train
144156,train
144158,train
144163,train
144167,train
144170,train
144174,train
144181,train
144183,train
158026,train
158033,train
158034,train
158041,train
158042,train
158043,train
158046,train
158047,train
158051,train
158053,train
158054,train
158055,train
158058,train
158060,train
158063,train
158065,train
158066,train
158068,train
158071,train
158073,train
158075,train
158076,train
158080,train
158081,train
158083,train
158085,train
158086,train
158088,train
158090,train
158093,train
158095,train
158096,train
158099,train
158100,train
158102,train
158105,train
158106,train
158108,train
158111,train
158113,train
158115,train
158117,train
158120,train
158121,train
158122,train
158124,train
158126,train
158127,train
158130,train
158131,train
158134,train
158137,train
158138,train
158139,train
158142,train
158143,train
158146,train
158148,train
158150,train
158153,train
158154,train
158156,train
158159,train
158161,train
158164,train
158165,train
158166,train
158169,train
158170,train
158171,train
158174,train
158175,train
158178,train
158179,train
158183,train
158184,train
158187,train
158188,train
158190,train
158192,train
158195,train
158197,train
158200,train
158201,train
158202,train
158204,train
158207,train
158209,train
158211,train
158213,train
158215,train
158216,train
158218,train
158221,train
158224,train
158225,train
158227,train
158228,train
158232,train
158233,train
158235,train
158237,train
158238,train
158239,train
158243,train
158244,train
158247,train
158248,train
158251,train
158252,train
158255,train
158257,train
158260,train
158263,train
158266,train
158273,train
158277,train
158278,train
158282,train
158286,train
158292,train
158295,train
158299,train
158305,train
158306,train
158311,train
158314,train
158320,train
158325,train
66476,val
128646,val
79261,val
79270,val
66343,train
91269,val
14860,train
79332,val
128855,train
194028,val
29549,val
79154,train
178281,train
170367,val
143385,train
103731,train
29275,val
78980,train
178317,train
91284,val
194003,val
128891,val
193996,val
79251,val
128910,val
79089,val
66286,train
29740,val
91462,val
178239,train
14897,train
66313,train
170500,val
14903,train
143411,val
14393,train
128825,val
28874,val
29010,val
91436,val
47129,train
47133,train
47138,train
47139,train
47143,train
47150,train
47151,train
47156,train
47162,train
47165,train
47169,train
47172,train
47178,train
47180,train
47186,train
47189,train
47192,train
47196,train
47202,train
47206,train
47210,train
47211,train
47215,train
47222,train
47224,train
47229,train
47233,train
47235,train
47240,train
47243,train
47248,train
47254,train
47257,train
47261,train
47263,train
47270,train
47274,train
47277,train
47282,train
47283,train
47290,train
47291,train
47298,train
47299,train
47303,train
47310,train
47313,train
47317,train
47322,train
47324,train
47328,val
47329,train
47331,val
47332,train
47337,val
47338,train
47340,train
47345,train
47349,train
47352,train
47357,train
47360,train
47366,train
47369,train
47372,train
47378,train
47379,train
47386,train
47390,train
47391,train
47396,train
47401,train
47406,train
47410,train
47414,train
47416,train
47421,train
47425,train
47429,train
47432,train
47434,val
47435,train
47438,val
47440,val
47442,train
47443,train
47444,val
47447,val
47450,train
47451,val
47453,train
47456,train
47458,val
47460,val
47462,train
47464,val
47466,train
47468,train
47470,val
47473,train
47474,val
47476,train
47478,val
47479,val
47480,train
47485,train
47486,val
47488,val
47489,train
47492,train
47493,val
47495,val
47497,train
47499,val
47500,train
47503,val
47505,train
47507,train
47509,val
47511,train
47512,val
47515,val
47518,train
47519,train
47522,val
47524,train
47526,val
47528,train
47529,val
47531,val
47532,train
47536,val
47537,train
47539,val
47540,train
47544,val
47546,train
47548,train
47550,val
47552,train
47554,val
47557,val
47558,train
47560,val
47561,train
47563,train
47565,val
47567,val
47570,train
47572,val
47574,train
47575,train
47578,val
47581,train
47582,val
47583,val
47586,train
47587,val
47588,train
47592,val
47594,train
47597,val
47599,val
47605,val
47610,val
47611,val
47617,val
47619,val
143479,train
143482,train
143486,train
143488,train
143490,train
143491,train
143494,train
143497,train
143498,train
143500,train
143502,train
143505,train
143508,train
143509,train
143510,train
143512,train
143514,train
143517,train
143519,train
143521,train
143522,train
143523,train
143528,train
143529,train
143530,train
143531,train
143535,train
143537,train
143539,train
143541,train
143542,train
143545,train
143548,train
143549,train
143551,train
143552,train
143556,train
143557,train
143558,train
143559,train
143563,train
143565,train
143566,train
143569,train
143571,train
143573,train
143576,train
143577,train
143578,train
143581,train
143582,train
143584,train
143587,train
143589,train
143590,train
143593,train
143594,train
143596,train
143598,train
143599,train
143603,train
143605,train
143606,train
143609,train
143610,train
143613,train
143615,train
143617,train
143618,train
143619,train
143623,train
143625,train
143627,train
143628,train
143630,train
143631,train
143635,train
143637,train
143638,train
143641,train
143642,train
143645,train
143646,train
143647,train
143651,train
143653,train
143654,train
143655,train
143658,train
143661,train
143662,train
143665,train
143666,train
143667,train
143670,train
143673,train
143676,train
143677,train
143679,train
143681,train
143683,train
143685,train
143687,train
143688,train
143690,train
143691,train
143694,train
143697,train
143698,train
143701,train
143702,train
143704,train
143708,train
143709,train
143710,train
143713,train
143716,train
143717,train
143719,train
143720,train
143722,train
143725,train
143727,train
143728,train
143730,train
143732,train
143735,train
143737,train
143738,train
143740,train
143742,train
143743,train
143747,train
143749,train
143751,train
143753,train
143754,train
143755,train
143759,train
143761,train
143763,train
143765,train
143767,train
143769,train
143772,train
143773,train
143774,train
143777,train
143778,train
143779,train
143783,train
143784,train
143786,train
143787,train
143791,train
143792,train
143795,train
143797,train
143800,train
143805,train
143806,train
143813,train
143816,train
143820,train
157811,train
157814,train
157818,train
157823,train
157827,train
157830,train
157834,train
157841,train
157844,train
157848,train
157850,train
157855,train
157858,train
157863,train
157869,train
157871,train
157875,train
157877,train
157878,train
157881,train
157884,train
157885,train
157886,train
157889,train
157891,train
157892,train
157895,train
157896,train
157899,train
157900,train
157904,train
157905,train
157907,train
157908,train
157911,train
157913,train
157914,train
157917,train
157919,train
157921,train
157922,train
157924,train
157927,train
157928,train
157931,train
157933,train
157935,train
157937,train
157939,train
157940,train
157942,train
157944,train
157947,train
157949,train
157950,train
157953,train
157954,train
157955,train
157958,train
157959,train
157963,train
157964,train
157967,train
157969,train
157970,train
157972,train
157974,train
157977,train
157980,train
157981,train
157982,train
157984,train
157987,train
157989,train
157990,train
157991,train
157994,train
157996,train
157999,train
158000,train
158002,train
158003,train
158006,train
158007,train
158012,train
158013,train
158014,train
158015,train
158018,train
158019,train
158022,train
158024,train
158028,train
158032,train
158035,train
158040,train
199419,train
113406,train
199459,train
199437,train
199424,train
167786,train
125826,train
26274,train
11808,train
199445,train
199406,train
199408,train
75548,train
139796,train
75531,train
139754,train
63323,val
125740,val
125710,val
113409,train
63327,val
167785,train
125775,val
75495,train
11807,train
88472,train
75502,train
125752,val
113393,train
125817,train
167779,train
199449,train
199417,train
63317,val
139782,train
88484,train
125790,val
139803,train
75491,train
199453,train
41556,train
41562,train
41564,train
41567,train
41574,train
41578,train
41590,train
41594,train
41597,train
100884,train
100886,train
100893,train
100897,train
100898,train
100902,train
100908,train
154561,train
154563,train
154566,train
154572,train
154575,train
154579,train
154583,train
154584,val
154587,val
154593,val
154596,val
154599,val
154602,val
154609,val
154612,val
154617,val
205851,train
205852,train
205855,train
205857,train
205859,train
205860,train
205862,train
194834,val
130584,train
105435,train
67985,val
194843,val
31653,val
178900,train
130631,train
80548,train
130570,train
67993,val
80540,val
31478,val
31672,val
194858,val
31526,val
80628,train
31853,val
194806,val
92932,train
80665,train
31818,val
33729,train
118616,train
31696,val
130588,train
33735,train
80558,val
32050,val
92902,train
31617,val
67946,train
194838,val
105448,train
33802,train
68003,val
33708,train
80622,train
31269,val
194874,val
49048,train
49052,train
49056,train
49061,train
49063,train
49069,train
49073,train
49077,train
49082,train
49084,train
49087,train
49094,train
49095,train
49102,train
49103,train
49110,train
49114,train
49118,train
49121,train
49123,train
49130,train
49133,train
49138,train
49139,train
49146,train
49150,train
49152,train
49157,train
49159,train
49165,train
49170,train
49171,train
49176,train
49180,train
49183,train
49189,train
49193,train
49196,train
49202,train
49204,train
49210,train
49213,train
49216,train
49219,train
49226,train
49229,train
49234,train
49236,train
49240,train
49244,train
49250,train
49252,train
49256,train
49259,train
49264,train
49267,train
49272,train
49278,train
49279,train
49280,val
49283,val
49284,train
49288,val
49290,train
49293,val
49294,train
49296,val
49298,train
49300,val
49301,train
49303,train
49305,val
49308,val
49309,train
49312,val
49317,val
49321,val
49323,val
49328,val
49333,val
49336,val
145467,train
145473,train
145475,train
145479,train
145485,train
145487,train
145492,train
145494,train
145501,train
145503,train
145507,train
145512,train
145517,train
145518,train
145524,train
145527,train
145532,train
145537,train
145538,train
145542,train
145547,train
145553,train
145556,train
145561,train
145564,train
145568,train
145572,train
145575,train
145578,train
145585,train
145587,train
145590,train
145595,train
145600,train
145605,train
145609,train
145612,train
145615,train
145620,train
145623,train
145628,train
145631,train
145634,train
145639,train
145644,train
145647,train
145650,train
145656,train
145660,train
145662,train
145666,train
145671,train
145675,train
145681,train
145685,train
145689,train
145692,train
145696,train
145697,train
145698,train
145700,train
145702,train
145704,train
145706,train
145710,train
145716,train
145720,train
145723,train
145728,train
145733,train
145736,train
159271,train
159277,train
159280,train
159283,train
159286,train
159292,train
159297,train
159299,train
159304,train
159309,train
159313,train
159315,train
159318,train
159324,train
159327,train
159333,train
159337,train
159340,train
159344,train
159347,train
159352,train
159354,train
159361,train
159363,train
159367,train
159370,train
159375,train
159379,train
159384,train
159388,train
159390,train
159394,train
159400,train
159404,train
159407,train
159413,train
159416,train
159419,train
159425,train
159426,train
159432,train
159437,train
159440,train
159442,train
159447,train
159451,train
159454,train
159458,train
159463,train
159465,train
159466,train
159467,train
159472,train
159473,train
159474,train
159476,train
159478,train
159479,train
159483,train
159484,train
159486,train
159487,train
159490,train
159491,train
159496,train
159497,train
159500,train
159501,train
159502,train
159504,train
159507,train
159511,train
159517,train
159521,train
159522,train
160860,train
160862,train
160866,train
160870,train
160876,train
160880,train
160883,train
160888,train
160892,train
160895,train
160899,train
160905,train
160909,train
160911,train
160916,train
160919,train
160924,train
160927,train
160932,train
160934,train
160941,train
160943,train
160946,train
160951,train
160956,train
160961,train
160964,train
160968,train
160972,train
160975,train
160981,train
160984,train
162702,train
162707,train
162711,train
162717,train
162720,train
162725,train
162728,train
162730,train
162736,train
162739,train
162745,train
162747,train
162752,train
162756,train
162758,train
162763,train
162766,train
162772,train
162777,train
162780,train
162783,train
162787,train
162790,train
162797,train
162800,train
162804,train
162809,train
162811,train
162814,train
162820,train
162825,train
162828,train
162831,train
162837,train
162841,train
162843,train
162846,train
162852,train
162856,train
162860,train
162865,train
162866,train
162872,train
162876,train
162879,train
162883,train
162887,train
162892,train
162897,train
162900,train
162904,train
162906,train
162913,train
162915,train
162918,train
162923,train
162928,train
12989,train
31123,val
33641,train
33645,train
67668,train
67675,train
80418,val
80424,val
130434,train
130441,train
130444,train
194742,val
194744,val
49017,train
145427,train
145431,train
159231,train
159235,train
73583,train
198054,train
137249,train
183106,val
137162,train
24029,val
123577,val
166063,train
111095,val
165971,train
39028,val
137312,train
168307,val
123552,train
73648,train
183206,val
123531,val
24005,val
197993,train
39105,val
166047,train
137212,train
183228,val
166068,train
137198,train
175672,train
183093,val
73392,train
168286,val
24001,val
183238,val
9377,train
183222,val
198005,train
183166,val
137231,train
198141,train
137183,train
39113,train
123551,val
55003,train
55008,train
55010,train
55014,train
55021,train
55024,train
55028,train
55033,train
55035,train
55038,train
55042,train
55048,train
55053,train
55054,train
55058,train
55060,train
55063,train
55065,train
55066,train
55068,train
55070,train
55073,train
55075,train
55077,train
55079,train
55080,train
55084,train
55085,train
55086,train
55089,train
55091,train
55093,train
55096,train
55097,train
55099,train
55100,train
55103,train
55104,train
55107,train
55109,train
55110,train
55112,train
55116,train
55117,train
55120,train
55121,train
55123,train
55125,train
55127,train
55129,train
55130,train
55133,train
55134,train
55135,train
55138,train
55140,train
55142,train
55145,train
55147,train
55148,train
55151,train
55152,train
55155,train
55156,train
55158,train
55160,train
55163,train
55165,train
55166,train
55168,train
55171,train
55172,train
55174,train
55176,train
55178,train
55181,train
55183,train
55185,train
55187,train
55189,train
55190,train
55192,train
55195,train
55196,train
55198,train
55201,train
55204,train
55205,train
55206,train
55207,train
55211,train
55212,train
55216,train
55217,train
55218,train
55219,train
55223,train
55224,train
55226,train
55229,train
55230,train
55233,train
55236,train
55237,train
55240,train
55241,train
55242,train
55244,train
55247,train
55248,train
55252,train
55253,train
55256,train
55257,train
55258,train
55261,train
55263,train
55265,train
55266,train
55269,train
55270,train
55272,train
55274,train
55276,train
55278,train
55281,train
55284,train
55285,train
55288,train
55289,train
55290,train
55293,train
55294,train
55297,train
55298,train
55300,train
55303,train
55305,train
55307,train
55308,train
55310,train
55313,train
55315,train
55316,train
55320,train
55321,train
55322,train
55325,train
55326,train
55329,train
55330,train
55331,train
55334,train
55338,train
55345,train
55347,train
55350,train
55356,train
55361,train
55364,train
55367,train
152046,train
152052,train
152057,train
152060,train
152062,train
152066,train
152071,val
152073,train
152076,val
152077,train
152079,val
152080,train
152082,val
152085,train
152086,train
152088,val
152090,train
152091,val
152096,train
152097,val
152099,train
152100,val
152102,train
152103,val
152107,val
152108,train
152110,val
152112,train
152114,val
152115,train
152118,train
152120,val
152122,val
152123,train
152127,train
152128,val
152130,train
152133,val
152135,train
152137,val
152138,val
152141,train
152144,val
152145,train
152146,val
152147,train
152151,val
152153,train
152154,train
152155,val
152158,train
152159,val
152164,val
152165,train
152166,train
152168,val
152172,val
152176,val
152181,val
152184,val
152188,val
152191,val
152194,val
152198,val
152203,val
152209,val
152210,val
204700,train
204703,train
204704,train
204707,train
204709,train
204710,train
204712,train
204714,train
204717,train
204719,train
204720,train
204722,train
204724,train
204726,train
204729,train
204730,train
204733,train
204734,train
204737,train
204738,train
204741,train
204743,train
204744,train
204747,train
204748,train
204750,train
204752,train
204755,train
204756,train
204759,train
204760,train
204762,train
204765,train
204767,train
204769,train
204771,train
204772,train
204775,train
204777,train
204779,train
204781,train
204783,train
204784,train
204786,train
204789,train
204790,train
204793,train
204795,train
204796,train
204799,train
204801,train
204803,train
204804,train
204807,train
204809,train
204811,train
204813,train
204814,train
204816,train
204819,train
204821,train
204823,train
204824,train
204826,train
204828,train
204831,train
204833,train
204834,train
204837,train
204838,train
204841,train
204842,train
204845,train
204847,train
204849,train
204851,train
204853,train
204854,train
204857,train
204859,train
204861,train
204863,train
204865,train
204867,train
137701,train
24640,val
24551,train
166314,train
9933,train
10023,train
137723,train
166333,train
168929,train
24548,val
24612,val
183457,val
166312,train
198331,train
10006,train
9989,train
98470,train
137735,train
86261,train
24530,val
9914,train
24592,train
198337,train
137744,train
9939,train
24633,val
24616,val
168942,train
175911,train
9970,train
137709,train
24567,val
74047,train
24574,val
24588,train
74052,train
10054,train
9953,train
86268,train
24554,val
39573,train
39575,train
39579,train
39584,train
39589,train
39593,train
39595,train
39596,train
39602,train
39604,train
39609,train
39612,train
39618,train
39619,train
39626,train
39628,train
39631,train
39637,train
39642,train
39645,train
39649,train
39654,train
39656,train
39662,train
39665,train
39667,train
39671,train
39676,train
39682,train
39684,train
55814,train
55821,train
55824,train
55828,train
55833,train
55835,train
55867,train
55871,train
55874,train
55879,train
55882,train
152672,train
152675,train
152679,train
152684,train
152688,train
152690,train
152696,train
152701,train
152826,val
152832,val
152835,val
152838,val
152843,val
152847,val
204997,train
204998,train
205000,train
205002,train
205004,train
205006,train
86408,train
183537,val
86714,train
124684,train
198362,train
124611,val
166334,train
124323,train
111793,train
74132,train
176015,train
198525,train
176128,train
183469,val
198609,train
74224,train
124705,train
183589,val
198570,train
112026,train
73985,train
124215,val
198424,train
176074,train
74292,train
124671,train
74167,train
124205,val
74062,train
198569,train
166384,train
137968,train
98493,train
111861,train
137885,train
137803,train
183667,val
124495,train
74414,train
98622,train
39600,train
39603,train
39607,train
39613,train
39617,train
39621,train
39624,train
39629,train
39632,train
39635,train
39639,train
39646,train
39648,train
39653,train
39657,train
39661,train
39666,train
39670,train
39673,train
39677,train
39681,train
39683,train
39688,train
39690,train
39691,train
39694,train
39695,train
39698,train
39699,train
39700,train
39704,train
39705,train
39707,train
39708,train
39711,train
39713,train
39716,train
39718,train
39721,train
39722,train
39723,train
39724,train
39727,train
39728,train
39731,train
39733,train
39737,train
39738,train
39739,train
39742,train
39744,train
39746,train
39747,train
39748,train
39752,train
39753,train
39755,train
39757,train
39759,train
39761,train
39763,train
39766,train
39768,train
39770,train
39772,train
39774,train
39775,train
39778,train
39779,train
39782,train
39783,train
39786,train
39787,train
39789,train
39791,train
39792,train
39796,train
39797,train
39799,train
39800,train
39803,train
39805,train
39808,train
39810,train
39811,train
39814,train
39816,train
39817,train
39819,train
39820,train
39823,train
39826,train
39828,train
39830,train
39832,train
39833,train
39836,train
39838,train
39839,train
39840,train
39843,train
39845,train
39847,train
39850,train
39853,train
39854,train
39855,train
39856,train
39859,train
39860,train
39864,train
39865,train
39868,train
39869,train
39871,train
39873,train
39875,train
39877,train
39879,train
39881,train
39883,train
39885,train
39887,train
39890,train
39893,train
39894,train
39896,train
39898,train
39900,train
39901,train
39903,train
39905,train
39908,train
39909,train
39912,train
39913,train
39916,train
39917,train
39919,train
39920,train
39923,train
39926,train
39928,train
39929,train
39932,train
39933,train
39936,train
39938,train
39939,train
39940,train
39943,train
39944,train
39948,train
39949,train
39951,train
39953,train
39957,train
39958,train
39960,train
39962,train
39964,train
39965,train
39967,train
39970,train
39973,train
39974,train
39975,train
39977,train
39981,train
39982,train
39984,train
39986,train
39989,train
39990,train
39991,train
39993,train
39995,train
39996,train
40000,train
40001,train
40004,train
40006,train
40007,train
40008,train
40012,train
40013,train
40016,train
40018,train
40020,train
40022,train
40024,train
40026,train
40027,train
40029,train
40032,train
40033,train
40036,train
40038,train
40039,train
40040,train
40044,train
40045,train
40047,train
40048,train
40051,train
40054,train
40057,train
40058,train
40059,train
40061,train
40063,train
40064,train
40068,train
40069,train
40071,train
40074,train
40077,train
40078,train
40081,train
40082,train
40084,train
40085,train
40088,train
40089,train
40092,train
40094,train
40097,train
40098,train
40100,train
40102,train
40104,train
40106,train
40107,train
40109,train
40112,train
40113,train
40116,train
40117,train
40120,train
40121,train
40124,train
40125,train
40127,train
40128,train
40131,train
40133,train
40135,train
40137,train
40140,train
40141,train
40143,train
40146,train
40149,train
40150,train
40153,train
40154,train
40155,train
40158,train
40159,train
40160,train
40164,train
40165,train
40169,train
40170,train
40172,train
40173,train
40175,train
40178,train
40179,train
40180,train
40183,train
40184,train
40187,train
40190,train
40191,train
40194,train
40196,train
40198,train
40200,train
40202,train
40203,train
40204,train
40208,train
40209,train
40212,train
40214,train
40215,train
40216,train
40219,train
40221,train
40223,train
40226,train
40228,train
40229,train
40232,train
40234,train
40237,train
40238,train
40239,train
40242,train
40244,train
40246,train
40247,train
40248,train
40252,train
40254,train
40257,train
40258,train
40262,train
40266,train
40269,train
40271,train
40277,train
40282,train
40283,train
40287,train
40293,train
40297,train
40300,train
40305,train
40310,train
40313,train
40318,train
40320,train
40325,train
40330,train
40333,train
40338,train
40340,train
40345,train
40349,train
40352,train
40357,train
40359,train
40366,train
40369,train
40374,train
40378,train
40380,train
40385,train
40390,train
40392,train
40396,train
40400,train
40404,train
40407,train
40412,train
40417,train
40420,train
40425,train
40428,train
40432,train
40436,train
40442,train
40443,train
40447,train
40454,train
40458,train
40462,train
40465,train
40470,train
40473,train
40475,train
40480,train
40486,train
40488,train
40493,train
40495,train
40500,train
40503,train
40508,train
40514,train
40516,train
40519,train
55840,train
55842,train
55849,train
55851,train
55854,train
55860,train
55862,train
55868,train
55873,train
55875,train
55881,train
55885,train
55888,train
55889,train
55891,train
55893,train
55895,train
55897,train
55899,train
55900,train
55902,train
55903,train
55907,train
55909,train
55911,train
55913,train
55916,train
55917,train
55918,train
55920,train
55923,train
55925,train
55926,train
55929,train
55932,train
55933,train
55935,train
55937,train
55938,train
55940,train
55942,train
55945,train
55946,train
55947,train
55951,train
55953,train
55956,train
55957,train
55959,train
55960,train
55962,train
55963,train
55967,train
55969,train
55970,train
55971,train
55974,train
55976,train
55979,train
55981,train
55982,train
55984,train
55986,train
55987,train
55990,train
55991,train
55994,train
55995,train
55998,train
56000,train
56003,train
56005,train
56007,train
56008,train
56011,train
56012,train
56014,train
56015,train
56019,train
56020,train
56022,train
56023,train
56027,train
56029,train
56031,train
56033,train
56035,train
56037,train
56038,train
56041,train
56043,train
56044,train
56046,train
56047,train
56050,train
56051,train
56056,train
56057,train
56060,train
56061,train
56063,train
56065,train
56067,train
56068,train
56072,train
56073,train
56075,train
56077,train
56078,train
56080,train
56083,train
56084,train
56086,train
56087,train
56090,train
56092,train
56094,train
56096,train
56098,train
56101,train
56103,train
56104,train
56106,train
56108,train
56110,train
56113,train
56116,train
56117,train
56118,train
56120,train
56122,train
56124,train
56126,train
56129,train
56130,train
56133,train
56134,train
56135,train
56138,train
56141,train
56142,train
56145,train
56146,train
56149,train
56150,train
56152,train
56154,train
56156,train
56160,train
56161,train
56162,train
56165,train
56167,train
56168,train
56171,train
56172,train
56174,train
56175,train
56179,train
56181,train
56183,train
56185,train
56188,train
56189,train
56192,train
56193,train
56194,train
56197,train
56198,train
56201,train
56203,train
56204,train
56208,train
56209,train
56211,train
56213,train
56215,train
56217,train
56218,train
56221,train
56222,train
56225,train
56226,train
56228,train
56230,train
56233,train
56234,train
56237,train
56238,train
56240,train
56242,train
56244,train
56246,train
56249,train
56250,train
56253,train
56256,train
56257,train
56258,train
56261,train
56264,train
56265,train
56266,train
56269,train
56270,train
56272,train
56275,train
56276,train
56279,train
56281,train
56282,train
56283,train
56286,train
56287,train
56290,train
56293,train
56295,train
56297,train
56300,train
56301,train
56302,train
56305,train
56306,train
56309,train
56310,train
56311,train
56314,train
56315,train
56318,train
56320,train
56322,train
56324,train
56327,train
56328,train
56330,train
56331,train
56335,train
56336,train
56339,train
56340,train
56344,train
56345,train
56346,train
56348,train
56350,train
56353,train
56354,train
56356,train
56358,train
56359,train
56363,train
56365,train
56367,train
56368,train
56372,train
56373,train
56375,train
56376,train
56378,train
56381,train
56383,train
56384,train
56387,train
56389,train
56392,train
56393,train
56395,train
56396,train
56399,train
56401,train
56402,train
56403,train
56407,train
56408,train
56412,train
56413,train
56415,train
56416,train
56419,train
56421,train
56424,train
56425,train
56426,train
56428,train
56431,train
56433,train
56434,train
56436,train
56438,train
56439,train
56442,train
56444,train
56446,train
56448,train
56450,train
56452,train
56454,train
56456,train
56458,train
56459,train
56464,train
56465,train
56467,train
56468,train
56471,train
56472,train
56476,train
56477,train
56479,train
56481,train
56484,train
56485,train
56487,train
56489,train
56492,train
56493,train
56496,train
56497,train
56498,train
56501,train
56504,train
56505,train
56506,train
56507,train
56510,train
56513,train
56514,train
56516,train
56518,train
56519,train
56524,train
56525,train
56528,train
56532,train
56537,train
56541,train
56542,train
56546,train
56552,train
56556,train
56559,train
56564,train
56569,train
56572,train
56577,train
56578,train
56582,train
56588,train
56592,train
56594,train
56598,train
56603,train
56608,train
56611,train
56615,train
56618,train
56623,train
56628,train
56633,train
56635,train
56639,train
56645,train
56648,train
56651,train
56655,train
56658,train
56662,train
56669,train
56673,train
56675,train
56678,train
56685,train
152702,train
152707,train
152710,train
152714,train
152718,train
152722,train
152726,train
152731,train
152737,train
152739,train
152742,train
152747,train
152752,train
152756,train
152760,train
152763,train
152768,train
152773,train
152776,train
152781,train
152785,train
152786,train
152790,train
152794,train
152800,train
152804,train
152809,train
152811,train
152817,train
152820,train
152824,train
152828,train
152831,train
152836,train
152840,train
152844,train
152846,train
152851,train
152852,val
152854,train
152856,val
152859,train
152860,val
152863,train
152864,val
152866,train
152867,val
152871,train
152872,val
152874,train
152876,val
152878,val
152880,train
152882,train
152883,val
152886,val
152888,train
152891,train
152892,val
152894,train
152895,val
152899,train
152900,val
152902,val
152903,train
152906,train
152907,val
152912,train
152913,val
152914,train
152916,val
152918,val
152920,train
152924,train
152925,val
152926,val
152929,train
152931,val
152932,train
152935,val
152937,train
152938,train
152940,val
152943,train
152945,val
152946,train
152948,val
152950,val
152953,train
152955,train
152957,val
152959,train
152961,val
152962,val
152965,train
152968,train
152969,val
152971,train
152973,val
152975,train
152977,val
152978,val
152981,train
152983,val
152984,train
152988,train
152989,val
152992,train
152993,val
152994,val
152997,train
152998,val
153000,train
153004,train
153005,val
153006,val
153008,train
153010,train
153012,val
153016,val
153017,train
153019,val
153021,train
153023,val
153024,train
153026,val
153028,train
153031,val
153033,train
153034,train
153036,val
153039,val
153040,train
153042,train
153043,val
153046,train
153047,val
153051,val
153052,train
153055,val
153056,train
153058,val
153060,train
153064,val
153065,train
153066,val
153067,train
153070,train
153072,val
153074,train
153075,val
153079,train
153081,val
153084,train
153085,val
153086,train
153087,val
153090,train
153092,val
153094,val
153095,train
153099,train
153100,val
153106,train
153111,val
153112,train
153114,val
153116,train
153120,train
153121,val
153122,val
153123,train
153127,train
153132,train
153136,train
153137,val
153138,val
153140,train
153143,val
153145,train
153146,val
153149,train
153150,val
153152,train
153155,train
153156,val
153158,train
153160,val
153164,train
153165,val
153166,val
153169,train
153170,val
153172,train
153174,train
153177,val
153178,train
153179,val
153183,train
153184,val
153186,train
153187,val
153190,val
153192,train
153194,val
153195,train
153199,train
153200,val
153202,val
153204,train
153207,val
153208,train
153211,train
153212,val
153215,train
153216,val
153219,train
153220,val
153223,val
153225,train
153226,train
153228,val
153230,val
153231,train
153236,val
153237,train
153240,val
153241,train
153242,train
153245,val
153246,train
153247,val
153250,train
153253,val
153255,train
153257,val
153258,train
153260,val
153263,val
153265,train
153266,train
153269,val
153270,val
153271,train
153275,train
153277,val
153278,train
153281,val
153285,val
153289,val
153290,val
153295,val
153301,val
153303,val
153308,val
153313,val
174695,train
121461,val
134368,val
21264,train
36616,val
71241,train
71165,train
83872,train
36485,train
95321,train
108028,train
20711,val
196456,val
6807,val
121565,train
7095,train
21060,val
134742,val
174687,train
84035,train
134622,val
20788,val
71340,train
108365,val
71346,train
196406,val
196501,val
21334,train
196523,val
21222,train
21149,val
108293,val
196469,val
36732,train
134488,val
95761,train
166327,val
7198,train
71224,train
196639,train
52195,train
52201,train
52203,train
52208,train
52212,train
52216,train
52222,train
52223,train
52230,train
52233,train
52235,train
52242,train
52244,train
52250,train
52254,train
52255,val
52256,train
52260,val
52262,train
52264,train
52266,val
52267,train
52269,val
52271,val
52272,train
52276,val
52277,train
52279,val
52281,train
52284,val
52286,train
52288,train
52290,val
52292,train
52293,val
52296,train
52297,val
52299,train
52300,val
52304,train
52305,val
52307,train
52310,val
52311,train
52313,val
52316,val
52317,train
52320,val
52321,train
52325,train
52326,val
52327,train
52329,val
52331,train
52333,val
52335,train
52336,val
52340,val
52341,train
52345,val
52346,train
52348,train
52350,val
52353,val
52354,train
52355,val
52357,train
52361,train
52362,val
52364,train
52366,val
52369,val
52370,train
52371,train
52372,val
52376,val
52378,train
52380,train
52382,val
52383,val
52384,train
52387,val
52388,train
52389,train
52391,val
52393,val
52394,train
52396,train
52397,val
52398,val
52400,train
52402,val
52403,train
52405,val
52406,train
52407,val
52408,train
52410,val
52411,train
52413,val
52414,train
52416,val
52418,train
52419,val
52421,train
52422,train
52423,val
52426,train
52427,val
52429,train
52430,val
52432,train
52433,val
52434,train
52435,val
52437,val
52438,train
52440,train
52441,val
52443,val
52444,train
52446,val
52448,train
52449,train
52450,val
52453,train
52454,val
52456,train
52457,val
52459,val
52460,train
52462,train
52463,val
52464,val
52465,train
52467,val
52468,train
52470,train
52471,val
52474,val
52475,train
52477,val
52478,train
52479,val
52480,train
52483,val
52484,train
52485,train
52487,val
52489,train
52490,val
52492,val
52493,train
52494,train
52496,val
52497,train
52499,val
52501,val
52502,train
52504,val
52505,train
52507,val
52508,train
52509,train
52510,val
52512,train
52514,val
52515,val
52517,train
52518,train
52520,val
52521,train
52522,val
52524,train
52525,val
52527,train
52528,val
52531,train
52532,val
52533,train
52534,val
52536,train
52538,val
52540,train
52541,val
52543,train
52544,val
52545,val
52547,train
52548,val
52549,train
52551,train
52553,val
52554,val
52556,train
52557,train
52559,val
52561,train
52562,val
52565,val
52567,val
52570,val
52575,val
52578,val
52582,val
52589,val
52593,val
52597,val
52599,val
52602,val
52608,val
52612,val
52615,val
52620,val
149129,train
149130,train
149137,train
149140,train
149143,train
149149,train
149153,train
149155,train
149157,train
149158,train
149160,train
149162,train
149163,train
149166,train
149168,train
149170,train
149172,train
149174,train
149177,train
149178,train
149180,train
149184,train
149185,train
149188,train
149189,train
149191,train
149193,train
149194,train
149197,train
149198,train
149200,train
149204,train
149205,train
149207,train
149209,train
149210,train
149213,train
149214,train
149215,train
149218,train
149220,train
149224,train
149225,train
149228,train
149229,train
149231,train
149233,train
149235,train
149237,train
149238,train
149241,train
149244,train
149245,train
149246,train
149249,train
149252,train
149253,train
149254,train
149255,train
149259,train
149260,train
149263,train
149264,train
149266,train
149267,train
149270,train
149272,train
149274,train
149276,train
149280,train
149281,train
149284,train
149285,train
149288,train
149289,train
149290,train
149292,train
149294,train
149295,train
149298,train
149300,train
149302,train
149303,train
149307,train
149309,train
149311,train
149312,train
149314,train
149316,train
149318,train
149321,train
149322,train
149325,train
149326,train
149329,train
149332,train
149333,train
149334,train
149336,train
149339,train
149340,train
149342,train
149343,train
149347,train
149348,train
149351,train
149352,train
149354,train
149357,train
149358,train
149361,train
149363,train
149365,train
149366,train
149367,train
149371,train
149372,train
149374,train
149377,train
149378,train
149379,train
149382,train
149385,train
149386,train
149387,train
149391,train
149392,train
149395,train
149396,train
149400,train
149401,train
149402,train
149404,train
149406,train
149409,train
149412,train
149413,train
149414,train
149417,train
149419,train
149421,train
149423,train
149425,train
149428,train
149429,train
149430,train
149432,train
149434,train
149436,train
149438,train
149440,train
149443,train
149444,train
149447,train
149448,train
149452,train
149453,train
149454,train
149455,train
149458,train
149461,train
149462,train
149466,train
149470,train
149477,train
149481,train
149484,train
149487,train
149493,train
149495,train
71703,train
36846,val
134932,val
108570,val
203389,train
95823,train
84223,train
95866,train
164339,train
108559,val
71593,train
108480,val
21714,val
7312,train
196709,train
166546,val
71753,train
166585,val
36807,val
84208,train
134890,val
203324,train
71734,train
203320,train
108565,val
182099,val
71639,train
203228,train
203323,train
174796,train
95795,train
203350,train
84140,train
182070,val
21581,val
203341,train
84178,train
21683,val
7248,train
203238,train
52563,train
52568,train
52571,train
52577,train
52581,train
52585,train
52587,train
52590,train
52594,train
52598,train
52604,train
52606,train
52613,train
52616,train
52618,train
52623,val
52625,train
52626,val
52628,train
52631,val
52633,train
52636,train
52637,val
52638,train
52639,val
52642,train
52645,val
52646,val
52649,train
52651,val
52653,train
52655,val
52656,train
52660,train
52661,val
52663,val
52665,train
52666,val
52668,train
52671,train
52672,val
52674,train
52677,val
52678,val
52680,train
52682,val
52685,train
52686,val
52688,train
52691,val
52692,train
52696,train
52697,val
52700,val
52701,train
52704,val
52705,train
52706,val
52707,train
52710,train
52711,val
52715,train
52717,val
52720,train
52721,val
52722,val
52724,train
52726,val
52727,train
52730,train
52731,val
52734,train
52737,val
52740,train
52741,val
52743,val
52744,train
52746,val
52747,train
52752,train
52753,val
52755,train
52756,val
52758,val
52759,train
52763,train
52764,val
52767,train
52769,val
52771,val
52773,train
52774,train
52776,val
52778,train
52781,val
52783,train
52785,val
52787,val
52789,train
52792,val
52793,train
52794,val
52796,train
52800,train
52801,val
52802,val
52805,train
52806,val
52810,val
52816,val
52820,val
52824,val
52828,val
52831,val
52836,val
52840,val
52844,val
52849,val
52852,val
52855,val
52858,val
149464,train
149468,train
149471,train
149476,train
149480,train
149485,train
149486,train
149491,train
149496,train
149498,train
149500,train
149502,train
149505,train
149508,train
149509,train
149512,train
149513,train
149516,train
149517,train
149518,train
149520,train
149522,train
149523,train
149526,train
149528,train
149531,train
149534,train
149536,train
149538,train
149542,train
149545,train
149547,train
149548,train
149550,train
149551,train
149554,train
149556,train
149560,train
149561,train
149564,train
149565,train
149566,train
149568,train
149570,train
149573,train
149575,train
149576,train
149579,train
149580,train
149583,train
149585,train
149587,train
149588,train
149591,train
149592,train
149595,train
149597,train
149598,train
149599,train
149602,train
149603,train
149606,train
149607,train
149612,train
149613,train
149614,train
149616,train
149619,train
149621,train
149622,train
149625,train
149628,train
149629,train
149630,train
149632,train
149634,train
149635,val
149638,train
149639,val
149644,val
149645,train
149646,val
149648,train
149650,train
149651,val
149655,val
149656,train
149660,val
149661,train
149662,val
149664,train
149667,train
149668,val
149670,train
149671,val
149676,train
149677,val
149679,train
149680,val
149684,val
149685,train
149686,train
149687,val
149690,val
149692,train
149694,val
149695,train
149698,val
149704,val
149707,val
149710,val
149714,val
149718,val
27636,train
193409,val
77545,val
27655,train
27538,train
27600,train
142076,train
27756,train
64954,train
27887,train
27641,train
27507,train
127305,val
27726,train
27808,train
27784,train
27725,train
27716,train
27714,train
27871,train
142066,train
27815,train
27865,train
27882,train
27889,train
27738,train
27623,train
27752,train
27744,train
27734,train
173068,train
27747,train
27524,train
77475,train
27679,train
27762,train
27512,train
127298,val
77536,val
64950,train
45764,train
45770,train
45797,val
102141,train
102142,train
102146,train
156254,train
156258,train
156264,train
156267,train
156273,train
156278,val
156283,val
206318,train
70224,train
35764,train
164918,val
35437,train
181535,val
6075,train
70173,train
70201,train
133187,val
35771,train
133042,val
195932,val
181537,val
181378,val
133247,val
165240,val
19709,val
120468,train
173956,train
35772,train
70148,train
120455,train
70149,train
19879,train
133271,val
5903,train
133371,val
174123,train
181449,val
35873,train
35887,train
120486,train
174007,train
181428,val
6020,train
5859,train
181301,val
173983,train
165108,val
133220,val
51424,train
51430,train
51431,train
51436,train
51442,train
51444,train
51447,train
51451,val
51453,train
51455,train
51456,val
51460,train
51461,val
51464,train
51465,val
51468,train
51469,val
51473,val
51474,train
51475,val
51476,train
51479,train
51482,val
51484,train
51485,val
51488,val
51490,train
51491,train
51493,val
51496,train
51497,val
51500,val
51501,train
51504,train
51506,val
51507,train
51510,val
51513,val
51514,train
51515,val
51516,train
51521,train
51522,val
51525,train
51526,val
51527,train
51530,val
51531,train
51532,val
51535,train
51536,val
51539,train
51540,val
51544,val
51546,train
51549,val
51550,train
51551,train
51554,val
51555,train
51557,val
51559,val
51562,train
51564,val
51566,train
51567,train
51568,val
51571,val
51572,train
51576,val
51578,train
51579,train
51580,val
51583,train
51584,val
51587,train
51590,val
51591,val
51592,train
51596,train
51597,val
51600,train
51602,val
51605,val
51606,train
51609,val
51610,train
51611,val
51614,train
51617,train
51618,val
51620,train
51621,val
51623,val
51625,train
51627,val
51628,train
51631,val
51634,train
51636,val
51638,train
51640,train
51642,val
51645,train
51646,val
51649,val
51650,train
51651,val
51653,train
51658,val
51659,val
51664,val
51669,val
51673,val
51676,val
51681,val
147668,train
147670,train
147674,train
147678,train
147682,train
147689,train
147691,train
147696,train
147700,train
147702,train
147708,train
147711,train
147714,train
147718,train
147723,train
147726,train
147730,train
147734,train
147738,train
147743,train
147747,train
147753,train
147754,train
147761,train
147762,train
147769,train
147772,train
147774,train
147780,train
147785,train
147786,train
147787,train
147792,train
147793,train
147794,train
147796,train
147799,train
147801,train
147803,train
147805,train
147806,train
147809,train
147810,train
147813,train
147814,train
147816,train
147818,train
147819,train
147822,train
147824,train
147826,train
147829,train
147832,train
147833,train
147835,train
147836,train
147839,train
147840,train
147842,train
147843,train
147847,train
147848,train
147852,train
147853,train
147855,train
147857,train
147859,train
147861,train
147863,train
147864,train
147868,train
147869,train
147870,train
147872,train
147876,train
147877,train
147878,train
147880,train
147882,train
147884,train
147886,train
147887,train
147890,train
147893,train
147896,train
147897,train
147899,train
147900,train
147903,train
147905,train
147906,train
147907,train
147910,train
147911,train
147914,train
147915,train
147918,train
147919,train
147922,train
147924,train
147927,train
147929,train
147932,train
147933,train
147934,train
147935,train
147938,train
147941,train
147942,train
147943,train
147946,train
147948,train
147950,train
147953,train
147954,train
147956,train
147960,train
147961,train
147962,train
147964,train
147968,train
147969,train
147972,train
147973,train
147975,train
147977,train
147978,train
147980,train
147982,train
147985,train
147986,train
147988,train
147990,train
147992,train
147995,train
147997,train
147998,train
148000,train
148004,train
148005,train
148006,train
148007,train
148011,train
148012,train
148014,train
148017,train
148018,train
148021,train
148022,train
148024,train
148027,train
148028,train
148031,train
148033,train
148034,train
148036,train
148038,train
148039,train
148042,train
148045,train
148047,train
148049,train
148050,train
148052,train
148056,train
148057,train
148060,train
148061,train
148062,train
148065,train
148066,train
148069,train
148071,train
148073,train
148075,train
148077,train
148078,train
148080,train
148083,train
148085,train
148086,train
148087,train
148090,train
148092,train
148094,train
148095,train
148099,train
148102,train
148107,train
148111,train
148116,train
148119,train
148123,train
162873,train
162874,train
162878,train
162893,train
162896,train
163054,train
163058,train
163062,train
163069,train
163071,train
163075,train
163080,train
163085,train
163089,train
163091,train
163094,train
163101,train
163105,train
163109,train
163113,train
163117,train
163119,train
163124,train
163128,train
163132,train
163136,train
163141,train
163145,train
163149,train
163151,train
163155,train
163161,train
163162,train
163168,train
163173,train
163175,train
163179,train
163185,train
163187,train
163191,train
163195,train
163200,train
163204,train
163206,train
163210,train
163217,train
163220,train
163225,train
163227,train
163232,train
163236,train
163238,train
163244,train
163248,train
163253,train
163257,train
163261,train
163264,train
163266,train
163272,train
163275,train
163281,train
163283,train
163287,train
163293,train
163296,train
120243,train
70004,train
181209,val
181252,val
202616,train
181212,val
181194,val
202576,train
202601,train
5782,train
19669,val
70097,train
195867,val
70100,train
69980,train
181218,val
120220,train
181199,val
132863,val
69985,train
35409,train
181227,val
70068,train
202609,train
202605,train
5773,train
70045,train
5786,train
120247,train
195873,val
202588,train
202606,train
181214,val
70016,train
70090,train
120317,train
195865,val
202622,train
195875,val
202621,train
51290,train
51292,train
51298,train
51302,train
51304,train
51307,train
51311,train
51316,train
51320,train
51323,train
51330,train
51333,train
51338,train
51340,train
51343,train
51349,train
51351,train
51355,train
51362,train
51363,train
51367,train
51371,train
51378,train
51379,train
51383,train
51389,train
51391,train
51395,train
51402,train
51404,train
51408,train
51414,train
51417,train
51421,train
51450,val
147661,train
147665,train
162882,train
162886,train
162899,train
162905,train
162908,train
162911,train
162917,train
162919,train
162925,train
162929,train
162932,train
162937,train
162941,train
162945,train
162949,train
162950,train
162957,train
162961,train
162963,train
162968,train
162972,train
162977,train
162980,train
162985,train
162989,train
162992,train
162994,train
163001,train
163002,train
163006,train
163010,train
163016,train
163018,train
163022,train
163028,train
163030,train
163035,train
163039,train
163043,train
163046,train
163051,train
182753,val
23497,train
85451,train
97566,train
8942,train
182889,val
182900,val
38633,val
197753,train
165650,train
175486,train
73133,train
73050,train
110575,val
23463,val
197775,train
9061,train
182806,val
136792,train
73068,train
123182,train
167864,val
197814,train
85314,train
175459,train
85425,train
73138,train
197799,train
182847,val
123178,train
110522,val
73038,train
175476,train
123225,val
175457,train
23531,train
182793,val
165623,train
23636,train
54463,train
54466,train
54471,train
54476,train
54478,train
54483,train
54489,train
54492,train
54496,train
54500,train
54503,train
54506,train
54510,train
54514,train
54519,train
54523,train
54527,train
54531,train
54533,train
54534,train
54535,train
54538,train
54541,train
54542,train
54544,train
54547,train
54548,train
54551,train
54552,train
54556,train
54557,train
54559,train
54561,train
54563,train
54564,train
54567,train
54569,train
54571,train
54572,train
54576,train
54577,train
54579,train
54581,train
54583,train
54585,train
54586,train
54587,train
54591,train
54593,train
54596,train
54597,train
54598,train
54599,train
54603,train
54605,train
54606,train
54608,train
54611,train
54612,train
54615,train
54616,train
54619,train
54621,train
54622,train
54625,train
54626,train
54627,train
54631,train
54632,train
54634,train
54636,train
54640,train
54641,train
54642,train
54644,train
54647,train
54648,train
54651,train
54653,train
54655,train
54656,train
54659,train
54665,train
54667,train
54672,train
54676,train
54680,train
54683,train
54689,train
54690,train
151531,train
151536,train
151539,train
151544,train
151549,train
151552,train
151555,train
151559,train
151562,train
151569,train
151571,train
151577,train
151578,train
151583,train
151587,train
151592,train
151596,train
151598,train
151602,train
151606,train
151610,train
151612,val
151616,train
151617,val
151619,val
151620,train
151622,train
151624,val
151626,train
151627,val
151630,val
151633,train
151634,train
151636,val
151638,val
151639,train
151642,train
151644,val
151646,train
151649,val
151650,train
151653,val
151654,train
151656,val
151659,val
151660,train
151662,train
151664,val
151667,val
151669,train
151670,train
151672,val
151674,val
151677,train
151679,val
151680,train
151682,val
151685,train
151687,train
151689,val
151690,train
151691,val
151696,train
151697,val
151699,train
151700,val
151704,val
151705,train
151706,val
151709,train
151710,train
151713,val
151714,train
151715,val
151720,train
151721,val
151722,train
151725,val
151726,train
151729,val
151731,val
151733,train
151734,val
151737,train
151738,val
151741,train
151743,train
151745,val
151747,train
151749,val
151752,train
151753,val
151754,val
151757,train
151760,train
151761,val
151762,train
151765,val
151766,val
151767,train
151770,val
151771,train
151774,val
151776,train
151778,val
151780,train
151783,train
151785,val
151789,val
151791,val
151796,val
151799,val
151804,val
151808,val
151812,val
204475,train
204476,train
204478,train
204481,train
204482,train
204484,train
204487,train
204488,train
204491,train
204493,train
204495,train
204497,train
204498,train
204500,train
204502,train
204505,train
204506,train
204509,train
204511,train
204513,train
204515,train
204517,train
204518,train
204521,train
204522,train
204525,train
204527,train
204528,train
204530,train
204532,train
204534,train
204536,train
204539,train
204541,train
204543,train
204545,train
204546,train
204548,train
204550,train
204552,train
204554,train
204557,train
204558,train
204560,train
204563,train
204565,train
204566,train
204569,train
204570,train
204573,train
204575,train
204576,train
204579,train
204580,train
204583,train
204584,train
204586,train
204588,train
204590,train
204593,train
204594,train
20168,val
133896,val
174136,train
202746,train
6323,val
35931,val
20310,train
133573,val
70576,train
133586,val
6398,val
6248,train
70593,train
6250,val
133580,val
70335,train
174158,train
174135,train
165388,val
70825,train
120726,train
70569,train
20271,train
36034,val
35910,val
165462,val
20283,train
70546,train
20565,train
120600,train
133510,val
6166,train
6298,val
133407,val
70708,train
202764,train
70827,train
202850,train
20455,train
6155,train
51657,train
51660,train
51663,train
51668,train
51671,train
51675,train
51680,train
51683,train
51685,val
51687,val
51690,train
51693,val
51694,train
51696,val
51698,train
51699,val
51701,train
51703,train
51705,val
51709,val
51710,train
51713,train
51714,val
51716,train
51717,val
51719,val
51721,train
51724,train
51726,val
51729,train
51730,val
51731,train
51733,val
51736,val
51738,train
51739,val
51742,train
51745,val
51746,train
51748,val
51750,train
51752,val
51753,train
51756,val
51758,train
51761,val
51762,train
51763,val
51766,train
51768,train
51769,val
51771,train
51774,val
51775,val
51776,train
51779,val
51781,train
51783,val
51785,train
51787,train
51788,val
51791,val
51793,train
51796,val
51797,train
51799,train
51800,val
51803,train
51806,val
51807,val
51808,train
51811,train
51812,val
51815,train
51816,val
51819,val
51821,train
51824,val
51826,train
51827,train
51830,val
51832,val
51834,train
51836,val
51838,train
51839,val
51841,train
51844,train
51845,val
51847,train
51848,val
51851,val
51853,train
51857,val
51858,train
51859,train
51860,val
51863,train
51866,val
51869,val
51870,train
51873,val
51874,train
51875,train
51877,val
51879,val
51882,train
51884,val
51889,val
51900,val
51904,val
51907,val
148098,train
148104,train
148109,train
148113,train
148117,train
148121,train
148124,train
148127,train
148128,train
148130,train
148132,train
148134,train
148135,train
148138,train
148139,train
148143,train
148145,train
148146,train
148149,train
148150,train
148153,train
148154,train
148157,train
148159,train
148161,train
148162,train
148165,train
148167,train
148169,train
148170,train
148172,train
148174,train
148176,train
148178,train
148180,train
148182,train
148184,train
148186,train
148189,train
148190,train
148193,train
148194,train
148197,train
148198,train
148201,train
148204,train
148205,train
148206,train
148207,train
148210,train
148212,train
148214,train
148217,train
148219,train
148221,train
148222,train
148223,train
148226,train
148228,train
148231,train
148233,train
148235,train
148236,train
148238,train
148239,train
148244,train
148245,train
148248,train
148249,train
148250,train
148252,train
148254,train
148256,train
148260,train
148261,train
148263,train
148265,train
148267,train
148269,train
148271,train
148272,train
148275,train
148277,train
148278,train
148281,train
148282,train
148284,train
148287,train
148288,train
148290,train
148292,train
148295,train
148296,train
148298,train
148299,train
148303,train
148304,train
148307,train
148308,train
148311,train
148312,train
148315,train
148316,train
148318,train
148320,train
148322,train
148323,train
148326,train
148327,train
148331,train
148333,train
148334,train
148336,train
148339,train
148340,train
148343,train
148344,train
148346,train
148349,train
148350,train
148352,train
148355,train
148356,train
148359,train
148360,train
148362,train
148365,train
148367,train
148371,train
148375,train
148380,train
148384,train
163298,train
163302,train
163307,train
163312,train
163315,train
163318,train
163325,train
163327,train
163330,train
163335,train
163339,train
163345,train
163346,train
163353,train
163357,train
163358,train
163362,train
163366,train
110679,val
110980,val
97707,train
110732,val
38936,val
165816,train
9254,train
168076,val
97790,train
137030,train
9214,train
85527,train
73203,train
183028,val
85615,train
73350,train
110820,val
123369,train
23877,val
136974,train
97844,train
23755,val
97824,train
23697,train
23820,val
123287,train
136920,train
136915,train
182924,val
197910,train
73190,train
110718,val
168163,val
73222,train
165820,train
137054,train
165955,train
137063,train
123350,train
165890,train
54658,train
54662,train
54669,train
54673,train
54677,train
54681,train
54682,train
54688,train
54692,train
54695,train
54697,train
54698,train
54700,train
54704,train
54705,train
54707,train
54709,train
54710,train
54713,train
54715,train
54716,train
54718,train
54720,train
54723,train
54724,train
54728,train
54729,train
54731,train
54733,train
54735,train
54736,train
54739,train
54740,train
54744,train
54745,train
54748,train
54749,train
54751,train
54753,train
54756,train
54757,train
54759,train
54761,train
54762,train
54764,train
54766,train
54769,train
54772,train
54773,train
54776,train
54777,train
54779,train
54781,train
54782,train
54783,train
54786,train
54787,train
54790,train
54792,train
54795,train
54796,train
54798,train
54799,train
54802,train
54805,train
54808,train
54809,train
54811,train
54812,train
54814,train
54817,train
54818,train
54819,train
54823,train
54824,train
54826,train
54827,train
54831,train
54832,train
54834,train
54837,train
54838,train
54841,train
54842,train
54845,train
54847,train
54849,train
54850,train
54852,train
54854,train
54855,train
54858,train
54860,train
54863,train
54865,train
54866,train
54869,train
54870,train
54872,train
54874,train
54876,train
54878,train
54880,train
54882,train
54883,train
54887,train
54889,train
54892,train
54893,train
54895,train
54897,train
54899,train
54900,train
54903,train
54905,train
54906,train
54908,train
54911,train
54912,train
54914,train
54915,train
54920,train
54921,train
54922,train
54924,train
54926,train
54927,train
54931,train
54933,train
54934,train
54937,train
54939,train
54940,train
54942,train
54945,train
54948,train
54949,train
54951,train
54953,train
54954,train
54956,train
54959,train
54961,train
54962,train
54964,train
54967,train
54968,train
54970,train
54972,train
54975,train
54977,train
54979,train
54980,train
54983,train
54984,train
54988,train
54989,train
54991,train
54992,train
54994,train
54996,train
55000,train
55001,train
55002,train
55006,train
55011,train
55016,train
55019,train
55023,train
55026,train
55030,train
55034,train
55040,train
55043,train
55046,train
55051,train
55056,train
151786,train
151790,train
151794,train
151800,train
151805,train
151806,train
151811,train
151815,val
151816,train
151819,val
151821,train
151824,val
151825,train
151827,train
151828,val
151832,val
151833,train
151834,train
151837,val
151839,train
151841,val
151842,train
151843,val
151846,val
151847,train
151850,train
151853,val
151854,train
151857,val
151858,val
151861,train
151864,val
151865,train
151866,val
151869,train
151870,val
151872,train
151874,val
151876,train
151878,val
151881,train
151882,val
151884,train
151886,val
151888,train
151890,val
151891,train
151894,train
151895,val
151900,val
151901,train
151902,val
151903,train
151906,train
151908,val
151911,train
151912,val
151914,val
151917,train
151920,train
151921,val
151924,val
151925,train
151927,train
151929,val
151930,train
151932,val
151934,val
151937,train
151938,train
151939,val
151943,val
151944,train
151946,val
151947,train
151951,train
151953,val
151954,train
151956,val
151958,val
151961,train
151962,train
151964,val
151966,val
151967,train
151970,train
151972,val
151975,val
151976,train
151978,val
151980,train
151982,train
151985,val
151986,val
151989,train
151990,train
151991,val
151994,train
151997,val
151998,val
152000,train
152003,train
152005,val
152006,val
152009,train
152010,val
152011,train
152014,train
152015,val
152018,val
152020,train
152022,train
152023,val
152027,train
152029,val
152030,train
152031,val
152034,val
152036,train
152038,val
152040,train
152042,val
152044,train
152048,val
152051,val
152054,val
152058,val
152064,val
152068,val
204596,train
204598,train
204600,train
204603,train
204605,train
204607,train
204608,train
204610,train
204612,train
204614,train
204617,train
204619,train
204621,train
204622,train
204624,train
204626,train
204628,train
204630,train
204632,train
204634,train
204637,train
204638,train
204641,train
204643,train
204644,train
204646,train
204648,train
204651,train
204653,train
204655,train
204656,train
204658,train
204661,train
204663,train
204665,train
204666,train
204668,train
204670,train
204673,train
204674,train
204677,train
204679,train
204681,train
204683,train
204684,train
204686,train
204688,train
204690,train
204692,train
204694,train
204696,train
204699,train
113480,train
171889,train
11844,train
88548,train
11892,train
26343,train
125827,val
26386,train
199530,train
177227,train
177210,train
88532,train
139850,train
167840,train
11889,train
139843,train
167831,train
125849,val
26377,train
11863,train
63441,train
11822,train
199509,train
11901,train
11880,train
199496,train
11825,train
11839,train
26389,train
75545,train
125881,train
75586,train
177228,train
177218,train
199507,train
125874,train
171868,train
171908,train
41602,train
41606,train
41609,train
41612,train
41615,train
41621,train
41625,train
41628,train
41645,train
41648,train
41651,train
41657,train
41662,train
41666,train
41668,train
41671,train
41676,train
100952,train
100955,train
100960,train
100964,train
100968,train
100973,train
100977,train
100981,train
100983,train
100987,train
100993,train
100996,train
101000,train
101003,train
101008,train
101010,train
101015,train
154614,train
154619,train
154624,train
154629,train
154630,train
154635,train
154638,train
154643,train
154647,train
154661,val
154664,val
154666,val
154671,val
154674,val
154680,val
154683,val
205864,train
205866,train
205868,train
205870,train
205873,train
205874,train
205877,train
205879,train
205880,train
205882,train
205885,train
205886,train
205888,train
199089,train
26068,train
63102,train
61250,train
60367,train
61113,val
60679,val
60338,val
61821,train
60678,train
25840,val
26027,train
63020,val
62252,val
88436,train
167737,train
139740,train
60428,train
75460,train
199135,train
62001,train
62542,train
61670,val
112948,train
26163,train
60763,train
61458,train
60411,val
138934,train
125782,train
60892,train
61385,train
60827,val
62921,val
60958,train
113232,train
25953,train
60663,val
62998,train
40893,train
40896,train
40899,train
40905,train
40908,train
40912,train
40917,train
40919,train
40920,train
40925,train
40927,train
40931,train
40935,train
40942,train
40943,train
40948,train
40951,train
40957,train
40961,train
40963,train
40964,train
40967,train
40970,train
40974,train
40978,train
40982,train
40984,train
40990,train
40992,train
40996,train
41001,train
41002,train
41004,train
41006,train
41007,train
41010,train
41014,train
41018,train
41022,train
41024,train
41028,train
41031,train
41036,train
41159,train
41165,train
41169,train
41174,train
41177,train
41182,train
41185,train
41188,train
41192,train
41197,train
41202,train
41206,train
41207,train
41209,train
41213,train
41214,train
41216,train
41218,train
41221,train
41222,train
41223,train
41225,train
41227,train
41228,train
41233,train
41234,train
41236,train
41237,train
41239,train
41241,train
41244,train
41246,train
41247,train
41249,train
41251,train
41254,train
41257,train
41258,train
41261,train
41262,train
41264,train
41265,train
41268,train
41269,train
41273,train
41274,train
41275,train
41277,train
41280,train
41281,train
41285,train
41290,train
41293,train
41296,train
41299,train
41304,train
41305,train
41308,train
41314,train
41318,train
41320,train
41324,train
41329,train
41332,train
41333,train
41335,train
41337,train
41339,train
41342,train
41343,train
41346,train
41349,train
41350,train
41352,train
41353,train
41355,train
41357,train
41359,train
41360,train
41364,train
41365,train
41368,train
41369,train
41372,train
41373,train
41376,train
41378,train
41380,train
41381,train
41383,train
41385,train
41387,train
41389,train
41391,train
41393,train
41395,train
41397,train
41399,train
41400,train
41403,train
41405,train
41407,train
41408,train
41411,train
41414,train
41415,train
41416,train
41420,train
41421,train
41424,train
41425,train
41427,train
41428,train
41431,train
41433,train
41435,train
41437,train
41440,train
41441,train
41444,train
41446,train
41447,train
41448,train
41452,train
41454,train
41455,train
41456,train
41459,train
41462,train
41463,train
41464,train
41469,train
41470,train
41473,train
41474,train
41477,train
41478,train
41480,train
41482,train
41483,train
41485,train
41487,train
41489,train
41493,train
41494,train
41496,train
41498,train
41499,train
41502,train
41504,train
41505,train
41507,train
41509,train
41511,train
41512,train
41515,train
41516,train
41521,train
41522,train
41524,train
41525,train
41528,train
41529,train
41532,train
41533,train
41536,train
41537,train
41539,train
41540,train
41544,train
41545,train
41547,train
41548,train
41552,train
41554,train
41558,train
41559,train
41565,train
41570,train
41571,train
41576,train
41582,train
41586,train
57219,train
57223,train
57228,train
57230,train
57237,train
57240,train
57245,train
57247,train
57251,train
57288,train
57290,train
57292,train
57295,train
57300,train
57303,train
57306,train
57308,train
57310,train
57314,train
57317,train
57319,train
57323,train
57327,train
57330,train
57332,train
57335,train
57339,train
57340,train
57343,train
57347,train
57351,train
57353,train
57355,train
57358,train
57363,train
57366,train
57369,train
57371,train
57374,train
57376,train
57380,train
57382,train
57385,train
57388,train
57392,train
57395,train
57399,train
57401,train
57405,train
57408,train
57411,train
57413,train
57415,train
57419,train
57422,train
57426,train
57429,train
57431,train
57433,train
57437,train
57441,train
57444,train
57446,train
57450,train
57453,train
57694,train
57697,train
57702,train
57704,train
57707,train
57711,train
57714,train
57716,train
57720,train
57722,train
57724,train
57727,train
57732,train
57734,train
57737,train
57740,train
57743,train
57746,train
57748,train
57753,train
57755,train
57758,train
57760,train
57763,train
57766,train
57771,train
57773,train
57775,train
57778,train
57783,train
57785,train
57788,train
57791,train
57794,train
57797,train
57800,train
57803,train
57807,train
57810,train
57812,train
57814,train
57817,train
57820,train
57823,train
57827,train
57831,train
57833,train
57837,train
57853,train
57857,train
57859,train
57862,train
57867,train
57869,train
57871,train
57876,train
57879,train
57881,train
57884,train
57887,train
57891,train
57893,train
57895,train
57900,train
57902,train
57905,train
57908,train
57910,train
57915,train
57916,train
57919,train
57923,train
57925,train
57928,train
57931,train
57935,train
57937,train
57941,train
57943,train
57947,train
57950,train
57954,train
57956,train
57960,train
57963,train
57965,train
57969,train
57972,train
57975,train
57976,train
57981,train
57982,train
57986,train
57988,train
57993,train
57996,train
57997,train
58000,train
58003,train
58007,train
58010,train
58014,train
58016,train
58019,train
58022,train
58024,train
58029,train
58030,train
58033,train
58038,train
58041,train
58043,train
58045,train
58048,train
58053,train
58054,train
58058,train
58060,train
58064,train
58068,train
58070,train
58072,train
58077,train
58079,train
58082,train
58086,train
58087,train
58092,train
58093,train
58096,train
58101,train
58104,train
58107,train
58109,train
58113,train
58115,train
58118,train
58122,train
58124,train
58126,train
58129,train
58132,train
58136,train
58139,train
58141,train
58144,train
58148,train
58150,train
58154,train
58156,train
58159,train
58164,train
58167,train
58170,train
58171,train
58174,train
58179,train
58181,train
58184,train
58186,train
58190,train
58194,train
58195,train
58198,train
58203,train
58206,train
58209,train
58211,train
58213,train
58216,train
58220,train
58222,train
58225,train
58228,train
58231,train
58235,train
58237,train
58241,train
58245,train
58246,train
58251,train
58253,train
58257,train
58260,train
58262,train
58266,train
58269,train
58272,train
58274,train
58277,train
58280,train
58283,train
58287,train
58289,train
58292,train
58295,train
58297,train
58301,train
58304,train
58308,train
58310,train
58313,train
58315,train
58318,train
58321,train
58324,train
58329,train
58330,train
58335,train
58338,train
58341,train
58343,train
58345,train
58348,train
58352,train
58354,train
58358,train
58361,train
58364,train
58368,train
58370,train
58373,train
58375,train
58379,train
58381,train
58385,train
58388,train
58392,train
58393,train
58397,train
58401,train
58402,train
58405,train
58408,train
58411,train
58416,train
58418,train
58422,train
58425,train
58428,train
58431,train
58432,train
58436,train
58440,train
58441,train
58444,train
58448,train
58452,train
58454,train
58456,train
58459,train
58463,train
58465,train
58468,train
58473,train
58476,train
58478,train
58480,train
58483,train
58486,train
58489,train
58492,train
58497,train
58498,train
58502,train
58504,train
58509,train
58511,train
58515,train
58518,train
58519,train
58524,train
58526,train
58528,train
58531,train
58534,train
58537,train
58542,train
58543,train
58546,train
58549,train
58552,train
58556,train
58560,train
58561,train
58566,train
58567,train
58572,train
58574,train
58577,train
58580,train
58583,train
58587,train
58590,train
58593,train
58596,train
58599,train
58602,train
58604,train
58606,train
58610,train
58612,train
58616,train
58619,train
58622,train
58625,train
58627,train
58632,train
58633,train
58637,train
58642,train
58647,train
58651,train
58652,train
58656,train
58659,train
58660,train
58662,train
58665,train
58666,train
58668,train
58670,train
58672,train
58674,train
58677,train
58678,train
58680,train
58681,train
58685,train
58686,train
58689,train
58690,train
58692,train
58693,train
58696,train
58699,train
58701,train
58703,train
58704,train
58707,train
58708,train
58710,train
58714,train
58715,train
58717,train
58719,train
58720,train
58721,train
58724,train
58725,train
58728,train
58731,train
58734,train
58735,train
58737,train
58739,train
58740,train
58743,train
58744,train
58745,train
58748,train
58749,train
58753,train
58755,train
58758,train
58759,train
58761,train
58762,train
58764,train
58767,train
58769,train
58771,train
58773,train
58775,train
58777,train
58778,train
58781,train
58783,train
58784,train
58787,train
58788,train
58791,train
58793,train
58794,train
58796,train
58798,train
58802,train
58803,train
58805,train
58806,train
58808,train
58810,train
58813,train
58814,train
58816,train
58818,train
58820,train
58822,train
58824,train
58827,train
58830,train
58831,train
58832,train
58835,train
58836,train
58837,train
58841,train
58842,train
58844,train
58845,train
58849,train
58851,train
58853,train
58855,train
58857,train
58859,train
58860,train
58861,train
58865,train
58867,train
58868,train
58871,train
58872,train
58875,train
58876,train
58878,train
58880,train
58882,train
58885,train
58886,train
58888,train
58890,train
58894,train
58895,train
58897,train
58899,train
58901,train
58903,train
58905,train
58906,train
58909,train
58910,train
58912,train
58915,train
58918,train
58919,train
58920,train
58921,train
58924,train
58927,train
58928,train
58931,train
58933,train
58935,train
58937,train
58938,train
58940,train
58942,train
58944,train
58946,train
58950,train
58951,train
58952,train
58955,train
58957,train
58959,train
58962,train
58963,train
58965,train
58966,train
58969,train
58970,train
58972,train
58973,train
58976,train
58977,train
58982,train
58983,train
58984,train
58985,train
58988,train
58991,train
58992,train
58993,train
58996,train
58997,train
59000,train
59003,train
59005,train
59007,train
59008,train
59011,train
59013,train
59015,train
59018,train
59019,train
59021,train
59023,train
59025,train
59026,train
59029,train
59031,train
59032,train
59033,train
59036,train
59039,train
59040,train
59043,train
59045,train
59047,train
59050,train
59051,train
59052,train
59054,train
59058,train
59059,train
59061,train
59062,train
59066,train
59067,train
59069,train
59070,train
59072,train
59074,train
59076,train
59079,train
59082,train
59083,train
59086,train
59087,train
59088,train
59091,train
59092,train
59094,train
59096,train
59098,train
59101,train
59103,train
59106,train
59107,train
59108,train
59110,train
59114,train
59115,train
59116,train
59117,train
59120,train
59122,train
59125,train
59126,train
59130,train
59131,train
59132,train
59135,train
59136,train
59138,train
59142,train
59143,train
59145,train
59147,train
59148,train
59151,train
59152,train
59155,train
59156,train
59159,train
59161,train
59162,train
59165,train
59167,train
59168,train
59171,train
59173,train
59174,train
59177,train
59178,train
59181,train
59183,train
59184,train
59186,train
59188,train
59191,train
59193,train
59194,train
59197,train
59198,train
59200,train
59201,train
59204,train
59207,train
59209,train
59211,train
59212,train
59213,train
59218,train
59219,train
59220,train
59222,train
59225,train
59227,train
59229,train
59230,train
59232,train
59233,train
59236,train
59239,train
59240,train
59242,train
59244,train
59247,train
59249,train
59251,train
59252,train
59255,train
59256,train
59258,train
59260,train
59261,train
59265,train
59267,train
59269,train
59270,train
59272,train
59275,train
59276,train
59277,train
59281,train
59282,train
59284,train
59285,train
59289,train
59290,train
59292,train
59293,train
59297,train
59299,train
59300,train
59303,train
59305,train
59306,train
59308,train
59310,train
59312,train
59314,train
59316,train
59319,train
59320,train
59321,train
59324,train
59325,train
59328,train
59330,train
59334,train
59335,train
59337,train
59339,train
59340,train
59342,train
59344,train
59347,train
59348,train
59351,train
59353,train
59355,train
59356,train
59359,train
59360,train
59362,train
59364,train
59367,train
59368,train
59371,train
59374,train
59375,train
59376,train
59379,train
59381,train
59383,train
59384,train
59386,train
59388,train
59391,train
59392,train
59395,train
59396,train
59397,train
59401,train
59402,train
59406,train
59407,train
59408,train
59410,train
59412,train
59413,train
59418,train
59419,train
59420,train
59423,train
59425,train
59426,train
59430,train
59431,train
59432,train
59435,train
59436,train
59439,train
59440,train
59442,train
59444,train
59446,train
59448,train
59451,train
59453,train
59455,train
59456,train
59458,train
59460,train
59462,train
59465,train
59466,train
59469,train
59470,train
59472,train
59475,train
59477,train
59479,train
59482,train
59483,train
59485,train
59487,train
59488,train
59489,train
59493,train
59494,train
59498,train
59499,train
59501,train
59502,train
59505,train
59507,train
59508,train
59511,train
59512,train
59513,train
59516,train
59518,train
99935,train
99940,train
99943,train
99947,train
99950,train
99956,train
99961,train
99965,train
99968,train
99970,train
99975,train
99980,train
99985,train
99988,train
99992,train
99996,train
100000,train
100004,train
100008,train
100011,train
100267,train
100271,train
100277,train
100280,train
100285,train
100289,train
100292,train
100296,train
100301,train
100304,train
100306,train
100311,train
100316,train
100321,train
100325,train
100327,train
100332,train
100335,train
100340,train
100343,train
100347,train
100352,train
100356,train
100358,train
100365,train
100368,train
100370,train
100377,train
100624,train
100627,train
100633,train
100635,train
100641,train
100645,train
100646,train
100650,train
100655,train
100660,train
100663,train
100666,train
100670,train
100677,train
100680,train
100683,train
100711,train
100716,train
100720,train
100724,train
100726,train
100730,train
100736,train
100740,train
100742,train
100747,train
100750,train
100756,train
100758,train
100762,train
100769,train
100773,train
100775,train
100780,train
100785,train
100787,train
100791,train
100797,train
100800,train
100804,train
100808,train
100813,train
100815,train
100818,train
100824,train
100826,train
100831,train
100835,train
100841,train
100843,train
100846,train
100850,train
100856,train
100861,train
100865,train
100869,train
100873,train
100875,train
100878,train
153973,train
153977,train
153978,train
153985,train
153989,train
153991,train
153996,train
153999,train
154004,train
154009,train
154014,val
154019,val
154023,val
154027,val
154033,val
154037,val
154041,val
154044,val
154046,val
154049,train
154053,train
154057,train
154059,train
154064,train
154066,train
154073,train
154077,train
154079,train
154080,val
154083,val
154086,val
154092,val
154097,val
154099,val
154105,val
154107,val
154111,val
154212,train
154217,train
154218,train
154225,train
154226,train
154233,train
154237,train
154240,train
154241,val
154242,val
154244,train
154246,val
154249,train
154250,val
154253,train
154255,val
154257,train
154260,train
154261,val
154262,train
154265,val
154267,train
154268,val
154271,train
154272,val
154276,val
154277,train
154279,train
154281,val
154283,val
154284,train
154286,val
154288,train
154291,train
154292,val
154294,val
154295,train
154298,val
154300,train
154303,val
154305,train
154308,val
154309,train
154310,val
154311,train
154315,val
154316,train
154318,val
154319,train
154323,train
154324,val
154326,val
154328,train
154332,train
154333,val
154335,val
154336,train
154338,val
154340,train
154343,train
154344,val
154346,val
154347,train
154352,train
154353,val
154355,train
154356,val
154360,val
154361,train
154364,val
154365,train
154367,train
154368,val
154370,train
154371,val
154375,train
154377,val
154379,train
154382,train
154389,train
154393,train
154395,train
154401,train
154405,train
154408,val
154409,train
154410,train
154413,val
154415,train
154416,val
154419,train
154420,val
154422,train
154423,val
154427,train
154428,val
154432,train
154433,val
154435,train
154437,val
154438,train
154441,val
154444,val
154445,train
154448,train
154449,val
154450,val
154453,train
154455,val
154456,train
154458,val
154460,train
154463,train
154464,val
154466,train
154467,val
154471,val
154472,train
154474,val
154475,train
154478,val
154479,train
154482,train
154485,val
154487,val
154489,train
154490,val
154493,train
154496,train
154497,val
154498,train
154500,val
154502,train
154504,val
154507,train
154508,val
154510,train
154511,val
154515,train
154516,val
154520,train
154521,val
154522,val
154525,train
154526,val
154528,train
154531,train
154533,val
154534,train
154536,val
154538,val
154540,train
154544,train
154545,val
154547,train
154548,val
154550,val
154552,train
154555,train
154557,val
154560,val
154564,val
154567,val
154571,val
154576,val
154580,val
205481,train
205483,train
205485,train
205487,train
205488,train
205490,train
205493,train
205495,train
205496,train
205499,train
205500,train
205502,train
205504,train
205516,train
205519,train
205521,train
205522,train
205524,train
205526,train
205529,train
205531,train
205532,train
205535,train
205537,train
205539,train
205541,train
205543,train
205544,train
205547,train
205548,train
205550,train
205553,train
205684,train
205686,train
205689,train
205690,train
205693,train
205695,train
205696,train
205699,train
205701,train
205702,train
205704,train
205707,train
205709,train
205710,train
205712,train
205715,train
205716,train
205719,train
205721,train
205723,train
205725,train
205726,train
205729,train
205730,train
205733,train
205735,train
205736,train
205738,train
205741,train
205742,train
205764,train
205767,train
205768,train
205771,train
205772,train
205775,train
205777,train
205778,train
205781,train
205782,train
205785,train
205787,train
205789,train
205791,train
205793,train
205795,train
205797,train
205799,train
205800,train
205802,train
205805,train
205806,train
205808,train
205811,train
205813,train
205814,train
205817,train
205818,train
205820,train
205822,train
205825,train
205827,train
205828,train
205831,train
205833,train
205834,train
205837,train
205839,train
205840,train
205842,train
205845,train
205847,train
205849,train
140703,train
140579,val
177513,train
89214,train
140483,train
172367,train
76189,train
140562,val
140407,val
177500,train
114046,train
26877,train
172337,train
140643,val
76183,train
140416,val
63855,val
26968,train
140638,val
114083,train
27019,train
140504,train
140534,val
76174,train
172370,train
76215,train
126568,val
140402,val
27001,train
76160,train
89195,train
168537,train
140557,val
140519,val
114043,train
140597,train
63813,val
89171,train
199939,train
126547,val
42002,train
42006,train
42008,train
42011,train
42018,train
42021,train
42025,train
42029,train
42032,train
42037,train
42039,train
42044,train
42048,train
42053,train
42055,train
42062,train
42064,train
42070,train
42073,train
42075,train
42079,train
42085,train
42089,train
42092,train
42095,train
42099,train
42103,train
42109,train
42111,train
42117,train
42121,train
42125,train
42129,train
42132,train
42138,train
42140,train
42143,train
42149,train
42152,train
42155,train
42157,train
42159,train
42162,train
42164,train
42165,train
42167,train
42168,train
42172,train
42173,train
42175,train
42176,train
42179,train
42182,train
42183,train
42184,train
42189,train
42190,train
42192,train
42194,train
42197,train
42198,train
42199,train
42201,train
42204,train
42205,train
42207,train
42208,train
42213,train
42214,train
42215,train
42217,train
42220,train
42222,train
42224,train
42226,train
42227,train
42229,train
42232,train
42234,train
42235,train
42238,train
42239,train
42241,train
42244,train
42245,train
42249,train
42250,train
42251,train
42252,train
42255,train
42256,train
42259,train
42260,train
42263,train
42265,train
42267,train
42270,train
42271,train
42272,train
42275,train
42278,train
42280,train
42281,train
42283,train
42286,train
42287,train
42288,train
42291,train
42294,train
42295,train
42297,train
42299,train
42302,train
42304,train
42306,train
42307,train
42310,train
42312,train
42314,train
42315,train
42318,train
42321,train
42322,train
42324,train
42325,train
42328,train
42330,train
42331,train
42333,train
42335,train
42337,train
42339,train
42340,train
42344,train
42346,train
42348,train
42349,train
42351,train
42354,train
42357,train
42358,train
42360,train
42362,train
42363,train
42365,train
42367,train
42369,train
42372,train
42373,train
42377,train
42378,train
42380,train
42381,train
42384,train
42385,train
42387,train
42388,train
42392,train
42394,train
42395,train
42397,train
42399,train
42401,train
42403,train
42405,train
42407,train
42410,train
42411,train
42414,train
42415,train
42417,train
42419,train
42420,train
42423,train
42425,train
42429,train
42430,train
42432,train
42434,train
42436,train
42437,train
42440,train
42441,train
42443,train
42446,train
42448,train
42449,train
42451,train
42454,train
42456,train
42458,train
42459,train
42461,train
42465,train
42466,train
42467,train
42470,train
42471,train
42472,train
42475,train
42477,train
42480,train
42481,train
42484,train
42485,train
42488,train
42489,train
42493,train
42494,train
42495,train
42498,train
42500,train
42502,train
42503,train
42506,train
42507,train
42509,train
42513,train
42514,train
42515,train
42517,train
42520,train
42522,train
42523,train
42526,train
42528,train
42529,train
42532,train
42534,train
42536,train
42537,train
42540,train
42541,train
42545,train
42546,train
42548,train
42550,train
42552,train
42553,train
42555,train
42556,train
42559,train
42561,train
42563,train
42566,train
42567,train
42569,train
42571,train
42573,train
42576,train
42578,train
42580,train
42582,train
42584,train
42585,train
42588,train
42590,train
42592,train
42593,train
42596,train
42597,train
42600,train
42602,train
42603,train
42606,train
42608,train
42609,train
42613,train
42614,train
42616,train
42617,train
42620,train
42621,train
42623,train
42625,train
42627,train
42628,train
42632,train
42633,train
42635,train
42638,train
42641,train
42642,train
42643,train
42644,train
42647,train
42648,train
42652,train
42654,train
42657,train
42658,train
42659,train
42661,train
42664,train
42666,train
42667,train
42668,train
42671,train
42674,train
42675,train
42677,train
42679,train
42682,train
42683,train
42684,train
42687,train
42689,train
42692,train
42694,train
42696,train
42698,train
42701,train
42702,train
42703,train
42706,train
42707,train
42709,train
42713,train
42714,train
42715,train
42717,train
42719,train
42722,train
42724,train
42725,train
42727,train
42729,train
42733,train
42734,train
42736,train
42738,train
42739,train
42740,train
42743,train
42745,train
42747,train
42749,train
42752,train
42754,train
42756,train
42758,train
42760,train
42762,train
42763,train
42765,train
42768,train
42770,train
42773,train
42774,train
42777,train
42778,train
42780,train
42781,train
42784,train
42786,train
42788,train
42789,train
42791,train
42792,train
42795,train
42796,train
42800,train
42801,train
42804,train
42805,train
42807,train
42810,train
42813,train
42814,train
42815,train
42818,train
42819,train
42820,train
42823,train
42826,train
42828,train
42830,train
42832,train
42834,train
42836,train
42838,train
42841,train
42842,train
42843,train
42844,train
42849,train
42850,train
42851,train
42854,train
42855,train
42858,train
42860,train
42861,train
42864,train
42866,train
42869,train
42870,train
42871,train
42873,train
42877,train
42878,train
42881,train
42882,train
42883,train
42886,train
42887,train
42889,train
42891,train
42893,train
42897,train
42898,train
42901,train
42902,train
42903,train
42905,train
42909,train
42910,train
42913,train
42914,train
42915,train
42917,train
42919,train
42922,train
42924,train
42926,train
42929,train
42930,train
42932,train
42934,train
42938,train
42939,train
42943,train
42948,train
42952,train
42956,train
42961,train
42963,train
42968,train
42974,train
42978,train
42982,train
42986,train
42990,train
42994,train
42995,train
43000,train
43003,train
43009,train
43011,train
43016,train
43021,train
43024,train
43028,train
43033,train
43037,train
43041,train
43043,train
43048,train
43053,train
43055,train
43059,train
43064,train
43069,train
43072,train
43077,train
43079,train
43086,train
43089,train
43093,train
43098,train
43099,train
43106,train
43108,train
43111,train
43115,train
43122,train
43124,train
43129,train
43131,train
43136,train
43140,train
43143,train
43149,train
43151,train
43158,train
43162,train
43165,train
43168,train
43173,train
43177,train
43181,train
101359,train
101364,train
101369,train
101372,train
101377,train
101379,train
101382,train
101388,train
101392,train
101397,train
101401,train
101404,train
101409,train
101410,train
101416,train
101420,train
101424,train
155059,train
155065,train
155067,train
155071,train
155076,val
155077,train
155078,train
155079,val
155082,val
155084,train
155086,train
155088,val
155092,val
155093,train
155095,val
155097,train
155098,train
155101,val
155102,train
155103,val
155108,val
155109,train
155112,val
155113,train
155116,val
155117,train
155121,val
155124,val
155127,val
155133,val
155134,val
155140,val
155142,val
155149,val
206103,train
206104,train
206107,train
206108,train
206111,train
206113,train
206115,train
206117,train
206119,train
206121,train
206123,train
140906,val
64406,train
172444,train
168835,val
193145,val
64299,train
140817,train
64383,val
76199,train
114101,train
114356,train
64236,train
12572,train
114318,train
114212,train
12801,train
12568,train
27014,train
141013,val
64083,val
126877,train
140875,train
27208,train
140895,train
27262,train
76286,train
64255,val
12584,train
63995,val
199993,train
64212,train
140705,val
64062,val
126718,train
168626,train
76392,train
172544,train
64200,val
76316,train
12464,train
42937,train
42940,train
42944,train
42947,train
42954,train
42957,train
42959,train
42966,train
42967,train
42973,train
42975,train
42981,train
42984,train
42988,train
42992,train
42996,train
42999,train
43005,train
43008,train
43012,train
43017,train
43022,train
43026,train
43030,train
43031,train
43035,train
43039,train
43044,train
43047,train
43054,train
43057,train
43061,train
43065,train
43070,train
43073,train
43078,train
43080,train
43085,train
43088,train
43091,train
43097,train
43102,train
43103,train
43109,train
43114,train
43116,train
43120,train
43123,train
43128,train
43133,train
43137,train
43139,train
43144,train
43150,train
43152,train
43155,train
43159,train
43163,train
43169,train
43172,train
43175,train
43182,train
43184,train
43186,train
43188,train
43189,train
43192,train
43193,train
43195,train
43197,train
43199,train
43201,train
43203,train
43204,train
43207,train
43210,train
43212,train
43214,train
43215,train
43218,train
43219,train
43222,train
43223,train
43224,train
43228,train
43230,train
43232,train
43234,train
43237,train
43238,train
43240,train
43242,train
43244,train
43246,train
43249,train
43250,train
43253,train
43254,train
43256,train
43258,train
43260,train
43262,train
43264,train
43266,train
43269,train
43270,train
43271,train
43273,train
43276,train
43278,train
43281,train
43282,train
43285,train
43286,train
43287,train
43289,train
43291,train
43293,train
43296,train
43297,train
43300,train
43302,train
43303,train
43304,train
43307,train
43309,train
43311,train
43313,train
43315,train
43317,train
43321,train
43322,train
43323,train
43326,train
43327,train
43329,train
43331,train
43332,train
43335,train
43338,train
43339,train
43340,train
43344,train
43346,train
43347,train
43348,train
43351,train
43354,train
43356,train
43357,train
43360,train
43362,train
43363,train
43364,train
43367,train
43368,train
43372,train
43373,train
43375,train
43376,train
43380,train
43382,train
43384,train
43386,train
43387,train
43389,train
43391,train
43393,train
43396,train
43397,train
43399,train
43400,train
43403,train
43405,train
43408,train
43409,train
43411,train
43413,train
43416,train
43417,train
43419,train
43420,train
43425,train
43426,train
43427,train
43428,train
43432,train
43434,train
43435,train
43436,train
43439,train
43440,train
43445,train
43446,train
43447,train
43449,train
43452,train
43454,train
43457,train
43458,train
43461,train
43462,train
43465,train
43466,train
43468,train
43469,train
43471,train
43474,train
43476,train
43478,train
43480,train
43482,train
43483,train
43486,train
43488,train
43489,train
43491,train
43494,train
43495,train
43497,train
43499,train
43500,train
43503,train
43505,train
43507,train
43509,train
43511,train
43514,train
43515,train
43516,train
43519,train
43522,train
43524,train
43525,train
43527,train
43528,train
43532,train
43533,train
43535,train
43537,train
43539,train
43541,train
43543,train
43545,train
43548,train
43550,train
43551,train
43554,train
43557,train
43558,train
43560,train
43562,train
43565,train
43566,train
43567,train
43569,train
43571,train
43574,train
43575,train
43578,train
43580,train
43582,train
43585,train
43586,train
43587,train
43590,train
43592,train
43593,train
43596,train
43597,train
43599,train
43601,train
43603,train
43604,train
43609,train
43610,train
43612,train
43614,train
43615,train
43617,train
43621,train
43622,train
43623,train
43625,train
43628,train
43630,train
43631,train
43633,train
43635,train
43636,train
43639,train
43641,train
43643,train
43644,train
43647,train
43650,train
43652,train
43653,train
43655,train
43657,train
43659,train
43661,train
43663,train
43664,train
43667,train
43669,train
43672,train
43673,train
43676,train
43677,train
43679,train
43681,train
43684,train
43685,train
43687,train
43688,train
43691,train
43692,train
43695,train
43697,train
43700,train
43702,train
43703,train
43706,train
43707,train
43708,train
43713,train
43714,train
43717,train
43718,train
43721,train
43722,train
43723,train
43726,train
43728,train
43730,train
43732,train
43733,train
43736,train
43737,train
43739,train
43742,train
43743,train
43744,train
43748,train
43749,train
43752,train
43753,train
43755,train
43756,train
43760,train
43762,train
43763,train
43765,train
43769,train
43770,train
43772,train
43773,train
43776,train
43777,train
43779,train
43782,train
43783,train
43786,train
43789,train
43790,train
43791,train
43792,train
43795,train
43798,train
43799,train
43802,train
43803,train
43805,train
43807,train
43808,train
43812,train
43814,train
43815,train
43816,train
43821,train
43822,train
43825,train
43826,train
43827,train
43830,train
43832,train
43834,train
43835,train
43836,train
43839,train
43842,train
43845,train
43846,train
43849,train
43850,train
43852,train
43853,train
43856,train
43857,train
43859,train
43862,train
43863,train
43866,train
43869,train
43870,train
43873,train
43874,train
43877,train
43878,train
43879,train
43880,train
43883,train
43885,train
43888,train
43889,train
43892,train
43894,train
43896,train
43897,train
43900,train
43901,train
43903,train
43905,train
43907,train
43908,train
43912,train
43913,train
43915,train
43916,train
43921,train
43922,train
43924,train
43925,train
43928,train
43929,train
43931,train
43933,train
43935,train
43936,train
43941,train
43942,train
43943,train
43944,train
43948,train
43949,train
43952,train
43954,train
43956,train
43958,train
43959,train
43960,train
43964,train
43966,train
43967,train
43970,train
43972,train
43973,train
43976,train
43978,train
43980,train
43981,train
43984,train
43985,train
43988,train
43990,train
43992,train
43993,train
43996,train
43997,train
43999,train
44002,train
44005,train
44006,train
44007,train
44008,train
44012,train
44013,train
44015,train
44018,train
44019,train
44021,train
44023,train
44026,train
44027,train
44030,train
44033,train
44034,train
44035,train
44036,train
44039,train
44040,train
44044,train
44045,train
44047,train
44048,train
44051,train
44052,train
44055,train
44056,train
44060,train
44061,train
44063,train
44065,train
44069,train
44070,train
44073,train
44074,train
44076,train
44078,train
44080,train
44082,train
44084,train
44086,train
44087,train
44088,train
44091,train
44094,train
44096,train
44098,train
44099,train
44101,train
44103,train
44105,train
44107,train
44109,train
44111,train
44112,train
44115,train
44117,train
44120,train
44122,train
44123,train
44126,train
44128,train
44130,train
44131,train
44133,train
44135,train
44137,train
44139,train
44141,train
44143,train
44146,train
44148,train
44150,train
44151,train
44153,train
44155,train
44157,train
44159,train
44162,train
44164,train
44166,train
44169,train
44170,train
44172,train
44174,train
44176,train
44177,train
44180,train
44182,train
44183,train
44186,train
44188,train
44190,train
44192,train
44193,train
44195,train
44197,train
44199,train
44200,train
44204,train
44206,train
44208,train
44210,train
44213,train
44214,train
44216,train
44218,train
44220,train
44221,train
44223,train
44224,train
44228,train
44230,train
44233,train
44234,train
44235,train
44237,train
44240,train
44241,train
44244,train
44246,train
44247,train
44250,train
44251,train
44254,train
44255,train
44258,train
44259,train
44261,train
44265,train
44266,train
44267,train
44269,train
44272,train
44273,train
44277,train
44278,train
44279,train
44280,train
44283,train
44284,train
44288,train
44290,train
44291,train
44293,train
44295,train
44296,train
44300,train
44302,train
44304,train
44305,train
44308,train
44309,train
44312,train
44314,train
44315,train
44316,train
44319,train
44320,train
44324,train
44326,train
44328,train
44329,train
44332,train
44334,train
44335,train
44338,train
44340,train
44342,train
44345,train
44346,train
44347,train
44350,train
44351,train
44354,train
44356,train
44357,train
44359,train
44360,train
44363,train
44366,train
44367,train
44369,train
44371,train
44373,train
44376,train
44378,train
44380,train
44382,train
44385,train
44386,train
44388,train
44390,train
44392,train
44393,train
44395,train
44397,train
44399,train
44400,train
44404,train
44405,train
44409,train
44410,train
44412,train
44413,train
44415,train
44418,train
44420,train
44421,train
44423,train
44425,train
44428,train
44429,train
44431,train
44434,train
44435,train
44436,train
44440,train
44442,train
44444,train
44446,train
44448,train
44450,train
44454,train
44457,train
44460,train
44463,train
44469,train
44473,train
44475,train
44480,train
44483,train
44488,train
44491,train
44495,train
44502,train
44505,train
44509,train
44512,train
44515,train
44519,train
44525,train
44530,train
44533,train
44537,train
44541,train
44543,train
44549,train
44553,train
44557,train
44562,train
44563,train
44567,train
44573,train
44578,train
44581,train
44584,train
44587,train
101426,train
101432,train
101435,train
101441,train
101445,train
101447,train
101453,train
101455,train
101461,train
101462,train
101469,train
101470,train
101474,train
101479,train
101482,train
101486,train
101490,train
101495,train
101500,train
101503,train
101509,train
101512,train
101517,train
101521,train
101523,train
101527,train
101533,train
101537,train
101541,train
101545,train
101547,train
101552,train
101554,train
101560,train
101565,train
101568,train
101572,train
101574,train
101580,train
101583,train
101586,train
101593,train
101595,train
101600,train
101605,train
101609,train
101610,train
101617,train
101619,train
101625,train
101629,train
101630,train
101637,train
101638,train
101644,train
101647,train
101653,train
101657,train
101660,train
101662,train
101667,train
101670,train
101677,train
101678,train
101685,train
101689,train
155120,train
155122,train
155126,train
155131,train
155136,train
155139,train
155143,train
155147,train
155152,train
155153,val
155155,train
155157,val
155160,train
155161,val
155162,train
155164,val
155167,val
155168,train
155172,val
155173,train
155174,train
155177,val
155178,train
155179,val
155182,val
155184,train
155188,val
155189,train
155191,val
155193,train
155196,val
155197,train
155198,val
155201,train
155204,train
155205,val
155208,train
155209,val
155212,val
155213,train
155215,train
155216,val
155218,val
155220,train
155223,val
155225,train
155226,train
155229,val
155231,train
155232,val
155235,val
155236,train
155238,val
155239,train
155242,train
155243,val
155247,val
155249,train
155250,val
155252,train
155254,val
155255,train
155259,train
155261,val
155263,val
155265,train
155267,val
155268,train
155270,val
155271,train
155275,val
155277,train
155279,val
155281,train
155283,val
155285,train
155286,train
155289,val
155291,val
155293,train
155294,val
155296,train
155299,val
155301,train
155303,train
155305,val
155307,train
155308,val
155310,train
155311,val
155314,val
155315,train
155318,val
155321,train
155323,train
155325,val
155328,val
155329,train
155330,train
155332,val
155336,train
155337,val
155339,val
155341,train
155344,train
155345,val
155348,train
155349,val
155350,train
155353,val
155355,val
155357,train
155358,val
155359,train
155362,val
155363,train
155368,val
155369,train
155370,train
155373,val
155374,val
155376,train
155379,train
155381,val
155382,val
155385,train
155386,train
155387,val
155392,val
155393,train
155394,train
155395,val
155399,val
155400,train
155403,train
155405,val
155407,val
155409,train
155411,train
155413,val
155415,train
155417,val
155419,train
155421,val
155422,val
155424,train
155426,val
155428,train
155430,val
155431,train
155435,val
155440,val
155442,val
155446,val
155450,val
206125,train
206126,train
206129,train
206130,train
206133,train
206135,train
206137,train
206139,train
206140,train
206143,train
206145,train
206146,train
206148,train
206151,train
206153,train
206154,train
206157,train
206159,train
206161,train
206163,train
206164,train
206166,train
206168,train
206170,train
206173,train
206175,train
206176,train
206179,train
206181,train
206183,train
206185,train
206186,train
206189,train
206191,train
206193,train
206195,train
206197,train
206199,train
206201,train
206202,train
206205,train
206206,train
125858,train
26317,train
125856,train
199474,train
125821,val
125841,train
75556,train
125836,train
113417,train
139792,train
88513,train
75566,train
113442,train
75571,train
139789,train
139810,train
113436,train
125811,val
125808,val
199476,train
199473,train
139802,train
88501,train
125816,val
75518,train
63345,val
113437,train
139798,train
75529,train
63343,val
26374,train
63330,val
88519,train
63335,val
26310,train
63355,val
75530,train
75558,train
125844,train
75524,train
41580,train
41583,train
41587,train
41591,train
41595,train
100913,train
100914,train
100921,train
100925,train
100926,train
100931,train
100937,train
100939,train
100945,train
100949,train
154586,train
154591,train
154595,train
154600,train
154605,train
154608,train
154610,train
154621,val
154622,val
154627,val
154632,val
154636,val
154640,val
154644,val
154648,val
154651,val
154656,val
74605,train
125067,val
125138,train
74403,train
198817,train
167139,train
74547,train
99362,train
112620,train
138367,train
74490,train
112596,train
138726,train
183908,val
138597,train
74850,train
183776,val
124949,val
169408,train
87827,train
138316,train
99589,train
138203,train
198920,train
166789,train
183734,val
183742,val
176806,train
176634,train
169829,train
169737,train
112668,train
112421,train
184001,val
183840,val
87562,train
138604,train
125013,train
138257,train
176622,train
40259,train
40263,train
40268,train
40272,train
40275,train
40279,train
40286,train
40290,train
40292,train
40298,train
40301,train
40306,train
40309,train
40311,train
40317,train
40321,train
40324,train
40328,train
40331,train
40335,train
40339,train
40346,train
40348,train
40354,train
40358,train
40362,train
40365,train
40370,train
40373,train
40377,train
40379,train
40384,train
40389,train
40391,train
40397,train
40401,train
40405,train
40409,train
40411,train
40418,train
40422,train
40424,train
40427,train
40433,train
40437,train
40440,train
40444,train
40449,train
40451,train
40457,train
40460,train
40464,train
40467,train
40472,train
40477,train
40479,train
40483,train
40489,train
40494,train
40496,train
40502,train
40506,train
40507,train
40512,train
40518,train
40521,train
40523,train
40526,train
40528,train
40530,train
40531,train
40534,train
40535,train
40538,train
40541,train
40542,train
40544,train
40545,train
40548,train
40550,train
40551,train
40554,train
40557,train
40558,train
40561,train
40562,train
40563,train
40565,train
40567,train
40569,train
40571,train
40572,train
40576,train
40577,train
40579,train
40580,train
40584,train
40585,train
40587,train
40588,train
40592,train
40594,train
40596,train
40597,train
40600,train
40601,train
40604,train
40605,train
40609,train
40610,train
40612,train
40613,train
40617,train
40618,train
40619,train
40622,train
40623,train
40625,train
40627,train
40628,train
40632,train
40634,train
40636,train
40638,train
40641,train
40642,train
40643,train
40646,train
40649,train
40650,train
40651,train
40653,train
40655,train
40656,train
40659,train
40662,train
40663,train
40665,train
40669,train
40670,train
40671,train
40672,train
40676,train
40678,train
40680,train
40681,train
40683,train
40686,train
40687,train
40688,train
40691,train
40693,train
40696,train
40697,train
40700,train
40702,train
40704,train
40705,train
40708,train
40709,train
40712,train
40714,train
40715,train
40718,train
40719,train
40722,train
40725,train
40726,train
40728,train
40730,train
40731,train
40733,train
40735,train
40736,train
40740,train
40742,train
40744,train
40745,train
40749,train
40750,train
40751,train
40752,train
40755,train
40756,train
40761,train
40762,train
40763,train
40766,train
40767,train
40769,train
40771,train
40774,train
40775,train
40777,train
40779,train
40782,train
40784,train
40786,train
40787,train
40788,train
40793,train
40794,train
40797,train
40798,train
40799,train
40800,train
40803,train
40804,train
40808,train
40809,train
40811,train
40813,train
40815,train
40818,train
40819,train
40820,train
40823,train
40825,train
40828,train
40830,train
40832,train
40833,train
40837,train
40838,train
40839,train
40840,train
40843,train
40846,train
40848,train
40849,train
40853,train
40854,train
40856,train
40858,train
40859,train
40860,train
40863,train
40864,train
40868,train
40870,train
40872,train
40874,train
40877,train
40878,train
40881,train
40882,train
40883,train
40887,train
40891,train
40898,train
40901,train
40903,train
40910,train
40913,train
40918,train
56527,train
56530,train
56535,train
56540,train
56543,train
56548,train
56553,train
56554,train
56560,train
56562,train
56568,train
56570,train
56574,train
56581,train
56584,train
56586,train
56591,train
56597,train
56601,train
56604,train
56606,train
56610,train
56616,train
56620,train
56624,train
56627,train
56630,train
56634,train
56640,train
56643,train
56649,train
56653,train
56656,train
56660,train
56663,train
56666,train
56670,train
56677,train
56681,train
56684,train
56686,train
56687,train
56690,train
56691,train
56695,train
56697,train
56699,train
56700,train
56702,train
56705,train
56707,train
56709,train
56712,train
56713,train
56715,train
56717,train
56718,train
56719,train
56722,train
56723,train
56726,train
56727,train
56731,train
56732,train
56735,train
56737,train
56738,train
56740,train
56742,train
56743,train
56748,train
56749,train
56750,train
56751,train
56754,train
56757,train
56758,train
56760,train
56762,train
56763,train
56767,train
56768,train
56772,train
56773,train
56775,train
56776,train
56778,train
56780,train
56783,train
56785,train
56788,train
56789,train
56791,train
56793,train
56795,train
56796,train
56799,train
56801,train
56802,train
56805,train
56806,train
56808,train
56811,train
56812,train
56814,train
56816,train
56818,train
56821,train
56823,train
56825,train
56828,train
56829,train
56830,train
56831,train
56834,train
56835,train
56838,train
56840,train
56842,train
56844,train
56846,train
56849,train
56850,train
56853,train
56854,train
56857,train
56858,train
56859,train
56863,train
56865,train
56866,train
56869,train
56870,train
56872,train
56874,train
56875,train
56878,train
56881,train
56882,train
56884,train
56887,train
56888,train
56891,train
56893,train
56894,train
56896,train
56899,train
56900,train
56904,train
56905,train
56906,train
56908,train
56910,train
56911,train
56915,train
56916,train
56918,train
56921,train
56923,train
56925,train
56928,train
56929,train
56931,train
56933,train
56934,train
56937,train
56940,train
56941,train
56942,train
56944,train
56947,train
56949,train
56950,train
56951,train
56954,train
56956,train
56958,train
56959,train
56963,train
56964,train
56966,train
56969,train
56972,train
56973,train
56975,train
56977,train
56980,train
56981,train
56984,train
56985,train
56986,train
56988,train
56991,train
56992,train
56995,train
56997,train
56998,train
57000,train
57003,train
57005,train
57006,train
57008,train
57010,train
57013,train
57014,train
57016,train
57020,train
57021,train
57023,train
57025,train
57026,train
57029,train
57030,train
57031,train
57035,train
57037,train
57040,train
57041,train
57043,train
57045,train
57046,train
57048,train
57051,train
57053,train
57054,train
57055,train
57058,train
57060,train
57062,train
57064,train
57067,train
57068,train
57070,train
57071,train
57074,train
57077,train
57078,train
57080,train
57083,train
57084,train
57087,train
57089,train
57091,train
57093,train
57094,train
57095,train
57099,train
57100,train
57102,train
57103,train
57106,train
57107,train
57110,train
57112,train
57115,train
57116,train
57118,train
57121,train
57123,train
57124,train
57126,train
57127,train
57131,train
57132,train
57134,train
57137,train
57138,train
57139,train
57142,train
57144,train
57147,train
57149,train
57152,train
57153,train
57154,train
57155,train
57158,train
57161,train
57162,train
57165,train
57168,train
57169,train
57171,train
57172,train
57174,train
57177,train
57178,train
57179,train
57182,train
57185,train
57187,train
57189,train
57190,train
57191,train
57194,train
57196,train
57199,train
57200,train
57202,train
57204,train
57207,train
57209,train
57213,train
57217,train
57220,train
57224,train
57226,train
57231,train
57234,train
57241,train
153284,train
153286,train
153292,train
153294,train
153300,train
153305,train
153306,train
153311,train
153315,val
153316,train
153318,train
153320,val
153322,val
153324,train
153326,train
153327,val
153332,val
153333,train
153336,val
153337,train
153340,val
153341,train
153342,train
153345,val
153347,train
153349,val
153350,train
153353,val
153354,train
153357,val
153360,val
153361,train
153362,val
153365,train
153366,train
153367,val
153370,train
153372,val
153374,train
153375,val
153380,val
153381,train
153382,val
153383,train
153387,val
153389,train
153390,val
153393,train
153395,val
153397,train
153398,val
153400,train
153402,val
153403,train
153406,train
153408,val
153411,train
153413,val
153415,val
153417,train
153418,val
153419,train
153423,train
153424,val
153427,val
153429,train
153431,train
153433,val
153434,train
153437,val
153440,val
153441,train
153444,train
153445,val
153446,val
153447,train
153450,train
153453,val
153454,train
153456,val
153459,val
153461,train
153464,val
153465,train
153467,val
153469,train
153470,val
153471,train
153474,val
153475,train
153479,train
153480,val
153483,val
153484,train
153486,val
153487,train
153490,val
153493,train
153494,val
153497,train
153498,val
153499,train
153503,val
153505,train
153507,val
153509,train
153511,train
153513,val
153516,val
153517,train
153518,train
153520,val
153522,val
153523,train
153526,train
153529,val
153530,train
153532,val
153535,val
153536,train
153540,val
153541,train
153542,val
153543,train
153546,train
153549,val
153550,train
153552,val
153554,train
153555,val
153559,val
153561,train
153563,train
153564,val
153566,train
153568,val
153571,train
153572,val
153575,train
153577,val
153578,train
153580,val
153582,val
153583,train
153587,val
153588,train
153590,val
153592,train
153595,train
153597,val
153598,train
153601,val
153602,train
153605,val
153606,val
153607,train
153611,train
153613,val
153614,val
153617,train
153620,train
153621,val
153624,val
153625,train
153626,train
153628,val
153632,val
153633,train
153634,train
153637,val
153638,val
153641,train
153642,val
153644,train
153646,val
153647,train
153650,val
153652,train
153654,val
153655,train
153660,train
153661,val
153664,train
153665,val
153666,val
153668,train
153672,train
153673,val
153676,val
153677,train
153679,train
153681,val
153683,val
153684,train
153687,val
153688,train
153691,train
153692,val
153694,train
153696,val
153698,train
153701,val
153702,train
153705,val
153708,train
153709,val
153710,train
153713,val
153715,val
153716,train
153719,val
153720,train
153723,train
153725,val
153727,train
153728,val
153730,train
153733,val
153734,val
153735,train
153738,train
153741,val
153743,val
153745,train
153747,val
153749,train
153752,val
153753,train
153755,train
153757,val
153758,train
153759,val
153762,train
153765,val
153768,val
153769,train
153772,val
153773,train
153776,train
153777,val
153779,val
153781,train
153784,val
153785,train
153786,val
153787,train
153791,val
153792,train
153794,val
153797,train
153798,train
153800,val
153802,train
153803,val
153808,train
153809,val
153811,train
153812,val
153814,train
153817,val
153819,train
153821,val
153822,train
153824,val
153826,train
153828,val
153830,train
153833,val
153834,train
153836,val
153838,train
153839,val
153842,val
153844,train
153846,val
153849,train
153850,val
153852,train
153854,val
153856,train
153860,val
153864,val
153868,val
153872,val
153874,val
153881,val
153885,val
153889,val
153893,val
153897,val
153900,val
153905,val
153908,val
153913,val
153914,val
153918,val
153923,val
153927,val
153930,val
153934,val
153938,val
153944,val
153947,val
153951,val
153955,val
153959,val
153963,val
153966,val
153972,val
153975,val
153979,val
153982,val
153986,val
153990,val
153995,val
153998,val
154005,val
154008,val
154010,val
205198,train
205201,train
205203,train
205204,train
205207,train
205209,train
205211,train
205213,train
205215,train
205217,train
205218,train
205220,train
205222,train
205224,train
205226,train
205228,train
205231,train
205233,train
205234,train
205237,train
205239,train
205240,train
205243,train
205245,train
205246,train
205248,train
205251,train
205253,train
205254,train
205256,train
205259,train
205261,train
205262,train
205264,train
205267,train
205269,train
205271,train
205273,train
205275,train
205277,train
205278,train
205280,train
205282,train
205285,train
205287,train
205288,train
205291,train
205293,train
205294,train
205296,train
205298,train
205301,train
205302,train
205305,train
205307,train
205309,train
205310,train
205313,train
205315,train
205317,train
205319,train
205321,train
205322,train
205324,train
205327,train
205329,train
205331,train
205333,train
205334,train
205336,train
205339,train
205341,train
205342,train
205344,train
205347,train
205348,train
205350,train
205352,train
205354,train
205356,train
205359,train
205361,train
205363,train
205365,train
205367,train
205369,train
205371,train
205372,train
205375,train
205377,train
205379,train
205380,train
205383,train
205385,train
205386,train
205388,train
205391,train
205393,train
205395,train
205396,train
205399,train
205400,train
205402,train
205405,train
205407,train
205408,train
205411,train
205413,train
205414,train
205416,train
205419,train
205421,train
205423,train
205424,train
205427,train
205428,train
205430,train
205432,train
205434,train
205437,train
205439,train
205440,train
205443,train
205445,train
205447,train
205448,train
205450,train
205453,train
205454,train
205456,train
205458,train
205461,train
205462,train
205464,train
205466,train
205468,train
205470,train
205472,train
205475,train
205476,train
205479,train
25625,train
10913,train
11265,train
139236,train
199196,train
176929,train
25691,val
139560,train
11044,train
25487,train
11484,train
10712,train
139498,train
25514,val
11503,train
171716,train
113188,train
11280,train
11564,train
177130,train
88281,train
25612,train
88140,train
11153,train
25682,train
25388,val
10883,train
171601,train
11184,train
11622,train
139004,train
25753,train
25723,val
177124,train
25575,train
113011,train
99717,train
87974,train
139242,train
25275,val
40941,train
40944,train
40949,train
40954,train
40955,train
40962,train
40980,train
40983,train
40989,train
40991,train
40995,train
41011,train
41016,train
41019,train
41023,train
41030,train
41034,train
41037,train
41040,train
41046,train
41048,train
41049,train
41051,train
41053,train
41056,train
41057,train
41059,train
41062,train
41064,train
41066,train
41067,train
41068,train
41071,train
41074,train
41076,train
41077,train
41080,train
41081,train
41083,train
41084,train
41087,train
41088,train
41092,train
41094,train
41095,train
41097,train
41099,train
41101,train
41103,train
41105,train
41107,train
41108,train
41112,train
41114,train
41116,train
41117,train
41120,train
41121,train
41123,train
41126,train
41129,train
41130,train
41131,train
41134,train
41135,train
41137,train
41139,train
41142,train
41144,train
41146,train
41149,train
41150,train
41153,train
41154,train
41156,train
41157,train
41160,train
41166,train
41168,train
41171,train
41175,train
41180,train
41183,train
41187,train
41194,train
41198,train
41199,train
41204,train
41283,train
41287,train
41291,train
41295,train
41302,train
41307,train
41312,train
41315,train
41321,train
41323,train
41328,train
41605,train
41608,train
41611,train
41617,train
41622,train
41623,train
41627,train
41631,train
41638,train
41641,train
57273,train
57274,train
57278,train
57283,train
57456,train
57459,train
57462,train
57464,train
57466,train
57470,train
57473,train
57477,train
57480,train
57481,train
57486,train
57487,train
57490,train
57495,train
57497,train
57499,train
57504,train
57506,train
57510,train
57511,train
57516,train
57518,train
57521,train
57524,train
57526,train
57529,train
57532,train
57537,train
57540,train
57543,train
57545,train
57547,train
57550,train
57555,train
57557,train
57561,train
57564,train
57566,train
57568,train
57572,train
57574,train
57577,train
57580,train
57583,train
57587,train
57591,train
57594,train
57596,train
57599,train
57603,train
57604,train
57607,train
57612,train
57613,train
57618,train
57619,train
57622,train
57626,train
57628,train
57631,train
57634,train
57637,train
57640,train
57643,train
57647,train
57650,train
57653,train
57655,train
57660,train
57663,train
57664,train
57669,train
57670,train
57674,train
57678,train
57681,train
57683,train
57687,train
57688,train
57692,train
57838,train
57843,train
57846,train
57849,train
57850,train
100017,train
100020,train
100023,train
100027,train
100033,train
100034,train
100378,train
100382,train
100387,train
100392,train
100395,train
100398,train
100405,train
100409,train
100413,train
100414,train
100420,train
100424,train
100429,train
100431,train
100435,train
100440,train
100442,train
100448,train
100452,train
100456,train
100460,train
100464,train
100467,train
100471,train
100475,train
100480,train
100485,train
100487,train
100493,train
100497,train
100501,train
100503,train
100509,train
100510,train
100517,train
100521,train
100525,train
100528,train
100530,train
100535,train
100538,train
100689,train
100693,train
100697,train
100701,train
100705,train
100708,train
154031,train
154035,train
154038,train
154042,train
154052,val
154056,val
154061,val
154063,val
154068,val
154071,val
154075,val
154085,train
154089,train
154090,train
154096,train
154101,train
154104,train
154108,train
154113,train
154114,val
154117,train
154119,train
154122,train
154123,val
154126,train
154127,val
154136,train
154137,val
154139,val
154141,train
154143,train
154144,val
154146,train
154148,val
154150,train
154153,val
154156,train
154157,val
154160,train
154161,val
154163,train
154164,val
154166,val
154168,train
154170,train
154171,val
154174,train
154175,val
154178,val
154180,train
154183,train
154184,val
154186,train
154188,val
154190,val
154191,train
154195,val
154197,train
154200,val
154201,train
154203,val
154204,train
154206,val
154209,train
154211,val
154214,val
154221,val
154223,val
154227,val
154231,val
154235,val
154381,val
154384,val
154388,val
154391,val
154396,val
154400,val
154403,val
205554,train
205556,train
205558,train
205561,train
205563,train
205565,train
205566,train
205568,train
205570,train
205573,train
205575,train
205576,train
205578,train
205581,train
205583,train
205585,train
205587,train
205589,train
205591,train
205593,train
205594,train
205596,train
205598,train
205601,train
205603,train
205604,train
205606,train
205608,train
205610,train
205612,train
205615,train
205617,train
205618,train
205620,train
205622,train
205625,train
205627,train
205629,train
205631,train
205633,train
205635,train
205636,train
205639,train
205640,train
205642,train
205645,train
205647,train
205648,train
205650,train
205652,train
205654,train
205656,train
205658,train
205660,train
205663,train
205665,train
205667,train
205669,train
205671,train
205673,train
205674,train
205677,train
205678,train
205681,train
205682,train
205745,train
205747,train
205748,train
205751,train
205752,train
205755,train
205756,train
205759,train
205761,train
205763,train
33075,train
67415,val
67449,val
33285,train
104833,train
130458,train
33100,train
92775,train
32798,train
117531,train
118076,train
172306,train
105056,train
33778,train
171989,val
33726,train
117998,train
117913,train
194752,val
117933,train
33229,train
117356,train
33060,train
105356,train
117482,train
117536,train
33219,train
130557,train
67379,val
178722,train
67676,train
117987,train
80485,train
130568,train
32721,train
117528,train
33184,train
118110,train
33263,train
117996,train
48630,val
48634,val
48636,val
48640,val
48643,val
48650,val
48654,val
48657,val
48661,val
48666,val
48667,val
48673,val
48678,val
48679,val
48686,val
48689,val
48693,val
48698,val
48702,val
48705,val
48708,val
48711,val
48718,val
48722,val
48725,val
48729,val
48731,val
48738,val
48740,val
48743,val
48747,val
48752,val
48757,val
48761,val
48765,val
48769,val
48772,val
48778,val
48781,val
48786,val
48788,val
48794,val
48797,val
48799,val
48804,val
48810,val
48814,val
48818,val
48822,val
48825,val
48829,val
48832,val
48835,val
48839,val
48869,val
48873,val
49021,train
49026,train
49027,train
49085,val
49088,val
49091,val
49098,val
49101,val
49104,val
49108,val
49111,val
49115,val
49122,val
49126,val
49128,val
49134,val
49136,val
49140,val
49145,val
49149,val
49151,val
49156,val
144885,train
144889,train
144890,train
144896,train
144900,train
144902,train
144908,train
144912,train
144916,train
144921,train
144925,train
144927,train
144930,train
144937,train
144938,train
144945,train
144947,train
144953,train
144954,train
144955,train
144961,train
144963,train
144968,train
144972,train
144976,train
144978,train
144982,train
144987,train
144993,train
144996,train
145001,train
145005,train
145247,train
145252,train
145255,train
145259,train
145262,train
145435,train
145438,train
145444,train
145448,train
145482,train
145488,train
145491,train
145497,train
145498,train
145505,train
145508,train
145511,train
145514,train
145519,train
145522,train
145529,train
145533,train
145536,train
145540,train
145543,train
145548,train
145551,train
145555,train
145559,train
145562,train
145566,train
145570,train
145577,train
145581,train
145584,train
145589,train
145593,train
145594,train
145601,train
145604,train
145607,train
145613,train
145614,train
145619,train
145624,train
145629,train
145630,train
145636,train
145640,train
145642,train
145648,train
145652,train
145657,train
145661,train
145663,train
145667,train
145672,train
145676,train
145678,train
145683,train
145688,train
145691,train
158837,train
158838,train
158845,train
158846,train
158851,train
158855,train
158861,train
158863,train
158869,train
158870,train
158874,train
158880,train
158885,train
158888,train
158890,train
158896,train
158898,train
158902,train
158906,train
158913,train
158917,train
158921,train
158923,train
158926,train
158930,train
158936,train
158941,train
158945,train
158949,train
158953,train
158957,train
158959,train
158962,train
158966,train
158973,train
158976,train
158979,train
158984,train
158988,train
158991,train
158997,train
159000,train
159003,train
159006,train
159012,train
159016,train
159019,train
159039,train
159045,train
159049,train
159053,train
159240,train
159245,train
159249,train
159301,train
159302,train
159306,train
159310,train
159316,train
159320,train
159325,train
159328,train
159330,train
159334,train
159339,train
159345,train
159349,train
159353,train
159357,train
159358,train
159364,train
159366,train
159371,train
159377,train
159381,train
159382,train
159386,train
159393,train
159396,train
159399,train
159403,train
159406,train
159410,train
159415,train
159418,train
159422,train
159428,train
159430,train
159434,train
159441,train
159445,train
159446,train
159450,train
159455,train
159459,train
31049,val
105239,train
30769,val
178825,train
33566,train
31309,val
194573,val
67710,val
33364,train
194594,val
33539,train
80349,train
92586,val
130455,train
67541,train
80341,val
194619,val
117175,train
130180,train
31099,val
67850,val
31048,val
31329,val
67769,val
130327,train
33544,train
172204,train
171804,val
80276,train
67626,train
105027,train
171857,val
33497,train
33584,train
178802,train
31337,val
30922,val
130290,train
118416,train
130321,train
48828,train
48833,train
48837,train
48842,train
48844,train
48845,val
48848,train
48850,val
48851,val
48853,train
48857,train
48858,val
48860,train
48861,val
48863,val
48865,train
48870,train
48871,train
48875,val
48876,train
48880,val
48881,train
48883,val
48885,train
48887,val
48889,train
48891,val
48893,train
48895,train
48896,val
48899,train
48901,val
48903,train
48905,val
48909,train
48910,val
48911,train
48912,val
48915,train
48917,val
48920,train
48921,val
48923,val
48929,val
48933,val
48936,train
48937,val
48939,val
48941,train
48943,train
48945,val
48947,val
48948,train
48951,train
48952,val
48957,val
48958,train
48959,val
48960,train
48963,val
48964,train
48967,train
48969,val
48971,train
48973,val
48975,val
48976,train
48979,val
48981,train
48983,train
48984,val
48988,train
48990,val
48991,train
48993,val
48995,val
48998,train
48999,val
49001,train
49003,val
49005,train
49007,train
49010,val
49011,val
49013,train
49018,val
49019,val
49024,val
49029,val
49034,val
49037,val
49041,val
49043,val
49049,val
49051,val
49058,val
49062,val
49066,val
49067,val
49071,val
49161,val
49163,val
49169,val
49172,val
49177,val
49179,val
49186,val
49190,val
49192,val
49195,val
49200,val
49205,val
49208,val
49211,val
49218,val
49221,val
49225,val
49227,val
49232,val
49237,val
49239,val
49243,val
49247,val
49253,val
49257,val
49260,val
49265,val
49270,val
49274,val
49275,val
145006,train
145012,train
145015,train
145021,train
145024,train
145029,train
145031,train
145036,train
145041,train
145043,train
145048,train
145053,train
145056,train
145059,train
145062,train
145069,train
145073,train
145075,train
145079,train
145085,train
145089,train
145091,train
145095,train
145100,train
145105,train
145106,train
145110,train
145117,train
145119,train
145122,train
145127,train
145132,train
145137,train
145140,train
145142,train
145146,train
145152,train
145157,train
145158,train
145163,train
145168,train
145173,train
145177,train
145181,train
145182,train
145186,train
145193,train
145196,train
145198,train
145202,train
145206,train
145212,train
145214,train
145219,train
145222,train
145227,train
145228,train
145231,train
145233,train
145236,train
145237,train
145238,train
145239,train
145243,train
145245,train
145248,train
145253,train
145256,train
145261,train
145265,train
145266,train
145267,train
145271,train
145272,train
145275,train
145276,train
145279,train
145281,train
145282,train
145283,train
145288,train
145289,train
145290,train
145291,train
145294,train
145297,train
145299,train
145300,train
145302,train
145304,train
145308,train
145309,train
145310,train
145313,train
145316,train
145317,train
145318,train
145321,train
145323,train
145325,train
145326,train
145327,train
145330,train
145332,train
145336,train
145337,train
145338,train
145340,train
145344,train
145345,train
145347,train
145349,train
145351,train
145353,train
145354,train
145356,train
145360,train
145361,train
145363,train
145365,train
145366,train
145368,train
145370,train
145371,train
145376,train
145377,train
145378,train
145379,train
145382,train
145383,train
145386,train
145388,train
145391,train
145392,train
145394,train
145397,train
145400,train
145401,train
145403,train
145404,train
145407,train
145409,train
145412,train
145413,train
145414,train
145417,train
145418,train
145421,train
145422,train
145423,train
145428,train
145433,train
145436,train
145440,train
145443,train
145447,train
145451,train
145455,train
145461,train
145463,train
145469,train
145470,train
158864,train
158868,train
158873,train
158877,train
158881,train
158883,train
158889,train
158891,train
158894,train
158899,train
158905,train
158909,train
158912,train
158914,train
158920,train
158924,train
158928,train
158932,train
158935,train
158939,train
158944,train
158948,train
158950,train
158954,train
158961,train
158964,train
158967,train
158971,train
158974,train
158980,train
158985,train
158986,train
158993,train
158996,train
159001,train
159023,train
159025,train
159028,train
159029,train
159031,train
159032,train
159034,train
159037,train
159038,train
159042,train
159046,train
159051,train
159054,train
159056,train
159060,train
159061,train
159063,train
159065,train
159066,train
159069,train
159070,train
159072,train
159075,train
159076,train
159079,train
159080,train
159084,train
159085,train
159087,train
159089,train
159091,train
159093,train
159096,train
159097,train
159100,train
159101,train
159103,train
159104,train
159107,train
159109,train
159112,train
159113,train
159114,train
159116,train
159118,train
159120,train
159123,train
159125,train
159127,train
159129,train
159132,train
159133,train
159135,train
159136,train
159139,train
159141,train
159143,train
159144,train
159146,train
159149,train
159151,train
159153,train
159156,train
159157,train
159159,train
159160,train
159162,train
159165,train
159167,train
159168,train
159171,train
159173,train
159175,train
159176,train
159178,train
159179,train
159182,train
159183,train
159186,train
159189,train
159190,train
159191,train
159194,train
159195,train
159198,train
159200,train
159202,train
159203,train
159206,train
159209,train
159211,train
159213,train
159216,train
159217,train
159219,train
159221,train
159223,train
159224,train
159226,train
159228,train
159230,train
159237,train
159241,train
159244,train
159246,train
159252,train
159256,train
159259,train
159264,train
159269,train
159273,train
116737,train
171339,val
129652,val
80157,train
129660,train
129713,train
194496,val
80128,val
79917,train
129693,train
30121,val
80113,val
104752,train
129967,val
129879,val
178705,train
171684,val
30022,val
92395,val
178618,train
92288,val
171552,val
104614,train
104530,train
104465,train
178716,train
178536,train
194459,val
92399,val
129810,val
116944,train
29981,val
129673,val
129856,train
129644,train
194413,val
80021,val
30308,val
30048,val
80053,train
48060,train
48063,train
48069,train
48073,train
48077,train
48079,train
48084,train
48166,train
48167,train
48171,train
48175,train
48182,train
48183,train
48188,train
48194,train
48198,train
48201,train
48204,train
48208,train
48212,train
48215,train
48220,train
48224,train
48230,train
48234,train
48236,val
48238,train
48240,val
48242,train
48243,val
48244,train
48248,train
48249,val
48252,train
48253,val
48256,val
48258,train
48259,val
48260,train
48265,val
48266,train
48267,train
48268,val
48273,val
48274,train
48275,val
48278,train
48280,val
48281,train
48283,train
48285,val
48287,train
48289,val
48291,train
48294,val
48296,train
48298,val
48301,train
48302,val
48305,train
48306,val
48308,train
48312,train
48317,train
48321,train
48323,train
48327,train
48334,train
48338,train
48341,train
48343,train
48348,train
48354,train
48358,train
48360,train
48363,train
48369,train
48370,val
48372,val
48373,train
48377,train
48380,val
48382,train
48385,val
48386,train
48387,val
48390,train
48392,train
48394,val
48396,val
48398,train
48400,val
48402,train
48405,train
48406,val
48409,train
48410,val
48413,train
48414,val
48416,val
48418,train
48419,val
48421,train
48423,val
48425,train
48427,val
48428,train
48432,val
48434,train
48435,train
48436,val
48439,train
48441,val
48443,train
48444,val
48447,train
48449,val
48451,train
48453,val
48455,train
48456,val
48459,train
48462,val
48465,train
48466,val
48467,train
48470,val
48472,train
48473,val
48475,val
48477,train
48479,val
48482,train
48483,val
48485,train
48488,val
48489,train
48492,val
48493,train
48496,val
48497,train
48501,val
48502,train
48504,val
48506,train
48508,val
48509,train
48512,val
48514,train
48515,val
48517,train
48519,train
48521,val
48524,train
48525,val
48528,val
48529,train
48532,val
48534,train
48537,train
48538,val
48539,train
48540,val
48544,train
48545,val
48549,train
48550,val
48552,val
48553,train
48556,val
48558,train
48560,train
48562,val
48564,val
48565,train
48568,val
48569,train
48572,val
48573,train
48577,val
48578,train
48579,val
48582,train
48586,val
48590,val
48594,val
48597,val
48601,val
48604,val
48609,val
48613,val
48616,val
48621,val
48623,val
144124,train
144127,train
144133,train
144137,train
144138,train
144144,train
144146,train
144150,train
144157,train
144161,train
144162,train
144380,train
144383,train
144388,train
144393,train
144397,train
144401,train
144403,train
144406,train
144413,train
144416,train
144419,train
144422,train
144429,train
144431,train
144434,train
144439,train
144443,train
144449,train
144453,train
144457,train
144461,train
144464,train
144467,train
144472,train
144476,train
144479,train
144481,train
144483,train
144485,train
144487,train
144489,train
144490,train
144492,train
144495,train
144497,train
144499,train
144501,train
144502,train
144505,train
144507,train
144509,train
144511,train
144513,train
144515,train
144516,train
144520,train
144521,train
144522,train
144525,train
144527,train
144529,train
144530,train
144532,train
144536,train
144537,train
144538,train
144540,train
144543,train
144544,train
144546,train
144549,train
144551,train
144553,train
144554,train
144555,train
144558,train
144560,train
144562,train
144563,train
144567,train
144569,train
144571,train
144573,train
144576,train
144577,train
144580,train
144581,train
144582,train
144583,train
144586,train
144587,train
144590,train
144591,train
144594,train
144595,train
144600,train
144601,train
144602,train
144604,train
144606,train
144607,train
144610,train
144611,train
144614,train
144615,train
144618,train
144621,train
144622,train
144624,train
144626,train
144628,train
144631,train
144633,train
144635,train
144636,train
144639,train
144640,train
144644,train
144645,train
144646,train
144648,train
144651,train
144653,train
144654,train
144656,train
144658,train
144661,train
144662,train
144665,train
144668,train
144669,train
144670,train
144672,train
144674,train
144677,train
144680,train
144681,train
144682,train
144684,train
144686,train
144689,train
144690,train
144692,train
144696,train
144697,train
144700,train
144701,train
144703,train
144704,train
144706,train
144709,train
144712,train
144713,train
144715,train
144717,train
144719,train
144720,train
144722,train
144725,train
144728,train
144729,train
144732,train
144733,train
144734,train
144737,train
144738,train
144740,train
144742,train
144745,train
144746,train
144749,train
144750,train
144752,train
144755,train
144757,train
144758,train
144760,train
144762,train
144764,train
144766,train
144768,train
144771,train
144773,train
144775,train
144776,train
144779,train
144780,train
144782,train
144784,train
144786,train
144788,train
144790,train
144792,train
144795,train
144796,train
144800,train
144801,train
144803,train
144804,train
144806,train
144807,train
144811,train
144813,train
144814,train
144817,train
144818,train
144820,train
144822,train
144823,train
144827,train
144828,train
144831,train
144832,train
144834,train
144836,train
144839,train
144841,train
144843,train
144844,train
144848,train
144849,train
144851,train
144853,train
144854,train
144856,train
144858,train
144861,train
144862,train
144865,train
144866,train
144869,train
144870,train
144872,train
144875,train
144877,train
144879,train
144881,train
144882,train
144888,train
144891,train
144895,train
144899,train
144903,train
144907,train
144910,train
144914,train
144918,train
144923,train
144926,train
144933,train
144934,train
144939,train
144943,train
144948,train
144950,train
158270,train
158275,train
158281,train
158284,train
158288,train
158290,train
158296,train
158300,train
158303,train
158307,train
158313,train
158541,train
158544,train
158548,train
158551,train
158557,train
158558,train
158563,train
158569,train
158572,train
158576,train
158581,train
158584,train
158586,train
158591,train
158595,train
158599,train
158602,train
158607,train
158610,train
158611,train
158614,train
158615,train
158618,train
158619,train
158623,train
158625,train
158626,train
158628,train
158630,train
158632,train
158634,train
158635,train
158638,train
158641,train
158644,train
158645,train
158646,train
158647,train
158650,train
158651,train
158654,train
158655,train
158658,train
158661,train
158664,train
158665,train
158666,train
158667,train
158670,train
158673,train
158674,train
158675,train
158678,train
158681,train
158684,train
158685,train
158688,train
158689,train
158690,train
158691,train
158695,train
158696,train
158699,train
158700,train
158704,train
158705,train
158706,train
158707,train
158712,train
158713,train
158714,train
158716,train
158720,train
158721,train
158724,train
158725,train
158727,train
158728,train
158730,train
158731,train
158735,train
158736,train
158739,train
158740,train
158743,train
158744,train
158746,train
158748,train
158751,train
158753,train
158756,train
158757,train
158760,train
158761,train
158764,train
158765,train
158767,train
158769,train
158770,train
158771,train
158774,train
158775,train
158778,train
158779,train
158784,train
158785,train
158787,train
158789,train
158792,train
158793,train
158796,train
158797,train
158799,train
158800,train
158802,train
158805,train
158807,train
158809,train
158811,train
158813,train
158815,train
158819,train
158822,train
158826,train
158833,train
65059,train
193515,val
114796,train
65025,train
193513,val
142153,train
127399,train
193516,val
114805,train
169167,val
114815,train
177783,train
65016,train
127403,train
65063,train
65069,train
65044,train
65147,train
65157,train
177784,train
169162,val
127391,train
193509,val
127397,train
142165,train
127412,train
114811,train
114798,train
89749,val
89744,val
169177,val
193510,val
65065,train
65150,train
177787,train
65020,train
65121,val
65119,val
65152,train
114804,train
45847,val
45852,val
45855,val
45859,val
45863,val
45869,val
45872,val
45875,val
102211,train
102216,train
102220,train
102222,train
102227,train
102230,train
102235,train
102240,train
156436,val
156441,val
156445,val
156446,val
156453,val
156454,val
156458,val
156539,train
156542,train
156548,train
156551,train
156555,train
156556,val
156561,val
156562,val
156566,val
156570,val
156577,val
156581,val
156584,val
156587,val
156590,val
132800,val
19550,train
120189,train
19484,val
195823,val
119926,train
19551,val
173793,train
132666,train
19573,val
180907,train
70094,train
69932,train
180930,train
132787,train
120265,train
132633,train
94398,train
107218,train
120079,train
5724,val
107237,train
181123,val
69958,train
107120,train
181161,val
5581,train
94409,train
69965,train
69925,train
5856,val
180741,train
107235,train
195849,val
5672,train
181192,val
180780,train
180995,train
120215,train
132746,train
50974,train
50975,train
50982,train
50986,train
50988,train
50991,train
50998,train
51000,train
51003,train
51007,train
51012,train
51015,train
51019,train
51025,train
51028,train
51032,train
51037,train
51040,train
51043,train
51047,train
51052,train
51057,train
51059,train
51063,train
51068,train
51071,train
51075,train
51079,train
51085,train
51088,train
51091,train
51095,train
51101,train
51105,train
51109,train
51113,train
51118,train
51122,train
51125,train
51127,train
51134,train
51136,train
51141,train
51143,train
51147,train
51151,train
51158,train
51160,train
51163,train
51168,train
51173,train
51178,train
51181,train
51184,train
51190,train
51193,train
51197,train
51200,train
51205,train
51209,train
51214,train
51216,train
51218,val
51220,val
51222,train
51223,train
51224,val
51229,train
51230,val
51232,val
51233,train
51236,train
51238,val
51239,val
51241,train
51243,train
51245,val
51247,train
51249,val
51251,val
51252,train
51255,train
51258,val
51259,train
51260,val
51263,train
51265,val
51268,val
51269,train
51271,train
51274,val
51275,train
51278,val
51279,val
51280,train
51283,val
51285,train
51289,val
51293,val
51297,val
51301,val
51306,val
51309,val
51312,val
51318,val
51322,val
51326,val
51328,val
51334,val
51336,val
51339,val
51344,val
51347,val
51352,val
51358,val
51359,val
51365,val
51370,val
51374,val
51376,val
51382,val
51385,val
51387,val
51394,val
51397,val
51399,val
51405,val
51409,val
51411,val
51418,val
51422,val
51426,val
51429,val
51434,val
51437,val
51441,val
51446,val
147419,train
147424,train
147428,train
147431,train
147434,train
147441,train
147445,train
147449,train
147450,train
147452,train
147454,train
147457,train
147459,train
147460,train
147464,train
147465,train
147466,train
147467,train
147470,train
147472,train
147474,train
147476,train
147478,train
147481,train
147482,train
147484,train
147486,train
147487,train
147491,train
147492,train
147494,train
147495,train
147498,train
147500,train
147503,train
147504,train
147506,train
147507,train
147512,train
147513,train
147514,train
147516,train
147518,train
147520,train
147523,train
147525,train
147528,train
147529,train
147530,train
147533,train
147534,train
147537,train
147538,train
147540,train
147543,train
147545,train
147546,train
147548,train
147550,train
147551,train
147554,train
147556,train
147559,train
147560,train
147564,train
147565,train
147567,train
147568,train
147571,train
147573,train
147575,train
147577,train
147579,train
147580,train
147583,train
147584,train
147588,train
147589,train
147591,train
147592,train
147595,train
147596,train
147598,train
147601,train
147603,train
147604,train
147607,train
147608,train
147611,train
147613,train
147615,train
147616,train
147618,train
147619,train
147622,train
147625,train
147626,train
147627,train
147630,train
147632,train
147634,train
147637,train
147638,train
147639,train
147642,train
147643,train
147646,train
147648,train
147651,train
147652,train
147654,train
147655,train
147659,train
147662,train
147669,train
147673,train
147675,train
147679,train
147683,train
147686,train
147692,train
147697,train
147699,train
147704,train
147709,train
147712,train
147716,train
147721,train
147722,train
147728,train
147733,train
147736,train
147741,train
147745,train
147748,train
147750,train
147755,train
147758,train
147764,train
147766,train
147773,train
147777,train
147778,train
162584,train
162589,train
162593,train
162596,train
162598,train
162605,train
162609,train
162611,train
162615,train
162619,train
162623,train
162627,train
162630,train
162634,train
162638,train
162642,train
162647,train
162651,train
162657,train
162658,train
162662,train
162668,train
162672,train
162675,train
162679,train
162682,train
162689,train
162690,train
162696,train
162701,train
162703,train
162709,train
162713,train
162714,train
162721,train
162722,train
162729,train
162731,train
162734,train
162738,train
162744,train
162746,train
162750,train
162755,train
162759,train
162765,train
162769,train
162770,train
162775,train
162781,train
162784,train
162786,train
162792,train
162794,train
162798,train
162802,train
162807,train
162812,train
162817,train
162818,train
162822,train
162829,train
162833,train
162834,train
162839,train
162844,train
162849,train
162853,train
162857,train
162859,train
162864,train
162868,train
35041,train
119906,train
132540,train
119872,train
132514,train
180532,train
19324,train
180565,train
106990,train
119972,train
195807,val
132606,train
195787,val
69754,train
119907,train
5218,train
173745,train
35161,train
173705,train
35065,train
132615,train
35013,train
195723,val
35116,train
164652,val
35193,train
107091,train
195803,val
164481,val
69722,train
132486,train
107015,train
19430,val
173708,train
173768,train
19338,train
180490,train
180380,train
119858,train
119897,train
50931,train
50936,train
50939,train
50943,train
50949,train
50951,train
50957,train
50959,train
50963,train
50967,train
50969,val
50973,val
50976,val
50979,val
50984,val
50990,val
50994,val
50995,val
51001,val
51004,val
51008,val
51013,val
51016,val
51022,val
51026,val
51030,val
51034,val
51036,val
51042,val
51044,val
51048,val
51053,val
51055,val
51060,val
51065,val
51069,val
51072,val
51078,val
51082,val
51086,val
51087,val
51093,val
51098,val
51100,val
51104,val
51108,val
51112,val
51116,val
51119,val
51126,val
51128,val
51132,val
51138,val
51139,val
51145,val
51148,val
51153,val
51157,val
51162,val
51165,val
51170,val
51174,val
51175,val
51180,val
51186,val
51187,val
51192,val
51195,val
51199,val
51206,val
51210,val
51211,val
146878,train
146883,train
147152,train
147154,train
147158,train
147162,train
147166,train
147170,train
147177,train
147181,train
147183,train
147186,train
147193,train
147197,train
147198,train
147203,train
147207,train
147210,train
147217,train
147219,train
147224,train
147228,train
147232,train
147236,train
147239,train
147245,train
147246,train
147251,train
147257,train
147259,train
147263,train
147268,train
147273,train
147277,train
147279,train
147283,train
147288,train
147292,train
147295,train
147301,train
147303,train
147308,train
147312,train
147317,train
147320,train
147323,train
147329,train
147333,train
147334,train
147341,train
147342,train
147346,train
147353,train
147356,train
147360,train
147362,train
147369,train
147370,train
147374,train
147379,train
147383,train
147386,train
147392,train
147394,train
147396,train
147400,train
147401,train
147402,train
147404,train
147407,train
147409,train
147410,train
147413,train
147416,train
147417,train
147421,train
147423,train
147426,train
147430,train
147437,train
147438,train
147443,train
147447,train
160714,train
162541,train
162544,train
162548,train
162552,train
162555,train
162561,train
162563,train
162567,train
162573,train
162577,train
162579,train
179673,train
179662,train
132320,train
179690,train
119764,train
132347,train
94059,train
132323,train
19175,val
34907,train
94068,train
5440,val
132339,train
195519,val
195510,val
202283,train
94050,train
179676,train
195513,val
179693,train
173656,train
34898,train
19158,val
202277,train
179655,train
202273,train
179680,train
69633,train
34901,train
69637,train
119785,train
179686,train
195517,val
106883,train
19170,val
179682,train
132336,train
173661,train
69627,train
179659,train
50680,val
50683,val
50690,val
50692,val
146816,train
146818,train
146825,train
146828,train
146833,train
162264,train
162267,train
162270,train
162275,train
162278,train
5309,train
132272,train
69494,train
69448,train
164328,val
93986,train
5301,train
19105,train
5363,train
5347,train
69409,train
5332,train
173643,train
69534,train
34893,train
69551,train
5253,train
69573,train
132225,train
19095,train
19080,train
19089,train
69404,train
93999,train
34856,train
132301,train
119760,train
132269,train
5372,train
19098,train
173650,train
195509,val
132299,train
132284,train
34863,train
132247,train
19145,val
5326,train
164341,val
69470,train
50598,train
50599,train
50605,train
50610,train
50612,train
50615,train
50620,train
50623,train
50627,train
50633,train
50637,train
50641,train
50644,train
50649,train
50652,train
50654,val
50657,val
50658,train
50661,val
50663,val
50668,val
50671,val
50676,val
146732,train
146737,train
146739,train
146743,train
146747,train
146752,train
146754,train
146760,train
146763,train
146767,train
146770,train
146777,train
146778,train
146782,train
146789,train
146794,train
146798,train
146803,train
146807,train
146812,train
160719,train
160723,train
160727,train
160731,train
160737,train
160741,train
160744,train
160746,train
160749,train
160751,train
160753,train
162230,train
162237,train
162240,train
162243,train
162246,train
162253,train
162254,train
162260,train
4180,train
173566,train
4559,train
4687,val
202136,train
4633,val
131959,train
173564,train
131970,train
179556,train
202132,train
5000,val
4459,train
4319,train
4613,val
4159,train
4711,val
202135,train
179550,train
4358,train
4505,train
4566,train
4906,val
69294,train
4593,val
164089,val
5016,val
93835,train
4470,train
5088,val
4744,val
4273,train
119600,train
4143,train
93846,train
4233,train
4539,train
4291,train
4794,val
4691,val
146559,train
146563,train
146567,train
146570,train
146575,train
146581,train
146583,train
146587,train
146592,train
146597,train
146598,train
161996,train
162000,train
162004,train
162008,train
162010,train
162016,train
162018,train
162025,train
162029,train
162033,train
162035,train
162039,train
162043,train
2304,val
17868,val
4333,val
17926,val
3437,val
2269,val
2136,val
3260,val
2535,val
3160,val
2176,val
17124,val
3462,val
2427,val
4380,val
4105,val
3771,val
3264,val
68966,train
4857,train
34673,train
4211,val
1816,val
202107,train
18221,val
2545,val
18106,val
4811,train
2785,val
17204,val
195330,val
3195,val
2822,val
4064,train
2834,val
3148,val
18117,val
17786,val
195367,val
17581,val
50205,train
50209,train
50211,train
50216,train
50221,train
50225,train
50227,train
50234,train
50235,train
50240,train
50244,train
50249,train
50253,train
50258,train
50260,train
50266,train
50269,train
50273,train
50278,train
50279,train
50284,train
50288,train
50294,train
50298,train
50301,train
50304,train
50307,train
50312,train
50318,train
50319,train
50323,train
50329,train
50333,train
50337,train
50340,train
50345,train
50350,train
50352,train
50357,train
50362,train
50365,train
50367,train
50372,train
50376,train
50380,train
50383,train
50388,train
50392,train
50398,train
50401,train
50403,train
50404,val
50407,train
50408,val
50412,val
50413,train
50416,val
50418,train
50421,train
50422,val
50424,val
50426,train
50428,train
50430,val
50432,val
50434,train
50436,val
50440,val
50443,val
50448,val
50453,val
50456,val
50462,val
50466,val
50468,val
50471,val
50475,val
50482,val
146468,train
146470,train
146475,train
146482,train
146489,train
146491,train
146494,train
146500,train
146505,train
146507,train
146512,train
146513,train
146514,train
146515,train
146519,train
146521,train
146524,train
146525,train
146527,train
146528,train
146531,train
146533,train
146534,train
146536,train
146540,train
146541,train
146544,train
146545,train
146547,train
146549,train
146554,train
160438,train
160443,train
160449,train
160453,train
160454,train
160458,train
160465,train
160467,train
160470,train
160473,train
160474,train
160475,train
160478,train
160479,train
160484,train
160485,train
160487,train
160489,train
160490,train
160491,train
160494,train
160497,train
160498,train
160501,train
160503,train
160505,train
160506,train
160508,train
160510,train
160513,train
160515,train
160517,train
160520,train
160521,train
160522,train
160525,train
160526,train
160533,train
160537,train
160541,train
160544,train
160547,train
160553,train
160554,train
160558,train
160562,train
160568,train
160572,train
160575,train
160580,train
161941,train
161944,train
161947,train
161950,train
161955,train
161958,train
161965,train
161968,train
161973,train
161976,train
161979,train
161985,train
161988,train
161990,train
93607,train
179332,train
1469,val
34400,train
179319,train
106474,train
131648,train
68921,train
173224,train
173261,train
131612,train
179329,train
68801,train
2893,train
68691,train
179313,train
179375,train
173308,train
1373,val
131621,train
68740,train
119436,train
93568,train
179346,train
179419,train
119411,train
2855,train
1437,val
1528,val
119453,train
34498,train
131584,train
93621,train
179430,train
68716,train
68826,train
131603,train
106480,train
119432,train
173255,train
49839,train
49843,train
49850,train
49853,train
49856,train
49859,val
49861,train
49865,train
49866,val
49868,train
49869,val
49872,val
49873,train
49875,val
49878,train
49881,val
49882,train
49883,val
49884,train
49888,train
49889,val
49891,val
49892,train
49896,train
49898,val
49900,train
49901,val
49903,train
49905,val
49907,val
49909,train
49913,val
49914,train
49915,val
49916,train
49921,val
49922,train
49923,val
49924,train
49928,val
49929,train
49932,val
49934,train
49935,train
49937,val
49939,train
49940,val
49943,train
49946,val
49947,val
49948,train
49954,val
49958,val
49962,val
49963,val
49970,val
49971,val
49976,val
49980,val
49984,val
49987,val
49992,val
49995,val
49999,val
50006,val
50007,val
50014,val
50018,val
50020,val
50025,val
50027,val
146222,train
146226,train
146232,train
146233,train
146234,train
146235,train
146238,train
146240,train
146244,train
146245,train
146247,train
146248,train
146251,train
146253,train
146255,train
146257,train
146259,train
146261,train
146262,train
146265,train
146266,train
146267,train
146272,train
146273,train
146275,train
146276,train
146279,train
146280,train
146283,train
146284,train
146286,train
146287,train
146290,train
146291,train
146294,train
146296,train
146298,train
146299,train
146304,train
146305,train
146306,train
146308,train
146310,train
146311,train
146316,train
146317,train
146318,train
146319,train
146322,train
146323,train
146326,train
146329,train
146332,train
146333,train
146335,train
146337,train
146338,train
146341,train
146344,train
146345,train
146346,train
146349,train
146350,train
146353,train
160219,train
160225,train
160229,train
160232,train
160235,train
160241,train
160243,train
160249,train
160251,train
160253,train
160256,train
160257,train
160260,train
160261,train
160263,train
160264,train
160266,train
160267,train
160271,train
160272,train
160274,train
160275,train
160280,train
160281,train
160284,train
160285,train
160287,train
160288,train
160290,train
160291,train
160294,train
160296,train
160298,train
160301,train
160304,train
160305,train
160306,train
160308,train
160310,train
160313,train
160315,train
160316,train
160320,train
160322,train
160328,train
160330,train
160335,train
160340,train
160343,train
160346,train
160352,train
160354,train
160359,train
161741,train
161745,train
161749,train
161753,train
161756,train
161758,train
161763,train
161766,train
161771,train
161776,train
161781,train
161783,train
161789,train
161792,train
161795,train
161798,train
161805,train
161806,train
161812,train
161816,train
161818,train
161822,train
161826,train
161831,train
161834,train
161839,train
161845,train
161847,train
161851,train
161855,train
161860,train
161865,train
161868,train
68444,train
179181,train
106220,train
68441,train
68398,train
93560,train
195146,val
34139,train
179214,train
106254,train
131457,train
68376,train
2740,train
131244,train
68670,train
1303,val
68334,train
2474,train
131154,train
34201,train
68613,train
119146,train
2445,train
119325,train
93389,train
34335,train
34302,train
179294,train
131119,train
131203,train
131074,train
172891,train
1263,val
119103,train
34251,train
195117,val
34243,train
68709,train
1255,val
131376,train
49639,train
49643,train
49647,train
49652,train
49657,train
49660,train
49665,train
49668,train
49671,train
49678,train
49681,train
49685,train
49688,train
49693,train
49697,train
49699,train
49700,val
49704,val
49705,train
49707,val
49710,train
49712,train
49713,val
49716,train
49717,val
49720,val
49721,train
49723,train
49724,val
49728,train
49729,val
49731,train
49734,val
49735,val
49736,train
49739,val
49742,train
49745,val
49746,train
49749,train
49750,val
49751,val
49753,train
49755,val
49757,train
49761,train
49762,val
49765,train
49766,val
49768,val
49769,train
49771,train
49774,val
49775,val
49776,train
49780,train
49781,val
49785,train
49786,val
49787,val
49788,train
49793,train
49794,val
49795,val
49796,train
49799,val
49801,train
49803,train
49804,val
49807,train
49808,val
49811,val
49813,train
49815,val
49816,train
49820,train
49821,val
49824,val
49825,train
49827,val
49829,train
49832,train
49834,val
49836,train
49837,val
49842,val
49844,val
49847,val
49854,val
49858,val
146009,train
146012,train
146015,train
146019,train
146022,train
146027,train
146030,train
146035,train
146037,train
146039,train
146041,train
146044,train
146045,train
146048,train
146049,train
146050,train
146052,train
146054,train
146055,train
146059,train
146061,train
146064,train
146065,train
146068,train
146069,train
146071,train
146073,train
146075,train
146076,train
146079,train
146080,train
146084,train
146085,train
146086,train
146089,train
146090,train
146092,train
146096,train
146097,train
146099,train
146101,train
146102,train
146105,train
146107,train
146109,train
146110,train
146111,train
146114,train
146115,train
146118,train
146120,train
146122,train
146124,train
146128,train
146129,train
146130,train
146131,train
146135,train
146136,train
146140,train
146141,train
146142,train
146144,train
146147,train
146148,train
146151,train
146152,train
146154,train
146157,train
146158,train
146161,train
146162,train
146164,train
146166,train
146168,train
146170,train
146171,train
146175,train
146176,train
146178,train
146181,train
146182,train
146184,train
146186,train
146187,train
146190,train
146193,train
146195,train
146196,train
146198,train
146200,train
146202,train
146204,train
146206,train
146209,train
146211,train
146213,train
146214,train
146215,train
146219,train
146221,train
146223,train
146229,train
159829,train
159833,train
159836,train
159838,train
159842,train
159846,train
159852,train
159853,train
159855,train
159857,train
159858,train
159860,train
159862,train
159865,train
159868,train
159869,train
159872,train
159873,train
159876,train
159877,train
159879,train
159881,train
159882,train
159885,train
159886,train
159889,train
159891,train
159892,train
159894,train
159896,train
159898,train
159899,train
159903,train
159904,train
159906,train
159909,train
159910,train
159911,train
159914,train
159916,train
159918,train
159919,train
159922,train
159923,train
159927,train
159928,train
159930,train
159933,train
159936,train
159937,train
159938,train
159941,train
159944,train
159945,train
159946,train
159947,train
159952,train
159953,train
159955,train
159956,train
159960,train
159961,train
159964,train
159965,train
159967,train
159969,train
159970,train
159973,train
159976,train
159977,train
159979,train
159981,train
159983,train
159985,train
159986,train
159988,train
159991,train
159992,train
159994,train
159997,train
159998,train
160001,train
160004,train
160005,train
160007,train
160008,train
160010,train
160013,train
160014,train
160015,train
160018,train
160020,train
160022,train
160025,train
160026,train
160028,train
160032,train
160033,train
160035,train
160037,train
160039,train
160040,train
160042,train
160044,train
160046,train
160049,train
160051,train
160052,train
160054,train
160055,train
160058,train
160059,train
160063,train
160065,train
160067,train
160069,train
160071,train
160073,train
160074,train
160075,train
160078,train
160080,train
160083,train
160084,train
160087,train
160089,train
160092,train
160093,train
160096,train
160097,train
160099,train
160101,train
160103,train
160105,train
160107,train
160109,train
160110,train
160111,train
160114,train
160115,train
160118,train
160119,train
160123,train
160124,train
160126,train
160128,train
160131,train
160132,train
160136,train
160137,train
160140,train
160141,train
160144,train
160145,train
160146,train
160148,train
160150,train
160151,train
160154,train
160157,train
160160,train
160161,train
160162,train
160164,train
160166,train
160169,train
160172,train
160173,train
160175,train
160177,train
160179,train
160181,train
160182,train
160183,train
160186,train
160189,train
160192,train
160193,train
160196,train
160197,train
160198,train
160199,train
160202,train
160205,train
160206,train
160208,train
160211,train
160213,train
160214,train
160217,train
160218,train
160222,train
160228,train
160233,train
160234,train
160240,train
160245,train
160246,train
161378,train
161383,train
161387,train
161390,train
161394,train
161401,train
161402,train
161407,train
161411,train
161416,train
161420,train
161422,train
161429,train
161433,train
161435,train
161439,train
161443,train
161448,train
161451,train
161456,train
161460,train
161464,train
161469,train
161470,train
161475,train
161479,train
161485,train
161487,train
161492,train
161496,train
161498,train
161505,train
161508,train
161511,train
161514,train
161519,train
161524,train
161526,train
161531,train
161536,train
161538,train
161543,train
161546,train
161550,train
161555,train
161560,train
161565,train
161568,train
161570,train
161575,train
161580,train
161582,train
161586,train
161591,train
161595,train
161598,train
161603,train
161606,train
161613,train
161617,train
161621,train
161623,train
161629,train
161630,train
161634,train
161639,train
161643,train
161649,train
161652,train
161655,train
161661,train
161664,train
161666,train
161671,train
161676,train
161679,train
161685,train
161688,train
161690,train
161695,train
161699,train
161703,train
161706,train
161710,train
161714,train
161721,train
161724,train
161728,train
161731,train
161737,train
163328,train
163331,train
163334,train
163338,train
163344,train
163348,train
163351,train
163354,train
163359,train
163363,train
163367,train
1905,train
1779,train
34103,train
131005,train
1512,train
34039,train
119048,train
131062,train
194989,val
131048,train
119081,train
93298,train
93210,train
179148,train
131068,train
130975,train
68291,train
179142,train
179111,train
1032,val
1027,val
68261,train
34088,train
119008,train
1022,val
130966,train
2338,train
172750,train
986,val
2196,train
130980,train
131039,train
172767,train
68223,train
950,val
131017,train
130978,train
1747,train
34097,train
1941,train
49492,train
49495,train
49502,train
49505,train
49510,train
49513,train
49517,train
49520,train
49523,train
49528,train
49531,train
49538,train
49542,train
49546,train
49547,train
49552,train
49553,val
49555,val
49556,train
49559,val
49560,train
49563,val
49566,train
49568,train
49569,val
49571,train
49572,val
49576,train
49578,val
49579,val
49580,train
49585,val
49586,train
49589,val
49590,train
49592,train
49593,val
49595,train
49596,val
49599,train
49602,val
49603,train
49606,val
49609,val
49610,train
49611,train
49614,val
49615,val
49618,train
49621,val
49622,train
49623,val
49624,train
49628,val
49630,train
49631,train
49632,val
49637,val
49638,train
49641,val
49645,val
49648,val
49654,val
49658,val
49659,val
49663,val
49667,val
49673,val
49677,val
49682,val
49686,val
49689,val
49692,val
49695,val
145875,train
145878,train
145884,train
145888,train
145892,train
145894,train
145899,train
145902,train
145906,train
145909,train
145910,train
145911,train
145914,train
145917,train
145920,train
145921,train
145922,train
145924,train
145928,train
145929,train
145932,train
145933,train
145935,train
145936,train
145938,train
145940,train
145942,train
145944,train
145947,train
145949,train
145951,train
145952,train
145955,train
145957,train
145958,train
145960,train
145962,train
145963,train
145967,train
145968,train
145970,train
145973,train
145975,train
145976,train
145979,train
145980,train
145983,train
145985,train
145986,train
145989,train
145990,train
145993,train
145995,train
145997,train
145998,train
146000,train
146003,train
146005,train
146007,train
146011,train
146014,train
146020,train
146024,train
146028,train
146031,train
159679,train
159683,train
159686,train
159693,train
159694,train
159700,train
159704,train
159705,train
159706,train
159709,train
159711,train
159713,train
159714,train
159717,train
159719,train
159721,train
159722,train
159724,train
159727,train
159729,train
159730,train
159732,train
159734,train
159737,train
159739,train
159740,train
159743,train
159745,train
159746,train
159749,train
159751,train
159753,train
159755,train
159756,train
159758,train
159760,train
159763,train
159764,train
159766,train
159767,train
159771,train
159773,train
159775,train
159777,train
159779,train
159780,train
159783,train
159784,train
159786,train
159789,train
159792,train
159793,train
159795,train
159797,train
159798,train
159800,train
159803,train
159804,train
159807,train
159808,train
159811,train
159812,train
159814,train
159816,train
159819,train
159821,train
159822,train
159824,train
159826,train
159831,train
159835,train
159841,train
159843,train
159849,train
161194,train
161201,train
161205,train
161206,train
161213,train
161216,train
161219,train
161224,train
161226,train
161230,train
161235,train
161241,train
161243,train
161248,train
161253,train
161255,train
161259,train
161265,train
161266,train
161270,train
161274,train
161279,train
161285,train
161289,train
161290,train
161295,train
161299,train
161303,train
161306,train
161313,train
161317,train
161318,train
161325,train
161328,train
161331,train
161335,train
161338,train
161344,train
161346,train
161353,train
161356,train
161361,train
161365,train
161369,train
161373,train
161374,train
163147,train
163150,train
163157,train
163159,train
163163,train
163167,train
163172,train
163176,train
163180,train
163183,train
163186,train
163193,train
163194,train
163199,train
163202,train
163208,train
163212,train
163214,train
163221,train
163223,train
163226,train
163230,train
163237,train
163240,train
163243,train
163246,train
163252,train
163255,train
163260,train
163265,train
163267,train
163271,train
163276,train
163280,train
163285,train
163289,train
163290,train
163294,train
163301,train
163304,train
163309,train
163311,train
163314,train
163320,train
163322,train
105572,train
1080,train
68163,train
549,train
68020,val
172540,train
130784,train
93046,train
130890,train
34011,train
118767,train
68166,val
194962,val
573,train
323,train
469,val
513,val
178941,train
118650,train
80929,val
581,train
1314,train
93067,train
118732,train
130073,train
68049,train
172548,train
130769,train
68096,val
68158,val
33817,train
130654,train
1093,train
105779,train
179021,train
118843,train
130839,train
80714,val
80993,val
172423,train
48583,train
48588,train
48593,train
48596,train
48599,train
48605,train
48610,train
48614,train
48618,train
48619,train
48624,train
48628,train
48632,train
48638,train
48642,train
48646,train
48649,train
48653,train
48656,train
48662,train
48663,train
48669,train
48674,train
48676,train
48682,train
48685,train
48688,train
48694,train
48695,train
48699,train
48706,train
48709,train
48714,train
48715,train
48721,train
48723,train
48727,train
48732,train
48736,train
48739,train
48744,train
48750,train
48753,train
48758,train
48762,train
48764,train
48768,train
48774,train
48777,train
48780,train
48785,train
48787,train
48791,train
48798,train
48800,train
48806,train
48809,train
48811,train
48817,train
48820,train
48823,train
48926,train
48928,train
48932,train
49314,train
49318,train
49322,train
49326,train
49327,train
49334,train
49338,train
49341,val
49342,train
49343,val
49346,train
49347,val
49348,train
49351,val
49353,train
49357,train
49358,val
49359,val
49360,train
49363,train
49366,val
49367,train
49368,val
49372,val
49373,train
49375,train
49377,val
49379,train
49382,val
49383,val
49386,train
49388,train
49389,val
49391,val
49393,train
49396,train
49398,val
49400,val
49401,train
49403,train
49405,val
49407,train
49409,val
49411,train
49413,val
49415,train
49418,val
49420,train
49421,val
49424,val
49426,train
49429,train
49430,val
49432,train
49434,val
49436,train
49438,val
49440,val
49441,train
49443,val
49446,train
49448,train
49450,val
49451,train
49453,val
49455,val
49456,train
49459,val
49461,train
49463,train
49466,val
49467,train
49470,val
49471,train
49472,val
49475,train
49477,val
49480,train
49481,val
49485,val
49486,train
49488,val
49489,train
49494,val
49497,val
49499,val
49506,val
49507,val
49512,val
49518,val
49522,val
49524,val
49527,val
49533,val
49536,val
49541,val
49545,val
49549,val
144960,train
144964,train
144967,train
144970,train
144977,train
144981,train
144985,train
144988,train
144990,train
144994,train
144998,train
145003,train
145009,train
145010,train
145016,train
145019,train
145025,train
145028,train
145032,train
145034,train
145038,train
145045,train
145047,train
145050,train
145054,train
145060,train
145063,train
145068,train
145071,train
145074,train
145078,train
145083,train
145088,train
145093,train
145097,train
145098,train
145102,train
145107,train
145111,train
145115,train
145121,train
145125,train
145126,train
145133,train
145135,train
145138,train
145144,train
145149,train
145151,train
145154,train
145160,train
145162,train
145166,train
145172,train
145176,train
145179,train
145184,train
145188,train
145190,train
145197,train
145201,train
145205,train
145209,train
145213,train
145215,train
145221,train
145223,train
145709,train
145711,train
145715,train
145718,train
145722,train
145727,train
145730,train
145734,train
145738,train
145741,train
145742,train
145743,train
145746,train
145747,train
145751,train
145752,train
145754,train
145755,train
145758,train
145760,train
145764,train
145765,train
145767,train
145769,train
145770,train
145771,train
145775,train
145776,train
145779,train
145781,train
145782,train
145784,train
145787,train
145788,train
145791,train
145793,train
145794,train
145796,train
145799,train
145800,train
145803,train
145804,train
145808,train
145809,train
145810,train
145812,train
145814,train
145817,train
145820,train
145821,train
145822,train
145825,train
145828,train
145829,train
145830,train
145833,train
145836,train
145837,train
145838,train
145840,train
145842,train
145844,train
145848,train
145849,train
145852,train
145853,train
145855,train
145857,train
145859,train
145861,train
145862,train
145864,train
145866,train
145867,train
145871,train
145872,train
145877,train
145879,train
145882,train
145886,train
145890,train
145896,train
145901,train
145905,train
158817,train
158821,train
158825,train
158827,train
158830,train
158835,train
158839,train
158842,train
158847,train
158850,train
158854,train
158858,train
159004,train
159008,train
159011,train
159014,train
159018,train
159506,train
159513,train
159514,train
159519,train
159524,train
159526,train
159527,train
159531,train
159532,train
159534,train
159535,train
159538,train
159539,train
159543,train
159545,train
159548,train
159549,train
159550,train
159553,train
159555,train
159557,train
159558,train
159561,train
159562,train
159563,train
159566,train
159569,train
159570,train
159573,train
159576,train
159577,train
159578,train
159581,train
159583,train
159585,train
159587,train
159588,train
159590,train
159592,train
159594,train
159595,train
159599,train
159601,train
159602,train
159603,train
159607,train
159609,train
159610,train
159611,train
159614,train
159616,train
159618,train
159621,train
159623,train
159624,train
159626,train
159628,train
159630,train
159632,train
159634,train
159635,train
159638,train
159640,train
159644,train
159645,train
159647,train
159648,train
159652,train
159653,train
159655,train
159656,train
159658,train
159659,train
159663,train
159665,train
159666,train
159667,train
159672,train
159673,train
159675,train
159676,train
159680,train
159685,train
159689,train
159691,train
159695,train
159701,train
160988,train
160992,train
160997,train
160998,train
161003,train
161009,train
161013,train
161017,train
161021,train
161022,train
161027,train
161033,train
161036,train
161041,train
161045,train
161046,train
161050,train
161055,train
161060,train
161063,train
161069,train
161072,train
161074,train
161081,train
161083,train
161088,train
161090,train
161096,train
161101,train
161105,train
161107,train
161112,train
161115,train
161119,train
161124,train
161127,train
161133,train
161134,train
161139,train
161142,train
161147,train
161151,train
161157,train
161158,train
161162,train
161168,train
161171,train
161177,train
161179,train
161183,train
161188,train
161193,train
162931,train
162935,train
162938,train
162942,train
162948,train
162953,train
162956,train
162960,train
162965,train
162967,train
162973,train
162976,train
162978,train
162982,train
162988,train
162991,train
162995,train
162998,train
163004,train
163008,train
163013,train
163015,train
163020,train
163024,train
163029,train
163032,train
163036,train
163040,train
163045,train
163049,train
163052,train
163055,train
163060,train
163065,train
163067,train
163070,train
163074,train
163078,train
163083,train
163086,train
163093,train
163097,train
163099,train
163103,train
163106,train
163112,train
163115,train
163118,train
163122,train
163126,train
163130,train
163135,train
163139,train
163143,train
68961,train
202086,train
18240,val
18344,val
34547,train
195315,val
34562,train
34552,train
202081,train
173503,train
119498,train
1768,val
68879,train
18327,val
68861,train
68834,train
18305,val
34558,train
18295,val
18263,val
18380,val
119526,train
3986,train
202096,train
18371,val
202090,train
202082,train
195313,val
173513,train
18298,val
119523,train
202102,train
18286,val
18268,val
68967,train
18272,val
68991,train
68847,train
18335,val
34574,train
50206,val
50208,val
50212,val
50215,val
50222,val
50226,val
50228,val
50231,val
50238,val
50239,val
50243,val
50247,val
50251,val
50256,val
50262,val
50263,val
50267,val
50272,val
50277,val
50281,val
50283,val
50290,val
50291,val
50295,val
50302,val
50303,val
50310,val
50313,val
50316,val
50322,val
50324,val
50327,val
50334,val
50338,val
50342,val
50343,val
50347,val
50353,val
50355,val
50359,val
50364,val
50369,val
50371,val
50375,val
50379,val
50386,val
50389,val
50393,val
50397,val
50400,val
146419,train
146424,train
146429,train
146432,train
146437,train
146438,train
146444,train
146446,train
146450,train
146451,train
146455,train
146456,train
146459,train
146460,train
146463,train
146464,train
146466,train
146471,train
146477,train
146479,train
146490,train
146497,train
146501,train
146502,train
146506,train
160399,train
160403,train
160407,train
160411,train
160415,train
160419,train
160423,train
160425,train
160427,train
160428,train
160430,train
160432,train
160435,train
160437,train
160439,train
160445,train
160447,train
160452,train
160457,train
160460,train
160464,train
160468,train
161899,train
161903,train
161909,train
161912,train
161916,train
161920,train
161924,train
161928,train
161932,train
161936,train
3116,train
179473,train
173419,train
106534,train
68945,train
68948,train
179465,train
3242,train
3538,train
2941,train
3295,train
2992,train
106544,train
202072,train
179452,train
3395,train
179461,train
3466,train
3893,train
195302,val
34473,train
195308,val
3191,train
1596,val
68830,train
202023,train
3877,train
3424,train
1642,val
131700,train
179467,train
3595,train
34466,train
3684,train
202069,train
3146,train
179451,train
1684,val
131655,train
131668,train
49951,train
49956,train
49959,train
49964,train
49967,train
49974,train
49978,train
49981,train
49985,train
49989,train
49991,train
49998,train
50001,train
50003,train
50008,train
50012,train
50015,train
50021,train
50024,train
50028,train
50032,train
50034,val
50035,train
50036,val
50040,val
50042,train
50043,val
50044,train
50048,val
50050,train
50051,val
50053,train
50056,train
50058,val
50059,train
50062,val
50065,train
50066,val
50067,val
50070,train
50071,val
50074,train
50075,val
50078,train
50081,train
50082,val
146421,train
146422,train
146426,train
146431,train
146436,train
146440,train
146443,train
146449,train
160318,train
160325,train
160329,train
160331,train
160337,train
160341,train
160344,train
160349,train
160353,train
160355,train
160360,train
160362,train
160365,train
160367,train
160368,train
160370,train
160371,train
160374,train
160376,train
160379,train
160381,train
160382,train
160384,train
160387,train
160388,train
160390,train
160391,train
160394,train
160397,train
160400,train
160405,train
160409,train
160413,train
160414,train
160421,train
161870,train
161874,train
161879,train
161882,train
161888,train
161892,train
161897,train
202213,train
119706,train
119702,train
34809,train
195413,val
106828,train
195431,val
132214,train
132077,train
132223,train
132186,train
132098,train
119705,train
132237,train
164187,val
132122,train
119707,train
34795,train
34782,train
5194,val
132221,train
69367,train
34822,train
132241,train
5202,val
202208,train
132088,train
132274,train
173605,train
69384,train
195405,val
119736,train
119720,train
173626,train
132257,train
119684,train
195449,val
202186,train
69352,train
132160,train
50495,train
50499,train
50506,train
50508,train
50513,train
50515,train
50519,train
50524,train
50529,train
50531,train
50535,val
50536,train
50539,val
50541,train
50543,val
50546,train
50547,val
50550,train
50551,train
50554,val
50555,val
50558,train
50561,train
50562,val
50563,train
50565,val
50567,train
50569,val
50571,val
50573,train
50577,val
50578,train
50579,val
50581,train
50584,train
50586,val
50588,train
50589,val
50591,train
50592,val
50597,val
50602,val
50606,val
50609,val
50614,val
50616,val
50621,val
50624,val
50629,val
50634,val
50638,val
50642,val
50646,val
50648,val
146655,train
146660,train
146662,train
146668,train
146671,train
146677,train
146678,train
146680,train
146682,train
146684,train
146687,train
146689,train
146690,train
146692,train
146695,train
146697,train
146699,train
146700,train
146703,train
146705,train
146706,train
146708,train
146712,train
146713,train
146715,train
146716,train
146718,train
146720,train
146722,train
146723,train
146727,train
146728,train
146731,train
146734,train
146740,train
146745,train
146746,train
146751,train
146755,train
146758,train
146765,train
160637,train
160641,train
160642,train
160649,train
160650,train
160654,train
160657,train
160658,train
160659,train
160662,train
160663,train
160666,train
160669,train
160670,train
160673,train
160676,train
160677,train
160678,train
160679,train
160682,train
160685,train
160686,train
160689,train
160691,train
160693,train
160696,train
160697,train
160699,train
160700,train
160702,train
160705,train
160708,train
160709,train
160711,train
160713,train
160717,train
160720,train
160722,train
160728,train
160733,train
160734,train
160739,train
160743,train
162115,train
162121,train
162125,train
162128,train
162133,train
162136,train
162138,train
162142,train
162149,train
162152,train
162155,train
162159,train
162163,train
162166,train
162172,train
162175,train
162180,train
162182,train
162186,train
162192,train
162197,train
162198,train
162202,train
162207,train
162212,train
132012,train
119652,train
179575,train
106699,train
5111,val
34776,train
164133,val
5150,val
132037,train
69293,train
173568,train
119672,train
93908,train
179589,train
195378,val
202176,train
5026,train
195386,val
173572,train
195399,val
132032,train
179597,train
202167,train
93884,train
202172,train
131952,train
69303,train
106720,train
5141,val
69298,train
34772,train
202152,train
69319,train
5122,train
93890,train
69315,train
202149,train
69324,train
195374,val
93912,train
50438,train
50439,train
50446,train
50449,train
50451,train
50458,train
50460,train
50465,train
50470,train
50473,train
50478,train
50481,train
50485,train
50486,val
50487,val
50488,train
50492,val
50493,train
50498,val
50500,val
50505,val
50510,val
50511,val
50517,val
50520,val
50523,val
50528,val
50532,val
146556,train
146560,train
146564,train
146566,train
146571,train
146576,train
146580,train
146585,train
146588,train
146591,train
146594,train
146600,train
146603,train
146604,train
146606,train
146607,train
146610,train
146611,train
146614,train
146616,train
146619,train
146621,train
146623,train
146625,train
146626,train
146628,train
146630,train
146631,train
146636,train
146637,train
146638,train
146641,train
146644,train
146645,train
146646,train
146647,train
146652,train
146653,train
146656,train
146658,train
146664,train
146669,train
146673,train
146674,train
160529,train
160530,train
160534,train
160539,train
160542,train
160549,train
160550,train
160557,train
160559,train
160563,train
160569,train
160573,train
160576,train
160578,train
160582,train
160585,train
160586,train
160589,train
160590,train
160593,train
160594,train
160596,train
160598,train
160600,train
160602,train
160605,train
160606,train
160609,train
160610,train
160613,train
160615,train
160617,train
160619,train
160620,train
160623,train
160625,train
160627,train
160629,train
160631,train
160632,train
160634,train
160640,train
160643,train
160648,train
160653,train
162046,train
162050,train
162057,train
162059,train
162062,train
162066,train
162073,train
162076,train
162080,train
162084,train
162087,train
162093,train
162094,train
162099,train
162102,train
162106,train
162113,train
94135,train
180138,train
106947,train
132358,train
5452,train
180069,train
180085,train
180050,train
180087,train
94120,train
132365,train
180151,train
180089,train
5482,val
106926,train
180081,train
69665,train
173672,train
180044,train
180154,train
180042,train
180098,train
180123,train
180121,train
69636,train
180136,train
180125,train
132397,train
132401,train
5444,train
132367,train
180110,train
202299,train
19218,val
119852,train
5485,val
180102,train
34906,train
119824,train
94139,train
50695,train
50700,train
50705,train
50712,val
50718,val
50720,val
50723,val
50730,val
146839,train
146843,train
146848,train
146851,train
146857,train
146858,train
146865,train
146868,train
146870,train
146871,train
146875,train
146877,train
146881,train
146885,train
146889,train
146892,train
146894,train
146901,train
146905,train
146909,train
146913,train
146914,train
146921,train
146925,train
146927,train
146931,train
146935,train
146940,train
146943,train
146948,train
146952,train
146954,train
146960,train
146963,train
146969,train
146971,train
146974,train
146979,train
146983,train
146987,train
146993,train
146996,train
146999,train
147002,train
147006,train
147011,train
147016,train
147019,train
147023,train
147029,train
147032,train
147034,train
147041,train
147043,train
147046,train
147051,train
147054,train
147058,train
147064,train
147069,train
147073,train
147076,train
147078,train
147082,train
147086,train
147090,train
147095,train
147098,train
147102,train
147107,train
147112,train
147116,train
147119,train
147122,train
162312,train
162316,train
162320,train
162323,train
5380,val
180007,train
179770,train
179898,train
179960,train
5462,val
179894,train
5341,val
179980,train
195477,val
179997,train
195482,val
179778,train
5294,val
5320,val
179860,train
173668,train
34917,train
195531,val
119794,train
195480,val
179888,train
132351,train
179816,train
132337,train
5410,train
195532,val
164378,val
94086,train
179917,train
179726,train
179919,train
179821,train
5288,val
195463,val
195472,val
132360,train
69612,train
179972,train
106899,train
50662,train
50665,train
50669,train
50674,train
50677,train
50681,train
50685,train
50688,train
50691,train
50698,val
50699,val
50706,val
50708,val
146769,train
146773,train
146774,train
146781,train
146784,train
146786,train
146791,train
146793,train
146797,train
146801,train
146802,train
146808,train
146810,train
146814,train
146819,train
146823,train
146829,train
146832,train
146836,train
146837,train
146838,train
146842,train
146846,train
146850,train
146856,train
146860,train
146863,train
146867,train
162215,train
162220,train
162222,train
162229,train
162283,train
162286,train
162292,train
162297,train
162299,train
69702,train
19271,val
94219,train
19370,val
19287,val
19356,val
94212,train
5486,train
195669,val
132434,train
180337,train
19240,train
94200,train
19253,train
19296,val
173696,train
202358,train
19331,val
173700,train
19314,val
202367,train
202332,train
19335,val
180334,train
119847,train
5495,train
94214,train
34991,train
202370,train
34981,train
132449,train
34977,train
202353,train
195647,val
19291,val
94205,train
202342,train
195665,val
94233,train
34944,train
50812,train
50816,train
50822,train
50826,train
50827,train
50831,train
50837,train
50841,train
50844,train
50850,train
50853,train
50857,train
50859,train
50865,train
50870,train
50871,train
50875,train
50879,train
50883,train
50889,train
50892,train
50895,train
50901,train
50904,train
50910,train
50912,train
50915,train
50922,train
50923,train
50928,train
50940,val
50944,val
50950,val
50952,val
50958,val
50962,val
50966,val
147126,train
147132,train
147136,train
147139,train
147144,train
147147,train
147164,train
147168,train
147173,train
147175,train
147179,train
147185,train
147187,train
147191,train
147194,train
147200,train
147205,train
147208,train
147211,train
147215,train
147221,train
147225,train
147229,train
147230,train
147235,train
147240,train
147244,train
147248,train
147253,train
147255,train
147258,train
147264,train
147266,train
147271,train
147276,train
147281,train
147285,train
147287,train
147290,train
147296,train
147299,train
147304,train
147306,train
147311,train
147314,train
147321,train
147324,train
147328,train
147332,train
147336,train
147340,train
147345,train
147349,train
147350,train
147355,train
147361,train
147364,train
147368,train
147372,train
147376,train
147381,train
147384,train
147389,train
147393,train
162354,train
162359,train
162362,train
162369,train
162373,train
162376,train
162380,train
162385,train
162387,train
162390,train
162397,train
162400,train
162404,train
162407,train
162411,train
162415,train
162419,train
162424,train
162427,train
162433,train
162437,train
162440,train
162443,train
162448,train
162451,train
162457,train
162460,train
162464,train
162468,train
162473,train
162477,train
162478,train
162484,train
162487,train
162493,train
162496,train
162499,train
162502,train
162506,train
162512,train
162516,train
162519,train
162522,train
162526,train
162532,train
162537,train
69658,train
119831,train
106964,train
180202,train
180295,train
164420,val
164414,val
180281,train
180321,train
180327,train
180170,train
106959,train
69656,train
119825,train
132413,train
69690,train
119818,train
180227,train
180251,train
180188,train
180262,train
106954,train
5498,val
180212,train
5465,train
19214,train
34951,train
180278,train
180238,train
19223,train
132380,train
202307,train
5469,train
180287,train
94155,train
173683,train
5504,val
180206,train
119816,train
164430,val
50707,train
50713,train
50717,train
50721,train
50725,train
50727,train
50733,val
50734,train
50736,train
50737,val
50740,val
50741,train
50745,val
50746,train
50747,val
50749,train
50751,train
50752,val
50756,train
50758,val
50759,train
50762,val
50763,val
50765,train
50767,train
50768,val
50771,train
50773,val
50777,val
50778,train
50779,train
50780,val
50784,val
50785,train
50787,val
50789,train
50791,val
50794,train
50795,val
50798,train
50801,val
50802,train
50803,train
50805,val
50807,val
50809,train
50814,val
50815,val
50821,val
50823,val
50829,val
50832,val
50835,val
50839,val
50843,val
50848,val
50854,val
50856,val
50862,val
50866,val
50869,val
50874,val
50877,val
50881,val
50885,val
50888,val
50891,val
50897,val
50900,val
50906,val
50909,val
50913,val
50918,val
50920,val
50925,val
50927,val
50934,val
50935,val
146888,train
146891,train
146895,train
146898,train
146903,train
146908,train
146910,train
146917,train
146920,train
146924,train
146928,train
146930,train
146934,train
146939,train
146944,train
146946,train
146953,train
146955,train
146961,train
146962,train
146966,train
146970,train
146975,train
146978,train
146985,train
146986,train
146990,train
146994,train
146998,train
147004,train
147008,train
147010,train
147015,train
147018,train
147022,train
147028,train
147031,train
147035,train
147039,train
147045,train
147048,train
147053,train
147057,train
147061,train
147065,train
147068,train
147072,train
147077,train
147079,train
147084,train
147089,train
147093,train
147097,train
147099,train
147105,train
147109,train
147111,train
147114,train
147120,train
147125,train
147127,train
147131,train
147135,train
147141,train
147143,train
147149,train
147151,train
147155,train
147160,train
162329,train
162330,train
162335,train
162338,train
162344,train
162347,train
162350,train
76391,train
76384,train
64660,train
64462,val
126998,train
141405,val
177642,train
141389,train
193154,val
12776,train
114429,train
76405,train
12758,train
141453,train
141433,val
89498,val
27362,train
89502,val
141414,train
114421,train
114436,train
141428,train
126982,train
126991,train
141377,val
64487,val
126954,val
12734,train
193171,val
76421,train
89509,val
64457,val
172662,train
27221,train
141391,train
126994,train
141370,val
27364,train
27212,train
89504,val
44452,train
44458,train
44461,train
44465,train
44470,train
44474,train
44478,train
44482,train
44485,train
44489,train
44493,train
44496,train
44501,train
44504,train
44507,train
44511,train
44517,train
44522,train
44524,train
44529,train
44531,train
44535,train
44539,train
44544,train
44547,train
44552,train
44556,train
44561,train
44565,train
44568,train
44574,train
44575,train
44580,train
44585,train
44589,train
44591,train
44594,train
44597,train
44598,train
44599,train
44600,train
44603,train
44606,train
44608,train
44609,train
44612,train
44613,train
44616,train
44617,train
44621,train
44622,train
44625,train
44626,train
44627,train
44629,train
44632,train
44633,train
44636,train
44638,train
44640,train
44641,train
44643,train
44646,train
44649,train
44650,train
44651,train
44653,train
44657,train
44658,train
44660,train
44661,train
44665,train
44666,train
44667,train
44670,train
44671,train
44674,train
44677,train
44678,train
44680,train
44682,train
44684,train
44686,train
44688,train
44689,train
44692,train
44693,train
44696,train
44698,train
44699,train
44702,train
44705,train
44706,train
44709,train
44710,train
44713,train
44714,train
44717,train
44718,train
44720,train
44722,train
44723,train
44726,train
44727,train
44729,train
44731,train
44732,train
44736,train
44738,train
44739,train
44741,train
44743,train
44746,train
44747,train
44749,train
44751,train
44754,train
44756,train
44757,train
44760,train
44761,train
44764,train
44765,train
44769,train
44770,train
44773,train
44774,train
44777,train
44778,train
44779,train
44780,train
44783,train
44784,train
44788,train
44790,train
44792,train
44793,train
44797,train
44798,train
44800,train
44801,train
44805,train
44806,train
44808,train
44809,train
44812,train
44813,train
44816,train
44818,train
44820,train
44821,train
44825,train
44826,train
44827,train
44828,train
44833,train
44834,train
44835,train
44839,train
44846,train
44849,train
44853,train
44855,train
44860,train
44864,train
44867,train
44872,train
44876,train
44879,train
44886,train
44890,train
44893,train
44897,train
44900,train
44904,train
44909,train
44911,train
44918,train
44921,train
44926,train
44929,train
44933,train
44937,train
44941,train
44944,train
44950,train
44951,train
44956,train
44961,train
44963,train
44968,train
44973,train
44977,train
44980,train
44984,train
44987,train
44991,train
44997,train
45002,train
45005,train
45009,train
45012,train
45015,train
45019,train
45026,train
45029,train
45032,train
45036,train
45041,train
45043,train
45049,train
45054,train
45057,train
45060,train
45065,train
45067,train
45072,train
45078,train
45080,train
45083,train
45089,train
101691,train
101696,train
101700,train
101703,train
101708,train
101710,train
101714,train
101721,train
155434,train
155441,train
155445,train
155447,train
155453,train
155454,val
155455,train
155459,val
155461,train
155464,val
155465,train
155466,train
155469,val
155470,train
155471,val
155474,train
155475,val
155478,val
155481,train
155483,val
155485,train
155486,val
155488,train
155490,train
155491,val
155494,val
155496,train
155498,val
155501,train
155503,train
155504,val
155508,val
155512,val
155514,val
155521,val
155522,val
155529,val
155530,val
155535,val
206209,train
206210,train
206213,train
206215,train
206216,train
206218,train
206220,train
77040,train
27381,train
76478,train
127141,val
168953,val
27661,train
12829,train
12871,train
141574,train
114743,train
193246,val
173079,train
193248,val
27355,train
141517,val
141531,val
142088,train
141511,train
76427,train
141666,train
114501,train
141731,val
168956,val
172743,train
114509,train
141736,val
27501,train
27270,train
76568,train
141675,val
64732,train
141615,train
12808,train
64673,val
77537,train
77705,val
168970,val
64679,train
76500,train
27383,train
45405,train
45410,train
45413,train
45417,train
45421,train
45426,train
45430,train
45431,train
45437,train
45440,train
45444,train
45447,train
45448,train
45451,train
45453,train
45455,train
45456,train
45459,train
45460,train
45463,train
45464,train
45467,train
45470,train
45473,train
45474,train
45475,train
45477,train
45479,train
45480,train
45483,train
45486,train
45488,train
45490,train
45493,train
45494,train
45497,train
45498,train
45500,train
45502,train
45503,train
45506,train
45507,train
45510,train
45511,train
45513,train
45515,train
45517,train
45519,train
45521,train
45523,train
45524,train
45528,train
45530,val
45531,train
45533,val
45535,val
45537,train
45539,train
45540,val
45543,train
45545,val
45548,val
45549,train
45551,val
45553,train
45556,train
45557,val
45560,train
45561,val
45563,train
45566,val
45568,train
45569,val
45572,val
45574,train
45577,train
45578,val
45580,val
45582,train
45585,val
45586,train
45587,train
45590,val
45591,val
45594,train
45595,train
45596,val
45599,val
45601,train
45603,val
45605,train
45609,val
45610,train
45611,val
45612,train
45615,val
45618,train
45621,val
45622,train
45623,val
45626,train
45629,val
45633,val
45636,val
45639,val
45646,val
45648,val
45653,val
45658,val
45662,val
45663,val
45667,val
45673,val
45677,val
45681,val
45686,val
45689,val
45691,val
45772,train
45777,train
45801,val
45803,val
101725,train
101728,train
101730,train
101735,train
101741,train
101745,train
101746,train
101753,train
101756,train
101761,train
101764,train
101767,train
101771,train
101777,train
101780,train
101784,train
101787,train
101792,train
101795,train
101800,train
101803,train
101809,train
101811,train
101817,train
101819,train
101825,train
101826,train
101833,train
101837,train
101841,train
101844,train
101849,train
101852,train
101855,train
101858,train
101862,train
102152,train
102155,train
102161,train
155644,train
155647,train
155650,train
155655,train
155699,val
155705,val
155709,val
155710,val
155714,val
155715,train
155718,val
155720,train
155722,val
155724,train
155728,train
155729,val
155731,train
155732,val
155735,train
155738,train
155743,train
155744,val
155747,val
155749,train
155750,train
155751,val
155754,val
155757,train
155759,train
155761,val
155764,val
155765,train
155767,train
155768,val
155770,train
155771,val
155774,val
155776,train
155779,val
155780,train
155784,train
155785,val
155786,val
155788,train
155790,train
155793,val
155794,train
155796,val
155800,val
155801,train
155803,val
155804,train
155808,train
155809,val
155812,val
155813,train
155814,train
155816,val
155818,train
155819,val
155823,val
155824,train
155827,val
155829,train
155832,val
155833,train
155835,train
155836,val
155838,train
155841,val
155842,train
155843,val
155846,val
155849,train
155850,val
155852,train
155855,train
155857,val
155858,train
155860,val
155864,val
155865,train
155866,val
155869,train
155870,train
155872,val
155874,train
155875,val
155879,train
155881,val
155883,train
155885,val
155888,train
155889,val
155890,val
155892,train
155894,val
155896,train
155898,val
155900,train
155903,train
155904,val
155907,val
155909,train
155912,val
155913,train
155914,val
155915,train
155918,train
155921,val
155922,train
155925,val
155926,train
155928,val
155931,train
155933,val
155935,val
155936,train
155938,val
155940,train
155944,train
155945,val
155948,val
155949,train
155952,val
155953,train
155956,val
155957,train
155958,val
155959,train
155962,val
155963,train
155966,val
155967,train
155971,train
155973,val
155974,val
155975,train
155981,val
155985,val
155988,val
155990,val
155992,train
155994,val
155996,train
156001,val
156002,val
156008,val
156013,val
156015,val
156279,train
156285,train
156287,train
156291,train
156299,val
156305,val
156306,val
156312,val
156314,val
156319,val
156322,val
156326,val
156388,val
206222,train
206224,train
206226,train
206228,train
206230,train
206233,train
206234,train
206237,train
206238,train
206241,train
206242,train
206244,train
206246,train
206249,train
206251,train
206253,train
206255,train
206257,train
206258,train
206260,train
206263,train
206264,train
206266,train
206268,train
206270,train
206272,train
206274,train
206277,train
206278,train
206281,train
206320,train
206322,train
206324,train
206327,train
64503,val
64507,val
64509,val
64513,val
64519,val
64520,val
64527,val
64531,val
193172,val
193175,val
193177,val
193178,val
193180,val
193183,val
193185,val
193186,val
193189,val
193191,val
193193,val
193195,val
193196,val
193198,val
193201,val
193203,val
193204,val
193207,val
193208,val
193210,val
193213,val
193214,val
193216,val
44837,train
44840,train
44844,train
44847,train
44854,train
44856,train
44861,train
44863,train
44870,train
44873,train
44875,train
44881,train
44885,train
44888,train
44891,train
44898,train
44899,train
44903,train
44907,train
44912,train
44915,train
44919,train
44924,train
44928,train
44934,train
44936,train
44940,train
44945,train
44949,train
44953,train
44955,train
44960,train
44965,train
44969,train
44974,train
44978,train
44982,train
44986,train
44990,train
44994,train
44996,train
45001,train
45006,train
45010,train
45014,train
45092,train
45097,train
45101,train
45105,train
45109,train
45114,train
45118,train
45121,train
45125,train
45127,train
45134,train
45137,train
45141,train
45144,train
45149,train
45154,train
45158,train
45160,train
45164,train
45168,train
45173,train
45175,train
45181,train
45186,train
45189,train
45193,train
45197,train
45202,train
45206,train
45207,train
45211,train
45218,train
45221,train
45223,train
45228,train
45233,train
45236,train
45242,train
45246,train
45248,train
45252,train
45258,train
45259,train
45266,train
45268,train
45274,train
45278,train
45279,train
45285,train
155509,train
155513,train
155515,train
155520,train
155524,train
155526,train
155531,train
155536,train
155538,train
155540,val
155542,val
155544,train
155547,train
155548,val
155550,val
155552,train
155555,val
155556,train
155558,val
155561,train
155562,val
155565,train
155566,val
155569,train
155570,train
155571,val
155575,train
155577,val
155580,val
155581,train
155584,train
155585,val
155586,train
155589,val
155590,train
155593,val
155594,train
155595,val
155600,train
155601,val
155602,val
155604,train
155607,train
155609,val
155612,val
155613,train
155615,val
155617,train
155619,val
155621,train
155622,val
155625,train
155626,val
155628,train
155630,train
155633,val
155634,val
155637,train
155639,train
155640,val
155643,val
155649,val
155651,val
155654,val
155660,val
155663,val
155669,val
155672,val
155677,val
155679,val
155684,val
155689,val
155692,val
155697,val
87945,train
87948,train
87953,train
87957,train
112959,train
112961,train
112965,train
138969,train
138973,train
138977,train
138981,train
138985,train
138986,train
138990,train
138994,train
167279,train
167285,train
167287,train
176920,train
176922,train
176924,train
176963,train
176964,train
176967,train
184022,val
184024,val
184026,val
40884,train
40890,train
40926,train
40929,train
40932,train
40937,train
40971,train
40975,train
41042,train
41045,train
57210,train
57216,train
57256,train
57259,train
57262,train
57266,train
100039,train
100042,train
100046,train
100051,train
100056,train
100060,train
100063,train
100066,train
100070,train
100076,train
100079,train
100084,train
100086,train
100093,train
100095,train
100098,train
100105,train
100109,train
100112,train
100115,train
100120,train
100122,train
100129,train
100131,train
100137,train
100141,train
100144,train
100148,train
100152,train
100154,train
100159,train
100162,train
100168,train
100171,train
100176,train
100178,train
100183,train
100187,train
100190,train
100195,train
100198,train
100203,train
100207,train
100213,train
100215,train
100221,train
100225,train
100229,train
100232,train
100237,train
100240,train
100245,train
100249,train
100253,train
100255,train
100259,train
100264,train
153858,train
153865,train
153867,train
153873,train
153877,train
153879,train
153883,train
153886,train
153891,train
153894,train
153899,train
153903,train
153907,train
153911,train
153916,train
153921,train
153924,train
153926,train
153932,train
153935,train
153941,train
153945,train
153949,train
153953,train
153954,train
153960,train
153964,train
153967,train
154011,train
154016,train
154020,train
154025,train
154026,train
154121,val
205506,train
205508,train
205511,train
205513,train
205515,train
113653,train
63513,train
76127,train
139934,train
26436,train
63740,train
199814,train
139996,train
113978,train
63544,val
63795,train
12293,train
88556,train
63458,val
140100,val
63530,train
125983,val
26684,train
168182,train
168164,train
88962,train
11976,train
177420,train
76143,train
126351,val
113635,train
75810,train
75901,train
26598,train
125974,train
140080,val
75771,train
126240,val
177277,train
63923,train
126322,train
199723,train
12002,train
12193,train
126035,val
41633,train
41637,train
41640,train
41643,train
41649,train
41652,train
41655,train
41659,train
41663,train
41667,train
41674,train
41675,train
41680,train
41681,train
41684,train
41685,train
41687,train
41690,train
41691,train
41694,train
41696,train
41698,train
41699,train
41701,train
41704,train
41706,train
41709,train
41710,train
41713,train
41714,train
41715,train
41717,train
41720,train
41722,train
41723,train
41724,train
41727,train
41728,train
41731,train
41734,train
41735,train
41738,train
41739,train
41742,train
41744,train
41745,train
41747,train
41748,train
41752,train
41753,train
41756,train
41757,train
41761,train
41762,train
41764,train
41766,train
41768,train
41770,train
41773,train
41774,train
41777,train
41778,train
41780,train
41781,train
41783,train
41784,train
41787,train
41788,train
41792,train
41794,train
41796,train
41797,train
41800,train
41802,train
41803,train
41805,train
41807,train
41809,train
41811,train
41814,train
41816,train
41817,train
41819,train
41821,train
41823,train
41825,train
41828,train
41829,train
41832,train
41833,train
41837,train
41838,train
41839,train
41840,train
41844,train
41846,train
41849,train
41850,train
41852,train
41853,train
41855,train
41858,train
41859,train
41860,train
41863,train
41865,train
41868,train
41870,train
41871,train
41872,train
41876,train
41878,train
41880,train
41882,train
41883,train
41885,train
41887,train
41888,train
41891,train
41894,train
41896,train
41898,train
41900,train
41901,train
41904,train
41906,train
41909,train
41910,train
41912,train
41914,train
41915,train
41917,train
41919,train
41922,train
41924,train
41925,train
41927,train
41929,train
41931,train
41933,train
41937,train
41938,train
41939,train
41942,train
41945,train
41946,train
41947,train
41949,train
41951,train
41952,train
41955,train
41958,train
41961,train
41962,train
41964,train
41966,train
41968,train
41969,train
41972,train
41974,train
41976,train
41977,train
41979,train
41981,train
41983,train
41984,train
41988,train
41990,train
41991,train
41994,train
41995,train
41996,train
41999,train
42005,train
42010,train
42012,train
42016,train
42019,train
42026,train
42028,train
42033,train
42036,train
42041,train
42043,train
42049,train
42052,train
42057,train
42060,train
42063,train
42067,train
42071,train
42077,train
42081,train
42084,train
42088,train
42093,train
42096,train
42101,train
42106,train
42107,train
42114,train
42116,train
42119,train
42124,train
42127,train
42133,train
42137,train
42141,train
42144,train
42148,train
42154,train
101020,train
101023,train
101027,train
101031,train
101036,train
101039,train
101042,train
101049,train
101051,train
101056,train
101061,train
101063,train
101067,train
101073,train
101074,train
101079,train
101085,train
101089,train
101092,train
101096,train
101100,train
101105,train
101107,train
101110,train
101115,train
101120,train
101124,train
101126,train
101131,train
101134,train
101141,train
101145,train
101149,train
101153,train
101157,train
101161,train
101164,train
101168,train
101172,train
101174,train
101181,train
101183,train
101188,train
101191,train
101197,train
101198,train
101205,train
101208,train
101212,train
101214,train
101218,train
101222,train
101229,train
101233,train
101234,train
101238,train
101243,train
101246,train
101253,train
101257,train
101259,train
101263,train
101266,train
101272,train
101275,train
101280,train
101283,train
101288,train
101290,train
101294,train
101300,train
101305,train
101309,train
101313,train
101317,train
101318,train
101322,train
101328,train
101332,train
101336,train
101340,train
101344,train
101349,train
101353,train
101357,train
154652,train
154654,train
154658,train
154665,train
154667,train
154672,train
154675,train
154678,train
154685,train
154687,train
154689,val
154690,train
154693,val
154694,train
154696,val
154698,train
154700,val
154703,train
154705,val
154708,train
154709,val
154710,val
154713,train
154715,train
154717,val
154719,val
154721,train
154724,val
154725,train
154726,val
154728,train
154731,val
154732,train
154735,train
154736,val
154739,train
154741,val
154743,train
154745,val
154747,val
154749,train
154751,val
154753,train
154755,train
154756,val
154758,val
154761,train
154762,train
154764,val
154767,val
154769,train
154770,val
154773,train
154774,train
154776,val
154779,val
154781,train
154783,train
154785,val
154786,val
154787,train
154790,val
154793,train
154795,train
154796,val
154799,train
154800,val
154802,train
154803,val
154808,train
154809,val
154810,val
154812,train
154815,train
154817,val
154820,val
154821,train
154822,val
154825,train
154827,val
154829,train
154830,val
154832,train
154834,val
154836,train
154838,val
154841,train
154843,train
154845,val
154847,train
154849,val
154851,train
154852,val
154854,val
154856,train
154858,train
154859,val
154863,train
154865,val
154866,val
154868,train
154871,train
154873,val
154876,val
154877,train
154880,val
154881,train
154883,val
154884,train
154886,train
154888,val
154892,train
154893,val
154894,train
154895,val
154898,val
154900,train
154903,train
154905,val
154907,train
154909,val
154911,train
154912,val
154914,val
154916,train
154919,val
154921,train
154923,val
154925,train
154926,val
154928,train
154932,val
154933,train
154934,train
154937,val
154939,val
154941,train
154942,train
154945,val
154946,train
154949,val
154951,train
154953,val
154954,val
154957,train
154959,val
154961,train
154963,train
154964,val
154967,val
154969,train
154971,val
154972,train
154975,val
154976,train
154979,val
154981,train
154984,train
154985,val
154986,val
154989,train
154991,train
154993,val
154996,train
154997,val
154998,train
155000,val
155003,val
155005,train
155006,val
155008,train
155010,train
155013,val
155014,train
155015,val
155020,train
155021,val
155023,val
155024,train
155027,train
155029,val
155031,val
155032,train
155034,train
155037,val
155038,train
155041,val
155044,train
155045,val
155047,val
155049,train
155051,train
155053,val
155054,train
155055,val
155061,val
155063,val
155066,val
155073,val
205891,train
205893,train
205894,train
205897,train
205899,train
205901,train
205903,train
205904,train
205906,train
205909,train
205911,train
205912,train
205915,train
205917,train
205919,train
205921,train
205922,train
205925,train
205926,train
205929,train
205931,train
205932,train
205935,train
205937,train
205938,train
205941,train
205943,train
205944,train
205946,train
205948,train
205950,train
205952,train
205955,train
205956,train
205959,train
205960,train
205963,train
205965,train
205967,train
205968,train
205970,train
205972,train
205974,train
205976,train
205978,train
205980,train
205982,train
205985,train
205986,train
205988,train
205990,train
205992,train
205995,train
205996,train
205998,train
206000,train
206003,train
206005,train
206006,train
206008,train
206010,train
206012,train
206014,train
206016,train
206018,train
206021,train
206022,train
206024,train
206026,train
206029,train
206030,train
206033,train
206035,train
206036,train
206038,train
206040,train
206043,train
206045,train
206047,train
206049,train
206051,train
206052,train
206054,train
206057,train
206059,train
206061,train
206062,train
206064,train
206066,train
206068,train
206070,train
206072,train
206075,train
206076,train
206079,train
206080,train
206082,train
206085,train
206087,train
206088,train
206090,train
206092,train
206095,train
206096,train
206099,train
206101,train
29227,val
193594,val
114956,train
127615,train
142443,train
193522,val
169252,val
28731,val
28537,train
115067,train
127735,train
142373,val
90230,val
89772,val
28609,train
65417,val
142621,val
173172,train
142489,train
65377,val
173272,train
169409,val
127449,train
142599,val
142697,train
28188,train
28375,train
14025,train
115019,train
90177,val
114864,train
127718,train
127559,train
28288,train
177814,train
89916,val
28603,train
114884,train
28549,train
89933,val
45831,train
45837,train
45840,train
45846,train
45849,train
45854,train
45857,train
45862,train
45866,train
45868,train
45873,train
45876,train
45879,train
45882,val
45884,train
45885,val
45887,val
45889,train
45891,val
45894,train
45895,val
45898,train
45899,val
45900,train
45904,train
45905,val
45908,val
45910,train
45913,train
45914,val
45915,train
45916,val
45919,train
45920,val
45923,train
45924,val
45928,val
45929,train
45932,train
45934,val
45936,train
45938,val
45940,train
45941,val
45944,train
45945,val
45947,train
45950,val
45951,train
45952,val
45955,train
45957,val
45959,train
45962,val
45964,val
45965,train
45967,val
45968,train
45971,train
45973,val
45976,val
45978,train
45979,train
45980,val
45983,train
45986,val
45988,train
45990,val
45991,train
45992,val
45996,val
45998,train
46000,val
46002,train
46004,val
46006,train
46008,train
46009,val
46011,train
46013,val
46016,train
46018,val
46020,train
46022,val
46024,val
46025,train
46027,val
46028,train
46031,val
46033,train
46035,train
46037,val
46039,train
46041,val
46044,val
46045,train
46049,train
46050,val
46051,train
46054,val
46055,train
46057,val
46059,train
46061,val
46063,val
46064,train
46068,val
46069,train
46073,val
46074,train
46076,val
46077,train
46079,train
46082,val
46083,train
46086,val
46087,val
46091,val
46096,val
46100,val
46106,val
46109,val
46112,val
46117,val
102244,train
102247,train
102250,train
102255,train
102260,train
102264,train
102269,train
102271,train
102274,train
102281,train
102283,train
102288,train
102292,train
102296,train
102300,train
102305,train
102309,train
102313,train
102315,train
102319,train
102322,train
102329,train
102330,train
102334,train
102340,train
102344,train
102348,train
102352,train
102357,train
102358,train
102363,train
102367,train
102371,train
102375,train
102378,train
102385,train
102388,train
102390,train
102395,train
102400,train
102404,train
102409,train
102412,train
102415,train
102418,train
102424,train
102428,train
102430,train
102435,train
102438,train
102443,train
102446,train
102450,train
102457,train
102460,train
102464,train
102469,train
102471,train
102477,train
102480,train
102484,train
102488,train
102493,train
102496,train
102500,train
102505,train
102509,train
102510,train
102517,train
102518,train
102523,train
102526,train
102532,train
102536,train
102540,train
102542,train
102548,train
102552,train
102557,train
102558,train
102564,train
102566,train
102573,train
102577,train
102581,train
102584,train
102587,train
102591,train
156559,train
156564,train
156569,train
156572,train
156575,train
156580,train
156583,train
156588,train
156593,train
156595,val
156597,train
156600,train
156601,val
156602,train
156603,val
156606,train
156607,val
156611,train
156612,val
156616,val
156617,train
156619,val
156620,train
156624,train
156625,val
156627,train
156628,val
156630,train
156632,val
156636,val
156637,train
156639,train
156640,val
156642,train
156643,val
156646,val
156647,train
156652,train
156653,val
156654,val
156657,train
156658,val
156660,train
156663,val
156664,train
156668,val
156669,train
156671,train
156672,val
156675,val
156676,train
156678,val
156679,train
156682,train
156683,val
156686,train
156688,val
156691,val
156692,train
156694,train
156696,val
156699,train
156701,val
156703,train
156705,val
156707,train
156709,val
156710,train
156713,val
156714,train
156715,val
156720,val
156721,train
156724,val
156725,train
156726,val
156728,train
156730,train
156732,val
156735,val
156736,train
156738,val
156739,train
156744,train
156745,val
156746,train
156749,val
156750,val
156751,train
156755,val
156757,train
156758,val
156759,train
156763,val
156764,train
156767,val
156769,train
156770,val
156773,train
156775,val
156777,train
156778,train
156779,val
156782,train
156783,val
156787,val
156788,train
156792,train
156793,val
156795,val
156796,train
156799,train
156801,val
156802,train
156803,val
156806,val
156808,train
156811,train
156812,val
156816,val
156817,train
156818,val
156819,train
156823,val
156824,train
156827,train
156828,val
156830,train
156831,val
156834,val
156835,train
156838,val
156839,train
156842,train
156845,val
156847,train
156849,val
156850,val
156853,train
156854,train
156855,val
156860,val
156861,train
156862,val
156863,train
156867,val
156869,train
156870,val
156871,train
156874,train
156877,val
156879,val
156881,train
156882,val
156883,train
156886,val
156889,train
156891,val
156895,val
156900,val
156905,val
206342,train
206345,train
206347,train
206348,train
206351,train
206353,train
206355,train
206357,train
206359,train
206361,train
206363,train
206364,train
206367,train
206368,train
206370,train
206372,train
206375,train
206377,train
206379,train
206381,train
206383,train
206384,train
206386,train
206388,train
206390,train
206392,train
206395,train
206396,train
206398,train
206400,train
206402,train
206405,train
206406,train
206408,train
206410,train
206412,train
206415,train
206416,train
206419,train
206421,train
206423,train
206425,train
195041,train
17638,train
131179,val
131204,val
93357,train
131064,val
105969,train
117420,val
17674,train
195039,train
68325,val
130328,train
17610,train
172159,train
195053,train
80414,train
80351,train
68384,train
93343,train
201454,train
201308,train
131189,val
81992,train
172847,train
80454,train
67896,train
179145,train
130271,val
105973,train
1579,train
201646,train
31268,train
130337,train
18165,train
81721,train
131083,val
194719,train
18146,train
172130,train
68368,train
48859,val
48864,val
48867,val
48868,train
48872,val
48874,train
48877,val
48878,train
48882,train
48886,train
48890,train
48894,train
48897,train
48898,val
48900,val
48902,train
48904,val
48906,train
48907,train
48913,train
48956,train
48961,train
48966,train
48970,train
48974,train
48977,train
48980,train
48985,train
48989,train
48994,train
48997,train
49002,train
49006,train
49008,train
49012,train
49015,train
49020,train
49025,train
49028,train
49032,train
49036,train
49040,train
49044,train
49047,train
49054,train
49055,train
49059,train
49636,val
49640,val
49644,val
49650,val
49653,val
49656,val
49661,val
49666,val
49669,val
49672,val
49675,val
49680,val
49871,val
144962,train
144969,train
145285,train
145286,train
145287,train
145292,train
145293,train
145295,train
145296,train
145298,train
145301,train
145305,train
145335,train
145341,train
145342,train
145346,train
145352,train
145355,train
145357,train
145358,train
145359,train
145362,train
145364,train
145367,train
145369,train
145372,train
145373,train
145374,train
145375,train
145380,train
145381,train
145384,train
145385,train
145387,train
145389,train
145390,train
145393,train
145395,train
145396,train
145398,train
145399,train
145402,train
145405,train
145406,train
145408,train
145410,train
145411,train
145415,train
145416,train
145419,train
145420,train
145424,train
145425,train
145426,train
145429,train
145430,train
145432,train
145434,train
145437,train
145439,train
145441,train
145442,train
145445,train
145446,train
145449,train
145450,train
145453,train
145456,train
145457,train
145458,train
145459,train
145462,train
145464,train
145468,train
145472,train
145477,train
145481,train
145484,train
145489,train
145493,train
145495,train
145984,train
145988,train
145992,train
145996,train
146001,train
146002,train
146006,train
146008,train
146010,train
146013,train
146016,train
146017,train
146018,train
146021,train
146023,train
146025,train
146026,train
146029,train
146032,train
146033,train
146034,train
146036,train
146038,train
146040,train
146042,train
146043,train
146046,train
146047,train
146051,train
146056,train
158836,train
158840,train
158843,train
158848,train
159078,train
159083,train
159086,train
159088,train
159090,train
159092,train
159094,train
159095,train
159099,train
159102,train
159134,train
159138,train
159145,train
159148,train
159150,train
159154,train
159155,train
159158,train
159161,train
159163,train
159164,train
159166,train
159169,train
159170,train
159172,train
159174,train
159177,train
159180,train
159181,train
159184,train
159185,train
159187,train
159188,train
159192,train
159193,train
159196,train
159197,train
159199,train
159201,train
159204,train
159205,train
159207,train
159208,train
159210,train
159212,train
159214,train
159215,train
159218,train
159220,train
159222,train
159225,train
159227,train
159229,train
159232,train
159233,train
159234,train
159236,train
159238,train
159239,train
159242,train
159243,train
159247,train
159248,train
159251,train
159253,train
159254,train
159255,train
159258,train
159260,train
159262,train
159265,train
159266,train
159267,train
159270,train
159275,train
159279,train
159285,train
159289,train
159290,train
159295,train
159298,train
159305,train
159307,train
159311,train
159317,train
159319,train
159322,train
159329,train
159331,train
159335,train
159338,train
159342,train
159346,train
159350,train
159355,train
159360,train
159365,train
159368,train
159373,train
159376,train
159380,train
159385,train
159387,train
159391,train
159397,train
159401,train
159405,train
159408,train
159412,train
159414,train
159421,train
159423,train
159427,train
159433,train
159435,train
159439,train
159444,train
159790,train
159796,train
159799,train
159802,train
159806,train
159810,train
159813,train
159815,train
159817,train
159818,train
159820,train
159823,train
159825,train
159827,train
159828,train
159830,train
159832,train
159834,train
159837,train
159839,train
159840,train
159845,train
159847,train
159850,train
159854,train
159859,train
159863,train
159866,train
159870,train
159874,train
160221,train
161304,train
161307,train
161312,train
161315,train
161316,val
161319,val
161321,train
161323,train
161324,val
161327,val
161329,train
161330,val
161332,train
161334,val
161336,train
161339,train
161340,val
161342,val
161345,train
161347,train
161348,val
161350,val
161351,train
161354,val
161357,train
161358,val
161360,train
161363,train
161364,val
161366,train
161368,val
161371,train
161372,val
161375,val
161377,train
161380,train
161381,val
161382,train
161384,val
161386,train
161388,val
161391,train
161392,val
161396,train
161397,val
161398,train
161400,val
161404,val
161405,train
161406,val
161409,train
161410,train
161412,val
161414,val
161417,train
161419,val
161421,train
161424,val
161425,train
161427,val
161428,train
161430,train
161432,val
161434,train
161437,val
161440,val
161441,train
161442,train
161444,val
161446,train
161449,val
161452,val
161453,train
161454,train
161455,val
161458,val
161459,train
161463,train
161465,val
161466,val
161472,val
161477,val
161478,val
161484,val
161488,val
161490,val
161494,val
161499,val
161503,val
161507,val
161513,val
161515,val
161521,val
161523,val
161527,val
161533,val
161535,val
161539,train
161540,val
161544,val
161545,train
161548,train
161549,val
161551,val
161553,train
161554,val
161557,train
161558,val
161561,train
161563,train
161564,val
161566,val
161569,train
161571,train
161573,val
161574,val
161576,train
161578,val
161579,train
161584,train
161585,val
161587,val
161588,train
161593,train
161597,train
161600,train
161604,train
161608,train
161612,train
161614,train
161619,train
161622,train
161627,train
161633,train
161635,train
161641,train
161642,train
161646,train
161651,train
161654,train
161660,train
161665,train
161668,train
161670,train
161677,train
161680,train
161683,train
163258,train
163262,train
163268,train
163273,train
163274,train
163279,train
163282,train
163288,train
163292,train
88236,train
113138,val
113160,val
88380,train
88485,train
88248,train
113146,val
88483,train
88270,train
88235,train
113303,val
88282,train
113306,val
88494,train
113170,val
113182,val
88275,train
88243,train
113143,val
113155,val
113185,val
88371,train
113190,val
113133,val
88252,train
113178,val
88284,train
88475,train
88266,train
88278,train
113194,val
113162,val
113294,val
113150,val
113175,val
113166,val
113297,val
88375,train
88471,train
41242,train
41243,train
41250,train
41252,train
41255,train
41260,train
41263,train
41267,train
41272,train
41276,train
41282,train
41284,train
41289,train
41294,train
41297,train
41301,train
41303,train
41310,train
41313,train
41316,train
41319,train
41458,train
41460,train
41466,train
41467,train
41472,train
41475,train
41479,train
205683,train
205685,train
205687,train
205688,train
87941,val
25317,train
87926,val
75049,train
24999,train
25615,train
10488,val
75005,train
25064,train
25112,train
24895,train
10952,val
10826,train
24923,train
10997,val
11296,val
11118,val
99381,train
74863,val
99648,train
11021,val
99353,val
74846,train
10857,val
99533,val
99417,train
99464,train
25392,train
99622,val
11177,train
112727,val
112669,train
99396,train
10661,train
74791,val
74922,train
99591,val
87824,val
40707,train
40710,train
40711,train
40713,train
40716,train
40717,train
40720,train
40721,train
40723,train
40724,train
40727,train
40729,train
40732,train
40734,train
40737,train
40738,train
40739,train
40741,train
40743,train
40746,train
40747,train
40748,train
40753,train
40754,train
40757,train
40758,train
40759,train
40760,train
40764,train
40765,train
40768,train
40770,train
40772,train
40773,train
40776,train
40778,train
40780,train
40781,train
40783,train
40785,train
40789,train
40790,train
40791,train
40792,train
40795,train
40796,train
40801,train
40802,train
40805,train
40806,train
40807,train
40810,train
40812,train
40814,train
40816,train
40817,train
40821,train
40822,train
40824,train
40826,train
40827,train
40829,train
40831,train
40834,train
40835,train
40836,train
40841,train
40842,train
40844,train
40845,train
40847,train
40850,train
40851,train
40852,train
40855,train
40857,train
40861,train
40862,train
40865,train
40866,train
40867,train
40869,train
40871,train
40873,train
40875,train
40876,train
40879,train
40880,train
40885,train
40886,train
40888,train
40889,train
40892,train
40894,train
40895,train
40897,train
40900,train
40902,train
40904,train
40906,train
40907,train
40909,train
40911,train
40914,train
40915,train
40916,train
40921,train
40922,train
40923,train
40924,train
40928,train
40930,train
40933,train
40934,train
40936,train
40938,train
40939,train
40940,train
40945,train
40946,train
40947,train
40950,train
40952,train
40953,train
40956,train
40958,train
40959,train
40960,train
40965,train
40966,train
40968,train
40969,train
40972,train
40973,train
40976,train
40977,train
40979,train
40981,train
40985,train
40986,train
40987,train
40988,train
40993,train
40994,train
40997,train
40998,train
40999,train
41005,train
41008,train
41012,train
41017,train
57017,train
57018,train
57022,train
57024,val
57027,train
57028,val
57032,train
57033,val
57034,val
57036,train
57038,train
57039,val
57042,val
57044,train
57047,train
57049,val
57050,val
57052,train
57056,train
57057,val
57059,train
57061,val
57063,train
57065,val
57066,train
57069,val
57072,val
57073,train
57075,train
57076,val
57079,val
57081,train
57082,val
57085,train
57086,train
57088,val
57090,train
57092,val
57096,val
57097,train
57098,train
57101,val
57104,train
57105,val
57108,train
57109,val
57111,train
57113,val
57114,train
57117,val
57119,train
57120,val
57122,train
57125,val
57128,train
57129,val
57130,val
57133,train
57135,val
57136,train
57140,train
57141,val
57143,train
57145,val
57146,train
57148,val
57150,val
57151,train
57156,val
57157,train
57159,train
57160,val
57163,train
57164,val
57166,train
57167,val
57170,val
57173,train
57175,train
57176,val
57180,val
57181,train
57183,val
57184,train
57186,val
57188,train
57192,train
57193,val
57195,val
57197,train
57198,train
57201,val
57203,val
57205,train
57206,val
57208,train
57211,val
57214,val
57218,val
57222,val
57229,val
57233,val
57235,val
57238,val
57242,val
57249,val
57253,val
57257,val
57260,val
57265,val
57269,val
57272,val
57276,val
57280,val
57284,val
57286,val
57289,val
57293,val
57296,val
57299,val
57302,val
57305,val
57307,val
57312,val
57313,val
57316,val
57321,val
57324,val
57325,val
57328,val
57333,val
57334,val
57338,val
57341,val
57345,val
57346,val
57350,val
57354,val
57356,val
57360,val
57362,val
57364,val
57367,val
57372,val
57373,val
57377,val
57379,val
57383,val
57386,val
57389,val
57393,val
57396,val
57398,val
57402,val
57404,val
57406,val
57409,val
57412,val
57417,val
57418,val
57421,val
57424,val
57427,val
57432,val
57435,val
57438,val
57440,val
57442,val
99933,train
99936,train
99941,train
99942,train
99949,train
99953,train
99957,train
99960,train
99964,train
99969,train
99971,train
99977,train
99978,train
99982,train
99989,train
99991,train
99994,train
99998,train
100005,train
100009,train
100013,train
100016,train
100018,train
100022,train
100029,train
100031,train
100036,train
100040,train
100044,train
100048,train
100053,train
100055,train
100061,train
100065,train
100069,train
100072,train
100074,train
100080,train
100082,train
100088,train
100092,train
100094,train
100100,train
100103,train
100106,train
100111,train
100114,train
100119,train
100123,train
100128,train
100130,train
100135,train
100139,train
100142,train
100146,train
100150,train
100155,train
100160,train
100164,train
100166,train
100170,train
100175,train
100180,train
100184,train
100186,train
100193,train
100197,train
100201,train
100202,train
100209,train
100210,train
100216,train
100219,train
100224,train
100227,train
100231,train
100234,train
100239,train
100242,train
100247,train
100252,train
100257,train
100258,train
100265,train
100269,train
100270,train
100276,train
100279,train
100282,train
100286,train
100293,train
100295,train
100300,train
100305,train
100309,train
61104,train
75322,train
62281,train
62286,train
62770,train
11320,val
11463,train
75415,train
63036,train
88512,val
62510,train
62362,train
61901,train
63224,train
62556,train
88346,val
62792,train
62789,train
61445,train
25698,train
113164,train
62872,train
61695,train
11855,train
62191,train
60337,train
113473,train
60389,train
62953,train
61519,train
25898,train
61171,train
60846,train
63079,train
62923,train
62019,train
62076,train
11634,train
60836,train
25734,train
41020,train
41026,train
41029,train
41033,train
41035,train
41039,train
41044,train
41050,train
41052,train
41058,train
41061,train
41063,train
41069,train
41073,train
41075,train
41079,train
41085,train
41090,train
41093,train
41098,train
41100,train
41104,train
41109,train
41113,train
41115,train
41119,train
41124,train
41127,train
41132,train
41136,train
41141,train
41145,train
41147,train
41151,train
41158,train
41162,train
41163,train
41170,train
41173,train
41176,train
41179,train
41186,train
41189,train
41191,train
41196,train
41201,train
41203,train
41208,train
41211,train
41215,train
41219,train
41224,train
41229,train
41231,train
41238,train
41240,train
41245,train
41248,train
41253,train
41256,train
41259,train
41266,train
41270,train
41271,train
41278,train
41279,train
41286,train
41288,train
41292,train
41298,train
41300,train
41306,train
41309,train
41311,train
41317,train
41322,train
41326,train
41330,train
41334,train
41338,train
41340,train
41344,train
41348,train
41354,train
41358,train
41362,train
41363,train
41367,train
41371,train
41377,train
41382,train
41386,train
41390,train
41394,train
41398,train
41401,train
41404,train
41409,train
41412,train
41418,train
41422,train
41426,train
41429,train
41432,train
41436,train
41439,train
41445,train
41449,train
41453,train
41457,train
41461,train
41465,train
41468,train
41471,train
41476,train
41481,train
41486,train
41488,train
41491,train
41495,train
41500,train
41503,train
41510,train
41514,train
41518,train
41581,train
41584,train
41589,train
41593,train
41596,train
41598,train
41599,train
41600,train
41603,train
41604,train
41607,train
41610,train
41613,train
41614,train
41616,train
41618,train
41619,train
41620,train
41624,train
41626,train
41629,train
41630,train
41632,train
41634,train
41635,train
41636,train
41639,train
41642,train
41644,train
41646,train
41647,train
41650,train
41653,train
41654,train
41656,train
41658,train
41660,train
41661,train
41664,train
41665,train
41669,train
41670,train
41672,train
41673,train
41677,train
41678,train
57447,val
57449,val
57451,val
57455,val
57457,val
57460,val
57463,val
57468,val
57469,val
57472,val
57476,val
57479,val
57482,val
57485,val
57488,val
57491,val
57493,val
57496,val
57500,val
57502,val
57507,val
57508,val
57513,val
57514,val
57517,val
57522,val
57523,val
57528,val
57531,val
57533,val
57536,val
57538,val
57541,val
57544,val
57548,val
57551,val
57554,val
57558,val
57559,val
57562,val
57565,val
57569,val
57571,val
57575,val
57578,val
57582,val
57584,val
57588,val
57589,val
57592,val
57595,val
57598,val
57601,val
57605,val
57608,val
57610,val
57615,val
57617,val
57620,val
57624,val
57627,val
57630,val
57633,val
57636,val
57639,val
57642,val
57645,val
57646,val
57651,val
57654,val
57656,val
57659,val
57662,val
57665,val
57668,val
57672,val
57673,val
57676,val
57680,val
57684,val
57686,val
57689,val
57691,val
57695,val
57699,val
57701,val
57703,val
57706,val
57709,val
57712,val
57717,val
57718,val
57721,train
57723,val
57725,train
57726,val
57728,train
57729,val
57730,val
57731,train
57733,val
57735,train
57736,val
57738,train
57739,val
57741,train
57742,val
57744,train
57745,val
57747,train
57749,val
57750,train
57751,train
57752,val
57754,train
57756,val
57757,train
57759,val
57761,val
57762,train
57764,val
57765,train
57767,val
57768,train
57769,val
57770,train
57772,train
57774,val
57776,train
57777,val
57779,val
57780,train
57781,train
57782,val
57784,val
57786,train
57787,val
57789,train
57790,val
57792,train
57793,val
57795,train
57796,train
57798,val
57799,train
57801,val
57802,val
57804,train
57805,val
57806,train
57808,val
57809,train
57811,train
57813,val
57815,train
57816,val
57818,train
57819,val
57821,train
57822,val
57824,val
57825,train
57826,val
57828,train
57829,train
57830,val
57832,train
57834,val
57835,train
57836,val
57839,val
57840,train
57841,val
57842,train
57844,val
57845,train
57847,val
57848,train
57851,train
57852,val
57854,train
57855,val
57856,train
57858,val
57860,train
57861,val
57863,val
57864,train
57865,train
57866,val
57868,val
57870,train
57872,val
57873,train
57874,train
57875,val
57877,val
57878,train
57880,val
57882,train
57883,val
57885,train
57886,val
57888,train
57889,train
57890,val
57892,val
57894,train
57896,train
57897,val
57898,train
57899,val
57901,train
57903,val
57904,train
57906,val
57907,val
57909,train
57911,val
57912,train
57913,val
57914,train
57917,train
57918,val
57920,val
57921,train
57922,val
57924,train
57926,train
57927,val
57929,train
57930,val
57932,train
57933,val
57934,train
57936,val
57938,train
57939,val
57940,train
57942,val
57944,train
57945,val
57946,val
57948,train
57949,val
57951,train
57952,val
57953,train
57955,train
57957,val
57958,val
57959,train
57961,train
57962,val
57964,val
57966,train
57967,val
57968,train
57970,val
57971,train
57973,val
57974,train
57977,val
57978,train
57979,train
57980,val
57983,val
57984,train
57985,val
57987,train
57989,val
57990,train
57991,val
57992,train
57994,val
57995,train
57998,val
57999,train
58001,val
58002,train
58004,val
58005,train
58006,val
58008,train
58009,val
58011,train
58012,train
58013,val
58015,train
58017,val
58018,train
58020,val
58021,train
58023,val
58025,val
58026,train
58027,val
58028,train
58031,val
58032,train
58034,val
58035,train
58036,val
58037,train
58039,train
58040,val
58042,train
58044,val
58046,val
58047,train
58049,train
58050,val
58051,train
58052,val
58055,train
58056,val
58057,val
58059,train
58061,val
58062,train
58063,train
58065,val
58066,val
58067,train
58069,val
58071,train
58073,val
58074,train
58075,val
58076,train
58078,val
58080,train
58081,val
58083,train
58084,train
58085,val
58088,val
58089,train
58090,val
58091,train
58094,val
58095,train
58097,train
58098,val
58099,val
58100,train
58102,train
58103,val
58105,train
58106,val
58108,val
58110,train
58111,val
58112,train
58114,train
58116,val
58117,train
58119,val
58120,train
58121,val
58123,train
58125,val
58127,train
58128,val
58130,train
58131,val
58133,train
58134,val
58135,train
58137,val
58138,train
58140,val
58142,val
58143,train
58145,train
58146,val
58147,train
58149,val
58151,val
58152,train
58153,val
58155,train
58157,val
58158,train
58160,train
58161,val
58162,train
58163,val
58165,val
58166,train
58168,train
58169,val
58172,val
58173,train
58175,val
58176,train
58177,train
58178,val
58180,train
58182,val
58183,train
58185,val
58187,train
58188,val
58189,train
58191,val
58192,val
58193,train
58196,train
58197,val
58199,val
58200,train
58201,val
58202,train
58204,train
58205,val
58207,train
58208,val
58210,val
58212,train
58214,train
58215,val
58217,train
58218,val
58219,train
58221,val
58223,val
58224,train
58226,train
58227,val
58229,train
58230,val
58232,val
58233,train
58234,val
58236,train
58238,train
58239,val
58240,train
58242,val
58243,val
58244,train
58247,val
58248,train
58249,train
58250,val
58252,train
58254,val
58255,train
58256,val
58258,train
58259,val
58261,train
58263,val
58264,train
58265,val
58267,train
58268,val
58270,train
58271,val
58273,val
58275,train
58276,train
58278,val
58279,val
58281,train
58282,val
58284,train
58285,val
58286,train
58288,train
58290,val
58291,val
58293,train
58294,train
58296,val
58298,val
58299,train
58300,val
58302,train
58303,train
58305,val
58306,train
58307,val
58309,val
58311,train
58312,val
58314,train
58316,train
58317,val
58319,val
58320,train
58322,val
58323,train
58325,train
58326,val
58327,val
58328,train
58331,val
58332,train
58333,val
58334,train
58336,val
58337,train
58339,train
58340,val
58342,val
58344,train
58346,val
58347,train
58349,val
58350,train
58351,val
58353,train
58355,val
58356,train
58357,train
58359,val
58360,val
58362,train
58363,val
58365,train
58366,val
58367,train
58369,train
58371,val
58372,train
58374,val
58376,val
58377,train
58378,train
58380,val
58382,train
58383,val
58384,val
58386,train
58387,val
58389,train
58390,train
58391,val
58394,train
58395,val
58396,train
58398,val
58399,train
58400,val
58403,train
58404,val
58406,train
58407,val
58409,train
58410,val
58412,train
58413,val
58414,train
58415,val
58417,train
58419,val
58420,val
58421,train
58423,val
58424,train
58426,val
58427,train
58429,val
58430,train
58433,val
58434,train
58435,train
58437,val
58438,val
58439,train
58442,val
58443,train
58445,val
58446,train
58447,train
58449,val
58450,val
58451,train
58453,val
58455,train
58457,train
58458,val
58460,train
58461,val
58462,train
58464,val
58466,train
58467,val
58469,train
58470,val
58471,val
58472,train
58474,val
58475,train
58477,val
58479,train
58481,val
58482,train
58484,val
58485,train
58487,val
58488,train
58490,val
58491,train
58493,train
58494,val
58495,val
58496,train
58499,val
58500,train
58501,train
58503,val
58505,train
58506,val
58507,train
58508,val
58510,train
58512,val
58513,train
58514,val
58516,val
58517,train
58520,val
58521,train
58522,train
58523,val
58525,train
58527,val
58529,train
58530,val
58532,val
58533,train
58535,train
58536,val
58538,train
58539,val
58540,train
58541,val
58544,train
58545,val
58547,train
58548,val
58550,val
58551,train
58553,val
58554,train
58555,train
58557,val
58558,val
58559,train
58562,train
58563,val
58564,val
58565,train
58568,val
58569,train
58570,val
58571,train
58573,val
58575,train
58576,val
58578,train
58579,train
58581,val
58582,train
58584,val
58585,val
58586,train
58588,val
58589,train
58591,train
58592,val
58594,train
58595,val
58597,val
58598,train
58600,val
58601,train
58603,val
58605,train
58607,val
58608,train
58609,train
58611,val
58613,train
58614,val
58615,train
58617,val
58618,val
58620,train
58621,val
58623,train
58624,train
58626,val
58628,train
58629,val
58630,train
58631,val
58634,val
58635,train
58636,train
58639,val
58640,val
58643,train
58644,train
58645,val
58649,train
58650,val
58654,val
58655,train
58657,train
58658,val
58661,train
58663,val
58664,val
58667,train
58669,train
58671,val
58673,val
58675,train
58676,val
58679,train
58682,val
58683,train
58684,val
58687,train
58688,val
58691,train
58694,val
58695,train
58697,val
58698,train
58700,train
58702,val
58705,train
58706,val
58709,train
58711,val
58712,val
58713,train
58716,train
58718,val
58722,val
58723,train
58726,train
58727,val
58729,train
58730,val
58732,val
58733,train
58736,val
58738,train
58741,val
58742,train
58746,val
58747,train
58750,train
58751,val
58752,train
58754,val
58756,train
58757,val
58760,val
58763,train
58765,train
58766,val
58768,train
58770,val
58772,train
58774,val
58776,train
58779,val
58780,train
58782,val
58785,val
58786,train
58789,val
58790,train
58792,train
58795,val
58797,train
58799,val
58800,val
58801,train
58804,train
58807,val
58809,train
58811,val
58812,train
58815,val
58817,train
58819,val
58821,val
58823,train
58825,val
58826,train
58828,train
58829,val
58833,val
58834,train
58838,val
58839,train
58840,val
58843,train
58846,train
58847,val
58848,train
58850,val
58852,val
58854,train
58856,train
58858,val
58862,train
58863,val
58864,train
58866,val
58869,val
58870,train
58873,val
58874,train
58877,val
58879,train
58881,val
58883,train
58884,train
58887,val
58889,val
58891,train
58892,train
58893,val
58896,val
58898,train
58900,train
58902,val
58904,val
58907,train
58908,val
58911,train
58913,val
58914,train
58916,val
58917,train
58922,train
58923,val
58925,train
58926,val
58929,val
58930,train
58932,train
58934,val
58936,val
58939,train
58941,val
58943,train
58945,val
58947,train
58948,val
58949,train
58953,train
58954,val
58956,val
58958,train
58960,val
58961,train
58964,train
58967,val
58968,val
58971,train
58974,train
58975,val
58978,train
58979,val
58980,val
58981,train
58986,val
58987,train
58989,val
58990,train
58994,val
58995,train
58998,train
58999,val
59001,train
59002,val
59004,train
59006,val
59009,train
59010,val
59012,train
59014,val
59016,val
59017,train
59020,train
59022,val
59024,train
59027,val
59028,train
59030,val
59034,val
59035,train
59037,val
59038,train
59041,val
59042,train
59044,train
59046,val
59048,train
59049,val
59053,val
59055,train
59056,val
59057,train
59060,val
59063,train
59064,train
59065,val
59068,train
59071,val
59073,val
59075,train
59077,val
59078,train
59080,val
59081,train
59084,val
59085,train
59089,train
59090,val
59093,val
59095,train
59097,val
59099,train
59100,val
59102,train
59104,train
59105,val
59109,val
59111,train
59112,val
59113,train
59118,val
59119,train
59121,train
59123,val
59124,val
59127,train
59128,train
59129,val
59133,train
59134,val
59137,val
59139,train
59140,val
59141,train
59144,val
59146,train
59149,val
59150,train
59153,val
59154,train
59157,train
59158,val
59160,val
59163,train
59164,train
59166,val
59169,train
59170,val
59172,train
59175,val
59176,val
59179,train
59180,val
59182,train
59185,train
59187,val
59189,train
59190,val
59192,train
59195,val
59196,val
59199,train
59202,train
59203,val
59205,val
59206,train
59208,val
59210,train
59214,val
59215,train
59216,train
59217,val
59221,train
59223,val
59224,val
59226,train
59228,train
59231,val
59234,train
59235,val
59237,val
59238,train
59241,train
59243,val
59245,train
59246,val
59248,train
59250,val
59253,val
59254,train
59257,val
59259,train
59262,val
59263,train
59264,train
59266,val
59268,train
59271,val
59273,train
59274,val
59278,val
59279,train
59280,val
59283,train
59286,val
59287,train
59288,val
59291,train
59294,val
59295,train
59296,val
59298,train
59301,val
59302,train
59304,train
59307,val
59309,train
59311,val
59313,val
59315,train
59317,train
59318,val
59322,val
59323,train
59326,train
59327,val
59329,val
59331,train
59332,train
59333,val
59336,train
59338,val
59341,train
59343,val
59345,val
59346,train
59349,val
59350,train
59352,train
59354,val
59357,val
59358,train
59361,val
59363,train
59365,val
59366,train
59369,val
59370,train
59372,train
59373,val
59377,val
59378,train
59380,val
59382,train
59385,train
59387,val
59389,train
59390,val
59393,val
59394,train
59398,val
59399,train
59400,train
59403,val
59404,train
59405,val
59409,val
59411,train
59414,val
59415,train
59416,val
59417,train
59421,val
59422,train
59424,val
59427,train
59428,train
59429,val
59433,val
59434,train
59437,train
59438,val
59441,train
59443,val
59445,val
59447,train
59449,val
59450,train
59452,val
59454,train
59457,val
59459,train
59461,val
59463,train
59464,train
59467,val
59468,val
59471,train
59473,val
59474,train
59476,val
59478,train
59480,val
59481,train
59484,val
59486,train
59490,val
59491,train
59492,val
59495,train
59496,train
59497,val
59500,train
59503,val
59504,train
59506,val
59509,train
59510,val
59514,val
59515,train
59517,val
100313,train
100315,train
100318,train
100324,train
100328,train
100333,train
100337,train
100341,train
100344,train
100348,train
100350,train
100357,train
100360,train
100362,train
100369,train
100371,train
100374,train
100380,train
100384,train
100388,train
100390,train
100397,train
100400,train
100402,train
100406,train
100410,train
100415,train
100419,train
100423,train
100428,train
100432,train
100434,train
100439,train
100445,train
100447,train
100453,train
100457,train
100458,train
100463,train
100466,train
100470,train
100474,train
100478,train
100484,train
100488,train
100492,train
100496,train
100500,train
100502,train
100508,train
100511,train
100514,train
100520,train
100524,train
100526,train
100532,train
100534,train
100536,train
100539,train
100540,train
100622,train
100625,train
100626,train
100629,train
100631,train
100632,train
100636,train
100637,train
100639,train
100640,train
100642,train
100644,train
100648,train
100649,train
100651,train
100653,train
100654,train
100657,train
100659,train
100661,train
100662,train
100665,train
100668,train
100669,train
100671,train
100672,train
100675,train
100676,train
100678,train
100681,train
100684,train
100685,train
100686,train
100687,train
100691,train
100692,train
100694,train
100696,train
100698,train
100700,train
100702,train
100703,train
100706,train
100707,train
100710,train
100712,train
100715,train
100717,train
100718,train
100721,train
100722,train
100725,train
100727,train
100728,train
100731,train
100732,train
100734,train
100737,train
100738,train
100741,train
100744,train
100745,train
100746,train
100748,train
100751,train
100752,train
100754,train
100755,train
100759,train
100760,train
100763,train
100765,train
100767,train
100768,train
100771,train
100772,train
100774,train
100776,train
100778,train
100779,train
100783,train
100784,train
100786,train
100788,train
100790,train
100792,train
100795,train
100796,train
100798,train
100801,train
100802,train
100803,train
100806,train
100809,train
100812,train
100814,train
100819,train
100822,train
100860,train
100862,train
100868,train
100870,train
100876,train
100877,train
100880,train
100881,train
100883,train
100885,train
100887,train
100889,train
100890,train
100892,train
100894,train
100896,train
100899,train
100900,train
100903,train
100904,train
100906,train
100907,train
100910,train
100911,train
100916,train
100917,train
100918,train
100920,train
100922,train
100924,train
100927,train
100929,train
100930,train
100933,train
100934,train
100936,train
100938,train
100941,train
100942,train
100944,train
100946,train
100947,train
100950,train
100953,train
100954,train
100957,train
100959,train
100961,train
100963,train
100965,train
100967,train
100969,train
100971,train
100972,train
100974,train
100976,train
100978,train
100979,train
100984,train
100985,train
100986,train
100988,train
100990,train
100992,train
100994,train
100995,train
100998,train
100999,train
101002,train
101005,train
101009,train
101012,train
101014,train
101018,train
101024,train
101026,train
139505,val
199270,val
139516,train
125679,train
177126,train
139675,val
139820,val
139666,val
139558,train
199368,val
167594,train
199290,val
139522,val
199258,val
167585,train
171717,train
177209,train
171841,train
139530,val
171963,train
171748,train
139486,train
171914,train
171814,train
177200,train
139678,val
139583,val
177211,train
177116,train
167580,train
171592,train
199525,val
139664,val
199304,val
171722,train
139509,val
139524,train
171697,train
171903,train
139481,val
154357,val
154358,val
154362,val
154366,val
154369,val
154372,val
154373,val
154374,val
154376,val
154378,val
154380,val
154383,val
154385,val
154386,val
154387,val
154390,val
154392,val
154394,val
154397,val
154398,val
154402,val
154407,val
154411,val
154414,val
154421,val
154425,val
154483,val
154484,val
154486,val
154488,val
154491,val
154492,val
154494,val
154495,val
154499,val
154501,val
154505,val
154509,val
154513,val
154514,val
154518,val
154581,val
154582,val
154588,val
154592,val
154594,val
154598,val
154601,val
154603,val
154604,val
154606,val
154607,val
154611,val
154613,val
154615,val
154616,val
154618,val
154620,val
154623,val
154625,val
154628,val
154631,val
205728,train
205731,train
205732,train
205734,train
205737,train
205739,train
205740,train
205743,train
205744,train
205746,train
205749,train
205750,train
205753,train
205754,train
205757,train
205758,train
205760,train
205762,train
205765,train
205766,train
205769,train
205770,train
205773,train
205774,train
205804,train
205807,train
205809,train
205810,train
205812,train
205815,train
205856,train
205858,train
205861,train
205863,train
205865,train
205867,train
205869,train
194237,train
91963,train
91967,train
116512,val
66984,train
171019,train
200976,train
66912,train
103960,train
91755,train
178420,train
116411,val
91894,train
103921,train
103972,train
178390,train
103923,train
79667,train
129334,train
116460,val
30245,train
79589,train
79675,train
91881,train
66853,train
129319,train
178385,train
116476,val
171117,train
79688,train
129291,train
200926,train
129388,train
91885,train
104035,train
79584,train
79663,train
129412,train
103945,train
194235,train
47933,val
47938,val
47940,val
47944,val
47948,val
47951,val
47955,val
47961,val
47966,val
47968,val
47972,val
47976,val
47980,val
47986,val
47990,val
47993,val
47997,val
48001,val
48005,val
48010,val
48013,val
48018,val
48022,val
48026,val
48030,val
48031,val
48035,val
48039,val
48043,val
48047,val
48052,val
48056,val
48059,val
48065,val
48070,val
48072,val
48078,val
48081,val
48086,val
48090,val
48092,val
48097,val
144005,train
144009,train
144010,train
144013,train
144016,train
144017,train
144019,train
144021,train
144023,train
144025,train
144028,train
144029,train
144031,train
144033,train
144035,train
144036,train
144039,train
144041,train
144042,train
144045,train
144047,train
144048,train
144051,train
144052,train
144054,train
144057,train
144058,train
144061,train
144063,train
144065,train
144066,train
144068,train
144070,train
144072,train
144076,train
144077,train
144080,train
144081,train
144083,train
144085,train
144086,train
144088,train
144092,train
144093,train
144095,train
144096,train
144098,train
144099,train
144102,train
144105,train
144108,train
144109,train
144111,train
144112,train
144116,train
144117,train
144119,train
144121,train
144122,train
144125,train
144126,train
144128,train
144131,train
144132,train
144134,train
144136,train
144139,train
144140,train
144142,train
144145,train
144147,train
144148,train
144151,train
144152,train
144154,train
144155,train
144159,train
144160,train
144164,train
144165,train
144166,train
144169,train
144171,train
144172,train
144175,train
144176,train
144179,train
144180,train
144182,train
144184,train
144188,train
144189,train
144193,train
144197,train
144198,train
144205,train
158152,train
158155,train
158157,train
158158,train
158160,train
158162,train
158163,train
158167,train
158168,train
158172,train
158173,train
158176,train
158177,train
158180,train
158181,train
158182,train
158185,train
158186,train
158189,train
158191,train
158193,train
158194,train
158196,train
158198,train
158199,train
158203,train
158205,train
158206,train
158208,train
158210,train
158212,train
158214,train
158217,train
158219,train
158220,train
158222,train
158223,train
158226,train
158229,train
158230,train
158231,train
158234,train
158236,train
158240,train
158241,train
158242,train
158245,train
158246,train
158249,train
158250,train
158253,train
158254,train
158256,train
158259,train
158261,train
158262,train
158264,train
158267,train
158268,train
158271,train
158272,train
158274,train
158276,train
158279,train
158280,train
158283,train
158285,train
158287,train
158289,train
158291,train
158293,train
158294,train
158297,train
158298,train
158301,train
158302,train
158304,train
158308,train
158309,train
158310,train
158312,train
158315,train
158317,train
158318,train
158319,train
158322,train
158326,train
158330,train
158334,train
158338,train
158344,train
170422,train
128959,train
79144,train
29954,train
79157,train
178346,train
128870,train
129032,train
129022,train
170671,train
116199,val
178226,train
91637,train
66540,train
200890,train
30055,train
29982,train
194030,train
79234,train
178252,train
128799,train
103893,train
178263,train
170699,train
29898,train
170482,train
79489,train
200836,train
116270,val
116291,val
170985,train
116345,val
194055,train
178241,train
66666,train
128900,train
128931,train
200832,train
79374,train
79290,train
47293,val
47297,val
47302,val
47305,val
47308,val
47311,val
47318,val
47321,val
47325,val
47327,val
47334,val
47336,val
47339,val
47343,val
47347,val
47354,val
47358,val
47359,val
47364,val
47367,val
47371,val
47376,val
47381,val
47384,val
47388,val
47393,val
47398,val
47400,val
47403,val
47407,val
47411,val
47415,val
47419,val
47424,val
47428,val
47433,val
47437,val
47439,val
47446,val
47448,val
47454,val
47455,val
47459,val
47465,val
47469,val
47472,val
47475,val
47481,val
47484,val
47490,val
47494,val
47496,val
47501,val
47504,val
47510,val
47514,val
47516,val
47520,val
47523,val
47527,val
47534,val
47538,val
47542,val
47545,val
47549,val
47553,val
47556,val
47562,val
47564,val
47569,val
47573,val
47577,val
47579,val
47585,val
47589,val
47591,val
47595,val
47602,val
47604,val
47607,val
47612,val
47618,val
47622,val
47626,val
47627,val
47633,val
47638,val
47642,val
47643,val
47647,val
47653,val
47657,val
47661,val
47666,val
47667,val
47671,val
47675,val
47679,val
47683,val
47687,val
47691,val
47699,val
47705,val
47707,val
47713,val
47716,val
47722,val
47725,val
47728,val
47732,val
47738,val
47739,val
47743,val
47749,val
47752,val
47756,val
47761,val
47764,val
47768,val
47774,val
47775,val
47779,val
47785,val
47788,val
47794,val
47798,val
47801,val
47803,val
47807,val
47811,val
47818,val
47820,val
47823,val
47830,val
47832,val
47835,val
47840,val
47844,val
47849,val
47854,val
47858,val
47859,val
47866,val
47868,val
47871,val
47878,val
47880,val
47885,val
47887,val
47891,val
47896,val
47901,val
47905,val
47909,val
47912,val
47918,val
47921,val
47925,val
47929,val
143480,train
143483,train
143487,train
143493,train
143496,train
143499,train
143503,train
143507,train
143513,train
143515,train
143518,train
143525,train
143526,train
143527,train
143532,train
143533,train
143534,train
143536,train
143538,train
143540,train
143543,train
143544,train
143546,train
143547,train
143550,train
143553,train
143554,train
143555,train
143560,train
143561,train
143562,train
143564,train
143567,train
143568,train
143570,train
143572,train
143574,train
143575,train
143579,train
143580,train
143583,train
143585,train
143586,train
143588,train
143591,train
143592,train
143595,train
143597,train
143600,train
143601,train
143602,train
143604,train
143607,train
143608,train
143611,train
143612,train
143614,train
143616,train
143620,train
143621,train
143622,train
143624,train
143626,train
143629,train
143632,train
143633,train
143634,train
143636,train
143639,train
143640,train
143643,train
143644,train
143648,train
143649,train
143650,train
143652,train
143656,train
143657,train
143659,train
143660,train
143663,train
143664,train
143668,train
143669,train
143671,train
143672,train
143674,train
143675,train
143678,train
143680,train
143682,train
143684,train
143686,train
143689,train
143692,train
143693,train
143695,train
143696,train
143699,train
143700,train
143703,train
143705,train
143706,train
143707,train
143711,train
143712,train
143714,train
143715,train
143718,train
143721,train
143723,train
143724,train
143726,train
143729,train
143731,train
143733,train
143734,train
143736,train
143739,train
143741,train
143744,train
143745,train
143746,train
143748,train
143750,train
143752,train
143756,train
143757,train
143758,train
143760,train
143762,train
143764,train
143766,train
143768,train
143770,train
143771,train
143775,train
143776,train
143780,train
143781,train
143782,train
143785,train
143788,train
143789,train
143790,train
143793,train
143794,train
143796,train
143798,train
143799,train
143802,train
143804,train
143808,train
143809,train
143811,train
143812,train
143814,train
143817,train
143819,train
143821,train
143822,train
143824,train
143826,train
143827,train
143830,train
143833,train
143834,train
143836,train
143838,train
143841,train
143842,train
143844,train
143847,train
143848,train
143851,train
143853,train
143855,train
143857,train
143858,train
143860,train
143862,train
143864,train
143868,train
143869,train
143870,train
143873,train
143875,train
143877,train
143880,train
143881,train
143883,train
143885,train
143888,train
143889,train
143890,train
143891,train
143895,train
143897,train
143899,train
143900,train
143902,train
143903,train
143906,train
143907,train
143910,train
143911,train
143914,train
143917,train
143919,train
143920,train
143923,train
143925,train
143926,train
143929,train
143931,train
143933,train
143934,train
143935,train
143940,train
143941,train
143942,train
143943,train
143946,train
143948,train
143950,train
143953,train
143954,train
143956,train
143959,train
143960,train
143964,train
143965,train
143967,train
143968,train
143972,train
143973,train
143975,train
143976,train
143978,train
143980,train
143983,train
143985,train
143986,train
143987,train
143990,train
143991,train
143995,train
143997,train
143998,train
144001,train
144003,train
144007,train
157856,train
157861,train
157864,train
157867,train
157868,train
157872,train
157873,train
157874,train
157876,train
157879,train
157880,train
157882,train
157883,train
157887,train
157888,train
157890,train
157893,train
157894,train
157897,train
157898,train
157901,train
157902,train
157903,train
157906,train
157909,train
157910,train
157912,train
157915,train
157916,train
157918,train
157920,train
157923,train
157925,train
157926,train
157929,train
157930,train
157932,train
157934,train
157936,train
157938,train
157941,train
157943,train
157945,train
157946,train
157948,train
157951,train
157952,train
157956,train
157957,train
157960,train
157961,train
157962,train
157965,train
157966,train
157968,train
157971,train
157973,train
157975,train
157976,train
157978,train
157979,train
157983,train
157985,train
157986,train
157988,train
157992,train
157993,train
157995,train
157997,train
157998,train
158001,train
158004,train
158005,train
158008,train
158009,train
158010,train
158011,train
158016,train
158017,train
158020,train
158021,train
158023,train
158025,train
158027,train
158029,train
158030,train
158031,train
158036,train
158037,train
158038,train
158039,train
158044,train
158045,train
158048,train
158049,train
158050,train
158052,train
158056,train
158057,train
158059,train
158061,train
158062,train
158064,train
158067,train
158069,train
158070,train
158072,train
158074,train
158077,train
158078,train
158079,train
158082,train
158084,train
158087,train
158089,train
158091,train
158092,train
158094,train
158097,train
158098,train
158101,train
158103,train
158104,train
158107,train
158109,train
158110,train
158112,train
158114,train
158116,train
158118,train
158119,train
158123,train
158125,train
158128,train
158129,train
158132,train
158133,train
158135,train
158136,train
158140,train
158141,train
158144,train
158145,train
158147,train
158149,train
158151,train
206851,train
206853,train
206855,train
206857,train
206858,train
206860,train
206862,train
206865,train
206867,train
206869,train
206871,train
206872,train
206875,train
206877,train
206878,train
206881,train
206883,train
206885,train
206887,train
206889,train
206890,train
206892,train
206894,train
206896,train
206898,train
206901,train
206903,train
206904,train
206906,train
206908,train
142414,val
200247,train
28604,val
15599,val
28528,train
28907,train
28365,train
15043,train
127492,train
28774,train
13019,train
14855,val
13009,train
200237,train
15024,val
28010,train
15247,train
65058,train
77943,train
77564,train
114660,train
76535,val
14993,train
13099,val
15241,val
77419,train
27486,val
77532,train
15559,train
64826,train
142114,train
15450,train
15113,train
114868,train
89759,train
28691,train
141961,train
168946,train
28089,train
142060,train
45466,train
45469,train
45472,train
45476,train
45481,train
45485,train
45489,train
45491,train
45495,train
45499,train
45505,train
45509,train
45512,train
45516,train
45520,train
45526,train
45529,train
45532,train
45536,train
45541,train
45546,train
45550,train
45554,train
45555,train
45562,train
45565,train
45567,train
45573,train
45576,train
45581,train
45583,train
45589,train
45592,train
45598,train
45600,train
45604,train
45607,train
45614,train
45617,train
45619,train
45625,train
45630,train
45631,train
45635,train
45641,train
45643,train
45650,train
45651,train
45655,train
45661,train
45666,train
45668,train
45671,train
45676,train
45679,train
45684,train
45760,val
45763,val
45767,val
45771,val
45776,val
45781,val
45784,val
45787,val
45792,val
45798,val
45800,val
45806,val
45807,val
45813,val
45815,val
45822,val
45826,val
45830,val
45834,val
45835,val
45839,val
45845,val
45848,val
45853,val
45856,val
45861,val
45865,val
45867,val
45871,val
45878,val
45881,val
45886,val
45890,val
45893,val
45897,val
45902,val
45903,val
45907,val
45912,val
45918,val
45921,val
45926,val
45930,val
45933,val
45935,val
45939,val
45953,train
45958,train
45960,train
45966,train
45970,train
45972,train
45975,train
45981,train
45984,train
45987,train
45993,train
101765,train
101768,train
101772,train
101774,train
101776,train
101778,train
101779,train
101783,train
101785,train
101788,train
101789,train
101790,train
101791,train
101796,train
101797,train
101799,train
101801,train
101804,train
101805,train
101806,train
101807,train
101810,train
101812,train
101815,train
101816,train
101818,train
101820,train
101823,train
101824,train
101828,train
101829,train
101830,train
101831,train
101834,train
101838,train
101842,train
101847,train
101851,train
101856,train
101860,train
101865,train
101867,train
101870,train
101877,train
101881,train
101884,train
101887,train
101893,train
101897,train
101898,train
101905,train
101906,train
101911,train
101915,train
101921,train
101925,train
101929,train
101931,train
101937,train
101938,train
101944,train
101948,train
101950,train
101955,train
101960,train
101964,train
101967,train
101973,train
101976,train
101979,train
101984,train
101987,train
101993,train
101994,train
102001,train
102005,train
102006,train
102013,train
102016,train
102020,train
102025,train
102028,train
102030,train
102034,train
102039,train
102042,train
102048,train
102053,train
102055,train
102057,train
102058,train
102059,train
102064,train
102065,train
102066,train
102067,train
102072,train
102073,train
102076,train
102077,train
102080,train
102081,train
102083,train
102084,train
102086,train
102087,train
102091,train
102093,train
102095,train
102097,train
102098,train
102100,train
102102,train
102103,train
102107,train
102108,train
102111,train
102113,train
102114,train
102117,train
102119,train
102121,train
102124,train
102125,train
102126,train
102129,train
102132,train
102133,train
102135,train
102136,train
102138,train
102139,train
102143,train
102144,train
102147,train
102148,train
102151,train
102153,train
102156,train
102157,train
102158,train
102160,train
102164,train
102165,train
102167,train
102169,train
102170,train
102171,train
102174,train
102177,train
102179,train
102181,train
102183,train
102184,train
102186,train
102187,train
102190,train
102191,train
102194,train
102199,train
102203,train
102207,train
102212,train
102214,train
102221,train
102224,train
102229,train
102231,train
102233,train
102234,train
102237,train
102238,train
102239,train
102242,train
102245,train
102246,train
102249,train
102251,train
102253,train
102254,train
102256,train
102258,train
102261,train
102262,train
102265,train
102267,train
102268,train
102270,train
102272,train
102275,train
102276,train
102278,train
102280,train
102282,train
102284,train
102286,train
102287,train
102290,train
102291,train
102294,train
102295,train
102298,train
102301,train
102302,train
102304,train
102307,train
102308,train
102311,train
102312,train
102314,train
102316,train
102318,train
102325,train
102326,train
102333,train
102337,train
102338,train
102345,train
156288,val
156292,val
156296,val
156300,val
156302,val
156307,val
156311,val
156315,val
156320,val
156325,val
156327,val
156331,val
156335,val
156338,val
156345,val
156348,val
156352,val
156357,val
156358,val
156364,val
156367,val
156371,val
156377,val
156381,val
156383,val
156389,val
156393,val
156395,val
156400,val
156405,val
156407,val
156410,val
156414,val
156420,val
156425,val
156426,val
156430,val
156435,val
156440,val
156442,val
156447,val
156452,val
156455,val
156459,val
156462,val
156468,val
156473,val
156474,val
156479,val
156482,val
156486,val
156493,val
156496,val
156501,val
156502,val
156509,val
156510,val
156515,val
156520,val
156522,val
156528,val
156532,val
156534,val
156541,val
156543,val
156549,val
156552,val
156557,val
156560,val
156563,val
156568,val
156573,val
156574,val
156578,val
156585,val
156589,val
156592,val
156596,val
156598,val
156605,val
156609,val
156610,val
156614,val
156618,val
156623,val
156626,val
156633,val
156635,val
156641,val
156645,val
156648,val
156650,val
156656,val
156661,val
156662,val
156667,val
156673,val
156677,val
156681,val
156684,val
156687,val
156690,val
156695,val
156700,val
156704,val
156708,val
156711,val
156717,val
127430,train
177737,train
127304,train
127272,train
141636,train
127392,train
127340,train
141739,train
173136,val
15800,val
177746,train
173189,val
127370,train
127473,train
127385,train
141647,train
127460,train
177809,train
127344,train
177744,train
200140,val
127210,train
142122,val
141841,train
142086,val
177757,train
15770,val
177795,train
173215,val
177811,train
193502,train
173176,val
200125,val
193466,train
127318,train
193477,train
200123,val
127359,train
141851,train
200171,val
45690,train
45693,train
45697,train
45701,train
45704,train
45708,train
45711,train
45715,train
45719,train
45724,train
45727,train
45733,train
45735,train
45741,train
45743,train
45750,train
45754,train
45757,train
45759,train
45766,train
45768,train
45774,train
45775,train
45779,train
45785,train
45789,train
45791,train
45796,train
45799,train
45805,train
45810,train
45812,train
45818,train
45819,train
45823,train
45829,train
45832,train
45836,train
45841,train
45844,train
45850,train
45851,train
45858,train
45860,train
45864,train
45870,train
45874,train
45877,train
45880,train
45883,train
45888,train
45892,train
45896,train
45901,train
45906,train
45909,train
45911,train
45917,train
45922,train
45925,train
45927,train
45931,train
45937,train
45942,train
45943,train
45948,train
156190,val
156195,val
156201,val
156202,val
156208,val
156212,val
156215,val
156219,val
156222,val
156228,val
156233,val
156237,val
156240,val
156244,val
156247,val
156253,val
156257,val
156259,val
156262,val
156266,val
156270,val
156275,val
156280,val
156282,val
156349,val
156353,val
156355,val
156361,val
156365,val
156369,val
156373,val
156374,val
156378,val
156385,val
156387,val
156390,val
156397,val
156399,val
156403,val
156406,val
156413,val
156416,val
156418,val
156422,val
156428,val
156432,val
156434,val
156439,val
156444,val
156449,val
156451,val
156457,val
156460,val
156465,val
156466,val
156470,val
156475,val
156481,val
156484,val
156487,val
156490,val
156497,val
156499,val
156504,val
156508,val
156513,val
156516,val
156519,val
156523,val
156526,val
156530,val
156536,val
156540,val
156545,val
156546,val
156553,val
156554,val
156558,val
156565,val
156567,val
156571,val
156576,val
156579,val
156582,val
156586,val
156591,val
156594,val
156599,val
156604,val
156608,val
156613,val
156615,val
156621,val
156622,val
156629,val
156631,val
156634,val
156638,val
156644,val
156649,val
156651,val
156655,val
156659,val
156665,val
156666,val
156670,val
156674,val
156680,val
156685,val
156689,val
156693,val
156697,val
156698,val
156702,val
156706,val
156712,val
206245,train
206247,train
206248,train
206250,train
206252,train
206254,train
206256,train
206259,train
206261,train
206262,train
206265,train
206267,train
206269,train
206271,train
206273,train
206275,train
206276,train
206279,train
206280,train
206283,train
206285,train
206287,train
206288,train
206290,train
206292,train
206295,train
206296,train
206298,train
206300,train
206303,train
206305,train
206307,train
206308,train
206311,train
206313,train
206314,train
206317,train
206319,train
206321,train
206323,train
206325,train
206326,train
206328,train
206331,train
206332,train
206335,train
206336,train
206339,train
206340,train
206343,train
206344,train
206346,train
206349,train
206350,train
206352,train
206354,train
206356,train
206358,train
206360,train
206362,train
206365,train
109401,train
8391,val
37802,val
37076,val
37529,train
8223,val
37080,val
72578,val
85002,train
96435,val
22822,train
96651,train
37584,val
96114,val
7978,train
7820,train
109251,train
108905,train
7902,train
84914,train
136076,train
109235,train
72517,val
8401,train
22189,train
108870,train
135827,train
72346,train
122621,val
96658,train
96913,train
21922,train
109914,train
122141,val
22465,train
8083,val
72045,train
84968,train
52898,val
52901,val
52904,val
52905,val
52908,val
52909,val
52911,val
52913,val
52915,val
52916,val
52919,val
52920,val
52922,val
52924,val
52926,val
52929,val
52930,val
52931,val
52935,val
52936,val
52938,val
52940,val
52943,val
52944,val
52948,val
52949,val
52951,val
52952,val
52954,val
52955,val
52958,val
52959,val
52962,val
52963,val
52967,val
52968,val
52971,val
52973,val
52975,val
52977,val
52978,val
52979,val
52982,val
52984,val
52987,val
52989,val
52991,val
52993,val
52995,val
52997,val
52999,val
53001,val
53002,val
53005,val
53006,val
53008,val
53011,val
53012,val
53014,val
53016,val
53019,val
53021,val
53022,val
53025,val
53026,val
53029,val
53030,val
53033,val
53035,val
53037,val
53040,val
53041,val
53042,val
53045,val
53046,val
53047,val
53051,val
53052,val
53054,val
53057,val
53058,val
53061,val
53063,val
53064,val
53066,val
53067,val
53070,val
53072,val
53074,val
53077,val
53080,val
53081,val
53084,val
53085,val
53087,val
53088,val
53091,val
53092,val
53094,val
53095,val
53098,val
53100,val
53102,val
53105,val
53106,val
53109,val
53112,val
53113,val
53115,val
53116,val
53118,val
53121,val
53122,val
53125,val
53126,val
53129,val
53130,val
53133,val
53134,val
53136,val
53138,val
53140,val
53142,val
53145,val
53147,val
53149,val
53151,val
53152,val
53156,val
53157,val
53158,val
53160,val
53162,val
53164,val
53167,val
53169,val
53170,val
53172,val
53176,val
53177,val
53178,val
53180,val
53183,val
53185,val
53188,val
53189,val
53191,val
53193,val
53196,val
53197,val
53200,val
53201,val
53203,val
53204,val
53206,val
53209,val
53212,val
53213,val
53216,val
53217,val
53219,val
53221,val
53222,val
53223,val
53227,val
53228,val
53230,val
53232,val
53236,val
53237,val
53238,val
53239,val
53242,val
53244,val
53246,val
53247,val
53252,val
53253,val
53255,val
53256,val
53259,val
53261,val
53262,val
53265,val
53266,val
53269,val
53270,val
53271,val
53276,val
53277,val
53279,val
53280,val
53282,val
53283,val
53286,val
53289,val
53292,val
53293,val
53294,val
53297,val
53299,val
53300,val
53303,val
53305,val
53306,val
53309,val
53310,val
53312,val
53315,val
53316,val
53319,val
53320,val
53322,val
53325,val
53327,val
53329,val
53331,val
53332,val
53334,val
53335,val
53338,val
53339,val
53343,val
53345,val
53348,val
53349,val
53352,val
53353,val
53354,val
53356,val
53359,val
53361,val
53363,val
53364,val
53366,val
53369,val
53371,val
53373,val
53375,val
53377,val
53378,val
53380,val
53383,val
53384,val
53387,val
53388,val
53391,val
53392,val
53396,val
53397,val
53399,val
53401,val
53402,val
53403,val
53408,val
53409,val
53410,val
53412,val
53414,val
53417,val
53418,val
53421,val
53424,val
53425,val
53427,val
53428,val
53431,val
53432,val
53434,val
53436,val
53439,val
53441,val
53442,val
53445,val
53448,val
53449,val
53451,val
53453,val
53456,val
53457,val
53458,val
53461,val
53462,val
53463,val
53466,val
53469,val
53470,val
53473,val
53474,val
53475,val
53478,val
53479,val
53484,val
53485,val
53486,val
53487,val
53490,val
53493,val
53494,val
53497,val
53498,val
53499,val
53502,val
53504,val
53506,val
53507,val
53511,val
53513,train
53516,train
53517,train
53519,train
53521,train
53524,train
53525,train
53527,train
53528,train
53530,train
53533,train
53534,train
53535,train
53539,train
53541,train
53542,train
53544,train
53548,train
53549,train
53550,train
53551,train
53555,train
53557,train
53558,train
53559,train
53562,train
53565,train
53566,train
53569,train
53572,train
53573,train
53575,train
53577,train
53579,train
53580,train
53582,train
53583,train
53586,train
53589,train
53592,train
53593,train
53594,train
53597,train
53600,train
53601,train
53604,train
53605,train
53608,train
53609,train
53610,train
53612,train
53615,train
53616,train
53620,train
53621,train
53623,train
53624,train
53628,train
53629,train
53630,train
53631,train
53634,train
53636,train
53639,train
53640,train
53643,train
53644,train
53646,train
53648,train
53652,train
53653,train
53656,train
53657,train
53658,train
53660,train
53662,train
53665,train
53667,train
53669,train
53671,train
53673,train
53676,train
53677,train
53678,train
53679,train
53682,train
53684,train
53688,train
53689,train
53691,train
53692,train
53696,train
53697,train
53698,train
53700,train
53704,train
53705,train
53707,train
53709,train
53710,train
53712,train
53715,train
53716,train
53718,train
53721,train
53724,train
53725,train
53727,train
53728,train
53731,train
53733,train
53735,train
53737,train
53738,train
53739,train
53744,train
53745,train
53746,train
53748,train
53752,train
53753,train
53754,train
53757,train
53760,train
53761,train
53762,train
53764,train
53766,train
53768,train
53770,train
53772,train
53774,train
53775,train
53780,train
53781,train
53782,train
53784,train
53787,train
53788,train
53791,train
53792,train
53794,train
53797,train
53798,train
53801,train
53802,train
53805,train
53807,train
53809,train
53810,train
53812,train
53814,train
53816,train
53819,train
53820,train
53823,train
53825,train
53826,train
53828,train
53831,train
53833,train
53834,train
53837,train
53838,train
53839,train
53843,train
53845,train
53846,train
53849,train
53852,train
53853,train
53854,train
53856,train
53858,train
53859,train
53862,train
53865,train
53866,train
53868,train
53870,train
53873,train
53874,train
53875,train
53879,train
53881,train
53884,train
53885,train
53888,train
53889,train
53890,train
53893,train
53896,train
53897,train
53898,train
53899,train
53902,train
53903,train
53906,train
53908,train
53911,train
53912,train
53917,train
53920,train
197120,val
164949,train
175041,train
135133,train
164807,train
174917,train
165116,train
164841,train
165099,train
197097,val
165004,train
174981,train
196926,val
175007,train
164461,train
164536,train
135195,train
174940,train
164897,train
196861,val
196811,val
72013,val
164843,train
197089,val
135156,train
135083,train
135409,train
135007,train
72098,val
182141,val
135630,train
164976,train
72135,val
72055,val
196896,val
164904,train
135296,train
135570,train
135504,train
135186,train
52891,val
149724,val
149725,train
149726,val
149728,train
149731,train
149733,val
149735,val
149737,train
149740,train
149741,val
149744,train
149745,val
149747,train
149749,val
149750,train
149753,val
149756,train
149757,val
149760,train
149761,val
149763,train
149765,val
149766,train
149767,val
149771,val
149773,train
149774,val
149775,train
149780,train
149781,val
149783,val
149784,train
149786,val
149789,train
149792,val
149793,train
149794,val
149797,train
149798,train
149801,val
149803,val
149804,train
149807,train
149809,val
149811,train
149813,val
149816,val
149817,train
149819,val
149821,train
149822,val
149825,train
149828,val
149829,train
149832,val
149833,train
149834,train
149837,val
149839,val
149841,train
149844,val
149845,train
149846,train
149848,val
149851,train
149853,val
149854,val
149856,train
149858,val
149860,train
149862,val
149864,train
149866,val
149867,train
149870,train
149872,val
149874,val
149875,train
149880,train
149881,val
149882,val
149883,train
149886,train
149887,val
149890,val
149891,train
149894,train
149897,val
149900,train
149901,val
149904,train
149905,val
149907,train
149909,val
149910,val
149912,train
149915,train
149917,val
149919,train
149920,val
149922,val
149925,train
149928,val
149929,train
149930,val
149933,train
149936,val
149937,train
149939,train
149941,val
149943,train
149944,val
149946,val
149947,train
149950,train
149953,val
149954,train
149955,val
149959,val
149960,train
149963,train
149965,val
149967,train
149969,val
149970,train
149971,val
149974,val
149977,train
149980,train
149981,val
149984,val
149985,train
149988,val
149989,train
149992,val
149993,train
149994,val
149996,train
149998,train
150001,val
150002,train
150005,val
150006,train
150009,val
150010,val
150013,train
150016,val
150017,train
150018,train
150020,val
150023,train
150024,val
150026,train
150027,val
150030,train
150031,val
150034,val
150035,train
150039,val
150040,train
150042,val
150043,train
150046,val
150048,train
150051,val
150053,train
150055,val
150057,train
150058,val
150061,train
150062,val
150064,train
150068,val
150069,train
150071,val
150073,train
150074,train
150076,val
150078,train
150080,val
150084,train
150085,val
150086,val
150088,train
150091,train
150092,val
150094,train
150097,val
150100,val
150101,train
150102,train
150105,val
150106,train
150108,val
150112,train
150113,val
150116,train
150117,val
150118,val
150121,train
150122,train
150124,val
150126,val
150128,train
150132,val
150133,train
150134,train
150137,val
150138,val
150141,train
150142,val
150143,train
150147,val
150148,train
150151,train
150152,val
150154,val
150155,train
150159,val
150161,train
150162,train
150163,val
150166,val
150168,train
150170,train
150171,val
150174,train
150175,val
150179,val
150180,train
150182,val
150185,train
150187,val
150189,train
150190,val
150193,train
150196,val
150197,train
150199,val
150201,train
150203,train
150205,val
150208,val
150209,train
150210,train
150212,val
150215,train
150217,val
150218,train
150220,val
150222,val
150223,train
150226,val
150228,train
150231,val
150233,train
150234,val
150236,train
150240,train
150241,val
150242,val
150244,train
150246,val
150249,train
150250,train
150253,val
150255,val
150257,train
150259,train
150261,val
150263,train
150265,val
150266,train
150269,val
150271,val
150272,train
150276,train
150277,val
150279,train
150280,val
150282,train
150284,val
150286,val
150288,train
150290,val
150292,train
150295,val
150296,train
150298,train
150299,val
150302,val
150305,train
150307,train
150308,val
150311,val
197494,val
182542,val
175101,train
175138,train
197400,val
197299,val
175173,train
182424,val
197529,val
182528,val
175292,train
197420,val
182455,val
175242,train
182599,val
175247,train
135839,train
197264,val
135877,train
175202,train
175154,train
175087,train
175123,train
197227,val
197366,val
135889,train
135837,train
175163,train
135775,train
165271,train
197291,val
182417,val
197217,val
165309,train
197447,val
197296,val
197358,val
182516,val
165377,train
175129,train
150310,train
150314,train
150315,val
150319,train
150321,val
150322,train
150323,val
150326,val
150327,train
150330,train
150331,val
150334,val
150337,train
150338,val
150341,train
150342,train
150343,val
150347,train
150348,val
150352,val
150353,train
150354,val
150357,train
150358,train
150361,val
150362,train
150365,val
150366,train
150368,val
150370,val
150371,train
150374,train
150376,val
150379,val
150381,train
150383,val
150385,train
150386,val
150388,train
150390,train
150392,val
150395,val
150396,train
150398,train
150399,val
150402,val
150404,train
150407,train
150409,val
150411,train
150412,val
150415,train
150416,val
150419,val
150420,train
150423,val
150424,train
150427,val
150429,train
150430,val
150433,train
150434,train
150437,val
150439,val
150441,train
150443,train
150445,val
150447,train
150449,val
150450,val
150452,train
150455,val
150456,train
150459,val
150460,train
150463,train
150465,val
150467,val
150469,train
150470,val
150472,train
150474,train
150476,val
150479,train
150480,val
150482,val
150485,train
150487,train
150489,val
150490,train
150492,val
150494,val
150496,train
150500,val
150501,train
150504,val
150505,train
150507,train
150508,val
150511,val
150512,train
150514,train
150516,val
150518,train
150521,val
150523,train
150525,val
150526,train
150527,val
150530,val
150531,train
150535,train
150536,val
150539,train
150540,val
150544,val
150545,train
150548,val
150549,train
150551,val
150553,train
150556,train
150557,val
150560,train
150561,val
150564,train
150565,val
150567,train
150569,val
150572,train
150573,val
150576,train
150577,val
150578,train
150579,val
150583,val
150584,train
150587,train
150588,val
150590,val
150592,train
150594,val
150595,train
150598,train
150601,val
150603,train
150604,val
150608,train
150609,val
150612,train
150613,val
150615,train
150616,val
150618,train
150620,val
150623,val
150624,train
150628,train
150629,val
150630,val
150633,train
150634,train
150635,val
150638,val
150640,train
150642,train
150644,val
150647,train
150649,val
150651,val
150653,train
150656,train
150657,val
150660,train
150661,val
150662,val
150663,train
150666,train
150668,val
150670,val
150672,train
150676,train
150677,val
150680,train
150681,val
150684,train
150685,val
150688,train
150689,val
150691,val
150693,train
150696,val
150697,train
150699,val
150701,train
150702,val
150704,train
150708,train
150709,val
150711,train
150713,val
150714,val
150717,train
150719,val
150721,train
150723,val
150724,train
150726,train
150727,val
150730,val
150732,train
150735,train
150737,val
150739,train
150741,val
150742,val
150744,train
150746,val
150748,train
150751,val
150753,train
150754,val
150757,train
150760,train
150761,val
150764,train
150765,val
150767,train
150768,val
150770,train
150771,val
150775,val
150777,train
150778,val
150781,train
150783,val
150785,train
150787,train
150788,val
150791,val
150793,train
150795,train
150796,val
150798,val
150800,train
150802,train
150803,val
150808,train
150809,val
150810,train
150813,val
150814,train
150816,val
150819,train
150821,val
150823,val
150825,train
150826,train
150828,val
150832,train
150833,val
150836,train
150837,val
150838,train
150840,val
150844,train
150845,val
150847,val
150849,train
150850,val
150852,train
150855,train
150857,val
150859,val
150861,train
150864,val
150865,train
150867,val
150869,train
150871,val
150873,train
150875,val
150876,train
150878,val
150880,train
150882,val
150885,train
150887,val
150888,train
150892,val
150893,train
150895,val
150896,train
150898,train
150901,val
150902,val
150903,train
150907,train
150908,val
150911,train
150913,val
150916,train
150917,val
150919,train
150920,val
150922,val
150924,train
150926,train
150929,val
150931,train
150932,val
150936,train
150937,val
150938,train
150939,val
150942,val
150944,train
150947,train
150948,val
150951,train
150953,val
150956,val
150957,train
150959,val
150961,train
150963,train
150964,val
150966,train
150967,val
150971,train
150973,val
150976,train
150977,val
150978,val
150981,train
150982,val
150984,train
150988,train
150989,val
150991,train
150992,val
150994,train
150997,val
151001,train
39188,train
86204,train
39200,train
24280,train
24146,train
98094,train
86141,train
24400,train
74012,train
111552,train
9823,train
9998,train
85850,train
73827,train
73688,train
85833,train
123712,val
111261,train
111170,train
9369,train
86127,train
9688,train
98357,train
74007,train
9882,train
123867,train
24019,train
9851,train
98371,train
124026,train
9589,train
98407,train
73866,train
123928,train
24051,train
24212,train
24575,train
98227,train
98257,train
73917,train
39375,train
39382,train
39383,train
39388,train
39393,train
39396,train
39401,train
39404,train
39410,train
39413,train
39416,train
39422,train
39423,train
39429,train
39431,train
39435,train
39439,train
39445,train
39447,train
39454,train
39458,train
39462,train
39466,train
39470,train
39473,train
39478,train
39480,train
39486,train
39487,train
39493,train
39498,train
39499,train
39505,train
39508,train
39513,train
39516,train
39522,train
39525,train
39528,train
39533,train
39536,train
39539,train
39543,train
39550,train
39554,train
39558,train
39562,train
39566,train
54829,train
54830,train
54836,train
54840,train
55074,train
55081,train
55082,train
55088,train
55090,train
55095,train
55098,train
55102,train
55106,train
55111,train
55115,train
55119,train
55122,train
55126,train
55131,train
55136,train
55139,train
55144,train
55149,train
55150,train
55154,train
55159,train
55162,train
55167,train
55170,train
55175,train
55180,train
55182,train
55188,train
55193,train
55197,train
55199,train
55202,train
55209,train
55210,train
55215,train
55220,train
55225,train
55227,train
55232,train
55234,train
55239,train
55245,train
55249,train
55251,train
55255,train
55259,train
55262,train
55268,train
55271,train
55275,train
55279,train
55282,train
55287,train
55292,train
55296,train
55301,train
55302,train
55306,train
55311,train
55317,train
55319,train
55323,train
55328,train
55333,train
55337,train
55340,train
55344,train
55349,train
55351,train
55354,train
55358,train
55363,train
55366,train
55372,train
55375,train
55380,train
55385,train
55387,train
55391,train
55395,train
55400,train
55405,train
55408,train
55412,train
55415,train
55421,train
55423,train
55429,train
55433,train
55435,train
55439,train
55444,train
55447,train
55450,train
55454,train
55458,train
55465,train
55468,train
55471,train
55477,train
55478,train
55485,train
55486,train
55490,train
55497,train
55498,train
55502,train
55508,train
55510,train
55516,train
55519,train
55523,train
55526,train
55531,train
55536,train
55540,train
55544,train
55547,train
55552,train
55554,train
55558,train
55563,train
55567,train
55573,train
55576,train
55580,train
55585,train
55589,train
55591,train
55597,train
55598,train
55603,train
55608,train
55612,train
55616,train
55621,train
55625,train
55629,train
55632,train
55635,train
55638,train
55643,train
55649,train
55653,train
55654,train
55659,train
55662,train
55668,train
55670,train
55675,train
55679,train
55683,train
55688,train
55691,train
55695,train
55701,train
55704,train
55707,train
55711,train
55714,train
55721,train
55723,train
55726,train
55733,train
55737,train
55747,train
55752,train
55755,train
55761,train
55765,train
55766,train
55771,train
55777,train
55778,train
55782,train
55789,train
55790,train
55797,train
55800,train
55805,train
55807,train
55812,train
55816,train
112429,train
99030,train
24694,train
124234,train
111758,val
124780,train
87429,val
112016,train
112339,train
10080,val
86529,val
98552,val
74055,train
124138,train
112363,val
99114,val
86479,train
99165,val
98575,val
111788,train
112387,val
111872,val
10395,train
111746,train
124082,train
74056,val
99278,val
124146,train
24836,train
87339,train
24697,train
86998,train
98503,val
86831,val
112007,val
98911,val
124187,train
87133,val
74554,val
87457,val
39569,train
39572,train
39577,train
39581,train
39583,train
39585,train
39587,train
39588,train
39592,train
39594,train
39597,train
39598,train
39599,train
39601,train
39605,train
39606,train
39608,train
39610,train
39611,train
39614,train
39615,train
39616,train
39620,train
39622,train
39623,train
39625,train
39627,train
39630,train
39633,train
39634,train
39636,train
39638,train
39640,train
39641,train
39643,train
39644,train
39647,train
39650,train
39651,train
39652,train
39655,train
39658,train
39659,train
39660,train
39663,train
39664,train
39668,train
39669,train
39672,train
39674,train
39675,train
39678,train
39679,train
39680,train
39685,train
39686,train
39687,train
39689,train
39692,train
39693,train
39696,train
39697,train
39701,train
39702,train
39703,train
39706,train
39709,train
39710,train
39712,train
39714,train
39715,train
39717,train
39719,train
39720,train
39725,train
39726,train
39729,train
39730,train
39732,train
39734,train
39735,train
39736,train
39740,train
39741,train
39743,train
39745,train
39749,train
39750,train
39751,train
39754,train
39756,train
39758,train
39760,train
39762,train
39764,train
39765,train
39767,train
39769,train
39771,train
39773,train
39776,train
39777,train
39780,train
39781,train
39784,train
39785,train
39788,train
39790,train
39793,train
39794,train
39795,train
39798,train
39801,train
39802,train
39804,train
39806,train
39807,train
39809,train
39812,train
39813,train
39815,train
39818,train
39821,train
39822,train
39824,train
39825,train
39827,train
39829,train
39831,train
39834,train
39835,train
39837,train
39841,train
39842,train
39844,train
39846,train
39848,train
39849,train
39851,train
39852,train
39857,train
39858,train
39861,train
39862,train
39863,train
39866,train
39867,train
39870,train
39872,train
39874,train
39876,train
39878,train
39880,train
39882,train
39884,train
39886,train
39888,train
39889,train
39891,train
39892,train
39895,train
39897,train
39899,train
39902,train
39904,train
39906,train
39907,train
39910,train
39911,train
39914,train
39915,train
39918,train
39921,train
39922,train
39924,train
39925,train
39927,train
39930,train
39931,train
39934,train
39935,train
39937,train
39941,train
39942,train
39945,train
39946,train
39947,train
39950,train
39952,train
39954,train
39955,train
39956,train
39959,train
39961,train
39963,train
39966,train
39968,train
39969,train
39971,train
39972,train
39976,train
39978,train
39979,train
39980,train
39983,train
39985,train
39987,train
39988,train
39992,train
39994,train
39997,train
39998,train
39999,train
40002,train
40003,train
40005,train
40009,train
40010,train
40011,train
40014,train
40015,train
40017,train
40019,train
40021,train
40023,train
40025,train
40028,train
40030,train
40031,train
40034,train
40035,train
40037,train
40041,train
40042,train
40043,train
40046,train
40049,train
40050,train
40052,train
40053,train
40055,train
40056,train
40060,train
40062,train
40065,train
40066,train
40067,train
40070,train
40072,train
40073,train
40075,train
40076,train
40079,train
40080,train
40083,train
40086,train
40087,train
40090,train
40091,train
40093,train
40095,train
40096,train
40099,train
40101,train
40103,train
40105,train
40108,train
40110,train
40111,train
40114,train
40115,train
40118,train
40119,train
40122,train
40123,train
40126,train
40129,train
40130,train
40132,train
40134,train
40136,train
40138,train
40139,train
40142,train
40144,train
40145,train
40147,train
40148,train
40151,train
40152,train
40156,train
40157,train
40161,train
40162,train
40163,train
40166,train
40167,train
40168,train
40171,train
40174,train
40176,train
40177,train
40181,train
40182,train
40185,train
40186,train
40188,train
40189,train
40192,train
40193,train
40195,train
40197,train
40199,train
40201,train
40205,train
40206,train
40207,train
40210,train
40211,train
40213,train
40217,train
40218,train
40220,train
40222,train
40224,train
40225,train
40227,train
40230,train
40231,train
40233,train
40235,train
40236,train
40240,train
40241,train
40243,train
40245,train
40249,train
40250,train
40251,train
40253,train
40255,train
40256,train
40260,train
40261,train
40264,train
40265,train
40267,train
40270,train
40273,train
40274,train
40276,train
40278,train
40280,train
40281,train
40284,train
40285,train
40288,train
40289,train
40291,train
40294,train
40295,train
40296,train
40299,train
40302,train
40303,train
40304,train
40307,train
40308,train
40312,train
40314,train
40315,train
40316,train
40319,train
40322,train
40323,train
40326,train
40327,train
40329,train
40332,train
40334,train
40336,train
40337,train
40341,train
40342,train
40343,train
40344,train
40347,train
40350,train
40351,train
40353,train
40355,train
40356,train
40360,train
40361,train
40363,train
40364,train
40367,train
40368,train
40371,train
40372,train
40375,train
40376,train
40381,train
40382,train
40383,train
40386,train
40387,train
40388,train
40393,train
40394,train
40395,train
40398,train
40399,train
40402,train
40403,train
40406,train
40408,train
40410,train
40413,train
40414,train
40415,train
40416,train
40419,train
40421,train
40423,train
40426,train
40429,train
40430,train
40431,train
40434,train
40435,train
40438,train
40439,train
40441,train
40445,train
40446,train
40448,train
40450,train
40452,train
40453,train
40455,train
40456,train
40459,train
40461,train
40463,train
40466,train
40468,train
40469,train
40471,train
40474,train
40476,train
40478,train
40481,train
40482,train
40484,train
40485,train
40487,train
40490,train
40491,train
40492,train
40497,train
40498,train
40499,train
40501,train
40504,train
40505,train
40509,train
40510,train
40511,train
40513,train
40515,train
40517,train
40520,train
40522,train
40524,train
40525,train
40527,train
40529,train
40532,train
40533,train
40536,train
40537,train
40539,train
40540,train
40543,train
40546,train
40547,train
40549,train
40552,train
40553,train
40555,train
40556,train
40559,train
40560,train
40564,train
40566,train
40568,train
40570,train
40573,train
40574,train
40575,train
40578,train
40581,train
40582,train
40583,train
40586,train
40589,train
40590,train
40591,train
40593,train
40595,train
40598,train
40599,train
40602,train
40603,train
40606,train
40607,train
40608,train
40611,train
40614,train
40615,train
40616,train
40620,train
40621,train
40624,train
40626,train
40629,train
40630,train
40631,train
40633,train
40635,train
40637,train
40639,train
40640,train
40644,train
40645,train
40647,train
40648,train
40652,train
40654,train
40657,train
40658,train
40660,train
40661,train
40664,train
40666,train
40667,train
40668,train
40673,train
40674,train
40675,train
40677,train
40679,train
40682,train
40684,train
40685,train
40689,train
40690,train
40692,train
40694,train
40695,train
40698,train
40701,train
40703,train
55820,train
55822,train
55829,train
55830,train
55837,train
55838,train
55844,train
55845,train
55846,train
55847,train
55852,train
55853,train
55855,train
55857,train
55859,train
55861,train
55863,train
55864,train
55866,train
55869,train
55870,train
55872,train
55876,train
55877,train
55878,train
55880,train
55883,train
55884,train
55886,train
55887,train
55890,train
55892,train
55894,train
55896,train
55898,train
55901,train
55904,train
55905,train
55906,train
55908,train
55910,train
55912,train
55914,train
55915,train
55919,train
55921,train
55922,train
55924,train
55927,train
55928,train
55930,train
55931,train
55934,train
55936,train
55939,train
55941,train
55943,train
55944,train
55948,train
55949,train
55950,train
55952,train
55954,train
55955,train
55958,train
55961,train
55964,train
55965,train
55966,train
55968,train
55972,train
55973,train
55975,train
55977,train
55978,train
55980,train
55983,train
55985,train
55988,train
55989,train
55992,train
55993,train
55996,train
55997,train
55999,train
56001,train
56002,train
56004,train
56006,train
56009,train
56010,train
56013,train
56016,train
56017,train
56018,train
56021,train
56024,train
56025,train
56026,train
56028,train
56030,train
56032,train
56034,train
56036,train
56039,train
56040,train
56042,train
56045,train
56048,train
56049,train
56052,train
56053,train
56054,train
56055,train
56058,train
56059,train
56062,train
56064,train
56066,train
56069,train
56070,train
56071,train
56074,train
56076,train
56079,train
56081,train
56082,train
56085,train
56088,train
56089,train
56091,train
56093,train
56095,train
56097,train
56099,train
56100,train
56102,train
56105,train
56107,train
56109,train
56111,train
56112,train
56114,train
56115,train
56119,train
56121,train
56123,train
56125,train
56127,train
56128,train
56131,train
56132,train
56136,train
56137,train
56139,train
56140,train
56143,train
56144,train
56147,train
56148,train
56151,train
56153,train
56155,train
56157,train
56158,train
56159,train
56163,train
56164,train
56166,train
56169,train
56170,train
56173,train
56176,train
56177,train
56178,train
56180,train
56182,train
56184,train
56186,train
56187,train
56190,train
56191,train
56195,train
56196,train
56199,train
56200,train
56202,train
56205,train
56206,train
56207,train
56210,train
56212,train
56214,train
56216,train
56219,train
56220,train
56223,train
56224,train
56227,train
56229,train
56231,train
56232,train
56235,train
56236,train
56239,train
56241,train
56243,train
56245,train
56247,train
56248,train
56251,train
56252,train
56254,train
56255,train
56259,train
56260,train
56262,train
56263,train
56267,train
56268,train
56271,train
56273,train
56274,train
56277,train
56278,train
56280,train
56284,train
56285,train
56288,train
56289,train
56291,train
56292,train
56294,train
56296,train
56298,train
56299,train
56303,train
56304,train
56307,train
56308,train
56312,train
56313,train
56316,train
56317,train
56319,train
56321,train
56323,train
56325,train
56326,train
56329,train
56332,train
56333,train
56334,train
56337,train
56338,train
56341,train
56342,train
56343,train
56347,train
56349,train
56351,train
56352,train
56355,train
56357,train
56360,train
56361,train
56362,train
56364,train
56366,train
56369,train
56370,train
56371,train
56374,train
56377,train
56379,train
56380,train
56382,train
56385,train
56386,train
56388,train
56390,train
56391,train
56394,train
56397,train
56398,train
56400,train
56404,train
56405,train
56406,train
56409,train
56410,train
56411,train
56414,train
56417,train
56418,train
56420,train
56422,train
56423,train
56427,train
56429,train
56430,train
56432,train
56435,train
56437,train
56440,train
56441,train
56443,train
56445,train
56447,train
56449,train
56451,train
56453,train
56455,train
56457,train
56460,train
56461,train
56462,train
56463,train
56466,train
56469,train
56470,train
56473,train
56474,train
56475,train
56478,train
56480,train
56482,train
56483,train
56486,train
56488,train
56490,train
56491,train
56494,train
56495,train
56499,train
56500,train
56502,train
56503,train
56508,train
56509,train
56511,train
56512,train
56515,train
56517,train
56520,train
56521,train
56522,train
56523,train
56526,train
56529,train
56531,train
56533,train
56534,train
56536,train
56538,train
56539,train
56544,train
56545,train
56547,train
56549,train
56550,train
56551,train
56555,train
56557,train
56558,train
56561,train
56563,train
56565,train
56566,train
56567,train
56571,train
56573,train
56575,train
56576,train
56579,train
56580,train
56583,train
56585,train
56587,train
56589,train
56590,train
56593,train
56595,train
56596,train
56599,val
56600,train
56602,train
56605,val
56607,val
56609,train
56612,val
56613,train
56614,train
56617,val
56619,val
56621,train
56622,val
56625,train
56626,val
56629,train
56631,val
56632,train
56636,train
56637,val
56638,val
56641,train
56642,val
56644,train
56646,val
56647,train
56650,train
56652,val
56654,train
56657,val
56659,train
56661,val
56664,val
56665,train
56667,train
56668,val
56671,train
56672,val
56674,train
56676,val
56679,val
56680,train
56682,val
56683,train
56688,val
56689,train
56692,train
56693,val
56694,train
56696,val
56698,val
56701,train
56703,train
56704,val
56706,train
56708,val
56710,train
56711,val
56714,train
56716,val
56720,train
56721,val
56724,train
56725,val
56728,val
56729,train
56730,train
56733,val
56734,train
56736,val
56739,train
56741,val
56744,val
56745,train
56746,train
56747,val
56752,train
56753,val
56755,val
56756,train
56759,train
56761,val
56764,train
56765,val
56766,train
56769,val
56770,val
56771,train
56774,train
56777,val
56779,val
56781,train
56782,val
56784,train
56786,val
56787,train
56790,val
56792,train
56794,train
56797,val
56798,train
56800,val
56803,train
56804,val
56807,train
56809,val
56810,train
56813,val
56815,train
56817,val
56819,train
56820,val
56822,train
56824,val
56826,train
56827,val
56832,train
56833,val
56836,val
56837,train
56839,train
56841,val
56843,train
56845,val
56847,train
56848,val
56851,train
56852,val
56855,val
56856,train
56860,val
56861,train
56862,train
56864,val
56867,val
56868,train
56871,val
56873,train
56876,train
56877,val
56879,val
56880,train
56883,train
56885,val
56886,train
56889,val
56890,val
56892,train
56895,val
56897,train
56898,val
56901,train
56902,val
56903,train
56907,val
56909,train
56912,val
56913,train
56914,train
56917,val
56919,train
56920,val
56922,val
56924,train
56926,val
56927,train
56930,train
56932,val
56935,val
56936,train
56938,train
56939,val
56943,train
56945,val
56946,val
56948,train
56952,val
56953,train
56955,train
56957,val
56960,train
56961,val
56962,val
56965,train
56967,train
56968,val
56970,val
56971,train
56974,train
56976,val
56978,train
56979,val
56982,val
56983,train
56987,train
56989,val
56990,train
56993,val
56994,val
56996,train
56999,train
57001,val
57002,val
57004,train
57009,val
57012,val
57015,val
57019,val
137684,val
197866,val
137594,val
137633,val
198290,val
168903,train
168873,train
198286,val
137618,val
137499,val
166272,train
137648,train
137562,val
166196,train
137443,val
168850,train
137546,train
168923,train
137550,train
183295,val
137642,train
183395,val
137497,val
198304,val
183383,val
137422,val
137658,val
183307,val
166151,train
137679,train
137622,val
183319,val
137538,val
137470,val
183385,val
166201,train
183282,val
137567,val
137484,val
198296,val
152004,train
152008,train
152301,train
152304,train
152307,train
152311,train
152315,train
152319,train
152324,train
152329,train
152330,train
152336,train
152341,train
152345,train
152348,train
152352,train
152357,train
152359,train
152365,train
152366,train
152372,train
152377,train
152380,train
152383,train
152387,train
152392,train
152395,train
152398,train
152402,train
152409,train
152413,train
152417,train
152418,train
152423,train
152426,train
152432,train
152434,train
152441,train
152442,train
152447,train
152448,val
152452,val
152453,train
152455,val
152457,train
152460,val
152461,train
152462,train
152465,val
152466,train
152468,val
152470,train
152472,val
152474,train
152477,val
152479,train
152480,val
152482,val
152484,train
152486,val
152488,train
152491,train
152493,val
152496,train
152497,val
152499,train
152500,val
152503,train
152505,val
152506,val
152508,train
152510,val
152513,train
152515,train
152517,val
152520,val
152521,train
152522,train
152525,val
152526,val
152528,train
152531,val
152533,train
152535,val
152537,train
152538,val
152539,train
152542,val
152543,train
152548,train
152549,val
152550,train
152553,val
152554,val
152555,train
152558,val
152559,train
152563,val
152564,train
152566,train
152568,val
152570,train
152572,val
152575,train
152576,val
152580,train
152581,val
152582,val
152584,train
152588,val
152589,train
152592,val
152593,train
152596,val
152597,train
152598,train
152601,val
152602,train
152605,val
152606,train
152609,val
152612,val
152613,train
152614,val
152615,train
152618,train
152619,val
152623,train
152625,val
152627,train
152628,val
152630,val
152633,train
152634,val
152635,train
152638,val
152640,train
152642,train
152643,val
152646,val
152647,train
152650,val
152651,train
152654,val
152656,train
152660,train
152661,val
152663,val
152665,train
152666,train
152667,val
152671,train
152673,val
152674,train
152677,val
152678,train
152680,val
152682,val
152683,train
152687,val
152689,train
152691,train
152693,val
152694,val
152695,train
152698,val
152700,train
152704,train
152705,val
152706,train
152709,val
152712,val
152713,train
152715,train
152717,val
152720,val
152721,train
152723,train
152724,val
152728,train
152729,val
152730,val
152733,train
152735,train
152736,val
152740,val
152741,train
152743,val
152744,train
152746,val
152749,train
152750,val
152753,train
152754,train
152755,val
152758,val
152759,train
152764,val
152765,train
152766,train
152769,val
152771,train
152772,val
152775,val
152777,train
152778,val
152780,train
152782,train
152783,val
152787,train
152788,val
152791,val
204606,train
204609,train
204611,train
204613,train
204615,train
204907,train
204908,train
204911,train
204912,train
204914,train
204917,train
204918,train
204920,train
204922,train
204924,train
204926,train
204928,train
204930,train
204932,train
204934,train
204936,train
204938,train
204940,train
204942,train
204944,train
204947,train
204948,train
204950,train
204953,train
204955,train
204957,train
204958,train
204961,train
204963,train
204965,train
204967,train
204969,train
204970,train
204972,train
204974,train
204976,train
204979,train
175922,train
137898,val
183549,val
198484,val
138200,val
198578,val
198322,val
169303,train
138020,train
166430,train
166368,train
166337,train
124612,train
198697,val
137975,train
166470,train
138212,val
175888,train
168967,train
166513,train
175924,train
198344,val
198442,val
198483,val
169195,train
137811,val
169089,train
137770,val
166695,train
138046,train
137966,train
198422,val
198363,val
183501,val
176089,train
183472,val
169406,train
138004,val
183555,val
176033,train
152792,train
152795,train
152796,val
152798,train
152801,val
152802,val
152803,train
152807,train
152808,val
152812,train
152813,val
152815,val
152816,train
152818,val
152819,train
152822,val
152823,train
152827,train
152829,val
152830,train
152833,val
152834,val
152837,train
152839,val
152841,train
152842,val
152845,train
152848,train
152849,val
152850,train
152853,val
152855,train
152857,val
152858,train
152861,val
152862,val
152865,train
152868,train
152869,val
152870,train
152873,val
152875,val
152877,train
152879,train
152881,val
152884,val
152885,train
152887,val
152889,train
152890,train
152893,val
152896,val
152897,train
152898,train
152901,val
152904,train
152905,val
152908,train
152909,val
152910,train
152911,val
152915,val
152917,train
152919,val
152921,train
152922,train
152923,val
152927,train
152928,val
152930,train
152933,val
152934,val
152936,train
152939,train
152941,val
152942,train
152944,val
152947,train
152949,val
152951,train
152952,val
152954,val
152956,train
152958,val
152960,train
152963,train
152964,val
152966,train
152967,val
152970,val
152972,train
152974,train
152976,val
152979,train
152980,val
152982,val
152985,train
152986,train
152987,val
152990,val
152991,train
152995,train
152996,val
152999,train
153001,val
153002,train
153003,val
153007,val
153009,train
153011,val
153013,train
153014,train
153015,val
153018,train
153020,val
153022,train
153025,val
153027,val
153029,train
153030,val
153032,train
153035,val
153037,train
153038,val
153041,train
153044,train
153045,val
153048,val
153049,train
153050,val
153053,train
153054,val
153057,train
153059,train
153061,val
153062,train
153063,val
153068,val
153069,train
153071,train
153073,val
153076,val
153077,train
153078,val
153080,train
153082,val
153083,train
153088,train
153089,val
153091,train
153093,val
153096,train
153097,val
153098,val
153101,train
153103,val
153104,train
153108,val
153109,train
153110,train
153113,val
153115,train
153117,val
153118,train
153119,val
153124,train
153126,val
153131,val
153133,train
153134,train
153135,val
153139,train
153141,val
153142,val
153144,train
153147,train
153148,val
153151,train
153153,val
153154,val
153157,train
153159,train
153161,val
153162,train
153163,val
153167,val
153168,train
153171,train
153173,val
153175,train
153176,val
153180,train
153181,val
153182,train
153185,val
153188,train
153189,val
153191,val
153193,train
153196,val
153197,train
153198,train
153201,val
153203,val
153205,train
153206,val
153209,train
153210,train
153213,val
153214,train
153217,val
153218,val
153221,train
153222,train
153224,val
153227,val
153229,train
153232,train
153233,val
153234,train
153235,val
153238,val
153239,train
153243,val
153244,train
153248,val
153249,train
153251,val
153252,train
153254,val
153256,train
153259,val
153261,train
153262,val
153264,train
153267,val
153268,train
153272,train
153273,val
153274,train
153276,val
153279,train
153280,val
153282,train
153283,val
153287,train
153288,val
153291,val
153293,train
153296,val
153297,train
153298,val
153299,train
153302,train
153304,val
153307,train
153309,val
153310,val
153312,train
153314,val
153317,train
153319,train
153321,val
153323,val
153325,train
153328,val
153329,train
153330,train
153331,val
153334,train
153335,val
153338,val
153339,train
153343,val
153344,train
153346,val
153348,train
153351,val
153352,train
153355,val
153356,train
153358,train
153359,val
153363,val
153364,train
153368,train
153369,val
153371,val
153373,train
153376,train
153377,val
153378,val
153379,train
153384,val
153385,train
153386,train
153388,val
153391,val
153392,train
153394,val
153396,train
153399,val
153401,train
153404,train
153405,val
153407,train
153409,val
153410,val
204980,train
204982,train
204985,train
204986,train
204989,train
204991,train
204992,train
204994,train
204996,train
204999,train
205001,train
205003,train
205005,train
205007,train
205009,train
205011,train
205012,train
205014,train
205017,train
205018,train
205020,train
205022,train
205025,train
205027,train
205028,train
205030,train
205032,train
205034,train
205036,train
205038,train
205041,train
205042,train
205044,train
205047,train
205048,train
205050,train
205052,train
205055,train
205057,train
205058,train
205061,train
205062,train
205065,train
205067,train
205069,train
205070,train
205073,train
205074,train
205076,train
205078,train
205080,train
205083,train
205085,train
205086,train
205089,train
205090,train
205092,train
205094,train
205097,train
205098,train
205100,train
205102,train
205104,train
205106,train
205108,train
205110,train
205112,train
205114,train
205116,train
205118,train
205121,train
205123,train
205125,train
205126,train
205129,train
205130,train
205132,train
205135,train
205137,train
205138,train
205140,train
205143,train
205145,train
205147,train
205148,train
205151,train
205152,train
205155,train
205157,train
205158,train
205161,train
205162,train
205164,train
205167,train
205168,train
205171,train
205173,train
205175,train
205176,train
205178,train
205180,train
205182,train
205185,train
205187,train
205188,train
205190,train
205193,train
205194,train
205196,train
205199,train
205200,train
205202,train
205205,train
205206,train
205208,train
205210,train
205212,train
205214,train
205216,train
205230,train
205232,train
205235,train
26703,train
26784,train
88923,train
88678,train
88581,train
88880,train
88818,train
26944,train
88946,train
177236,train
26575,train
26649,train
89052,train
139930,val
177234,train
26514,train
26749,train
26929,train
88890,train
26893,train
88636,train
26608,train
26677,train
26712,train
88667,train
88754,train
88856,train
89124,train
88702,train
26508,train
88563,train
26620,train
26924,train
26721,train
88981,train
139884,val
88645,train
139925,val
26735,train
26691,train
154655,val
154660,val
154663,val
154668,val
154670,val
154673,val
154676,val
154677,val
154679,val
154681,val
154682,val
154686,val
154692,val
154697,val
154701,val
154704,val
154706,val
154712,val
154716,val
154720,val
154723,val
154729,val
154733,val
154737,val
154738,val
154744,val
154746,val
154750,val
154757,val
154759,val
154763,val
154766,val
154771,val
154777,val
154780,val
154784,val
154788,val
154792,val
154794,val
154801,val
154805,val
154807,val
154813,val
154814,val
154818,val
154824,val
154826,val
154833,val
154835,val
154840,val
154842,val
154846,val
154850,val
154857,val
154861,val
154862,val
154869,val
154872,val
154875,val
154878,val
154885,val
154887,val
154890,val
154897,val
154901,val
154904,val
154908,val
154910,val
154915,val
154920,val
154924,val
154927,val
154930,val
154935,val
154938,val
154944,val
154948,val
154950,val
154955,val
154960,val
154962,val
154968,val
154970,val
154974,val
154978,val
154982,val
154987,val
154990,val
154995,val
154999,val
155004,val
155007,val
155012,val
155017,val
155019,val
155025,val
155028,val
155033,val
155036,val
155039,val
155043,val
155048,val
155052,val
155057,val
155060,val
155064,val
155069,val
155070,val
155074,val
155080,val
155085,val
155089,val
155091,val
205884,train
205887,train
205889,train
205890,train
75715,val
12243,val
113665,val
75772,val
76121,val
88798,val
63531,train
27043,val
63948,train
26745,val
113969,val
113720,train
75976,train
12195,train
88617,val
26806,val
75818,train
63598,train
12305,train
63552,train
63535,train
63610,train
113807,train
75702,val
63621,train
12009,val
88816,val
113659,train
12169,val
113827,train
12272,val
63605,train
167894,train
12037,val
75711,val
12013,val
26600,val
75724,val
113864,val
63882,train
41679,train
41682,train
41683,train
41686,train
41688,train
41689,train
41692,train
41693,train
41695,train
41697,train
41700,train
41702,train
41703,train
41705,train
41707,train
41708,train
41711,train
41712,train
41716,train
41718,train
41719,train
41721,train
41725,train
41726,train
41729,train
41730,train
41732,train
41733,train
41736,train
41737,train
41740,train
41741,train
41743,train
41746,train
41749,train
41750,train
41751,train
41754,train
41755,train
41758,train
41759,train
41760,train
41763,train
41765,train
41767,train
41769,train
41771,train
41772,train
41775,train
41776,train
41779,train
41782,train
41785,train
41786,train
41789,train
41790,train
41791,train
41793,train
41795,train
41798,train
41799,train
41801,train
41804,train
41806,train
41808,train
41810,train
41812,train
41813,train
41815,train
41818,train
41820,train
41822,train
41824,train
41826,train
41827,train
41830,train
41831,train
41834,train
41835,train
41836,train
41841,train
41842,train
41843,train
41845,train
41847,train
41848,train
41851,train
41854,train
41856,train
41857,train
41861,train
41862,train
41864,train
41866,train
41867,train
41869,train
41873,train
41874,train
41875,train
41877,train
41879,train
41881,train
41884,train
41886,train
41889,train
41890,train
41892,train
41893,train
41895,train
41897,train
41899,train
41902,train
41903,train
41905,train
41907,train
41908,train
41911,train
41913,train
41916,train
41918,train
41921,train
41923,train
41926,train
41928,train
41930,train
41932,train
41934,train
41935,train
41936,train
41940,train
41941,train
41943,train
41944,train
41948,train
41950,train
41953,train
41954,train
41956,train
41957,train
41959,train
41960,train
41963,train
41965,train
41967,train
41970,train
41971,train
41973,train
41975,train
41978,train
41980,train
41982,train
41985,train
41986,train
41987,train
41989,train
41992,train
41997,train
42001,train
101006,train
101011,train
101016,train
101019,train
101022,train
101029,train
101030,train
101032,train
101035,train
101037,train
101038,train
101041,train
101043,train
101045,train
101046,train
101047,train
101050,train
101052,train
101055,train
101057,train
101059,train
101060,train
101062,train
101064,train
101066,train
101068,train
101070,train
101072,train
101075,train
101076,train
101080,train
101081,train
101083,train
101084,train
101086,train
101088,train
101090,train
101091,train
101094,train
101095,train
101098,train
101099,train
101102,train
101104,train
101106,train
101109,train
101111,train
101112,train
101114,train
101116,train
101118,train
101121,train
101123,train
101125,train
101127,train
101128,train
101130,train
101133,train
101135,train
101137,train
101139,train
101140,train
101142,train
101144,train
101146,train
101148,train
101150,train
101152,train
101154,train
101156,train
101159,train
101160,train
101163,train
101165,train
101166,train
101169,train
101170,train
101171,train
101176,train
101177,train
101179,train
101180,train
101182,train
101185,train
101186,train
101189,train
101190,train
101192,train
101194,train
101195,train
101199,train
101200,train
101202,train
101204,train
101207,train
101209,train
101210,train
101211,train
101215,train
101216,train
101219,train
101221,train
101223,train
101225,train
101226,train
101227,train
101230,train
101231,train
101235,train
101236,train
101239,train
101241,train
101244,train
101245,train
101248,train
101249,train
101250,train
101252,train
101254,train
101256,train
101260,train
101261,train
101264,train
101265,train
101268,train
101269,train
101270,train
101271,train
101274,train
101276,train
101278,train
101281,train
101284,train
101285,train
101286,train
101289,train
101291,train
101292,train
101295,train
101296,train
101298,train
101301,train
101302,train
101304,train
101306,train
101307,train
101311,train
101314,train
101319,train
140384,val
126006,train
126126,train
126498,train
126164,train
177481,train
177395,train
140218,val
199707,val
140114,val
140120,train
126439,train
126209,train
199656,val
168184,train
177301,train
140306,train
126053,train
126251,train
140196,train
199842,val
126001,train
126169,train
168040,train
140156,train
199744,val
126476,train
140226,val
172298,val
126473,train
126596,train
172289,val
177471,train
126000,train
177306,train
177309,train
140109,val
168419,train
126088,train
126385,train
154684,val
154688,val
154691,val
154695,val
154699,val
154702,val
154707,val
154711,val
154714,val
154718,val
154722,val
154727,val
154730,val
154734,val
154740,val
154742,val
154748,val
154752,val
154754,val
154760,val
154765,val
154768,val
154772,val
154775,val
154778,val
154782,val
154789,val
154791,val
154797,val
154798,val
154804,val
154806,val
154811,val
154816,val
154819,val
154823,val
154828,val
154831,val
154837,val
154839,val
154844,val
154848,val
154853,val
154855,val
154860,val
154864,val
154867,val
154870,val
154874,val
154879,val
154882,val
154889,val
154891,val
154896,val
154899,val
154902,val
154906,val
154913,val
154917,val
154918,val
154922,val
154929,val
154931,val
154936,val
154940,val
154943,val
154947,val
154952,val
154956,val
154958,val
154965,val
154966,val
154973,val
154977,val
154980,val
154983,val
154988,val
154992,val
154994,val
155001,val
155002,val
155009,val
155011,val
155016,val
155018,val
155022,val
155026,val
155030,val
155035,val
155040,val
155042,val
155046,val
155050,val
155056,val
155058,val
155062,val
205892,train
205895,train
205896,train
205898,train
205900,train
205902,train
205905,train
205907,train
205908,train
205910,train
205913,train
205914,train
205916,train
205918,train
205920,train
205923,train
205924,train
205927,train
205928,train
205930,train
205933,train
205934,train
205936,train
205939,train
205940,train
205942,train
205945,train
205947,train
205949,train
205951,train
205953,train
205954,train
205957,train
205958,train
205961,train
205962,train
205964,train
205966,train
205969,train
205971,train
205973,train
205975,train
205977,train
205979,train
205981,train
205983,train
205984,train
205987,train
205989,train
205991,train
205993,train
205994,train
205997,train
205999,train
206001,train
206002,train
206004,train
206007,train
206009,train
206011,train
206013,train
206015,train
206017,train
206019,train
206020,train
206023,train
206025,train
206027,train
206028,train
206031,train
206032,train
206034,train
206037,train
206039,train
206041,train
206042,train
206044,train
206046,train
206048,train
206050,train
206053,train
206055,train
206056,train
206058,train
206060,train
206063,train
206065,train
206067,train
206069,train
206071,train
206073,train
206074,train
206077,train
206078,train
206081,train
206083,train
206084,train
206086,train
206089,train
206091,train
206093,train
206094,train
206097,train
130048,train
171749,train
130033,train
194502,train
171682,train
130037,train
17556,train
194486,train
178689,train
130029,train
194446,train
171709,train
129975,train
130110,val
17547,train
31183,train
130084,train
129966,train
129981,train
194451,train
201221,train
201204,train
194469,train
171739,train
194460,train
130113,train
130101,val
130088,val
201233,train
31157,train
130125,val
130011,train
178695,train
130139,val
130077,val
129972,train
130096,train
130115,train
130055,val
130107,train
48919,val
48925,val
48930,val
48931,val
48935,val
48942,val
48946,val
48950,val
48953,val
144637,train
144638,train
144642,train
144643,train
144647,train
144649,train
144650,train
144652,train
144655,train
144657,train
144659,train
144660,train
144663,train
144664,train
144666,train
144667,train
144671,train
144673,train
144675,train
144676,train
144678,train
144679,train
144683,train
144685,train
144687,train
144688,train
144691,train
144693,train
144694,train
144695,train
144698,train
144699,train
144702,train
144705,train
144707,train
144708,train
144710,train
144711,train
144714,train
144716,train
144718,train
144721,train
144723,train
144724,train
144726,train
144727,train
144730,train
144731,train
144735,train
144736,train
144739,train
144741,train
144743,train
144744,train
144747,train
144748,train
144751,train
144753,train
144754,train
144756,train
144759,train
144761,train
144763,train
144765,train
144767,train
144769,train
144770,train
144772,train
144774,train
144777,train
144778,train
144781,train
144783,train
144785,train
144787,train
144789,train
144791,train
144793,train
144794,train
144797,train
144798,train
144799,train
144802,train
144805,train
144808,train
144809,train
144810,train
144812,train
144815,train
144816,train
144819,train
144821,train
144824,train
144825,train
144826,train
144829,train
144830,train
144833,train
144835,train
144837,train
144838,train
144840,train
144842,train
144845,train
144846,train
144847,train
144850,train
144852,train
144855,train
144857,train
144859,train
144860,train
144863,train
144864,train
144867,train
144868,train
144871,train
144873,train
144874,train
144876,train
144878,train
144880,train
144883,train
144884,train
144886,train
144887,train
144892,train
144894,train
144901,train
144904,train
144906,train
144911,train
144917,train
144920,train
144924,train
144929,train
144932,train
144935,train
144940,train
144942,train
144946,train
144951,train
144956,train
144958,train
145314,train
145319,train
145324,train
145328,train
145333,train
158762,train
158763,train
158766,train
158768,train
158772,train
158773,train
158776,train
158777,train
158780,train
158781,train
158782,train
158783,train
158786,train
158788,train
158790,train
158791,train
158794,train
158795,train
158798,train
158801,train
158803,train
158804,train
158806,train
158808,train
158810,train
158812,train
158814,train
158816,train
158818,train
158820,train
158823,train
158824,train
158828,train
158829,train
158832,train
159119,train
159122,train
159128,train
159131,train
30727,train
30444,train
17086,train
104783,train
116773,train
92353,train
30723,train
30715,train
30637,train
92330,train
92203,train
17390,val
31062,train
104354,train
92171,train
116909,val
30841,train
104547,train
17392,train
116946,train
116757,train
104313,train
80016,val
92355,train
17020,train
104562,train
116859,train
80188,train
79927,val
92231,train
30512,train
104419,train
92088,train
30683,train
104303,train
79847,train
80242,train
104240,train
92193,train
30795,train
48134,val
48136,train
48137,val
48139,val
48142,train
48144,train
48145,val
48149,train
48150,val
48153,val
48154,train
48156,train
48158,val
48159,train
48160,val
48163,val
48164,train
48168,train
48169,val
48173,train
48174,val
48176,val
48178,train
48179,val
48180,train
48184,val
48185,train
48189,val
48190,train
48192,train
48193,val
48195,train
48196,val
48199,val
48200,train
48203,val
48205,train
48209,val
48210,train
48213,train
48214,val
48217,val
48218,train
48219,val
48222,train
48223,train
48226,val
48228,val
48229,train
48231,train
48233,val
48235,train
48237,val
48239,train
48241,val
48245,val
48246,train
48247,train
48250,val
48251,val
48254,train
48255,val
48257,train
48261,val
48262,train
48263,val
48264,train
48269,val
48270,train
48271,val
48272,train
48276,train
48277,val
48279,val
48282,train
48284,train
48286,val
48288,train
48290,val
48292,val
48293,train
48295,train
48297,val
48299,train
48300,val
48303,val
48304,train
48307,train
48309,val
48311,train
48314,val
48315,val
48316,train
48319,val
48320,train
48324,train
48326,val
48328,train
48330,val
48331,train
48333,val
48335,train
48336,val
48339,val
48340,train
48344,val
48345,train
48347,val
48349,train
48351,val
48353,train
48355,val
48356,train
48359,train
48362,val
48364,val
48366,train
48367,val
48368,train
48371,train
48374,val
48375,val
48378,train
48379,train
48381,val
48383,train
48384,val
48388,val
48389,train
48391,train
48393,val
48395,val
48397,train
48399,val
48401,train
48403,train
48404,val
48407,train
48408,val
48411,val
48412,train
48415,val
48417,train
48420,train
48422,val
48424,train
48426,val
48429,val
48430,train
48431,val
48433,train
48437,train
48438,val
48440,val
48442,train
48445,train
48446,val
48448,val
48450,train
48452,val
48454,train
48457,train
48458,val
48460,train
48461,val
48463,train
48464,val
48468,train
48469,val
48471,train
48474,val
48476,train
48478,val
48480,train
48481,val
48484,train
48486,val
48487,train
48490,val
48491,train
48494,val
48495,train
48498,val
48499,val
48500,train
48503,val
48505,train
48507,val
48510,train
48511,train
48513,val
48516,val
48518,train
48520,train
48522,val
48523,train
48526,val
48527,train
48530,val
48531,val
48533,train
48535,train
48536,val
48541,val
48542,train
48543,val
48546,train
48547,train
48548,val
48551,train
48554,val
48555,train
48557,val
48559,val
48561,train
48563,val
48566,train
48567,val
48570,train
48571,val
48574,train
48575,train
48576,val
48580,val
48581,train
48584,val
48585,train
48587,val
48589,train
48591,val
48592,train
48595,val
48598,train
48600,val
48602,train
48603,val
48606,train
48607,val
48608,train
48611,val
48612,train
48615,train
48617,val
48620,train
48622,val
48625,val
48626,train
48627,train
48629,val
48633,train
48637,train
116559,train
116388,train
16665,val
29979,train
66969,train
29592,train
103967,train
66588,train
16777,val
16620,train
16376,val
116540,train
16447,train
16859,val
103808,train
116359,train
29924,train
66831,train
91574,train
16691,val
30377,train
16606,val
29923,train
116419,train
30389,train
103928,train
30407,train
91890,train
79460,val
16687,train
16937,train
66453,train
116533,val
104081,train
16882,train
91562,train
16360,train
66595,train
79500,val
103841,train
47457,train
47461,train
47463,train
47467,train
47471,train
47477,train
47482,train
47483,train
47487,train
47491,train
47498,train
47502,train
47506,train
47508,train
47513,train
47517,train
47521,train
47525,train
47530,train
47533,train
47535,train
47541,train
47603,train
47608,train
47614,train
47615,train
47620,train
47625,train
47628,train
47631,train
47637,train
47639,train
47645,train
47649,train
47651,train
47658,train
47662,train
47664,train
47669,train
47672,train
47676,train
47681,train
47686,train
47690,train
47692,train
47702,train
47704,train
47710,train
47711,train
47717,train
47720,train
47726,train
47730,train
47734,train
47735,train
47742,train
47746,train
47747,train
47754,train
47755,train
47759,train
47765,train
47767,train
47773,train
47777,train
47781,train
47786,train
47789,train
47791,train
47797,train
47802,train
47805,train
47810,train
47813,train
47816,train
47822,train
47825,train
47827,train
47831,train
47836,train
47842,train
47843,train
47847,train
47851,train
47857,train
47860,train
47864,train
47867,train
47872,train
47876,train
47879,train
47884,train
47888,train
47894,train
47895,train
47899,train
47904,train
47908,train
47913,train
47917,train
47922,train
47923,train
47928,train
47931,train
47937,train
47942,train
47943,train
47947,train
47953,train
47956,train
47960,train
47965,train
47969,train
47971,train
47975,train
47979,train
47984,train
47989,train
47992,train
47996,train
48002,train
48003,train
48009,train
48014,train
48015,train
48021,train
48025,train
48028,train
48032,train
48036,train
48040,train
48044,train
48048,train
48053,train
48057,train
48062,train
48064,train
48067,train
48074,train
48075,train
48080,train
48085,train
48089,train
48093,train
48096,train
48101,train
48104,val
48106,train
48108,val
48110,train
48111,val
48114,train
48115,val
48118,train
48119,val
48120,train
48124,val
48126,train
48128,train
48130,val
48132,train
178649,train
171311,train
129653,train
129771,train
201042,train
178529,train
201115,train
129785,train
171180,train
171344,train
129649,train
201102,train
194360,train
178487,train
194403,train
129677,train
201117,train
129913,train
171340,train
178661,train
171252,train
194409,train
129688,train
171428,train
201183,train
129751,train
129812,train
178617,train
129663,train
201190,train
129690,train
178488,train
129614,train
194389,train
129621,train
129589,train
129920,train
129491,train
194397,train
201036,train
144331,train
144336,train
144341,train
144342,train
144345,train
144348,train
144349,train
144350,train
144352,train
144354,train
144355,train
144358,train
144361,train
144362,train
144364,train
144366,train
144369,train
144370,train
144373,train
144374,train
144377,train
144378,train
144381,train
144382,train
144385,train
144386,train
144387,train
144391,train
144392,train
144394,train
144396,train
144399,train
144400,train
144404,train
144405,train
144408,train
144409,train
144411,train
144412,train
144415,train
144417,train
144418,train
144421,train
144423,train
144425,train
144426,train
144427,train
144432,train
144433,train
144435,train
144437,train
144438,train
144440,train
144442,train
144445,train
144446,train
144448,train
144450,train
144451,train
144455,train
144456,train
144459,train
144460,train
144462,train
144463,train
144466,train
144468,train
144470,train
144471,train
144474,train
144475,train
144478,train
144480,train
144482,train
144484,train
144486,train
144488,train
144491,train
144493,train
144494,train
144496,train
144498,train
144500,train
144503,train
144504,train
144506,train
144508,train
144510,train
144512,train
144514,train
144517,train
144518,train
144519,train
144523,train
144524,train
144526,train
144528,train
144531,train
144533,train
144534,train
144535,train
144539,train
144541,train
144542,train
144545,train
144547,train
144548,train
144550,train
144552,train
144556,train
144557,train
144559,train
144561,train
144564,train
144565,train
144566,train
144568,train
144570,train
144572,train
144574,train
144575,train
144578,train
144579,train
144584,train
144585,train
144588,train
144589,train
144592,train
144593,train
144596,train
144597,train
144598,train
144599,train
144603,train
144605,train
144608,train
144609,train
144612,train
144613,train
144616,train
144617,train
144619,train
144620,train
144623,train
144625,train
144627,train
144629,train
144630,train
144632,train
144634,train
144641,train
158371,train
158375,train
158376,train
158379,train
158380,train
158383,train
158384,train
158386,train
158388,train
158390,train
158391,train
158394,train
158397,train
158398,train
158401,train
158403,train
158405,train
158407,train
158408,train
158410,train
158411,train
158414,train
158415,train
158419,train
158421,train
158422,train
158424,train
158428,train
158429,train
158432,train
158433,train
158435,train
158436,train
158439,train
158440,train
158443,train
158445,train
158447,train
158449,train
158451,train
158452,train
158455,train
158457,train
158459,train
158461,train
158464,train
158465,train
158466,train
158468,train
158470,train
158473,train
158475,train
158476,train
158479,train
158480,train
158482,train
158484,train
158486,train
158489,train
158491,train
158493,train
158494,train
158495,train
158498,train
158500,train
158502,train
158503,train
158507,train
158508,train
158511,train
158512,train
158515,train
158516,train
158519,train
158521,train
158522,train
158523,train
158527,train
158529,train
158532,train
158533,train
158535,train
158537,train
158538,train
158539,train
158542,train
158545,train
158547,train
158549,train
158550,train
158552,train
158554,train
158555,train
158559,train
158561,train
158562,train
158565,train
158566,train
158567,train
158570,train
158571,train
158574,train
158575,train
158578,train
158580,train
158583,train
158585,train
158588,train
158589,train
158592,train
158593,train
158594,train
158597,train
158598,train
158600,train
158603,train
158604,train
158608,train
158609,train
158612,train
158613,train
158616,train
158617,train
158620,train
158621,train
158622,train
158624,train
158627,train
158629,train
158631,train
158633,train
158636,train
158637,train
158639,train
158640,train
158642,train
158643,train
158648,train
158649,train
158652,train
158653,train
158656,train
158657,train
158659,train
158660,train
158662,train
158663,train
158668,train
158669,train
158671,train
158672,train
158676,train
158677,train
158679,train
158680,train
158682,train
158683,train
158686,train
158687,train
158692,train
158693,train
158694,train
158697,train
158698,train
158701,train
158702,train
158703,train
158708,train
158709,train
158710,train
158711,train
158715,train
158717,train
158718,train
158719,train
158722,train
158723,train
158726,train
158729,train
158732,train
158733,train
158734,train
158737,train
158738,train
158741,train
158742,train
158745,train
158747,train
158749,train
158750,train
158752,train
158754,train
158755,train
158758,train
158759,train
129402,train
178426,train
178469,train
194313,train
178451,train
200995,train
129442,train
129450,train
178431,train
178461,train
129408,train
129430,train
129399,train
171144,train
129473,train
194311,train
129428,train
178458,train
171162,train
129484,train
194318,train
200990,train
129446,train
171135,train
129441,train
171153,train
178470,train
129429,train
178436,train
178438,train
129481,train
201003,train
116518,val
178466,train
200992,train
67009,train
178442,train
129417,train
178440,train
178449,train
48099,val
144191,train
144196,train
144199,train
144202,train
144206,train
144208,train
144210,train
144211,train
144215,train
144216,train
144220,train
144221,train
144222,train
144225,train
144227,train
144229,train
144231,train
144232,train
144234,train
144235,train
144238,train
144239,train
144242,train
144243,train
144247,train
144249,train
144252,train
144253,train
144255,train
144256,train
144258,train
144260,train
144263,train
144264,train
144267,train
144268,train
144271,train
144272,train
144276,train
144277,train
144279,train
144281,train
144282,train
144284,train
144286,train
144288,train
144291,train
144292,train
144294,train
144297,train
144299,train
144300,train
144303,train
144304,train
144306,train
144308,train
144310,train
144312,train
144314,train
144316,train
144318,train
144320,train
144323,train
144325,train
144327,train
144329,train
144333,train
144334,train
144338,train
158324,train
158327,train
158331,train
158337,train
158341,train
158343,train
158346,train
158347,train
158350,train
158352,train
158356,train
158357,train
158358,train
158361,train
158362,train
158365,train
158368,train
158369,train
158370,train
29843,train
91349,train
29826,train
79272,val
79169,val
29752,train
29832,train
29705,train
16529,val
29781,train
29697,train
79249,val
29828,train
79155,val
29839,train
91439,train
29707,train
29647,train
91343,train
29746,train
29658,train
79240,val
16493,train
79320,val
29742,train
16496,train
29655,train
29737,train
29694,train
79351,val
91531,train
29660,train
79308,val
29787,train
16484,train
29762,train
79228,val
29668,train
29793,train
91517,train
47543,train
47547,train
47551,train
47555,train
47559,train
47566,train
47568,train
47571,train
47576,train
47580,train
47584,train
47590,train
47593,train
47596,train
47600,train
1513,train
1519,train
1523,train
1527,train
1529,train
1533,train
1536,train
1543,train
1545,train
1549,train
1554,train
1558,train
1560,train
1564,train
106400,train
106403,train
173210,train
173214,train
173218,train
173223,train
146236,train
146239,train
161730,val
161736,val
161739,val
161744,val
161746,val
5974,train
70206,val
120277,train
120254,train
120300,train
70228,val
19700,train
19677,train
19721,train
19909,train
19774,train
120246,train
70218,val
120440,train
19699,train
19845,train
120368,train
19735,train
19795,train
120262,train
19683,train
19936,train
19913,train
120330,train
19850,train
70126,train
19922,train
120422,train
6009,train
19891,train
120297,train
19738,train
120384,train
19799,train
19762,train
120436,train
19878,train
19690,train
5957,train
19759,train
51573,val
51577,val
51582,val
51585,val
51588,val
51594,val
51598,val
83086,train
120067,train
94598,train
94255,val
94600,val
5893,train
69523,train
5811,train
69424,train
69444,train
70103,train
94384,val
82801,train
82944,train
5884,train
69940,train
82794,train
120200,train
5743,train
69794,train
94518,train
82727,train
70052,train
70274,val
70013,train
120449,train
120100,train
19515,train
70290,val
94314,val
82858,train
70070,train
94663,train
69812,train
94003,val
83007,train
94704,train
69707,train
69466,train
82861,train
50628,val
50632,val
50636,val
50639,val
50643,val
50647,val
50651,val
50696,val
50702,val
50703,val
50709,val
50714,val
50748,val
50754,val
50755,val
50760,val
50764,val
50770,val
50772,val
50775,val
50781,val
50783,val
50790,val
50793,val
50796,val
50799,val
50806,val
50808,val
50811,val
50818,val
50819,val
50825,val
50830,val
50834,val
50838,val
50840,val
50846,val
50847,val
50852,val
50858,val
50860,val
50864,val
50867,val
50873,val
50876,val
50880,val
50884,val
50890,val
50893,val
50898,val
50902,val
50903,val
50908,val
50911,val
50916,val
50921,val
50926,val
50930,val
50933,val
50938,val
50942,val
50945,val
50948,val
50953,val
50956,val
50960,val
50964,val
50970,val
50972,val
50977,val
50980,val
50985,val
50987,val
50993,val
50997,val
50999,val
51005,val
51009,val
51014,val
51018,val
51020,val
51024,val
51027,val
51031,val
51038,val
51041,val
51046,val
51050,val
51051,val
51058,val
51062,val
51066,val
51070,val
51073,val
51076,val
51080,val
51083,val
51089,val
51092,val
51096,val
51102,val
51106,val
51110,val
51111,val
51117,val
51121,val
51124,val
51129,val
51131,val
51137,val
51140,val
51146,val
51150,val
51152,val
51156,val
51159,val
51166,val
51169,val
51172,val
51177,val
51179,val
51183,val
51189,val
51194,val
51196,val
51202,val
51203,val
51227,val
51228,val
51231,val
51234,val
51235,val
51237,val
51240,val
51242,val
51244,val
51246,val
51248,val
51250,val
51253,val
51254,val
51256,val
51257,val
51261,val
51262,val
51264,val
51266,val
51267,val
51270,val
51272,val
51273,val
51276,val
51277,val
51281,val
51282,val
51284,val
51286,val
51287,val
51288,val
51291,val
51294,val
51295,val
51296,val
51299,val
51300,val
51303,val
51305,val
51308,val
51310,val
51313,val
51314,val
51315,val
51317,val
51319,val
51321,val
51324,val
51325,val
51327,val
51329,val
51331,val
51332,val
51335,val
51337,val
51341,val
51342,val
51345,val
51346,val
51348,val
51350,val
51353,val
51354,val
51356,val
51357,val
51360,val
51361,val
51364,val
51366,val
51368,val
51369,val
51372,val
51373,val
51375,val
51377,val
51380,val
51381,val
51384,val
51386,val
51388,val
51390,val
51392,val
51393,val
51396,val
51398,val
51400,val
51401,val
51403,val
51406,val
51407,val
51410,val
51412,val
51413,val
51415,val
51416,val
51419,val
51420,val
51423,val
51425,val
51427,val
51428,val
51432,val
51433,val
51435,val
51438,val
51439,val
51440,val
51443,val
51445,val
51448,val
51449,val
51452,val
51454,val
51457,val
51458,val
51459,val
51462,val
51463,val
51466,val
51467,val
51470,val
51471,val
51472,val
51477,val
51478,val
51480,val
51481,val
51483,val
51486,val
51487,val
51489,val
51492,val
51494,val
51495,val
51498,val
51499,val
51502,val
51503,val
51505,val
51508,val
51509,val
51511,val
51512,val
51517,val
51518,val
51519,val
51520,val
51523,val
51524,val
51528,val
51529,val
51533,val
51534,val
51537,val
51538,val
51541,val
51542,val
51543,val
51545,val
51547,val
51548,val
51552,val
51553,val
51556,val
51558,val
51560,val
51561,val
51563,val
51565,val
51569,val
51570,val
51574,val
51575,val
51581,val
51586,val
51589,val
51593,val
51595,val
51599,val
51601,val
51603,val
51604,val
51607,val
51608,val
51612,val
51613,val
51615,val
51616,val
51619,val
51622,val
51624,val
51626,val
51629,val
51630,val
51632,val
51633,val
51635,val
51637,val
51639,val
51641,val
51643,val
51647,val
51652,val
51655,val
51662,val
38762,val
9040,val
97584,val
97620,val
168060,train
73161,val
9122,val
9089,val
73157,val
168052,train
9031,val
9078,val
73137,val
85483,train
97586,val
8992,val
97590,val
136914,train
168039,train
9117,val
165678,train
168049,train
168044,train
73124,val
8979,val
165685,train
9102,val
110653,train
136901,train
136890,train
9141,val
73153,val
9135,val
9054,val
110642,train
85471,train
85502,train
9110,val
123310,train
8984,val
54652,train
54657,train
54661,train
54663,train
54666,train
54671,train
54675,train
54679,train
54685,train
54686,train
151759,val
151764,val
151768,val
151772,val
151775,val
151779,val
151784,val
151788,val
151792,val
151795,val
151798,val
151803,val
151809,val
151810,val
151817,val
151818,val
182633,val
182652,val
165428,train
165425,train
167613,train
165518,train
182659,val
167689,train
197603,val
197583,val
167682,train
167617,train
167628,train
197533,val
167648,train
197597,val
197618,val
165413,train
167632,train
197643,val
165506,train
197615,val
197558,val
182678,val
165483,train
197562,val
175361,train
167625,train
182693,val
197537,val
197601,val
165525,train
197632,val
175359,train
175374,train
165489,train
175315,train
197588,val
175342,train
167552,train
151000,val
151004,train
151005,val
151007,train
151009,val
151011,val
151013,train
151015,train
151017,val
151018,train
151021,val
151022,val
151023,train
151026,val
151027,train
151032,val
151033,train
151036,val
151037,train
151039,train
151041,val
151042,train
151044,val
151048,val
151049,train
151050,val
151052,train
151054,train
151056,val
151059,val
151060,train
151064,val
151065,train
151067,val
151069,train
151071,train
151072,val
151074,train
151075,val
151080,train
151081,val
151082,val
151085,train
151088,train
151089,val
151090,val
151092,train
151095,train
151096,val
151099,train
151100,val
151102,train
151104,val
151106,val
151109,train
151111,train
151113,val
151114,val
151117,train
151119,val
151121,train
151123,val
151125,train
151126,train
151127,val
151130,train
151131,val
151134,val
151137,train
151139,val
151140,train
151143,val
151145,train
151147,train
151148,val
151152,train
151153,val
151156,train
151157,val
151159,val
151160,train
151164,val
151165,train
151166,val
151169,train
151170,train
151172,val
151174,val
151176,train
151179,train
151180,val
151182,val
151183,train
151187,train
151189,val
151191,train
151193,val
151196,val
151197,train
151199,train
151200,val
151202,train
151204,val
151206,train
151207,val
151210,val
151212,train
151214,train
151217,val
151218,train
151221,val
151223,val
151225,train
151228,train
151229,val
151232,train
151233,val
151236,val
151241,val
151245,val
151249,val
151253,val
151254,val
151259,val
151263,val
151268,val
151272,val
151277,val
151278,val
151283,val
151287,val
151291,val
151296,val
151298,val
151304,val
151308,val
151312,val
151317,val
151320,val
151322,val
151329,val
151333,val
151335,val
151339,val
151344,val
151347,val
151352,val
151354,val
151359,val
151364,val
151369,val
151372,val
151375,val
151379,val
151384,val
151388,val
151392,val
151396,val
151398,val
151405,val
151409,val
151412,val
151415,val
151421,val
151425,val
151429,val
151431,val
151437,val
151439,val
151442,val
151447,val
151453,val
151454,val
151460,val
151462,val
151468,val
151473,val
204284,train
204286,train
204288,train
204290,train
204292,train
204295,train
204296,train
204298,train
204301,train
204303,train
204305,train
204306,train
204308,train
204310,train
204313,train
204315,train
204317,train
204318,train
204321,train
204322,train
204324,train
204326,train
204328,train
204330,train
204332,train
204334,train
204337,train
204338,train
204341,train
204342,train
204344,train
204346,train
204348,train
204351,train
204352,train
204354,train
204356,train
204358,train
204361,train
204363,train
204365,train
204366,train
204369,train
204371,train
204372,train
204374,train
204376,train
204378,train
204381,train
204383,train
204384,train
204387,train
204388,train
204391,train
204393,train
204395,train
204396,train
204399,train
204400,train
204402,train
204404,train
204406,train
204408,train
204411,train
204413,train
204415,train
204417,train
204418,train
204420,train
204422,train
204426,train
204428,train
175484,train
175388,train
182895,val
197719,val
175506,train
167789,train
167996,train
175447,train
175444,train
167908,train
175526,train
165576,train
175432,train
182843,val
197736,val
167911,train
136860,train
182876,val
167784,train
167798,train
197711,val
182812,val
182743,val
136845,train
182764,val
197716,val
182872,val
197760,val
175515,train
168017,train
175464,train
197722,val
197779,val
175442,train
182891,val
175521,train
197676,val
182878,val
175461,train
182785,val
151477,val
151479,val
151483,val
151489,val
151491,val
151495,val
151499,val
151500,train
151503,val
151504,train
151506,val
151508,train
151511,val
151513,train
151515,val
151517,train
151518,train
151519,val
151523,train
151524,val
151528,train
151529,val
151530,train
151533,val
151534,val
151535,train
151538,train
151541,val
151542,train
151543,val
151547,val
151548,train
151550,val
151553,train
151556,val
151557,train
151558,train
151560,val
151564,val
151565,train
151566,val
151568,train
151570,train
151573,val
151575,train
151576,val
151580,train
151581,val
151582,val
151585,train
151586,val
151589,train
151590,train
151591,val
151594,val
151595,train
151600,val
151601,train
151603,train
151605,val
151608,train
151609,val
151611,train
151613,val
151614,val
151615,train
151618,train
151621,val
151623,val
151625,train
151628,train
151629,val
151631,val
151632,train
151635,val
151637,train
151640,val
151641,train
151643,val
151645,train
151647,val
151648,train
151651,val
151652,train
151655,train
151657,val
151658,val
151661,train
151663,train
151665,val
151666,train
151668,val
151671,val
151673,train
151675,train
151676,val
151678,val
151681,train
151683,val
151684,train
151686,train
151688,val
151692,train
151693,val
151694,val
151695,train
151698,val
151701,train
151702,train
151703,val
151707,val
151708,train
151711,val
151712,train
151716,train
151717,val
151718,train
151719,val
151723,val
151724,train
151727,train
151728,val
151730,train
151732,val
151735,val
151736,train
151739,val
151740,train
151742,val
151744,train
151746,train
151748,val
151750,val
151751,train
151755,train
151756,val
151758,train
151763,train
151769,train
151773,train
151777,train
151781,train
151782,train
151787,train
151793,train
151797,train
151801,train
151802,train
151807,train
151813,train
204430,train
204433,train
204435,train
204437,train
204438,train
204441,train
204442,train
204445,train
204447,train
204448,train
204451,train
204453,train
204454,train
204456,train
204459,train
204461,train
204462,train
204464,train
204467,train
204469,train
204471,train
204473,train
204474,train
204477,train
204483,train
204485,train
204486,train
204489,train
204490,train
204492,train
204494,train
204496,train
204499,train
204501,train
204503,train
204504,train
204507,train
204508,train
204510,train
204512,train
204514,train
204516,train
204519,train
204520,train
204523,train
204524,train
204526,train
204529,train
204531,train
204533,train
204535,train
204537,train
204538,train
204540,train
204542,train
204544,train
204547,train
204549,train
204551,train
204553,train
204555,train
204556,train
204559,train
204561,train
204562,train
204564,train
204567,train
204568,train
204571,train
204572,train
204574,train
204577,train
204578,train
204581,train
204582,train
204585,train
204587,train
204589,train
204591,train
69357,train
69358,train
69365,train
69368,train
69372,train
69377,train
82408,train
82415,train
82417,train
82422,train
82426,train
93916,val
93918,val
93922,val
93927,val
93931,val
119686,train
119693,train
119697,train
119701,train
50534,val
50538,val
50542,val
50545,val
50549,val
50552,val
50557,val
173602,train
173604,train
173606,train
173609,train
173610,train
173613,train
179604,train
179606,train
179609,train
179611,train
179613,train
195408,train
195410,train
195412,train
195415,train
195417,train
195418,train
195420,train
195458,train
195460,train
195462,train
195464,train
195466,train
195468,train
195471,train
195473,train
195474,train
195476,train
195478,train
202183,train
202185,train
202187,train
202188,train
202190,train
202193,train
202195,train
202197,train
202199,train
160656,train
160661,train
160665,train
160668,train
160672,train
160674,train
160680,train
160684,train
160688,train
162123,val
162126,val
162131,val
162134,val
162139,val
132009,train
132011,train
179573,train
179574,train
179577,train
195379,train
195381,train
195382,train
202153,train
202155,train
160587,train
160591,train
160595,train
160601,train
162065,val
119257,train
36153,val
131278,val
34299,val
70954,val
81902,train
20628,train
119272,train
131332,val
179254,train
106066,train
119220,train
133831,train
18226,val
81887,train
133848,train
119183,train
119216,train
119205,train
119264,train
20646,train
131408,val
119107,val
133813,train
131375,val
131504,val
133842,train
119207,train
36149,val
119230,train
81855,train
20653,train
131436,val
131426,val
131273,val
174356,train
70973,val
131481,val
119166,train
81882,train
49782,val
49783,val
146121,train
146125,train
146126,train
146133,train
146134,train
146139,train
146143,train
146146,train
146150,train
146155,train
146159,train
146163,train
146169,train
159867,train
159871,train
159875,train
159880,train
159884,train
159888,train
159890,train
159893,train
159895,train
159897,train
159900,train
159902,train
159908,train
159913,train
159915,train
159921,train
159925,train
159929,train
159932,train
159934,train
159940,train
159943,train
159948,train
159950,train
159957,train
159958,train
159963,train
159966,train
159972,train
159974,train
159978,train
159982,train
159987,train
159990,train
159995,train
159999,train
160003,train
160006,train
160012,train
160017,train
160021,train
160023,train
160027,train
160031,train
160036,train
160041,train
160043,train
160047,train
160050,train
160057,train
160061,train
160064,train
160066,train
160070,train
160077,train
160079,train
160082,train
160086,train
160090,train
160095,train
160098,train
160104,train
160108,train
160113,train
160116,train
160120,train
160125,train
160127,train
160133,train
160135,train
160138,train
160143,train
160147,train
160153,train
160156,train
160159,train
160165,train
160167,train
160170,train
160176,train
160178,train
161656,val
161659,val
161662,val
161667,val
161672,val
120876,train
107465,train
20599,train
70644,val
70594,val
107744,train
164741,train
70920,val
70489,val
120929,train
107530,train
132724,train
19604,val
107451,train
120804,train
120773,train
70434,val
70474,val
20392,train
120548,val
35846,val
35932,train
70336,val
36095,train
107718,train
6214,train
20452,train
107678,train
120748,val
70536,val
20221,train
107453,train
20495,train
20329,train
107480,train
70543,val
107496,train
83023,train
20346,train
20260,train
147488,train
147493,train
147497,train
147501,train
147505,train
147509,train
147511,train
147515,train
147521,train
147524,train
147526,train
147532,train
147535,train
147541,train
147542,train
147547,train
147552,train
147557,train
147561,train
147562,train
147569,train
147572,train
147574,train
147578,train
147582,train
147586,train
147593,train
147597,train
147599,train
147602,train
147606,train
147610,train
147614,train
147620,train
147624,train
147628,train
147631,train
147636,train
147640,train
147644,train
147649,train
147653,train
147656,train
147660,train
147663,train
148026,train
148030,train
148037,train
148041,train
148044,train
148046,train
148053,train
148054,train
148058,train
148402,train
148408,train
148412,train
70921,train
70829,train
6236,train
20385,train
20303,train
83288,train
94869,val
70537,train
94881,train
94793,train
70632,train
6286,train
6370,train
6261,train
120803,val
94798,train
83503,train
83483,train
94728,val
70941,train
120862,val
20236,train
70337,train
6165,train
20138,train
95003,val
70833,train
70464,train
6231,train
70713,train
20316,train
70872,train
94856,val
94952,val
94940,train
120867,val
71016,train
51644,val
51648,val
51654,val
51656,val
51661,val
51665,val
51666,val
51667,val
51670,val
51672,val
51674,val
51677,val
51678,val
51679,val
51682,val
51684,val
51686,val
51688,val
51689,val
51691,val
51692,val
51695,val
51697,val
51700,val
51702,val
51704,val
51706,val
51707,val
51708,val
51711,val
51712,val
51715,val
51718,val
51720,val
51722,val
51723,val
51725,val
51727,val
51728,val
51732,val
51734,val
51735,val
51737,val
51740,val
51741,val
51743,val
51744,val
51747,val
51749,val
51751,val
51754,val
51755,val
51757,val
51759,val
51760,val
51764,val
51765,val
51767,val
51770,val
51772,val
51773,val
51777,val
51778,val
51780,val
51782,val
51784,val
51786,val
51789,val
51790,val
51792,val
51794,val
51795,val
51798,val
51801,val
51802,val
51804,val
51805,val
51809,val
51810,val
51813,val
51814,val
51817,val
51818,val
51820,val
51822,val
51823,val
51825,val
51828,val
51829,val
51831,val
51833,val
51835,val
51837,val
51840,val
51842,val
51843,val
51846,val
51849,val
51850,val
51852,val
51854,val
51855,val
51856,val
51861,val
51862,val
51864,val
51865,val
51867,val
51868,val
51871,val
51872,val
51876,val
51878,val
51880,val
51881,val
51885,val
51886,val
51887,val
51888,val
51892,val
51893,val
51895,val
51898,val
51899,val
51902,val
51903,val
51905,val
51909,val
51910,val
51913,val
51914,val
51915,val
51918,val
51919,val
51922,val
51923,val
51924,val
51927,val
51929,val
51931,val
51934,val
51936,val
51938,val
51939,val
51941,val
51943,val
51944,val
51947,val
51948,val
51951,val
51952,val
51955,val
51956,val
51960,val
51961,val
51964,val
51965,val
51967,val
51970,val
51971,val
51974,val
51975,val
51977,val
51979,val
51981,val
51983,val
51985,val
51988,val
51990,val
51991,val
51994,val
51996,val
51998,val
52001,val
52002,val
52003,val
52004,val
52008,val
52010,val
52012,val
52014,val
52017,val
52020,val
52024,val
52027,val
52032,val
52036,val
165741,train
174309,train
181658,val
165599,train
202780,train
133856,train
202883,train
133699,train
202739,train
202808,train
174343,train
133477,train
174322,train
165440,train
174220,train
133785,train
18192,val
165342,train
174232,train
133517,train
133504,train
174270,train
165668,train
181529,val
181600,val
133893,train
165423,train
174312,train
165528,train
133452,train
133501,train
202727,train
133791,train
196109,train
202788,train
165481,train
18189,val
174151,train
133360,train
174335,train
148063,train
148067,train
148070,train
148076,train
148079,train
148081,train
148082,train
148084,train
148088,train
148089,train
148091,train
148093,train
148096,train
148097,train
148100,train
148101,train
148103,train
148105,train
148106,train
148108,train
148110,train
148112,train
148114,train
148115,train
148118,train
148120,train
148122,train
148125,train
148126,train
148129,train
148131,train
148133,train
148136,train
148137,train
148140,train
148141,train
148142,train
148144,train
148147,train
148148,train
148151,train
148152,train
148155,train
148156,train
148158,train
148160,train
148163,train
148164,train
148166,train
148168,train
148171,train
148173,train
148175,train
148177,train
148179,train
148181,train
148183,train
148185,train
148187,train
148188,train
148191,train
148192,train
148195,train
148196,train
148199,train
148200,train
148202,train
148203,train
148208,train
148209,train
148211,train
148213,train
148215,train
148216,train
148218,train
148220,train
148224,train
148225,train
148227,train
148229,train
148230,train
148232,train
148234,train
148237,train
148240,train
148241,train
148242,train
148243,train
148246,train
148247,train
148251,train
148253,train
148255,train
148257,train
148258,train
148259,train
148262,train
148264,train
148266,train
148268,train
148270,train
148273,train
148274,train
148276,train
148279,train
148280,train
148283,train
148285,train
148286,train
148289,train
148291,train
148293,train
148294,train
148297,train
148300,train
148301,train
148302,train
148305,train
148306,train
148309,train
148310,train
148313,train
148314,train
148317,train
148319,train
148321,train
148324,train
148325,train
148328,train
148329,train
148330,train
148332,train
148335,train
148337,train
148338,train
148341,train
148342,train
148345,train
148347,train
148348,train
148351,train
148353,train
148354,train
148357,train
148358,train
148361,train
148363,train
148364,train
148368,train
148369,train
148372,train
148373,train
148374,train
148377,train
148378,train
148379,train
148382,train
148383,train
148386,train
148389,train
148391,train
148392,train
148394,train
148395,train
148399,train
148400,train
148405,train
148406,train
148410,train
148415,train
163250,val
163256,val
163259,val
163263,val
163269,val
163270,val
163277,val
163278,val
163284,val
163286,val
163291,val
163295,val
163300,val
163303,val
163308,val
163313,val
163317,val
163319,val
163324,val
163326,val
163333,val
163337,val
163341,val
163342,val
163347,val
163350,val
163356,val
163360,val
163364,val
163368,val
38239,val
23090,train
8840,train
8933,train
8850,val
23378,train
97282,train
97131,val
97164,train
97517,train
85384,train
97188,train
97301,val
38484,val
123012,train
122980,val
8752,train
38517,train
23120,train
110505,train
38204,val
8650,train
9077,train
122903,val
8497,val
72910,val
110386,train
97143,val
8960,train
97019,train
72913,train
38262,train
85179,train
8774,train
122862,val
38696,val
38570,train
110380,train
110028,train
136252,train
53915,train
53919,train
53923,train
53925,train
53927,train
53928,train
53931,train
53933,train
53935,train
53936,train
53938,train
53939,train
53942,train
53944,train
53946,train
53948,train
53950,train
53951,train
53955,train
53956,train
53958,train
53959,train
53962,train
53963,train
53967,train
53969,train
53970,train
53973,train
53974,train
53977,train
53979,train
53981,train
53982,train
53983,train
53987,train
53989,train
53990,train
53992,train
53994,train
53997,train
53998,train
53999,train
54002,train
54004,train
54008,train
54009,train
54010,train
54013,train
54014,train
54017,train
54018,train
54021,train
54023,train
54024,train
54026,train
54028,train
54030,train
54031,train
54034,train
54036,train
54039,train
54041,train
54044,train
54045,train
54048,train
54049,train
54051,train
54053,train
54055,train
54057,train
54058,train
54061,train
54064,train
54065,train
54068,train
54069,train
54070,train
54071,train
54074,train
54076,train
54080,train
54081,train
54082,train
54085,train
54087,train
54089,train
54090,train
54092,train
54094,train
54096,train
54100,train
54101,train
54103,train
54104,train
54106,train
54108,train
54112,train
54113,train
54114,train
54116,train
54118,train
54119,train
54122,train
54123,train
54127,train
54129,train
54130,train
54132,train
54134,train
54137,train
54138,train
54139,train
54143,train
54144,train
54148,train
54149,train
54150,train
54152,train
54155,train
54157,train
54160,train
54161,train
54162,train
54165,train
54166,train
54167,train
54170,train
54171,train
54176,train
54177,train
54179,train
54180,train
54182,train
54183,train
54188,train
54189,train
54191,train
54192,train
54194,train
54197,train
54198,train
54201,train
54202,train
54204,train
54208,train
54209,train
54211,train
54212,train
54216,train
54217,train
54218,train
54219,train
54223,train
54225,train
54226,train
54229,train
54230,train
54233,train
54235,train
54237,train
54238,train
54240,train
54242,train
54244,train
54247,train
54249,train
54250,train
54251,train
54254,train
54255,train
54258,train
54260,train
54263,train
54265,train
54266,train
54267,train
54271,train
54272,train
54274,train
54275,train
54278,train
54281,train
54284,train
54285,train
54288,train
54289,train
54290,train
54291,train
54294,train
54296,train
54299,train
54300,train
54302,train
54304,train
54307,train
54309,train
54312,train
54313,train
54314,train
54317,train
54318,train
54321,train
54322,train
54325,train
54327,train
54328,train
54332,train
54333,train
54334,train
54337,train
54339,train
54340,train
54342,train
54345,train
54347,train
54348,train
54350,train
54353,train
54354,train
54356,train
54358,train
54359,train
54363,train
54365,train
54367,train
54369,train
54371,train
54373,train
54375,train
54377,train
54378,train
54381,train
54383,train
54384,train
54387,train
54389,train
54391,train
54393,train
54394,train
54395,train
54399,train
54401,train
54403,train
54404,train
54406,train
54409,train
54410,train
54412,train
54415,train
54416,train
54418,train
54419,train
54422,train
54423,train
54426,train
54427,train
54430,train
54433,train
54435,train
54436,train
54438,train
54439,train
54443,train
54445,train
54447,train
54448,train
54450,train
54451,train
54456,train
54457,train
54458,train
54460,train
54462,train
54464,train
54467,train
54468,train
54470,train
54473,train
54474,train
54475,train
54479,train
54480,train
54484,train
54485,train
54486,train
54488,train
54490,train
54493,train
54495,train
54497,train
54498,train
54501,train
54504,train
54505,train
54507,train
54508,train
54511,train
54512,train
54515,train
54516,train
54518,train
54521,train
54522,train
54524,train
54526,train
54528,train
54530,train
54532,train
54536,train
54537,train
54539,train
54540,train
54543,train
54545,train
54546,train
54549,train
54550,train
54553,train
54554,train
54555,train
54558,train
54560,train
54562,train
54565,train
54566,train
54568,train
54570,train
54573,train
54574,train
54575,train
54578,train
54580,train
54582,train
54584,train
54588,train
54589,train
54590,train
54592,train
54594,train
54595,train
54600,train
54601,train
54602,train
54604,train
54607,train
54609,train
54610,train
54613,train
54614,train
54617,train
54618,train
54620,train
54623,train
54624,train
54628,train
54629,train
54630,train
54633,train
54635,train
54637,train
54638,train
54639,train
54643,train
54645,train
54646,train
54649,train
54650,train
54654,train
54660,train
54664,train
54668,train
54670,train
54674,train
54678,train
54684,train
54687,train
54691,train
54696,train
54699,train
197659,val
197661,val
197663,val
197664,val
197666,val
197668,val
197671,val
151235,train
151238,train
151243,train
151248,train
151252,train
151256,train
151258,train
151262,train
151266,train
151270,train
151275,train
151279,train
151284,train
151288,train
151290,train
151295,train
151299,train
151305,train
151309,train
151313,train
151315,train
151319,train
151324,train
151326,train
151332,train
151334,train
151338,train
151343,train
151346,train
151350,train
151355,train
151360,train
151362,train
151366,train
151371,train
151377,train
151380,train
151383,train
151386,train
151391,train
151394,train
151401,train
151403,train
151407,train
151413,train
151417,train
151418,train
151423,train
151427,train
151432,train
151436,train
151440,train
151443,train
151449,train
151450,train
151455,train
151461,train
151463,train
151466,train
151472,train
151476,train
151481,train
151482,train
151487,train
151492,train
76717,val
77315,train
193332,train
77433,val
76867,train
127155,train
141610,val
76698,train
141968,val
114649,val
76569,train
141822,val
14890,train
64941,train
77029,val
193392,train
64909,train
172774,val
114460,val
77927,val
193212,train
76847,train
141704,val
76745,val
114522,val
77026,train
193398,train
127182,train
76843,train
27399,train
76956,train
193336,train
193223,train
127140,train
64906,train
141754,val
89597,train
76672,val
76928,val
45436,train
45439,train
45443,train
45449,train
45452,train
45457,train
45461,train
45465,train
45468,train
45471,train
45478,train
45482,train
45484,train
45487,train
45492,train
45496,train
45501,train
45504,train
45508,train
45514,train
45518,train
45522,train
45525,train
45527,train
45534,val
45538,val
45542,val
45544,val
45547,val
45552,val
45558,val
45559,val
45564,val
45570,val
45571,val
45575,val
45579,val
45584,val
45588,val
45593,val
45597,val
45602,val
45606,val
45608,val
45613,val
45616,val
45620,val
45624,val
45628,val
45634,val
45637,val
45640,val
45645,val
45649,val
45654,val
45656,val
45659,val
45664,val
45669,val
45672,val
45675,val
45680,val
45685,val
45687,val
45694,val
45698,val
45702,val
45703,val
45707,val
45712,val
45717,val
45722,val
45726,val
45729,val
45732,val
45737,val
45740,val
45745,val
45748,val
45751,val
45756,val
101836,train
101840,train
101843,train
101846,train
101853,train
101854,train
101859,train
101864,train
101868,train
101871,train
101875,train
101878,train
101882,train
101888,train
101892,train
101896,train
101900,train
101902,train
101908,train
101910,train
101917,train
101919,train
101924,train
101926,train
101933,train
101935,train
101941,train
101945,train
101949,train
101951,train
101957,train
101958,train
101962,train
101969,train
101970,train
101977,train
101978,train
101982,train
101989,train
101991,train
101997,train
102000,train
102004,train
102009,train
102012,train
102015,train
102018,train
102024,train
102027,train
102033,train
102035,train
102041,train
102044,train
102047,train
102051,train
155696,val
155727,val
155730,val
155734,val
155737,val
155739,val
155741,val
155742,val
155745,val
155746,val
155748,val
155752,val
155753,val
155755,val
155756,val
155758,val
155760,val
155762,val
155763,val
155766,val
155769,val
155772,val
155773,val
155775,val
155777,val
155778,val
155781,val
155782,val
155783,val
155787,val
155789,val
155791,val
155792,val
155795,val
155797,val
155798,val
155799,val
155802,val
155805,val
155806,val
155807,val
155810,val
155811,val
155815,val
155817,val
155820,val
155821,val
155822,val
155825,val
155826,val
155828,val
155830,val
155831,val
155834,val
155837,val
155839,val
155840,val
155844,val
155845,val
155847,val
155848,val
155851,val
155853,val
155854,val
155856,val
155859,val
155861,val
155862,val
155863,val
155867,val
155868,val
155871,val
155873,val
155876,val
155877,val
155878,val
155880,val
155882,val
155884,val
155886,val
155887,val
155891,val
155893,val
155895,val
155897,val
155899,val
155901,val
155902,val
155905,val
155906,val
155908,val
155910,val
155911,val
155916,val
155917,val
155919,val
155920,val
155923,val
155924,val
155927,val
155929,val
155930,val
155932,val
155934,val
155937,val
155939,val
155941,val
155942,val
155943,val
155946,val
155947,val
155950,val
155951,val
155954,val
155955,val
155960,val
155961,val
155964,val
155965,val
155968,val
155969,val
155970,val
155972,val
155976,val
155977,val
155978,val
155980,val
155983,val
155984,val
155986,val
155987,val
155991,val
155993,val
155995,val
155997,val
155998,val
155999,val
156003,val
156005,val
156006,val
156009,val
156010,val
156012,val
156014,val
156017,val
156018,val
156020,val
156022,val
156023,val
156027,val
156029,val
156030,val
156032,val
156035,val
156037,val
156038,val
156040,val
156043,val
156045,val
156046,val
156047,val
156051,val
156053,val
156054,val
156055,val
156058,val
156061,val
156062,val
156063,val
156067,val
156069,val
156070,val
156073,val
156075,val
156077,val
156078,val
156081,val
156082,val
156084,val
156086,val
156088,val
156090,val
156092,val
156095,val
156097,val
156099,val
156100,val
156103,val
156105,val
156106,val
156108,val
156110,val
156111,val
156114,val
156116,val
156118,val
156120,val
156122,val
156123,val
156127,val
156129,val
156131,val
156132,val
156136,val
156137,val
156138,val
156139,val
156142,val
156145,val
156146,val
156148,val
156151,val
156152,val
156154,val
156157,val
156159,val
156160,val
156162,val
156164,val
156167,val
156168,val
156171,val
156172,val
156174,val
156175,val
156180,val
156181,val
156183,val
156185,val
156186,val
156189,val
156193,val
156196,val
156198,val
156205,val
156207,val
156211,val
156214,val
156218,val
156223,val
156229,val
156232,val
156234,val
156238,val
156243,val
156246,val
156251,val
156255,val
156261,val
156263,val
156269,val
156272,val
156277,val
156281,val
156284,val
156286,val
156290,val
156295,val
156301,val
156303,val
156308,val
156313,val
156316,val
156321,val
156324,val
156328,val
156332,val
29554,train
91139,train
29434,train
128668,train
79045,train
91136,train
79004,train
116082,val
29464,train
29478,train
16241,val
66274,train
78997,val
66338,train
91226,train
29556,train
79072,train
91171,train
16349,val
79016,val
29468,train
116108,val
115993,val
78985,train
115999,val
66334,train
128660,train
79035,train
16235,train
16323,train
66312,train
29509,train
128649,train
16371,val
91237,train
91238,train
91135,train
16294,val
29503,train
79061,train
47119,val
47126,val
47128,val
47134,val
47136,val
47142,val
47146,val
47149,val
47154,val
47158,val
47159,val
47166,val
47167,val
47171,val
47175,val
47181,val
47185,val
47188,val
47193,val
47197,val
47200,val
47205,val
47209,val
47214,val
47218,val
47221,val
47226,val
47227,val
47232,val
47238,val
47241,val
47244,val
47249,val
47252,val
47256,val
47260,val
47264,val
47267,val
47271,val
47275,val
47281,val
47286,val
47287,val
47330,train
47333,train
47335,train
47341,train
47344,train
47348,train
47353,train
47355,train
47361,train
47363,train
47370,train
47374,train
47375,train
47382,train
47385,train
47387,train
47392,train
47397,train
47402,train
47405,train
47409,train
47413,train
47417,train
47420,train
47426,train
47430,train
47431,train
47436,train
47441,train
47445,train
47449,train
47452,train
143484,train
143489,train
143492,train
143495,train
143501,train
143504,train
143506,train
143511,train
143516,train
143520,train
143524,train
206741,train
206742,train
206745,train
206746,train
206749,train
206750,train
206753,train
206755,train
206757,train
206759,train
206761,train
206762,train
206764,train
206766,train
206769,train
206771,train
206773,train
206774,train
206776,train
206779,train
206780,train
206782,train
206784,train
128761,train
200669,train
200645,train
170211,train
143472,train
200655,train
200679,train
178212,train
128678,train
143394,train
170248,train
143425,train
143414,train
143418,train
143419,val
170280,train
200684,train
143470,val
200672,train
200649,train
178222,train
128742,train
128716,train
170275,train
143467,val
143429,train
193952,train
178211,train
200637,train
128748,train
170261,train
128674,train
200633,train
128724,train
128654,train
193977,train
128746,train
200642,train
178190,train
128706,train
157789,train
157790,train
157793,train
157794,train
157795,train
157798,train
157799,train
157802,train
157803,train
157807,train
157809,train
157810,train
157812,train
157815,train
157817,train
157819,train
157821,train
157822,train
157825,train
157826,train
157829,train
157831,train
157832,train
157836,train
157837,train
157838,train
157840,train
157843,train
157845,train
157847,train
157849,train
157852,train
157853,train
157854,train
157860,train
157865,train
123372,val
97899,train
23888,train
85702,train
97920,train
110674,train
9237,train
38828,train
39000,train
123496,val
73253,train
85712,train
38934,train
23983,train
110861,train
123510,val
85491,train
73179,train
39096,train
97616,train
38822,train
97676,train
23907,train
85624,train
110964,train
73440,train
123330,val
23858,train
9188,train
23868,train
85650,train
110851,train
85696,train
136936,val
110875,train
123355,val
23779,train
110670,train
110872,train
110842,train
54702,train
54708,train
54712,train
54717,train
54719,train
54722,train
54726,train
54732,train
54737,train
54741,train
54742,train
54746,train
54750,train
54755,train
54758,train
54765,train
54768,train
54770,train
54775,train
54778,train
54785,train
54789,train
54793,train
54797,train
54800,train
54804,train
54807,train
54810,train
54816,train
54821,train
54822,train
54843,train
54848,train
54851,train
54857,train
54859,train
54864,train
54867,train
54873,train
54877,train
54879,train
54884,train
54886,train
54890,train
54896,train
54898,train
54904,train
54909,train
54910,train
54916,train
54919,train
54923,train
54929,train
54930,train
54935,train
54941,train
54944,train
54946,train
54950,train
54955,train
54960,train
54963,train
54966,train
54971,train
54976,train
54978,train
54985,train
54987,train
54990,train
54995,train
54998,train
55005,train
55007,train
55012,train
55015,train
55018,train
55022,train
55027,train
55031,train
55037,train
55041,train
55044,train
55049,train
55050,train
55055,train
55061,train
55062,train
55067,train
55071,train
23978,train
110686,train
123512,train
9296,val
182949,val
182910,val
183002,val
110887,train
9249,val
38871,val
23886,train
110934,train
23918,train
23992,train
123403,train
23903,train
110925,train
111003,train
183043,val
9245,val
9330,val
182977,val
183036,val
38992,val
97834,val
24013,train
23809,train
85580,train
23725,train
73202,val
197839,val
73465,val
85588,train
97755,val
110988,train
23821,train
73393,val
85569,train
73419,val
123471,train
54693,train
54694,train
54701,train
54703,train
54706,train
54711,train
54714,train
54721,train
54725,train
54727,train
54730,train
54734,train
54738,train
54743,train
54747,train
54752,train
54754,train
54760,train
54763,train
54767,train
54771,train
54774,train
54780,train
54784,train
54788,train
54791,train
54794,train
54801,train
54803,train
54806,train
54813,train
54815,train
54820,train
54825,train
54828,train
54833,train
54835,train
54839,train
54844,train
54846,train
54853,train
54856,train
54861,train
54862,train
54868,train
54871,train
54875,train
54881,train
54885,train
54888,train
54891,train
54894,train
54901,train
54902,train
54907,train
54913,train
54917,train
54918,train
54925,train
54928,train
54932,train
54936,train
54938,train
54943,train
54947,train
54952,train
54957,train
54958,train
54965,train
54969,train
54973,train
54974,train
54981,train
54982,train
54986,train
54993,train
54997,train
54999,train
55004,train
55009,train
55013,train
55017,train
55020,train
55025,train
55029,train
55032,train
55036,train
55039,train
55045,train
55047,train
55052,train
55057,train
55059,train
55064,train
55069,train
55072,train
151823,val
151826,val
204592,train
204595,train
204597,train
168227,train
137130,train
175603,train
165753,train
168189,train
136928,train
137010,val
175605,train
168277,train
137105,val
137057,val
168087,train
175594,train
168082,train
137094,val
168236,train
137075,train
137087,train
137070,train
137045,train
197919,val
137035,val
168224,train
137110,val
136956,train
197862,val
168127,train
137016,train
197904,val
197959,val
168193,train
168123,train
197847,val
165714,train
137164,train
137080,val
137107,train
168325,train
197893,val
168141,train
151814,train
151820,train
151822,train
151829,train
151830,val
151831,train
151835,val
151836,train
151838,val
151840,train
151844,train
151845,val
151848,val
151849,train
151851,train
151852,val
151855,val
151856,train
151859,train
151860,val
151862,train
151863,val
151867,val
151868,train
151871,val
151873,train
151875,val
151877,train
151879,train
151880,val
151883,val
151885,train
151887,val
151889,train
151892,train
151893,val
151896,train
151897,val
151898,val
151899,train
151904,val
151905,train
151907,train
151909,val
151910,train
151913,val
151915,val
151916,train
151918,train
151919,val
151922,train
151923,val
151926,val
151928,train
151931,train
151933,val
151935,train
151936,val
151940,train
151941,val
151942,val
151945,train
151948,train
151949,val
151950,train
151952,val
151955,val
151957,train
151959,train
151960,val
151963,train
151965,val
151968,train
151969,val
151971,val
151973,train
151974,val
151977,train
151979,val
151981,train
151983,train
151984,val
151987,val
151988,train
151992,val
151993,train
151995,train
151996,val
151999,train
152001,val
152002,val
152007,val
152013,val
152016,val
152019,val
152024,train
152025,val
152026,train
152028,val
152032,train
152033,val
152035,val
152037,train
152039,val
152041,train
152043,val
152045,train
152047,val
152049,train
152050,val
152053,train
152055,train
152056,val
152059,val
152061,train
152063,train
152065,val
152067,train
152069,val
152070,train
204599,train
204601,train
204602,train
204604,train
204616,train
204618,train
204620,train
204623,train
204625,train
204627,train
204629,train
204631,train
204633,train
204635,train
204636,train
204639,train
204640,train
204642,train
204645,train
204647,train
204649,train
204650,train
204652,train
204654,train
204657,train
204659,train
204660,train
204662,train
204664,train
204667,train
204669,train
204676,train
204680,train
204682,train
204685,train
204687,train
204689,train
204691,train
204693,train
204695,train
71010,val
6580,train
95183,train
95279,train
121224,train
20733,train
70999,val
107932,train
107920,train
196201,train
108042,train
71020,val
36242,val
95302,train
95147,train
108017,train
20512,train
202901,train
95300,val
181723,val
95160,val
107853,train
6699,train
36303,train
165894,train
95314,train
95254,train
6506,train
121278,val
121037,train
121188,train
6731,train
121053,train
121121,val
36308,val
133935,train
20708,train
181699,val
71083,val
20612,train
52018,val
52022,val
52025,val
52030,val
52033,val
52038,val
52041,val
52042,val
52043,val
52046,val
52048,val
52049,val
52051,val
52052,val
52055,val
52056,val
52060,val
52061,val
52064,val
52066,val
52067,val
52069,val
52071,val
52072,val
52075,val
52077,val
52079,val
52080,val
52084,val
52085,val
52088,val
52090,val
52091,val
52092,val
52096,val
52098,val
52099,val
52101,val
52103,val
52106,val
52108,val
52109,val
52112,val
52114,val
52116,val
52117,val
52121,val
52122,val
52124,val
52125,val
52127,val
52129,val
52132,val
52134,val
52135,val
52137,val
52140,val
52141,val
52144,val
52145,val
52149,val
52150,val
52152,val
52154,val
52157,val
52158,val
52159,val
52161,val
52164,val
52166,val
52168,val
52170,val
52173,val
52174,val
52175,val
52176,val
52180,val
52182,val
52184,val
52186,val
52187,val
52189,val
52191,val
52194,val
52197,val
52198,val
52199,val
52200,val
52205,val
52206,val
52209,val
52210,val
52211,val
52214,val
52215,val
52218,val
52219,val
52221,val
52225,val
52226,val
52228,val
52229,val
52231,val
52232,val
52237,val
52238,val
52240,val
52241,val
52243,val
52246,val
52248,val
52249,val
52252,val
52253,val
52257,val
52258,val
52259,val
52261,val
52263,val
52265,val
52268,val
52270,val
52273,val
52274,val
52275,val
52278,val
52280,val
52282,val
52283,val
52285,val
52287,val
52289,val
52291,val
52294,val
52295,val
52298,val
52301,val
52302,val
52306,val
52309,val
52314,val
52318,val
52322,val
52323,val
148417,train
148420,train
148422,train
148428,train
148431,train
148434,train
148440,train
148444,train
148448,train
148450,train
148455,train
148459,train
148465,train
148466,train
148471,train
148474,train
148479,train
148482,train
148486,train
148493,train
148496,train
148498,train
148503,train
148508,train
148513,train
148516,train
148520,train
148525,train
148527,train
148530,train
148534,train
148541,train
148545,train
148547,train
148550,train
148556,train
148558,train
148562,train
148568,train
148572,train
148576,train
148581,train
148584,train
148586,train
148591,train
148594,train
148599,train
148605,train
148607,train
148611,train
148615,train
148620,train
148625,train
148626,train
148631,train
148634,train
148640,train
148642,train
148647,train
148653,train
148656,train
148659,train
148664,train
148667,train
148672,train
148676,train
148680,train
148682,train
148686,train
148692,train
148694,train
148700,train
148703,train
148709,train
148712,train
148717,train
148718,train
148722,train
148728,train
148732,train
148734,train
148740,train
148743,train
148749,train
148750,train
148755,train
148760,train
148765,train
148769,train
148773,train
148775,train
148780,train
148782,train
148786,train
148793,train
148797,train
148799,train
148804,train
148806,train
148810,train
148815,train
148820,train
148824,train
148829,train
148832,train
148835,train
148838,train
148844,train
148847,train
148852,train
148854,train
148859,train
148863,train
148867,train
148871,train
173039,train
2592,train
179207,train
2487,train
81833,train
201791,train
68422,train
68505,val
173030,train
201797,train
201863,train
93404,val
2632,train
34288,val
173008,train
34315,val
34192,val
68569,val
34296,val
179209,train
173144,train
68520,val
106058,train
93488,val
106018,train
2565,train
201776,train
2395,train
2676,train
172973,train
68533,train
68543,val
179262,train
119086,val
201767,train
201769,train
106035,train
49691,val
49696,val
49701,val
49702,train
49703,train
49706,val
49709,train
49711,train
49715,train
49719,train
49726,train
49727,train
49733,train
49738,train
49740,train
49744,train
49748,train
49754,train
49756,val
49760,val
49763,val
49767,val
49772,val
49777,val
49789,val
49791,val
146066,train
146072,train
146077,train
146081,train
146083,train
146088,train
146091,train
146172,train
146174,train
149202,train
149208,train
149212,train
149217,train
149219,train
149223,train
149227,train
149230,train
149236,train
149240,train
149242,train
159907,train
159912,train
159917,train
159920,train
159924,train
159926,train
159931,train
159935,train
159939,train
159942,train
159949,train
159951,train
159954,train
159959,train
159962,train
159968,train
159971,train
159975,train
159980,train
159984,train
159989,train
159993,train
159996,train
160000,train
160002,train
160009,train
160011,train
160016,train
160019,train
160024,train
160029,train
160030,train
160034,train
160038,train
160045,train
160048,train
160053,train
160056,train
160060,train
160062,train
160068,train
160072,train
160076,train
160081,train
160085,train
160088,train
160091,train
160094,train
160100,train
160102,train
160106,train
160112,train
160117,train
160121,train
160122,train
160129,train
160130,train
160134,train
160139,train
160142,train
160149,train
160152,train
160155,train
160158,train
160163,train
160168,train
160171,train
160174,train
160180,train
160185,train
161592,val
161596,val
161599,val
161602,val
161607,val
161610,val
161615,val
161618,val
161624,val
161626,val
161632,val
161637,val
161640,val
161644,val
161647,val
161653,val
166013,train
181818,val
174459,train
174493,train
174415,train
196340,train
203012,train
174478,train
165982,train
203022,train
134173,train
134217,train
166072,train
134120,train
166024,train
196308,train
134002,train
134186,train
134359,train
134279,train
134096,train
134026,train
203071,train
134082,train
134320,train
181784,val
196367,train
203025,train
196342,train
166032,train
181795,val
181771,val
174477,train
134023,train
166062,train
203030,train
196349,train
134136,train
174483,train
196296,train
148421,train
148424,train
148427,train
148430,train
148437,train
148439,train
148443,train
148447,train
148453,train
148457,train
148461,train
148464,train
148467,train
148472,train
148476,train
148480,train
148484,train
148489,train
148491,train
148494,train
148500,train
148505,train
148509,train
148511,train
148515,train
148518,train
148524,train
148526,train
148532,train
148535,train
148540,train
148543,train
148546,train
148552,train
148557,train
148560,train
148565,train
148569,train
148571,train
148577,train
148578,train
148582,train
148587,train
148592,train
148595,train
148600,train
148604,train
148609,train
148610,train
148614,train
148621,train
148622,train
148627,train
148630,train
148636,train
148638,train
148643,train
148649,train
148652,train
148655,train
148658,train
148662,train
148669,train
148673,train
148674,train
148679,train
148685,train
148689,train
148690,train
148696,train
148698,train
148705,train
148707,train
148710,train
148715,train
148719,train
148725,train
148729,train
148731,train
148737,train
148741,train
148744,train
148746,train
148753,train
148754,train
148758,train
148762,train
148766,train
148772,train
148774,train
148778,train
148785,train
148789,train
148790,train
148794,train
148798,train
148803,train
148807,train
148812,train
148814,train
148821,train
148825,train
148828,train
148833,train
148836,train
148841,train
148845,train
148849,train
148851,train
148857,train
148860,train
148865,train
148868,train
148872,train
148874,train
148875,train
148878,train
148881,train
148882,train
148885,train
148887,train
148889,train
148890,train
148892,train
148895,train
148897,train
148900,train
148901,train
148902,train
148904,train
148906,train
148907,train
148910,train
148912,train
148915,train
148916,train
148918,train
148920,train
148922,train
148924,train
148926,train
148928,train
148931,train
148933,train
148936,train
148937,train
148938,train
148940,train
148942,train
148945,train
148948,train
148949,train
148950,train
148952,train
148954,train
148955,train
148958,train
148960,train
148963,train
148964,train
148967,train
148968,train
148971,train
148973,train
148976,train
148977,train
148979,train
148981,train
148984,train
148985,train
148987,train
148989,train
148990,train
148993,train
148994,train
148995,train
148998,train
149000,train
149002,train
149003,train
149006,train
149009,train
149010,train
149013,train
149014,train
149015,train
149019,train
149021,train
149023,train
149024,train
149026,train
149027,train
149030,train
149031,train
149034,train
149037,train
149039,train
149041,train
149042,train
149045,train
149046,train
149047,train
149050,train
149051,train
149056,train
149057,train
149059,train
149061,train
149062,train
149064,train
149066,train
149067,train
149070,train
149073,train
149074,train
149077,train
149078,train
149079,train
149082,train
149085,train
149087,train
149089,train
149090,train
149093,train
149094,train
149097,train
149098,train
149100,train
149102,train
149105,train
149106,train
149109,train
149110,train
149111,train
149115,train
149116,train
149118,train
149119,train
149123,train
149125,train
149126,train
149127,train
149131,train
149133,train
149134,train
149136,train
149138,train
149141,train
149144,train
149145,train
149146,train
149148,train
149151,train
149152,train
149154,train
149156,train
149159,train
149161,train
149164,train
149165,train
149167,train
149169,train
149171,train
149173,train
149175,train
149176,train
149179,train
149181,train
149182,train
149183,train
149186,train
149187,train
149190,train
149192,train
149195,train
149196,train
149199,train
149201,train
12689,train
140987,train
89341,train
140980,train
141228,val
89336,train
114289,val
89435,train
114174,val
76214,val
63836,train
76163,val
27217,val
114216,val
140892,val
88938,val
75917,val
75940,val
64390,train
76256,val
114141,val
76234,val
141006,val
114153,val
140993,val
12651,val
114332,train
12413,train
64493,train
140979,val
114013,val
64137,train
76208,val
64180,train
27300,val
141150,train
64289,train
141110,val
114081,train
76292,val
41920,train
41993,train
41998,train
42000,train
42003,train
42004,train
42007,train
42009,train
42013,train
42014,train
42015,train
42017,train
42020,train
42022,train
42023,train
42024,train
42027,train
42030,train
42031,train
42034,train
42035,train
42038,train
42040,train
42042,train
42045,train
42046,train
42047,train
42050,train
42051,train
42054,train
42056,train
42058,train
42059,train
42061,train
42065,train
42066,train
42068,train
42069,train
42072,train
42074,train
42076,train
42078,train
42080,train
42082,train
42083,train
42086,train
42087,train
42090,train
42091,train
42094,train
42097,train
42098,train
42100,train
42102,train
42104,train
42105,train
42108,train
42110,train
42112,train
42113,train
42115,train
42118,train
42120,train
42122,train
42123,train
42126,train
42128,train
42130,train
42131,train
42134,train
42135,train
42136,train
42139,train
42142,train
42145,train
42146,train
42147,train
42150,train
42151,train
42153,train
42156,train
42158,train
42160,train
42161,train
42163,train
42166,train
42169,train
42170,train
42171,train
42174,train
42177,train
42178,train
42180,train
42181,train
42185,train
42186,train
42187,train
42188,train
42191,train
42193,train
42195,train
42196,train
42200,train
42202,train
42203,train
42206,train
42209,train
42210,train
42211,train
42212,train
42216,train
42218,train
42219,train
42221,train
42223,train
42225,train
42228,train
42230,train
42231,train
42233,train
42236,train
42237,train
42240,train
42242,train
42243,train
42246,train
42247,train
42248,train
42253,train
42254,train
42257,train
42258,train
42261,train
42262,train
42264,train
42266,train
42268,train
42269,train
42273,train
42274,train
42276,train
42277,train
42279,train
42282,train
42284,train
42285,train
42289,train
42290,train
42292,train
42293,train
42296,train
42298,train
42300,train
42301,train
42303,train
42305,train
42308,train
42309,train
42311,train
42313,train
42316,train
42317,train
42319,train
42320,train
42323,train
42326,train
42327,train
42329,train
42332,train
42334,train
42336,train
42338,train
42341,train
42342,train
42343,train
42345,train
42347,train
42350,train
42352,train
42353,train
42355,train
42356,train
42359,train
42361,train
42364,train
42366,train
42368,train
42370,train
42371,train
42374,train
42375,train
42376,train
42379,train
42382,train
42383,train
42386,train
42389,train
42390,train
42391,train
42393,train
42396,train
42398,train
42400,train
42402,train
42404,train
42406,train
42408,train
42409,train
42412,train
42413,train
42416,train
42418,train
42421,train
42422,train
42424,train
42426,train
42427,train
42428,train
42431,train
42433,train
42435,train
42438,train
42439,train
42442,train
42444,train
42445,train
42447,train
42450,train
42452,train
42453,train
42455,train
42457,train
42460,train
42462,train
42463,train
42464,train
42468,train
42469,train
42473,train
42474,train
42476,train
42478,train
42479,train
42482,train
42483,train
42486,train
42487,train
42490,train
42491,train
42492,train
42496,train
42497,train
42499,train
42501,train
42504,train
42505,train
42508,train
42510,train
42511,train
42512,train
42516,train
42518,train
42519,train
42521,train
42524,train
42525,train
42527,train
42530,train
42531,train
42533,train
42535,train
42538,train
42539,train
42542,train
42543,train
42544,train
42547,train
42549,train
42551,train
42554,train
42557,train
42558,train
42560,train
42562,train
42564,train
42565,train
42568,train
42570,train
42572,train
42574,train
42575,train
42577,train
42579,train
42581,train
42583,train
42586,train
42587,train
42589,train
42591,train
42594,train
42595,train
42598,train
42599,train
42601,train
42604,train
42605,train
42607,train
42610,train
42611,train
42612,train
42615,train
42618,train
42619,train
42622,train
42624,train
42626,train
42629,train
42630,train
42631,train
42634,train
42636,train
42637,train
42639,train
42640,train
42645,train
42646,train
42649,train
42650,train
42651,train
42653,train
42655,train
42656,train
42660,train
42662,train
42663,train
42665,train
42669,train
42670,train
42672,train
42673,train
42676,train
42678,train
42680,train
42681,train
42685,train
42686,train
42688,train
42690,train
42691,train
42693,train
42695,train
42697,train
42699,train
42700,train
42704,train
42705,train
42708,train
42710,train
42711,train
42712,train
42716,train
42718,train
42720,train
42721,train
42723,train
42726,train
42728,train
42730,train
42731,train
42732,train
42735,train
42737,train
42741,train
42742,train
42744,train
42746,train
42748,train
42750,train
42751,train
42753,train
42755,train
42757,train
42759,train
42761,train
42764,train
42766,train
42767,train
42769,train
42771,train
42772,train
42775,train
42776,train
42779,train
42782,train
42783,train
42785,train
42787,train
42790,train
42793,train
42794,train
42797,train
42798,train
42799,train
42802,train
42803,train
42806,train
42808,train
42809,train
42811,train
42812,train
42816,train
42817,train
42821,train
42822,train
42824,train
42825,train
42827,train
42829,train
42831,train
42833,train
42835,train
42837,train
42839,train
42840,train
42845,train
42846,train
42847,train
42848,train
42852,train
42853,train
42856,train
42857,train
42859,train
42862,train
42863,train
42865,train
42867,train
42868,train
42872,train
42874,train
42875,train
42876,train
42879,train
42880,train
42884,train
42885,train
42888,train
42890,train
42892,train
42894,train
42895,train
42896,train
42899,train
42900,train
42904,train
42906,train
42907,train
42908,train
42911,train
42912,train
42916,train
42918,train
42920,train
42921,train
42923,train
42925,train
42927,train
42928,train
42931,train
42933,train
42935,train
42936,train
42941,train
42942,train
42945,train
42946,train
42949,train
42950,train
42951,train
42953,train
42955,train
42958,train
42960,train
42962,train
42964,train
42965,train
42969,train
42970,train
42971,train
42972,train
42976,train
42977,train
42979,train
42980,train
42983,train
42985,train
42987,train
42989,train
42991,train
42993,train
42997,train
42998,train
43001,train
43002,train
43004,train
43006,train
43007,train
43010,train
43013,train
43014,train
43015,train
43018,train
43019,train
43020,train
43023,train
43025,train
43027,train
43029,train
43032,train
43034,train
43036,train
43038,train
43040,train
43042,train
43045,train
43046,train
43049,train
43050,train
43051,train
43052,train
43056,train
43058,train
43060,train
43062,train
43063,train
43066,train
43067,train
43068,train
43071,train
43074,train
43075,train
43076,train
43081,train
43082,train
43083,train
43084,train
43087,train
43090,train
43092,train
43094,train
43095,train
43096,train
43100,train
43101,train
43104,train
43105,train
43107,train
43110,train
43112,train
43113,train
43117,train
43118,train
43119,train
43121,train
43125,train
43126,train
43127,train
43130,train
43132,train
43134,train
43135,train
43138,train
43141,train
43142,train
43145,train
43146,train
43147,train
43148,train
43153,train
43154,train
43156,train
43157,train
43160,train
43161,train
43164,train
43166,train
43167,train
43170,train
43171,train
43174,train
43176,train
43178,train
43179,train
43180,train
43183,train
43185,train
43187,train
43190,train
43191,train
43194,train
43196,train
43198,train
43200,train
43202,train
43205,train
43206,train
43208,train
43209,train
43211,train
43213,train
43216,train
43217,train
43220,train
43221,train
43225,train
43226,train
43227,train
43229,train
43231,train
43233,train
43235,train
43236,train
43239,train
43241,train
43243,train
43245,train
43247,train
43248,train
43251,train
43252,train
43255,train
43257,train
43259,train
43261,train
43263,train
43265,train
43267,train
43268,train
43272,train
43274,train
43275,train
43277,train
43279,train
43280,train
43283,train
43284,train
43288,train
43290,train
43292,train
43294,train
43295,train
43298,train
43299,train
43301,train
43305,train
43306,train
43308,train
43310,train
43312,train
43314,train
43316,train
43318,train
43319,train
43320,train
43324,train
43325,train
43328,train
43330,train
43333,train
43334,train
43336,train
43337,train
43341,train
43342,train
43343,train
43345,train
43349,train
43350,train
43352,train
43353,train
43355,train
43358,train
43359,train
43361,train
43365,train
43366,train
43369,train
43370,train
43371,train
43374,train
43377,train
43378,train
43379,train
43381,train
43383,train
43385,train
43388,train
43390,train
43392,train
43394,train
43395,train
43398,train
43401,train
43402,train
43404,train
43406,train
43407,train
43410,train
43412,train
43414,train
43415,train
43418,train
43421,train
43422,train
43423,train
43424,train
43429,train
43430,train
43431,train
43433,train
43437,train
43438,train
43441,train
43442,train
43443,train
43444,train
43448,train
43450,train
43451,train
43453,train
43455,train
43456,train
43459,train
43460,train
43463,train
43464,train
43467,train
43470,train
43472,train
43473,train
43475,train
43477,train
43479,train
43481,train
43484,train
43485,train
43487,train
43490,train
43492,train
43493,train
43496,train
43498,train
43501,train
43502,train
43504,train
43506,train
43508,train
43510,train
43512,train
43513,train
43517,train
43518,train
43520,train
43521,train
43523,train
43526,train
43529,train
43530,train
43531,train
43534,train
43536,train
43538,train
43540,train
43542,train
43544,train
43546,train
43547,train
43549,train
43552,train
43553,train
43555,train
43556,train
43559,train
43561,train
43563,train
43564,train
43568,train
43570,train
43572,train
43573,train
43576,train
43577,train
43579,train
43581,train
43583,train
43584,train
43588,train
43589,train
43591,train
43594,train
43595,train
43598,train
43600,train
43602,train
43605,train
43606,train
43607,train
43608,train
43611,train
43613,train
43616,train
43618,train
43619,train
43620,train
43624,train
43626,train
43627,train
43629,train
43632,train
43634,train
43637,train
43638,train
43640,train
43642,train
43645,train
43646,train
43648,train
43649,train
43651,train
43654,train
43656,train
43658,train
43660,train
43662,train
43665,train
43666,train
43668,train
43670,train
43671,train
43674,train
43675,train
43678,train
43680,train
43682,train
43683,train
43686,train
43689,train
43690,train
43693,train
43694,train
43696,train
43698,train
43699,train
43701,train
43704,train
43705,train
43709,train
43710,train
43711,train
43712,train
43715,train
43716,train
43719,train
43720,train
43724,train
43725,train
43727,train
43729,train
43731,train
43734,train
43735,train
43738,train
43740,train
43741,train
43745,train
43746,train
43747,train
43750,train
43751,train
43754,train
43757,train
43758,train
43759,train
43761,train
43764,train
43766,train
43767,train
43768,train
43771,train
43774,train
43775,train
43778,train
43780,train
43781,train
43784,train
43785,train
43787,train
43788,train
43793,train
43794,train
43796,train
43797,train
43800,train
43801,train
43804,train
43806,train
43809,train
43810,train
43811,train
43813,train
43817,train
43818,train
43819,train
43820,train
43823,train
43824,train
43828,train
43829,train
43831,train
43833,train
43837,train
43838,train
43840,train
43841,train
43843,train
43844,train
43847,train
43848,train
43851,train
43854,train
43855,train
43858,train
43860,train
43861,train
43864,train
43865,train
43867,train
43868,train
43871,train
43872,train
43875,train
43876,train
43881,train
43882,train
43884,train
43886,train
43887,train
43890,train
43891,train
43893,train
43895,train
43898,train
43899,train
43902,train
43904,train
43906,train
43909,train
43910,train
43911,train
43914,train
43917,train
43918,train
43919,train
43920,train
43923,train
43926,train
43927,train
43930,train
43932,train
43934,train
43937,train
43938,train
43939,train
43940,train
43945,train
43946,train
43947,train
43950,train
43951,train
43953,train
43955,train
43957,train
43961,train
43962,train
43963,train
43965,train
43968,train
43969,train
43971,train
43974,train
43975,train
43977,train
43979,train
43983,train
43987,train
43994,train
43995,train
44000,train
44003,train
44009,train
44011,train
44017,train
44020,train
44024,train
44028,train
44031,train
44037,train
44042,train
44046,train
44050,train
44054,train
44057,train
44062,train
44066,train
44068,train
44072,train
44075,train
44079,train
44085,train
44089,train
44092,train
44095,train
44100,train
44104,train
44110,train
44113,train
44116,train
44121,train
44125,train
44129,train
44132,train
44136,train
44140,train
44145,train
44149,train
44152,train
44158,train
44160,train
44165,train
44168,train
44173,train
44178,train
44179,train
44184,train
44187,train
44191,train
44196,train
44201,train
44203,train
44209,train
44212,train
44217,train
44219,train
44225,train
44229,train
44231,train
44236,train
44239,train
44245,train
44248,train
44253,train
44257,train
44260,train
44264,train
44270,train
44274,train
44275,train
44281,train
44286,train
44289,train
44294,train
44298,train
44299,train
44306,train
44310,train
44311,train
44317,train
44321,train
44323,train
44330,train
44333,train
44336,train
101312,train
101316,train
101320,train
101323,train
101324,train
101327,train
101329,train
101330,train
101331,train
101334,train
101337,train
101338,train
101341,train
101343,train
101345,train
101346,train
101348,train
101350,train
101352,train
101354,train
101355,train
101360,train
101361,train
101363,train
101365,train
101366,train
101367,train
101371,train
101373,train
101375,train
101376,train
101378,train
101381,train
101383,train
101384,train
101386,train
101387,train
101391,train
101393,train
101394,train
101396,train
101398,train
101399,train
101402,train
101405,train
101406,train
101408,train
101411,train
101412,train
101415,train
101417,train
101419,train
101421,train
101423,train
101425,train
101427,train
101428,train
101430,train
101431,train
101434,train
101437,train
101439,train
101440,train
101443,train
101444,train
101446,train
101449,train
101450,train
101452,train
101454,train
101457,train
101458,train
101460,train
101464,train
101465,train
101466,train
101467,train
101472,train
101473,train
101475,train
101476,train
101478,train
101480,train
101484,train
101485,train
101487,train
101489,train
101491,train
101492,train
101496,train
101497,train
101499,train
101501,train
101502,train
101505,train
101506,train
101508,train
101510,train
101513,train
101514,train
101515,train
101519,train
101520,train
101522,train
101524,train
101526,train
101528,train
101531,train
101532,train
101535,train
101536,train
101539,train
101540,train
101543,train
101544,train
101546,train
101548,train
101550,train
101553,train
101555,train
101557,train
101558,train
101561,train
101562,train
101564,train
101566,train
101569,train
101570,train
101573,train
101575,train
101577,train
101578,train
101579,train
101582,train
101585,train
101587,train
101588,train
101591,train
101592,train
101594,train
101596,train
101598,train
101599,train
101602,train
101603,train
101606,train
101608,train
101611,train
101613,train
101614,train
101616,train
101618,train
101621,train
101622,train
101623,train
101626,train
101628,train
101631,train
101632,train
101634,train
101635,train
101639,train
101641,train
101642,train
101643,train
101648,train
101649,train
101650,train
101651,train
101654,train
101655,train
101658,train
89566,train
89477,train
114435,val
89442,train
89543,train
114442,train
27293,train
27353,train
76532,train
76398,val
12783,val
114508,train
114457,train
12809,train
64715,train
114474,train
114415,val
114404,train
114544,train
27379,train
76474,val
114369,val
27313,train
27449,val
89454,train
12819,val
27386,train
12721,train
27445,val
89460,train
89581,train
64769,train
76550,train
12884,train
76383,train
12812,val
64697,train
76396,train
89528,train
44349,train
44353,train
44355,train
44362,train
44364,train
44365,train
44368,train
44370,train
44372,train
44374,train
44375,train
44377,train
44379,train
44381,train
44383,train
44384,train
44387,train
44389,train
44391,train
44394,train
44396,train
44398,train
44401,train
44402,train
44403,train
44406,train
44407,train
44408,train
44411,train
44414,train
44416,train
44417,train
44419,train
44422,train
44424,train
44426,train
44427,train
44430,train
44432,train
44433,train
44437,train
44438,train
44439,train
44441,train
44443,train
44445,train
44447,train
44449,train
44451,train
44453,train
44455,train
44456,train
44459,train
44462,train
44464,train
44466,train
44467,train
44468,train
44471,train
44472,train
44476,train
44477,train
44479,train
44481,train
44484,train
44486,train
44487,train
44490,train
44492,train
44494,train
44497,train
44498,train
44499,train
44500,train
44503,train
44506,train
44508,train
44510,train
44513,train
44514,train
44516,train
44518,train
44520,train
44521,train
44523,train
44526,train
44527,train
44528,train
44532,train
44534,train
44536,train
44538,train
44540,train
44542,train
44545,train
44546,train
44548,train
44550,train
44551,train
44554,train
44555,train
44558,train
44559,train
44560,train
44564,train
44566,train
44569,train
44570,train
44571,train
44572,train
44576,train
44577,train
44579,train
44582,train
44583,train
44586,train
44588,train
44590,train
44592,train
44593,train
44595,train
44596,train
44601,train
44602,train
44604,train
44605,train
44607,train
44610,train
44611,train
44614,train
44615,train
44618,train
44619,train
44620,train
44623,train
44624,train
44628,train
44630,train
44631,train
44634,train
44635,train
44637,train
44639,train
44642,train
44644,train
44645,train
44647,train
44648,train
44652,train
44654,train
44655,train
44656,train
44659,train
44662,train
44663,train
44664,train
44668,train
44669,train
44672,train
44673,train
44675,train
44676,train
44679,train
44681,train
44683,train
44685,train
44687,train
44690,train
44691,train
44694,train
44695,train
44697,train
44700,train
44701,train
44703,train
44704,train
44707,train
44708,train
44711,train
44712,train
44715,train
44716,train
44719,train
44721,train
44724,train
44725,train
44728,train
44730,train
44733,train
44734,train
44735,train
44737,train
44740,train
44742,train
44744,train
44745,train
44748,train
44750,train
44752,train
44753,train
44755,train
44758,train
44759,train
44762,train
44763,train
44766,train
44767,train
44768,train
44771,train
44772,train
44775,train
44776,train
44781,train
44782,train
44785,train
44786,train
44787,train
44789,train
44791,train
44794,train
44795,train
44796,train
44799,train
44802,train
44803,train
44804,train
44807,train
44810,train
44811,train
44814,train
44815,train
44817,train
44819,train
44822,train
44823,train
44824,train
44829,train
44830,train
44831,train
44832,train
44836,train
44838,train
44841,train
44842,train
44843,train
44845,train
44848,train
44850,train
44851,train
44852,train
44857,train
44858,train
44859,train
44862,train
44865,train
44866,train
44868,train
44869,train
44871,train
44874,train
44877,train
44878,train
44880,train
44882,train
44883,train
44884,train
44887,train
44889,train
44892,train
44894,train
44895,train
44896,train
44901,train
44902,train
44905,train
44906,train
44908,train
44910,train
44913,train
44914,train
44916,train
44917,train
44920,train
44922,train
44923,train
44925,train
44927,train
44930,train
44931,train
44932,train
44935,train
44938,train
44939,train
44942,train
44943,train
44946,train
44947,train
44948,train
44952,train
44954,train
44957,train
44958,train
44959,train
44962,train
44964,train
44966,train
44967,train
44970,train
44971,train
44972,train
44975,train
44976,train
44979,train
44981,train
44983,train
44985,train
44988,train
44989,train
44992,train
44993,train
44995,train
44998,train
44999,train
45000,train
45003,train
45004,train
45007,train
45008,train
45011,train
45013,train
45016,train
45017,train
45021,train
45022,train
45023,train
45024,train
45027,train
45028,train
45031,train
45034,train
45037,train
45038,train
45039,train
45042,train
45044,train
45045,train
45047,train
45050,train
45051,train
45052,train
45055,train
45058,train
45059,train
45062,train
45064,train
45066,train
45068,train
45070,train
45071,train
45074,train
45076,train
45077,train
45079,train
45081,train
45084,train
45085,train
45087,train
45088,train
45093,train
45094,train
45095,train
45096,train
45099,train
45100,train
45103,train
45104,train
45108,train
45113,train
45115,train
45122,train
45124,train
45435,train
45442,train
45445,train
45450,train
45454,train
45458,train
45462,train
101659,train
101664,train
101665,train
101668,train
101669,train
101671,train
101672,train
101674,train
101676,train
101679,train
101680,train
101682,train
101684,train
101686,train
101687,train
101690,train
101693,train
101695,train
101697,train
101699,train
101701,train
101702,train
101704,train
101706,train
101707,train
101712,train
101713,train
101715,train
101717,train
101718,train
101720,train
101722,train
101724,train
101727,train
101729,train
101732,train
101733,train
101734,train
101736,train
101738,train
101740,train
101742,train
101744,train
101747,train
101748,train
101751,train
101752,train
101755,train
101757,train
101758,train
101759,train
101762,train
101769,train
101773,train
155662,val
155666,val
155673,val
155676,val
155678,val
155683,val
155687,val
155690,val
172503,val
172352,val
172377,val
177533,train
126694,train
172327,val
140433,train
140284,train
200025,val
126702,train
126837,train
126903,train
168722,train
140600,train
140422,train
193109,train
140421,val
177570,train
177527,train
140580,val
140500,val
172478,val
168808,train
140274,val
140701,val
168274,train
126780,train
172456,val
172348,val
199933,val
172618,val
177501,train
168566,train
199935,val
168764,train
126879,train
199997,val
172458,val
193099,train
126931,train
43982,train
43986,train
43989,train
43991,train
43998,train
44001,train
44004,train
44010,train
44014,train
44016,train
44022,train
44025,train
44029,train
44032,train
44038,train
44041,train
44043,train
44049,train
44053,train
44058,train
44059,train
44064,train
44067,train
44071,train
44077,train
44081,train
44083,train
44090,train
44093,train
44097,train
44102,train
44106,train
44108,train
44114,train
44118,train
44119,train
44124,train
44127,train
44134,train
44138,train
44142,train
44144,train
44147,train
44154,train
44156,train
44161,train
44163,train
44167,train
44171,train
44175,train
44181,train
44185,train
44189,train
44194,train
44198,train
44202,train
44205,train
44207,train
44211,train
44215,train
44222,train
44226,train
44227,train
44232,train
44238,train
44242,train
44243,train
44249,train
44252,train
44256,train
44262,train
44263,train
44268,train
44271,train
44276,train
44282,train
44285,train
44287,train
44292,train
44297,train
44301,train
44303,train
44307,train
44313,train
44318,train
44322,train
44325,train
44327,train
44331,train
44337,train
44339,train
44341,train
44343,train
44348,train
44352,train
44358,train
155068,val
155072,val
155075,val
155081,val
155083,val
155087,val
155090,val
155096,val
155099,val
155105,val
155106,val
155107,val
155110,val
155111,val
155114,val
155115,val
155118,val
155119,val
155123,val
155125,val
155128,val
155129,val
155130,val
155132,val
155135,val
155137,val
155138,val
155141,val
155144,val
155145,val
155146,val
155148,val
155150,val
155151,val
155154,val
155156,val
155158,val
155159,val
155163,val
155165,val
155166,val
155169,val
155170,val
155171,val
155175,val
155176,val
155180,val
155181,val
155183,val
155185,val
155186,val
155187,val
155190,val
155192,val
155194,val
155195,val
155199,val
155200,val
155202,val
155203,val
155206,val
155207,val
155210,val
155211,val
155214,val
155217,val
155219,val
155221,val
155222,val
155224,val
155227,val
155228,val
155230,val
155233,val
155234,val
155237,val
155240,val
155241,val
155244,val
155245,val
155246,val
155248,val
155251,val
155253,val
155256,val
155257,val
155258,val
155260,val
155262,val
155264,val
155266,val
155269,val
155272,val
155273,val
155274,val
155276,val
155278,val
155280,val
155282,val
155284,val
155287,val
155288,val
155290,val
155292,val
155295,val
155297,val
155298,val
155300,val
155302,val
155304,val
155306,val
155309,val
155312,val
155313,val
155316,val
155317,val
155319,val
155320,val
155322,val
155324,val
155326,val
155327,val
155331,val
155333,val
155334,val
155335,val
155338,val
155340,val
155342,val
155343,val
155346,val
155347,val
155351,val
155352,val
155354,val
155356,val
155360,val
155361,val
155364,val
155365,val
155366,val
155367,val
155371,val
155372,val
155375,val
155377,val
155378,val
155380,val
155383,val
155384,val
155388,val
155389,val
155390,val
155391,val
155396,val
155397,val
155398,val
155401,val
155402,val
155404,val
155406,val
155408,val
155410,val
155412,val
155414,val
206098,train
206100,train
206102,train
206105,train
206106,train
206109,train
206110,train
206112,train
206114,train
206116,train
206118,train
206120,train
206122,train
206124,train
206127,train
206128,train
206131,train
206132,train
206134,train
206136,train
206138,train
206141,train
206142,train
206144,train
206147,train
206149,train
206150,train
206152,train
206155,train
206156,train
206158,train
206160,train
206162,train
206165,train
206167,train
206169,train
206171,train
206172,train
206174,train
206177,train
206178,train
206180,train
206182,train
206184,train
206187,train
206188,train
206190,train
206192,train
206194,train
200089,val
141262,train
200105,val
141301,train
200075,val
141323,val
127033,train
193170,train
141324,train
200061,val
177632,train
177657,train
126956,train
168833,train
141299,val
127022,train
200114,val
177644,train
141378,train
141344,val
177628,train
200070,val
200115,val
172738,val
141490,train
127043,train
141375,val
168858,train
141485,train
141403,val
141282,train
172718,val
200096,val
141512,val
200092,val
141373,train
126972,train
193131,train
193163,train
200091,val
44344,train
44361,train
155416,val
155418,val
155420,val
155423,val
155425,val
155427,val
155429,val
155432,val
155433,val
155436,val
155437,val
155438,val
155439,val
155443,val
155444,val
155448,val
155449,val
155451,val
155452,val
155456,val
155457,val
155458,val
155460,val
155462,val
155463,val
155467,val
155468,val
155472,val
155473,val
155476,val
155477,val
155479,val
155480,val
155482,val
155484,val
155487,val
155489,val
155492,val
155493,val
155495,val
155497,val
155499,val
155500,val
155502,val
155505,val
155506,val
155507,val
155510,val
155511,val
155516,val
155517,val
155518,val
155519,val
155523,val
155525,val
155527,val
155528,val
155532,val
155533,val
155534,val
155537,val
155539,val
155541,val
155543,val
155545,val
155546,val
155549,val
155551,val
155553,val
155554,val
155557,val
155559,val
155560,val
155563,val
155564,val
155567,val
155568,val
155572,val
155573,val
155574,val
155576,val
155578,val
155579,val
155582,val
155583,val
155587,val
155588,val
155591,val
155592,val
155596,val
155597,val
155598,val
155599,val
155603,val
155605,val
155606,val
155608,val
155610,val
155611,val
155614,val
155616,val
155618,val
155620,val
155623,val
155624,val
155627,val
155629,val
155631,val
155632,val
155635,val
155636,val
155638,val
155641,val
155642,val
155645,val
155646,val
155648,val
155652,val
155653,val
155656,val
155657,val
155658,val
155661,val
155664,val
155667,val
155671,val
155674,val
155680,val
155685,val
155686,val
155693,val
155695,val
155698,val
155702,val
155707,val
155713,val
155716,val
206196,train
206198,train
206200,train
206203,train
206204,train
206207,train
206208,train
206211,train
206212,train
206214,train
206217,train
206219,train
206221,train
206223,train
206225,train
206227,train
206229,train
206231,train
206232,train
206235,train
206236,train
206239,train
206240,train
206243,train
31578,train
80633,train
1163,train
31333,train
984,train
17752,train
31754,train
31527,train
31498,train
80492,train
994,train
957,train
68010,train
31610,train
67994,train
819,train
946,train
80495,train
67968,train
805,train
31511,train
658,train
68046,train
31552,train
768,train
1049,train
1124,train
686,train
595,train
31382,train
80611,train
31731,train
982,train
1006,train
17771,train
31377,train
706,train
599,train
688,train
31768,train
49070,train
49074,train
49076,train
49081,train
49083,train
49089,train
49092,train
49096,train
49099,train
49105,train
49107,train
49112,train
49116,train
49119,train
49125,train
49129,train
49131,train
49137,train
49141,train
49144,train
49148,train
49153,train
49158,train
49160,train
49164,train
49167,train
49173,train
49178,train
49181,train
49185,train
49188,train
49194,train
49198,train
49199,train
49206,train
49209,train
49214,train
49217,train
49220,train
49223,train
49228,train
49233,train
49235,train
49241,train
49245,train
49249,train
49251,train
49258,train
49261,train
49266,train
49268,train
49271,train
49277,train
49282,train
49285,train
49287,train
49292,train
49297,train
49302,train
49306,train
49310,train
49311,train
49315,train
49319,train
49324,train
49330,train
49332,train
49337,train
49340,train
49345,train
49349,train
49352,train
49356,train
49361,train
49364,train
49370,train
49371,train
49376,train
49381,train
145500,train
145504,train
145509,train
145513,train
145516,train
145520,train
145523,train
145528,train
145531,train
145534,train
145539,train
145544,train
145546,train
145550,train
145554,train
145560,train
145565,train
145569,train
145573,train
145574,train
145579,train
145583,train
145586,train
145592,train
145596,train
145598,train
145603,train
145606,train
145611,train
145617,train
145618,train
145622,train
145627,train
145632,train
145637,train
145641,train
145645,train
145649,train
145653,train
145654,train
145659,train
145664,train
145669,train
145673,train
145674,train
145680,train
145684,train
145687,train
145693,train
145695,train
145699,train
145703,train
145707,train
145712,train
145717,train
145719,train
145724,train
145726,train
145731,train
145737,train
159448,train
159452,train
159456,train
159460,train
159464,train
159468,train
159471,train
159477,train
159480,train
159482,train
159488,train
159492,train
159495,train
159499,train
159505,train
159508,train
159510,train
159516,train
162842,train
162848,train
162851,train
162855,train
162861,train
162862,train
162867,train
162870,train
162875,train
162880,train
162884,train
162888,train
162891,train
162895,train
162901,train
162902,train
162909,train
162912,train
162914,train
162921,train
162922,train
162926,train
162930,train
162936,train
162939,train
162943,train
162947,train
162951,train
162955,train
194783,train
194913,train
194901,train
172252,train
178882,train
130527,train
172358,train
194826,train
178863,train
130629,val
194835,train
178908,train
194823,train
130657,val
80523,train
194885,train
172410,train
130518,train
130593,train
80479,train
130481,train
178886,train
130552,val
130579,val
172347,train
194802,train
130491,train
172405,train
194869,train
178929,train
130534,train
130666,val
172221,train
130572,val
194785,train
130499,val
130517,train
130596,train
130556,train
194851,train
49065,train
145466,train
145471,train
145476,train
145480,train
145483,train
145486,train
145490,train
145496,train
145499,train
145502,train
145506,train
145510,train
145515,train
145521,train
145525,train
145526,train
145530,train
145535,train
145541,train
145545,train
145549,train
145552,train
145557,train
145558,train
145563,train
145567,train
145571,train
145576,train
145580,train
145582,train
145588,train
145591,train
145597,train
145599,train
145602,train
145608,train
145610,train
145616,train
145621,train
145625,train
145626,train
145633,train
145635,train
145638,train
145643,train
145646,train
145651,train
145655,train
145658,train
145665,train
145668,train
145670,train
145677,train
145679,train
145682,train
145686,train
145690,train
145694,train
145701,train
145705,train
145708,train
145713,train
145714,train
145721,train
145725,train
145729,train
145732,train
145735,train
145739,train
145740,train
145744,train
145745,train
145748,train
145749,train
145750,train
145753,train
145756,train
145757,train
145759,train
145761,train
145762,train
145763,train
145766,train
145768,train
145772,train
145773,train
145774,train
145777,train
145778,train
145783,train
159272,train
159274,train
159281,train
159284,train
159288,train
159291,train
159294,train
159300,train
159303,train
159308,train
159312,train
159314,train
159321,train
159323,train
159326,train
159332,train
159336,train
159341,train
159343,train
159348,train
159351,train
159356,train
159359,train
159362,train
159369,train
159372,train
159374,train
159378,train
159383,train
159389,train
159392,train
159395,train
159398,train
159402,train
159409,train
159411,train
159417,train
159420,train
159424,train
159429,train
159431,train
159436,train
159438,train
159443,train
159449,train
159453,train
159457,train
159461,train
159462,train
159469,train
159470,train
159475,train
159481,train
159485,train
159489,train
159493,train
159494,train
159498,train
159503,train
159509,train
159512,train
159515,train
159518,train
159520,train
159523,train
159525,train
159528,train
159529,train
159530,train
159533,train
159536,train
159537,train
159540,train
159541,train
159542,train
159544,train
159546,train
159547,train
159551,train
159552,train
159554,train
159556,train
159559,train
159560,train
159564,train
159565,train
159567,train
159568,train
160879,train
160882,train
160886,train
160890,val
160896,val
160901,val
160903,val
160907,val
160912,val
160917,val
160921,val
160922,val
160926,val
160930,val
160937,val
160940,val
160942,val
160947,val
160950,val
160957,val
160958,val
160963,val
160967,val
160970,val
160976,val
160979,val
160985,val
160989,val
160990,val
160995,val
160999,val
161005,val
161008,val
161012,val
161016,val
161020,val
161025,val
162958,train
162964,train
162966,train
162970,train
162975,train
162979,train
162984,train
162987,train
162993,train
162996,train
162999,train
163005,train
65490,train
128619,train
77977,val
142568,val
128019,train
78961,train
90619,train
128467,train
115702,train
16142,val
90186,train
65960,train
90072,train
127963,train
115879,val
65344,train
65471,train
66181,train
66149,train
115935,train
65548,train
66245,train
90536,train
143308,train
78208,train
143337,train
90164,train
29328,train
66033,train
90030,train
128434,train
115190,train
115843,val
89914,train
90151,train
90158,train
78088,train
143221,train
65789,train
78692,val
45946,val
45949,val
45954,val
45956,val
45961,val
45963,val
45969,val
45974,val
45977,val
45982,val
45985,val
45989,val
45994,val
45995,train
45997,val
45999,train
46001,val
46003,train
46005,val
46007,train
46010,val
46012,train
46014,val
46015,train
46017,val
46019,train
46021,val
46023,train
46026,val
46029,val
46030,train
46032,val
46034,train
46036,val
46038,train
46040,train
46042,val
46043,train
46046,val
46047,val
46048,train
46052,train
46053,val
46056,val
46058,train
46060,train
46062,val
46065,val
46066,train
46067,train
46070,val
46071,train
46072,val
46075,train
46078,val
46080,val
46081,train
46084,train
46085,val
46088,val
46090,train
46092,val
46094,train
46097,val
46098,train
46099,val
46101,train
46104,val
46105,train
46108,train
46110,val
46111,train
46113,val
46115,val
46116,train
46119,train
46120,val
46125,val
46126,train
46127,val
46128,train
46132,val
46134,train
46135,train
46136,val
46139,val
46140,train
46145,val
46146,train
46148,train
46149,val
46153,train
46154,val
46156,val
46157,train
46159,val
46161,train
46163,val
46166,train
46169,train
46170,val
46172,train
46173,val
46175,val
46176,train
46179,train
46182,val
46184,val
46185,train
46188,val
46189,train
46191,val
46192,train
46195,train
46197,val
46199,val
46202,train
46203,train
46206,val
46209,train
46210,val
46211,val
46214,train
46215,val
46217,train
46220,train
46222,val
46224,val
46226,train
46227,val
46228,train
46232,train
46233,val
46235,val
46237,train
46240,train
46242,val
46245,train
46246,val
46248,train
46250,val
46253,train
46254,val
46257,val
46258,train
46260,train
46262,val
46264,train
46266,val
46267,train
46270,val
46272,train
46273,val
46277,val
46278,train
46280,val
46282,train
46284,train
46285,val
46287,val
46289,train
46291,train
46294,val
46295,val
46296,train
46299,val
46301,train
46304,train
46305,val
46307,val
46308,train
46312,val
46313,train
46317,train
46318,val
46321,train
46322,val
46323,val
46326,train
46329,train
46330,val
46331,val
46333,train
46336,val
46337,train
46340,train
46341,val
46343,val
46345,train
46347,train
46349,val
46351,val
46353,train
46357,train
46358,val
46360,train
46361,val
46363,train
46366,val
46369,val
46370,train
46372,val
46373,train
46376,val
46377,train
46381,val
46382,train
46384,val
46386,train
46387,val
46390,train
46391,train
46394,val
46396,train
46397,val
46399,val
46401,train
46404,train
46405,val
46407,val
46408,train
46411,train
46414,val
46415,train
46418,val
46419,val
46420,train
46424,val
46426,train
46427,train
46428,val
46431,train
46433,val
46435,train
46437,val
46439,val
46440,train
46443,val
46446,train
46449,train
46450,val
46451,val
46454,train
46457,train
46458,val
46459,train
46460,val
46465,train
46466,val
46468,val
46470,train
46471,train
46472,val
46475,train
46477,val
46479,train
46482,val
46484,val
46485,train
46488,train
46490,val
46491,train
46494,val
46496,train
46498,val
46500,train
46502,val
46504,train
46505,val
46507,train
46509,val
46511,train
46514,val
46516,val
46518,train
46520,train
46521,val
46523,val
46524,train
46527,val
46529,train
46531,train
46533,val
46535,train
46537,val
46539,train
46541,val
46544,train
46546,val
46547,val
46550,train
46552,train
46553,val
46555,val
46556,train
46559,val
46562,train
46565,train
46566,val
46569,val
46570,train
46571,train
46573,val
46576,val
46578,train
46581,train
46582,val
46584,val
46585,train
46587,val
46589,train
46591,train
46594,val
46596,train
46597,val
46599,train
46601,val
46604,val
46606,train
46607,val
46608,train
46611,train
46612,val
46616,train
46617,val
46619,val
46620,train
46624,train
46625,val
46629,train
46630,val
46632,val
46634,train
46635,val
46638,train
46639,train
46640,val
46643,train
46644,val
46647,train
46648,val
46652,train
46654,val
46656,train
46657,val
46660,train
46661,val
46665,train
46666,val
46667,val
46668,train
46671,train
46672,val
46676,train
46677,val
46679,val
46680,train
46684,train
46685,val
46688,val
46690,train
46691,train
46692,val
46695,val
46698,train
46700,val
46702,train
46703,train
46706,val
46709,val
46710,train
46713,train
46714,val
46715,val
46716,train
46719,val
46721,train
46724,val
46726,train
46727,val
46728,train
46731,val
46734,train
46737,train
46738,val
46739,train
46740,val
46743,val
46744,train
46748,val
46749,train
46752,train
46753,val
46755,val
46756,train
46761,val
46762,train
46763,train
46765,val
46767,train
46770,val
46772,train
46774,val
46775,val
46777,train
46780,val
46781,train
46784,val
46785,train
46788,val
46790,train
46793,val
46794,train
46795,train
46797,val
46799,train
46800,val
46803,val
46806,train
46809,val
46810,train
46811,val
46814,train
46816,val
46818,train
46819,val
46821,train
46823,train
46825,val
46827,val
46828,train
46831,train
46833,val
46835,train
46837,val
46839,train
46842,val
46843,train
46845,val
46847,train
46849,val
46851,train
46854,val
46857,val
46858,train
46859,val
46862,train
46865,val
46866,train
46867,train
46868,val
46871,val
46872,train
46875,train
46876,val
46880,train
46881,val
46884,train
46885,val
46888,val
46890,train
46891,val
46894,train
46896,val
46898,train
46899,train
46902,val
46903,train
46906,val
46908,val
46910,train
46913,val
46914,train
46917,train
46918,val
46919,train
46920,val
46923,train
46924,val
46927,val
46930,train
46931,train
46932,val
46936,train
46937,val
46940,train
46942,val
46943,val
46946,train
46947,val
46950,train
46951,train
46952,val
46955,val
46958,train
46961,train
46962,val
46965,val
46966,train
46968,val
46970,train
46971,val
46974,train
46975,train
46978,val
46979,val
46980,train
46983,val
46984,train
46987,val
46988,train
46991,train
46994,val
46996,train
46997,val
47000,val
47002,train
47004,val
47005,train
47008,val
47010,train
47011,val
47014,train
47015,val
47017,train
47019,val
47021,train
47023,val
47025,train
47029,val
47030,train
47031,train
47032,val
47035,val
47036,train
47039,train
47042,val
47043,train
47046,val
47048,train
47050,val
47052,train
47054,val
47055,val
47057,train
47059,train
47062,val
47063,train
47066,val
47069,val
47070,train
47073,val
47074,train
47076,train
47078,val
47079,val
47081,train
47083,val
47086,train
47088,train
47089,val
47091,train
47093,val
47095,train
47096,val
47101,train
47102,val
47105,train
47106,val
47107,train
47110,val
47111,val
47114,train
47115,val
47118,train
47122,train
47125,train
47130,train
47131,train
47137,train
47140,train
47145,train
47147,train
47152,train
47155,train
47160,train
47164,train
47168,train
47173,train
47176,train
47179,train
47183,train
47187,train
47191,train
47195,train
47199,train
47204,train
47208,train
47213,train
47217,train
47219,train
47225,train
47230,train
47234,train
47237,train
47239,train
47245,train
47247,train
47253,train
47258,train
47262,train
47266,train
47268,train
47272,train
47278,train
47280,train
47285,train
47288,train
47294,train
47295,train
47301,train
47306,train
47309,train
47314,train
47315,train
47319,train
47326,train
102321,train
102323,train
102328,train
102332,train
102336,train
102339,train
102342,train
102346,train
102349,train
102350,train
102351,train
102355,train
102356,train
102360,train
102361,train
102362,train
102364,train
102368,train
102369,train
102372,train
102373,train
102376,train
102377,train
102379,train
102381,train
102382,train
102384,train
102386,train
102389,train
102392,train
102393,train
102396,train
102397,train
102399,train
102401,train
102402,train
102405,train
102407,train
102408,train
102410,train
102413,train
102414,train
102416,train
102419,train
102420,train
102423,train
102425,train
102426,train
102427,train
102431,train
102432,train
102436,train
102437,train
102440,train
102441,train
102442,train
102444,train
102448,train
102449,train
102451,train
102453,train
102454,train
102456,train
102458,train
102459,train
102462,train
102465,train
102467,train
102468,train
102470,train
102472,train
102474,train
102476,train
102479,train
102481,train
102483,train
102485,train
102486,train
102487,train
102491,train
102492,train
102495,train
102497,train
102499,train
102501,train
102502,train
102504,train
102507,train
102508,train
102511,train
102513,train
102515,train
102516,train
102519,train
102520,train
102522,train
102525,train
102527,train
102528,train
102530,train
102531,train
102534,train
102535,train
102539,train
102541,train
102544,train
102545,train
102546,train
102549,train
102551,train
102553,train
102554,train
102555,train
102559,train
102561,train
102562,train
102563,train
102567,train
102568,train
102571,train
102572,train
102574,train
102576,train
102578,train
102579,train
102583,train
102585,train
102588,train
102589,train
102590,train
102592,train
102596,train
102597,train
102600,train
102601,train
102603,train
102604,train
102607,train
102609,train
102612,train
102613,train
102616,train
102617,train
102620,train
102621,train
102622,train
102624,train
102628,train
102629,train
102632,train
102633,train
102634,train
102635,train
102639,train
102640,train
102643,train
102645,train
102647,train
102648,train
102651,train
102653,train
102655,train
102656,train
102658,train
102659,train
102663,train
102665,train
102667,train
102668,train
102670,train
102671,train
102674,train
102676,train
102680,train
102681,train
102683,train
102685,train
102688,train
102689,train
102692,train
102693,train
102695,train
102696,train
102700,train
102701,train
102702,train
102703,train
102706,train
102709,train
102710,train
102711,train
102714,train
102715,train
102720,train
102721,train
102724,train
102725,train
102728,train
102729,train
102730,train
102733,train
102735,train
102737,train
102738,train
102741,train
102743,train
102744,train
102747,train
102749,train
102751,train
102752,train
102754,train
102756,train
102758,train
102761,train
102763,train
102764,train
102766,train
102768,train
102771,train
102772,train
102775,train
102776,train
102778,train
102779,train
102784,train
102785,train
102787,train
102788,train
102790,train
102792,train
102794,train
102797,train
102800,train
102801,train
102802,train
102803,train
102807,train
102808,train
102811,train
102813,train
102816,train
102817,train
102820,train
102821,train
102823,train
102824,train
102828,train
102829,train
102831,train
102833,train
102834,train
102836,train
102838,train
102840,train
102842,train
102843,train
102848,train
102849,train
102852,train
102853,train
102856,train
102857,train
102860,train
102861,train
102864,train
102865,train
102867,train
102869,train
102870,train
102871,train
102875,train
102877,train
102880,train
102881,train
102882,train
102883,train
102887,train
102888,train
102892,train
102893,train
102895,train
102897,train
102900,train
102901,train
102902,train
102904,train
102907,train
102908,train
102910,train
102912,train
102914,train
102916,train
102918,train
102920,train
102923,train
102925,train
102927,train
102929,train
102932,train
102933,train
102934,train
102935,train
102938,train
102941,train
102942,train
102944,train
102946,train
102949,train
102952,train
102953,train
102955,train
102957,train
102958,train
102960,train
102962,train
102963,train
102967,train
102969,train
102971,train
102973,train
102974,train
102975,train
102979,train
102980,train
102982,train
102985,train
102986,train
102989,train
102990,train
102992,train
102994,train
102997,train
102998,train
102999,train
103002,train
103005,train
103007,train
103008,train
103010,train
103013,train
103015,train
103017,train
103019,train
103021,train
103022,train
103023,train
103026,train
103029,train
103030,train
103031,train
103035,train
103036,train
103038,train
103040,train
103044,train
103045,train
103046,train
103047,train
103051,train
103053,train
103056,train
103057,train
103059,train
103061,train
103064,train
103065,train
103067,train
103069,train
103070,train
103072,train
103075,train
103076,train
103079,train
103081,train
103082,train
103085,train
103086,train
156337,val
156340,val
156342,val
156718,val
156723,val
156729,val
156733,val
156737,val
156740,val
206382,train
206385,train
206387,train
206389,train
206391,train
206393,train
206394,train
206397,train
206399,train
206401,train
206403,train
206404,train
206407,train
206409,train
206411,train
206413,train
206414,train
206417,train
206418,train
206420,train
206422,train
206424,train
206427,train
206429,train
206431,train
206433,train
206435,train
206436,train
206439,train
206441,train
206443,train
206445,train
206447,train
206449,train
206451,train
206452,train
206454,train
206456,train
206459,train
206460,train
206463,train
206465,train
206466,train
206469,train
206470,train
206473,train
206475,train
206476,train
206478,train
206481,train
206482,train
206485,train
206487,train
206488,train
206491,train
206492,train
206495,train
206497,train
206498,train
206500,train
206502,train
206505,train
206506,train
206508,train
206511,train
206512,train
206515,train
206516,train
206519,train
206521,train
206523,train
206525,train
206527,train
206529,train
206531,train
206533,train
206535,train
206537,train
206538,train
206540,train
206543,train
206544,train
206547,train
206548,train
206550,train
206552,train
206554,train
206556,train
206559,train
206561,train
206562,train
206564,train
206567,train
206568,train
206571,train
206573,train
206575,train
206577,train
206579,train
206580,train
206582,train
206584,train
206586,train
206588,train
206590,train
206592,train
206595,train
206597,train
206599,train
206600,train
206603,train
206605,train
206606,train
206608,train
206611,train
206613,train
206615,train
206617,train
206618,train
206621,train
206623,train
206625,train
206627,train
206628,train
206631,train
206633,train
206634,train
206637,train
206639,train
206640,train
206643,train
206645,train
206647,train
206648,train
206650,train
206653,train
206654,train
206656,train
206658,train
206661,train
206662,train
206664,train
206667,train
206668,train
206670,train
206672,train
206674,train
206676,train
206678,train
206680,train
206683,train
206685,train
206687,train
206689,train
206691,train
206692,train
206695,train
206697,train
206699,train
206700,train
206702,train
206705,train
206706,train
206708,train
206710,train
206712,train
206714,train
206716,train
206718,train
206720,train
206722,train
206725,train
206727,train
206728,train
206731,train
206732,train
206735,train
206737,train
206738,train
142698,train
142668,train
193651,train
142623,train
193558,train
177984,train
193708,train
78765,val
200704,train
200367,train
127806,train
142677,train
173418,val
169364,train
193782,train
193917,train
177829,train
128621,train
200338,train
200537,train
200568,train
127642,train
170145,train
178050,train
200539,train
169802,train
128501,train
78722,val
78924,val
170185,train
128216,train
170065,train
173379,val
177825,train
142869,train
193759,train
128342,train
178172,train
200433,train
178157,train
156716,val
156719,val
156722,val
156727,val
156731,val
156734,val
156741,val
156742,val
156743,val
156747,val
156748,val
156752,val
156753,val
156754,val
156756,val
156760,val
156761,val
156762,val
156765,val
156766,val
156768,val
156771,val
156772,val
156774,val
156776,val
156780,val
156781,val
156784,val
156785,val
156786,val
156789,val
156790,val
156791,val
156794,val
156797,val
156798,val
156800,val
156804,val
156805,val
156807,val
156809,val
156810,val
156813,val
156814,val
156815,val
156820,val
156821,val
156822,val
156825,val
156826,val
156829,val
156832,val
156833,val
156836,val
156837,val
156840,val
156841,val
156843,val
156844,val
156846,val
156848,val
156851,val
156852,val
156856,val
156857,val
156858,val
156859,val
156864,val
156865,val
156866,val
156868,val
156872,val
156873,val
156875,val
156876,val
156878,val
156880,val
156884,val
156885,val
156887,val
156888,val
156892,val
156893,val
156894,val
156896,val
156898,val
156901,val
156902,val
156903,val
156907,val
156908,val
156910,val
156912,val
156916,val
156917,val
156918,val
156921,val
156922,val
156923,val
156927,val
156928,val
156931,val
156932,val
156935,val
156936,val
156938,val
156941,val
156942,val
156944,val
156947,val
156948,val
156951,val
156952,val
156955,val
156957,val
156958,val
156961,val
156963,val
156965,val
156967,val
156968,val
156972,val
156973,val
156974,val
156977,val
156979,val
156980,val
156983,val
156984,val
156986,val
156987,val
156991,val
156993,val
156995,val
156996,val
156998,val
157000,val
157004,val
157005,val
157007,val
157008,val
157012,val
157013,val
157014,val
157015,val
157018,val
157021,val
157022,val
157024,val
157027,val
157028,val
157030,val
157033,val
157036,val
157037,val
157039,val
157040,val
157043,val
157045,val
157047,val
157049,val
157051,val
157053,val
157054,val
157055,val
157059,val
157060,val
157062,val
157065,val
157067,val
157069,val
157071,val
157073,val
157074,val
157077,val
157078,val
157081,val
157082,val
157083,val
157088,val
157089,val
157090,val
157092,val
157095,val
157096,val
157098,val
157100,val
157102,val
157105,val
157107,val
157108,val
157110,val
157113,val
157116,val
157117,val
157119,val
157121,val
157124,val
157125,val
157126,val
157129,val
157131,val
157132,val
157134,val
157135,val
157139,val
157141,val
157142,val
157145,val
157148,val
157149,val
157150,val
157151,val
157154,val
157157,val
157158,val
157159,val
157162,val
157164,val
157166,val
157167,val
157171,val
157173,val
157174,val
157175,val
157178,val
157180,val
157184,val
157185,val
157186,val
157189,val
157191,val
157193,val
157194,val
157196,val
157198,val
157200,val
157202,val
157204,val
157206,val
157209,val
157210,val
157213,val
157214,val
157217,val
157218,val
157221,val
157222,val
157225,val
157228,val
157229,val
157231,val
157233,val
157234,val
157236,val
157238,val
157241,val
157243,val
157245,val
157246,val
157249,val
157250,val
157253,val
157254,val
157256,val
157259,val
157260,val
157263,val
157264,val
157268,val
157271,val
157277,val
157280,val
157282,val
157287,val
157291,val
157295,val
157301,val
157305,val
157307,val
157311,val
157314,val
157318,val
157325,val
157329,val
157332,val
157337,val
157340,val
157345,val
157347,val
157350,val
157356,val
157359,val
157362,val
157369,val
157371,val
157377,val
157380,val
157382,val
157387,val
157393,val
157396,val
157399,val
157402,val
157409,val
157411,val
157414,val
157415,val
157419,val
157420,val
157424,val
157425,val
157427,val
157429,val
157430,val
157433,val
157436,val
157437,val
157440,val
157444,val
157448,val
157452,val
157456,val
157460,val
157464,val
157467,val
157473,val
157477,val
157479,val
157482,val
157489,val
157492,val
157494,val
157501,val
157502,val
157503,val
157508,val
157509,val
157511,val
157512,val
157515,val
157517,val
157518,val
157521,val
157522,val
157524,val
157527,val
157529,val
157530,val
157532,val
157534,val
157537,val
157538,val
157541,val
157544,val
157545,val
157548,val
157549,val
157550,val
157553,val
157554,val
157557,val
157558,val
157561,val
157564,val
157565,val
157566,val
157569,val
157570,val
157573,val
157576,val
157577,val
157580,val
157581,val
157583,val
157585,val
157586,val
157589,val
157590,val
157593,val
157594,val
157596,val
157599,val
157600,val
157603,val
157604,val
157606,val
157609,val
157611,val
157613,val
157616,val
157617,train
157619,train
157621,train
157624,train
157625,train
157626,train
157627,train
157632,train
157633,train
157635,train
157636,train
157640,train
157641,train
157643,train
157644,train
157647,train
157648,train
157650,train
157651,train
157655,train
157656,train
157658,train
157661,train
157664,train
157665,train
157668,train
157669,train
157670,train
157671,train
157674,train
157675,train
157678,train
157679,train
157682,train
157683,train
157686,train
157687,train
157691,train
157692,train
157694,train
157697,train
157700,train
157701,train
157702,train
157705,train
157707,train
157709,train
157711,train
157713,train
157714,train
157717,train
157720,train
157721,train
157722,train
157723,train
157726,train
157729,train
157730,train
157731,train
157736,train
157737,train
157739,train
157741,train
157743,train
157745,train
157748,train
157749,train
157751,train
157753,train
157756,train
157757,train
157759,train
157760,train
157763,train
157765,train
157766,train
157769,train
157770,train
157772,train
157774,train
157776,train
157778,train
157779,train
157783,train
157785,train
157786,train
206366,train
206369,train
206371,train
206373,train
206374,train
206376,train
206378,train
206380,train
206787,train
206789,train
172740,train
130871,train
119014,val
179039,train
105850,train
179087,train
179079,train
68207,train
130888,val
68296,val
81756,train
201572,train
1657,train
2180,train
130994,train
201617,train
1912,train
130836,train
201611,train
130925,val
194964,train
2346,train
2294,train
68339,train
1738,train
105875,train
172660,train
68222,val
1710,train
18086,train
81741,train
172765,train
201566,train
201606,train
130878,train
105830,train
34085,val
18094,train
194960,train
105871,train
49521,train
49525,train
49530,train
49532,train
49535,train
49539,train
49543,train
49550,train
49554,train
49558,train
49562,train
49564,train
49567,train
49573,train
49574,val
49575,val
49577,train
49581,val
49582,train
49583,train
49584,val
49587,train
49588,val
49591,train
49594,val
49597,train
49598,val
49600,train
49601,val
49604,train
49605,val
49607,val
49608,train
49612,val
49613,train
49616,train
49617,val
49619,train
49620,val
49625,train
49626,val
49627,val
49629,train
49633,train
49634,val
49635,train
49642,train
49646,train
49649,train
49651,train
49655,train
49662,train
49664,train
49670,train
49674,train
49676,train
145823,train
145827,train
145832,train
145835,train
145839,train
145843,train
145846,train
145851,train
145854,train
145858,train
145863,train
145868,train
145870,train
145874,train
145880,train
145881,train
145883,train
145885,train
145887,train
145889,train
145891,train
145893,train
145895,train
145897,train
145898,train
145900,train
145903,train
145904,train
145907,train
145908,train
145912,train
145913,train
145915,train
145916,train
145918,train
145919,train
145923,train
145925,train
145926,train
145927,train
145930,train
145931,train
145934,train
145937,train
145939,train
145941,train
145943,train
145945,train
145946,train
145948,train
145950,train
145953,train
145954,train
145956,train
145959,train
145961,train
145964,train
145965,train
145966,train
145969,train
145971,train
145972,train
145974,train
145977,train
145978,train
145981,train
145982,train
145987,train
145991,train
145994,train
145999,train
146004,train
159613,train
159617,train
159620,train
159622,train
159629,train
159631,train
159637,train
159639,train
159643,train
159646,train
159651,train
159657,train
159661,train
159662,train
159669,train
159671,train
159674,train
159681,train
159682,train
159687,train
159692,train
159696,train
159698,train
159702,train
159708,train
159710,train
159716,train
159718,train
159725,train
159726,train
159731,train
159733,train
159735,train
159736,train
159738,train
159741,train
159742,train
159744,train
159747,train
159748,train
159750,train
159752,train
159754,train
159757,train
159759,train
159761,train
159762,train
159765,train
159768,train
159769,train
159770,train
159772,train
159774,train
159776,train
159778,train
159781,train
159782,train
159785,train
159787,train
159788,train
159791,train
159794,train
159801,train
159805,train
159809,train
161093,val
161097,val
161099,val
161103,val
161106,val
161110,val
161117,val
161120,val
161122,val
161128,val
161131,val
161137,val
161141,val
161143,val
161146,val
161152,val
161154,val
161160,val
161163,val
161167,val
161172,val
161176,val
161178,val
161185,val
161186,val
161191,val
161196,val
161200,val
161203,val
161207,val
161212,val
161217,val
161218,val
161223,val
161228,val
161233,val
161237,val
161239,val
161245,val
161246,val
161250,val
161254,val
161258,val
161263,val
161268,val
161273,val
161276,val
161278,val
161283,val
161287,val
161292,val
161296,val
161298,val
161302,val
161308,val
161311,val
163102,train
163108,train
163111,train
163116,train
163121,train
163125,train
163127,train
163133,train
163137,train
163138,train
163142,train
163146,train
163153,train
163154,train
163160,train
163165,train
163166,train
163170,train
163177,train
163178,train
163182,train
163188,train
163192,train
163197,train
163198,train
163203,train
163209,train
163211,train
163216,train
163218,train
163222,train
163229,train
163231,train
163235,train
163241,train
163245,train
163247,train
163251,train
163254,train
104821,train
67540,train
67340,train
30917,train
31037,train
104716,train
104722,train
67646,train
67624,train
104817,train
104711,train
104699,train
117041,val
67650,train
31090,train
104681,train
30935,train
67527,train
67403,train
104764,train
31001,train
17433,train
30980,train
80208,train
67464,train
30984,train
17454,train
104738,train
17426,train
67454,train
31070,train
104758,train
17445,val
30948,train
67436,train
117305,train
117045,val
104829,train
104669,train
31110,train
48631,val
48635,val
48639,train
48641,val
48644,train
48645,val
48647,val
48648,train
48651,val
48652,train
48655,train
48658,val
48659,val
48660,train
48664,val
48665,train
48668,val
48670,train
48671,val
48672,train
48675,val
48677,train
48680,train
48681,val
48683,val
48684,train
48687,val
48690,train
48691,train
48692,val
48696,train
48697,val
48700,train
48701,val
48703,train
48704,val
48707,train
48710,val
48712,train
48713,val
48716,val
48717,train
48719,val
48720,train
48724,val
48726,train
48728,val
48730,train
48733,train
48734,val
48735,train
48737,val
48741,train
48742,val
48745,train
48746,val
48748,train
48749,val
48751,train
48754,val
48755,val
48756,train
48759,val
48760,train
48763,train
48766,val
48767,train
48770,val
48771,train
48773,val
48775,val
48776,train
48779,train
48782,val
48783,val
48784,train
48789,train
48790,val
48792,val
48793,train
48795,val
48796,train
48801,val
48802,train
48803,val
48805,train
48807,val
48808,train
48812,train
48813,val
48815,val
48816,train
48819,val
48821,train
48824,val
48826,train
48827,val
48830,train
48831,val
48834,train
48836,val
48838,train
48840,train
48841,val
48843,val
48846,train
48847,val
48849,train
48852,val
48854,train
48855,train
48856,val
48862,train
48866,train
117096,val
130246,train
67729,train
171828,train
194562,train
171926,train
80258,train
117235,val
80249,train
172053,train
201323,train
194615,train
171832,train
171852,train
80303,train
130186,train
201259,train
17493,train
194546,train
80262,train
171894,train
194518,train
31168,train
117146,val
178734,train
194611,train
201314,train
171816,train
172009,train
171848,train
178720,train
201327,train
201256,train
194567,train
201291,train
172004,train
117183,val
201317,train
31175,train
171865,train
48879,val
48884,val
48888,val
48892,val
48908,val
48914,val
48916,train
48918,val
48922,train
48924,train
48927,train
48934,train
48938,train
48940,train
48944,train
48949,train
48954,train
144893,train
144897,train
144898,train
144905,train
144909,train
144913,train
144915,train
144919,train
144922,train
144928,train
144931,train
144936,train
144941,train
144944,train
144949,train
144952,train
144957,train
144959,train
144965,train
144966,train
144971,train
144973,train
144974,train
144975,train
144979,train
144980,train
144983,train
144984,train
144986,train
144989,train
144991,train
144992,train
144995,train
144997,train
144999,train
145000,train
145002,train
145004,train
145007,train
145008,train
145011,train
145013,train
145014,train
145017,train
145018,train
145020,train
145022,train
145023,train
145026,train
145027,train
145030,train
145033,train
145035,train
145037,train
145039,train
145040,train
145042,train
145044,train
145046,train
145049,train
145051,train
145052,train
145055,train
145057,train
145058,train
145061,train
145064,train
145065,train
145066,train
145067,train
145070,train
145072,train
145076,train
145077,train
145080,train
145081,train
145082,train
145084,train
145086,train
145087,train
145090,train
145092,train
145094,train
145096,train
145099,train
145101,train
145103,train
145104,train
145108,train
145109,train
145112,train
145113,train
145114,train
145116,train
145118,train
145120,train
145123,train
145124,train
145128,train
145129,train
145130,train
145131,train
145134,train
145136,train
145139,train
145141,train
145143,train
145145,train
145147,train
145148,train
145150,train
145153,train
145155,train
145156,train
145159,train
145161,train
145164,train
145165,train
145167,train
145169,train
145170,train
145171,train
145174,train
145175,train
145178,train
145180,train
145183,train
145185,train
145187,train
145189,train
145191,train
145192,train
145194,train
145195,train
145199,train
145200,train
145203,train
145204,train
145207,train
145208,train
145210,train
145211,train
145216,train
145217,train
145218,train
145220,train
145224,train
145225,train
145226,train
145229,train
145230,train
145232,train
145234,train
145235,train
145240,train
145241,train
145242,train
145244,train
145246,train
145249,train
145250,train
145251,train
145254,train
145257,train
145258,train
145260,train
145263,train
145264,train
145268,train
145269,train
145270,train
145273,train
145274,train
145277,train
145278,train
145280,train
145284,train
145303,train
145306,train
145307,train
145311,train
145312,train
145315,train
145320,train
145322,train
145329,train
145331,train
145334,train
145339,train
145343,train
145348,train
145350,train
158831,train
158834,train
158841,train
158844,train
158849,train
158852,train
158853,train
158856,train
158857,train
158859,train
158860,train
158862,train
158865,train
158866,train
158867,train
158871,train
158872,train
158875,train
158876,train
158878,train
158879,train
158882,train
158884,train
158886,train
158887,train
158892,train
158893,train
158895,train
158897,train
158900,train
158901,train
158903,train
158904,train
158907,train
158908,train
158910,train
158911,train
158915,train
158916,train
158918,train
158919,train
158922,train
158925,train
158927,train
158929,train
158931,train
158933,train
158934,train
158937,train
158938,train
158940,train
158942,train
158943,train
158946,train
158947,train
158951,train
158952,train
158955,train
158956,train
158958,train
158960,train
158963,train
158965,train
158968,train
158969,train
158970,train
158972,train
158975,train
158977,train
158978,train
158981,train
158982,train
158983,train
158987,train
158989,train
158990,train
158992,train
158994,train
158995,train
158998,train
158999,train
159002,train
159005,train
159007,train
159009,train
159010,train
159013,train
159015,train
159017,train
159020,train
159021,train
159022,train
159024,train
159026,train
159027,train
159030,train
159033,train
159035,train
159036,train
159040,train
159041,train
159043,train
159044,train
159047,train
159048,train
159050,train
159052,train
159055,train
159057,train
159058,train
159059,train
159062,train
159064,train
159067,train
159068,train
159071,train
159073,train
159074,train
159077,train
159081,train
159082,train
159098,train
159105,train
159106,train
159108,train
159110,train
159111,train
159115,train
159117,train
159121,train
159124,train
159126,train
159130,train
159137,train
159140,train
159142,train
159147,train
159152,train
160858,train
160864,train
160868,train
160871,train
160877,train
160878,train
160885,train
160889,train
160893,train
160894,train
160900,train
160902,train
160906,train
160913,train
160915,train
160920,train
160925,train
160929,train
160933,train
160935,train
160939,train
160944,train
160948,train
160953,train
160955,train
160959,train
160965,train
160969,train
160971,train
160974,train
160978,train
160983,train
160987,train
160991,train
160996,train
161000,train
161004,train
161007,train
161010,train
161014,train
161019,train
161023,train
161026,train
161032,train
161037,train
161039,train
161044,train
161048,train
161051,train
161057,train
161061,train
161062,train
161068,train
161071,train
161076,train
161080,train
161082,train
161087,train
161092,train
161095,train
161100,train
161104,train
161109,train
161111,train
161114,train
161121,train
161125,train
161129,train
161132,train
161135,train
161138,train
161145,train
161148,train
161150,train
161156,train
161159,train
161164,train
161166,train
161170,train
161175,train
161180,train
161184,train
161187,train
161192,train
161195,train
161198,train
161202,train
161209,train
161211,train
161214,train
161220,train
161225,train
161229,train
161232,train
161236,train
161238,train
161244,train
161247,train
161251,train
161257,train
161261,train
161262,train
161267,train
161271,train
161275,train
161280,train
161284,train
161288,train
161291,train
161294,train
161301,train
180996,train
181097,val
181079,train
180984,train
180964,train
173807,train
202724,train
180879,train
133338,train
181037,train
173822,train
132827,train
202699,train
133334,train
132839,train
181501,val
195987,train
174032,train
180908,train
181505,val
180936,train
120198,val
195985,train
181066,train
181114,val
180988,train
181499,val
202720,train
69972,val
133345,train
133340,train
174006,train
173980,train
181045,train
195967,train
181081,train
173997,train
132835,train
180957,train
174012,train
147489,train
147490,train
147496,train
147499,train
147502,train
147527,train
147531,train
147536,train
147539,train
147544,train
147549,train
147553,train
147555,train
147558,train
147563,train
147566,train
147570,train
147576,train
147581,train
147585,train
147587,train
147590,train
147594,train
147600,train
147605,train
147609,train
147612,train
147617,train
147621,train
147623,train
147629,train
147633,train
147635,train
147641,train
147645,train
147647,train
147650,train
147657,train
147658,train
148015,train
148019,train
148023,train
148029,train
148032,train
148035,train
148040,train
148043,train
148048,train
148051,train
148055,train
148059,train
148064,train
148068,train
148072,train
148074,train
162625,val
162628,val
162632,val
162636,val
162640,val
162644,val
162648,val
162650,val
162655,val
162660,val
162664,val
162667,val
162670,val
162676,val
162678,val
162683,val
162688,val
162693,val
162697,val
162698,val
162705,val
162706,val
162712,val
162716,val
162719,val
162723,val
162727,val
162732,val
162735,val
163171,val
163174,val
163181,val
163184,val
163189,val
163190,val
163196,val
163201,val
163205,val
163207,val
163213,val
163215,val
163219,val
163224,val
163228,val
163233,val
163234,val
163239,val
163242,val
163249,val
88189,train
88193,train
88198,train
88203,train
88205,train
88211,train
88214,train
88218,train
88222,train
88227,train
88231,train
41205,train
41210,train
41212,train
41217,train
41220,train
41226,train
41230,train
41232,train
41235,train
88440,train
88353,train
113218,val
113210,val
139873,val
88332,train
139790,train
139842,train
139804,train
139808,train
113280,val
113382,val
88325,train
88406,train
88299,train
113360,val
88336,train
88364,train
113249,val
113342,val
139840,train
113373,val
88422,train
88401,train
113283,val
88312,train
88360,train
113332,val
113379,val
88426,train
88409,train
139830,train
113202,val
88451,train
113339,val
113225,val
113265,val
88328,train
139859,train
113361,val
41325,train
41327,train
41331,train
41336,train
41341,train
41345,train
41347,train
41351,train
41356,train
41361,train
41366,train
41370,train
41374,train
41375,train
41379,train
41384,train
41388,train
41392,train
41396,train
41402,train
41406,train
41410,train
41413,train
41417,train
41419,train
41423,train
41430,train
41434,train
41438,train
41442,train
41443,train
41450,train
41451,train
41484,train
41490,train
41492,train
41497,train
41501,train
41506,train
41508,train
41513,train
41517,train
41519,train
41526,train
41530,train
41534,train
41535,train
41541,train
41543,train
41550,train
41553,train
41557,train
41560,train
41566,train
41568,train
41573,train
41575,train
41579,train
41585,train
41588,train
41592,train
154626,val
154633,val
154637,val
154641,val
154642,val
154646,val
154650,val
113353,train
11790,val
75493,val
26252,train
26270,val
63315,train
75506,train
63332,train
88433,val
63311,train
11780,val
63294,train
26281,train
63324,train
26276,train
11824,train
113362,train
88425,val
63303,train
75494,train
88446,val
11795,val
11801,val
63289,train
26259,train
75497,val
75477,val
63307,train
63304,train
63312,train
88416,val
11800,train
11798,train
75471,val
26266,val
75492,train
26271,train
26272,val
113357,train
26303,val
41520,train
41523,train
41527,train
41531,train
41538,train
41542,train
41546,train
41549,train
41551,train
41555,train
41561,train
41563,train
41569,train
41572,train
41577,train
100811,train
100816,train
100821,train
100825,train
100827,train
100829,train
100832,train
100833,train
100834,train
100836,train
100838,train
100840,train
100844,train
100845,train
100847,train
100849,train
100851,train
100853,train
100854,train
100857,train
100859,train
100863,train
100867,train
100872,train
199396,val
125813,train
177149,train
125611,train
167740,train
139710,val
125632,train
199387,val
139781,val
125771,train
199537,val
199444,val
167733,train
139728,val
139753,train
139741,train
199385,val
199532,val
177222,train
125704,train
125605,train
199432,val
139694,val
139619,val
125637,train
167727,train
139864,val
199465,val
125780,train
139709,train
125793,train
125753,train
125764,train
125639,train
199543,val
199415,val
139712,train
139851,val
125666,train
125742,train
154446,val
154451,val
154452,val
154454,val
154457,val
154459,val
154461,val
154462,val
154465,val
154468,val
154469,val
154470,val
154473,val
154476,val
154477,val
154480,val
154481,val
154503,val
154506,val
154512,val
154517,val
154519,val
154523,val
154524,val
154527,val
154529,val
154530,val
154532,val
154535,val
154537,val
154539,val
154541,val
154542,val
154543,val
154546,val
154549,val
154551,val
154553,val
154554,val
154556,val
154558,val
154559,val
154562,val
154565,val
154568,val
154569,val
154570,val
154573,val
154574,val
154577,val
154578,val
154585,val
154589,val
154590,val
154597,val
154634,val
154639,val
154645,val
154649,val
154653,val
154657,val
154659,val
154662,val
154669,val
205788,train
205790,train
205792,train
205794,train
205796,train
205798,train
205801,train
205803,train
205816,train
205819,train
205821,train
205823,train
205824,train
205826,train
205829,train
205830,train
205832,train
205835,train
205836,train
205838,train
205841,train
205843,train
205844,train
205846,train
205848,train
205850,train
205853,train
205854,train
205871,train
205872,train
205875,train
205876,train
205878,train
205881,train
205883,train
125612,train
125616,train
125621,train
125622,train
139580,train
139584,train
139587,train
139593,train
139596,train
139597,val
139598,val
139601,train
139604,train
139605,val
139606,val
139608,train
139610,val
139611,train
139614,train
139617,val
177141,train
177142,train
177145,train
154429,val
154431,val
154434,val
154440,val
154442,val
205776,train
205779,train
205780,train
205783,train
205784,train
205786,train
69910,train
69916,train
69921,train
82898,train
82902,train
82906,train
82911,train
94320,val
94324,val
94327,val
94331,val
120134,train
120140,train
120142,train
51207,val
51208,val
51212,val
51213,val
51215,val
51217,val
51219,val
51221,val
51225,val
202457,train
202476,train
180694,train
202470,train
180686,train
202449,train
202468,train
180803,train
180760,train
180662,train
180698,train
202442,train
180688,train
132683,val
202411,train
202482,train
180807,train
202535,train
180738,train
180703,train
202422,train
202472,train
202488,train
180661,train
202516,train
180820,train
180715,train
202498,train
173780,train
195818,train
180828,train
180798,train
195813,train
202532,train
180838,train
180700,train
202526,train
180781,train
180784,train
180684,train
147461,train
147462,train
147468,train
147473,train
147477,train
147480,train
147483,train
162575,val
162581,val
162585,val
162586,val
162590,val
162597,val
162599,val
162602,val
162607,val
162610,val
162617,val
162621,val
195751,train
173709,train
180339,train
173710,train
180657,train
180478,train
180585,train
180459,train
202366,train
173712,train
180405,train
173738,train
202330,train
202363,train
180640,train
202321,train
195694,train
195712,train
202377,train
180366,train
202324,train
180495,train
195714,train
180413,train
180520,train
173701,train
195678,train
180382,train
195749,train
202408,train
180364,train
180436,train
173699,train
180379,train
173695,train
195801,train
180514,train
180650,train
180401,train
173737,train
162530,val
162534,val
162538,val
162543,val
162547,val
162551,val
162557,val
162559,val
162565,val
162566,val
162570,val
69650,train
69654,train
69661,train
69664,train
82635,train
82638,train
82643,train
82646,train
82650,train
94108,val
94110,val
94116,val
94121,val
94123,val
94129,val
119817,train
119820,train
119823,train
119829,train
119833,train
119837,train
119841,train
50715,val
50719,val
50724,val
50729,val
50731,val
69606,train
69610,train
69616,train
69618,train
69622,train
69629,train
82586,train
82591,train
82595,train
82597,train
82601,train
82604,train
82609,train
82612,train
94035,val
94039,val
94042,val
94047,val
94052,val
94057,val
94061,val
94063,val
94066,val
94072,val
94075,val
94080,val
94083,val
119776,train
119779,train
119783,train
119786,train
119793,train
119797,train
50672,val
50675,val
50682,val
50686,val
50689,val
50694,val
180225,train
195619,train
180198,train
202306,train
195642,train
180284,train
173687,train
180275,train
195638,train
180215,train
180171,train
180120,train
180139,train
180241,train
180137,train
180152,train
180180,train
180242,train
180076,train
180333,train
180095,train
180193,train
180147,train
180103,train
195648,train
180111,train
180126,train
180079,train
180118,train
180239,train
180280,train
195637,train
180276,train
180166,train
180186,train
195632,train
180106,train
180176,train
180124,train
202305,train
162319,val
162322,val
162326,val
162332,val
162336,val
162341,val
162345,val
162349,val
162353,val
162357,val
162361,val
162363,val
162368,val
162372,val
162375,val
162379,val
162383,val
162388,val
162393,val
162394,val
162401,val
162403,val
162408,val
162412,val
162417,val
162421,val
162422,val
162428,val
162432,val
162434,val
162439,val
162445,val
162447,val
162452,val
162454,val
162461,val
162465,val
162467,val
162470,val
162476,val
162480,val
162483,val
162488,val
162491,val
162494,val
162501,val
162505,val
162508,val
162511,val
162514,val
162521,val
162524,val
162527,val
180024,train
180034,train
202293,train
179964,train
179846,train
179977,train
180053,train
179907,train
179895,train
179914,train
179867,train
179896,train
180014,train
180008,train
179994,train
180066,train
179954,train
179844,train
173675,train
195552,train
179877,train
180029,train
180010,train
180051,train
195530,train
180064,train
179990,train
179992,train
180056,train
179981,train
179862,train
179840,train
195529,train
179910,train
173670,train
179874,train
179885,train
179928,train
179996,train
180060,train
162290,val
162294,val
162301,val
162305,val
162307,val
162313,val
162315,val
179703,train
195512,train
173654,train
179753,train
179757,train
179707,train
179812,train
179832,train
173658,train
195515,train
179827,train
179694,train
202269,train
202285,train
179652,train
179701,train
179823,train
179751,train
195516,train
173648,train
179712,train
179687,train
202271,train
179808,train
179715,train
179654,train
179722,train
179768,train
179658,train
179760,train
202282,train
179837,train
179664,train
179817,train
179771,train
179828,train
179683,train
179747,train
179744,train
179674,train
162257,val
162258,val
162262,val
162266,val
162272,val
162276,val
162281,val
162282,val
162288,val
69397,train
69398,train
69405,train
69406,train
82455,train
82456,train
82463,train
82466,train
82470,train
82475,train
82479,train
82481,train
82485,train
82488,train
82494,train
82496,train
82501,train
82504,train
82509,train
82514,train
82518,train
82523,train
93946,val
93952,val
93956,val
93959,val
93964,val
119716,train
119719,train
119722,train
119729,train
50607,val
50613,val
50617,val
50619,val
50625,val
69379,train
69385,train
69387,train
69393,train
82430,train
82434,train
82439,train
82443,train
82447,train
82451,train
93937,val
93938,val
93944,val
119703,train
119709,train
119712,train
50559,val
50564,val
50568,val
50572,val
50575,val
50582,val
50585,val
50590,val
50594,val
50595,val
50601,val
50604,val
173633,train
173634,train
173636,train
173639,train
173640,train
173642,train
173644,train
173647,train
179630,train
179632,train
179634,train
179636,train
179638,train
179640,train
179642,train
179644,train
179646,train
179648,train
195484,train
195486,train
195488,train
195490,train
195493,train
195494,train
195496,train
195499,train
195500,train
195502,train
202243,train
202244,train
202246,train
202249,train
202251,train
202253,train
202255,train
202256,train
202258,train
202261,train
202263,train
202265,train
160742,train
160747,train
160750,train
162218,val
162225,val
162227,val
162232,val
162235,val
162239,val
162242,val
162249,val
162252,val
173629,train
195452,train
202221,train
195446,train
195436,train
202216,train
195430,train
195454,train
173623,train
202226,train
202230,train
202225,train
179622,train
195438,train
202228,train
195432,train
179620,train
202215,train
195445,train
173621,train
195440,train
179618,train
173618,train
195448,train
202232,train
202219,train
202241,train
202238,train
202235,train
173627,train
179627,train
195456,train
195434,train
173625,train
195443,train
195450,train
202223,train
202236,train
179624,train
179628,train
160703,train
160706,train
160710,train
160715,train
160718,train
160724,train
160726,train
160730,train
160735,train
162158,val
162162,val
162167,val
162173,val
162176,val
162178,val
162184,val
162188,val
162193,val
162196,val
162199,val
162203,val
162208,val
162210,val
173615,train
179614,train
179617,train
195422,train
195424,train
195426,train
202200,train
202203,train
202205,train
202207,train
202209,train
202211,train
202212,train
160692,train
160694,train
160698,train
162143,val
162147,val
162153,val
162157,val
5154,train
82370,train
69329,train
119685,train
5124,train
93891,val
19025,val
93883,val
119651,train
69321,train
93905,val
69304,train
69330,train
69344,train
34735,val
5108,train
82352,train
93879,val
34754,val
5143,train
93874,val
119637,train
93886,val
119640,train
119646,train
19030,val
93901,val
5129,train
5116,train
119673,train
69340,train
34764,val
34743,val
69300,train
93871,val
119660,train
82363,train
5146,train
69308,train
69337,train
50490,val
50491,val
50497,val
50501,val
50504,val
50507,val
50512,val
50518,val
50522,val
50525,val
50530,val
34691,val
93856,val
93847,val
82345,train
69261,train
69264,train
82322,train
82319,train
119597,train
93829,val
34700,val
119604,train
69286,train
82350,train
5094,train
119631,train
5070,train
82310,train
5043,train
69273,train
69284,train
69257,train
82338,train
34715,val
5047,train
5066,train
202134,train
119601,train
5061,train
5098,train
93850,val
69269,train
5079,train
5042,train
179551,train
5055,train
82315,train
5063,train
179552,train
119618,train
50447,val
50452,val
50455,val
50459,val
50463,val
50469,val
50474,val
50477,val
50480,val
50483,val
160540,train
160543,train
160546,train
160552,train
4414,train
2753,train
5017,train
3631,train
202129,train
4792,train
4872,train
4723,train
4540,train
4468,train
1987,train
4136,train
4504,train
2559,train
82257,train
3655,train
3846,train
3306,train
4780,train
3624,train
4721,train
34661,val
4768,train
3338,train
2600,train
4880,train
3812,train
3109,train
4728,train
3284,train
1890,train
4367,train
2422,train
4655,train
4188,train
4588,train
82293,train
3658,train
4076,train
1911,train
50387,val
50390,val
50391,val
50394,val
50395,val
50396,val
50399,val
50402,val
50405,val
50406,val
50409,val
50410,val
50411,val
50414,val
50415,val
50417,val
50419,val
50420,val
50423,val
50425,val
50427,val
50429,val
50431,val
50433,val
50437,val
50442,val
50444,val
146503,train
146509,train
146510,train
146517,train
146546,train
146550,train
146557,train
146558,train
146565,train
160480,train
160483,train
160488,train
160519,train
160524,train
160528,train
160531,train
202169,train
202179,train
195394,train
195403,train
179598,train
179584,train
179596,train
173600,train
195390,train
202160,train
202162,train
179593,train
202164,train
195396,train
173587,train
179578,train
173591,train
195400,train
195392,train
179603,train
179581,train
173584,train
202177,train
195388,train
195385,train
179591,train
173579,train
195387,train
202174,train
179600,train
195407,train
202171,train
202157,train
173597,train
202158,train
195404,train
179594,train
173581,train
179583,train
173598,train
160604,train
160607,train
160611,train
160614,train
160621,train
160624,train
160626,train
160630,train
160636,train
160639,train
160645,train
160646,train
160651,train
162069,val
162071,val
162074,val
162078,val
162083,val
162089,val
162092,val
162095,val
162101,val
162104,val
162107,val
162112,val
162114,val
162119,val
173573,train
173569,train
131981,train
131987,train
202143,train
202139,train
179568,train
179557,train
164112,train
195368,train
131985,train
202148,train
173563,train
131962,train
164118,train
195375,train
179559,train
202144,train
164137,train
131972,train
164103,train
179566,train
164125,train
173565,train
164140,train
131977,train
173567,train
195370,train
195376,train
173557,train
195373,train
195363,train
195364,train
164126,train
164148,train
179564,train
131993,train
132001,train
173574,train
202151,train
160555,train
160561,train
160564,train
160566,train
160570,train
160577,train
160579,train
160583,train
162015,val
162021,val
162023,val
162027,val
162031,val
162034,val
162038,val
162045,val
162047,val
162051,val
162056,val
162061,val
164098,train
202113,train
173543,train
195336,train
202100,train
195351,train
195335,train
173544,train
202115,train
202104,train
195341,train
173520,train
173519,train
202111,train
173524,train
173532,train
195332,train
173546,train
202126,train
202125,train
202106,train
195338,train
202116,train
131949,val
164090,train
179543,train
173528,train
202120,train
195352,train
131956,val
173539,train
202103,train
179540,train
202108,train
195355,train
202118,train
164095,train
131951,val
195347,train
173526,train
146498,train
146504,train
146508,train
146511,train
146516,train
146518,train
146520,train
146522,train
146523,train
146526,train
146529,train
146530,train
146532,train
146535,train
146537,train
146538,train
146539,train
146543,train
146548,train
146555,train
146561,train
146562,train
160469,train
160472,train
160476,train
160477,train
160481,train
160482,train
160486,train
160492,train
160493,train
160495,train
160496,train
160499,train
160500,train
160502,train
160504,train
160507,train
160509,train
160511,train
160512,train
160514,train
160516,train
160518,train
160523,train
160527,train
160532,train
160536,train
161946,val
161953,val
161954,val
161960,val
161962,val
161969,val
161971,val
161974,val
161981,val
161983,val
161987,val
161991,val
161995,val
162001,val
162003,val
162007,val
162012,val
119503,val
18481,val
68914,val
119531,val
119527,val
34618,val
3977,train
68941,val
68867,val
119506,val
119537,train
4014,train
18465,val
4025,train
18455,val
34594,train
18478,val
69003,train
82193,train
68870,val
119512,train
82208,train
82212,train
34593,val
34614,val
82222,train
18448,val
68969,val
82221,train
68971,train
68949,val
68992,train
68894,val
68979,train
68976,val
68959,val
68923,val
34603,train
68952,val
18475,val
50203,val
50204,val
50207,val
50210,val
50213,val
50214,val
50217,val
50218,val
50219,val
50220,val
50223,val
50224,val
50229,val
50230,val
50232,val
50233,val
50236,val
50237,val
50241,val
50242,val
50245,val
50246,val
50248,val
50250,val
50252,val
50254,val
50255,val
50257,val
50259,val
50261,val
50264,val
50265,val
50268,val
50270,val
50271,val
50274,val
50275,val
50276,val
50280,val
50282,val
50285,val
50286,val
50287,val
50289,val
50292,val
50293,val
50296,val
50297,val
50299,val
50300,val
50305,val
50306,val
50308,val
50309,val
50311,val
50314,val
50315,val
50317,val
50320,val
50321,val
50325,val
50326,val
50328,val
50330,val
50331,val
50332,val
50335,val
50336,val
50339,val
50341,val
50344,val
50346,val
50348,val
50349,val
50351,val
50354,val
50356,val
50358,val
50360,val
50361,val
50363,val
50366,val
50368,val
50370,val
50373,val
50374,val
50377,val
50378,val
50381,val
50382,val
50384,val
50385,val
146452,train
146453,train
146454,train
146457,train
146458,train
146461,train
146465,train
146488,train
146492,train
146496,train
146499,train
160424,train
160426,train
160433,train
160434,train
161901,val
161905,val
161906,val
161910,val
3340,train
3940,train
34467,val
3188,train
3009,train
119454,train
18406,val
3113,train
3687,train
82130,train
3128,train
3199,train
3406,train
119483,train
3640,train
3459,train
2977,train
34472,val
82137,train
119448,train
3464,train
3826,train
3426,train
3106,train
68897,train
3103,train
3418,train
3810,train
34496,val
3219,train
3123,train
3006,train
3043,train
18360,val
202035,train
3079,train
68944,train
119480,train
18355,val
3602,train
49949,val
49950,val
49952,val
49953,val
49955,val
49957,val
49960,val
49961,val
49965,val
49966,val
49968,val
49969,val
49972,val
49973,val
49975,val
49977,val
49979,val
49982,val
49983,val
49986,val
49988,val
49990,val
49993,val
49994,val
49996,val
49997,val
50000,val
50002,val
50004,val
50005,val
50009,val
50010,val
50011,val
50013,val
50016,val
50017,val
50019,val
50022,val
50023,val
50026,val
50029,val
50030,val
50031,val
50033,val
50037,val
50038,val
50039,val
50041,val
50045,val
50046,val
50047,val
50049,val
50052,val
50054,val
50055,val
50057,val
50060,val
50061,val
50063,val
50064,val
50068,val
50069,val
50072,val
50073,val
50076,val
50077,val
50079,val
50080,val
146428,train
146430,train
160401,train
160404,train
160408,train
160412,train
160416,train
68832,train
179341,train
119415,val
173256,train
173234,train
68783,train
34461,train
119394,train
68884,train
68794,train
34394,val
1607,train
201921,train
173247,train
179358,train
119362,train
2832,train
68873,train
34448,val
68763,train
179355,train
179317,train
119387,train
68823,train
119397,val
201917,train
34433,train
119402,val
201906,train
179347,train
1584,train
82013,train
93627,train
34438,val
173231,train
179327,train
68813,train
179356,train
18338,val
2838,train
49885,val
49890,val
49894,val
49897,val
49902,val
49904,val
49910,val
49911,val
49917,val
49918,val
49919,val
49920,val
49925,val
49926,val
49927,val
49930,val
49931,val
49933,val
49936,val
49938,val
49941,val
49942,val
49944,val
49945,val
146268,train
146270,train
146274,train
146281,train
146285,train
146288,train
146293,train
146297,train
34567,train
34570,val
34571,val
34572,train
34575,train
34576,val
34579,val
173501,train
173502,train
173505,train
173506,train
173509,train
173510,train
173512,train
173514,train
173517,train
195318,train
195321,train
195322,train
195324,train
195326,train
195329,train
146462,train
146467,train
146469,train
146472,train
146473,train
146474,train
146476,train
146478,train
146480,train
146483,train
146493,train
146495,train
160436,train
160440,train
160441,train
160442,train
160444,train
160446,train
160448,train
160450,train
160451,train
160455,train
160456,train
160459,train
160461,train
160462,train
160463,train
160466,train
160471,train
161914,val
161921,val
161922,val
161926,val
161930,val
161934,val
161938,val
161942,val
173315,train
201955,train
68802,val
201966,train
68814,val
173441,train
179444,train
68835,val
34557,val
93651,train
173428,train
68805,val
131671,val
131701,val
201946,train
173328,train
68820,val
179438,train
201962,train
173454,train
179432,train
34550,val
173303,train
93659,val
173474,train
173458,train
173353,train
179416,train
131704,val
68810,val
34561,train
179453,train
68839,val
131680,val
131675,val
131705,train
34555,train
93678,val
131706,train
34551,val
146331,train
146334,train
146336,train
146339,train
146340,train
146342,train
146343,train
146347,train
146348,train
146351,train
146352,train
146418,train
146420,train
146425,train
146427,train
146433,train
146434,train
146435,train
146439,train
146441,train
146442,train
146445,train
146447,train
146448,train
160334,train
160336,train
160338,train
160339,train
160342,train
160345,train
160347,train
160348,train
160350,train
160351,train
160356,train
160357,train
160358,train
160361,train
160363,train
160364,train
160366,train
160369,train
160372,train
160373,train
160375,train
160377,train
160378,train
160380,train
160383,train
160385,train
160386,train
160389,train
160392,train
160393,train
160395,train
160396,train
160398,train
160402,train
160406,train
160410,train
160417,train
160420,train
161825,val
161827,val
161833,val
161836,val
161840,val
161844,val
161846,val
161853,val
161856,val
161861,val
161862,val
161869,val
161873,val
161877,val
161880,val
161885,val
161889,val
161890,val
161894,val
93620,val
201932,train
93641,val
68762,val
2827,train
2820,train
195248,train
93634,val
93602,val
179403,train
34411,val
119375,val
195268,train
131619,val
82093,train
195266,train
18282,val
195273,train
179409,train
68780,val
179311,train
173282,train
34418,val
131630,val
173280,train
82095,train
2798,train
68731,val
131640,val
2810,train
195271,train
2801,train
131652,val
201929,train
179305,train
195257,train
34425,val
179314,train
82087,train
93598,val
49877,val
49880,val
49886,val
49887,val
49893,val
49895,val
49899,val
49906,val
49908,val
49912,val
146258,train
146263,train
146278,train
146282,train
146289,train
146292,train
146295,train
146300,train
146301,train
146302,train
146303,train
146307,train
146309,train
146312,train
146313,train
146314,train
146315,train
146320,train
146321,train
146324,train
146325,train
146327,train
146328,train
146330,train
160300,train
160302,train
160309,train
160311,train
160312,train
160314,train
160317,train
160319,train
160321,train
160323,train
160324,train
160326,train
160327,train
160332,train
160333,train
161794,val
161799,val
161803,val
161808,val
161811,val
161815,val
161820,val
132729,val
132730,val
132737,val
132739,val
132742,val
132748,val
132752,val
132754,val
132761,val
132765,val
132769,val
132772,val
173791,train
173792,train
173794,train
173796,train
195832,train
195834,train
202548,train
202551,train
202553,train
202554,train
202557,train
202559,train
147508,train
147510,train
147517,train
147519,train
147522,train
195855,train
195906,train
195851,train
173885,train
195890,train
181281,val
181256,val
173864,train
181226,val
181236,val
195888,train
120353,val
132885,train
181217,val
181187,val
181249,val
181284,val
195901,train
195868,train
195925,train
195864,train
195920,train
181282,val
181157,val
181220,val
181213,val
132860,train
181179,val
195903,train
132878,train
173877,train
132867,train
181130,val
195857,train
195898,train
181243,val
181275,val
181198,val
132870,train
195852,train
147664,train
147666,train
147671,train
147680,train
147685,train
147688,train
147693,train
147695,train
147698,train
147703,train
147707,train
147713,train
147715,train
147720,train
147724,train
147729,train
147731,train
147735,train
147740,train
147744,train
147746,train
147752,train
147757,train
147759,train
147765,train
147768,train
147771,train
147775,train
147779,train
147784,train
147789,train
147791,train
147797,train
147800,train
147804,train
147808,train
147812,train
147815,train
147821,train
147825,train
147828,train
147831,train
147837,train
147841,train
147844,train
147846,train
147850,train
147856,train
147858,train
147862,train
147867,train
147871,train
147875,train
147881,train
147885,train
147889,train
147891,train
147894,train
147901,train
147902,train
147908,train
147913,train
147917,train
147921,train
147923,train
147926,train
147930,train
147937,train
162740,val
162742,val
162749,val
162753,val
162754,val
162761,val
162762,val
162767,val
162771,val
162774,val
162779,val
162782,val
162789,val
162793,val
162796,val
162799,val
162803,val
162808,val
162810,val
162816,val
162821,val
162823,val
162827,val
162832,val
162836,val
162840,val
162845,val
162847,val
162850,val
162854,val
162858,val
162863,val
162869,val
162871,val
162877,val
162881,val
162885,val
162889,val
162890,val
162894,val
162898,val
162903,val
162907,val
162910,val
162916,val
162920,val
162924,val
162927,val
162933,val
162934,val
162940,val
162944,val
162946,val
162952,val
162954,val
162959,val
162962,val
162969,val
162971,val
162974,val
162981,val
162983,val
162986,val
162990,val
162997,val
163000,val
163003,val
163007,val
163011,val
163017,val
163021,val
163025,val
163026,val
163031,val
163034,val
163038,val
163042,val
163048,val
163053,val
163056,val
163059,val
163063,val
163066,val
163073,val
163077,val
112998,val
75246,val
113024,val
113044,val
99848,val
112803,val
113131,val
112830,val
99786,val
75130,val
75041,val
112975,val
112761,val
112788,val
99930,val
75253,val
113118,val
99721,val
99828,val
75257,val
99916,val
75046,val
75180,val
75006,val
74998,val
88014,train
112964,val
87842,train
99845,val
74992,val
75079,val
99732,val
113074,val
112987,val
75094,val
87888,train
87894,train
113083,val
99858,val
41000,train
41003,train
41009,train
41013,train
41015,train
41021,train
41025,train
41027,train
41032,train
41038,train
41041,train
41043,train
41047,train
41054,train
41055,train
41060,train
41065,train
41070,train
41072,train
41078,train
41082,train
41086,train
41089,train
41091,train
41096,train
41102,train
41106,train
41110,train
41111,train
41118,train
41122,train
41125,train
41128,train
41133,train
41138,train
41140,train
41143,train
41148,train
41152,train
41155,train
41161,train
41164,train
41167,train
41172,train
41178,train
41181,train
41184,train
41190,train
41193,train
41195,train
41200,train
57212,train
57215,train
57221,train
57225,train
57227,train
57232,train
57236,train
57239,train
57243,train
57246,train
57252,train
57255,train
57258,train
57263,train
57268,train
57270,train
57277,train
57281,train
57285,train
57287,train
57291,train
57294,train
57297,train
57298,train
57301,train
57304,train
57309,train
57311,train
57315,train
57318,train
57320,train
57322,train
57326,train
57329,train
57331,train
57336,train
57337,train
57342,train
57344,train
57348,train
57349,train
57352,train
57357,train
57359,train
57361,train
57365,train
57368,train
57370,train
57375,train
57378,train
57381,train
57384,train
57387,train
57390,train
57391,train
57394,train
57397,train
57400,train
57403,train
57407,train
57410,train
57414,train
57416,train
57420,train
57423,train
57425,train
57428,train
57430,train
57434,train
57436,train
57439,train
57443,train
57445,train
57448,train
57452,train
57454,train
57458,train
57461,train
57465,train
57467,train
57471,train
57474,train
57475,train
57478,train
57483,train
57484,train
57489,train
57492,train
57494,train
57498,train
57501,train
57503,train
57505,train
57509,train
57512,train
57515,train
57519,train
57520,train
57525,train
57527,train
57530,train
57534,train
57535,train
57539,train
57542,train
57546,train
57549,train
57552,train
57553,train
57556,train
57560,train
57563,train
57567,train
57570,train
57573,train
57576,train
57579,train
57581,train
57585,train
57586,train
57590,train
57593,train
57597,train
57600,train
57602,train
57606,train
57609,train
57611,train
57614,train
57616,train
57621,train
57623,train
57625,train
57629,train
57632,train
57635,train
57638,train
57641,train
57644,train
57648,train
57649,train
57652,train
57657,train
57658,train
57661,train
57666,train
57667,train
57671,train
57675,train
57677,train
57679,train
57682,train
57685,train
57690,train
57693,train
57696,train
57698,train
57700,train
57705,train
57708,train
57710,train
57713,train
57715,train
57719,train
99934,train
99939,train
99945,train
99946,train
99951,train
99954,train
99958,train
99963,train
99966,train
99972,train
99976,train
99979,train
99983,train
99986,train
99993,train
99997,train
100001,train
100003,train
100006,train
100012,train
100015,train
100019,train
100024,train
100028,train
100030,train
100037,train
100041,train
100043,train
100049,train
100052,train
100057,train
100058,train
100062,train
100068,train
100073,train
100077,train
100081,train
100085,train
100089,train
100091,train
100096,train
100101,train
100102,train
100108,train
100113,train
100116,train
100118,train
100124,train
100127,train
100132,train
100136,train
100138,train
100143,train
100147,train
100153,train
100157,train
100158,train
100163,train
100167,train
100173,train
100177,train
100179,train
100185,train
100188,train
100192,train
100194,train
100199,train
100204,train
100208,train
100211,train
100217,train
100218,train
100223,train
100226,train
100233,train
100236,train
100241,train
100243,train
100248,train
100250,train
100254,train
100260,train
100262,train
100266,train
100273,train
100274,train
100278,train
100284,train
100288,train
100291,train
100297,train
100298,train
100303,train
100308,train
100312,train
100317,train
100319,train
100322,train
100329,train
100331,train
100334,train
100339,train
100345,train
100349,train
100353,train
100354,train
100361,train
100364,train
100366,train
100373,train
100375,train
100379,train
100383,train
100389,train
100393,train
100396,train
100399,train
100403,train
100407,train
100412,train
100416,train
100418,train
100425,train
100427,train
100433,train
100436,train
100441,train
100443,train
100449,train
100451,train
100455,train
100461,train
100462,train
100469,train
100473,train
100477,train
100481,train
100482,train
100489,train
100490,train
100494,train
100498,train
100505,train
100507,train
100512,train
100515,train
100518,train
100523,train
100527,train
100531,train
125038,train
198847,val
138487,val
169805,train
169528,train
166889,train
138835,val
183948,val
169543,train
169917,train
169713,train
198973,val
176261,train
183778,val
125108,train
166959,train
125046,train
167103,train
138749,train
125057,train
138364,val
171120,train
169718,train
125015,train
124862,train
169736,train
166842,train
138809,train
138741,train
167024,train
138638,val
169683,train
169774,train
138378,val
171059,train
169844,train
176277,train
176359,train
176308,train
138458,val
153412,train
153414,train
153416,val
153420,train
153421,val
153422,val
153425,train
153426,val
153428,train
153430,val
153432,train
153435,train
153436,val
153438,train
153439,val
153442,val
153443,train
153448,val
153449,train
153451,val
153452,train
153455,val
153457,train
153458,val
153460,train
153462,val
153463,train
153466,train
153468,val
153472,train
153473,val
153476,train
153477,val
153478,train
153481,val
153482,val
153485,train
153488,val
153489,train
153491,val
153492,train
153495,train
153496,val
153500,val
153501,train
153502,train
153504,val
153506,val
153508,train
153510,train
153512,val
153514,val
153515,train
153519,train
153521,val
153524,val
153525,train
153527,val
153528,train
153531,val
153533,train
153534,val
153537,train
153538,val
153539,train
153544,val
153545,train
153547,train
153548,val
153551,val
153553,train
153556,val
153557,train
153558,train
153560,val
153562,train
153565,val
153567,train
153569,val
153570,val
153573,train
153574,val
153576,train
153579,train
153581,val
153584,val
153585,train
153586,train
153589,val
153591,train
153593,val
153594,train
153596,val
153599,train
153600,val
153603,train
153604,val
153608,val
153609,train
153610,train
153612,val
153615,train
153616,val
153618,train
153619,val
153622,val
153623,train
153627,train
153629,val
153630,val
153631,train
153635,val
153636,train
153639,val
153640,train
153643,train
153645,val
153648,val
153649,train
153651,val
153653,train
153656,train
153657,val
153658,train
153659,val
153662,train
153663,val
153667,val
153669,train
153670,val
153671,train
153674,train
153675,val
153678,val
153680,train
153682,train
153685,val
153686,val
153689,train
153690,train
153693,val
153695,val
153697,train
153699,val
153700,train
153703,val
153704,train
153706,train
153707,val
153711,val
153712,train
153714,val
153717,train
153718,train
153721,val
153722,val
153724,train
153726,val
153729,train
153731,val
153732,train
153736,val
153737,train
153739,val
153740,train
153742,train
153744,val
153746,val
153748,train
153750,val
153751,train
153754,train
153756,val
153760,val
153761,train
153763,train
153764,val
153766,val
153767,train
153770,val
153771,train
153774,train
153775,val
153778,train
153780,val
153782,val
153783,train
153788,val
153789,train
153790,train
153793,val
153795,train
153796,val
153799,train
153801,val
153804,train
153805,val
153806,val
153807,train
153810,val
153813,train
153815,train
153816,val
153818,train
153820,val
153823,val
153825,train
153827,val
153829,train
153831,val
153832,train
153835,train
153837,val
153840,val
153841,train
153843,train
153845,val
153847,val
153848,train
153851,train
153853,val
153855,val
153857,train
153859,val
153861,val
153862,val
153863,val
153866,val
153869,val
153870,val
153871,val
153875,val
153876,val
153878,val
153880,val
153882,val
153884,val
153887,val
153888,val
153890,val
153892,val
153895,val
153896,val
153898,val
153901,val
153902,val
153904,val
153906,val
153909,val
153910,val
153912,val
153915,val
153917,val
153919,val
153920,val
153922,val
153925,val
153928,val
153929,val
153931,val
153933,val
153936,val
153937,val
153939,val
153940,val
153942,val
153943,val
153946,val
153948,val
153950,val
153952,val
153957,val
153961,val
153965,val
205219,train
205221,train
205223,train
205225,train
205227,train
205229,train
205236,train
205238,train
205241,train
205242,train
205244,train
205247,train
205249,train
205250,train
205252,train
205255,train
205257,train
205258,train
205260,train
205263,train
205265,train
205266,train
205268,train
205270,train
205272,train
205274,train
205276,train
205279,train
205281,train
205283,train
205284,train
205286,train
205289,train
205290,train
205292,train
205295,train
205297,train
205299,train
205300,train
205303,train
205304,train
205306,train
205308,train
205311,train
205312,train
205314,train
205316,train
205318,train
205320,train
205323,train
205325,train
205326,train
205328,train
205330,train
205332,train
205335,train
205337,train
205338,train
205340,train
205343,train
205345,train
205346,train
205349,train
205351,train
205353,train
205355,train
205357,train
205358,train
205360,train
205362,train
205364,train
205366,train
205368,train
205370,train
205373,train
205374,train
205376,train
205378,train
205381,train
205382,train
205384,train
205387,train
205389,train
205390,train
205392,train
205394,train
205397,train
205398,train
205401,train
205403,train
205404,train
205406,train
205409,train
205410,train
205412,train
205415,train
205417,train
205418,train
205420,train
205422,train
205425,train
205426,train
205429,train
205431,train
205433,train
205435,train
205436,train
205438,train
205441,train
205442,train
205444,train
205446,train
205449,train
205451,train
205452,train
205455,train
176820,train
125294,train
176624,train
139269,train
167282,train
199050,val
139451,val
176712,train
139442,val
125535,train
167468,train
138987,train
176526,train
139279,train
139039,val
176766,train
176928,train
176715,train
176491,train
125536,train
125215,train
139021,train
177058,train
199125,val
167422,train
176562,train
199214,val
139334,val
199166,val
125233,train
177095,train
125285,train
139398,train
167364,train
167216,train
199044,val
139032,train
176835,train
199091,val
177008,train
153956,val
153958,val
153962,val
153968,val
153969,val
153970,val
153971,val
153974,val
153976,val
153980,val
153981,val
153983,val
153984,val
153987,val
153988,val
153992,val
153993,val
153994,val
153997,val
154000,val
154001,val
154002,val
154003,val
154006,val
154007,val
154012,val
154013,val
154015,val
154017,val
154018,val
154021,val
154022,val
154024,val
154028,val
154029,val
154030,val
154032,val
154034,val
154036,val
154039,val
154040,val
154043,val
154045,val
154047,val
154048,val
154050,val
154051,val
154054,val
154055,val
154058,val
154060,val
154062,val
154065,val
154067,val
154069,val
154070,val
154072,val
154074,val
154076,val
154078,val
154081,val
154082,val
154084,val
154087,val
154088,val
154091,val
154093,val
154094,val
154095,val
154098,val
154100,val
154102,val
154103,val
154106,val
154109,val
154110,val
154112,val
154115,val
154116,val
154118,val
154120,val
154124,val
154125,val
154128,val
154129,val
154132,val
154133,val
154134,val
154135,val
154138,val
154140,val
154142,val
154145,val
154147,val
154149,val
154151,val
154152,val
154154,val
154155,val
154158,val
154159,val
154162,val
154165,val
154167,val
154169,val
154172,val
154173,val
154176,val
154177,val
154179,val
154181,val
154182,val
154185,val
154187,val
154189,val
154192,val
154193,val
154194,val
154196,val
154198,val
154199,val
154202,val
154205,val
154207,val
154208,val
154210,val
154213,val
154215,val
154216,val
154219,val
154220,val
154222,val
154224,val
154228,val
154229,val
154230,val
154232,val
154234,val
154236,val
154238,val
154239,val
154243,val
154245,val
154247,val
154248,val
154251,val
154252,val
154254,val
154256,val
154258,val
154259,val
154263,val
154264,val
154266,val
154269,val
154270,val
154273,val
154274,val
154275,val
154278,val
154280,val
154282,val
154285,val
154287,val
154289,val
154290,val
154293,val
154296,val
154297,val
154299,val
154301,val
154302,val
154304,val
154306,val
154307,val
154312,val
154313,val
154314,val
154317,val
154320,val
154321,val
154322,val
154325,val
154327,val
154329,val
154330,val
154331,val
154334,val
154337,val
154339,val
154341,val
154342,val
154345,val
154348,val
154349,val
154350,val
154351,val
154354,val
154359,val
154363,val
205457,train
205459,train
205460,train
205463,train
205465,train
205467,train
205469,train
205471,train
205473,train
205474,train
205477,train
205478,train
205480,train
205482,train
205484,train
205486,train
205489,train
205491,train
205492,train
205494,train
205497,train
205498,train
205501,train
205503,train
205505,train
205507,train
205509,train
205510,train
205512,train
205514,train
205517,train
205518,train
205520,train
205523,train
205525,train
6735,train
36801,train
108349,train
36497,val
173167,train
36584,val
108374,train
71312,val
21512,train
21252,train
83885,train
108082,train
108202,train
21484,train
83874,train
95506,val
21262,train
20936,train
21195,train
108264,train
21384,train
6806,train
36729,train
20975,train
71335,train
95621,train
6971,train
21552,train
6953,train
21357,train
83842,train
36458,val
71413,train
95544,train
108259,train
71537,train
7058,train
21393,train
95568,val
95546,train
49679,train
49683,train
49690,train
49694,train
49698,train
49797,val
49800,val
49805,val
49809,val
49812,val
49818,val
49822,val
49826,val
49828,val
49831,val
49851,val
49857,val
49860,val
49863,val
49870,val
49874,val
49876,val
49879,val
52330,val
52332,val
52337,val
52342,val
52343,val
52347,val
52352,val
52356,val
52359,val
52365,val
52368,val
52373,val
52375,val
52379,val
52385,val
52386,val
52390,val
52392,val
52395,val
52399,val
52401,val
52404,val
52409,val
52412,val
52415,val
52417,val
52420,val
52424,val
52425,val
52428,val
52431,val
52436,val
52439,val
52442,val
52445,val
52447,val
52451,val
52452,val
52455,val
52458,val
52461,val
52466,val
52469,val
52472,val
52473,val
52476,val
52481,val
52482,val
52486,val
52488,val
52491,val
52495,val
52498,val
52500,val
52503,val
52506,val
52511,val
52513,val
52516,val
52519,val
52523,val
52526,val
52529,val
52530,val
52535,val
52537,val
52539,val
52542,val
52546,val
52550,val
52552,val
52555,val
52558,val
52560,val
52564,val
52566,val
52572,val
52576,val
52580,val
52584,val
52588,val
52592,val
52596,val
52600,val
52605,val
52607,val
52610,val
52614,val
52621,val
146203,train
146205,train
146207,train
146208,train
146210,train
146212,train
146216,train
146217,train
146218,train
146220,train
146224,train
146225,train
146227,train
146228,train
146230,train
146231,train
146237,train
149247,train
149250,train
149256,train
149261,train
149262,train
160200,train
160204,train
160209,train
160212,train
160216,train
160223,train
160226,train
160231,train
160236,train
160239,train
160242,train
160247,train
160250,train
160255,train
160259,train
160262,train
160269,train
160273,train
160276,train
160279,train
160283,train
160289,train
160293,train
160297,train
160299,train
160303,train
160307,train
161725,val
161729,val
161752,val
161754,val
161760,val
161765,val
161769,val
161770,val
161774,val
161779,val
161782,val
161788,val
161791,val
7535,train
21750,train
84108,train
36865,train
108537,train
21720,train
71648,train
21691,train
7575,train
7418,train
36931,val
108753,train
95834,val
71652,val
95972,train
7395,train
95941,val
7309,train
21656,train
71668,train
7541,train
7353,train
21815,train
36961,train
21781,train
108637,train
21812,train
84237,train
7345,train
71841,train
84175,train
21806,train
21639,train
7528,train
36896,val
7466,train
108593,train
95877,train
71733,val
84252,train
52624,val
52627,val
52630,val
52634,val
52640,val
52643,val
52647,val
52652,val
52654,val
52658,val
52662,val
52669,val
52673,val
52676,val
52679,val
52683,val
52689,val
52690,val
52693,val
52694,val
52695,val
52698,val
52699,val
52702,val
52703,val
52708,val
52709,val
52712,val
52713,val
52714,val
52716,val
52718,val
52719,val
52723,val
52725,val
52728,val
52729,val
52732,val
52733,val
52735,val
52736,val
52738,val
52739,val
52742,val
52745,val
52748,val
52749,val
52750,val
52751,val
52754,val
52757,val
52760,val
52761,val
52762,val
52765,val
52766,val
52768,val
52770,val
52772,val
52775,val
52777,val
52779,val
52780,val
52782,val
52784,val
52786,val
52788,val
52790,val
52791,val
52795,val
52797,val
52798,val
52799,val
52803,val
52804,val
52807,val
52809,val
52812,val
52813,val
52814,val
52817,val
52818,val
52821,val
52822,val
52825,val
52826,val
52829,val
52830,val
52833,val
52834,val
52835,val
52839,val
52841,val
52842,val
52845,val
52846,val
52848,val
52851,val
52853,val
52854,val
52857,val
52860,val
52861,val
52862,val
52865,val
52866,val
52868,val
52871,val
52873,val
52875,val
52877,val
52878,val
52879,val
52883,val
52884,val
52886,val
52892,val
52895,val
166310,train
196485,train
134425,train
82030,train
121631,train
166268,train
164298,train
174675,train
166412,train
166102,train
164264,train
196413,train
134523,train
174617,train
174533,train
164283,train
121464,val
121604,train
68673,train
174599,train
121567,train
196670,val
134555,train
121564,val
134185,train
166471,train
164214,train
166225,train
68678,train
174512,train
121396,val
166516,train
203086,train
203076,train
121592,val
196391,train
134636,train
203193,train
134677,train
121642,train
149203,train
149206,train
149211,train
149216,train
149221,train
149222,train
149226,train
149232,train
149234,train
149239,train
149243,train
149248,train
149251,train
149257,train
149258,train
149265,train
149268,train
149269,train
149271,train
149273,train
149275,train
149277,train
149278,train
149279,train
149282,train
149283,train
149286,train
149287,train
149291,train
149293,train
149296,train
149297,train
149299,train
149301,train
149304,train
149305,train
149306,train
149308,train
149310,train
149313,train
149315,train
149317,train
149319,train
149320,train
149323,train
149324,train
149327,train
149328,train
149330,train
149331,train
149335,train
149337,train
149338,train
149341,train
149344,train
149345,train
149346,train
149349,train
149350,train
149353,train
149355,train
149356,train
149359,train
149360,train
149362,train
149364,train
149368,train
149369,train
149370,train
149373,train
149375,train
149376,train
149380,train
149381,train
149383,train
149384,train
149388,train
149389,train
149390,train
149393,train
149394,train
149397,train
149398,train
149399,train
149403,train
149405,train
149407,train
149408,train
149410,train
149411,train
149415,train
149416,train
149418,train
149420,train
149422,train
149424,train
149426,train
149427,train
149431,train
149433,train
149435,train
149437,train
149439,train
149441,train
149442,train
149445,train
149446,train
149449,train
149450,train
149451,train
149456,train
149457,train
149459,train
149460,train
149463,train
149465,train
149467,train
149469,train
149472,train
149473,train
149474,train
149475,train
149478,train
149479,train
149482,train
149483,train
149488,train
149489,train
149490,train
149492,train
149494,train
149497,train
149499,train
149501,train
149504,train
164400,train
134875,train
166592,train
134937,train
121771,val
121744,train
121775,train
134936,train
121715,train
174769,train
196691,val
164367,train
203303,train
164353,train
196707,val
196726,val
203264,train
134894,train
182059,val
134838,train
134858,train
174755,train
182130,val
203371,train
121698,train
166646,train
196739,val
121743,val
174789,train
134949,train
164331,train
182087,val
134967,train
166641,train
203272,train
134939,train
182055,val
121678,val
134921,train
121756,val
149503,train
149506,train
149507,train
149510,train
149511,train
149514,train
149515,train
149519,train
149521,train
149524,train
149525,train
149527,train
149529,train
149532,train
149533,train
149535,train
149537,train
149540,train
149541,train
149543,train
149544,train
149546,train
149549,train
149552,train
149553,train
149555,train
149557,train
149558,train
149559,train
149562,train
149563,train
149567,train
149569,train
149571,train
149572,train
149574,train
149577,train
149578,train
149581,train
149582,train
149584,train
149586,train
149589,train
149590,train
149593,train
149594,train
149596,train
149600,train
149601,train
149604,train
149605,train
149608,train
149609,train
149610,train
149611,train
149615,train
149617,train
149618,train
149620,train
149623,train
149624,train
149626,train
149627,train
149631,train
149633,val
149636,train
149637,val
149640,val
149641,train
149642,train
149643,val
149647,train
149649,val
149652,val
149653,train
149654,train
149657,val
149658,train
149659,val
149663,train
149665,val
149666,train
149669,val
149672,train
149673,val
149674,train
149675,val
149678,train
149681,val
149682,val
149683,train
149688,val
149689,train
149691,train
149693,val
149696,val
149697,train
149700,val
149701,train
149703,train
149705,val
149708,train
149709,val
149711,train
149713,val
149716,val
149717,train
149719,val
149721,train
5448,train
19434,train
35163,val
132366,train
106930,train
107079,train
5497,train
5501,train
69729,val
69852,val
132459,val
5700,train
82759,train
164695,train
82822,train
106908,train
35077,train
119999,val
119880,val
5597,train
164515,train
5615,train
35129,train
107001,train
132512,train
119938,val
35024,val
19470,val
34927,val
119796,val
107055,train
106855,train
82585,train
94249,train
107117,train
132530,val
132627,train
164637,train
132604,val
164486,train
50653,val
50655,val
50659,val
50664,val
50670,val
50673,val
50678,val
50679,val
50684,val
50687,val
50693,val
50697,val
50701,val
50704,val
50710,val
50711,val
50716,val
50722,val
50726,val
50728,val
50732,val
50735,val
50739,val
50744,val
50750,val
50753,val
50757,val
50761,val
50766,val
50769,val
50774,val
50776,val
50782,val
50786,val
50788,val
50792,val
50797,val
50800,val
50804,val
50810,val
50813,val
50817,val
50820,val
50824,val
50828,val
50833,val
50836,val
50842,val
50845,val
50849,val
50851,val
50855,val
50861,val
50863,val
50868,val
50872,val
50878,val
50882,val
50886,val
50887,val
50894,val
50896,val
50899,val
50905,val
50907,val
50914,val
50917,val
50919,val
50924,val
50929,val
50932,val
50937,val
50941,val
50946,val
50947,val
50954,val
50955,val
50961,val
50965,val
50968,val
50971,val
50978,val
50981,val
50983,val
50989,val
50992,val
50996,val
51002,val
51006,val
51010,val
51011,val
146775,train
146779,train
146785,train
146787,train
146788,train
146790,train
146792,train
146795,train
146796,train
146799,train
146800,train
146804,train
146805,train
146806,train
146809,train
146811,train
146813,train
146815,train
146817,train
146820,train
146821,train
146822,train
146824,train
146826,train
146827,train
146830,train
146831,train
146834,train
146835,train
146840,train
146841,train
146844,train
146845,train
146847,train
146849,train
146852,train
146853,train
146854,train
146855,train
146859,train
146861,train
146862,train
146864,train
146866,train
146869,train
146872,train
146873,train
146874,train
146876,train
146879,train
146880,train
146882,train
146884,train
146886,train
146887,train
146890,train
146893,train
146896,train
146897,train
146899,train
146900,train
146902,train
146904,train
146906,train
146907,train
146911,train
146912,train
146915,train
146916,train
146918,train
146919,train
146922,train
146923,train
146926,train
146929,train
146932,train
146933,train
146936,train
146937,train
146938,train
146941,train
146942,train
146945,train
146947,train
146949,train
146950,train
146951,train
146956,train
146957,train
146958,train
146959,train
146964,train
146965,train
146967,train
146968,train
146972,train
146973,train
146976,train
146977,train
146980,train
146981,train
146982,train
146984,train
146988,train
146989,train
146991,train
146992,train
146995,train
146997,train
147000,train
147001,train
147003,train
147005,train
147007,train
147009,train
147012,train
147013,train
147014,train
147017,train
147020,train
147021,train
147024,train
147025,train
147026,train
147027,train
147030,train
147033,train
147036,train
147037,train
147038,train
147040,train
147042,train
147044,train
147047,train
147049,train
147050,train
147052,train
147055,train
147056,train
147059,train
147060,train
147062,train
147063,train
147066,train
147067,train
147070,train
147071,train
147074,train
147075,train
147080,train
147081,train
147083,train
147085,train
147087,train
147088,train
147091,train
147092,train
147094,train
147096,train
147100,train
147101,train
147103,train
147104,train
147106,train
147108,train
147110,train
147113,train
147115,train
147117,train
147118,train
147121,train
147123,train
147124,train
147128,train
147129,train
147130,train
147133,train
147134,train
147137,train
147138,train
147140,train
147142,train
147145,train
147146,train
147148,train
147150,train
147153,train
147156,train
147157,train
147159,train
147161,train
147163,train
147165,train
147167,train
147169,train
147171,train
147172,train
147174,train
147176,train
147178,train
147180,train
147182,train
147184,train
147188,train
147189,train
147190,train
147192,train
147195,train
147196,train
147199,train
147201,train
147202,train
147204,train
147206,train
147209,train
147212,train
147213,train
147214,train
147216,train
147218,train
147220,train
147222,train
147223,train
147226,train
147227,train
147231,train
147233,train
147234,train
147237,train
147238,train
147241,train
147242,train
147243,train
147247,train
147249,train
147250,train
147252,train
147254,train
147256,train
147260,train
147261,train
147262,train
147265,train
147267,train
147269,train
147270,train
147272,train
147274,train
147275,train
147278,train
147280,train
147282,train
147284,train
147286,train
147289,train
147291,train
147293,train
147294,train
147297,train
147298,train
147300,train
147302,train
147305,train
147307,train
147309,train
147310,train
147313,train
147315,train
147316,train
147318,train
147319,train
147322,train
147325,train
147326,train
147327,train
147330,train
147331,train
147335,train
147337,train
147338,train
147339,train
147343,train
147344,train
147347,train
147348,train
147351,train
147352,train
147354,train
147357,train
147358,train
147359,train
147363,train
147365,train
147366,train
147367,train
147371,train
147373,train
147375,train
147377,train
147378,train
147380,train
147382,train
147385,train
147387,train
147388,train
147390,train
147391,train
147395,train
147397,train
147398,train
147399,train
147403,train
147405,train
147406,train
147408,train
147411,train
147412,train
147414,train
147415,train
147418,train
147420,train
147422,train
147425,train
147427,train
147429,train
147432,train
147433,train
147435,train
147436,train
147439,train
147440,train
147442,train
147444,train
147446,train
147448,train
147451,train
147453,train
147455,train
147458,train
147463,train
147469,train
147471,train
147475,train
147479,train
147485,train
119592,val
106491,train
164310,train
5161,train
5272,train
82391,train
106556,train
106652,train
34840,val
34873,val
106526,train
69569,val
132187,train
132138,train
82449,train
82461,train
5258,train
5290,train
34777,val
106717,train
106690,train
34810,val
132016,val
132189,val
106518,train
82445,train
132277,train
19083,train
132190,val
5248,train
106740,train
119704,val
5315,train
132042,train
5321,train
132021,val
106597,train
34720,train
132289,val
69452,val
50435,val
50441,val
50445,val
50450,val
50454,val
50457,val
50461,val
50464,val
50467,val
50472,val
50476,val
50479,val
50484,val
50489,val
50494,val
50496,val
50502,val
50503,val
50509,val
50514,val
50516,val
50521,val
50526,val
50527,val
50533,val
50537,val
50540,val
50544,val
50548,val
50553,val
50556,val
50560,val
50566,val
50570,val
50574,val
50576,val
50580,val
50583,val
50587,val
50593,val
50596,val
50600,val
50603,val
50608,val
50611,val
50618,val
50622,val
50626,val
50630,val
50631,val
50635,val
50640,val
50645,val
50650,val
146568,train
146569,train
146572,train
146573,train
146574,train
146577,train
146578,train
146579,train
146582,train
146584,train
146586,train
146589,train
146590,train
146593,train
146595,train
146596,train
146599,train
146601,train
146602,train
146605,train
146608,train
146609,train
146612,train
146613,train
146615,train
146617,train
146618,train
146620,train
146622,train
146624,train
146627,train
146629,train
146632,train
146633,train
146634,train
146635,train
146639,train
146640,train
146642,train
146643,train
146648,train
146649,train
146650,train
146651,train
146654,train
146657,train
146659,train
146661,train
146663,train
146665,train
146666,train
146667,train
146670,train
146672,train
146675,train
146676,train
146679,train
146681,train
146683,train
146685,train
146686,train
146688,train
146691,train
146693,train
146694,train
146696,train
146698,train
146701,train
146702,train
146704,train
146707,train
146709,train
146710,train
146711,train
146714,train
146717,train
146719,train
146721,train
146724,train
146725,train
146726,train
146729,train
146730,train
146733,train
146735,train
146736,train
146738,train
146741,train
146742,train
146744,train
146748,train
146749,train
146750,train
146753,train
146756,train
146757,train
146759,train
146761,train
146762,train
146764,train
146766,train
146768,train
146771,train
146772,train
146776,train
146780,train
146783,train
160535,train
160538,train
160545,train
160548,train
160551,train
160556,train
160560,train
160565,train
160567,train
160571,train
160574,train
160581,train
160584,train
160588,train
160592,train
160597,train
160599,train
160603,train
160608,train
160612,train
160616,train
160618,train
160622,train
160628,train
160633,train
160635,train
160638,train
160644,train
160647,train
160652,train
160655,train
160660,train
160664,train
160667,train
160671,train
160675,train
160681,train
160683,train
160687,train
160690,train
160695,train
160701,train
160704,train
160707,train
160712,train
160716,train
160721,train
160725,train
160729,train
160732,train
160736,train
160740,train
160745,train
160748,train
160752,train
32586,val
32790,val
33806,val
33808,train
17686,val
31649,train
80681,train
31858,train
92690,train
31345,train
92878,train
118574,val
31461,train
17751,val
33746,val
32623,val
92936,train
105184,train
118389,train
80705,train
32111,train
118401,val
33701,train
31855,train
92689,train
32618,val
80559,train
31474,train
32985,val
92738,train
105288,train
32589,val
31276,train
81182,train
92934,train
92674,train
32720,val
32761,val
17703,val
104982,train
48962,val
48965,val
48968,val
48972,val
48978,val
48982,val
48986,val
48987,val
48992,val
48996,val
49000,val
49004,val
49009,val
49014,val
49016,val
49022,val
49023,val
49030,val
49031,val
49035,val
49042,val
49046,val
49050,val
49053,val
49057,val
49060,val
49064,val
49068,val
49072,val
49075,val
49079,val
49086,val
49090,val
49093,val
49097,val
49100,val
49106,val
49109,val
49113,val
49117,val
49120,val
49124,val
49127,val
49132,val
49135,val
49142,val
49143,val
49147,val
49154,val
49155,val
49162,val
49166,val
49168,val
49174,val
49175,val
49182,val
49184,val
49187,val
49191,val
49197,val
49201,val
49203,val
49207,val
49212,val
49215,val
49222,val
49224,val
49230,val
49231,val
49238,val
49242,val
49246,val
49248,val
49254,val
49255,val
49262,val
49263,val
49269,val
49273,val
49276,val
49281,val
49286,val
49289,val
49291,val
49295,val
49299,val
49304,val
49307,val
49313,val
49316,val
49320,val
49325,val
49329,val
146179,train
146183,train
146188,train
146192,train
146197,train
146199,train
161674,val
161681,val
161682,val
161686,val
161691,val
161696,val
161700,val
161705,val
161708,val
123611,train
111090,train
39086,val
39241,val
98111,val
73563,val
98141,val
9364,val
39287,val
98022,val
85813,train
98066,val
111053,train
39249,val
97981,val
9404,val
24022,train
39144,val
9574,val
39201,val
9497,val
123597,train
39329,val
85787,train
123546,train
9569,val
111057,train
73608,val
39193,val
123536,train
39274,val
9595,val
9475,val
24035,train
123561,train
73490,val
24052,train
39280,val
111100,train
9390,val
55076,train
55078,train
55083,train
55087,train
55092,train
55094,train
55101,train
55105,train
55108,train
55113,train
55114,train
55118,train
55124,train
55128,train
55132,train
55137,train
55141,train
55143,train
55146,train
55153,train
55157,train
55161,train
55164,train
55169,train
55173,train
55177,train
55179,train
55184,train
55186,train
55191,train
55194,train
55200,train
55203,train
55208,train
55213,train
55214,train
55221,train
55222,train
55228,train
55231,train
55235,train
55238,train
55243,train
55246,train
55250,train
55254,train
55260,train
55264,train
55267,train
55273,train
55277,train
55280,train
55283,train
55286,train
55291,train
55295,train
55299,train
55304,train
55309,train
55312,train
55314,train
55318,train
55324,train
55327,train
55332,train
55336,train
55341,train
55343,train
55348,train
55352,train
55355,train
55360,train
55362,train
55368,train
55371,train
55377,train
55379,train
55382,train
55388,train
55392,train
86041,train
73628,val
124040,train
73779,val
85999,train
123861,train
9991,val
73993,val
86161,train
111450,train
24147,train
73658,val
111173,train
9843,val
123779,train
24219,train
111348,train
85885,train
73748,val
86038,train
111353,train
10012,val
123877,train
86179,train
111363,train
86032,train
111382,train
73881,val
9818,val
9895,val
74033,val
98399,val
111533,train
111425,train
74000,val
10050,val
85962,train
86121,train
111494,train
39378,train
39381,train
39384,train
39390,train
39391,train
39397,train
39399,train
39403,train
39409,train
39412,train
39418,train
39420,train
39424,train
39430,train
39433,train
39437,train
39440,train
39446,train
39449,train
39452,train
39456,train
39461,train
39463,train
39468,train
39474,train
39476,train
39482,train
39484,train
39490,train
39494,train
39497,train
39501,train
39504,train
39509,train
39511,train
39517,train
39519,train
39523,train
39527,train
39532,train
39537,train
39540,train
39544,train
39549,train
39553,train
39555,train
39560,train
39564,train
39568,train
39571,train
39576,train
39580,train
55397,train
55401,train
55402,train
55409,train
55410,train
55417,train
55419,train
55422,train
55427,train
55430,train
55437,train
55438,train
55443,train
55449,train
55453,train
55455,train
55461,train
55463,train
55467,train
55470,train
55476,train
55479,train
55483,train
55488,train
55492,train
55496,train
55500,train
55505,train
55509,train
55511,train
55514,train
55518,train
55524,train
55527,train
55533,train
55535,train
55539,train
55542,train
55549,train
55553,train
55557,train
55561,train
55562,train
55568,train
55571,train
55575,train
55579,train
55584,train
55588,train
55590,train
55594,train
55601,train
55604,train
55606,train
55611,train
55614,train
55620,train
55623,train
55628,train
55633,train
55634,train
55641,train
55644,train
55647,train
55651,train
55656,train
55660,train
55665,train
55667,train
55671,train
55677,train
55678,train
55682,train
55689,train
55690,train
55694,train
55699,train
55703,train
55708,train
55713,train
55717,train
55718,train
55724,train
55729,train
55732,train
55735,train
55746,train
55750,train
55754,train
55759,train
55762,train
55769,train
55772,train
55775,train
55779,train
55783,train
55787,train
55791,train
55796,train
55801,train
55804,train
55806,train
55810,train
55815,train
55819,train
55825,train
55827,train
55832,train
55836,train
55841,train
198004,val
183173,val
175633,train
183186,val
137255,val
165944,train
183126,val
197975,val
183096,val
198046,val
183163,val
175650,train
183132,val
137195,train
137299,train
168390,train
183082,val
175589,train
183188,val
166031,train
166001,train
198022,val
183184,val
183207,val
175622,train
168424,train
165856,train
198020,val
183080,val
183109,val
183117,val
137171,val
168328,train
197963,val
198067,val
197968,val
175629,train
165759,train
165813,train
168387,train
152072,val
152074,val
152075,train
152078,train
152081,val
152083,train
152084,val
152087,train
152089,val
152092,train
152093,val
152094,val
152095,train
152098,val
152101,train
152104,train
152105,val
152106,val
152109,train
152111,val
152113,train
152116,train
152117,val
152119,val
152121,train
152124,val
152125,train
152126,train
152129,val
152131,train
152132,val
152134,train
152136,val
152139,train
152140,val
152142,train
152143,val
152148,train
152149,val
152150,train
152152,val
152156,train
152157,val
152160,train
152161,val
152162,val
152163,train
152167,train
152169,val
152170,val
152173,train
152174,train
152177,val
152179,train
152180,val
152183,train
152185,val
152187,train
152189,val
152190,train
152192,val
152197,train
204678,train
204697,train
204698,train
204701,train
204702,train
204705,train
204706,train
204708,train
204711,train
204713,train
204715,train
204716,train
204718,train
204721,train
204723,train
204725,train
204727,train
204728,train
204731,train
204732,train
204735,train
204736,train
204739,train
204740,train
204742,train
204745,train
204746,train
204749,train
204751,train
204753,train
204754,train
204757,train
204758,train
204761,train
204763,train
204764,train
204766,train
204768,train
204770,train
204773,train
204774,train
204776,train
198183,val
175775,train
183263,val
198171,val
198140,val
198142,val
183266,val
175730,train
175777,train
137445,train
168728,train
168817,train
166059,train
198116,val
166093,train
137342,train
168472,train
175789,train
166067,train
168496,train
175675,train
183227,val
168586,train
168474,train
137448,train
168738,train
175761,train
198159,val
198221,val
168787,train
198199,val
168485,train
137452,train
137454,train
198193,val
175746,train
198179,val
137399,val
175681,train
137324,train
152196,val
152199,train
152200,val
152202,train
152204,val
152206,val
152207,train
152212,train
152213,val
152215,val
152216,train
152218,val
152221,train
152224,val
152225,train
152228,val
152229,train
152230,train
152233,val
152235,train
152237,val
152238,val
152240,train
152242,val
152245,train
152247,train
152248,val
152250,train
152251,val
152255,train
152257,val
152260,val
152261,train
152264,val
152265,train
152268,train
152269,val
152271,train
152273,val
152274,train
152276,val
152280,val
152281,train
152282,val
152285,train
152287,train
152289,val
152290,train
152291,val
152295,val
152296,train
152300,val
152302,val
152308,val
152312,val
152317,val
152318,val
152325,val
152327,val
152333,val
152337,val
152340,val
152344,val
152347,val
152353,val
152356,val
152361,val
152363,val
152367,val
152371,val
152376,val
152379,val
152384,val
152388,val
152393,val
152394,val
152400,val
152403,val
152407,val
152411,val
152414,val
152420,val
152422,val
152428,val
152431,val
152436,val
152440,val
152443,val
204778,train
204780,train
204782,train
204785,train
204787,train
204788,train
204791,train
204792,train
204794,train
204797,train
204798,train
204800,train
204802,train
204805,train
204806,train
204808,train
204810,train
204812,train
204815,train
204817,train
204818,train
204820,train
204822,train
204825,train
204827,train
204829,train
204830,train
204832,train
204835,train
204836,train
204839,train
204840,train
204843,train
204844,train
204846,train
204848,train
204850,train
204852,train
204855,train
204856,train
204858,train
204860,train
204862,train
204864,train
204866,train
204868,train
204871,train
204873,train
204875,train
204877,train
204878,train
204881,train
204883,train
204884,train
204887,train
204888,train
204890,train
204893,train
204895,train
204896,train
204899,train
204900,train
204902,train
204905,train
5956,train
35670,train
35562,train
5943,train
19969,train
6024,train
35773,train
5966,train
5877,train
35516,train
35574,train
35299,train
35317,val
35342,train
5986,train
5962,train
5747,train
5953,train
35495,train
19954,train
83153,train
35364,train
5774,train
35620,train
165250,train
107152,train
35406,val
35774,val
35411,train
35296,train
35418,train
19751,train
5841,train
35790,val
19832,train
83180,train
35642,train
19978,train
35597,train
35309,val
51017,val
51021,val
51023,val
51029,val
51033,val
51035,val
51039,val
51045,val
51049,val
51054,val
51056,val
51061,val
51064,val
51067,val
51074,val
51077,val
51081,val
51084,val
51090,val
51094,val
51097,val
51099,val
51103,val
51107,val
51114,val
51115,val
51120,val
51123,val
51130,val
51133,val
51135,val
51142,val
51144,val
51149,val
51154,val
51155,val
51161,val
51164,val
51167,val
51171,val
51176,val
51182,val
51185,val
51188,val
51191,val
51198,val
51201,val
51204,val
147456,train
132909,train
132912,train
132915,train
132918,train
133276,train
133279,train
133284,train
133287,train
195481,train
195483,train
160738,train
163152,val
163156,val
163158,val
163164,val
163169,val
164969,train
132757,train
35540,val
107313,train
107330,train
107338,train
35671,val
107290,train
35504,val
107250,train
132826,train
107312,train
107420,train
83074,train
132869,train
164775,train
165059,train
35520,val
165277,train
107217,train
164984,train
35466,val
165245,train
164772,train
165093,train
165197,train
107280,train
165168,train
164950,train
165234,train
107283,train
164996,train
107436,train
35436,val
35734,val
165011,train
35698,val
107287,train
107209,train
107254,train
147667,train
147672,train
147677,train
147681,train
147684,train
147687,train
147690,train
147694,train
147701,train
147705,train
147706,train
147710,train
147717,train
147719,train
147725,train
147727,train
147732,train
147737,train
147739,train
147742,train
147749,train
147751,train
147756,train
147760,train
147763,train
147767,train
147770,train
147776,train
147781,train
147783,train
147788,train
147790,train
147795,train
147798,train
147802,train
147807,train
147811,train
147817,train
147820,train
147823,train
147827,train
147830,train
147834,train
147838,train
147845,train
147849,train
147851,train
147854,train
147860,train
147865,train
147866,train
147873,train
147874,train
147879,train
147883,train
147888,train
147892,train
147895,train
147898,train
147904,train
147909,train
147912,train
147916,train
147920,train
147925,train
147928,train
147931,train
147936,train
147940,train
147945,train
147947,train
147952,train
147957,train
147959,train
147965,train
147966,train
147970,train
147974,train
147981,train
147983,train
147987,train
147993,train
147996,train
148001,train
148002,train
148008,train
148010,train
148016,train
148020,train
148025,train
133173,train
173905,train
132966,train
181467,val
133131,train
133050,train
132982,train
181356,val
181395,val
133132,train
120263,val
133110,train
69995,val
70085,val
181444,val
173942,train
181407,val
133259,train
120236,val
181424,val
181435,val
70021,val
133210,train
120325,val
132955,train
120298,val
133241,train
132983,train
133197,train
181300,val
181345,val
133001,train
70109,val
181321,val
181318,val
173903,train
181331,val
133045,train
173944,train
132937,train
147676,train
147939,train
147944,train
147949,train
147951,train
147955,train
147958,train
147963,train
147967,train
147971,train
147976,train
147979,train
147984,train
147989,train
147991,train
147994,train
147999,train
148003,train
148009,train
148013,train
163082,val
163087,val
163092,val
163096,val
163098,val
163104,val
163107,val
163110,val
163114,val
163120,val
163123,val
163129,val
163131,val
163134,val
163140,val
163144,val
163148,val
1470,train
1475,train
1478,train
1483,train
1484,train
1488,train
1492,train
1497,train
1502,train
1506,train
1509,train
2756,train
2760,train
2765,train
18280,train
18284,train
18294,train
18299,train
18300,train
18304,train
18309,train
18313,train
18317,train
34385,val
34390,val
68718,train
68721,train
82039,train
82042,train
82046,train
82050,train
82054,train
82056,train
195239,train
195241,train
195242,train
195244,train
49838,val
49845,val
49849,val
49855,val
49862,val
49864,val
146241,train
146243,train
146249,train
146252,train
146256,train
68134,train
531,train
559,train
1287,train
373,train
31887,train
1334,train
269,train
31902,train
68064,train
31829,train
1548,train
68152,train
1302,train
414,train
1408,train
17962,train
68053,train
17999,train
527,train
355,train
68118,train
223,train
68072,train
577,train
485,train
1258,train
337,train
17900,train
424,train
1485,train
68063,train
570,train
68156,train
1427,train
31832,train
1412,train
1532,train
68078,train
68099,train
49384,train
49387,train
49392,train
49395,train
49399,train
49406,train
49410,train
49414,train
49417,train
49419,train
49423,train
49428,train
49431,train
49437,train
49442,train
49444,train
49449,train
49452,train
49457,train
49460,train
49464,train
49469,train
49473,train
49476,train
49479,train
49484,train
49487,train
49493,train
49496,train
49500,train
49504,train
49508,train
49514,train
49515,train
145841,train
145845,train
145847,train
145850,train
145856,train
145860,train
145865,train
145869,train
145873,train
145876,train
118834,val
33971,val
81435,train
118895,train
18051,val
118647,val
81609,train
118673,val
31706,train
118827,train
81666,train
506,train
81629,train
80761,train
105822,train
81637,train
105549,train
81522,train
31766,train
105867,train
444,train
118846,val
81646,train
105489,train
80832,train
93030,train
31758,train
31820,train
118734,val
118700,val
105760,train
420,train
118944,val
118931,train
81455,train
81620,train
105781,train
80942,train
93040,train
736,train
49331,val
49335,val
49339,val
49344,val
49350,val
49354,val
49355,val
49362,val
49365,val
49369,val
49374,val
49378,val
49380,val
49385,val
49390,val
49394,val
49397,val
49402,val
49404,val
49408,val
49412,val
49416,val
49422,val
49425,val
49427,val
49433,val
49435,val
49439,val
49445,val
49447,val
49454,val
49458,val
49462,val
49465,val
49468,val
49474,val
49478,val
49482,val
49483,val
49490,val
49491,val
49498,val
49501,val
49503,val
49509,val
49511,val
49516,val
49519,val
49526,val
49529,val
49534,val
49537,val
49540,val
49544,val
49548,val
49551,val
49557,val
49561,val
49565,val
49570,val
159571,train
159575,train
159580,train
159582,train
159586,train
159591,train
159596,train
159600,train
159604,train
159606,train
159612,train
159615,train
159619,train
159625,train
159627,train
159633,train
159636,train
159641,train
159642,train
159649,train
159650,train
159654,train
159660,train
159664,train
159668,train
159670,train
159677,train
159678,train
159684,train
159688,train
159690,train
159697,train
159699,train
159703,train
159707,train
159712,train
159715,train
159720,train
159723,train
159728,train
172435,train
172431,train
130720,train
178973,train
178962,train
130692,train
172449,train
130703,val
201546,train
178958,train
172426,train
178965,train
178982,train
130716,train
130714,val
178980,train
130685,train
130724,val
130706,train
178955,train
172443,train
194931,train
178966,train
201550,train
178961,train
201541,train
130695,train
130705,train
194919,train
130700,train
201555,train
172439,train
130686,val
194924,train
130707,val
201545,train
172420,train
130693,val
201543,train
194932,train
145780,train
145785,train
145786,train
145789,train
145790,train
145792,train
145795,train
145797,train
145798,train
145801,train
145802,train
145805,train
145806,train
145807,train
145811,train
145813,train
145815,train
145816,train
145818,train
145819,train
145824,train
145826,train
145831,train
145834,train
159572,train
159574,train
159579,train
159584,train
159589,train
159593,train
159597,train
159598,train
159605,train
159608,train
161029,val
161031,val
161035,val
161038,val
161043,val
161047,val
161053,val
161056,val
161058,val
161064,val
161067,val
161073,val
161077,val
161079,val
161085,val
161089,val
163009,train
163012,train
163014,train
163019,train
163023,train
163027,train
163033,train
163037,train
163041,train
163044,train
163047,train
163050,train
163057,train
163061,train
163064,train
163068,train
163072,train
163076,train
163079,train
163084,train
163088,train
163090,train
163095,train
163100,train
