_row,cell_id,pred,residual,method
1065,2567188.0,-121.7900315598786,5.227531559878599,ols
1096,2567188.0,-122.60794416143324,-6.152472505233419,ols
1579,2567188.0,-127.6516727996542,1.4797977996541931,ols
17594,2567188.0,-103.50155750303604,-5.049037735059201,ols
17610,2567188.0,-103.23158235950461,-6.869980140495386,ols
18138,2567188.0,-121.70791380082791,4.5645314478867505,ols
18143,2567188.0,-121.83088774713677,4.06730079061505,ols
18156,2567188.0,-122.29955609418845,-3.4333984512661146,ols
18202,2567188.0,-123.32628555628304,-8.853861502540497,ols
31129,2567188.0,-109.75740781161001,6.519282811610012,ols
31224,2567188.0,-103.65274402166719,-5.262255978332817,ols
31256,2567188.0,-103.3182031737881,-6.285546826211899,ols
31268,2567188.0,-103.89888912838269,-0.16111087161731064,ols
31298,2567188.0,-106.27628316452555,1.1775331645255562,ols
34129,2567188.0,-122.0649370558547,4.519103722521379,ols
48864,2567188.0,-109.68392364750686,8.313298647506855,ols
48898,2567188.0,-109.10352255772018,5.176976165967602,ols
49640,2567188.0,-121.7970436166888,7.040168616688803,ols
67836,2567188.0,-103.69697476126527,-7.141775238734738,ols
67842,2567188.0,-103.51126481918266,-6.569985180817341,ols
67851,2567188.0,-103.2593457219375,-7.495654278062489,ols
67870,2567188.0,-103.54636892858872,-4.488631071411277,ols
67894,2567188.0,-105.41481911637632,1.7523191163763272,ols
67910,2567188.0,-107.06470130212229,3.722826302122286,ols
67922,2567188.0,-108.21762587412293,-0.05612412587707638,ols
67932,2567188.0,-109.17906651351132,-2.2390584864886875,ols
67942,2567188.0,-110.03069176944872,-7.0721308111964305,ols
68321,2567188.0,-122.26888930198258,-2.7111106980174213,ols
68653,2567188.0,-125.23750929061286,-0.12249070938713658,ols
80361,2567188.0,-103.61381615003182,-6.5905588499681755,ols
80436,2567188.0,-106.50062515709685,1.9643751570968533,ols
80445,2567188.0,-107.06135961879868,5.260734618798679,ols
81739,2567188.0,-122.26479163128413,-2.3977083687158682,ols
81753,2567188.0,-122.64965494311515,-5.293921445773734,ols
81757,2567188.0,-122.73749191100165,-5.656674755665023,ols
81763,2567188.0,-122.82093538704302,-5.865588050456978,ols
81773,2567188.0,-123.07679876624393,-8.944835849140688,ols
93286,2567188.0,-121.5717703353224,3.578954243368358,ols
93300,2567188.0,-121.90934608903964,6.43434608903965,ols
93331,2567188.0,-122.61138445180573,-4.867782214860952,ols
105911,2567188.0,-122.00435945881783,6.450192792151171,ols
105935,2567188.0,-122.5088550336341,-4.58197829969923,ols
117087,2567188.0,-109.58120797157622,3.8805829715762172,ols
117291,2567188.0,-104.26666055173887,-2.2414644482611408,ols
117298,2567188.0,-104.16003346286878,0.3431584628687858,ols
117313,2567188.0,-103.56530148197625,2.1721764819762512,ols
117339,2567188.0,-101.6756726913541,2.0125476913541007,ols
117344,2567188.0,-101.45953699651848,3.2682869965184835,ols
117360,2567188.0,-100.83371092620824,-1.3194140737917621,ols
117410,2567188.0,-99.99616456558505,-2.804460434414949,ols
117415,2567188.0,-99.87584205325754,-3.71478294674246,ols
117420,2567188.0,-99.74279923162278,-4.225325768377218,ols
117422,2567188.0,-99.63530659199019,-5.643443408009816,ols
117429,2567188.0,-99.50444408176985,-6.954930918230147,ols
117453,2567188.0,-99.36672290348204,-1.8870270965179543,ols
117467,2567188.0,-99.03798891514892,-0.0032610848510898904,ols
117483,2567188.0,-98.97715932232043,-0.8190906776795686,ols
117501,2567188.0,-98.98319626498045,-1.0905537350195544,ols
117504,2567188.0,-98.98319626498045,-1.5793037350195505,ols
117514,2567188.0,-98.98512458060327,-1.5442504193967324,ols
117549,2567188.0,-98.98319626498045,-0.9993037350195522,ols
119033,2567188.0,-121.57847561464715,2.735803200854022,ols
119071,2567188.0,-122.57294961541483,-4.098717051251853,ols
119077,2567188.0,-122.66195891154929,-4.7838744217840485,ols
130284,2567188.0,-108.71447392448057,5.90384892448057,ols
130328,2567188.0,-105.49301450614881,-1.2513604938511946,ols
130332,2567188.0,-105.22370769928212,-2.7550423007178892,ols
130338,2567188.0,-104.71587044114223,-3.1560045588577736,ols
130346,2567188.0,-104.29111509986443,-2.8370099001355698,ols
130353,2567188.0,-104.10616114515668,-2.1494638548433187,ols
130359,2567188.0,-103.78620318417505,-3.3998433274528708,ols
130370,2567188.0,-103.4321929223089,-4.128704513588545,ols
130379,2567188.0,-103.32356082344465,-3.395814176555348,ols
130382,2567188.0,-103.296816400517,-4.065683599482995,ols
130391,2567188.0,-103.36826268560966,-5.4317373143903325,ols
130407,2567188.0,-103.814010371963,-0.09786462803700147,ols
130415,2567188.0,-104.16878757754274,5.9967096554648265,ols
130418,2567188.0,-104.36321876528307,7.000718765283068,ols
130437,2567188.0,-105.2671934078441,7.850943407844099,ols
130451,2567188.0,-106.29816297304113,4.251912973041129,ols
130457,2567188.0,-106.55602040589741,4.665395405897414,ols
131044,2567188.0,-121.73741922112458,5.672632635758745,ols
131073,2567188.0,-122.36211678854194,-2.2762760686009216,ols
131086,2567188.0,-122.68312655804509,-3.9144113207427864,ols
131096,2567188.0,-122.65811323664245,-4.7212270411353074,ols
131103,2567188.0,-122.7639514691214,-3.795423530878608,ols
145335,2567188.0,-105.53251210740001,-2.9186373178873453,ols
145396,2567188.0,-103.4766427886823,-5.882732211317702,ols
145408,2567188.0,-104.01726141240988,0.9097614124098783,ols
145419,2567188.0,-104.75382319862743,6.464448198627423,ols
145425,2567188.0,-105.0290245157502,4.589649515750196,ols
145434,2567188.0,-105.84920507942938,4.167274386360077,ols
145449,2567188.0,-106.72209658891147,4.473334212673848,ols
145468,2567188.0,-108.27868555006549,1.2655605500654872,ols
145481,2567188.0,-109.03652454616649,-2.346600453833517,ols
145489,2567188.0,-109.77784138340847,-2.452356636393489,ols
145992,2567188.0,-121.8055347792324,6.4217847792323965,ols
146021,2567188.0,-122.48372119250506,-3.7275288074949486,ols
146023,2567188.0,-122.58284318932047,-4.597156810679536,ols
159148,2567188.0,-104.56798178047963,-2.5426432195203716,ols
159158,2567188.0,-103.91223394899961,-2.4758910510003886,ols
159177,2567188.0,-103.3595962216458,-7.171028778354199,ols
159208,2567188.0,-103.83166103371492,-3.3814639662850823,ols
159233,2567188.0,-105.31708857458418,3.7202135745841787,ols
159251,2567188.0,-106.91044700863667,4.97919700863666,ols
159305,2567188.0,-109.80972432921735,-1.9352756707826586,ols
159307,2567188.0,-109.87869448174891,-2.851930518251095,ols
159335,2567188.0,-110.08834402403508,-1.7860309759649198,ols
159346,2567188.0,-110.08834402403508,-1.2191559759649238,ols
159355,2567188.0,-110.08834402403508,-1.4891207646973186,ols
159387,2567188.0,-110.08834402403508,-1.4272809759649192,ols
159408,2567188.0,-110.08834402403508,-1.4997809759649243,ols
159412,2567188.0,-110.08834402403508,-1.4385309759649232,ols
159423,2567188.0,-110.08834402403508,-1.3397809759649135,ols
159806,2567188.0,-121.91280829208968,5.297808292089684,ols
159825,2567188.0,-122.27155169230271,-2.414698307697293,ols
161329,2567188.0,-102.72868641014819,2.4274364101481893,ols
161386,2567188.0,-100.77910453379882,-3.8140204662011854,ols
161398,2567188.0,-100.30044400579261,-5.116430994207391,ols
161434,2567188.0,-101.62309322161637,7.760593221616375,ols
161442,2567188.0,-102.35552446811917,4.149274468119174,ols
161454,2567188.0,-103.47090166716896,-1.8809733328310472,ols
161539,2567188.0,-106.11835849755336,17.142733497553365,ols
163274,2567188.0,-121.98937118738604,5.5727045207193555,ols
41272,2568967.0,-105.63939567481776,5.044395674817764,ols
41276,2568967.0,-105.32178836374337,4.913038363743368,ols
41294,2568967.0,-103.6645257055861,5.620150705586099,ols
41297,2568967.0,-103.18591036966743,6.530285369667425,ols
41303,2568967.0,-102.12170098736621,1.565450987366205,ols
41467,2568967.0,-95.81658131109648,-2.096543688903509,ols
41475,2568967.0,-97.6332822159551,-6.967342784044888,ols
41479,2568967.0,-98.40022460397012,-6.4870036568994465,ols
88235,2568967.0,-105.95278351130938,1.9883098270988597,ols
88243,2568967.0,-105.56776480551558,4.701514805515586,ols
88275,2568967.0,-101.93593277394125,-0.14906722605874734,ols
88471,2568967.0,-107.87186512398628,-6.882509876013714,ols
88494,2568967.0,-109.90739978187626,-8.844806100476674,ols
113138,2568967.0,-106.69740387679549,3.517403876795484,ols
113143,2568967.0,-106.420811194647,4.795811194647001,ols
113150,2568967.0,-105.7173947221182,3.721144722118197,ols
113194,2568967.0,-100.9989978861788,-4.667252113821206,ols
113297,2568967.0,-94.54880176323879,-5.991198236761221,ols
113303,2568967.0,-95.50880459647746,-8.268695403522543,ols
113312,2568967.0,-96.983416331139,-9.011583668861007,ols
10427,2568968.0,-101.55278890840952,2.29521315083376,ols
10453,2568968.0,-101.16140998224435,-0.25228049394613095,ols
10458,2568968.0,-101.09180294340547,0.6168029434054745,ols
10468,2568968.0,-100.89383432352099,-0.17031041332113261,ols
10480,2568968.0,-100.69616384914838,-1.5225861508516232,ols
10511,2568968.0,-100.30328094451218,0.21360703146869753,ols
10519,2568968.0,-100.1043516335339,1.425184966867235,ols
10586,2568968.0,-98.85404198948241,1.795014211704654,ols
10597,2568968.0,-98.4128263846435,3.4561937315822746,ols
10612,2568968.0,-97.66768124500003,-3.065426863108101,ols
10631,2568968.0,-96.73547961120667,-1.7109489602218844,ols
10635,2568968.0,-96.48958906938029,-0.22800352321230832,ols
10649,2568968.0,-95.4705807134408,1.0280807134408008,ols
10658,2568968.0,-94.9261338814794,2.5472276314794016,ols
10669,2568968.0,-94.24708428909052,5.80489678909052,ols
10686,2568968.0,-94.08303800300152,6.826093558557076,ols
10714,2568968.0,-94.04788333442363,4.333209421380147,ols
10726,2568968.0,-94.04788333442363,3.5639547629950528,ols
10755,2568968.0,-94.01860544515759,7.461207485973915,ols
10766,2568968.0,-94.01860544515759,7.1530751421272925,ols
10781,2568968.0,-93.99203074186588,6.610565224624494,ols
10794,2568968.0,-93.95064814481773,6.145648144817727,ols
10815,2568968.0,-93.91184285008335,6.986842850083349,ols
10820,2568968.0,-93.91184285008335,6.169342850083339,ols
10871,2568968.0,-93.45409673297496,9.497200181250818,ols
10873,2568968.0,-93.21569295622453,10.725773601385825,ols
10881,2568968.0,-92.54430901621873,7.66180901621874,ols
10895,2568968.0,-91.34871238632407,-0.7237876136759382,ols
10927,2568968.0,-87.90771565194655,-9.273831967101074,ols
10931,2568968.0,-87.50390074520831,-9.686003100945527,ols
10949,2568968.0,-85.34272343510202,-11.594776564897984,ols
10962,2568968.0,-84.0492224445637,-12.224816016974785,ols
10967,2568968.0,-83.9364108083263,-11.537547525007014,ols
10997,2568968.0,-85.63270638540669,-7.333202705502401,ols
11002,2568968.0,-85.73960148959733,-5.315954065958223,ols
11015,2568968.0,-85.89353733010589,-3.606462669894114,ols
11032,2568968.0,-85.94447383444563,-4.408467342024963,ols
11069,2568968.0,-85.94447383444563,-3.8958039433321403,ols
11087,2568968.0,-85.94447383444563,-4.0492761655543745,ols
11121,2568968.0,-87.0933808771808,4.295880877180807,ols
11156,2568968.0,-87.77465662272502,5.032808796638065,ols
11164,2568968.0,-88.3069987469043,11.179982617872042,ols
11198,2568968.0,-91.863603059875,1.244462434875004,ols
11202,2568968.0,-92.26896169781918,0.39827204264678073,ols
11230,2568968.0,-94.1165893112711,-3.023116571081843,ols
11234,2568968.0,-94.30052521573002,-2.0594747842699803,ols
11236,2568968.0,-94.46830163344536,-2.7745555094117975,ols
11242,2568968.0,-94.65280070164894,-2.7961788901877753,ols
11269,2568968.0,-95.5155609329989,-2.670100831706989,ols
11278,2568968.0,-95.59562956657666,-3.7637454334233382,ols
11282,2568968.0,-95.66786028592006,-2.7852647140799434,ols
11303,2568968.0,-96.32745091456727,-7.3672606238942535,ols
11309,2568968.0,-96.73216025784114,-9.786068908825541,ols
11313,2568968.0,-96.93542924238116,-11.502070757618839,ols
24899,2568968.0,-101.01468926312315,1.7321892631231464,ols
24909,2568968.0,-100.74114406870646,1.2461440687064567,ols
24916,2568968.0,-100.47354853361564,1.7279235336156376,ols
24940,2568968.0,-99.49001949358919,4.780644493589193,ols
24958,2568968.0,-99.40715491765562,4.058404917655622,ols
24965,2568968.0,-99.43121194773596,6.046211947735955,ols
24994,2568968.0,-99.42251934970088,6.944394349700872,ols
25000,2568968.0,-99.42251934970088,6.055019349700871,ols
25004,2568968.0,-99.42251934970088,5.958769349700873,ols
25011,2568968.0,-99.42251934970088,5.788769349700871,ols
25040,2568968.0,-99.4248183828702,5.894193382870199,ols
25053,2568968.0,-99.4248183828702,5.402318382870206,ols
25065,2568968.0,-99.42251934970088,5.562519349700878,ols
25087,2568968.0,-99.4248183828702,5.253568382870199,ols
25117,2568968.0,-99.4248183828702,3.9029433828702054,ols
25137,2568968.0,-99.21539434987395,5.186019349873945,ols
25147,2568968.0,-99.07197973320663,3.959479733206635,ols
25187,2568968.0,-97.43676423332553,0.1323892333255401,ols
25213,2568968.0,-95.86274144339268,3.588991443392672,ols
25226,2568968.0,-95.02322331105728,6.195723311057279,ols
25255,2568968.0,-94.54305665145597,7.021806651455975,ols
25271,2568968.0,-94.52859328140215,9.939843281402148,ols
25272,2568968.0,-94.44684178204625,10.568091782046253,ols
25295,2568968.0,-94.24786609287722,7.868491092877221,ols
25343,2568968.0,-93.77044237198514,9.463567371985135,ols
25347,2568968.0,-93.64708963553906,10.813964635539065,ols
25396,2568968.0,-86.20225044401208,-9.459624555987915,ols
25404,2568968.0,-84.10734756846752,-10.340777431532487,ols
25447,2568968.0,-84.93412494926216,-4.286500050737843,ols
25473,2568968.0,-84.90318407058543,-6.41494092941457,ols
25498,2568968.0,-85.08195874496101,-2.0549162550389894,ols
25563,2568968.0,-91.76131264747887,0.43443764747887315,ols
25572,2568968.0,-93.16639293947217,0.6201429394721742,ols
25587,2568968.0,-94.37263005141284,-0.6354949485871657,ols
25589,2568968.0,-94.75197714980995,-0.0898978501900558,ols
25594,2568968.0,-95.12330744666554,-1.639817553334467,ols
25599,2568968.0,-95.475563056217,-4.0613119437829965,ols
25600,2568968.0,-95.80965829136743,-4.627841708632573,ols
25613,2568968.0,-96.64921617643773,-8.572033823562265,ols
25618,2568968.0,-96.841248387908,-9.102501612091999,ols
25629,2568968.0,-96.97005387449347,-7.9386961255065245,ols
25650,2568968.0,-96.92478876033516,-8.598336239664832,ols
25662,2568968.0,-96.93007587407905,-11.653049125920944,ols
40713,2568968.0,-101.9954554880729,0.8473304880729131,ols
40723,2568968.0,-101.90898666417357,1.2058616641735682,ols
40729,2568968.0,-101.86688851789691,-0.7024864821030832,ols
40748,2568968.0,-101.43381559826008,-2.7149344017399244,ols
40754,2568968.0,-101.30463908614873,-1.649110913851274,ols
40759,2568968.0,-101.03025908429879,-1.0278659157012129,ols
40796,2568968.0,-99.15986640465132,0.7992414046513261,ols
40824,2568968.0,-98.14040751771613,7.239157517716123,ols
40831,2568968.0,-98.12780590074757,4.837180900747569,ols
40879,2568968.0,-98.83721333170107,-15.260286668298932,ols
40907,2568968.0,-99.53542374231972,-3.8445762576802736,ols
40914,2568968.0,-99.65037540078677,-4.683999599213223,ols
40928,2568968.0,-100.04024372302513,-6.746006276974867,ols
40977,2568968.0,-100.19221180315532,-11.849663196844688,ols
40979,2568968.0,-100.15468522139409,-12.514689778605913,ols
40994,2568968.0,-100.01292696868163,-14.957698031318373,ols
57027,2568968.0,-101.95267491984686,0.44204991984685194,ols
57044,2568968.0,-101.95187986514853,4.67812986514852,ols
57059,2568968.0,-101.93576013113986,1.4688851311398565,ols
57066,2568968.0,-101.89708734552187,-0.8035376544781343,ols
57104,2568968.0,-101.01859828205662,1.2604732820566085,ols
57114,2568968.0,-100.5038864958128,-0.4628254607089275,ols
57151,2568968.0,-98.33751482834407,2.6243898283440643,ols
57163,2568968.0,-97.84780751236278,7.82905751236278,ols
57188,2568968.0,-98.13729355348099,-7.97583144651901,ols
57205,2568968.0,-98.47883580097246,-15.449914199027532,ols
74599,2568968.0,-101.7587345771006,1.3006095771006017,ols
74631,2568968.0,-100.93088387246323,0.16650887246322554,ols
74643,2568968.0,-100.52098679728275,2.061611797282751,ols
74668,2568968.0,-99.67200088858138,1.7288758885813849,ols
74673,2568968.0,-99.51357961448306,4.301079614483058,ols
74743,2568968.0,-97.78937099203543,2.468745992035423,ols
74766,2568968.0,-97.76542659470402,3.794801594704026,ols
74771,2568968.0,-97.75899990255918,4.168999902559179,ols
74784,2568968.0,-97.75899990255918,3.6296249025591862,ols
74809,2568968.0,-97.75729053495778,3.748540534957769,ols
74825,2568968.0,-97.75255995950269,3.6675599595026966,ols
74837,2568968.0,-97.75085721735711,3.4871072173571065,ols
74841,2568968.0,-97.75085721735711,3.821482217357115,ols
74860,2568968.0,-97.75085721735711,3.989607217357104,ols
74863,2568968.0,-97.75085721735711,3.6577322173571076,ols
74866,2568968.0,-97.75085721735711,3.8921072173571076,ols
74886,2568968.0,-97.75085721735711,3.957732217357105,ols
74915,2568968.0,-97.73831522949094,-2.1598097705090566,ols
74939,2568968.0,-97.95816110449115,-13.336213895508848,ols
99342,2568968.0,-101.85051701656712,0.10426701656712112,ols
99354,2568968.0,-101.75713784224811,-0.6234871577518817,ols
99358,2568968.0,-101.7055321668706,0.036782166870594324,ols
99365,2568968.0,-101.63880057585735,-1.769949424142652,ols
99373,2568968.0,-101.51363246451672,-3.024115060235758,ols
99379,2568968.0,-101.33605699764445,-1.111443002355557,ols
99423,2568968.0,-99.51608403678281,3.7779590367828177,ols
99429,2568968.0,-99.310496142706,3.7254961427060067,ols
99478,2568968.0,-97.76611564210924,9.418615642109245,ols
99515,2568968.0,-97.87615121235828,-1.9907237876417128,ols
99520,2568968.0,-97.9362838493754,-5.9518411506246025,ols
99524,2568968.0,-98.00166384740152,-6.978961152598487,ols
99545,2568968.0,-98.36138634566146,-16.50048865433854,ols
99572,2568968.0,-99.01647166435149,-13.096028335648512,ols
99591,2568968.0,-99.49642630936657,-6.849198690633429,ols
99597,2568968.0,-99.58891767260577,-6.391707327394229,ols
99604,2568968.0,-99.79538012685074,-7.5502448731492535,ols
99613,2568968.0,-99.91521474625672,-8.84791025374328,ols
99658,2568968.0,-100.04335106180443,-10.735733096611412,ols
99662,2568968.0,-100.05359401650128,-9.018280983498727,ols
112550,2568968.0,-101.89297956291382,-1.0138954370861768,ols
112570,2568968.0,-101.7699249719796,-4.0825750280204005,ols
112589,2568968.0,-101.64225243833926,-2.0039975616607393,ols
112610,2568968.0,-100.93600534981164,1.7735053498116429,ols
112627,2568968.0,-100.31703539079332,3.4032853907933287,ols
112652,2568968.0,-99.38281961843086,3.277819618430854,ols
112679,2568968.0,-98.05282561723912,1.8397006172391173,ols
112698,2568968.0,-97.69552803580908,9.279278035809071,ols
112702,2568968.0,-97.73052369344728,2.2528451220187264,ols
112722,2568968.0,-98.0331347625438,-7.634990237456208,ols
112727,2568968.0,-98.13164866512284,-10.296476334877156,ols
112748,2568968.0,-98.69207609652071,-16.481378959659068,ols
11356,2568970.0,-103.55337500980451,2.280348694015032,ols
11426,2568970.0,-102.99109200657398,0.9577586732406616,ols
11436,2568970.0,-102.9714641558582,0.16857954047360124,ols
11447,2568970.0,-102.9454727744663,-0.8533553505337039,ols
11451,2568970.0,-102.9138819636427,-1.7636180363573004,ols
11461,2568970.0,-102.79566117423408,-1.0862832702103589,ols
11477,2568970.0,-102.55830028610714,0.44316870715978496,ols
11485,2568970.0,-102.36002795226457,-1.2149720477354293,ols
11501,2568970.0,-101.9772251678969,-2.3702748321030924,ols
11528,2568970.0,-101.36537706597622,3.3229663516904964,ols
11545,2568970.0,-101.12534779303482,10.32784779303482,ols
11560,2568970.0,-101.13020699938599,11.44270699938599,ols
11574,2568970.0,-101.12530600624802,9.91409910969631,ols
11620,2568970.0,-99.64542695159516,9.32127440922227,ols
11636,2568970.0,-98.77048327041744,2.6652201125227037,ols
11642,2568970.0,-98.51850297645018,1.7661881616353838,ols
11656,2568970.0,-97.14337742677321,-0.29210644419453047,ols
11662,2568970.0,-96.71773124684981,-4.790602086483531,ols
11681,2568970.0,-94.1892366555221,-5.427142654822745,ols
11707,2568970.0,-90.17413533686613,-7.142994292763504,ols
11721,2568970.0,-87.51555847821851,-5.910577885417851,ols
11777,2568970.0,-96.2179015812679,-0.9811724928061807,ols
11827,2568970.0,-99.1510773246255,0.009533206978446174,ols
11843,2568970.0,-100.24988476179254,3.5741035117925435,ols
11854,2568970.0,-100.923087805823,1.1042102548025952,ols
11873,2568970.0,-102.00838020222955,-1.353799284949929,ols
11906,2568970.0,-103.3605827145742,-9.291917285425797,ols
11912,2568970.0,-103.62552288199157,-10.398286641817947,ols
25705,2568970.0,-103.75347402318448,5.36409902318448,ols
25711,2568970.0,-103.66651571984599,4.107140719845987,ols
25737,2568970.0,-103.18237997747936,3.761754977479356,ols
25782,2568970.0,-103.12449930821526,2.188249308215262,ols
25825,2568970.0,-102.11042950514513,-1.7689454948548615,ols
25829,2568970.0,-102.00229127043815,0.21854127043815197,ols
25837,2568970.0,-101.76661976240628,0.4822447624062818,ols
25855,2568970.0,-101.49883809348626,-0.49616190651374836,ols
25872,2568970.0,-101.45878247356443,-0.42559252643557954,ols
25903,2568970.0,-101.45878247356443,-0.5974675264355795,ols
25906,2568970.0,-101.45878247356443,-0.5637175264355676,ols
25914,2568970.0,-101.45878247356443,-1.2312175264355716,ols
25917,2568970.0,-101.45641256579856,-1.2748374342014444,ols
25942,2568970.0,-101.45641256579856,-1.524212434201445,ols
25944,2568970.0,-101.45641256579856,-1.0810874342014358,ols
25958,2568970.0,-101.45641256579856,0.1814125657985528,ols
25977,2568970.0,-101.44264083477626,5.555765834776253,ols
25984,2568970.0,-101.44264083477626,7.002640834776258,ols
25992,2568970.0,-101.36838571462609,7.744010714626086,ols
26043,2568970.0,-98.6921569233244,2.9821569233244105,ols
26058,2568970.0,-97.91265426320632,2.019529263206323,ols
26074,2568970.0,-97.0510166888551,-3.3739833111448974,ols
26085,2568970.0,-96.12915838517878,-5.698966614821217,ols
26110,2568970.0,-94.04073238476273,-3.4836426152372724,ols
26113,2568970.0,-93.6899144009228,-1.5969605990771925,ols
26122,2568970.0,-92.65902840093466,-1.372221599065341,ols
26143,2568970.0,-90.05725769417619,-5.7792322048137095,ols
26147,2568970.0,-89.6730938544669,-6.935031145533102,ols
26156,2568970.0,-88.23466132278233,-3.4684636772176702,ols
26160,2568970.0,-87.87256687604636,-2.1499331239536303,ols
26164,2568970.0,-87.69899053320478,-2.321634466795217,ols
26176,2568970.0,-87.51026946491736,-3.1597305350826446,ols
26181,2568970.0,-87.49696932763183,-3.17365567236817,ols
26203,2568970.0,-87.51991624312804,9.706166243128038,ols
26241,2568970.0,-93.55890685475224,0.6057818547522373,ols
26309,2568970.0,-99.41474001027487,4.220365010274875,ols
26328,2568970.0,-100.83989628283781,-1.7676037171621886,ols
26341,2568970.0,-101.59159879064948,-2.108401209350518,ols
26349,2568970.0,-102.03245536096944,-3.604419639030567,ols
26358,2568970.0,-102.41156896901646,-3.3253060309835405,ols
26387,2568970.0,-103.87039345266123,-9.67398154733877,ols
26388,2568970.0,-103.92812488340101,-8.005000116598993,ols
41618,2568970.0,-101.82259017855934,0.6244651785593334,ols
41656,2568970.0,-103.60399074770572,-9.094759252294281,ols
41660,2568970.0,-103.73145835607991,-8.940416643920088,ols
41664,2568970.0,-103.83120938572131,-8.734415614278689,ols
41669,2568970.0,-103.89488050972818,-8.750119490271814,ols
57721,2568970.0,-101.08988275012044,6.425820250120438,ols
57731,2568970.0,-101.06047679129259,7.0917267912925865,ols
57744,2568970.0,-101.08507130009703,6.676946300097029,ols
57747,2568970.0,-101.08514890412967,5.960148904129667,ols
57751,2568970.0,-101.07552003454191,6.826770034541909,ols
57821,2568970.0,-101.03884914435119,10.401349144351187,ols
57840,2568970.0,-100.37609876656262,11.409848766562618,ols
57845,2568970.0,-100.02276163643252,12.170886636432513,ols
57854,2568970.0,-99.35596390986498,8.524713909864985,ols
57870,2568970.0,-98.06646545588976,3.47834045588975,ols
57898,2568970.0,-96.2478268901603,-0.5140481098397061,ols
57912,2568970.0,-95.65795863809836,-3.8770413619016324,ols
57914,2568970.0,-95.47468776071834,-5.215312239281658,ols
57917,2568970.0,-95.27159203777043,-5.359329014861146,ols
57934,2568970.0,-92.78615574547345,-2.6719692545265445,ols
57951,2568970.0,-89.18512566679627,-6.577999333203735,ols
57974,2568970.0,-87.70561672368368,-1.8112582763163232,ols
57978,2568970.0,-87.79048568768197,-0.25013931231804065,ols
57984,2568970.0,-87.83331117461478,3.5076861746147756,ols
57992,2568970.0,-87.89576451226338,3.626389512263387,ols
58028,2568970.0,-87.89576451226338,4.080139512263386,ols
58074,2568970.0,-87.89369308154612,-0.38943191845388014,ols
58076,2568970.0,-87.8757725195483,-0.9117274804516882,ols
58193,2568970.0,-87.82927576491774,-0.7150992350822634,ols
58212,2568970.0,-87.83128153068432,-1.001218469315674,ols
58217,2568970.0,-87.83128153068432,-0.6074684693156769,ols
58229,2568970.0,-87.83128153068432,-1.252468469315673,ols
58249,2568970.0,-87.83128153068432,-1.0699684693156826,ols
58252,2568970.0,-87.83128153068432,-1.3299684693156735,ols
58270,2568970.0,-87.83471401674319,-1.096535983256814,ols
58275,2568970.0,-87.83471401674319,-1.0090359832568083,ols
58302,2568970.0,-87.83128153068432,-1.3855934693156797,ols
58314,2568970.0,-87.83471401674319,-1.018410983256814,ols
58334,2568970.0,-87.83471401674319,-1.2846609832568134,ols
58344,2568970.0,-87.83471401674319,-0.8846609832568078,ols
58362,2568970.0,-87.83270825097662,-1.002291749023371,ols
58378,2568970.0,-87.83270825097662,-0.9416667490233834,ols
58394,2568970.0,-87.83270825097662,-0.4529167490233732,ols
58406,2568970.0,-87.83270825097662,-0.4179167490233766,ols
58430,2568970.0,-87.82927576491774,-0.2644742350822611,ols
58510,2568970.0,-87.83080993694753,-0.8429400630524668,ols
58529,2568970.0,-87.83080993694753,-1.3223150630524714,ols
58547,2568970.0,-87.83080993694753,-1.2854400630524623,ols
58555,2568970.0,-87.83080993694753,-1.0898150630524697,ols
58578,2568970.0,-87.82901907465595,0.049019074655944905,ols
58591,2568970.0,-87.823897208502,-0.4861027914979985,ols
58598,2568970.0,-87.823897208502,-0.5811027914979974,ols
58609,2568970.0,-87.83761521365557,-0.721134786344436,ols
58620,2568970.0,-87.83761521365557,-0.5255097863444291,ols
58635,2568970.0,-87.83761521365557,-0.4542597863444371,ols
58636,2568970.0,-87.83761521365557,-0.6092597863444382,ols
58643,2568970.0,-87.83761521365557,-0.23488478634443766,ols
58661,2568970.0,-87.83761521365557,-0.15863478634443595,ols
58700,2568970.0,-87.83614670657646,-0.975103293423544,ols
58709,2568970.0,-87.83614670657646,-2.185728293423537,ols
58733,2568970.0,-87.83614670657646,-3.304478293423543,ols
58738,2568970.0,-87.83614670657646,-2.939478293423548,ols
58772,2568970.0,-87.85168542172647,-2.1320645782735284,ols
58776,2568970.0,-87.85168542172647,-2.607689578273522,ols
58786,2568970.0,-87.85168542172647,-2.779564578273522,ols
58790,2568970.0,-87.85168542172647,-2.6395645782735215,ols
58797,2568970.0,-87.85032436638485,-2.3528006336151464,ols
58801,2568970.0,-87.85032436638485,-2.1596756336151515,ols
58804,2568970.0,-87.85032436638485,-2.427800633615149,ols
58823,2568970.0,-87.85032436638485,-2.362175633615152,ols
58870,2568970.0,-87.84907076278074,-1.677804237219263,ols
58917,2568970.0,-87.84907076278074,-0.07592923721925615,ols
58922,2568970.0,-87.84907076278074,-0.3521792372192607,ols
58930,2568970.0,-87.84907076278074,-0.3234292372192584,ols
58932,2568970.0,-87.85249727929865,-0.19875272070134997,ols
58943,2568970.0,-87.85135112743203,0.051351127432027965,ols
58958,2568970.0,-87.86369613816204,0.27057113816204037,ols
58995,2568970.0,-87.86711668513897,0.6702416851389614,ols
59104,2568970.0,-87.86711668513897,0.2239916851389694,ols
59121,2568970.0,-87.86711668513897,0.05399168513896768,ols
59146,2568970.0,-87.86711668513897,0.10086668513896768,ols
59163,2568970.0,-87.86825686746462,-0.1548681325353698,ols
59259,2568970.0,-87.86711668513897,-0.02913331486102777,ols
59323,2568970.0,-87.86608395455082,2.1754589545508196,ols
59350,2568970.0,-87.86266937711486,-0.7035806228851413,ols
59358,2568970.0,-87.86608395455082,-0.4770410454491838,ols
59394,2568970.0,-87.88032727930991,-0.49592272069008914,ols
59411,2568970.0,-87.88032727930991,-0.5571727206900903,ols
59422,2568970.0,-87.87961690393425,-0.8816330960657552,ols
59428,2568970.0,-87.87961690393425,-0.6441330960657581,ols
59463,2568970.0,-87.89181864568093,-0.31568135431906796,ols
59464,2568970.0,-87.89181864568093,0.018693645680926352,ols
59478,2568970.0,-87.89181864568093,-0.0700563543190782,ols
59500,2568970.0,-87.89131720423927,-0.006182795760722115,ols
60222,2568970.0,-87.94204636341897,-0.12920363658103895,ols
60231,2568970.0,-87.95910134197584,-0.1033986580241617,ols
60245,2568970.0,-87.95910134197584,-0.21214865802416227,ols
60253,2568970.0,-87.95910134197584,-0.017148658024154884,ols
60256,2568970.0,-87.95910134197584,0.026601341975833748,ols
60262,2568970.0,-87.95910134197584,0.2522263419758417,ols
60276,2568970.0,-87.95910134197584,0.010976341975833748,ols
60290,2568970.0,-87.95910134197584,-0.16968653681203705,ols
60299,2568970.0,-87.95910134197584,-0.10589865802415943,ols
60342,2568970.0,-87.95974605240082,-0.3196289475991847,ols
60378,2568970.0,-87.95974605240082,-0.42400394759918925,ols
60386,2568970.0,-87.97700996489172,0.13075996489172326,ols
60418,2568970.0,-87.97700996489172,-0.1498650351082773,ols
60465,2568970.0,-87.97700996489172,-0.33611503510827845,ols
60474,2568970.0,-87.97700996489172,-0.5017400351082841,ols
60529,2568970.0,-87.97700996489172,-0.9815296390686683,ols
60534,2568970.0,-87.97700996489172,-1.0324597320779816,ols
60564,2568970.0,-87.97700996489172,0.5513849648917244,ols
60574,2568970.0,-87.97700996489172,-0.2354900351082847,ols
60652,2568970.0,-87.97775615751321,0.12838115751321766,ols
60668,2568970.0,-87.98112894816236,-0.35262105183763026,ols
60684,2568970.0,-87.99857791642339,0.1117029164233827,ols
60695,2568970.0,-87.99521109531523,-0.029541379932297218,ols
60704,2568970.0,-87.99941962170044,-0.003080378299557651,ols
60748,2568970.0,-87.99941962170044,0.22879462170044462,ols
60755,2568970.0,-87.99941962170044,0.11754462170044633,ols
60779,2568970.0,-87.99941962170044,0.03566962170043553,ols
60794,2568970.0,-87.99941962170044,0.23879462170043553,ols
60802,2568970.0,-88.00036877871499,0.2726460064377534,ols
60810,2568970.0,-88.00036877871499,0.38536877871499087,ols
60817,2568970.0,-87.9970019576068,-0.04549804239320565,ols
60848,2568970.0,-88.00036877871499,-0.03614112227511157,ols
60854,2568970.0,-88.00036877871499,0.15945968780589226,ols
60860,2568970.0,-88.00036877871499,0.38465095693280205,ols
60889,2568970.0,-88.00036877871499,-0.48787379554244126,ols
60895,2568970.0,-88.00036877871499,-0.5102562212850188,ols
60899,2568970.0,-87.9970019576068,-0.5187808706760251,ols
60908,2568970.0,-87.9970019576068,-0.2084435869476522,ols
60912,2568970.0,-87.9970019576068,-0.27383137572653027,ols
60921,2568970.0,-87.9970019576068,0.10825195760679662,ols
60949,2568970.0,-87.99804662727689,-0.07559198658449873,ols
60979,2568970.0,-87.99804662727689,-0.025703372723114626,ols
61000,2568970.0,-87.99804662727689,-0.759453372723101,ols
61004,2568970.0,-87.99804662727689,-0.8275783727231101,ols
61016,2568970.0,-87.99804662727689,-0.3813283727231038,ols
61053,2568970.0,-87.99804662727689,0.025546627276895606,ols
61097,2568970.0,-87.9991927791435,-1.0583072208565056,ols
61121,2568970.0,-88.01683277271565,-0.3325422272843497,ols
61142,2568970.0,-88.01683277271565,-0.18129222728435934,ols
61149,2568970.0,-88.01808040677878,0.06433040677877955,ols
61185,2568970.0,-88.01808040677878,-0.08566959322122614,ols
61189,2568970.0,-88.01808040677878,-0.09191959322122045,ols
61240,2568970.0,-88.01808040677878,-0.061294593221219884,ols
61275,2568970.0,-88.01942952303844,0.0856795230384364,ols
61311,2568970.0,-88.01942952303844,0.0856795230384364,ols
61374,2568970.0,-88.03868726221397,-0.021937737786032585,ols
61393,2568970.0,-88.03868726221397,0.03118726221397594,ols
61414,2568970.0,-88.03868726221397,0.3961872622139708,ols
61430,2568970.0,-88.03868726221397,0.13368726221396798,ols
61455,2568970.0,-88.03868726221397,0.21493726221396514,ols
61486,2568970.0,-88.04203617469923,-0.32358882530076016,ols
61492,2568970.0,-88.04203617469923,-0.40108882530076073,ols
61516,2568970.0,-88.03868726221397,-0.10131273778603145,ols
61533,2568970.0,-88.04357631627,-0.23454868372999726,ols
61555,2568970.0,-88.06156254321851,0.19656254321851918,ols
61567,2568970.0,-88.06156254321851,-0.27093745678148196,ols
61578,2568970.0,-88.06156254321851,-0.3540624567814916,ols
61597,2568970.0,-88.06156254321851,-0.3228124567814916,ols
61617,2568970.0,-88.06156254321851,0.01281254321851577,ols
61642,2568970.0,-88.06156254321851,0.04031254321851918,ols
61659,2568970.0,-88.05821960027421,-0.3124053997257903,ols
61684,2568970.0,-88.06319222790385,-0.5193077720961412,ols
61731,2568970.0,-88.06319222790385,-0.2555577720961395,ols
61735,2568970.0,-88.06156254321851,-0.15718745678148593,ols
61745,2568970.0,-88.06156254321851,-0.1565624567814865,ols
61751,2568970.0,-88.06156254321851,-0.04593745678148764,ols
61767,2568970.0,-88.05821960027421,-0.3074053997257806,ols
61768,2568970.0,-88.05821960027421,-0.14803039972578347,ols
61791,2568970.0,-88.05821960027421,-0.013030399725792563,ols
61799,2568970.0,-88.05821960027421,-0.028655399725792563,ols
61817,2568970.0,-88.05821960027421,0.07509460027421255,ols
61830,2568970.0,-88.04022740378474,-0.1288902432740855,ols
61840,2568970.0,-88.04022740378474,-0.10862128042577979,ols
61846,2568970.0,-88.04022740378474,-0.43227259621525604,ols
61867,2568970.0,-88.04022740378474,-0.14852259621525832,ols
61877,2568970.0,-88.04186305801105,-0.3943869419889552,ols
61891,2568970.0,-88.04186305801105,-0.4556369419889563,ols
61899,2568970.0,-88.04022740378474,-0.4841475962152657,ols
61903,2568970.0,-88.04022740378474,-0.4585225962152606,ols
61904,2568970.0,-88.04022740378474,-0.52164759621526,ols
61918,2568970.0,-88.04022740378474,-0.025397596215256613,ols
61936,2568970.0,-88.04186305801105,0.2518630580110397,ols
61943,2568970.0,-88.04186305801105,0.48936305801105107,ols
61957,2568970.0,-88.04361213351584,0.23298713351583444,ols
61982,2568970.0,-88.04361213351584,0.18423713351583615,ols
61999,2568970.0,-88.04545672167617,-0.10641827832382944,ols
62011,2568970.0,-88.04545672167617,-0.22516827832382091,ols
62021,2568970.0,-88.04545672167617,-0.10266827832381864,ols
62026,2568970.0,-88.04545672167617,-0.021418278323821482,ols
62034,2568970.0,-88.04545672167617,-0.028918278323828872,ols
62067,2568970.0,-88.06869614467999,-0.12505385532000446,ols
62095,2568970.0,-88.06869614467999,-0.49005385532001355,ols
62127,2568970.0,-88.06535917127667,-0.32089082872333563,ols
62141,2568970.0,-88.06869614467999,0.025571144679986446,ols
62173,2568970.0,-88.06869614467999,0.23119614467998417,ols
62194,2568970.0,-88.06869614467999,0.176821144679991,ols
62196,2568970.0,-88.06869614467999,0.05432114467998872,ols
62202,2568970.0,-88.06869614467999,-0.07067885532001128,ols
62230,2568970.0,-88.07072578861046,-0.03989921138953889,ols
62236,2568970.0,-88.07072578861046,-0.07239921138953775,ols
62250,2568970.0,-88.06738881520714,-0.16573618479286267,ols
62282,2568970.0,-88.07072578861046,-0.23302421138953378,ols
62291,2568970.0,-88.07072578861046,-0.09427421138954628,ols
62304,2568970.0,-88.07072578861046,-0.22114921138954458,ols
62372,2568970.0,-88.07072578861046,-0.4111492113895423,ols
62390,2568970.0,-88.07072578861046,-0.21927421138954628,ols
62455,2568970.0,-88.06535917127667,-0.3558908287233322,ols
62490,2568970.0,-88.08350060629044,-0.15024939370955792,ols
62494,2568970.0,-88.08350060629044,-0.47087439370955053,ols
62518,2568970.0,-88.08350060629044,-0.3664993937095602,ols
62523,2568970.0,-88.08350060629044,-0.2164993937095545,ols
62532,2568970.0,-88.08350060629044,-0.13524939370955735,ols
62551,2568970.0,-88.08350060629044,-0.057749393709556784,ols
62557,2568970.0,-88.08350060629044,0.4503756062904358,ols
62598,2568970.0,-88.08552428067995,0.21552428067994356,ols
62641,2568970.0,-88.08552428067995,0.508649280679947,ols
62651,2568970.0,-88.08552428067995,0.707399280679951,ols
62679,2568970.0,-88.08350060629044,0.059125606290436394,ols
62684,2568970.0,-88.08350060629044,0.03412560629044492,ols
62698,2568970.0,-88.08350060629044,-0.33212439370956304,ols
62713,2568970.0,-88.08350060629044,0.0922506062904489,ols
62730,2568970.0,-88.08350060629044,0.6966256062904392,ols
62738,2568970.0,-88.08350060629044,0.5816256062904444,ols
62753,2568970.0,-88.08350060629044,0.47412560629044265,ols
62763,2568970.0,-88.08350060629044,0.8622506062904449,ols
62770,2568970.0,-88.08350060629044,0.7991256062904455,ols
62780,2568970.0,-88.08350060629044,0.49600060629043696,ols
62842,2568970.0,-88.08350060629044,2.732875606290449,ols
62844,2568970.0,-88.08350060629044,2.2322506062904495,ols
62872,2568970.0,-88.06535917127667,-0.8308908287233265,ols
62935,2568970.0,-88.07072578861046,-1.3373992113895383,ols
62937,2568970.0,-88.07072578861046,-0.8136492113895457,ols
62942,2568970.0,-88.06738881520714,-0.7438611847928627,ols
62958,2568970.0,-88.07072578861046,-0.7173992113895338,ols
63005,2568970.0,-88.07072578861046,-0.7942742113895349,ols
63019,2568970.0,-88.07072578861046,-1.4455242113895395,ols
63029,2568970.0,-88.07072578861046,-1.3305242113895446,ols
63033,2568970.0,-88.07072578861046,-1.2905242113895383,ols
63079,2568970.0,-88.07072578861046,-1.4030242113895355,ols
63091,2568970.0,-88.07286288427842,-1.3108871157215845,ols
63098,2568970.0,-88.06951994133414,-1.1748550586658695,ols
63126,2568970.0,-88.08885528454229,0.6244802845422868,ols
63130,2568970.0,-88.20335108038441,0.12022608038441263,ols
63151,2568970.0,-88.37590066217882,-0.555349337821184,ols
63165,2568970.0,-88.39931320187083,0.15743820187083202,ols
63169,2568970.0,-88.39931320187083,0.30243820187082804,ols
63189,2568970.0,-88.3961254669918,-0.30074953300820084,ols
63334,2568970.0,-99.35868005100724,1.6493050510072464,ols
63373,2568970.0,-101.46071063529837,0.7663356352983755,ols
63379,2568970.0,-101.64641708539496,-0.08795791460504176,ols
63380,2568970.0,-101.85708815583627,-0.45541184416373426,ols
63393,2568970.0,-102.45174994929869,-2.0120000507013174,ols
63427,2568970.0,-103.61941007203629,-9.433714927963706,ols
63429,2568970.0,-103.77131698114967,-10.408058018850326,ols
63434,2568970.0,-103.84259330035482,-10.151156699645185,ols
75295,2568970.0,-101.02840244765025,8.70215244765025,ols
75314,2568970.0,-101.01356216879397,14.897937168793973,ols
75323,2568970.0,-100.7452372716455,14.5508622716455,ols
75348,2568970.0,-99.4228227687509,7.872822768750908,ols
75353,2568970.0,-99.1049268033713,5.7886768033713025,ols
75384,2568970.0,-94.98982970389409,-5.202670296105907,ols
75396,2568970.0,-92.18994187135833,-2.4745318128521916,ols
75398,2568970.0,-91.03245384643694,-5.204421153563061,ols
75405,2568970.0,-89.80278213208265,-6.354092867917345,ols
75413,2568970.0,-87.73166780048527,-4.703957199514733,ols
75444,2568970.0,-93.28954325747465,5.00641825747465,ols
75451,2568970.0,-94.79017243654604,3.7870474365460467,ols
75532,2568970.0,-100.92181629359597,2.812441293595967,ols
75552,2568970.0,-102.05175488693177,-0.31574511306823183,ols
75582,2568970.0,-103.21873448199858,-3.4012655180014235,ols
75598,2568970.0,-103.27825080548898,-7.59612419451102,ols
75603,2568970.0,-103.29859500112141,-8.82265499887859,ols
88511,2568970.0,-102.58997467050435,-1.9037753294956588,ols
88550,2568970.0,-103.91841244023965,-11.172212559760354,ols
100644,2568970.0,-100.30611186820741,12.649546211641749,ols
100648,2568970.0,-100.16412036664846,11.144937198331633,ols
100668,2568970.0,-99.72789019058176,12.922265190581754,ols
100686,2568970.0,-98.94816665744773,4.9361717079527665,ols
100694,2568970.0,-98.34748159714461,3.4124815971446054,ols
100707,2568970.0,-97.16046822257593,0.9538355695147089,ols
100731,2568970.0,-93.87358523754796,-4.585164762452038,ols
100768,2568970.0,-87.97334466673493,1.217094666734937,ols
100778,2568970.0,-90.97825041441158,9.774500414411577,ols
100783,2568970.0,-92.0336175019257,6.889867501925707,ols
100790,2568970.0,-93.83763069227385,3.6682556922738456,ols
100880,2568970.0,-100.47080553408271,3.782680534082715,ols
100889,2568970.0,-100.91554827557542,1.856173275575415,ols
100929,2568970.0,-102.61895082238222,-2.1679241776177776,ols
100930,2568970.0,-102.7277516761371,-2.2309983238628917,ols
100938,2568970.0,-102.96050407863368,-1.7669959213663304,ols
100953,2568970.0,-103.26217483165149,-7.25095016834851,ols
100998,2568970.0,-103.87994471821636,-10.186930281783631,ols
113390,2568970.0,-100.17060925768496,-8.984511224242766,ols
113396,2568970.0,-100.35709771764888,1.1920977176488776,ols
113404,2568970.0,-100.72377080231034,-0.4062291976896546,ols
113408,2568970.0,-100.98392936740917,-0.8191956325908194,ols
113426,2568970.0,-101.8187457941734,-2.4481292058266035,ols
113458,2568970.0,-103.04722956987426,-9.335270430125732,ols
113461,2568970.0,-103.21386930610643,-9.964880693893562,ols
113475,2568970.0,-103.55960721057923,-9.961017789420765,ols
113502,2568970.0,-103.90696286065543,-10.513037139344576,ols
113507,2568970.0,-103.90705240377002,-10.038572596229983,ols
125832,2568970.0,-101.68379238142037,-0.3762076185796275,ols
125855,2568970.0,-102.91715327209533,-1.93347172790466,ols
125868,2568970.0,-103.34821382568032,-8.983036174319679,ols
172047,2568970.0,-104.16844069430907,-6.6978093056909245,ols
172085,2568970.0,-104.05242863506007,-10.727663957532528,ols
171388,2568979.0,-86.96310559559669,6.110382823319455,ols
171398,2568979.0,-86.445544169517,3.907419169517013,ols
171415,2568979.0,-85.45490118654294,0.5899011865429458,ols
171429,2568979.0,-84.73566117667018,0.7637861766701803,ols
171431,2568979.0,-84.50592979181336,-0.3796952081866465,ols
171493,2568979.0,-82.95577371662968,-5.052976283370327,ols
171548,2568979.0,-86.20906090706416,-1.480314092935842,ols
171559,2568979.0,-86.58853143213284,-6.109593567867165,ols
139484,2568981.0,-100.80832661439506,0.4726307381064174,ols
139524,2568981.0,-100.4223981625862,-3.0051018374137897,ols
139531,2568981.0,-100.40454316881707,-4.040456831182922,ols
139548,2568981.0,-100.34379758461009,-5.651827415389917,ols
139620,2568981.0,-99.86703064558228,-9.323594354417722,ols
139630,2568981.0,-99.91108904912612,-11.88641095087388,ols
139698,2568981.0,-100.56993831920715,-6.402561680792843,ols
154374,2568981.0,-100.46794287371948,-3.727682126280527,ols
154505,2568981.0,-100.63316429984586,-8.317460700154143,ols
154509,2568981.0,-100.65449377888899,-6.846756221111008,ols
154514,2568981.0,-100.6795293755577,-6.414845624442293,ols
154592,2568981.0,-102.4175923771331,-6.6874076228669,ols
154594,2568981.0,-102.54305024956822,-6.580699750431776,ols
171639,2568981.0,-77.9656320236594,-2.8056179763405993,ols
171685,2568981.0,-77.9656320236594,-2.716867976340609,ols
171748,2568981.0,-76.97009547918039,-1.1180295208196185,ols
171777,2568981.0,-78.4308849045431,-1.2322400954568877,ols
171792,2568981.0,-84.95369053097909,7.104940530979093,ols
171797,2568981.0,-86.26709422128859,7.2883442212885825,ols
171822,2568981.0,-92.2826249977215,4.254499997721496,ols
171847,2568981.0,-95.6152258050124,10.466475805012394,ols
171859,2568981.0,-96.95989986278786,13.57489986278786,ols
171888,2568981.0,-99.4221228062474,6.277122806247405,ols
171911,2568981.0,-100.7519627421725,8.291337742172502,ols
171944,2568981.0,-101.35381115106406,10.420730342983262,ols
171963,2568981.0,-101.75482465977083,4.891074659770837,ols
171996,2568981.0,-102.73614476867041,-12.111165357911872,ols
30173,2580500.0,-72.74512543940594,0.5513754394059447,ols
30196,2580500.0,-65.75601143297405,-1.6002385670259542,ols
30207,2580500.0,-65.65639606625204,-0.4386039337479559,ols
30212,2580500.0,-65.33816368602461,-1.958086313975386,ols
30221,2580500.0,-64.59424675098887,-0.6913782490111231,ols
30230,2580500.0,-64.30216200175605,-1.6190879982439554,ols
30236,2580500.0,-66.54767865551284,-0.3991963444871658,ols
30241,2580500.0,-68.32412775725672,1.8460027572567128,ols
30250,2580500.0,-71.81567815698027,1.393803156980269,ols
30262,2580500.0,-76.2643571652182,1.6162321652182072,ols
30276,2580500.0,-80.66577217951954,-0.08110282048046713,ols
30289,2580500.0,-82.72070851423507,-2.8761664857649265,ols
47968,2580500.0,-69.03950300066315,0.4007530006631441,ols
48018,2580500.0,-64.38957327032068,-1.1841767296793222,ols
48039,2580500.0,-65.21480410074207,-1.9576958992579279,ols
48052,2580500.0,-69.25461308941073,0.23523808941072843,ols
48090,2580500.0,-81.12014805474685,1.7426480547468515,ols
48097,2580500.0,-82.79152969074518,-5.649876559254821,ols
79568,2580500.0,-68.81631295727345,0.1325629572734499,ols
79589,2580500.0,-67.26358695148247,1.4610869514824714,ols
79603,2580500.0,-75.54027539661293,4.12590039661292,ols
79613,2580500.0,-78.1774547591271,4.974329759127102,ols
79632,2580500.0,-82.5908868355987,3.162761835598701,ols
79637,2580500.0,-83.2372457997704,1.629120799770405,ols
79657,2580500.0,-85.53994870657873,-0.5525512934212742,ols
79685,2580500.0,-86.79928071122731,-0.26946928877268306,ols
79703,2580500.0,-86.97426222894559,-2.363237771054415,ols
79706,2580500.0,-86.97006327103551,-2.589311728964489,ols
79715,2580500.0,-86.97025965882194,-2.6016153411780607,ols
91761,2580500.0,-76.54045968935452,4.43170968935452,ols
91783,2580500.0,-69.745994034683,1.3716190346829933,ols
91792,2580500.0,-64.31159796730454,-1.7159020326954675,ols
91844,2580500.0,-81.90621354947243,0.8818385494724197,ols
91851,2580500.0,-82.47638340430467,-0.3592415956953232,ols
91888,2580500.0,-85.34080213932894,1.4126771393289488,ols
91917,2580500.0,-85.69331821598924,-2.969806784010757,ols
91936,2580500.0,-85.69331821598924,-0.7604317840107626,ols
91947,2580500.0,-85.73469057633265,0.5790655763326527,ols
91963,2580500.0,-86.48895060145426,-0.5629243985457322,ols
103901,2580500.0,-79.38672658183211,-4.184200384460027,ols
103907,2580500.0,-76.80700467455074,4.642629674550733,ols
103936,2580500.0,-64.36938273551475,-0.6331172644852501,ols
103960,2580500.0,-75.37980787149252,2.6573078714925202,ols
103968,2580500.0,-78.36442528361759,5.00755028361759,ols
103987,2580500.0,-83.07868604171827,0.8755610417182709,ols
103994,2580500.0,-84.25080316558865,-0.4441968344113434,ols
104013,2580500.0,-85.8680378833256,-2.6744621166744054,ols
104026,2580500.0,-86.50233302633025,-1.205791973669747,ols
104033,2580500.0,-86.58723801266794,-4.114494660599377,ols
116402,2580500.0,-73.06699566958218,-0.29612933041781275,ols
116411,2580500.0,-69.34827135994402,-0.4898536400559834,ols
116420,2580500.0,-65.26492974528111,-1.3944452547188888,ols
116431,2580500.0,-66.25679093659738,-2.4757090634026184,ols
116433,2580500.0,-68.37497349034604,3.472473490346033,ols
116476,2580500.0,-81.75366699840511,5.817416998405108,ols
116493,2580500.0,-84.6096504104118,-4.114724589588192,ols
129271,2580500.0,-78.08184196252874,-2.2494080374712553,ols
129298,2580500.0,-68.17981078962117,2.40043578962117,ols
129316,2580500.0,-64.47145762546691,-3.156667374533086,ols
129330,2580500.0,-71.38331641743297,-0.625433582567041,ols
129367,2580500.0,-79.43150299714048,3.8240029971404823,ols
129381,2580500.0,-81.23562407317372,1.8931240731737233,ols
129398,2580500.0,-84.18720157818007,-1.0009234218199339,ols
144009,2580500.0,-78.53142971648666,-2.791070283513349,ols
144045,2580500.0,-72.12501697602175,-1.4743580239782403,ols
144052,2580500.0,-71.65606164560108,-0.5808133543989129,ols
144054,2580500.0,-71.55959783526148,-0.8022771647385127,ols
144076,2580500.0,-71.58208891270858,-0.5535360872914197,ols
144081,2580500.0,-71.58208891270858,0.9464639127085803,ols
144105,2580500.0,-66.15194791403633,-0.5818020859636732,ols
144134,2580500.0,-73.74679666824488,-2.908203331755118,ols
144142,2580500.0,-76.48821118636207,4.866961186362062,ols
144147,2580500.0,-77.61177376798493,4.974898767984925,ols
144151,2580500.0,-78.6142773069664,4.291777306966395,ols
144182,2580500.0,-84.07887968625924,-0.7842453137407546,ols
144193,2580500.0,-85.0124417604008,-1.3819332395991921,ols
158152,2580500.0,-78.91677060888054,-2.841979391119466,ols
158167,2580500.0,-75.13282685054548,1.896576850545486,ols
158191,2580500.0,-71.52897069237616,0.5202206923761565,ols
158205,2580500.0,-70.2836757385584,-0.20257426144159751,ols
158230,2580500.0,-68.74966268327537,-0.4115873167246207,ols
158259,2580500.0,-64.44287852664019,-4.287746473359817,ols
158264,2580500.0,-65.33471287206288,-1.8959121279371232,ols
158283,2580500.0,-73.47707207126818,-0.9616779287318167,ols
158287,2580500.0,-74.90918792078679,2.3729379207867964,ols
158291,2580500.0,-76.18726093134137,5.399760931341376,ols
158297,2580500.0,-77.37923192524093,5.523606925240927,ols
158301,2580500.0,-78.46931506517541,4.299315065175406,ols
158318,2580500.0,-82.78200020720315,0.9513752072031565,ols
158338,2580500.0,-85.61567957774984,-0.34994542225015834,ols
29909,2580501.0,-80.11910654839389,2.402856548393885,ols
29932,2580501.0,-80.11910654839389,3.8766065483938803,ols
29937,2580501.0,-80.11910654839389,4.347231548393893,ols
29959,2580501.0,-74.80520963705048,4.208959637050484,ols
29996,2580501.0,-67.17627414104125,-3.7681008589587464,ols
30023,2580501.0,-67.19304866620371,-4.148826333796293,ols
30057,2580501.0,-67.19304866620371,-3.343201333796287,ols
30064,2580501.0,-67.19304866620371,-3.3963263337962957,ols
30072,2580501.0,-67.19304866620371,-3.741951333796294,ols
30118,2580501.0,-70.99777177838958,-7.929728221610418,ols
30134,2580501.0,-80.16179564034445,-3.427579359655553,ols
30140,2580501.0,-83.98635181302275,10.244476813022757,ols
47293,2580501.0,-105.86271543728868,-5.164159562711319,ols
47321,2580501.0,-105.86271543728868,-5.2004095627113145,ols
47359,2580501.0,-105.86271543728868,-7.1222845627113145,ols
47364,2580501.0,-105.86271543728868,-5.50228456271131,ols
47371,2580501.0,-105.86271543728868,-4.449784562711315,ols
47388,2580501.0,-105.86271543728868,-6.746659562711315,ols
47393,2580501.0,-105.86271543728868,-7.8679095627113185,ols
47400,2580501.0,-105.86230051970517,-6.386449480294829,ols
47407,2580501.0,-105.86230051970517,-7.255199480294834,ols
47411,2580501.0,-105.86230051970517,-2.892699480294823,ols
47454,2580501.0,-105.20183471025177,-6.84066528974823,ols
47475,2580501.0,-103.85648222785757,-8.424767772142431,ols
47484,2580501.0,-103.34641811503755,-7.329831884962445,ols
47514,2580501.0,-101.33193397308835,-4.337441026911648,ols
47520,2580501.0,-100.72706711982717,-1.7360578801728366,ols
47523,2580501.0,-100.40110786621076,-2.103267133789231,ols
47538,2580501.0,-99.34458544110163,-2.3485963770801703,ols
47542,2580501.0,-98.96350142281705,-0.5533735771829527,ols
47549,2580501.0,-98.11875293233851,-1.9281220676614907,ols
47638,2580501.0,-86.07480983272022,3.6254348327202166,ols
47667,2580501.0,-85.05708812906461,4.116463129064613,ols
47756,2580501.0,-70.19820188536275,0.42757688536275396,ols
47807,2580501.0,-69.77854238659855,-0.7608326134014618,ols
47818,2580501.0,-69.77845940308184,-0.9196655969181649,ols
47832,2580501.0,-69.77854238659855,-1.1889576134014561,ols
47844,2580501.0,-69.77845940308184,-0.5084155969181552,ols
47868,2580501.0,-68.01340000277104,-2.315974997228963,ols
47871,2580501.0,-67.20751150768655,-3.9331134923134528,ols
47880,2580501.0,-67.85305213892119,-8.530072861078821,ols
79099,2580501.0,-103.5242043721835,-6.725170627816496,ols
79107,2580501.0,-102.9224553281928,-3.1200446718072072,ols
79127,2580501.0,-101.30854447616571,0.17416947616570155,ols
79168,2580501.0,-98.25623290994214,0.05998290994213562,ols
79188,2580501.0,-97.29208299371354,0.5727079937135358,ols
79194,2580501.0,-97.1788104934115,0.7731854934115034,ols
79214,2580501.0,-97.18703771635337,0.6239127163533738,ols
79246,2580501.0,-97.18703771635337,0.4257877163533692,ols
79264,2580501.0,-97.18703771635337,0.25516271635336807,ols
79273,2580501.0,-97.18703771635337,0.8845377163533783,ols
79286,2580501.0,-97.182521042087,0.683146042087003,ols
79344,2580501.0,-94.6043772903146,4.290002290314604,ols
79361,2580501.0,-91.42387990035836,5.926379900358356,ols
79378,2580501.0,-85.22036412557533,4.225989125575325,ols
79389,2580501.0,-81.7680838636228,3.483708863622809,ols
79410,2580501.0,-71.87445706801135,1.140707068011352,ols
79456,2580501.0,-69.26974673610529,-0.5596282638947088,ols
79461,2580501.0,-69.26974673610529,-0.8065032638947116,ols
79478,2580501.0,-67.6765106345258,0.5927606345258027,ols
79503,2580501.0,-75.1625722243456,-4.8611777756544114,ols
79512,2580501.0,-79.40198670660733,-3.8667632933926654,ols
79522,2580501.0,-84.58431917960934,17.45869417960934,ols
91333,2580501.0,-99.37802779833365,0.19490279833364355,ols
91353,2580501.0,-97.56130523148008,-0.13681976851992772,ols
91373,2580501.0,-95.44552192521053,4.228021925210527,ols
91384,2580501.0,-94.08271919473212,3.712094194732117,ols
91411,2580501.0,-91.11986385951631,5.139863859516311,ols
91432,2580501.0,-87.85030144655963,4.738426446559629,ols
91446,2580501.0,-86.63418986403909,6.291064864039086,ols
91451,2580501.0,-86.35632548574715,4.256950485747154,ols
91476,2580501.0,-86.0658476129161,3.101738702025017,ols
91551,2580501.0,-75.8596693290301,-1.5959556709699,ols
91580,2580501.0,-74.50434696984323,-1.6375280301567727,ols
91591,2580501.0,-74.50434696984323,-1.2550280301567796,ols
91592,2580501.0,-74.50433511505513,-1.1600398849448794,ols
91645,2580501.0,-74.50434696984323,-0.7919030301567744,ols
91655,2580501.0,-74.50433511505513,-1.3631648849448794,ols
91683,2580501.0,-71.49467707641783,0.9834270764178257,ols
91684,2580501.0,-70.22666523159249,0.481665231592487,ols
91711,2580501.0,-71.74624753470243,-7.861877465297567,ols
91728,2580501.0,-82.42954547527665,6.359545475276661,ols
103673,2580501.0,-99.98635624972025,5.60573124972025,ols
103685,2580501.0,-99.98276424892573,6.132764248925739,ols
103692,2580501.0,-99.97919595770743,2.8260709577074294,ols
103706,2580501.0,-99.45088732600045,-0.40536267399954795,ols
103717,2580501.0,-98.57047963291507,0.09797963291507017,ols
103733,2580501.0,-96.61653789379606,5.041537893796061,ols
103744,2580501.0,-95.43235125563066,1.0711012556306656,ols
103766,2580501.0,-91.22614203483894,4.098642034838946,ols
103774,2580501.0,-88.95488318262895,4.17050818262895,ols
103787,2580501.0,-84.4847626691398,2.428512669139792,ols
103798,2580501.0,-78.65186313474845,1.5668631347484592,ols
103803,2580501.0,-76.57013863469219,5.240138634692187,ols
103820,2580501.0,-71.87279739767725,4.58217239767724,ols
103825,2580501.0,-71.87279739767725,4.963422397677249,ols
103847,2580501.0,-67.28211368920415,-1.2691363107958438,ols
103865,2580501.0,-73.1029687588852,-7.203281241114809,ols
103887,2580501.0,-85.12637936551312,17.995754365513122,ols
116111,2580501.0,-104.88634323452827,-4.123031765471737,ols
116124,2580501.0,-104.09588967355089,-7.552860326449121,ols
116195,2580501.0,-97.26284908625726,-1.0484009137427392,ols
116216,2580501.0,-94.35668334773892,1.0098083477389252,ols
116221,2580501.0,-92.98347211330812,2.809097113308127,ols
116230,2580501.0,-91.45657540594004,4.290950405940038,ols
116238,2580501.0,-89.77630145012532,3.820676450125319,ols
116243,2580501.0,-88.94395306800011,4.410828068000114,ols
116246,2580501.0,-88.09108404767261,2.998584047672608,ols
116250,2580501.0,-87.23349682168104,3.0641218216810415,ols
116274,2580501.0,-82.2394658028703,2.7013408028703054,ols
116291,2580501.0,-78.9490271080683,2.893402108068287,ols
116294,2580501.0,-78.14949277940578,4.716992779405771,ols
116297,2580501.0,-77.15989063312502,2.8773906331250174,ols
116304,2580501.0,-75.937602706004,-0.8648972939959947,ols
116305,2580501.0,-74.57949447161346,-0.6305055283865357,ols
116315,2580501.0,-71.81434143755278,-0.09128356244721658,ols
116320,2580501.0,-70.33857443126294,0.28857443126294413,ols
116328,2580501.0,-67.48865966228237,-0.31321533771762233,ols
116351,2580501.0,-76.12615311074538,-4.883221889254628,ols
116361,2580501.0,-82.34633671759796,3.2744617175979585,ols
128783,2580501.0,-105.26676338467922,-8.473236615320772,ols
128838,2580501.0,-101.13257200159916,-1.6574279984008484,ols
128889,2580501.0,-96.33946778630688,-1.6592822136931176,ols
128894,2580501.0,-95.2544227410275,-2.5362022589725086,ols
128948,2580501.0,-85.38394834657667,3.2239483465766767,ols
129005,2580501.0,-67.3886763794412,-3.133198620558801,ols
129022,2580501.0,-67.20729812150073,-4.49895187849927,ols
129041,2580501.0,-67.20478490642338,-4.64959009357662,ols
129048,2580501.0,-67.20478490642338,-4.767715093576612,ols
129068,2580501.0,-67.20478490642338,-4.413965093576621,ols
129079,2580501.0,-67.20478490642338,-4.757715093576621,ols
129089,2580501.0,-67.20478490642338,-4.539590093576621,ols
129105,2580501.0,-67.20478490642338,-4.328340093576614,ols
129129,2580501.0,-67.20478490642338,-4.3533400935766196,ols
129132,2580501.0,-67.20478490642338,-4.262090093576617,ols
129151,2580501.0,-67.20478490642338,-4.262715093576617,ols
129165,2580501.0,-67.20478490642338,-4.405215093576615,ols
129168,2580501.0,-67.20478490642338,-4.626465093576613,ols
129195,2580501.0,-67.20478490642338,-2.9764650935766213,ols
129238,2580501.0,-80.57291969167615,-1.7989553083238548,ols
129255,2580501.0,-86.195942057533,17.320317057533003,ols
143533,2580501.0,-103.28753538254145,-6.169964617458547,ols
143570,2580501.0,-100.07037113298979,2.518496132989796,ols
143597,2580501.0,-98.22497183372064,0.35997183372064967,ols
143621,2580501.0,-97.28755446465907,0.08380446465906743,ols
143624,2580501.0,-97.26060853130622,-0.10376646869377737,ols
143626,2580501.0,-97.26136723774466,0.4169922377446653,ols
143650,2580501.0,-97.28875179825724,0.03187679825724388,ols
143659,2580501.0,-97.28904816795976,0.08967316795975933,ols
143682,2580501.0,-97.28875179825724,-0.10874820174275612,ols
143699,2580501.0,-97.28875179825724,-1.0137482017427573,ols
143714,2580501.0,-97.28904816795976,0.10344210735370041,ols
143739,2580501.0,-97.28904816795976,0.07217316795976103,ols
143833,2580501.0,-83.7064602659656,0.7620852659656094,ols
143855,2580501.0,-80.90747366666557,2.4380986666655673,ols
143875,2580501.0,-80.4399563883389,1.0137063883389033,ols
143880,2580501.0,-80.15887936247168,0.40200436247168625,ols
143890,2580501.0,-78.94645461905046,0.658954619050462,ols
143941,2580501.0,-67.16067323990075,-2.639951760099251,ols
143950,2580501.0,-70.48962814124185,-9.763496858758145,ols
143964,2580501.0,-76.95313127386096,-5.119993726139043,ols
143995,2580501.0,-87.5463920988105,12.775844153605021,ols
157864,2580501.0,-106.27960091563733,-6.087274084362662,ols
157880,2580501.0,-105.320192914649,-6.578557085351008,ols
157906,2580501.0,-103.52544912493407,-7.193925875065929,ols
157971,2580501.0,-98.5883803629471,0.18025536294710776,ols
157983,2580501.0,-97.37772198295288,0.7758469829528707,ols
158023,2580501.0,-91.58107439057342,4.944824390573416,ols
158031,2580501.0,-89.96910772379483,6.957857723794831,ols
158036,2580501.0,-89.05780645291908,5.056556452919082,ols
158062,2580501.0,-81.23666927743345,2.1329192774334444,ols
158072,2580501.0,-78.52257481572241,1.7813248157224137,ols
158074,2580501.0,-76.73099625443037,3.089121254430367,ols
158098,2580501.0,-67.50550531617343,-4.151994683826572,ols
158104,2580501.0,-69.61964080689698,-8.266609193103022,ols
158107,2580501.0,-72.2985146931609,-7.801485306839098,ols
158123,2580501.0,-80.94622696896671,-1.5468980310332938,ols
13088,2818312.0,-104.9503609372588,5.147729358311437,ols
13092,2818312.0,-105.15109488719844,5.636389004845498,ols
13117,2818312.0,-106.34931214866202,4.235341560426747,ols
13130,2818312.0,-106.90982552759684,6.648461891233197,ols
13161,2818312.0,-108.38828173539733,11.583134676573792,ols
13189,2818312.0,-109.44665552794498,10.790405527944984,ols
13198,2818312.0,-109.71456102711213,17.42411985064153,ols
13212,2818312.0,-110.19415390212608,13.619935152126075,ols
14687,2818312.0,-109.87028262638373,17.233918990020086,ols
14691,2818312.0,-109.75042186535022,14.409512774441126,ols
14696,2818312.0,-109.51342489954737,13.149454311312098,ols
14742,2818312.0,-108.01573513826418,6.486323373558292,ols
14765,2818312.0,-107.061836841131,3.2690736832362575,ols
14810,2818312.0,-105.5192609025523,5.975143255493464,ols
14823,2818312.0,-105.13275243315957,16.445252433159567,ols
14859,2818312.0,-103.63850089627918,8.465706778632125,ols
14861,2818312.0,-103.41972415406053,7.940557487393846,ols
14877,2818312.0,-102.3551323799954,2.7066948799953963,ols
14888,2818312.0,-101.34210608613671,-0.5275367710061545,ols
14900,2818312.0,-100.37060660352856,-5.441893396471443,ols
14922,2818312.0,-98.73321137545568,-12.524601124544319,ols
14935,2818312.0,-97.5920481359058,-15.63391340255572,ols
14967,2818312.0,-98.61767599535096,-3.098670158495196,ols
14971,2818312.0,-98.99271845951046,-6.16637244958045,ols
14990,2818312.0,-99.75123334628498,-5.731405542603909,ols
15001,2818312.0,-99.738060057604,-6.503011370967442,ols
15022,2818312.0,-100.53685973649272,0.05156561884565747,ols
15024,2818312.0,-100.85101566254637,1.4239323292130592,ols
15030,2818312.0,-101.14997952595778,1.4328742627998992,ols
15042,2818312.0,-102.04872034468386,1.3083357292992588,ols
15063,2818312.0,-103.32576836358494,4.704444834173188,ols
15065,2818312.0,-103.56681470606404,5.226536928286279,ols
15071,2818312.0,-103.79795643879558,6.20420643879558,ols
15075,2818312.0,-104.0139849672427,6.630364277587546,ols
15076,2818312.0,-104.2198092241824,9.407309224182399,ols
15095,2818312.0,-104.96705525161835,1.5842427516183477,ols
15155,2818312.0,-106.76442648736949,-1.9508512904082664,ols
15169,2818312.0,-106.76423722731062,-1.8339770584036614,ols
15184,2818312.0,-106.76423722731062,-2.390174537395268,ols
15192,2818312.0,-106.7641899122959,-2.2358100877040954,ols
15203,2818312.0,-106.7641899122959,-2.338082814976815,ols
15210,2818312.0,-106.7641899122959,-2.255040856934855,ols
15219,2818312.0,-106.76423722731062,-2.130294022689384,ols
15322,2818312.0,-106.88711432053236,0.9079476538656763,ols
15355,2818312.0,-106.91070085536913,-0.28027136685311405,ols
15395,2818312.0,-106.96158026786217,-0.9232881531904695,ols
15418,2818312.0,-106.96151718117588,-1.5759828188241158,ols
15430,2818312.0,-106.96151718117588,-1.2298890688241215,ols
15444,2818312.0,-106.96151718117588,-0.7988994854908071,ols
15460,2818312.0,-106.96151718117588,-0.7339956393369391,ols
15470,2818312.0,-106.96151718117588,-0.90055178434136,ols
15510,2818312.0,-106.96151718117588,-1.3693651717652813,ols
15551,2818312.0,-106.96151718117588,-1.3767181129417594,ols
15555,2818312.0,-106.96151718117588,-1.356191152157436,ols
15556,2818312.0,-106.96151718117588,-1.2553945835300055,ols
15570,2818312.0,-106.96151718117588,-1.5947328188241272,ols
15586,2818312.0,-106.96151718117588,-2.1292566283479175,ols
15594,2818312.0,-106.96151718117588,-2.1009828188241215,ols
15606,2818312.0,-107.13489516677294,2.9439229445506925,ols
15611,2818312.0,-107.20908905276812,0.6674223861014354,ols
15617,2818312.0,-107.36278793516053,-1.5330453981727885,ols
15629,2818312.0,-107.57905698159915,-2.3896930184008482,ols
15643,2818312.0,-107.72202718440434,-5.904575379698215,ols
15647,2818312.0,-107.75839271613273,-4.448638533867268,ols
15657,2818312.0,-107.91410642956855,-4.417332964370857,ols
15668,2818312.0,-108.13763438784844,-6.367647302292397,ols
15690,2818312.0,-108.54328178069446,-10.410665587726584,ols
15701,2818312.0,-108.78037731944463,-5.083593268790651,ols
15722,2818312.0,-109.13252325939868,-9.161226740601322,ols
15728,2818312.0,-109.23210953662567,-10.124911011319526,ols
15737,2818312.0,-109.32702739906718,-6.689176304636547,ols
27582,2818312.0,-101.270514525951,-8.729485474049,ols
27594,2818312.0,-100.14829700687764,-8.004202993122362,ols
27615,2818312.0,-99.22007893398246,-9.939296066017533,ols
27616,2818312.0,-99.21670379626595,-10.029546203734057,ols
27656,2818312.0,-99.21295013843168,-11.143924861568323,ols
27729,2818312.0,-99.55093706023146,-4.398437939768542,ols
27732,2818312.0,-99.8852767829801,-3.157848217019904,ols
27743,2818312.0,-100.33694985639272,-1.2043001436072842,ols
27872,2818312.0,-106.18968706067623,-3.0015629393237617,ols
27876,2818312.0,-106.28454972226724,-3.299825277732751,ols
27881,2818312.0,-106.36885719265831,-2.951767807341696,ols
27927,2818312.0,-106.67452401648805,0.30139901648804823,ols
27938,2818312.0,-106.67452401648805,0.48889901648804823,ols
27945,2818312.0,-106.67452401648805,0.12952401648804823,ols
27979,2818312.0,-106.67456738858488,0.06144238858487938,ols
28016,2818312.0,-106.67456738858488,-0.3948076114151178,ols
28033,2818312.0,-106.70954501321489,-0.8804549867851108,ols
28061,2818312.0,-107.0431552961533,-2.7155947038467048,ols
28105,2818312.0,-107.0547119884981,-3.0277880115018974,ols
28176,2818312.0,-107.0547119884981,-2.6771630115019036,ols
28187,2818312.0,-107.0547119884981,-3.209038011501903,ols
28204,2818312.0,-107.0547119884981,-3.1371630115018974,ols
28218,2818312.0,-107.0547119884981,-1.4752880115019025,ols
28227,2818312.0,-107.0547119884981,-1.1684130115018974,ols
28228,2818312.0,-107.0547119884981,-1.2190380115019082,ols
28235,2818312.0,-107.0547119884981,-1.1627880115019025,ols
28246,2818312.0,-107.0547119884981,-1.0790380115019076,ols
28294,2818312.0,-107.0547119884981,-1.2821630115019076,ols
28398,2818312.0,-108.30655687622624,-5.820943123773759,ols
28404,2818312.0,-108.44880552505698,-8.885361141609678,ols
28411,2818312.0,-108.52020782518382,-8.883125508149519,ols
28415,2818312.0,-108.59071508294892,-8.160951583717761,ols
28528,2818312.0,-109.60168711658528,-4.047687883414724,ols
28542,2818312.0,-109.60063830042569,-4.13811169957431,ols
28551,2818312.0,-109.60063830042569,-3.666861699574312,ols
28563,2818312.0,-109.60063830042569,-3.7949866995743093,ols
28576,2818312.0,-109.60063830042569,-4.181861699574313,ols
28610,2818312.0,-109.60063830042569,-4.897486699574316,ols
28622,2818312.0,-109.60063830042569,-4.375611699574307,ols
28630,2818312.0,-109.60063830042569,-4.38811169957431,ols
28639,2818312.0,-109.60063830042569,-4.488111699574318,ols
28656,2818312.0,-109.60063830042569,-4.743111699574314,ols
28686,2818312.0,-109.62116513097737,-3.020084869022625,ols
28692,2818312.0,-109.67247037860288,-4.068779621397113,ols
28701,2818312.0,-109.69914421814997,-5.458355781850031,ols
45781,2818312.0,-98.66564159152098,0.9612665915209817,ols
45798,2818312.0,-100.62337129798605,8.218371297986053,ols
45845,2818312.0,-104.01591699701035,5.619666997010356,ols
45902,2818312.0,-106.13034220346663,2.255967203466625,ols
45912,2818312.0,-106.48498401044702,3.2699840104470184,ols
45930,2818312.0,-106.9842086736509,-2.708291326349098,ols
64981,2818312.0,-97.05030304614233,3.1546780461423367,ols
64989,2818312.0,-97.65237872258871,4.534878722588701,ols
64999,2818312.0,-98.40730555408048,4.807930554080485,ols
65009,2818312.0,-99.5478694701106,4.631619470110593,ols
65045,2818312.0,-102.35884660865072,-2.5707586545071734,ols
65138,2818312.0,-105.95993717796098,1.5936871779609874,ols
65144,2818312.0,-106.20736710450907,1.7911171045090697,ols
65179,2818312.0,-107.16918672368956,-5.2776882763104425,ols
76509,2818312.0,-108.27466655630656,3.0444033984118164,ols
76529,2818312.0,-107.85927227042868,-3.7876027295713186,ols
76531,2818312.0,-107.76476841436595,-3.8502315856340488,ols
76559,2818312.0,-107.00224752301199,-6.74962747698801,ols
77367,2818312.0,-98.97414731623377,5.837272316233765,ols
77432,2818312.0,-98.60967975786367,5.204054757863673,ols
77437,2818312.0,-98.44089527161212,4.617770271612116,ols
77465,2818312.0,-97.30342260321021,2.2052976032102123,ols
77478,2818312.0,-97.20209355627446,0.9208435562744626,ols
77590,2818312.0,-100.11300394881617,4.665503948816166,ols
77598,2818312.0,-100.38398886685786,4.550863866857867,ols
77611,2818312.0,-100.68360331172163,2.474853311721631,ols
77657,2818312.0,-101.30770412751907,-1.1291708724809268,ols
77704,2818312.0,-101.49112866790786,0.8123786679078648,ols
77722,2818312.0,-101.49112866790786,3.4073786679078637,ols
77733,2818312.0,-101.50195197752453,5.057576977524533,ols
77736,2818312.0,-101.52571594366646,5.89509094366646,ols
77741,2818312.0,-101.57290872792943,6.7960337279294265,ols
77760,2818312.0,-101.90876253114902,9.563137531149025,ols
77774,2818312.0,-102.13072515102533,6.061350151025337,ols
77787,2818312.0,-102.2210100849424,5.002260084942407,ols
77809,2818312.0,-102.3544936272967,3.4888686272967107,ols
77825,2818312.0,-102.40683586232811,2.0868358623281154,ols
77832,2818312.0,-102.46712307691419,3.5283730769141926,ols
77845,2818312.0,-102.76679666554635,2.230546665546356,ols
77852,2818312.0,-103.04903861417296,3.9884136141729556,ols
77856,2818312.0,-103.19619619578064,4.37244619578064,ols
77861,2818312.0,-103.34414236096697,2.9516423609669715,ols
77878,2818312.0,-104.00990404722332,4.613654047223321,ols
77884,2818312.0,-104.12581006161,3.3176850616099927,ols
77902,2818312.0,-104.70726427747526,-0.33086072252473286,ols
77914,2818312.0,-105.11585308706958,8.00772808706958,ols
89685,2818312.0,-97.48204466960516,-2.238350067236965,ols
89694,2818312.0,-97.05402910355134,0.4859041035513485,ols
89724,2818312.0,-102.60474274013838,9.150367740138378,ols
89754,2818312.0,-104.8441702725608,-0.21395472743920152,ols
89759,2818312.0,-105.0460870978684,6.6023370978684,ols
89781,2818312.0,-106.10434260287926,1.7874676028792607,ols
89813,2818312.0,-107.35416871664614,-9.370550384477454,ols
101788,2818312.0,-108.45319399267206,1.4988189926720565,ols
101810,2818312.0,-107.74065352853151,-2.43122147146849,ols
102055,2818312.0,-98.65641122073315,-0.2985887792668507,ols
102067,2818312.0,-98.2247997135608,-0.4602002864392034,ols
102097,2818312.0,-97.66774033070038,-0.1535096692996234,ols
102114,2818312.0,-97.06265226498364,-0.8735977350163608,ols
102125,2818312.0,-97.02499345618628,4.662493456186283,ols
102167,2818312.0,-101.025738183145,1.2057381831450016,ols
102170,2818312.0,-101.32586126441697,1.525236264416975,ols
102183,2818312.0,-102.10237951429157,-3.1492230498109848,ols
114707,2818312.0,-97.02669679671611,5.084821796716113,ols
114737,2818312.0,-100.96435089446673,-1.6650241055332629,ols
114751,2818312.0,-101.96989353016424,3.9005185301642484,ols
114760,2818312.0,-102.52763503782018,0.3413850378201744,ols
114773,2818312.0,-103.44624816272767,-0.0362518372723315,ols
114778,2818312.0,-103.65497046431882,0.8187204643188153,ols
114814,2818312.0,-105.10010507300439,5.944480073004385,ols
114848,2818312.0,-105.94233204956811,0.48920704956810823,ols
114871,2818312.0,-106.43806328751867,2.507438287518667,ols
114893,2818312.0,-106.6164014638253,0.9901514638252991,ols
114897,2818312.0,-106.62606555558139,2.2160655555813946,ols
114979,2818312.0,-107.14535967086132,-8.29714032913867,ols
127508,2818312.0,-107.20981060674256,-8.023939393257436,ols
142276,2818312.0,-106.24031412642412,1.5840641264241242,ols
142289,2818312.0,-106.24031412642412,2.247189126424118,ols
142290,2818312.0,-106.24031412642412,2.1853141264241174,ols
142328,2818312.0,-106.35500177918183,0.17687677918183908,ols
142332,2818312.0,-106.38716021751827,0.6627852175182767,ols
142339,2818312.0,-106.45790010743906,-0.4258498925609473,ols
142361,2818312.0,-106.61946905394616,-1.9899059460538382,ols
142364,2818312.0,-106.64669884491617,-1.9576761550838313,ols
142389,2818312.0,-106.74246443470471,-1.3612855652952902,ols
142399,2818312.0,-106.75015706751422,-1.6048429324857807,ols
142448,2818312.0,-106.82668121798424,-2.029568782015758,ols
142456,2818312.0,-106.88546618085303,-2.2414088191469688,ols
142462,2818312.0,-106.96394207568017,-1.2948079243198407,ols
142481,2818312.0,-107.11696671911284,-5.376158280887168,ols
142493,2818312.0,-107.2113404588851,-6.720534541114901,ols
142498,2818312.0,-107.28042038037287,-8.58582961962712,ols
156292,2818312.0,-98.70538620388382,5.645386203883817,ols
156327,2818312.0,-100.36705009158894,1.4608000915889363,ols
156331,2818312.0,-100.5314066810465,0.9714066810465027,ols
156357,2818312.0,-101.08789434081243,-0.8558556591875686,ols
156367,2818312.0,-101.33179535584615,0.6305453558461522,ols
156389,2818312.0,-101.78057432752522,2.758699327525221,ols
156395,2818312.0,-102.0480066765452,1.2430066765451926,ols
156405,2818312.0,-102.31239509295168,1.564870340476432,ols
156410,2818312.0,-102.53226008050882,-0.9921149194911862,ols
156420,2818312.0,-102.7017818924064,0.3142818924063988,ols
156430,2818312.0,-102.84430260257176,-0.9863223974282391,ols
156462,2818312.0,-102.92355130930594,-4.075823690694065,ols
156479,2818312.0,-102.92355130930594,-2.4045736906940647,ols
156502,2818312.0,-102.92238814852746,-2.9776118514725454,ols
156534,2818312.0,-103.24852265914048,1.288522659140483,ols
156543,2818312.0,-103.49341728948328,-1.0628327105167301,ols
156552,2818312.0,-103.73755882250849,1.7513088225084914,ols
156560,2818312.0,-103.97488699341436,-0.6251130065856358,ols
156589,2818312.0,-104.55069100793875,1.6488160079387484,ols
156596,2818312.0,-104.69381104162387,-0.5386889583761274,ols
156598,2818312.0,-104.76147151267013,-0.5860284873298696,ols
156609,2818312.0,-104.89762046752017,-2.5280045324798266,ols
156623,2818312.0,-105.16004925373376,-0.44620074626624273,ols
156626,2818312.0,-105.23090348827344,7.54402848827344,ols
156661,2818312.0,-105.94670080259371,-1.6820491974062861,ols
156717,2818312.0,-107.43294821615103,-9.669791509876362,ols
13238,2818314.0,-92.9326310075725,5.448256007572496,ols
13294,2818314.0,-94.96738439328294,2.6263756213531195,ols
13305,2818314.0,-98.07379196244877,3.2069441363618125,ols
13311,2818314.0,-98.92830335272136,3.0206946570691997,ols
13320,2818314.0,-101.11340530531729,4.9705481624601475,ols
13330,2818314.0,-102.33467757075515,0.28110614218370245,ols
13334,2818314.0,-102.88884475816498,1.7430114248316642,ols
13340,2818314.0,-103.91221306876376,-1.4257498941991997,ols
13344,2818314.0,-104.38698721722375,-1.4030127827762584,ols
13371,2818314.0,-106.82426240756338,-5.26380577425482,ols
13377,2818314.0,-107.50713446872204,-4.795990531277951,ols
13388,2818314.0,-108.43408697982287,-4.509365401129514,ols
15760,2818323.0,-104.68127538481332,-16.512754465932957,mean_fallback
15788,2818323.0,-104.68127538481332,-10.048202227126978,mean_fallback
15800,2818323.0,-104.68127538481332,-12.022528963012775,mean_fallback
15809,2818323.0,-104.68127538481332,-14.976812850480798,mean_fallback
127276,2818323.0,-104.68127538481332,7.789999343146633,mean_fallback
127284,2818323.0,-104.68127538481332,2.248775384813314,mean_fallback
127297,2818323.0,-104.68127538481332,2.300025384813324,mean_fallback
127333,2818323.0,-104.68127538481332,5.133775384813319,mean_fallback
127361,2818323.0,-104.68127538481332,3.0919003848133144,mean_fallback
127385,2818323.0,-104.68127538481332,0.6737753848133252,mean_fallback
127388,2818323.0,-104.68127538481332,-0.47559961518668104,mean_fallback
127395,2818323.0,-104.68127538481332,3.7862753848133224,mean_fallback
127420,2818323.0,-104.68127538481332,-0.3130996151866867,mean_fallback
127425,2818323.0,-104.68127538481332,-2.0674746151866827,mean_fallback
127473,2818323.0,-104.68127538481332,-7.75769520342196,mean_fallback
127500,2818323.0,-104.68127538481332,-11.384584830240442,mean_fallback
142011,2818323.0,-104.68127538481332,4.455025384813325,mean_fallback
142096,2818323.0,-104.68127538481332,6.579400384813312,mean_fallback
142118,2818323.0,-104.68127538481332,6.490025384813322,mean_fallback
142147,2818323.0,-104.68127538481332,-3.542474615186677,mean_fallback
142166,2818323.0,-104.68127538481332,2.2181503848133133,mean_fallback
142192,2818323.0,-104.68127538481332,-7.809349615186676,mean_fallback
142210,2818323.0,-104.68127538481332,-9.400599615186678,mean_fallback
156201,2818323.0,-104.68127538481332,4.069400384813321,mean_fallback
156208,2818323.0,-104.68127538481332,3.0906503848133156,mean_fallback
156212,2818323.0,-104.68127538481332,4.480650384813316,mean_fallback
156233,2818323.0,-104.68127538481332,8.808775384813316,mean_fallback
156240,2818323.0,-104.68127538481332,5.406275384813313,mean_fallback
156247,2818323.0,-104.68127538481332,1.8281503848133127,mean_fallback
156253,2818323.0,-104.68127538481332,2.4200253848133144,mean_fallback
173106,2818323.0,-104.68127538481332,4.290025384813319,mean_fallback
173130,2818323.0,-104.68127538481332,1.3906503848133127,mean_fallback
173142,2818323.0,-104.68127538481332,-0.47747461518667933,mean_fallback
173157,2818323.0,-104.68127538481332,-1.9827097637015214,mean_fallback
173171,2818323.0,-104.68127538481332,-1.512474615186676,mean_fallback
173181,2818323.0,-104.68127538481332,-0.8105996151866748,mean_fallback
173194,2818323.0,-104.68127538481332,-3.5899746151866765,mean_fallback
173242,2818323.0,-104.68127538481332,-8.522474615186681,mean_fallback
7769,2819850.0,-93.44228469070006,-8.238340309299943,ols
7823,2819850.0,-95.21314807893758,-5.66372692106242,ols
7834,2819850.0,-95.21314807893758,-5.771226921062421,ols
7837,2819850.0,-95.21314807893758,-5.9843519210624265,ols
7841,2819850.0,-95.32453330405694,-5.762341695943064,ols
7846,2819850.0,-95.21314807893758,-6.144351921062423,ols
7884,2819850.0,-95.21314807893758,-6.066226921062423,ols
7909,2819850.0,-95.21314807893758,-6.126557803415366,ols
7938,2819850.0,-95.21314807893758,-5.879976921062422,ols
8041,2819850.0,-89.85224677564445,9.148496775644446,ols
8047,2819850.0,-90.32978435830753,9.682284358307541,ols
8052,2819850.0,-83.72568514263017,3.5781851426301756,ols
8115,2819850.0,-68.82989245381792,-3.846982546182076,ols
8119,2819850.0,-68.84435018700174,-2.2487748129982634,ols
8120,2819850.0,-68.84435018700174,-3.2768998129982663,ols
8137,2819850.0,-68.85906953284936,-2.917805467150643,ols
8164,2819850.0,-68.85906953284936,-2.9809304671506425,ols
8172,2819850.0,-68.85906953284936,-2.99905546715064,ols
8195,2819850.0,-68.85908043337702,-3.0640445666229823,ols
8198,2819850.0,-68.85906953284936,-3.0565554671506447,ols
8207,2819850.0,-68.85907316635857,-3.070926833641437,ols
8217,2819850.0,-68.85906953284936,-3.010305467150644,ols
8247,2819850.0,-68.85906953284936,-2.785930467150635,ols
8256,2819850.0,-68.85906953284936,-3.0196804671506356,ols
8271,2819850.0,-68.85909860092312,-1.3415263990768835,ols
8273,2819850.0,-69.08876908516939,-1.884355914830607,ols
8276,2819850.0,-69.03669363103756,-1.1926813689624396,ols
8321,2819850.0,-76.3877260699195,-0.0028989300805051244,ols
8339,2819850.0,-78.15271770725855,-1.4585322927414524,ols
8371,2819850.0,-86.60689807917382,-4.620601920826189,ols
8380,2819850.0,-91.28994643654079,0.16744643654078573,ols
8429,2819850.0,-92.23615947288093,-0.7675905271190686,ols
8445,2819850.0,-94.18164931420071,-0.2708506857992887,ols
21971,2819850.0,-94.21689435362848,0.8068943536284792,ols
21981,2819850.0,-94.21689435362848,1.230019353628478,ols
21990,2819850.0,-94.14582654680709,1.163951546807084,ols
21992,2819850.0,-94.14582654680709,1.3327015468070869,ols
21998,2819850.0,-94.21689435362848,0.8612693536284723,ols
22004,2819850.0,-94.21689435362848,0.7918943536284786,ols
22011,2819850.0,-94.21689435362848,1.0675193536284695,ols
22019,2819850.0,-94.14582654680709,1.1208265468070806,ols
22046,2819850.0,-94.21689435362848,1.5643943536284723,ols
22056,2819850.0,-94.21689435362848,1.308144353628478,ols
22069,2819850.0,-94.14582654680709,1.1933265468070857,ols
22077,2819850.0,-94.21689435362848,1.22314435362847,ols
22092,2819850.0,-94.21689435362848,0.948769353628478,ols
22124,2819850.0,-92.8078921485466,-5.2721078514533986,ols
22136,2819850.0,-93.93197272819268,-2.5117772718073184,ols
22429,2819850.0,-91.51936984216015,14.174994842160146,ols
22434,2819850.0,-91.53384937639927,16.173224376399276,ols
22470,2819850.0,-91.55077426234303,15.387024262343033,ols
22484,2819850.0,-91.53109154290178,15.674216542901775,ols
22492,2819850.0,-91.56770641530524,15.383331415305236,ols
22502,2819850.0,-91.5850455213,13.73442052130001,ols
22505,2819850.0,-91.96509605160776,14.69822105160776,ols
22548,2819850.0,-81.79653882577907,10.36528882577906,ols
22566,2819850.0,-82.26849897179044,12.054748971790431,ols
22576,2819850.0,-68.60890605660592,-0.2435939433940888,ols
22614,2819850.0,-68.94631735622454,1.0131923562245362,ols
22621,2819850.0,-68.94568512562037,1.160060125620376,ols
22650,2819850.0,-68.94631735622454,0.9950673562245385,ols
22656,2819850.0,-68.94632462324297,1.1806996232429725,ols
22662,2819850.0,-68.94631735622454,1.1981923562245385,ols
22684,2819850.0,-68.9463282567522,1.063203256752189,ols
22697,2819850.0,-68.94631735622454,1.0475673562245333,ols
22701,2819850.0,-68.9601646598595,1.1682896598594965,ols
22725,2819850.0,-68.94549618314096,0.6392461831409548,ols
22755,2819850.0,-69.31611775702449,1.7829927570244877,ols
22789,2819850.0,-75.99391907370726,3.4776690737072613,ols
22825,2819850.0,-77.59607499538086,-7.193925004619146,ols
22838,2819850.0,-77.8502898344039,-9.7634601655961,ols
37014,2819850.0,-93.34958660349585,-3.951663396504145,ols
37033,2819850.0,-93.34958660349585,-4.375413396504143,ols
37064,2819850.0,-93.39478745818464,-4.241462541815366,ols
37068,2819850.0,-93.34964110613414,-3.9516088938658527,ols
37073,2819850.0,-93.39478745818464,-4.083337541815368,ols
37130,2819850.0,-93.39478745818464,-4.171462541815359,ols
37137,2819850.0,-93.34964110613414,-4.378483893865862,ols
37141,2819850.0,-93.39478745818464,-4.160212541815369,ols
37188,2819850.0,-93.9585409476046,-4.013959052395393,ols
37192,2819850.0,-93.93203813135861,-4.324906313085833,ols
37204,2819850.0,-95.28567292295594,-2.284327077044054,ols
37236,2819850.0,-93.90538634123465,-3.5427386587653587,ols
37239,2819850.0,-93.925087228222,-3.2524127717779976,ols
37250,2819850.0,-92.69711008595766,-5.032889914042343,ols
37301,2819850.0,-92.7055289268189,-4.288846073181105,ols
37306,2819850.0,-92.7055289268189,-4.036346073181093,ols
37311,2819850.0,-92.7055289268189,-4.064471073181096,ols
37324,2819850.0,-92.7055289268189,-4.197596073181103,ols
37349,2819850.0,-92.70524914660902,-4.526000853390983,ols
37357,2819850.0,-92.85131621722712,-4.263683782772873,ols
37366,2819850.0,-92.70524914660902,-4.8966258533909865,ols
37373,2819850.0,-92.7052455130998,-4.027254486900205,ols
37383,2819850.0,-93.9019090729117,-2.8124659270882972,ols
37399,2819850.0,-94.41776927731135,1.9740192773113563,ols
37466,2819850.0,-83.70593338651375,8.085933386513744,ols
37487,2819850.0,-86.38437107405281,11.971871074052814,ols
37495,2819850.0,-86.45132211492866,13.833197114928652,ols
37511,2819850.0,-74.11662656692558,3.6003765669255756,ols
37518,2819850.0,-73.94100453231722,3.8666295323172193,ols
37542,2819850.0,-73.52177387209714,3.181773872097139,ols
37566,2819850.0,-73.44567728851618,5.365052288516182,ols
37570,2819850.0,-73.44560461833179,5.388104618331781,ols
37577,2819850.0,-73.43087437195652,4.895874371956523,ols
37615,2819850.0,-73.44742500645069,5.44305000645069,ols
37644,2819850.0,-73.43080533528135,5.567055335281353,ols
37666,2819850.0,-73.4297806856815,4.466655685681488,ols
37670,2819850.0,-73.430816235809,4.258316235809005,ols
37685,2819850.0,-73.43103061285295,4.72853061285295,ols
37710,2819850.0,-73.42976615164461,4.5978911516446175,ols
37711,2819850.0,-73.44118263761183,4.529307637611836,ols
37726,2819850.0,-73.42976615164461,4.54851615164462,ols
37769,2819850.0,-69.29833172939574,0.5983317293957384,ols
37788,2819850.0,-69.24387632672526,0.7088763267252602,ols
37817,2819850.0,-69.19872270765632,0.5793477076563107,ols
37823,2819850.0,-69.27301707066448,0.8292670706644856,ols
37861,2819850.0,-69.28661729567254,0.944117295672541,ols
37868,2819850.0,-69.21419782342156,0.9023228234215566,ols
37876,2819850.0,-69.27893969069204,0.8526896906920456,ols
37896,2819850.0,-69.27135655695125,1.1532315569512406,ols
37905,2819850.0,-69.27190158333414,0.955651583334145,ols
37908,2819850.0,-69.20605149575175,0.8291764957517529,ols
37917,2819850.0,-69.20606966329785,0.7379446632978528,ols
37942,2819850.0,-69.19929316860376,0.9699181686037548,ols
38025,2819850.0,-70.04123175736683,-1.9418932426331708,ols
38036,2819850.0,-78.09409466951345,1.6634696695134465,ols
38051,2819850.0,-72.26325708484413,-9.262992915155877,ols
38055,2819850.0,-77.41805847819695,-4.657566521803048,ols
38122,2819850.0,-86.51929780540436,-3.4263271945956433,ols
53001,2819850.0,-93.57719688801474,-6.11030311198526,ols
53006,2819850.0,-93.31506826591198,-5.934931734088025,ols
53063,2819850.0,-93.97481906890732,-4.150180931092677,ols
53081,2819850.0,-93.97481906890732,-4.400180931092677,ols
53102,2819850.0,-93.97481906890732,-4.493930931092677,ols
53160,2819850.0,-93.97436124674567,-3.588138753254327,ols
53185,2819850.0,-95.28523326834039,-2.5272667316596085,ols
53197,2819850.0,-85.27528962046424,-8.568460379535765,ols
53286,2819850.0,-79.98262198680139,6.232621986801391,ols
53319,2819850.0,-74.16660911974704,3.4166091197470365,ols
53434,2819850.0,-74.23164166775507,4.950391667755071,ols
53449,2819850.0,-74.19824971802919,3.7607497180291887,ols
53451,2819850.0,-74.2623411871494,4.012341187149403,ols
53463,2819850.0,-74.27361959976629,3.711119599766292,ols
53474,2819850.0,-74.25751952041531,3.6950195204153147,ols
53485,2819850.0,-75.32320597339712,4.885705973397123,ols
53487,2819850.0,-74.29502823608674,4.170028236086736,ols
53516,2819850.0,-82.74464855393171,12.494648553931711,ols
53521,2819850.0,-80.00632336743925,10.19382336743925,ols
53549,2819850.0,-68.74180165630386,-1.8831983436961366,ols
53582,2819850.0,-69.13967818284178,3.2021781828417772,ols
53630,2819850.0,-69.13964184774959,3.077141847749587,ols
53648,2819850.0,-69.13990346041338,2.827403460413379,ols
53656,2819850.0,-69.13963821424036,3.045888214240364,ols
53677,2819850.0,-69.13963821424036,2.952138214240364,ols
53737,2819850.0,-69.13979808864602,2.9835480886460175,ols
53774,2819850.0,-81.5747530565388,6.692077617942303,ols
53784,2819850.0,-81.51613365230293,6.521993027302926,ols
53798,2819850.0,-81.55011059701312,5.6914149448392095,ols
53802,2819850.0,-81.54948199991817,7.520793475328006,ols
53807,2819850.0,-81.64516319819148,6.365826463497612,ols
53819,2819850.0,-76.05374116949473,4.059903141325719,ols
53838,2819850.0,-76.16112590096358,-0.5282490990364153,ols
53845,2819850.0,-78.6564746924485,-1.3072753075515067,ols
53896,2819850.0,-96.14157508764899,4.113450087648985,ols
72269,2819850.0,-86.23072813671234,11.674478136712338,ols
72274,2819850.0,-79.97807646676797,9.410576466767978,ols
72308,2819850.0,-68.6458661123852,1.0314911123852113,ols
72317,2819850.0,-68.64299564010192,0.37549564010191716,ols
72344,2819850.0,-68.6196212752938,0.2446212752937953,ols
72355,2819850.0,-68.63359938526065,0.2692243852606566,ols
72408,2819850.0,-68.62015903465826,0.15328403465825602,ols
72419,2819850.0,-68.61967577793209,0.04405077793208534,ols
72425,2819850.0,-68.62010453201998,0.09760453201998587,ols
72429,2819850.0,-68.66698043445888,0.12198043445887663,ols
72468,2819850.0,-68.62015540114905,0.392030401149043,ols
72476,2819850.0,-68.6670385706064,0.2970385706063894,ols
72489,2819850.0,-68.66703130358795,0.17578130358795363,ols
72493,2819850.0,-68.63311249502527,-0.14876250497472654,ols
72505,2819850.0,-68.68078413598322,1.0245341359832167,ols
72509,2819850.0,-68.68952635916499,-0.015473640835011793,ols
72519,2819850.0,-69.34433195611278,-0.5219180438872115,ols
72540,2819850.0,-69.71420139358791,-4.880798606412085,ols
72542,2819850.0,-75.98307304868749,1.9836980486874864,ols
72555,2819850.0,-75.73281510120434,-0.08280989879565936,ols
72574,2819850.0,-75.54924658193326,-1.275753418066742,ols
72611,2819850.0,-86.96599779532278,0.36412279532277125,ols
72614,2819850.0,-86.97248724278855,0.9418622427885452,ols
72631,2819850.0,-86.9368679519112,1.072492951911201,ols
72636,2819850.0,-86.9368679519112,2.278742951911198,ols
72692,2819850.0,-86.0858383230813,-0.9247866769186999,ols
72705,2819850.0,-87.25128640518973,-1.5062135948102622,ols
84262,2819850.0,-95.14198216736729,-0.05551783263271659,ols
84266,2819850.0,-94.9742775493479,-2.4200974506520936,ols
84429,2819850.0,-93.37776083398273,-2.3497391660172724,ols
84455,2819850.0,-93.37776083398273,-2.3359891660172707,ols
84488,2819850.0,-93.37776083398273,-2.1978641660172684,ols
84500,2819850.0,-93.37776083398273,-2.0316141660172633,ols
84521,2819850.0,-93.37776083398273,-2.2309891660172667,ols
84525,2819850.0,-93.37776083398273,-2.4847391660172633,ols
84532,2819850.0,-93.37776083398273,-2.287864166017272,ols
84558,2819850.0,-93.37776083398273,-2.4534891660172633,ols
84565,2819850.0,-93.37776083398273,-2.694114166017272,ols
84604,2819850.0,-95.28781305988613,1.2940630598861276,ols
84666,2819850.0,-90.30890984784233,12.82390984784233,ols
84670,2819850.0,-90.33184819154413,13.286223191544124,ols
84747,2819850.0,-69.30124580378967,0.1656208037896647,ols
84806,2819850.0,-69.30124580378967,0.10437080378966357,ols
84840,2819850.0,-69.30124217028045,-0.10813282971955118,ols
84868,2819850.0,-69.30053726949188,0.09303726949188729,ols
84903,2819850.0,-69.30058087160252,0.20745587160251944,ols
84909,2819850.0,-69.30125670431732,-0.40436829568267285,ols
84929,2819850.0,-69.03662096085318,-4.509629039146816,ols
84943,2819850.0,-69.20527755828803,-7.290972441711972,ols
84959,2819850.0,-69.21192324665023,-3.050576753349773,ols
84978,2819850.0,-71.48163111561315,-7.298368884386846,ols
84981,2819850.0,-71.77226098403256,-8.718989015967438,ols
84997,2819850.0,-81.55121155030659,-4.663788449693413,ols
85052,2819850.0,-87.16210192140063,-4.20914807859937,ols
85069,2819850.0,-91.63071146516887,-2.8774135348311347,ols
96002,2819850.0,-93.3887340318252,-1.0793909681748062,ols
96014,2819850.0,-93.39195332099354,-2.1424216790064605,ols
96041,2819850.0,-92.21795195818274,-3.9470480418172684,ols
96057,2819850.0,-93.26797071941068,-1.3857792805893183,ols
96326,2819850.0,-83.68892856336717,7.0214285633671665,ols
96411,2819850.0,-68.76279970608252,-3.405950293917485,ols
96430,2819850.0,-69.09698081600513,-2.436769183994869,ols
96442,2819850.0,-69.30835658133195,-2.0285184186680567,ols
96451,2819850.0,-69.39385668677261,-2.0830183132273987,ols
96563,2819850.0,-69.4204539742583,-2.4645460257417113,ols
96586,2819850.0,-69.3408982899005,-2.3447267100995077,ols
96591,2819850.0,-69.3408982899005,-2.508476710099501,ols
96612,2819850.0,-69.40666844028006,-0.3245815597199453,ols
96618,2819850.0,-69.21427412711516,-0.4188508728848461,ols
96635,2819850.0,-69.1279673826278,2.0429673826278076,ols
96644,2819850.0,-68.96116387489482,1.7817888748948292,ols
96649,2819850.0,-68.9238986043411,1.7032736043411063,ols
96680,2819850.0,-68.91595211967837,1.7117854530117,ols
96687,2819850.0,-68.91971280172041,1.782744716614019,ols
96715,2819850.0,-68.92235436292287,2.4117293629228698,ols
96719,2819850.0,-68.88460583564299,2.320230835642988,ols
96737,2819850.0,-68.87388334993668,2.480133349936679,ols
96750,2819850.0,-68.86665266659016,2.129777666590158,ols
96762,2819850.0,-68.73168233312796,2.1404323331279613,ols
96772,2819850.0,-68.71852176273545,2.198521762735453,ols
96777,2819850.0,-68.71421242080129,2.0223374208012928,ols
96778,2819850.0,-68.71057527807272,1.9437002780727255,ols
96789,2819850.0,-68.6949911570309,1.9124911570308996,ols
96803,2819850.0,-68.70519041740963,2.063315417409626,ols
96842,2819850.0,-75.25622223093829,1.9637222309382878,ols
96869,2819850.0,-77.43592807653775,-4.546571923462253,ols
96923,2819850.0,-92.65498318006846,3.494983180068459,ols
96938,2819850.0,-92.64613921862852,3.9086392186285224,ols
96957,2819850.0,-92.64613921862852,3.5411392186285156,ols
96965,2819850.0,-92.64613921862852,3.468014218628525,ols
109043,2819850.0,-92.77165879461118,-4.2652162053888105,ols
109117,2819850.0,-92.80279796862106,-1.0678270313789398,ols
109121,2819850.0,-92.80279796862106,-1.2834520313789426,ols
109145,2819850.0,-92.80279796862106,-1.251577031378929,ols
109159,2819850.0,-92.80279796862106,-1.5372020313789392,ols
109175,2819850.0,-92.96555374708367,-1.251321252916327,ols
109184,2819850.0,-92.96555374708367,-1.1738212529163263,ols
109214,2819850.0,-92.96555374708367,-1.484446252916328,ols
109568,2819850.0,-91.16161815793157,8.337868157931567,ols
109574,2819850.0,-90.21250558123438,8.409380581234387,ols
109604,2819850.0,-91.90124802760522,14.816873027605226,ols
109628,2819850.0,-85.47321050115178,9.829460501151786,ols
109630,2819850.0,-86.03144469006753,11.73519469006753,ols
109651,2819850.0,-76.52430241445666,4.706177414456661,ols
109676,2819850.0,-68.7530546343562,-1.4313203656437992,ols
109678,2819850.0,-68.79369180146549,-0.42193319853451783,ols
109689,2819850.0,-68.82000204172284,-0.44499795827715616,ols
109694,2819850.0,-68.84013168279807,-0.40861831720192754,ols
109702,2819850.0,-68.84853235611322,-0.28459264388678207,ols
109714,2819850.0,-68.84853235611322,-0.6952176438867781,ols
109729,2819850.0,-68.84853235611322,-0.435217643886773,ols
109749,2819850.0,-68.84853235611322,-0.5064676438867792,ols
109754,2819850.0,-68.84853235611322,-0.22521764388677923,ols
109813,2819850.0,-75.97283745321656,3.237212453216557,ols
109819,2819850.0,-76.7400965269942,2.1775965269941935,ols
109871,2819850.0,-87.3634601018097,1.0259601018096873,ols
109888,2819850.0,-87.24869207960711,-1.4225579203928902,ols
109892,2819850.0,-87.15708767867793,-4.220412321322073,ols
109895,2819850.0,-90.49186067054612,-0.7337643294538765,ols
109923,2819850.0,-90.4916717280667,-0.4708282719332999,ols
109949,2819850.0,-95.27820606151016,1.929456061510166,ols
109953,2819850.0,-94.45870075866739,2.0585718926880077,ols
121949,2819850.0,-94.14656778268782,1.254692782687826,ols
121951,2819850.0,-94.21428186049974,1.231781860499737,ols
121964,2819850.0,-94.20228764656665,-1.2320873534333572,ols
121972,2819850.0,-92.7860801927028,-1.908294807297196,ols
121989,2819850.0,-92.96351898192083,-1.0502310180791739,ols
122026,2819850.0,-92.96412577796048,-0.8458742220395266,ols
122037,2819850.0,-92.96412577796048,-0.830874222039526,ols
122070,2819850.0,-92.96402040619311,-0.1778545938068845,ols
122167,2819850.0,-94.24426557857788,-2.22323442142212,ols
122172,2819850.0,-94.1821907070744,-2.9021842929255968,ols
122174,2819850.0,-95.82720386999031,-1.5577961300096916,ols
122385,2819850.0,-94.63127791254992,4.045652912549926,ols
122438,2819850.0,-84.1838597546633,8.03339679170034,ols
122442,2819850.0,-85.3218203395273,10.15595495491192,ols
122458,2819850.0,-74.50664381302202,4.258064267567477,ols
122496,2819850.0,-76.56819520582647,4.468820205826475,ols
122502,2819850.0,-75.65195135352756,-0.3449236464724379,ols
122528,2819850.0,-72.2647722581886,-6.370227741811405,ols
122587,2819850.0,-93.50703382498898,5.005783824988981,ols
122595,2819850.0,-93.51108882127778,4.306713821277782,ols
122610,2819850.0,-93.5155798386729,5.319954838672899,ols
122637,2819850.0,-92.03625469615963,0.305004696159628,ols
135717,2819850.0,-74.2757052340582,1.7913302340581936,ols
135764,2819850.0,-68.66798328300342,-2.718266716996581,ols
135769,2819850.0,-68.61460703257109,-2.7091429674289174,ols
135780,2819850.0,-68.6150612212235,-2.7161887787764982,ols
135801,2819850.0,-68.61506485473272,-2.64806014526728,ols
135808,2819850.0,-68.61454526291436,-2.7510797370856324,ols
135838,2819850.0,-68.6150612212235,-2.673063778776495,ols
135878,2819850.0,-68.61505758771429,-2.673067412285704,ols
135898,2819850.0,-68.61454526291436,-2.5554547370856397,ols
135915,2819850.0,-68.61454889642357,-2.7379511035764352,ols
135942,2819850.0,-69.27035007489748,-3.8996499251025227,ols
136000,2819850.0,-71.65449895023323,-9.614251049766764,ols
136027,2819850.0,-77.71143891309542,-11.376686086904584,ols
136052,2819850.0,-95.69520574706955,5.172705747069557,ols
136061,2819850.0,-91.98716962011534,0.18591962011534235,ols
136076,2819850.0,-91.95157939731175,-0.8090456026882578,ols
71987,2819859.0,-75.97735057082618,-0.34514942917382996,ols
72013,2819859.0,-75.95092760957468,-0.20657239042532183,ols
72055,2819859.0,-75.92791104499887,-0.9595889550011378,ols
72059,2819859.0,-75.9250297647642,-0.5399702352357991,ols
72103,2819859.0,-75.92502851745675,-0.9080964825432432,ols
72146,2819859.0,-75.9250684312955,-0.38868156870449866,ols
72152,2819859.0,-75.92502727014929,0.4019022701492929,ols
72187,2819859.0,-76.56180891162039,-5.101941088379604,ols
72191,2819859.0,-78.4302243484284,-3.1989423182382666,ols
72210,2819859.0,-82.4549574828597,2.3668324828596923,ols
72254,2819859.0,-84.76092214041078,-1.0047028595892158,ols
134969,2819859.0,-84.13655993932777,-13.240353325978347,ols
134994,2819859.0,-80.19855333995964,-9.099571660040354,ols
135009,2819859.0,-78.93982054272743,-4.390804457272566,ols
135045,2819859.0,-78.88226603455956,-5.00398396544044,ols
135061,2819859.0,-80.4515210134103,-2.7322289865897034,ols
135080,2819859.0,-78.88061958871118,-4.323130411288815,ols
135101,2819859.0,-80.4081022406967,-3.586897759303298,ols
135104,2819859.0,-80.40730271661427,-4.627072283385729,ols
135106,2819859.0,-78.8806158467888,-6.5881341532112,ols
135111,2819859.0,-80.40720417932486,-4.060920820675136,ols
135118,2819859.0,-78.88061709409627,-5.863757905903739,ols
135142,2819859.0,-78.88061709409627,-4.01500790590373,ols
135235,2819859.0,-79.95468602174364,4.887186021743645,ols
135266,2819859.0,-78.20944593862095,3.142570938620949,ols
135290,2819859.0,-80.02336027592536,4.62836027592536,ols
135320,2819859.0,-79.95965529466783,4.620280294667822,ols
135335,2819859.0,-78.21498148913238,2.6624814891323894,ols
135338,2819859.0,-80.02221524767626,4.419715247676251,ols
135351,2819859.0,-78.20981389432191,3.3835638943219095,ols
135359,2819859.0,-78.21498897297714,3.6631139729771434,ols
135382,2819859.0,-76.06200158627443,0.9976265862744356,ols
135406,2819859.0,-75.91531947618117,1.7815694761811613,ols
135430,2819859.0,-75.92645917911439,1.8608341791143914,ols
135442,2819859.0,-75.92645917911439,2.2302091791143823,ols
135447,2819859.0,-75.92650408218299,2.652129082182981,ols
135466,2819859.0,-75.92645917911439,2.205209179114391,ols
135470,2819859.0,-75.92655397448141,2.0984289744814077,ols
135477,2819859.0,-75.92650158756805,2.121501587568048,ols
135499,2819859.0,-75.92645917911439,2.4858341791143914,ols
135519,2819859.0,-75.92649535103075,1.7952453510307578,ols
135536,2819859.0,-75.92648537257107,1.515860372571069,ols
135559,2819859.0,-75.92648287795615,1.3252328779561537,ols
135572,2819859.0,-75.926471652189,1.4570966521889943,ols
135583,2819859.0,-76.00824138740259,1.6007413874025929,ols
149745,2819859.0,-78.47153766614801,-4.5353373338519845,ols
149765,2819859.0,-78.44115325640072,-3.302596743599281,ols
149828,2819859.0,-75.94474096456867,-0.08463403543133552,ols
149837,2819859.0,-75.94498668413846,0.004361684138459054,ols
149844,2819859.0,-75.94498917875337,-0.1625108212466273,ols
149858,2819859.0,-75.9450078883653,0.4237578883653015,ols
149890,2819859.0,-75.94471726572691,0.7947172657269022,ols
149920,2819859.0,-75.94475967418057,0.1160096741805745,ols
149941,2819859.0,-75.94477713648503,0.12727713648503425,ols
149946,2819859.0,-75.94477713648503,0.5266521364850263,ols
149959,2819859.0,-75.94482453416853,0.2635745341685265,ols
149971,2819859.0,-75.94471601841944,0.38221601841944164,ols
149981,2819859.0,-75.94473846995373,0.4278634699537349,ols
149984,2819859.0,-75.94475717956566,0.562882179565662,ols
150005,2819859.0,-75.9226411709766,-1.8029838290233897,ols
150024,2819859.0,-75.92713272514327,-1.1359922748567328,ols
150031,2819859.0,-75.95163732751992,-1.3202376724800757,ols
150046,2819859.0,-75.98541316625338,-1.3470868337466158,ols
150055,2819859.0,-75.98653699027564,-1.2190880097243593,ols
150071,2819859.0,-75.98657191488454,-1.2665530851154614,ols
150085,2819859.0,-75.98651952797118,-1.2597304720288207,ols
150092,2819859.0,-75.98652451720103,-1.171600482798965,ols
150097,2819859.0,-75.98657191488454,-1.094053085115462,ols
150137,2819859.0,-75.985409424331,-1.3264655756690047,ols
150152,2819859.0,-75.98541067163845,-1.3614643283615493,ols
150179,2819859.0,-75.98541316625338,-0.9820868337466209,ols
150187,2819859.0,-75.98536576856986,-0.9233842314301342,ols
150217,2819859.0,-76.02003467944532,-1.6380903205546815,ols
150220,2819859.0,-76.11247388267937,-1.6169011173206371,ols
150231,2819859.0,-76.57435931929187,-3.7931406807081345,ols
150241,2819859.0,-78.60440584611192,0.1262808461119107,ols
150246,2819859.0,-80.61955827454146,-0.47294172545853996,ols
150253,2819859.0,-80.6944827864097,0.9413577864096965,ols
150255,2819859.0,-82.45324118779352,3.36761618779353,ols
150299,2819859.0,-84.86618615895772,1.7930611589577126,ols
135694,2819861.0,-78.53798254527314,7.19173254527314,ols
150412,2819861.0,-82.9734913532883,4.13599135328829,ols
150419,2819861.0,-79.62293259307216,1.1741825930721603,ols
150430,2819861.0,-81.69828435726893,5.295159357268929,ols
150439,2819861.0,-83.10468678771781,8.050936787717816,ols
150459,2819861.0,-75.7017970800572,2.1817970800572084,ols
150467,2819861.0,-75.6129413989866,5.680441398986602,ols
150494,2819861.0,-75.58278890826901,7.993413908269005,ols
150500,2819861.0,-75.58358020586088,7.928580205860882,ols
150521,2819861.0,-75.58576000677432,7.946385006774321,ols
150536,2819861.0,-75.58544860664384,8.015448606643844,ols
150544,2819861.0,-75.58567895742529,7.951928957425281,ols
150548,2819861.0,-75.58455706380448,7.9945570638044785,ols
150644,2819861.0,-83.57590130435834,7.961526304358344,ols
150649,2819861.0,-80.11224457620057,3.0959945762005674,ols
150670,2819861.0,-76.99280869913784,-5.714691300862157,ols
150699,2819861.0,-77.34901418950166,-6.037235810498345,ols
150754,2819861.0,-77.10219759292247,-9.08030240707754,ols
150771,2819861.0,-77.09993034402717,-9.088819655972827,ols
150813,2819861.0,-77.09993034402717,-7.66381965597283,ols
150816,2819861.0,-77.10005405092834,-7.403070949071662,ols
150823,2819861.0,-77.10005405092834,-7.411195949071669,ols
150840,2819861.0,-77.09993034402717,-8.470694655972835,ols
150859,2819861.0,-77.10005405092834,-8.640570949071659,ols
150887,2819861.0,-80.08872106908277,-5.630028930917234,ols
150895,2819861.0,-80.23206110860146,-8.139188891398547,ols
150908,2819861.0,-86.54377276585319,-4.284977234146808,ols
150929,2819861.0,-90.56428331229209,-3.838216687707913,ols
150977,2819861.0,-90.61167585269988,-8.141449147300122,ols
24537,2824456.0,-19.548550885758175,-60.89769911424183,ols
24546,2824456.0,-17.10516099318005,-62.51608900681995,ols
24562,2824456.0,-17.81631211622694,-64.03243788377306,ols
24577,2824456.0,-24.846158307633175,-63.44056849649054,ols
10065,2824458.0,-93.309178390102,7.232473844647458,ols
10072,2824458.0,-93.38721716895398,11.716021516780074,ols
10080,2824458.0,-93.48514455709557,7.199988307095566,ols
10093,2824458.0,-93.62046993275382,7.905886599420484,ols
10105,2824458.0,-93.75626234265769,6.945548056943409,ols
10125,2824458.0,-93.82915493284102,8.864154932841018,ols
10143,2824458.0,-93.82513667593537,8.821758297556997,ols
10164,2824458.0,-94.0383510270083,8.37515658256386,ols
10191,2824458.0,-94.66207966800872,9.664683834675387,ols
10203,2824458.0,-95.06973888066108,9.947053695475887,ols
10206,2824458.0,-95.2409289615957,11.480153099526731,ols
10216,2824458.0,-95.80028618440352,12.942113107480438,ols
10265,2824458.0,-98.39719045328684,6.263744507340874,ols
10281,2824458.0,-99.1909195596906,9.335150328921372,ols
10307,2824458.0,-100.18515616089985,11.02386583831921,ols
10319,2824458.0,-100.56300448953505,7.676099727630287,ols
10407,2824458.0,-103.02978244323015,-2.215009223436539,ols
24585,2824458.0,-94.3822027873496,7.914077787349598,ols
24593,2824458.0,-94.71000795596893,11.199382955968929,ols
24625,2824458.0,-96.13571370438996,14.297588704389952,ols
24632,2824458.0,-96.4765165241844,13.57964152418441,ols
24636,2824458.0,-96.63789888596116,12.354773885961166,ols
24659,2824458.0,-97.4784812203635,8.341606220363502,ols
24673,2824458.0,-98.00718161033191,8.396556610331913,ols
24687,2824458.0,-98.46423189744965,8.524856897449652,ols
24690,2824458.0,-98.63547485018566,10.812974850185654,ols
24742,2824458.0,-100.71621815799699,7.073718157996993,ols
24757,2824458.0,-101.19593282397733,12.433432823977327,ols
24761,2824458.0,-101.29864511014472,12.184270110144723,ols
24798,2824458.0,-102.18617760418161,7.636177604181611,ols
24814,2824458.0,-102.47302475065734,4.3148997506573465,ols
24837,2824458.0,-102.76225994016255,2.6228849401625496,ols
24843,2824458.0,-102.77269330897022,3.1508183089702158,ols
24848,2824458.0,-102.83170705128859,2.621082051288596,ols
39644,2824458.0,-80.23442250464606,10.22129750464606,ols
39655,2824458.0,-80.21663995544516,10.001014955445157,ols
39679,2824458.0,-80.21664876741207,9.981648767412068,ols
39685,2824458.0,-80.21663995544516,10.457889955445154,ols
39689,2824458.0,-80.21663995544516,10.52851495544516,ols
39703,2824458.0,-80.21664876741207,10.164773767412072,ols
39712,2824458.0,-80.21496568173447,8.139965681734466,ols
39726,2824458.0,-79.50430698728167,5.535556987281666,ols
39765,2824458.0,-76.96690993086301,-4.64184006913699,ols
39769,2824458.0,-77.3551299445376,-2.8736200554624105,ols
39773,2824458.0,-77.5297038207612,-1.469046179238802,ols
39794,2824458.0,-77.5647842609836,-0.06771573901639272,ols
39818,2824458.0,-77.5647842609836,-0.6114657390163956,ols
39834,2824458.0,-77.5647842609836,-4.520840739016393,ols
39842,2824458.0,-77.5647842609836,-4.303340739016406,ols
39844,2824458.0,-77.5647842609836,-4.203340739016397,ols
39862,2824458.0,-77.5647842609836,-3.9745907390164064,ols
39884,2824458.0,-77.5647842609836,-3.5658407390163944,ols
39895,2824458.0,-77.5647842609836,-4.073965739016401,ols
39921,2824458.0,-77.5647842609836,-4.363965739016393,ols
39934,2824458.0,-77.5647842609836,-2.9033407390164,ols
39961,2824458.0,-77.5647842609836,-3.490840739016406,ols
39972,2824458.0,-77.5647842609836,-4.417715739016401,ols
40031,2824458.0,-78.39482748297553,-6.425172517024464,ols
40043,2824458.0,-78.36455837667964,-6.580441623320354,ols
40075,2824458.0,-78.28162014423216,-6.015254855767836,ols
40095,2824458.0,-78.28162014423216,-6.5090048557678415,ols
40110,2824458.0,-78.28162014423216,-5.894629855767832,ols
40119,2824458.0,-78.28162014423216,-5.936504855767836,ols
40126,2824458.0,-78.28162014423216,-6.241504855767829,ols
40138,2824458.0,-78.28446640954033,-6.166783590459673,ols
40139,2824458.0,-78.28446640954033,-7.041783590459673,ols
40162,2824458.0,-78.28163776816598,-6.095862231834019,ols
40201,2824458.0,-78.28445759757345,-6.896167402426556,ols
40231,2824458.0,-82.01375248469867,-1.9781225153013224,ols
40256,2824458.0,-82.81808238728115,-1.1294176127188535,ols
40302,2824458.0,-84.11944247079927,-0.1649325292007262,ols
40315,2824458.0,-86.03467060435852,3.305920604358519,ols
40327,2824458.0,-87.28224244192901,2.4228674419290144,ols
40353,2824458.0,-90.26985169915224,6.684226699152248,ols
40367,2824458.0,-91.77425712394262,6.968632123942612,ols
40393,2824458.0,-93.46356405016147,8.87606405016146,ols
40403,2824458.0,-94.01421504967368,7.272340049673687,ols
40450,2824458.0,-94.36506351173227,3.458188511732274,ols
40471,2824458.0,-95.56773837795555,7.558988377955544,ols
40501,2824458.0,-96.65413052898793,0.9203805289879341,ols
40505,2824458.0,-96.80440981247276,0.4406598124727594,ols
40510,2824458.0,-96.95829319041897,-0.9535818095810242,ols
40524,2824458.0,-97.66115329416672,-1.583846705833281,ols
40549,2824458.0,-98.46721915422819,-2.610280845771811,ols
40566,2824458.0,-98.59466663147933,-4.0022083685206695,ols
40574,2824458.0,-98.61680229232803,-4.450697707671964,ols
40593,2824458.0,-98.65786605807443,-9.72963394192557,ols
40614,2824458.0,-99.19090193575681,-6.41597306424319,ols
40626,2824458.0,-99.19269957700408,-6.072925422995922,ols
40647,2824458.0,-99.17746368623679,-4.090036313763207,ols
40654,2824458.0,-99.18022183187597,-4.064778168124036,ols
40664,2824458.0,-99.18022183187597,-3.694153168124032,ols
40675,2824458.0,-99.26466691066304,-9.126583089336961,ols
40679,2824458.0,-99.35938674285364,-10.160613257146352,ols
40685,2824458.0,-99.46917503844043,-10.502074961559572,ols
55876,2824458.0,-76.84310179594092,0.29872679594092233,ols
55886,2824458.0,-75.39239649742925,-3.925728502570749,ols
55910,2824458.0,-75.57784434080543,-3.8977806591945665,ols
55914,2824458.0,-75.5778707767061,-4.078379223293894,ols
55919,2824458.0,-75.5778707767061,-3.9077542232938924,ols
55924,2824458.0,-75.57784434080543,-3.197780659194578,ols
55930,2824458.0,-75.5778707767061,-3.4408792232938907,ols
55941,2824458.0,-75.5778707767061,-3.8352542232938873,ols
55992,2824458.0,-75.47705306342186,-0.11794693657813582,ols
55997,2824458.0,-75.3660399044362,-0.052710095563796244,ols
56006,2824458.0,-75.3660046565686,-4.730245343431392,ols
56054,2824458.0,-75.24903460795966,1.8621596079596543,ols
56066,2824458.0,-75.26437624232972,1.2818762423297159,ols
56137,2824458.0,-75.2899045104343,0.5580295104342952,ols
56143,2824458.0,-75.28981639076531,0.5466913907653037,ols
56157,2824458.0,-75.28981639076531,0.5448163907653054,ols
56199,2824458.0,-75.2899045104343,-0.8650954895657037,ols
56241,2824458.0,-75.2899045104343,-1.5169704895657077,ols
56252,2824458.0,-76.84223822318489,-6.51401177681511,ols
56271,2824458.0,-78.7711337174035,-8.608241282596495,ols
56284,2824458.0,-78.80114727665935,-8.990727723340655,ols
56288,2824458.0,-78.80115608862624,-8.231343911373756,ols
56313,2824458.0,-78.80114727665935,-7.385102723340651,ols
56317,2824458.0,-78.80114727665935,-7.033852723340644,ols
56319,2824458.0,-78.80115608862624,-7.004468911373763,ols
56341,2824458.0,-78.79863586609332,-6.46636413390668,ols
56343,2824458.0,-78.79863586609332,-7.608239133906679,ols
56352,2824458.0,-78.79863586609332,-6.886364133906682,ols
56366,2824458.0,-78.79863586609332,-7.538239133906686,ols
56379,2824458.0,-78.79863586609332,-6.629489133906674,ols
56400,2824458.0,-78.79863586609332,-6.901989133906682,ols
56509,2824458.0,-82.79252768327588,-1.5362223167241211,ols
56523,2824458.0,-83.82287572483465,-1.1996242751653483,ols
56533,2824458.0,-83.83696605990514,-1.1205339400948588,ols
56565,2824458.0,-86.46210387073084,1.5539788707308446,ols
56576,2824458.0,-87.81052866945316,4.8555286694531645,ols
56583,2824458.0,-88.88343851113106,3.0359385111310644,ols
56589,2824458.0,-89.43648636563964,4.899611365639643,ols
56641,2824458.0,-93.79770502298072,7.513330022980725,ols
56706,2824458.0,-97.82100237370315,-3.295069054868293,ols
56724,2824458.0,-98.23291776636745,-4.961450365500667,ols
56739,2824458.0,-98.22310123524267,-5.164398764757337,ols
56752,2824458.0,-98.21814009787889,-6.013734902121115,ols
56803,2824458.0,-98.55768280640686,-8.586692193593137,ols
56873,2824458.0,-99.12930628713718,-11.493818712862819,ols
56892,2824458.0,-99.11533050763637,-12.969044492363622,ols
56897,2824458.0,-99.11485466142386,-14.44389533857614,ols
56953,2824458.0,-99.07840836633221,-10.870341633667792,ols
56983,2824458.0,-99.08559011935438,-10.532534880645628,ols
56987,2824458.0,-99.08771380337689,-10.672911196623119,ols
74053,2824458.0,-79.23423782578043,3.3417378257804273,ols
74082,2824458.0,-78.17414939593965,-5.423975604060345,ols
74096,2824458.0,-78.39506540608178,-5.113059593918223,ols
74101,2824458.0,-78.3950830300156,-4.988041969984408,ols
74107,2824458.0,-78.39506540608178,-4.726184593918219,ols
74113,2824458.0,-78.39506540608178,-4.838059593918217,ols
74123,2824458.0,-78.42292884541445,-5.137071154585556,ols
74164,2824458.0,-78.38269340455648,-4.51105659544352,ols
74198,2824458.0,-78.36738701805402,-4.9001129819459806,ols
74226,2824458.0,-78.37844603651146,-5.220928963488532,ols
74241,2824458.0,-78.38120418215067,-6.053170817849335,ols
74262,2824458.0,-78.40898831378121,-8.675386686218786,ols
74282,2824458.0,-82.01695122868277,-2.014298771317229,ols
74299,2824458.0,-83.44329143872048,-0.7448335612795205,ols
74302,2824458.0,-83.63154148757035,0.6115414875703493,ols
74310,2824458.0,-83.69019393924589,1.273943939245882,ols
74343,2824458.0,-85.153350546985,1.9658505469849956,ols
74371,2824458.0,-88.30692438877213,3.0569243887721314,ols
74378,2824458.0,-89.65319906757125,5.5250740675712535,ols
74388,2824458.0,-90.90123793938733,3.407487939387323,ols
74392,2824458.0,-91.48738354156617,6.619883541566168,ols
74401,2824458.0,-92.56975743569294,6.48600743569294,ols
74426,2824458.0,-95.21053648776322,9.894911487763224,ols
74440,2824458.0,-95.65809628653142,7.705596286531417,ols
74450,2824458.0,-95.97691324891446,6.928788248914458,ols
74480,2824458.0,-96.95540286527631,-1.097722134723682,ols
74507,2824458.0,-98.33506608665334,-5.604308913346657,ols
74525,2824458.0,-98.65111609143028,-11.417633908569712,ols
74535,2824458.0,-98.65439414311646,-12.694980856883532,ols
74572,2824458.0,-99.11790360197071,-9.373346398029284,ols
86251,2824458.0,-86.72130787704639,11.07068287704638,ols
86267,2824458.0,-81.70422333542653,8.429848335426527,ols
86272,2824458.0,-78.16556654018065,4.223066540180653,ols
86309,2824458.0,-76.00451977802447,-1.4561052219755197,ols
86319,2824458.0,-75.93770744500104,-0.3491675549989566,ols
86327,2824458.0,-75.84687369021265,-1.4581263097873602,ols
86365,2824458.0,-75.86069966627619,-3.457425333723805,ols
86395,2824458.0,-75.86069966627619,-1.7099253337238167,ols
86428,2824458.0,-75.86069966627619,-0.8793003337238048,ols
86484,2824458.0,-82.57007839089343,2.6313283908934295,ols
86491,2824458.0,-82.76609178258076,-2.0295332174192424,ols
86503,2824458.0,-82.79814971815705,0.06002471815705235,ols
86504,2824458.0,-82.7642853293666,-2.336339670633393,ols
86528,2824458.0,-82.84187469790675,1.184999697906747,ols
86542,2824458.0,-84.10374835775329,-1.297501642246715,ols
86551,2824458.0,-84.87400238433978,0.17712738433976938,ols
86561,2824458.0,-85.76738602439718,2.2867610243971797,ols
86583,2824458.0,-87.26640733741263,1.2551573374126264,ols
86586,2824458.0,-87.58351477821736,3.1560147782173686,ols
86623,2824458.0,-89.47484485754823,6.165469857548231,ols
86646,2824458.0,-90.44635539612659,7.195105396126593,ols
86651,2824458.0,-90.72035469486448,6.814729694864482,ols
86654,2824458.0,-90.9943539936024,5.365603993602406,ols
86656,2824458.0,-91.26317185580407,4.019421855804069,ols
86678,2824458.0,-92.09007801758017,5.714453017580169,ols
86691,2824458.0,-92.21896184543573,3.1445868454357253,ols
86692,2824458.0,-92.23738766822021,2.4855126682202098,ols
86717,2824458.0,-92.26682844962767,2.9455784496276607,ols
86733,2824458.0,-92.26682844962767,4.0274534496276715,ols
86771,2824458.0,-92.26682844962767,2.8255784496276704,ols
86790,2824458.0,-92.26682844962767,2.6668284496276726,ols
86796,2824458.0,-92.26682844962767,1.771203449627663,ols
86809,2824458.0,-92.26682844962767,2.3955784496276635,ols
86829,2824458.0,-92.26682844962767,4.094953449627667,ols
86850,2824458.0,-92.26682844962767,7.283078449627666,ols
86885,2824458.0,-92.26682844962767,6.76370344962767,ols
86898,2824458.0,-92.26980689443931,5.9354318944393185,ols
86928,2824458.0,-92.28435545178851,11.838105451788508,ols
86934,2824458.0,-92.32519891836247,5.477073918362478,ols
86937,2824458.0,-92.43660861585855,8.820358615858552,ols
86949,2824458.0,-92.90170422875451,7.2179542287545075,ols
86957,2824458.0,-93.14228854901381,9.324788549013817,ols
87046,2824458.0,-95.57841848183637,5.007168481836359,ols
87051,2824458.0,-95.65981462007662,3.210439620076613,ols
87062,2824458.0,-95.75345939230559,4.996584392305593,ols
87094,2824458.0,-95.93299440589297,6.563619405892965,ols
87103,2824458.0,-96.11379834271372,2.4719233427137226,ols
87118,2824458.0,-96.45686583800105,2.240615838001048,ols
87120,2824458.0,-96.49751544130322,1.8312654413032163,ols
87136,2824458.0,-96.61652986623258,0.40965486623258585,ols
87145,2824458.0,-96.73045978626163,0.0698347862616373,ols
87151,2824458.0,-96.79628517899243,0.5381601789924275,ols
87215,2824458.0,-98.29761522733529,-6.416134772664719,ols
87233,2824458.0,-98.67964924024719,-7.027850759752809,ols
87242,2824458.0,-98.84463569648537,-9.857864303514631,ols
87268,2824458.0,-99.01594033298966,-8.140309667010342,ols
87272,2824458.0,-99.01217762312407,-8.02594737687592,ols
87279,2824458.0,-99.01217762312407,-8.424072376875927,ols
87289,2824458.0,-99.00956046895524,-8.89293953104476,ols
87334,2824458.0,-99.02258455603103,-9.156790443968958,ols
87344,2824458.0,-99.04131879765697,-9.838681202343025,ols
87354,2824458.0,-99.038974814462,-9.848525185538008,ols
87370,2824458.0,-99.04131879765697,-10.038681202343028,ols
87386,2824458.0,-99.04131879765697,-10.913681202343028,ols
87410,2824458.0,-99.04160959256461,-9.776515407435383,ols
87446,2824458.0,-99.28312798131515,-8.451247018684853,ols
87459,2824458.0,-99.53645440570946,-10.922920594290531,ols
98454,2824458.0,-87.24406018935838,12.265935189358373,ols
98499,2824458.0,-74.31065706491917,3.6981570649191724,ols
98503,2824458.0,-74.52264655259324,4.85952155259325,ols
98511,2824458.0,-74.62766757408801,5.56329257408801,ols
98549,2824458.0,-74.58856006499306,5.044185064993059,ols
98588,2824458.0,-74.61703153004169,5.531406530041693,ols
98608,2824458.0,-74.66548853601583,0.6636135360158306,ols
98687,2824458.0,-77.81805781357654,-5.7636253547402845,ols
98711,2824458.0,-77.81805781357654,-5.08169466167098,ols
98751,2824458.0,-77.81805781357654,-3.7744421864234567,ols
98768,2824458.0,-77.83331132827763,-5.32231367172237,ols
98790,2824458.0,-77.83331132827763,-4.241688671722372,ols
98797,2824458.0,-77.83331132827763,-3.629813671722374,ols
98817,2824458.0,-77.83331132827763,-4.250438671722364,ols
98824,2824458.0,-77.83330251631072,-3.949197483689275,ols
98853,2824458.0,-79.08656688449756,-5.175308115502446,ols
98861,2824458.0,-80.76577529665087,-0.40359970334912987,ols
98895,2824458.0,-83.78776884871155,-1.7978561512884426,ols
98930,2824458.0,-84.82780124189162,0.07405124189162393,ols
98949,2824458.0,-85.30770095917683,1.2058259591768206,ols
98964,2824458.0,-86.61794350532851,3.4598185053285135,ols
98977,2824458.0,-87.33118410608256,-0.5544408939174446,ols
99011,2824458.0,-88.13433320510066,4.544958205100656,ols
99035,2824458.0,-89.20117160158557,2.9249216015855666,ols
99044,2824458.0,-89.9543920961575,8.091892096157508,ols
99073,2824458.0,-92.27593121143369,8.619056211433687,ols
99113,2824458.0,-94.85791682035807,9.441666820358066,ols
99114,2824458.0,-95.03746945787927,8.680594457879266,ols
99118,2824458.0,-95.19957440094169,9.739574400941692,ols
99143,2824458.0,-96.46620652291332,4.2455815229133265,ols
99165,2824458.0,-97.42759211152546,-0.8067828884745438,ols
99176,2824458.0,-97.93497635356667,-4.886273646433338,ols
99180,2824458.0,-98.09840309166384,-5.5703469083361625,ols
99182,2824458.0,-98.27243943790663,-6.067560562093377,ols
99217,2824458.0,-99.34613354463849,-10.084491455361515,ols
99223,2824458.0,-99.41394162992145,-9.420433370078541,ols
99265,2824458.0,-99.40050338040143,-10.510746619598564,ols
99270,2824458.0,-99.3984413801472,-11.194058619852797,ols
99285,2824458.0,-99.39643225169436,-11.306067748305637,ols
99295,2824458.0,-99.39643225169436,-9.946067748305637,ols
99314,2824458.0,-99.39643225169436,-9.945442748305638,ols
111616,2824458.0,-79.02842552690211,6.541550526902114,ols
111625,2824458.0,-74.58968799675606,-2.588437003243939,ols
111637,2824458.0,-75.7276654020115,-0.13826201734333665,ols
111676,2824458.0,-77.66653604275908,-2.2019535405742516,ols
111707,2824458.0,-77.6512913400249,-2.176208659975103,ols
111762,2824458.0,-77.6512913400249,-1.5805836599751046,ols
111787,2824458.0,-77.6512913400249,-2.1412086599751063,ols
111791,2824458.0,-77.6512913400249,-2.0249586599750984,ols
111797,2824458.0,-77.6512913400249,-4.718708659975107,ols
111820,2824458.0,-81.14705148040952,0.8220514804095131,ols
111903,2824458.0,-84.76550063592015,0.8055006359201542,ols
111912,2824458.0,-85.50560011178041,4.118725111780407,ols
111945,2824458.0,-87.05541360199808,3.686038601998078,ols
111955,2824458.0,-87.01286061384585,4.689735613845841,ols
111983,2824458.0,-87.30976221455262,1.389137214552619,ols
111992,2824458.0,-87.84204026308174,-0.38858473691826134,ols
112053,2824458.0,-92.23698231774287,6.703857317742873,ols
112074,2824458.0,-93.41127383858654,5.833773838586538,ols
112104,2824458.0,-94.46036493373813,10.244739933738131,ols
112146,2824458.0,-96.27051036203432,2.5011353620343186,ols
112155,2824458.0,-96.51457540921845,1.43832540921845,ols
112186,2824458.0,-96.64750392988037,1.5218789298803728,ols
112228,2824458.0,-98.14984735441652,-3.8695276455834744,ols
112293,2824458.0,-98.58751131435784,-6.8199886856421585,ols
112325,2824458.0,-98.829752284394,-10.080247715605992,ols
112341,2824458.0,-99.15776012825202,-8.657239871747976,ols
112349,2824458.0,-99.23729694147673,-9.823328058523273,ols
112356,2824458.0,-99.26589177406191,-7.885983225938091,ols
112363,2824458.0,-99.2891994265081,-7.991425573491895,ols
112373,2824458.0,-99.28774545196987,-9.471004548030137,ols
112384,2824458.0,-99.27941814325092,-8.79745685674908,ols
112387,2824458.0,-99.28047557927871,-8.614524420721281,ols
112409,2824458.0,-99.28527810123833,-8.505971898761672,ols
112466,2824458.0,-99.2741397750788,-7.6996102249212015,ols
112476,2824458.0,-99.2773825788974,-7.808867421102605,ols
112477,2824458.0,-99.2773825788974,-8.152617421102605,ols
112521,2824458.0,-99.27766456183815,-12.341085438161855,ols
124104,2824458.0,-75.02696423015385,1.2238392301538568,ols
124109,2824458.0,-74.67675022971193,3.583000229711928,ols
124123,2824458.0,-76.80402953471355,0.484654534713556,ols
124138,2824458.0,-77.88862404449868,-0.8620009555013155,ols
124146,2824458.0,-77.91518331273036,-0.14481668726963903,ols
124192,2824458.0,-77.91518331273036,0.08768331273036267,ols
124210,2824458.0,-77.91518331273036,-0.3223166872696339,ols
124240,2824458.0,-77.91518331273036,-2.26419168726963,ols
124253,2824458.0,-78.07896252950347,-5.368537470496534,ols
124273,2824458.0,-81.41164841046687,0.3985234104668649,ols
124285,2824458.0,-81.97720925797113,-2.865915742028875,ols
124303,2824458.0,-83.92936834480145,-0.5131316551985492,ols
124327,2824458.0,-86.24375214295614,4.425627142956145,ols
124330,2824458.0,-86.30182300481641,3.9549480048164156,ols
124345,2824458.0,-86.3208039815155,5.9364289815154905,ols
124362,2824458.0,-87.1169211309487,1.396921130948698,ols
124376,2824458.0,-88.26741152919983,1.6167865291998282,ols
124396,2824458.0,-89.69308202975327,5.122457029753264,ols
124419,2824458.0,-90.72647901185888,5.328979011858891,ols
124426,2824458.0,-91.14856341432386,4.463563414323858,ols
124450,2824458.0,-91.89762466051977,9.67574966051977,ols
124458,2824458.0,-91.92992051920231,6.636795519202309,ols
124468,2824458.0,-91.93823020398747,7.098855203987469,ols
124475,2824458.0,-91.93823020398747,6.666355203987479,ols
124496,2824458.0,-91.94164924714403,7.277274247144021,ols
124499,2824458.0,-91.94164924714403,7.452899247144032,ols
124516,2824458.0,-91.93826545185507,7.608265451855075,ols
124535,2824458.0,-91.94218677712485,6.79218677712484,ols
124539,2824458.0,-91.94164924714403,7.127899247144029,ols
124576,2824458.0,-91.94161399927646,7.39036399927646,ols
124583,2824458.0,-91.94218677712485,7.29656177712485,ols
124600,2824458.0,-91.94164924714403,6.948524247144022,ols
124620,2824458.0,-91.94164924714403,6.857899247144033,ols
124626,2824458.0,-91.94164924714403,5.925399247144028,ols
124636,2824458.0,-91.93826545185507,7.120765451855078,ols
124644,2824458.0,-92.07339696424157,10.661521964241572,ols
124677,2824458.0,-93.5460352483633,8.45853524836329,ols
124686,2824458.0,-94.23614443600911,5.940519436009112,ols
124709,2824458.0,-95.41777632527908,6.186526325279075,ols
124713,2824458.0,-95.63763489939342,6.741384899393424,ols
124717,2824458.0,-95.86297451691851,7.576099516918518,ols
124749,2824458.0,-97.39378940650329,-2.5468355934967093,ols
124754,2824458.0,-97.76777809363699,0.14340309363699077,ols
124772,2824458.0,-98.53441921379516,-7.175580786204833,ols
124777,2824458.0,-98.69431235316608,-8.908812646833923,ols
124780,2824458.0,-98.82727612169558,-9.081473878304422,ols
124787,2824458.0,-99.02481398365632,-8.566436016343687,ols
124790,2824458.0,-99.10709131858641,-8.916658681413594,ols
124798,2824458.0,-99.24802110519204,-10.099478894807959,ols
124809,2824458.0,-99.3428290570516,-6.5152959429483985,ols
124816,2824458.0,-99.36387203400488,-4.33425296599512,ols
124839,2824458.0,-99.36150161490923,-4.586623385090775,ols
124847,2824458.0,-99.35867297353488,-4.133827026465127,ols
124857,2824458.0,-99.36150161490923,-4.347248385090765,ols
124881,2824458.0,-99.36150161490923,-3.984748385090768,ols
124893,2824458.0,-99.36150161490923,-5.5666233850907645,ols
124918,2824458.0,-99.36150161490923,-4.5778733850907685,ols
124944,2824458.0,-99.35867297353488,-4.530077026465122,ols
124951,2824458.0,-99.36150161490923,-4.809748385090771,ols
124970,2824458.0,-99.4346850000002,-11.787814999999796,ols
124988,2824458.0,-99.84497899075518,-2.661638656303637,ols
137555,2824467.0,-100.37773532611632,-1.3628896738836715,ols
137590,2824467.0,-97.76959339370342,0.8383433937034113,ols
137610,2824467.0,-95.58716236364593,1.9627873636459299,ols
137659,2824467.0,-82.02962423724478,-0.876625762755225,ols
137683,2824467.0,-91.36203206240016,0.5920320624001647,ols
152472,2824467.0,-97.8220375641492,-3.994212435850798,ols
152477,2824467.0,-97.41059564864656,-3.6000293513534416,ols
152497,2824467.0,-95.17905999825777,-0.8984400017422303,ols
152500,2824467.0,-94.65210390059022,-1.1153960994097787,ols
152526,2824467.0,-88.88245891714513,0.526833917145126,ols
152535,2824467.0,-87.57018698113541,0.5526869811354089,ols
152592,2824467.0,-83.52940918760774,-3.2187158123922615,ols
152628,2824467.0,-85.86430741706423,0.31055741706423134,ols
152630,2824467.0,-85.98167431001525,1.2460493100152519,ols
152638,2824467.0,-85.9853719470884,1.0078719470883897,ols
152643,2824467.0,-85.94887821530128,1.1276282153012716,ols
152646,2824467.0,-85.94887821530128,1.1838782153012772,ols
152654,2824467.0,-85.94887821530128,1.130753215301283,ols
152661,2824467.0,-85.94887821530128,0.9413782153012846,ols
152663,2824467.0,-85.94887821530128,1.1251282153012738,ols
152680,2824467.0,-85.94887821530128,1.099503215301283,ols
152687,2824467.0,-85.94887821530128,1.2313782153012767,ols
152698,2824467.0,-85.94887821530128,0.9995032153012744,ols
152743,2824467.0,-85.95277046485195,1.0321454648519506,ols
152746,2824467.0,-85.95277046485195,1.2590204648519574,ols
152775,2824467.0,-88.3954528688657,0.43295286886569784,ols
152783,2824467.0,-90.59731400868014,-1.1751859913198501,ols
152788,2824467.0,-91.65289208682293,0.15289208682293065,ols
168830,2824467.0,-96.69548042320034,-3.6657695767996614,ols
168881,2824467.0,-85.37017855210708,-0.8854464478929174,ols
168899,2824467.0,-85.03268159356814,0.5295565935681452,ols
168910,2824467.0,-89.99333807690387,0.6852130769038638,ols
137698,2824469.0,-93.07648932216397,9.647114322163972,ols
137715,2824469.0,-90.86091774789196,11.295292747891963,ols
137726,2824469.0,-88.33067599647458,8.570050996474578,ols
137736,2824469.0,-86.57060600730111,5.043106007301105,ols
137773,2824469.0,-87.02740284844242,-4.415722151557574,ols
137787,2824469.0,-86.96173962667487,-2.8851353733251273,ols
137820,2824469.0,-86.93978286996445,-2.0033421300355485,ols
137826,2824469.0,-86.93978286996445,-2.6989671300355553,ols
137845,2824469.0,-86.93978286996445,-1.5602171300355536,ols
137886,2824469.0,-86.93978286996445,-2.654592130035553,ols
137897,2824469.0,-86.93978286996445,-2.92834213003556,ols
137900,2824469.0,-86.93978286996445,-3.4945921300355565,ols
137905,2824469.0,-86.93978286996445,-4.187092130035552,ols
137947,2824469.0,-89.24415893195803,2.7885339319580282,ols
138001,2824469.0,-89.13248763774132,-0.8218873622586784,ols
138022,2824469.0,-89.52200820590939,0.07700820590939372,ols
138028,2824469.0,-89.6932372027031,0.6176122027030999,ols
138039,2824469.0,-90.28484178893692,1.319216788936913,ols
138096,2824469.0,-93.71354343177269,3.704168431772686,ols
138098,2824469.0,-93.91903171014418,2.522781710144187,ols
138139,2824469.0,-95.26627133745768,1.0075213374576748,ols
138142,2824469.0,-95.3968947795718,-0.1381052204282014,ols
138148,2824469.0,-95.528500497644,0.03287549764399955,ols
152801,2824469.0,-93.36019373123811,8.261443731238117,ols
152802,2824469.0,-92.93159398818807,9.289093988188071,ols
152813,2824469.0,-91.91759147965928,9.461966479659282,ols
152815,2824469.0,-91.327489197832,11.636864197831997,ols
152818,2824469.0,-90.65601690906402,12.587891909064027,ols
152834,2824469.0,-87.46769360142511,6.157050037068672,ols
152853,2824469.0,-85.03058027797623,12.687455277976227,ols
152862,2824469.0,-86.47702014690115,1.2276451469011533,ols
152875,2824469.0,-87.45221794000685,-2.638407059993156,ols
152915,2824469.0,-87.47428062843824,-6.083219371561768,ols
152928,2824469.0,-87.47428062843824,-5.2663443715617575,ols
152934,2824469.0,-87.47316353028981,-6.179961469710193,ols
152952,2824469.0,-87.47428062843824,-6.023844371561765,ols
152964,2824469.0,-87.45985946915147,-4.263265530848528,ols
152976,2824469.0,-87.45985946915147,-4.530765530848527,ols
152990,2824469.0,-87.45985946915147,-2.312640530848526,ols
153048,2824469.0,-88.18722518596648,-4.379649814033513,ols
153061,2824469.0,-89.29073999871605,0.4407399987160545,ols
153063,2824469.0,-89.41749211793649,-1.6825078820635042,ols
153082,2824469.0,-89.47048686889151,-0.8663881311084936,ols
153089,2824469.0,-89.52623102951357,-2.977518970486429,ols
153097,2824469.0,-89.60828477756232,-6.474215222437678,ols
153103,2824469.0,-89.58706472782048,-2.0229352721795237,ols
153119,2824469.0,-89.74574563075731,-0.5311293692426915,ols
153126,2824469.0,-89.97377810538279,0.08752810538278766,ols
153141,2824469.0,-90.4154796762857,0.48610467628570575,ols
153206,2824469.0,-92.46735785118763,1.5248578511876332,ols
153243,2824469.0,-93.67814779173358,3.7981477917335837,ols
153296,2824469.0,-95.8042600276453,-0.5494899723547064,ols
153298,2824469.0,-95.88799423799492,-0.37575576200508465,ols
153310,2824469.0,-96.20375743789758,-1.8756175621024198,ols
153338,2824469.0,-96.37516459258566,-7.628585407414334,ols
153346,2824469.0,-96.37590611463246,-4.694093885367536,ols
153355,2824469.0,-96.37590611463246,0.6109061146324564,ols
153359,2824469.0,-96.3902454175894,-0.25100458241060153,ols
153391,2824469.0,-97.09482618423912,-5.437673815760874,ols
153410,2824469.0,-97.60245099113378,-10.164476092199536,ols
168926,2824469.0,-93.55508402243424,9.21570902243424,ols
168939,2824469.0,-92.121081500567,7.6779565005670065,ols
169013,2824469.0,-86.57214683233342,-1.334728167666583,ols
169040,2824469.0,-86.6151984467518,-1.1748015532482015,ols
169048,2824469.0,-86.61685001858332,-1.1129479612146582,ols
169051,2824469.0,-86.61685001858332,-0.934399981416675,ols
169054,2824469.0,-86.61520326183003,-0.952296738169963,ols
169058,2824469.0,-86.6168452035051,-1.1800297964949067,ols
169071,2824469.0,-86.61685001858332,-1.5075249814166796,ols
169108,2824469.0,-86.6168452035051,-0.8669047964949073,ols
169130,2824469.0,-86.6168452035051,-0.028779796494902143,ols
169141,2824469.0,-86.88406759981174,-4.475932400188256,ols
169157,2824469.0,-88.82601272373657,-5.3777372762634315,ols
169163,2824469.0,-89.2122638537892,-3.8233611462108,ols
169203,2824469.0,-89.41895108663894,-2.143548913361059,ols
169212,2824469.0,-89.53311177629848,-1.0062632237015237,ols
169231,2824469.0,-90.62072238566768,-0.21552761433233059,ols
169236,2824469.0,-90.87973025852082,1.034730258520824,ols
169271,2824469.0,-92.8767550622725,1.2073800622724917,ols
169281,2824469.0,-93.31587093616807,5.466495936168073,ols
169283,2824469.0,-93.51211907942391,4.398369079423915,ols
169299,2824469.0,-94.11991677373166,1.7142917737316594,ols
169315,2824469.0,-94.57516315968421,3.0664131596842026,ols
169319,2824469.0,-94.66897051368255,3.2583455136825563,ols
169322,2824469.0,-94.76106851491069,3.4279435149106945,ols
169328,2824469.0,-94.84135031417227,6.5351003141722686,ols
169369,2824469.0,-95.76376040468666,6.4800104046866664,ols
169370,2824469.0,-95.85596915271398,6.92034415271398,ols
169378,2824469.0,-96.04021812103073,2.7320931210307293,ols
169382,2824469.0,-96.09741162019881,4.538661620198809,ols
169387,2824469.0,-96.14980930145381,4.0335593014538205,ols
169415,2824469.0,-96.5384246349154,-1.3478253650846028,ols
26991,2826245.0,-99.51987791977584,-5.180747080224165,ols
27012,2826245.0,-108.18346945031303,-0.7915305496869678,ols
27044,2826245.0,-110.71608684852913,-1.0676631514708674,ols
27053,2826245.0,-111.09006689463514,-1.330558105364858,ols
27064,2826245.0,-111.66722493954279,-0.09090006045721566,ols
27111,2826245.0,-113.97323129890331,-2.1836437010966847,ols
27132,2826245.0,-115.25915460047366,-1.6452203995263375,ols
89181,2826245.0,-105.97729925221492,7.197924252214918,ols
89191,2826245.0,-101.8317820639314,3.3517820639313953,ols
89203,2826245.0,-99.98932234261089,-5.420677657389106,ols
89289,2826245.0,-115.23116418125991,-2.085085818740083,ols
89299,2826245.0,-115.73985155676965,-2.857222911315475,ols
155100,2826245.0,-106.47046541785613,5.108590417856135,ols
26457,2826246.0,-102.4122416457934,-4.721508354206605,ols
26481,2826246.0,-102.36353012057074,-4.483969879429253,ols
26492,2826246.0,-101.80388455795371,-2.004240442046296,ols
26514,2826246.0,-99.15531363686158,-0.7303113631384264,ols
26520,2826246.0,-97.51412518476369,-1.5496248152363137,ols
26530,2826246.0,-95.55823598789078,0.3794859878907886,ols
26569,2826246.0,-92.93279345239648,3.1515434523964814,ols
26605,2826246.0,-91.42266585201969,0.008290852019683825,ols
26608,2826246.0,-91.42266585201969,-2.453584147980308,ols
26649,2826246.0,-91.44480977897129,-4.127065221028715,ols
26657,2826246.0,-91.44480977897129,-1.9133152210287108,ols
26686,2826246.0,-91.44480977897129,-1.5876902210287085,ols
26735,2826246.0,-91.44480977897129,-1.2395652210287125,ols
26738,2826246.0,-91.44480977897129,-1.525815221028708,ols
26741,2826246.0,-91.44480977897129,-0.6801902210287096,ols
26762,2826246.0,-91.18280314212413,-3.9078218578758737,ols
26766,2826246.0,-90.98327766636963,-5.745472333630374,ols
26799,2826246.0,-97.84506949720155,0.15131949720155546,ols
26844,2826246.0,-102.24476860933895,3.35164360933895,ols
26873,2826246.0,-103.3475924263088,-0.8192825736912113,ols
26879,2826246.0,-103.54250884567412,-1.2931161543258725,ols
26886,2826246.0,-103.91921769998453,-1.6270323000154718,ols
26893,2826246.0,-104.29122800166522,1.0137280016652142,ols
26913,2826246.0,-105.19360581012046,1.7898558101204571,ols
26918,2826246.0,-105.37385763121007,1.7413576312100787,ols
26924,2826246.0,-105.75709971108185,-1.2950910105676314,ols
26929,2826246.0,-105.95274488554892,-1.3572551144510783,ols
26949,2826246.0,-106.99371401511007,-5.8181609848899285,ols
26952,2826246.0,-107.20948305852738,-5.6330169414726186,ols
88563,2826246.0,-102.67675417737644,0.4517541773764435,ols
88569,2826246.0,-102.62527466128483,-0.2534753387151625,ols
88574,2826246.0,-102.63019056192738,-0.08730943807262292,ols
88581,2826246.0,-102.6581389593386,-0.5368610406613925,ols
88600,2826246.0,-102.62889925902778,-3.2848507409722174,ols
88627,2826246.0,-102.44077176876829,-6.899853231231717,ols
88698,2826246.0,-95.37959509913134,3.3102200991313424,ols
88743,2826246.0,-93.45833455476907,-1.0791654452309274,ols
88765,2826246.0,-92.1075486181324,-3.1687013818676064,ols
88830,2826246.0,-99.31877852025637,-0.14434647974363202,ols
88840,2826246.0,-100.19330382012959,2.1433038201295886,ols
88890,2826246.0,-101.71058472716308,2.919959727163075,ols
88901,2826246.0,-101.71058472716308,3.139959727163074,ols
88910,2826246.0,-101.71058472716308,3.5255847271630785,ols
88932,2826246.0,-101.71058472716308,3.7005847271630756,ols
88965,2826246.0,-101.71058472716308,3.0755847271630756,ols
89013,2826246.0,-101.71058472716308,2.8180847271630824,ols
89063,2826246.0,-101.71058472716308,3.579959727163086,ols
89082,2826246.0,-102.07608098104825,7.681705981048253,ols
89086,2826246.0,-102.26503311523865,6.405658115238651,ols
89102,2826246.0,-103.07003901395751,0.005039013957514271,ols
89112,2826246.0,-103.33037718517696,-2.4427478148230364,ols
89117,2826246.0,-103.51723894289128,-1.2952610571087178,ols
89124,2826246.0,-103.94747294164912,0.15184794164912319,ols
89129,2826246.0,-104.20918551942013,0.5591855194201258,ols
89140,2826246.0,-105.04199278601212,2.744492786012117,ols
89167,2826246.0,-106.78841603183903,-5.254708968160969,ols
89168,2826246.0,-107.09813695008539,-6.336238049914613,ols
89172,2826246.0,-107.39737402300824,-6.398250976991761,ols
125959,2826246.0,-101.89019728939152,-0.87230271060848,ols
139880,2826246.0,-102.81759568967372,-1.153029310326275,ols
139904,2826246.0,-102.61808299909646,-2.5206670009035435,ols
139914,2826246.0,-102.40155963022292,-4.081565369777081,ols
154677,2826246.0,-102.48456100075978,0.23392968762846067,ols
154682,2826246.0,-102.41259963075566,-0.7267753692443364,ols
154720,2826246.0,-102.35193396482877,-4.360566035171232,ols
154780,2826246.0,-96.78214821834715,-2.4972267816528557,ols
154788,2826246.0,-95.56843855931535,6.500938559315358,ols
154813,2826246.0,-92.21207383452551,0.14269883452551824,ols
154824,2826246.0,-91.82179990718063,2.599924907180636,ols
154833,2826246.0,-91.86948861822538,2.6682386182253737,ols
154861,2826246.0,-91.88339249845626,2.5958924984562657,ols
154872,2826246.0,-91.88339249845626,3.5483924984562663,ols
154878,2826246.0,-91.88344363916515,3.672193639165144,ols
154927,2826246.0,-92.17523334635514,-5.5291416536448565,ols
154935,2826246.0,-94.45144237339295,-3.4404326266070484,ols
154944,2826246.0,-96.50829611480214,-0.012328885197860018,ols
154999,2826246.0,-102.7961933030011,4.915453507082745,ols
155057,2826246.0,-105.34991099426992,1.8805359942699198,ols
155080,2826246.0,-106.76846476278129,-3.9621602372187112,ols
11938,2826249.0,-104.20353145276539,-0.8027185472346048,ols
11964,2826249.0,-104.25437699483737,-6.809767742004752,ols
11977,2826249.0,-104.20792392193785,-2.7156871891732663,ols
11996,2826249.0,-103.98933079558965,-4.538794204410351,ols
12003,2826249.0,-103.81029700580088,-2.5959529941991235,ols
12007,2826249.0,-103.56693523384129,1.301310233841292,ols
12021,2826249.0,-102.3560372276211,-3.5424002723788988,ols
12045,2826249.0,-100.84176737292307,-2.8040659604102416,ols
12089,2826249.0,-94.74659955246418,-2.8471504475358245,ols
12096,2826249.0,-92.55417448424888,-3.92773341048796,ols
12123,2826249.0,-91.0944241196035,-4.5652981026187405,ols
12153,2826249.0,-95.44916415099695,4.563747484330264,ols
12173,2826249.0,-95.41792881465942,5.851262147992756,ols
12178,2826249.0,-95.41792881465942,6.136678814659419,ols
12219,2826249.0,-95.41792881465942,5.437665656764679,ols
12223,2826249.0,-95.41792881465942,4.693391777622381,ols
12265,2826249.0,-95.41792881465942,4.636678814659419,ols
12276,2826249.0,-95.41792881465942,4.218710064659419,ols
12304,2826249.0,-95.40616811402018,4.478043114020181,ols
12318,2826249.0,-95.40616811402018,4.797371817723899,ols
12343,2826249.0,-95.40616811402018,3.513310971163037,ols
12345,2826249.0,-95.40616811402018,7.106826008757011,ols
12378,2826249.0,-97.85273955057377,5.040239550573773,ols
12380,2826249.0,-98.20318809411759,-1.165561905882413,ols
12385,2826249.0,-98.55655139343946,-4.035553869718413,ols
12392,2826249.0,-99.43439449175862,-3.6831055082413826,ols
12404,2826249.0,-100.92315684414804,0.7966687489099371,ols
41695,2826249.0,-104.20109797061582,2.9848479706158173,ols
41707,2826249.0,-104.08321982415109,-0.8205301758489156,ols
41719,2826249.0,-103.50439677614816,-0.43560322385184236,ols
41729,2826249.0,-102.94413326609924,0.022883266099242405,ols
41741,2826249.0,-101.86870361853909,-2.048171381460918,ols
41750,2826249.0,-101.0503215380916,0.15094653809158842,ols
41769,2826249.0,-99.66146752387033,0.5039675238703296,ols
41793,2826249.0,-99.48309124875706,1.3562162487570646,ols
41804,2826249.0,-99.48350473736743,1.3616297373674229,ols
41818,2826249.0,-99.48350473736743,1.2635047373674269,ols
41831,2826249.0,-99.48350473736743,2.9791297373674297,ols
41893,2826249.0,-91.53968356795485,-8.11344143204515,ols
41954,2826249.0,-98.83756774295003,-2.2493072570499777,ols
41957,2826249.0,-99.23108010848873,-2.4426698915112723,ols
41970,2826249.0,-100.40856687929059,-0.18705812070940908,ols
41973,2826249.0,-100.76539399303704,2.2785189930370393,ols
41982,2826249.0,-101.42432537542297,3.0843253754229636,ols
42001,2826249.0,-102.67918874437865,3.132796991801328,ols
63447,2826249.0,-104.30481582680082,-3.150184173199179,ols
63450,2826249.0,-104.30046402863921,-3.3607859713607837,ols
63463,2826249.0,-104.29609867347398,-2.0776513265260235,ols
63479,2826249.0,-104.26696467269736,-3.861160327302642,ols
63504,2826249.0,-104.22632077584845,-0.5718042241515491,ols
63529,2826249.0,-104.2208640818919,-5.599760918108103,ols
63557,2826249.0,-104.21451262569654,-4.61111237430346,ols
63605,2826249.0,-101.38544388904448,0.141068889044476,ols
63619,2826249.0,-100.55393185059228,-1.146068149407725,ols
63682,2826249.0,-98.66491252336387,1.7880375233638688,ols
63706,2826249.0,-94.94537911802361,-3.060870881976385,ols
63710,2826249.0,-94.22241800754648,-0.6132069924535131,ols
63719,2826249.0,-92.79434358185625,-5.080656418143747,ols
63978,2826249.0,-95.77076339084016,2.4201536347426043,ols
64000,2826249.0,-95.78903823171818,7.544663231718175,ols
64029,2826249.0,-98.60933558702894,-2.531289412971063,ols
64035,2826249.0,-99.03919427926941,-3.691430720730594,ols
75660,2826249.0,-104.30303985932676,-2.6638351406732426,ols
75688,2826249.0,-104.01593641519139,-2.9234385848086077,ols
75699,2826249.0,-103.33843193784782,-1.5590680621521784,ols
75702,2826249.0,-103.07581922074965,0.5708192207496552,ols
75726,2826249.0,-101.38544388904448,0.46981888904447544,ols
75772,2826249.0,-100.10403590700335,5.174660907003357,ols
75778,2826249.0,-99.33186965189208,3.173744651892079,ols
75831,2826249.0,-91.90202838217411,-10.592346617825896,ols
75848,2826249.0,-91.76125923509916,-9.25436576490084,ols
76110,2826249.0,-96.91612684156746,11.694251841567464,ols
101006,2826249.0,-104.31945739070903,-5.0581741882383255,ols
101019,2826249.0,-104.28218918776118,-4.23781081223882,ols
101037,2826249.0,-104.25427531731023,-3.6241969049120115,ols
101057,2826249.0,-104.24755782201717,-3.593692177982831,ols
101083,2826249.0,-103.87034775332998,-3.1677772466700134,ols
101102,2826249.0,-102.24523583704533,-0.9372641629546763,ols
101123,2826249.0,-100.176796345425,8.992421345425,ols
101148,2826249.0,-98.56900350126325,3.2171285012632467,ols
101210,2826249.0,-96.82870450373215,7.884329503732161,ols
101219,2826249.0,-95.81225460041523,0.9141296004152366,ols
101271,2826249.0,-95.3380983988506,4.896848398850608,ols
101286,2826249.0,-97.79360390078892,8.244853900788925,ols
101301,2826249.0,-98.80626462159441,-3.640066900144717,ols
113552,2826249.0,-104.27241458815209,-3.071664359216328,ols
113560,2826249.0,-104.25064204034042,2.5237670403404167,ols
113573,2826249.0,-103.70656559261226,-2.2096844073877406,ols
113632,2826249.0,-101.73315391785734,-2.9130960821426584,ols
113641,2826249.0,-101.73315391785734,-0.5137210821426663,ols
113656,2826249.0,-101.54035299089375,2.9284779908937537,ols
113680,2826249.0,-99.53875630561551,1.5825063056155102,ols
113687,2826249.0,-99.03973655941415,4.402236559414149,ols
113727,2826249.0,-98.74241791305207,3.9486679130520628,ols
113738,2826249.0,-98.74241791305207,3.1880429130520724,ols
113748,2826249.0,-98.74241791305207,3.8661679130520668,ols
113780,2826249.0,-98.74241791305207,3.7674179130520713,ols
113794,2826249.0,-98.74241791305207,3.403667913052061,ols
113858,2826249.0,-98.74241791305207,1.8974179130520668,ols
113868,2826249.0,-98.73719168815705,0.8965666881570513,ols
113894,2826249.0,-94.7619799730696,-3.3155200269304004,ols
113913,2826249.0,-90.51087645583945,-9.86224854416055,ols
113918,2826249.0,-91.18769630450029,-7.451053695499709,ols
113922,2826249.0,-92.35344948867015,-3.7028005113298548,ols
113926,2826249.0,-93.62784849984041,0.11534849984040818,ols
113931,2826249.0,-94.8886566148829,2.4636566148829075,ols
113951,2826249.0,-98.19116303190779,-0.08758696809221078,ols
126614,2826259.0,-118.2357361789637,9.581361178963704,ols
126623,2826259.0,-118.2357361789637,7.978236178963712,ols
126628,2826259.0,-118.2357361789637,8.5857361789637,ols
125930,2826260.0,-105.09937602889526,-7.758748971104737,ols
125977,2826260.0,-104.26525208776923,2.7814285583574616,ols
126005,2826260.0,-103.71849220927716,-3.4108827907228374,ols
126073,2826260.0,-102.22652699019757,4.841526990197565,ols
126088,2826260.0,-102.00933734950954,0.5762123495095324,ols
126109,2826260.0,-101.14305294185357,3.190552941853568,ols
126125,2826260.0,-100.78492520369267,1.7861752036926646,ols
126126,2826260.0,-100.78821934419373,2.680719344193733,ols
126138,2826260.0,-100.79154898189849,2.9502989818984844,ols
126152,2826260.0,-100.78821934419373,3.4800943441937306,ols
126185,2826260.0,-100.78140743080843,2.7857824308084247,ols
126212,2826260.0,-100.78140743080843,0.8789074308084253,ols
126232,2826260.0,-100.78140743080843,-0.3198425691915645,ols
126255,2826260.0,-100.78140743080843,2.3264074308084304,ols
126261,2826260.0,-100.78140743080843,4.243282430808435,ols
126314,2826260.0,-98.54564445507526,-8.316855544924735,ols
126331,2826260.0,-99.79434733736723,-7.361902662632772,ols
126465,2826260.0,-102.64208565418492,1.5308356541849264,ols
126486,2826260.0,-102.63767335176807,1.1770483517680788,ols
126495,2826260.0,-102.63767335176807,1.9739233517680788,ols
126533,2826260.0,-102.63767335176807,0.5295483517680708,ols
126539,2826260.0,-102.63767335176807,1.042673351768073,ols
139967,2826260.0,-102.28435548470519,6.741855484705184,ols
140044,2826260.0,-100.68794684325142,1.4479468432514295,ols
140062,2826260.0,-100.6884296052214,-0.13969539477859882,ols
140075,2826260.0,-100.6884296052214,0.5390546052213949,ols
140085,2826260.0,-100.68794684325142,1.0948218432514238,ols
140086,2826260.0,-100.6884296052214,1.5365546052213972,ols
140114,2826260.0,-100.68844025438251,-0.7790597456174879,ols
140129,2826260.0,-100.68844025438251,-0.33218474561748224,ols
140141,2826260.0,-100.68844025438251,1.2640652543825155,ols
140182,2826260.0,-100.55757626331271,6.240076263312716,ols
140187,2826260.0,-100.32019226345375,8.260192263453746,ols
140214,2826260.0,-98.38126400429515,-5.941235995704858,ols
140226,2826260.0,-99.3380023863568,-5.847622613643196,ols
140256,2826260.0,-100.9983521407911,-0.3578978592089044,ols
140262,2826260.0,-101.59805964828541,0.8643096482854133,ols
140289,2826260.0,-103.06832542675824,3.722075426758238,ols
140309,2826260.0,-103.76788301847112,-3.2889919815288806,ols
140353,2826260.0,-105.04128840480081,-2.063086595199195,ols
140357,2826260.0,-105.05752482576194,-0.7362251742380579,ols
140366,2826260.0,-105.08945811018835,-1.909291889811655,ols
140389,2826260.0,-105.27482805750174,1.5098280575017355,ols
172095,2826260.0,-104.18077229274209,-4.404852707257902,ols
172104,2826260.0,-103.68281396986299,-5.250936030137012,ols
172123,2826260.0,-102.54875285656115,0.38250285656114613,ols
172147,2826260.0,-101.35424710484082,-0.08200289515917802,ols
172177,2826260.0,-98.81385777632634,-3.9823922236736564,ols
172205,2826260.0,-99.53997792554955,-9.41189707445045,ols
172249,2826260.0,-103.01318407056883,13.824434070568827,ols
172298,2826260.0,-104.82848621848706,-5.988388781512938,ols
172310,2826260.0,-105.3547003154918,-3.941549684508203,ols
17547,2828051.0,-110.45116263362706,1.9136626336270695,ols
17555,2828051.0,-110.62653811977958,-0.7161342940135427,ols
31160,2828051.0,-109.31769561019743,3.6983206101974275,ols
48935,2828051.0,-110.77677987882765,-1.1469701211723446,ols
48942,2828051.0,-110.9414371584667,-3.165437841533304,ols
67817,2828051.0,-110.87517915456525,0.7260906128985596,ols
129947,2828051.0,-91.8541600150175,4.965410015017497,ols
129956,2828051.0,-93.29237514805146,-0.4919998519485347,ols
129974,2828051.0,-98.46849472721033,-0.29150527278967786,ols
129984,2828051.0,-99.31628083655806,-0.9649691634419355,ols
130001,2828051.0,-99.70487255041438,-1.529502449585621,ols
130003,2828051.0,-99.69431451635191,-1.7050604836480971,ols
130020,2828051.0,-99.6941009530839,-1.6615240469160995,ols
130032,2828051.0,-99.6941009530839,-1.8458990469161023,ols
130036,2828051.0,-99.6941009530839,-1.5171490469161029,ols
130038,2828051.0,-99.6941009530839,-1.259024046916096,ols
130081,2828051.0,-99.69431451635191,-0.9069354836480841,ols
130084,2828051.0,-99.6941009530839,-0.6146490469160995,ols
130089,2828051.0,-99.6941009530839,-0.7765240469160943,ols
130091,2828051.0,-99.6941009530839,-1.1446490469161006,ols
130119,2828051.0,-100.20701985818518,-1.9261051418148298,ols
130141,2828051.0,-102.65418128169216,-1.5220687183078354,ols
130144,2828051.0,-103.14805968667955,-1.6125653133204594,ols
130310,2828051.0,-110.39373413608759,2.133109136087583,ols
130315,2828051.0,-110.48532608265722,2.823451082657229,ols
144638,2828051.0,-96.52177877918216,1.0174037791821604,ols
144643,2828051.0,-96.5514240303234,1.190174030323405,ols
144664,2828051.0,-96.58155647266979,1.3446814726697909,ols
144679,2828051.0,-96.58155647266979,1.0428064726697954,ols
144710,2828051.0,-96.58155647266979,1.0771814726697926,ols
144721,2828051.0,-96.58155647266979,1.117806472669784,ols
144770,2828051.0,-96.58155647266979,1.3971814726697858,ols
144781,2828051.0,-96.58155647266979,1.978431472669783,ols
144794,2828051.0,-96.0683706134835,0.43962061348349835,ols
144824,2828051.0,-92.23791318608286,-2.58646181391714,ols
144830,2828051.0,-94.74164885405727,-3.603976145942724,ols
144850,2828051.0,-99.60360351826284,-3.724521481737156,ols
144864,2828051.0,-101.03622596321566,-4.2293990367843435,ols
158781,2828051.0,-94.03012278355482,-0.984252216445185,ols
158801,2828051.0,-100.36607777589097,-1.7920472241090266,ols
158812,2828051.0,-102.22156216536428,-3.332187834635718,ols
158823,2828051.0,-103.37436333840134,-2.4981366615986644,ols
16992,2828558.0,-86.43262420734833,11.724290874014997,ols
17004,2828558.0,-83.7833424508143,8.889592450814305,ols
17071,2828558.0,-83.61538725688533,-0.22141829867022977,ols
17086,2828558.0,-86.93976320915826,3.5710132091582523,ols
17119,2828558.0,-91.68682499693162,2.3602120937058118,ols
17121,2828558.0,-92.24180415142926,4.298622333247451,ols
17150,2828558.0,-95.32879687659378,3.5614357654826705,ols
17170,2828558.0,-96.93722379725304,1.4309737972530456,ols
17195,2828558.0,-97.65474262926763,1.7589092959343162,ols
17210,2828558.0,-97.64303064771218,-2.3257193522878197,ols
17212,2828558.0,-97.64303064771218,-1.6330110189545053,ols
17233,2828558.0,-97.64303064771218,0.2263639810454947,ols
17248,2828558.0,-97.64303064771218,1.5242806477121746,ols
17297,2828558.0,-97.64303064771218,1.0388639810454947,ols
17314,2828558.0,-97.64303064771218,1.063169536601066,ols
17338,2828558.0,-97.64303064771218,-0.3377385830570603,ols
17354,2828558.0,-97.70062614845716,-0.40354051820952463,ols
17365,2828558.0,-98.07923936692701,-2.329851542163894,ols
17386,2828558.0,-99.1716807058841,-4.725819294115894,ols
17396,2828558.0,-99.83671353979588,-8.130548364966018,ols
30415,2828558.0,-89.44566360479732,6.3744136047973115,ols
30422,2828558.0,-88.6123695631867,7.0698695631867,ols
30444,2828558.0,-83.93064635185017,9.346896351850177,ols
30448,2828558.0,-82.5716762924919,3.654176292491897,ols
30473,2828558.0,-71.15218826215914,-8.947186737840852,ols
30476,2828558.0,-71.60312273490527,-9.547502265094735,ols
30481,2828558.0,-73.5123611913343,-5.767013808665695,ols
30488,2828558.0,-78.14608660652596,-2.163913393474047,ols
30516,2828558.0,-86.96031249746143,5.424062497461435,ols
30524,2828558.0,-88.36014003166792,3.99014003166792,ols
30528,2828558.0,-88.96891269764868,6.042037697648681,ols
30578,2828558.0,-92.56626220577891,4.3606372057789144,ols
30600,2828558.0,-92.56626220577891,3.253762205778912,ols
30618,2828558.0,-92.56626220577891,2.948137205778906,ols
30676,2828558.0,-92.56708751564308,2.9327125156430753,ols
30683,2828558.0,-92.56694841847495,3.7925734184749444,ols
30687,2828558.0,-92.56708751564308,3.637712515643088,ols
30699,2828558.0,-92.56694841847495,2.806323418474946,ols
30711,2828558.0,-92.56694841847495,2.7694484184749513,ols
30719,2828558.0,-92.56708751564308,3.1702125156430867,ols
30765,2828558.0,-95.18118696178804,4.071186961788044,ols
30777,2828558.0,-96.05300164582253,5.196126645822531,ols
30859,2828558.0,-99.15966271055879,-5.984712289441205,ols
30890,2828558.0,-100.60128430721218,-8.51559069278781,ols
30900,2828558.0,-101.00424880324705,-11.345751196752943,ols
48193,2828558.0,-73.14121285422006,-9.358162145779943,ols
48196,2828558.0,-75.37469608267429,-6.6196789173257145,ols
48228,2828558.0,-85.39892823905932,-1.5980955704644941,ols
48245,2828558.0,-87.96117226093028,2.4742972609302853,ols
48263,2828558.0,-89.847682240089,2.3739322400890046,ols
48330,2828558.0,-92.51665088248386,4.32790088248386,ols
48339,2828558.0,-92.51665088248386,4.1654008824838655,ols
48351,2828558.0,-92.51665088248386,4.706025882483857,ols
48362,2828558.0,-92.51665088248386,4.771650882483854,ols
48364,2828558.0,-92.51665088248386,5.1172758824838525,ols
48393,2828558.0,-92.51665088248386,4.896650882483854,ols
48399,2828558.0,-92.51665088248386,4.597275882483856,ols
48469,2828558.0,-92.8275608726589,6.29318587265891,ols
48494,2828558.0,-94.84399687998342,3.196496879983428,ols
48507,2828558.0,-96.21504057353425,0.9637905735342542,ols
48516,2828558.0,-96.77738260479755,-0.9176173952024413,ols
48526,2828558.0,-97.20314976325908,-0.3156002367409201,ols
48611,2828558.0,-100.60652363387791,-11.97910136612208,ols
48625,2828558.0,-100.93161226205636,-13.45713773794364,ols
67025,2828558.0,-89.93615731215594,0.052693770489270264,ols
67102,2828558.0,-74.709774526497,-6.723975473503003,ols
67125,2828558.0,-83.72894618493602,-0.6885538150639832,ols
67148,2828558.0,-88.83180925560804,1.5911842556080416,ols
67200,2828558.0,-94.46934329423263,3.208718294232625,ols
67241,2828558.0,-97.3218552865301,-0.2600197134699016,ols
67279,2828558.0,-99.51703115488492,-8.009218845115086,ols
67291,2828558.0,-100.15396636083707,-9.161033639162923,ols
67315,2828558.0,-100.84281262993049,-13.217774104763393,ols
79751,2828558.0,-89.19313733265324,4.243137332653234,ols
79758,2828558.0,-88.18301369778777,8.568013697787777,ols
79766,2828558.0,-86.85486757088421,11.436117570884207,ols
79774,2828558.0,-85.10592469099318,9.615924690993182,ols
79781,2828558.0,-84.06096185208669,9.877211852086688,ols
79790,2828558.0,-80.51683092047801,-2.1665707188662537,ols
79816,2828558.0,-71.21259352570007,-6.436156474299935,ols
79827,2828558.0,-77.01597775444279,-4.678397245557207,ols
79863,2828558.0,-87.38979818688392,1.5197981868839179,ols
79875,2828558.0,-89.24088475389551,0.4827597538955075,ols
79885,2828558.0,-90.31696826588204,1.5313432658820432,ols
79889,2828558.0,-90.80416073378402,2.6566607337840225,ols
79928,2828558.0,-92.39790826663466,2.5766582666346523,ols
79998,2828558.0,-92.39701804475871,2.8938930447587126,ols
80015,2828558.0,-92.39701804475871,2.5413930447587063,ols
80072,2828558.0,-92.68661834877825,5.084743348778247,ols
80079,2828558.0,-93.2500082453747,1.8793832453746973,ols
80082,2828558.0,-93.60220227504688,3.184702275046874,ols
80086,2828558.0,-93.98320796480836,3.2807079648083572,ols
80096,2828558.0,-94.77591345276244,3.9465384527624394,ols
80121,2828558.0,-96.8930929023818,0.4437179023817919,ols
80123,2828558.0,-97.18216463716249,-0.5390853628375112,ols
80127,2828558.0,-97.45236552280198,-0.7876344771980115,ols
80133,2828558.0,-97.70191511554837,-0.21995988445162595,ols
80139,2828558.0,-98.14824083545757,-1.8542591645424267,ols
80144,2828558.0,-98.34713123957576,-1.1634937604242452,ols
80175,2828558.0,-99.89784210861103,-7.531532891388963,ols
91988,2828558.0,-88.1391239046746,8.66537390467461,ols
91998,2828558.0,-86.50447253125301,11.106347531253022,ols
92021,2828558.0,-77.8747914898306,-4.965208510169404,ols
92034,2828558.0,-72.05690406302554,-9.921220936974464,ols
92056,2828558.0,-79.46130596993916,-0.9918190300608387,ols
92104,2828558.0,-89.00148925442167,2.3408642544216747,ols
92144,2828558.0,-91.31478643794142,0.27478643794141533,ols
92166,2828558.0,-91.34705698094456,1.3951819809445567,ols
92185,2828558.0,-91.3471311661009,2.6821311661008878,ols
92215,2828558.0,-91.34705698094456,1.1858069809445624,ols
92218,2828558.0,-91.34705698094456,1.6951819809445539,ols
92244,2828558.0,-91.34201239031418,0.4626373903141854,ols
92362,2828558.0,-98.06055398067663,0.9236789806766268,ols
92365,2828558.0,-98.35425301458335,-2.8707469854166447,ols
92386,2828558.0,-99.69181138319617,-5.840063616803832,ols
92414,2828558.0,-101.17128595586645,-8.970589044133547,ols
104095,2828558.0,-89.46757604534803,3.5375760453480183,ols
104168,2828558.0,-77.38446469907373,-4.864285300926269,ols
104193,2828558.0,-84.80458458598459,-0.6147904140154168,ols
104203,2828558.0,-86.21966644296124,-0.14033355703875827,ols
104209,2828558.0,-86.51522937892072,1.9352293789207238,ols
104214,2828558.0,-87.00942307095124,-0.17245192904876205,ols
104227,2828558.0,-87.67492883523464,1.2943038352346434,ols
104329,2828558.0,-90.60410191345365,-0.06527308654635533,ols
104331,2828558.0,-90.60967507332286,1.414050073322855,ols
104382,2828558.0,-90.60410191345365,0.9128519134536504,ols
104387,2828558.0,-90.60410191345365,1.0597269134536447,ols
104426,2828558.0,-91.6830322808143,0.9974072808143006,ols
104486,2828558.0,-95.89993912202661,2.1036891220266085,ols
104531,2828558.0,-97.79836509192069,-3.742259908079319,ols
104551,2828558.0,-98.7790372197235,-6.657212780276495,ols
104562,2828558.0,-99.29239850152055,-6.791351498479443,ols
104611,2828558.0,-100.23392868621525,-11.602321313784756,ols
104617,2828558.0,-100.25372684981058,-13.008148150189427,ols
104619,2828558.0,-100.28730490619401,-14.017070093805984,ols
104634,2828558.0,-100.56304185912455,-12.686958140875447,ols
116579,2828558.0,-89.26135985704234,3.9507348570423346,ols
116605,2828558.0,-84.17082079546549,10.007070795465495,ols
116620,2828558.0,-80.5435190304674,-1.9158559695326005,ols
116717,2828558.0,-91.28869180920267,1.8905668092026815,ols
116729,2828558.0,-91.99884776445161,0.5432227644516132,ols
116740,2828558.0,-92.15462731959809,2.1002523195980984,ols
116749,2828558.0,-92.14808975269659,0.865589752696593,ols
116768,2828558.0,-92.14808975269659,1.2968397526965987,ols
116774,2828558.0,-92.14808975269659,1.619964752696589,ols
116787,2828558.0,-92.14808975269659,2.093089752696585,ols
116823,2828558.0,-92.14808975269659,3.1237147526965856,ols
116830,2828558.0,-92.14808975269659,2.1462147526965936,ols
116874,2828558.0,-92.14821030357561,1.8663353035756103,ols
116895,2828558.0,-92.30229287327106,2.312292873271062,ols
116925,2828558.0,-94.6175281439999,3.8887781439999003,ols
116953,2828558.0,-96.53459313442166,0.583968134421653,ols
116980,2828558.0,-98.2061423499724,-4.2219826500275985,ols
116983,2828558.0,-98.48994693865373,-4.2175530613462655,ols
116987,2828558.0,-98.76841946922391,-4.699705530776086,ols
117023,2828558.0,-100.73216546926571,-10.065360572400976,ols
16411,2828559.0,-112.69185815444824,-3.349808512218445,ols
16413,2828559.0,-112.66595161997107,-3.3771518283047897,ols
16428,2828559.0,-112.63642740729227,-2.932769021279171,ols
16552,2828559.0,-107.13511543275824,-2.9016492731241215,ols
16589,2828559.0,-105.41098938017592,1.0941790353483185,ols
16633,2828559.0,-104.86870051735286,-1.3500494826471368,ols
16641,2828559.0,-104.86931629236591,-1.7166212076340912,ols
16647,2828559.0,-104.86931629236591,-1.3338087076340912,ols
16648,2828559.0,-104.86931629236591,-1.0093601782223374,ols
16671,2828559.0,-104.86931629236591,-1.1384962076340912,ols
16699,2828559.0,-104.86622642131833,0.1943514213183306,ols
16708,2828559.0,-104.46896357004857,-0.20383054759848562,ols
16719,2828559.0,-104.01564320062742,1.0900479625321822,ols
16731,2828559.0,-103.02431140552737,1.130929052586211,ols
16746,2828559.0,-101.05360044816969,5.2688782259474465,ols
16757,2828559.0,-99.30821916165512,5.823844161655117,ols
16778,2828559.0,-96.39805545404602,5.254673101104856,ols
16781,2828559.0,-95.76993195279813,5.075079011621668,ols
16788,2828559.0,-94.3247079971934,3.206652441637843,ols
16797,2828559.0,-92.62379446340621,3.2267356398768072,ols
16804,2828559.0,-91.2258312400523,6.464801828287591,ols
16813,2828559.0,-90.28728016035568,8.474780160355678,ols
16825,2828559.0,-88.86592848248863,0.05566062534576588,ols
16829,2828559.0,-88.26333765231716,0.6452820967616049,ols
16834,2828559.0,-87.5367451288948,-0.48163722404638065,ols
16846,2828559.0,-84.42063766737094,-2.5985931018598336,ols
16851,2828559.0,-82.92504111650307,-3.782195725602193,ols
16856,2828559.0,-78.99313072654269,-6.239508162346198,ols
16882,2828559.0,-79.62778584132172,-7.9034641586782755,ols
16902,2828559.0,-88.1849912778902,0.1205381528902052,ols
16906,2828559.0,-89.06847447784926,2.5372244778492643,ols
16910,2828559.0,-89.8098895855141,3.775167363291871,ols
16963,2828559.0,-93.71863144060886,-0.09386855939114014,ols
29581,2828559.0,-113.4246634079129,-2.9040130626753324,ols
29624,2828559.0,-111.80084270656184,-1.0672822934381685,ols
30306,2828559.0,-85.48822660024656,-0.440523399753431,ols
30314,2828559.0,-87.65836069397018,-0.054764306029824183,ols
30319,2828559.0,-88.53874302689928,0.6774930268992847,ols
30347,2828559.0,-92.40419369938085,3.1054436993808565,ols
30370,2828559.0,-93.2315314133295,-1.2284685866704876,ols
30374,2828559.0,-93.19698203670501,-0.7217679632949938,ols
30377,2828559.0,-93.19698203670501,0.23698203670501528,ols
66569,2828559.0,-105.56222812177147,-0.6283968782285285,ols
66615,2828559.0,-105.11129388052585,-3.082456119474145,ols
66620,2828559.0,-104.96765336275192,-1.743596637248089,ols
66667,2828559.0,-104.30927991398846,-2.28259508601154,ols
66682,2828559.0,-104.31637232262081,-2.0542526773791963,ols
66693,2828559.0,-104.31637232262081,-1.8973776773791968,ols
66697,2828559.0,-104.31637232262081,-1.9373776773791889,ols
66704,2828559.0,-104.31637232262081,-0.8636276773791991,ols
66714,2828559.0,-104.31637232262081,-1.1130026773791855,ols
66724,2828559.0,-104.31637232262081,-1.348002677379199,ols
66737,2828559.0,-104.31637232262081,-1.6642526773791957,ols
66758,2828559.0,-104.31637232262081,-2.836752677379195,ols
66783,2828559.0,-104.31693311772196,-2.5474418822780365,ols
66789,2828559.0,-104.26080962367632,-2.0198153763236775,ols
66793,2828559.0,-104.1510257356372,-1.3073075976961093,ols
66798,2828559.0,-104.00619765176668,-0.2500523482333108,ols
66816,2828559.0,-102.70588974789148,0.4846397478914781,ols
66869,2828559.0,-95.17241027050189,2.6786602705018794,ols
66886,2828559.0,-92.7496214897315,1.528371489731498,ols
66888,2828559.0,-92.32965193485589,1.2365269348558883,ols
66938,2828559.0,-91.7714408895528,3.7189408895528118,ols
66956,2828559.0,-89.16699847993564,0.1582484799356365,ols
66965,2828559.0,-86.39085380552173,-1.1966461944782765,ols
66992,2828559.0,-76.9637012232987,-8.991923776701299,ols
67005,2828559.0,-85.85103903873322,-1.7420859612667812,ols
67023,2828559.0,-93.10472574457279,-0.6877742554272146,ols
79734,2828559.0,-93.41293213458165,1.6879321345816578,ols
79745,2828559.0,-94.35496894069136,-0.6819060593086306,ols
79748,2828559.0,-94.86435782424628,3.547991844864839,ols
104049,2828559.0,-92.48151744744686,1.7802674474468603,ols
104058,2828559.0,-92.77161345448293,0.7009884544829248,ols
104063,2828559.0,-92.80200634976941,1.9863813497694167,ols
104068,2828559.0,-92.85152125840723,1.2902712584072304,ols
104073,2828559.0,-92.93886234641752,5.033237346417522,ols
116544,2828559.0,-92.89186551774372,3.074365517743729,ols
116557,2828559.0,-93.14914951337066,9.072899513370658,ols
116572,2828559.0,-94.2043239821441,-0.9206760178558966,ols
129489,2828564.0,-88.69967430559441,2.834674305594419,ols
129494,2828564.0,-88.23338609542287,2.6846360954228743,ols
129520,2828564.0,-86.24860331208058,5.949853312080577,ols
129526,2828564.0,-85.35323847872846,5.628238478728463,ols
129539,2828564.0,-83.67484589043231,4.992970890432304,ols
129590,2828564.0,-80.65254360629744,-3.9974563937025636,ols
129596,2828564.0,-81.68298374734239,-4.6582662526576115,ols
129603,2828564.0,-83.49605834556758,-3.5176916544324257,ols
129609,2828564.0,-84.24312182928568,-1.2637531707143097,ols
129612,2828564.0,-84.91245843780632,-1.485041562193672,ols
129624,2828564.0,-86.4774745178901,-0.1675254821098946,ols
129634,2828564.0,-87.56017831319895,-0.3848216868010468,ols
129641,2828564.0,-87.87348493034776,-0.6202650696522483,ols
129670,2828564.0,-88.82496773604862,3.8445384431193332,ols
129703,2828564.0,-88.81185406489705,4.078729064897047,ols
129706,2828564.0,-88.81185406489705,4.143293458836439,ols
129732,2828564.0,-88.81185968343652,4.185609683436525,ols
129737,2828564.0,-88.81185406489705,4.152479064897051,ols
129752,2828564.0,-88.81185406489705,3.901229064897052,ols
129761,2828564.0,-88.81185406489705,4.019354064897044,ols
129804,2828564.0,-88.81185406489705,0.7031040648970475,ols
129813,2828564.0,-88.93665868241631,-2.938341317583692,ols
129845,2828564.0,-90.39649008485284,0.18836508485284753,ols
129857,2828564.0,-90.9430559871468,-4.111319012853187,ols
129860,2828564.0,-91.096054435788,-1.3026955642120015,ols
129886,2828564.0,-91.7702735551187,-5.400351444881295,ols
129902,2828564.0,-91.95478639171586,-5.652713608284145,ols
129920,2828564.0,-92.35452862025961,-7.22984637974038,ols
129929,2828564.0,-92.58413023620182,-5.885869763798183,ols
144399,2828564.0,-82.47531580366899,1.7246908036689916,ols
144404,2828564.0,-81.85127586045428,0.9244008604542842,ols
144411,2828564.0,-80.69228353605541,2.301658536055413,ols
144417,2828564.0,-80.14745376246145,0.9118287624614538,ols
144440,2828564.0,-76.88469484410467,-4.869680155895324,ols
144486,2828564.0,-85.70020576591541,0.6364557659154144,ols
144491,2828564.0,-86.05002727115937,-0.728722728840637,ols
144498,2828564.0,-86.636108361632,-0.8413916383680089,ols
144510,2828564.0,-87.24820328990745,-2.9249217100925478,ols
144557,2828564.0,-89.12032311955161,-0.22655188044838326,ols
144598,2828564.0,-91.43916178635067,-4.286463213649327,ols
144608,2828564.0,-91.79086550232117,-4.739759497678833,ols
144613,2828564.0,-91.95840473114242,-7.054720268857579,ols
158371,2828564.0,-88.92471928601651,0.9427605231299196,ols
158411,2828564.0,-88.69129706322637,0.21192206322636764,ols
158424,2828564.0,-88.69129706322637,0.3494220632263705,ols
158435,2828564.0,-88.69129706322637,0.2887970632263688,ols
158495,2828564.0,-88.57458314256155,5.085208142561555,ols
158527,2828564.0,-86.73014023840696,4.487015238406954,ols
158535,2828564.0,-85.88072943948015,5.595729439480152,ols
158552,2828564.0,-83.42923705550515,5.06423705550516,ols
158559,2828564.0,-81.7012440006597,3.4631190006597024,ols
158575,2828564.0,-77.03811468320703,-3.6106353167929797,ols
158612,2828564.0,-84.90714329945611,-1.9316067005438953,ols
158653,2828564.0,-87.97115200216774,0.7161520021677461,ols
158697,2828564.0,-89.47783640534678,1.1472114053467806,ols
158717,2828564.0,-90.57246835997645,0.07184335997645519,ols
158758,2828564.0,-92.61824600793805,-6.218003992061952,ols
129429,2828565.0,-88.5215533650872,-0.04219663491279846,ols
129442,2828565.0,-87.34947605173447,3.3857260517344656,ols
129448,2828565.0,-87.50486163045677,4.7554866304567724,ols
129464,2828565.0,-87.86696337808866,5.333838378088657,ols
144247,2828565.0,-90.08354130199162,-3.4627086980083845,ols
144256,2828565.0,-90.04481266006943,-2.82456233993058,ols
144286,2828565.0,-90.0145622167512,-3.6660627832488046,ols
144314,2828565.0,-89.99191523726034,-3.4980847627396514,ols
144318,2828565.0,-89.98459053506508,-3.9366594649349196,ols
144338,2828565.0,-91.57877063424237,-1.828445860602983,ols
158362,2828565.0,-89.3299044233658,-2.2725955766342025,ols
16475,2828806.0,-107.1214800164201,0.3678035458318476,ols
16483,2828806.0,-104.1173050451005,0.004805045100496841,ols
16488,2828806.0,-101.0958497889251,-1.7884094703341447,ols
16497,2828806.0,-100.77114660423659,-2.280483830546004,ols
16501,2828806.0,-101.98981118079766,5.861239752226226,ols
16506,2828806.0,-103.5309851985881,5.627759392136483,ols
16509,2828806.0,-105.03910001262233,6.5703500126223275,ols
16529,2828806.0,-110.82716458631712,1.9104979196504388,ols
16540,2828806.0,-113.33059028239896,-0.7911202439168363,ols
29641,2828806.0,-106.7762678812532,1.1918928812532101,ols
29667,2828806.0,-104.08682585856864,-1.395674141431357,ols
29715,2828806.0,-104.1970232044227,-0.7967267955772996,ols
29764,2828806.0,-103.19955501983722,-0.6323199801627766,ols
29776,2828806.0,-101.09691386382553,-1.9730861361744587,ols
29784,2828806.0,-100.28458013554857,-0.2372948644514281,ols
29798,2828806.0,-103.1579176232192,8.318542623219201,ols
29800,2828806.0,-104.68089304493839,7.419643044938383,ols
66461,2828809.0,-101.6849000993823,5.280525099382302,ols
66488,2828809.0,-86.35154255257913,0.5740425525791295,ols
66499,2828809.0,-91.50910822522494,0.5228582252249367,ols
66528,2828809.0,-107.23217563337572,-2.9190743666242867,ols
66552,2828809.0,-112.31177210208844,-2.923904981244874,ols
1312,2829829.0,-127.341439282247,-2.853873217753005,ols
18328,2829829.0,-115.73344842644389,0.3547719558556395,ols
18411,2829829.0,-115.73344842644389,5.5343743523698095,ols
18424,2829829.0,-115.73344842644389,4.405323426443886,ols
18451,2829829.0,-115.73344842644389,4.880187556878667,ols
18457,2829829.0,-115.73344842644389,3.804876997872441,ols
18460,2829829.0,-115.73344842644389,-3.1678673630297993,ols
18466,2829829.0,-115.73344842644389,3.124474067469521,ols
106169,2829829.0,-115.74767208201183,-1.954827917988169,ols
106193,2829829.0,-115.74767208201183,-0.20649458465484827,ols
106217,2829829.0,-115.74767208201183,-1.6089945846548517,ols
106230,2829829.0,-115.74767208201183,-1.4248279179881678,ols
106239,2829829.0,-115.74767208201183,-0.7439945846548284,ols
106270,2829829.0,-115.74767208201183,-0.6348279179881615,ols
106280,2829829.0,-115.74767208201183,0.8301720820118277,ols
106296,2829829.0,-116.05950442762915,-9.431328905704163,ols
106301,2829829.0,-116.54738892296979,-9.160944410363527,ols
5960,2832398.0,-87.87134378243962,-0.6130312175603763,ols
5968,2832398.0,-88.46972418103215,0.2703491810321452,ols
5987,2832398.0,-89.26868076738414,2.0749307673841457,ols
19659,2832398.0,-89.63264234750059,-0.14274827749940755,ols
19666,2832398.0,-89.36904058513073,4.599665585130737,ols
19677,2832398.0,-88.88638782797739,9.28888782797739,ols
19711,2832398.0,-87.35565390876674,0.6144039087667466,ols
19716,2832398.0,-87.17688492922996,0.7237599292299564,ols
19762,2832398.0,-87.1197375590046,0.5297375590046016,ols
19784,2832398.0,-87.12021203996999,-0.27728796003000866,ols
19800,2832398.0,-87.12021203996999,0.05521203996998736,ols
19821,2832398.0,-87.08170972243062,-1.5089152775693861,ols
19831,2832398.0,-87.07185754291697,-1.144392457083029,ols
19854,2832398.0,-87.07185754291697,-1.2931424570830217,ols
19891,2832398.0,-87.07185754291697,-0.6881424570830319,ols
19925,2832398.0,-87.53036851939005,0.3328685193900469,ols
19936,2832398.0,-88.03390001536873,-0.8069333179646065,ols
19945,2832398.0,-88.45204858281029,-0.7217014171897063,ols
70190,2832398.0,-88.157173638141,-0.032201361858994915,ols
70198,2832398.0,-88.55760089324777,-0.4348991067522405,ols
5743,2832399.0,-98.87830121945588,-1.4523237805441198,ols
5787,2832399.0,-91.69059214083005,4.0668421408300475,ols
5807,2832399.0,-90.97890428025742,0.7345292802574193,ols
5811,2832399.0,-90.9778585850431,1.715983585043091,ols
5818,2832399.0,-90.9778585850431,0.6241085850430892,ols
5820,2832399.0,-90.9778585850431,1.0722335850430937,ols
5831,2832399.0,-91.00183781157551,1.4830878115755155,ols
5848,2832399.0,-90.9778585850431,0.33598358504309545,ols
5862,2832399.0,-90.9778585850431,0.3484835850430983,ols
5869,2832399.0,-90.9778585850431,0.22723358504309488,ols
5893,2832399.0,-90.0986647038151,2.7311647038150966,ols
5905,2832399.0,-87.29856972152848,7.607944721528483,ols
5930,2832399.0,-78.54043146926455,-2.297693530735458,ols
5936,2832399.0,-79.57335279891211,-6.619147201087884,ols
5941,2832399.0,-81.48827703418692,-7.04109796581308,ols
5948,2832399.0,-85.63055257980064,-4.10882242019936,ols
6022,2832399.0,-100.87426683384084,-5.5513581661591616,ols
6067,2832399.0,-104.32970515809296,1.190282081169883,ols
19521,2832399.0,-99.16203318760928,-2.555466812390719,ols
19563,2832399.0,-99.08696867428296,-2.1299063257170445,ols
19570,2832399.0,-99.08696867428296,-2.6130313257170457,ols
19572,2832399.0,-99.08696867428296,-2.25990632571704,ols
19958,2832399.0,-96.04245781351877,6.83433281351877,ols
19967,2832399.0,-97.64351970578824,10.055394705788231,ols
19971,2832399.0,-98.33236630226757,10.30486630226757,ols
19997,2832399.0,-100.99568024975501,-5.076194750244994,ols
20005,2832399.0,-101.38094717283651,-7.679677827163488,ols
20014,2832399.0,-101.88407009772074,-4.35280490227926,ols
20039,2832399.0,-103.9662030481488,-1.0037969518512,ols
51272,2832399.0,-96.2980995376795,-5.951900462320495,ols
51277,2832399.0,-95.62731681343193,-7.310183186568068,ols
51281,2832399.0,-95.00822423889637,-5.523025761103625,ols
51295,2832399.0,-93.20674768246191,-1.7307523175380908,ols
51314,2832399.0,-92.95917421451365,-1.9783257854863479,ols
51327,2832399.0,-92.95917421451365,-3.228325785486348,ols
51342,2832399.0,-92.95917421451365,-2.228325785486348,ols
51353,2832399.0,-92.95917421451365,-2.228325785486348,ols
51372,2832399.0,-92.95917421451365,-2.884575785486348,ols
51380,2832399.0,-92.95917421451365,-3.603325785486348,ols
51386,2832399.0,-92.95917421451365,-3.478325785486348,ols
51401,2832399.0,-92.95917421451365,-3.103325785486348,ols
51410,2832399.0,-92.95917421451365,-3.290825785486348,ols
51432,2832399.0,-91.344743826563,5.782243826563004,ols
51454,2832399.0,-85.93263547377404,6.745135473774042,ols
51457,2832399.0,-84.29582515785407,5.264575157854068,ols
51472,2832399.0,-78.27232341784284,-8.258926582157159,ols
51518,2832399.0,-93.5259205168498,5.525920516849794,ols
51520,2832399.0,-94.50608549774329,8.006085497743285,ols
51533,2832399.0,-97.01551821810317,13.578018218103168,ols
51548,2832399.0,-99.50013105499366,16.21888105499366,ols
51574,2832399.0,-100.72723388517572,6.102233885175721,ols
51581,2832399.0,-100.74040759449343,3.3654075944934334,ols
51643,2832399.0,-104.62361727671521,-2.0013827232847916,ols
70146,2832399.0,-80.0299935463282,-1.228131453671807,ols
70169,2832399.0,-83.71065616630085,-4.83559383369915,ols
70274,2832399.0,-102.99194316964208,0.44006816964208895,ols
70290,2832399.0,-104.4837401639285,0.6206151639285054,ols
94419,2832399.0,-95.01127930922841,-4.256845690771584,ols
94428,2832399.0,-95.01127930922841,-4.07809569077159,ols
94471,2832399.0,-94.32205339193605,-2.7510716080639526,ols
94508,2832399.0,-84.85682013651143,8.266820136511427,ols
94516,2832399.0,-81.03842305375005,2.3834230537500503,ols
94537,2832399.0,-82.7843957485144,-5.276229251485603,ols
94539,2832399.0,-84.82676152505654,-2.0019884749434596,ols
94554,2832399.0,-91.46217949989719,-1.7196955001028158,ols
94593,2832399.0,-99.14183691729339,13.955586917293388,ols
94612,2832399.0,-101.02996264972266,-5.7969123502773385,ols
94629,2832399.0,-101.42182155341997,-7.783178446580024,ols
94653,2832399.0,-101.67102507567292,-7.0302249243270865,ols
94658,2832399.0,-101.95045124000261,-5.1032987599973865,ols
94677,2832399.0,-103.02657413468118,0.21469913468118307,ols
94692,2832399.0,-104.14613438840968,-0.5382406115903251,ols
94701,2832399.0,-104.63040404369445,-0.28209595630553963,ols
94713,2832399.0,-105.21347139290515,0.8159713929051549,ols
120379,2832399.0,-78.40148728063966,-2.082262719360344,ols
120399,2832399.0,-87.59900205736945,2.429002057369445,ols
120409,2832399.0,-90.97717170681408,-1.018453293185928,ols
120425,2832399.0,-95.73013325759331,11.203258257593305,ols
120429,2832399.0,-96.55562761399158,13.512502613991572,ols
120470,2832399.0,-101.39083001780328,-5.945419982196725,ols
14485,2835205.0,-97.63169628419627,2.127908405408391,ols
14489,2835205.0,-96.17076421715271,3.5301392171527084,ols
14503,2835205.0,-89.79171394106449,6.044431332368831,ols
14515,2835205.0,-84.13623042917038,-5.911183363933063,ols
14543,2835205.0,-99.0653613073138,6.40100945546196,ols
14551,2835205.0,-101.09900344999468,-0.02168620517771558,ols
14570,2835205.0,-104.80540408712956,-3.675365143639681,ols
14583,2835205.0,-106.44465633509922,-0.863937414900775,ols
14605,2835205.0,-109.01878315078321,3.4027117222117624,ols
14629,2835205.0,-111.01671882441511,-2.618697842251578,ols
14646,2835205.0,-112.14699672968239,0.4550324439681077,ols
14654,2835205.0,-112.66049724451776,-0.5728360888155635,ols
14658,2835205.0,-112.90494982938667,-1.1134325235544935,ols
14665,2835205.0,-113.37777765852718,-1.533680674806135,ols
14668,2835205.0,-113.60511565501831,-0.9985027660343349,ols
13437,2835207.0,-93.0631742857476,2.8860909524142926,ols
13446,2835207.0,-90.05046996429085,6.953043493702623,ols
13476,2835207.0,-83.889752513355,1.2375786003115223,ols
13482,2835207.0,-86.58826834793331,-0.4742316520666918,ols
13485,2835207.0,-88.81693610281894,2.941936102818943,ols
13492,2835207.0,-92.29506056994055,0.9388105699405429,ols
13518,2835207.0,-98.71521953143481,-1.3282587294347508,ols
13539,2835207.0,-102.02598580404069,-5.69484752929263,ols
13629,2835207.0,-110.26911634892305,0.49177259892304903,ols
13658,2835207.0,-111.81972571025956,-4.488310004026161,ols
14316,2835207.0,-106.68385359006416,-4.12012368266312,ols
14327,2835207.0,-105.78614310113066,-1.0638568988693322,ols
14330,2835207.0,-105.30748343272262,-5.67263020364102,ols
14333,2835207.0,-104.80373509011291,-4.74456036443253,ols
14358,2835207.0,-101.15835869889224,-4.176868573835037,ols
14414,2835207.0,-75.96941835910118,-8.315581640898813,ols
14466,2835207.0,-99.28378397234385,6.078426829486716,ols
14475,2835207.0,-100.65727597256729,5.536182222567291,ols
8889,2837262.0,-91.67433507538662,-5.583164924613371,ols
8910,2837262.0,-95.36576206762275,3.6704495676227538,ols
8930,2837262.0,-98.78334440421298,1.538552737546297,ols
23457,2837262.0,-93.32288102268181,9.182881022681812,ols
23527,2837262.0,-91.74634495499211,-3.7730300450078857,ols
23528,2837262.0,-91.74928504242534,-3.044464957574661,ols
23565,2837262.0,-96.10453408142043,4.6689090814204235,ols
23568,2837262.0,-97.87503979628664,7.595664796286641,ols
23604,2837262.0,-99.51327317505687,0.1295231750568604,ols
23618,2837262.0,-98.69633103006547,-6.526168969934531,ols
168024,2837262.0,-100.1986194769572,-7.887630523042802,ols
9005,2837263.0,-103.24681153319987,2.0241552831998746,ols
9060,2837263.0,-103.24681153319987,7.402053468683761,ols
9078,2837263.0,-103.24681153319987,3.2618977400964297,ols
9086,2837263.0,-103.24681153319987,7.734714759006309,ols
9102,2837263.0,-103.24681153319987,5.253061533199869,ols
9113,2837263.0,-103.24681153319987,2.07246942793671,ols
9122,2837263.0,-103.24681153319987,1.1548997684939906,ols
9141,2837263.0,-103.24681153319987,-0.8313134668001254,ols
23649,2837263.0,-103.24681153319987,4.16306153319988,ols
23661,2837263.0,-103.24681153319987,1.2680615331998695,ols
23670,2837263.0,-103.24681153319987,0.6605615331998678,ols
38771,2837263.0,-103.24681153319987,1.3405615331998746,ols
54663,2837263.0,-103.24681153319987,0.5886865331998763,ols
54685,2837263.0,-103.24681153319987,-0.08818846680011916,ols
73124,2837263.0,-103.24681153319987,2.0749365331998746,ols
73140,2837263.0,-103.24681153319987,1.9180615331998752,ols
73146,2837263.0,-103.24681153319987,-0.4894384668001237,ols
73161,2837263.0,-103.24681153319987,-0.4344384668001311,ols
85493,2837263.0,-103.24681153319987,0.40243653319987516,ols
97569,2837263.0,-103.24681153319987,1.2155615331998746,ols
97575,2837263.0,-103.24681153319987,2.068061533199881,ols
110640,2837263.0,-103.24681153319987,2.068061533199881,ols
110642,2837263.0,-103.24681153319987,1.6086865331998723,ols
123266,2837263.0,-103.24681153319987,3.603686533199877,ols
123300,2837263.0,-103.24681153319987,0.5918115331998735,ols
123306,2837263.0,-103.24681153319987,0.7311865331998746,ols
136889,2837263.0,-103.24681153319987,1.075933873625388,ols
136897,2837263.0,-103.24681153319987,0.34556153319987004,ols
151768,2837263.0,-103.24681153319987,1.8905615331998717,ols
151779,2837263.0,-103.24681153319987,3.4924365331998786,ols
151784,2837263.0,-103.24681153319987,2.7186865331998717,ols
151803,2837263.0,-103.24681153319987,0.37868653319986834,ols
151809,2837263.0,-103.24681153319987,1.1349365331998769,ols
151005,2837267.0,-93.11807149217049,-4.930053507829513,ols
151009,2837267.0,-93.11743818480106,-5.486311815198945,ols
151021,2837267.0,-92.82822576989048,-1.729899230109524,ols
151032,2837267.0,-92.56406008073823,-3.527814919261772,ols
151044,2837267.0,-92.49440583461372,-1.5199691653862857,ols
151050,2837267.0,-92.50124104521903,-1.87125895478097,ols
151056,2837267.0,-92.50684994867427,-1.8378470210226823,ols
151104,2837267.0,-92.43527323551895,-2.2309767644810563,ols
151106,2837267.0,-92.42871539577878,-1.3500346042212215,ols
151113,2837267.0,-92.42496679002252,0.7423369198926366,ols
151196,2837267.0,-92.42101801268132,1.2285180126813202,ols
151204,2837267.0,-92.42095447699053,1.340329476990533,ols
151221,2837267.0,-92.42240350064809,1.6649035006480943,ols
151245,2837267.0,-92.42210426803989,1.427729268039883,ols
151249,2837267.0,-92.42239461931497,1.4805196193149754,ols
151329,2837267.0,-92.45388372748292,0.9226337274829177,ols
151398,2837267.0,-92.46341271474158,1.4709127147415728,ols
151409,2837267.0,-92.46340724930582,1.5665322493058227,ols
151415,2837267.0,-92.46341476427999,3.0427897642799877,ols
151421,2837267.0,-92.46340588294687,1.5296558829468694,ols
151425,2837267.0,-92.45025126223669,2.4027512622366913,ols
167552,2837267.0,-93.03027951427582,-1.8347204857241763,ols
167559,2837267.0,-92.78849546776632,-3.489004532233679,ols
167563,2837267.0,-92.65748077429278,-3.7837692257072177,ols
167593,2837267.0,-92.36274143746346,-2.4197585625365434,ols
167602,2837267.0,-92.38646757730474,-3.6572824226952605,ols
167625,2837267.0,-92.3851934475917,-4.045431552408303,ols
167628,2837267.0,-92.38518388307912,-3.932316116920873,ols
167634,2837267.0,-92.38519071487383,-4.028175621759829,ols
167667,2837267.0,-92.51725135611714,3.9085013561171422,ols
167677,2837267.0,-94.84067300245073,5.3750480024507254,ols
167689,2837267.0,-95.85105649852852,-0.8239435014714758,ols
167701,2837267.0,-97.4221301685451,-2.284250039788219,ols
151495,2837268.0,-93.4311485507468,8.015523550746792,ols
151503,2837268.0,-92.70172290040418,7.556722900404182,ols
151524,2837268.0,-86.60683805461912,-0.6012869453808776,ols
151541,2837268.0,-85.7989140780126,0.17641407801259845,ols
151543,2837268.0,-85.72220056997777,-0.031512301309362556,ols
151556,2837268.0,-91.43763006685447,5.598880066854463,ols
151564,2837268.0,-86.09496565684506,2.3624656568450604,ols
151566,2837268.0,-86.30945441019011,2.967579410190112,ols
151586,2837268.0,-93.25387157368729,5.757621573687288,ols
151629,2837268.0,-90.18041458321053,-9.37703491173896,ols
151640,2837268.0,-97.16076758375613,-5.418607416243873,ols
151643,2837268.0,-97.22902472030725,-4.887850279692742,ols
151647,2837268.0,-97.28284615721941,-3.29527884278059,ols
151651,2837268.0,-97.29734920848966,-4.401400791510341,ols
151693,2837268.0,-97.31039297441541,-4.093357025584595,ols
151711,2837268.0,-104.7821397350668,2.683389735066811,ols
167719,2837268.0,-93.45752045615258,7.859395456152583,ols
167784,2837268.0,-92.84244290870453,5.310567908704527,ols
167795,2837268.0,-93.73922239576382,0.5454723957638237,ols
167803,2837268.0,-89.56613403006602,-8.124490969933973,ols
167818,2837268.0,-90.08714005739392,-10.395984942606077,ols
167829,2837268.0,-90.28610425972752,-10.608895740272473,ols
167849,2837268.0,-97.21708851454045,-2.940411485459549,ols
167860,2837268.0,-97.18104042477323,-2.6727095752267758,ols
167862,2837268.0,-97.17521825042428,-3.0822817495757135,ols
167883,2837268.0,-97.20453117706289,-2.6185938229371146,ols
167887,2837268.0,-97.17456718465519,-2.890432815344809,ols
167897,2837268.0,-97.17521825042428,-3.1122817495757147,ols
167914,2837268.0,-97.17554004155153,-3.3425849584484695,ols
167946,2837268.0,-97.20713918189658,-2.9016108181034213,ols
167955,2837268.0,-97.2010363757506,-4.588338624249403,ols
167981,2837268.0,-97.56716732693621,-3.108457673063782,ols
167987,2837268.0,-104.86371752758339,-2.005032472416616,ols
167991,2837268.0,-102.90560729296107,-4.951267707038937,ols
36153,2838792.0,-107.1148733107778,-2.323876689222203,ols
70962,2838792.0,-110.29691210559959,1.3250371055995913,ols
70973,2838792.0,-108.63281377395005,2.6834387739500443,ols
81877,2838792.0,-122.18210538517715,0.1496053851771535,ols
81937,2838792.0,-122.18210538517715,-0.6641446148228454,ols
81951,2838792.0,-122.17939244882885,-2.1431075511711555,ols
83501,2838792.0,-111.20232622065788,0.9392012206578784,ols
83513,2838792.0,-109.10862916062288,2.2848791606228787,ols
107789,2838792.0,-107.07662721742075,-0.9327477825792556,ols
107794,2838792.0,-106.99141157336337,-2.2917134266366332,ols
133823,2838792.0,-110.52806690078526,-0.5525580992147354,ols
133855,2838792.0,-107.13321191927189,-3.8736630807281074,ols
159884,2838792.0,-122.19566586081591,-1.3851674725174092,ols
159888,2838792.0,-122.1683514288066,-1.4916485711933944,ols
35812,2843400.0,-101.15815935159685,-0.20559064840314534,ols
35815,2843400.0,-100.89036215515323,-0.5727628448467783,ols
35850,2843400.0,-98.11267684582162,0.4833018458216287,ols
35852,2843400.0,-97.66892449452031,1.6451744945203046,ols
35868,2843400.0,-95.77355737010683,-1.1851926298931659,ols
35911,2843400.0,-87.30791981259637,5.977294812596369,ols
35946,2843400.0,-74.98681823162775,-5.481306768372249,ols
35955,2843400.0,-73.00323962800749,-3.5867603719925114,ols
35996,2843400.0,-83.22929315370892,2.683668153708922,ols
36002,2843400.0,-84.51104438783207,1.7497943878320683,ols
36004,2843400.0,-85.75282892685695,4.160328926856948,ols
36019,2843400.0,-90.032997561179,6.965497561179006,ols
36033,2843400.0,-92.632866671072,4.7028666710719875,ols
36043,2843400.0,-94.72312482471291,0.3962498247129105,ols
36047,2843400.0,-95.26666170840721,0.4479117084072186,ols
36097,2843400.0,-101.01528604385234,-6.561588956147659,ols
70301,2843400.0,-98.43690538860125,0.5526948622854633,ols
70336,2843400.0,-92.88502295732194,2.390022957321932,ols
70359,2843400.0,-86.73172820677468,5.530478206774674,ols
70372,2843400.0,-84.00065036910605,3.9950253691060595,ols
70391,2843400.0,-82.95616706458553,4.019292064585528,ols
70404,2843400.0,-83.01872053571775,3.9818455357177527,ols
70407,2843400.0,-83.01872053571775,3.9174705357177544,ols
70413,2843400.0,-83.01872053571775,3.946845535717742,ols
70426,2843400.0,-83.01872053571775,3.6305955357177453,ols
70440,2843400.0,-83.01872053571775,2.077470535717751,ols
70444,2843400.0,-83.01872053571775,2.3905955357177504,ols
70457,2843400.0,-83.01872053571775,4.096220535717748,ols
70470,2843400.0,-83.03590723157428,3.3577822315742907,ols
70483,2843400.0,-83.03590723157428,3.56153223157429,ols
70489,2843400.0,-83.03590723157428,3.7052822315742873,ols
70517,2843400.0,-83.03590723157428,3.527782231574278,ols
70519,2843400.0,-83.03590723157428,3.7371572315742867,ols
70529,2843400.0,-83.03590723157428,2.7946572315742912,ols
70600,2843400.0,-76.38814412248519,-3.952480877514816,ols
70614,2843400.0,-76.38814412248519,-4.0031058775148125,ols
70667,2843400.0,-76.38814412248519,-3.9487308775148193,ols
70687,2843400.0,-76.38814412248519,-4.181855877514806,ols
70696,2843400.0,-76.38814412248519,-4.128730877514812,ols
70703,2843400.0,-76.38814412248519,-4.313105877514815,ols
70711,2843400.0,-76.38814412248519,-4.137480877514818,ols
70727,2843400.0,-76.38814412248519,-4.324980877514818,ols
70736,2843400.0,-76.38814412248519,-4.464355877514819,ols
70747,2843400.0,-76.38814412248519,-4.298105877514814,ols
70775,2843400.0,-76.38814412248519,-4.047480877514815,ols
70784,2843400.0,-76.38814412248519,-4.1637308775148085,ols
70817,2843400.0,-76.59675399947028,-1.5738710005297207,ols
70834,2843400.0,-82.05984528191924,2.0992202819192443,ols
70850,2843400.0,-86.79650882961847,8.17713382961847,ols
70882,2843400.0,-93.19509535771559,0.23697035771559172,ols
70903,2843400.0,-96.45006232973249,-4.049312670267511,ols
70908,2843400.0,-97.08647855854964,-1.664146441450356,ols
70913,2843400.0,-97.71157597524353,2.45470097524354,ols
70942,2843400.0,-102.31981727721725,-10.01580772278274,ols
70946,2843400.0,-102.7893191633758,-9.923571461624206,ols
82945,2843400.0,-108.6124259606275,2.7780509606275103,ols
82966,2843400.0,-108.10833712026304,1.873337120263045,ols
82993,2843400.0,-108.01957648036026,0.29770148036026,ols
83001,2843400.0,-108.01957648036026,0.29645148036026114,ols
83014,2843400.0,-108.01957648036026,0.01770148036025887,ols
83026,2843400.0,-108.01957648036026,-0.22167351963973658,ols
83204,2843400.0,-100.72286814287105,1.0103681428710445,ols
83260,2843400.0,-96.92048965336024,2.083614653360229,ols
83298,2843400.0,-91.93779194420728,4.50779194420727,ols
83418,2843400.0,-92.72729180185766,1.549166801857666,ols
83442,2843400.0,-96.97872102642202,-1.9781539735779745,ols
83463,2843400.0,-99.8994220184934,-6.456202981506607,ols
83476,2843400.0,-101.75902251016879,-6.2353524898312145,ols
107192,2843400.0,-107.68188333088595,-1.4362416691140538,ols
107204,2843400.0,-107.52396912185634,-1.4522808781436538,ols
107444,2843400.0,-101.61790855058,-1.6608414494200048,ols
107495,2843400.0,-96.63426506467282,1.8398900646728151,ols
107509,2843400.0,-94.35507529232042,3.2344502923204175,ols
107528,2843400.0,-91.65022496270738,5.618974962707384,ols
107540,2843400.0,-89.03957603174463,4.764576031744625,ols
107546,2843400.0,-86.93778550348758,5.475910503487569,ols
107564,2843400.0,-81.66889371457475,4.086393714574754,ols
107613,2843400.0,-80.59335232180227,3.2371023218022685,ols
107619,2843400.0,-82.04562812167815,3.2675031216781463,ols
107643,2843400.0,-89.19582241940117,6.635197419401166,ols
107648,2843400.0,-90.12335483495721,8.790854834957216,ols
107659,2843400.0,-92.52840410312042,1.610279103120419,ols
107663,2843400.0,-93.24070620441174,2.071956204411734,ols
107666,2843400.0,-93.91576707479976,1.1907670747997656,ols
107681,2843400.0,-96.37636293039982,-1.566137069600174,ols
107685,2843400.0,-96.91737774274952,-2.153872257250484,ols
107727,2843400.0,-101.35011135413637,-7.51613864586362,ols
107738,2843400.0,-102.38522841789721,-7.431646582102786,ols
120535,2843400.0,-97.33622463952265,1.028099639522651,ols
120557,2843400.0,-96.56809120080395,-0.5644087991960447,ols
120576,2843400.0,-96.36665092179452,-1.7902240782054832,ols
120603,2843400.0,-92.52824138884012,5.8694913888401175,ols
120611,2843400.0,-90.8786643544599,6.951789354459905,ols
120618,2843400.0,-88.87164472483414,6.199144724834142,ols
120636,2843400.0,-83.8150137145706,6.290013714570591,ols
120672,2843400.0,-73.93384327560416,-2.8686567243958336,ols
120678,2843400.0,-74.86332826252377,-2.3629217374762277,ols
120696,2843400.0,-74.85173487005251,-1.4432651299474912,ols
120712,2843400.0,-74.85173487005251,-1.3938901299474935,ols
120719,2843400.0,-74.85173487005251,-2.0620151299474827,ols
120722,2843400.0,-74.85173487005251,-1.75701512994749,ols
120742,2843400.0,-74.85173487005251,-1.5263901299474867,ols
120748,2843400.0,-74.85173487005251,-1.6557651299474827,ols
120794,2843400.0,-74.85173487005251,-0.6038901299474873,ols
120804,2843400.0,-74.85173487005251,-1.1932651299474912,ols
120811,2843400.0,-74.85173487005251,-2.102015129947489,ols
120817,2843400.0,-75.17227183259786,-3.044603167402144,ols
120825,2843400.0,-76.71679645976042,-1.8132035402395843,ols
120880,2843400.0,-91.12411884629005,7.844743846290044,ols
120914,2843400.0,-97.31120731892678,1.5930823189267755,ols
120960,2843400.0,-102.65732737312622,-12.59079762687378,ols
147501,2843400.0,-108.56355065868287,0.647300658682866,ols
147542,2843400.0,-108.49885139297922,4.210726392979225,ols
147552,2843400.0,-108.50162770538681,4.229127705386816,ols
147557,2843400.0,-108.50162770538681,4.039127705386804,ols
147586,2843400.0,-108.50014293757908,4.0420179375790894,ols
147593,2843400.0,-108.50014293757908,3.9270179375790804,ols
147599,2843400.0,-108.50014293757908,3.5095179375790906,ols
147602,2843400.0,-108.50014293757908,4.312642937579085,ols
147606,2843400.0,-108.50014293757908,2.602642937579091,ols
147628,2843400.0,-108.19024342110825,0.3189934211082459,ols
165302,2843400.0,-101.29644615056546,-4.072303849434547,ols
165326,2843400.0,-99.39698066021695,-1.3992693397830465,ols
6091,2843405.0,-102.5609466637047,4.478446663704702,ols
6096,2843405.0,-101.57165223777326,1.0904022377732616,ols
6118,2843405.0,-98.71492037881326,-0.003204621186739587,ols
6129,2843405.0,-96.69536668405483,8.654208147469461,ols
6147,2843405.0,-92.91675172671256,11.068626726712566,ols
6149,2843405.0,-91.54959907004502,10.308349070045026,ols
6191,2843405.0,-76.53045541869912,-8.23641958130088,ols
6196,2843405.0,-76.87350876963185,-4.283366230368145,ols
6261,2843405.0,-76.96342681745413,-3.2953231825458715,ols
6264,2843405.0,-76.96342681745413,-3.1234481825458715,ols
6274,2843405.0,-76.96342681745413,-3.2953231825458715,ols
6341,2843405.0,-93.22298678234357,10.172361782343572,ols
6356,2843405.0,-97.5427207590182,2.6539707590181933,ols
6370,2843405.0,-100.23055426598668,-1.9638207340133107,ols
6374,2843405.0,-101.02393792226803,-5.074187077731963,ols
6380,2843405.0,-102.46383473672354,-2.913040263276457,ols
6407,2843405.0,-105.94310378443717,-2.179396215562832,ols
20078,2843405.0,-101.67238831265138,1.1411383126513783,ols
20080,2843405.0,-101.18833057687412,0.5095805768741286,ols
20129,2843405.0,-93.06705047283043,10.750175472830435,ols
20154,2843405.0,-85.26282345147357,3.5603234514735647,ols
20202,2843405.0,-78.222225070331,-4.458399929669,ols
20222,2843405.0,-78.216152173855,-2.3763478261450075,ols
20231,2843405.0,-82.04035738807544,6.594107388075429,ols
20263,2843405.0,-92.82516852985654,9.653138826886249,ols
20276,2843405.0,-95.8748944268258,7.655519426825805,ols
20303,2843405.0,-97.90119578433536,1.2630707843353548,ols
20313,2843405.0,-97.92008924003851,5.458214240038501,ols
20325,2843405.0,-98.31887610863015,2.265126108630156,ols
20341,2843405.0,-99.45646674850813,0.6302167485081327,ols
20344,2843405.0,-99.78377192524589,-1.6812280747541166,ols
20357,2843405.0,-100.86753362969311,-2.2818413703068927,ols
20368,2843405.0,-102.0591599882152,-3.3202150117847964,ols
20403,2843405.0,-105.38625835756388,0.04000835756387744,ols
20416,2843405.0,-107.14253348843113,-3.749341511568872,ols
20427,2843405.0,-107.95264481833908,-8.790480181660925,ols
20431,2843405.0,-108.33665212884034,-8.260847871159655,ols
20453,2843405.0,-110.49093052875394,-3.999694471246059,ols
51728,2843405.0,-90.69567146556281,10.82067146556281,ols
51732,2843405.0,-89.84233156073958,8.18608156073958,ols
51740,2843405.0,-88.2739679541642,8.117717954164206,ols
51790,2843405.0,-80.08479765618254,-1.8527023438174552,ols
51805,2843405.0,-77.39659411609546,-7.822155883904543,ols
51820,2843405.0,-78.55347001144926,-2.4777799885507363,ols
51861,2843405.0,-94.2423518408256,12.367351840825606,ols
51885,2843405.0,-100.15511104309826,0.998861043098259,ols
51902,2843405.0,-103.20030947602805,-6.799690523971947,ols
51919,2843405.0,-106.25869850130361,-3.2413014986963873,ols
51923,2843405.0,-106.80765351608889,-9.473596483911109,ols
94779,2843405.0,-94.01280070736306,9.872800707363055,ols
94785,2843405.0,-92.95037032387101,10.148495323871018,ols
94798,2843405.0,-88.34657062870095,6.187195628700948,ols
94848,2843405.0,-76.52597148796772,-8.148403512032274,ols
94885,2843405.0,-76.61740231824551,-6.237597681754494,ols
94889,2843405.0,-76.61740231824551,-8.603222681754488,ols
94910,2843405.0,-76.64823478368736,-5.393015216312648,ols
94933,2843405.0,-81.67555914976086,4.1511841497608515,ols
94936,2843405.0,-83.52778169161833,5.630281691618336,ols
94962,2843405.0,-93.60516569390582,10.69704069390582,ols
94994,2843405.0,-100.45013627190077,-1.8229887280992187,ols
95013,2843405.0,-102.97469810694601,-2.597176893053998,ols
95040,2843405.0,-106.70531759213912,-6.330307407860872,ols
95046,2843405.0,-107.63086837172644,-7.707256628273569,ols
95051,2843405.0,-108.0618698882912,-10.510005111708807,ols
133382,2843411.0,-100.82576314222601,2.3832631422260135,ols
133413,2843411.0,-97.16761452759957,4.930114527599571,ols
133425,2843411.0,-95.12599662463475,4.047871624634752,ols
133426,2843411.0,-94.3837037403856,6.712453740385598,ols
133437,2843411.0,-92.8312580475257,5.4731330475256925,ols
133454,2843411.0,-88.07870244810228,7.441202448102274,ols
133458,2843411.0,-86.94745541506582,8.779330415065814,ols
133462,2843411.0,-85.74765407704643,7.010154077046437,ols
133477,2843411.0,-81.74779444609058,5.048419446090577,ols
133497,2843411.0,-73.1835184887971,-3.178981511202892,ols
133498,2843411.0,-71.40927500036804,-0.300724999631953,ols
133504,2843411.0,-70.22204826414664,-6.519201735853358,ols
133521,2843411.0,-74.68350688198773,4.254756881987731,ols
133522,2843411.0,-76.7257812902673,8.671406290267313,ols
133531,2843411.0,-80.45957951731694,4.225829517316939,ols
133540,2843411.0,-83.93663366588895,4.808508665888951,ols
133546,2843411.0,-86.952959959628,6.197959959628008,ols
133550,2843411.0,-88.24305602863048,7.131181028630479,ols
133558,2843411.0,-90.44891388620361,13.856413886203612,ols
133571,2843411.0,-92.62318373805533,15.050058738055327,ols
133604,2843411.0,-96.81087963964406,5.258379639644062,ols
133614,2843411.0,-97.76810226386188,-0.7075227361381167,ols
133624,2843411.0,-98.27570712318871,-1.598667876811291,ols
133650,2843411.0,-99.8333164828512,-1.656058517148793,ols
133660,2843411.0,-100.22910081193235,0.8178508119323595,ols
133662,2843411.0,-100.40385747667897,2.50760747667897,ols
133685,2843411.0,-101.21948957964746,1.7894895796474515,ols
133690,2843411.0,-101.54788111314869,-2.3658688868513025,ols
133702,2843411.0,-101.99965777051705,-1.7503422294829534,ols
133745,2843411.0,-103.53521107662424,-6.423538923375759,ols
133748,2843411.0,-103.6826217699909,-2.9480032300090926,ols
133786,2843411.0,-105.76234223141584,-7.368282768584152,ols
148067,2843411.0,-103.56398368455355,-1.3860163154464544,ols
148070,2843411.0,-103.29817478269145,-1.0337002173085494,ols
148105,2843411.0,-100.32739985771455,-0.5507251422854438,ols
148110,2843411.0,-99.39883621550617,-0.19866378449383149,ols
148140,2843411.0,-95.356833993384,-1.2481660066160032,ols
148152,2843411.0,-93.23625870121784,2.8943837012178335,ols
148191,2843411.0,-80.95929368776451,1.1517936877645099,ols
148247,2843411.0,-71.72576106248826,-4.407363937511747,ols
148266,2843411.0,-72.57665507592036,-8.951469924079646,ols
148274,2843411.0,-73.36181018216162,-7.914439817838385,ols
148302,2843411.0,-82.32430711326217,3.761807113262165,ols
148324,2843411.0,-89.21257550239773,9.55195050239773,ols
148330,2843411.0,-91.59984345358046,12.741093453580461,ols
148363,2843411.0,-98.69877429813879,-3.863100701861214,ols
165342,2843411.0,-101.6836767124851,1.3674267124850985,ols
165358,2843411.0,-99.88457439781084,1.808949397810835,ols
165370,2843411.0,-98.07702588976021,1.7014008897602082,ols
165378,2843411.0,-96.69472869934144,6.080353699341444,ols
165409,2843411.0,-91.45235700960056,8.151107009600565,ols
165417,2843411.0,-89.67252060089388,6.825020600893879,ols
165421,2843411.0,-88.6777382976108,6.8671132976108,ols
165435,2843411.0,-83.85285348764458,6.042228487644579,ols
165440,2843411.0,-82.33258918030984,6.836964180309835,ols
165467,2843411.0,-71.60716085235752,5.815285852357519,ols
165471,2843411.0,-70.89467583441863,3.535300834418635,ols
165511,2843411.0,-70.29587986185203,0.5583798618520319,ols
165572,2843411.0,-70.29587986185203,0.21150486185203476,ols
165597,2843411.0,-70.29587986185203,-2.9747451381479664,ols
165612,2843411.0,-69.92206321061072,-1.5054367893892788,ols
165646,2843411.0,-84.75128101088531,9.116281010885302,ols
165653,2843411.0,-86.36379694004519,5.200671940045197,ols
165661,2843411.0,-89.03262992064413,13.123879920644129,ols
165675,2843411.0,-92.23948163178608,9.411356631786077,ols
165687,2843411.0,-94.75095533847939,0.40158033847939123,ols
165690,2843411.0,-95.6232362750498,-0.5161387249501956,ols
165699,2843411.0,-97.33234686119397,-1.3257781388060295,ols
165732,2843411.0,-103.02698758728927,-6.77051241271073,ols
165735,2843411.0,-103.64936725077818,-8.203757749221822,ols
92448,2918925.0,-111.45925711296448,-0.4363678870355159,ols
92474,2918925.0,-105.46897545855325,0.18710045855324609,ols
92479,2918925.0,-105.47459426434315,-1.261655735656845,ols
92498,2918925.0,-110.49919423042329,1.0623192304232845,ols
92514,2918925.0,-113.43155750323879,-1.9065674967612125,ols
104881,2918925.0,-106.89323383470693,0.48823383470693216,ols
104932,2918925.0,-113.69251774246634,2.100017742466335,ols
104954,2918925.0,-116.59352646115639,1.8735264611563878,ols
104969,2918925.0,-117.66352006561355,-4.660698684386446,ols
8460,2940680.0,-95.07448787237016,0.8230833779881124,ols
8497,2940680.0,-73.49976467863225,-2.7383603213677503,ols
8529,2940680.0,-70.70276955031198,-7.199730449688019,ols
8536,2940680.0,-70.63825361844945,-4.746121381550552,ols
8544,2940680.0,-70.39455746469037,-0.6960675353096377,ols
8611,2940680.0,-77.59227057219553,0.4703955721955282,ols
8617,2940680.0,-83.43501863582657,3.2012686358265654,ols
8621,2940680.0,-83.65088529054526,3.0290102905452585,ols
8666,2940680.0,-95.73512763764859,3.6851276376485913,ols
8670,2940680.0,-98.43492674394804,7.149212458233762,ols
8677,2940680.0,-98.35016419915982,4.890789199159826,ols
8708,2940680.0,-98.35726356115993,8.539081742978112,ols
8714,2940680.0,-98.35726356115993,8.996686638083006,ols
8734,2940680.0,-98.35726356115993,8.632003144493254,ols
8737,2940680.0,-98.35726356115993,8.39770473763052,ols
8747,2940680.0,-98.35726356115993,8.021326061159925,ols
8753,2940680.0,-98.35726356115993,8.467557678806983,ols
8806,2940680.0,-96.45065506492024,11.344676804050678,ols
8818,2940680.0,-96.12066136918374,0.2585290162425764,ols
22877,2940680.0,-75.58445587377821,-10.866169126221791,ols
22891,2940680.0,-74.7671849953127,-8.019065004687292,ols
22910,2940680.0,-72.56249155740721,-0.908133442592785,ols
22922,2940680.0,-71.08212875565351,-0.9041212443464843,ols
22930,2940680.0,-70.84359786743612,-2.7220271325638805,ols
22974,2940680.0,-71.03344631979769,-2.022178680202316,ols
23010,2940680.0,-71.03762534964532,-2.9267496503546795,ols
23014,2940680.0,-71.03762534964532,-2.6767496503546795,ols
23045,2940680.0,-71.03762534964532,-2.8061246503546755,ols
23084,2940680.0,-71.03762534964532,-3.350499650354678,ols
23109,2940680.0,-70.82210023180122,0.6671002318012142,ols
23116,2940680.0,-70.4388421335991,2.6500921335991023,ols
23120,2940680.0,-70.3762718106739,2.936271810673901,ols
23125,2940680.0,-70.33573637239982,3.1632363723998225,ols
23130,2940680.0,-70.31712453148063,2.9046245314806356,ols
23165,2940680.0,-70.23986428545469,3.8548642854546813,ols
23183,2940680.0,-70.24101169585363,3.597261695853632,ols
23234,2940680.0,-70.67147863260993,2.775228632609938,ols
23239,2940680.0,-70.93563629890119,0.48876129890118136,ols
23271,2940680.0,-86.85513819812095,5.343263198120951,ols
23338,2940680.0,-97.25951799628184,4.817017996281848,ols
23352,2940680.0,-91.5030137497266,-5.354486250273396,ols
23407,2940680.0,-98.91473616535151,0.6022361653515134,ols
38140,2940680.0,-87.03284866020886,-1.6227763397911446,ols
38172,2940680.0,-74.29211487773091,-2.470385122269093,ols
38213,2940680.0,-70.72997737549075,-0.9106476245092523,ols
38229,2940680.0,-70.80141998216959,-0.7923300178304089,ols
38254,2940680.0,-70.81024237851457,-0.8310076214854263,ols
38257,2940680.0,-70.81020400358484,-0.8397959964151624,ols
38289,2940680.0,-70.8102116785708,-1.5385383214292006,ols
38311,2940680.0,-70.81020400358484,-1.3766709964151573,ols
38320,2940680.0,-70.81025772848646,-1.316617271513536,ols
38346,2940680.0,-70.81022702854268,-1.252272971457316,ols
38348,2940680.0,-70.81021551606376,-1.3522844839362307,ols
38361,2940680.0,-70.81064915276971,-1.2881008472302824,ols
38367,2940680.0,-70.80346536592421,1.0447153659242048,ols
38391,2940680.0,-70.2676055221567,1.588855522156706,ols
38419,2940680.0,-70.31904327796715,4.332793277967156,ols
38443,2940680.0,-70.32254690905152,4.2994219090515315,ols
38453,2940680.0,-70.3225660965164,4.248816096516393,ols
38458,2940680.0,-70.3225507465445,4.152550746544492,ols
38503,2940680.0,-70.32253923406557,4.526914234065572,ols
38507,2940680.0,-70.32254690905152,4.43692190905152,ols
38525,2940680.0,-70.44126742915805,3.9325174291580396,ols
38539,2940680.0,-77.43292635147654,0.6560513514765347,ols
38551,2940680.0,-84.12726783072382,3.5910178307238283,ols
38595,2940680.0,-96.31134255752046,7.809467557520463,ols
38610,2940680.0,-91.5225197265085,-4.561855273491489,ols
38611,2940680.0,-91.06476053972804,-5.597739460271953,ols
53938,2940680.0,-74.73455479256306,-7.831070207436937,ols
53950,2940680.0,-72.94539660625583,3.1710216062558203,ols
53979,2940680.0,-70.9721001571309,-3.0128998428691034,ols
53982,2940680.0,-70.95658133554798,-2.9215436644520167,ols
53999,2940680.0,-70.93288097894656,-3.1539940210534496,ols
54028,2940680.0,-70.52960267990414,1.1533526799041454,ols
54030,2940680.0,-70.36573789246293,2.7169878924629245,ols
54048,2940680.0,-70.2449566386299,4.703081638629897,ols
54051,2940680.0,-70.24944650540834,4.6400715054083435,ols
54106,2940680.0,-70.25496865779652,5.116843657796522,ols
54119,2940680.0,-70.25417813424409,5.331053134244087,ols
54132,2940680.0,-70.2549724952895,6.0462224952894985,ols
54183,2940680.0,-87.75124653222431,7.211246532224308,ols
54191,2940680.0,-89.59074495135171,9.405744951351707,ols
54194,2940680.0,-87.05543230635512,6.267932306355121,ols
54208,2940680.0,-92.93750699797373,14.536881997973722,ols
54212,2940680.0,-92.85175821749145,10.41550821749145,ols
54229,2940680.0,-96.06022085485856,6.488345854858551,ols
54266,2940680.0,-96.69860699838642,4.511106998386424,ols
54272,2940680.0,-96.42497072445178,4.611220724451783,ols
54291,2940680.0,-96.44523652484233,4.5396115248423285,ols
54309,2940680.0,-96.45036725294727,5.269117252947268,ols
54313,2940680.0,-96.45036725294727,4.987242252947269,ols
54317,2940680.0,-96.72024278376834,5.719005160005963,ols
54321,2940680.0,-96.45036725294727,5.602513717593737,ols
54327,2940680.0,-96.45036725294727,5.025992252947276,ols
54339,2940680.0,-96.45036725294727,5.670992252947272,ols
54399,2940680.0,-96.45594696773006,3.4853219677300586,ols
54436,2940680.0,-96.47469695839625,8.161571958396252,ols
54464,2940680.0,-98.87884793106777,9.793106777067351e-05,ols
54486,2940680.0,-94.805191802988,-8.48626859305159,ols
54521,2940680.0,-95.68453029279924,-13.344219707200764,ols
72780,2940680.0,-71.86114366667091,3.2536436666709108,ols
72806,2940680.0,-70.44093740476237,4.699687404762372,ols
72811,2940680.0,-70.51385360874286,1.7013536087428633,ols
72851,2940680.0,-70.42369554883456,4.2330705488345615,ols
72859,2940680.0,-70.42369554883456,4.525570548834565,ols
72897,2940680.0,-70.53229276247825,2.2554177624782454,ols
85086,2940680.0,-75.5255158192055,-10.81198418079451,ols
85111,2940680.0,-71.90881684187482,0.3181918418748211,ols
85152,2940680.0,-70.41571740094363,1.9763424009436363,ols
85161,2940680.0,-70.87543754663332,-1.395187453366674,ols
85168,2940680.0,-77.53167655815143,-0.024573441848573907,ols
85208,2940680.0,-96.2220325835592,1.1995325835592041,ols
85223,2940680.0,-98.20879095803352,-2.634959041966482,ols
97025,2940680.0,-75.23459547692033,-10.87102952307967,ols
97078,2940680.0,-70.45000156316466,8.70187656316466,ols
97107,2940680.0,-70.500886719987,8.851511719986995,ols
97116,2940680.0,-70.50095963235349,7.020959632353488,ols
97118,2940680.0,-70.50646643476978,6.872091434769779,ols
97131,2940680.0,-70.53206635039284,5.230191350392843,ols
97138,2940680.0,-70.77278460960486,-1.7384653903951488,ols
97162,2940680.0,-90.63166108279225,9.791661082792245,ols
97175,2940680.0,-89.81019582450722,7.629570824507212,ols
97283,2940680.0,-97.62309743051827,7.103722430518275,ols
97337,2940680.0,-96.53147266693219,5.457097666932185,ols
97416,2940680.0,-95.18066746544082,-11.338707534559177,ols
97449,2940680.0,-95.70314980870435,-15.390600191295647,ols
97451,2940680.0,-95.71313880291316,-15.132694530420153,ols
109959,2940680.0,-80.43126322361259,-7.818099021285363,ols
110022,2940680.0,-70.42869580217842,2.7343208021784307,ols
110083,2940680.0,-70.35327371528655,5.61702371528655,ols
110099,2940680.0,-70.94775510171002,3.0652551017100222,ols
110170,2940680.0,-96.48547647615749,7.975476476157482,ols
110175,2940680.0,-96.38484206043283,12.743592060432832,ols
110265,2940680.0,-91.49122880880644,-3.616896191193561,ols
110286,2940680.0,-91.49122880880644,-4.645646191193563,ols
110309,2940680.0,-91.49487442713081,-4.1407505728691945,ols
110329,2940680.0,-91.49487442713081,-3.7701255728691905,ols
110338,2940680.0,-91.49487442713081,-4.713250572869185,ols
110362,2940680.0,-91.49487442713081,-4.4263755728691905,ols
110401,2940680.0,-98.88502629475434,0.6275262947543467,ols
110448,2940680.0,-95.30162524395064,-7.52774975604936,ols
110467,2940680.0,-98.86944607328385,-7.034928926716148,ols
110477,2940680.0,-95.59237673654499,-10.939498263455008,ols
110483,2940680.0,-95.64244450736405,-10.311930492635952,ols
110497,2940680.0,-95.72716100223658,-11.755338997763417,ols
110511,2940680.0,-96.12685892033517,-11.289391079664838,ols
110525,2940680.0,-96.12810226805843,-13.650022731941576,ols
110534,2940680.0,-96.12810226805843,-14.230647731941573,ols
110544,2940680.0,-96.12810226805843,-15.03064773194157,ols
110547,2940680.0,-96.12810226805843,-14.539397731941577,ols
122681,2940680.0,-82.6337194031148,-4.367530596885203,ols
122688,2940680.0,-83.39552315814817,-3.8332268418518396,ols
122691,2940680.0,-83.38014632380525,-4.414228676194753,ols
122705,2940680.0,-75.47788869391725,-11.544611306082743,ols
122728,2940680.0,-75.25611997500604,-11.335130024993958,ols
122738,2940680.0,-75.16712851296155,-10.71849648703845,ols
122751,2940680.0,-74.55443054739513,-9.43181945260487,ols
122760,2940680.0,-74.52150869517953,-7.4853663048204595,ols
122803,2940680.0,-70.8111480268562,-3.613226973143796,ols
122819,2940680.0,-70.83522829526194,-2.883521704738058,ols
122822,2940680.0,-70.83528585765654,-3.1697141423434516,ols
122840,2940680.0,-70.83524364523385,-2.864131354766158,ols
122855,2940680.0,-70.83530120762843,-2.9209487923715614,ols
122868,2940680.0,-70.83530888261438,-3.154066117385611,ols
122962,2940680.0,-70.3314997801576,3.8946247801575993,ols
122997,2940680.0,-70.28941783221538,7.806292832215377,ols
123006,2940680.0,-70.32555550354238,1.9043055035423748,ols
123024,2940680.0,-70.72993132557507,2.0043063255750724,ols
123053,2940680.0,-83.45473183722899,4.110981837228991,ols
123054,2940680.0,-83.71939989008568,4.520024890085679,ols
123066,2940680.0,-90.32977702308315,8.821652023083146,ols
123123,2940680.0,-97.98970080921748,-1.271965857449203,ols
123172,2940680.0,-95.38125322314093,-9.538746776859071,ols
123188,2940680.0,-98.86148711285779,-10.027262887142214,ols
123194,2940680.0,-98.83184631713414,-10.503778682865857,ols
12853,2948877.0,-95.17313042717927,5.059494063542914,ols
12889,2948877.0,-93.43044790129139,-5.745688462344972,ols
12905,2948877.0,-100.4327717465946,-1.0196092057863666,ols
12935,2948877.0,-106.5127852821236,-1.9177702734319553,ols
12969,2948877.0,-110.4162746930737,-0.5950889432899373,ols
13010,2948877.0,-113.89888250903815,0.8051325090381454,ols
27390,2948877.0,-107.6094982224052,-2.6555017775948073,ols
27412,2948877.0,-99.21396402486195,3.491464024861955,ols
27426,2948877.0,-94.91601072233158,5.9685107223315725,ols
27430,2948877.0,-93.1528231214568,1.1590731214567995,ols
27437,2948877.0,-88.75362849965866,1.1555034996586642,ols
27454,2948877.0,-82.23080488361191,-5.06607011638809,ols
27462,2948877.0,-87.32795841463599,3.221708414635984,ols
27477,2948877.0,-95.69097315587722,1.6453481558772154,ols
27502,2948877.0,-102.1091213502919,-0.07150364970810585,ols
27518,2948877.0,-105.01690024615066,-1.326849753849345,ols
27546,2948877.0,-108.95109749998164,-1.6214025000183625,ols
27549,2948877.0,-109.392504077794,-4.356245922206,ols
27575,2948877.0,-111.87237391122012,-4.490751088779874,ols
45487,2948877.0,-98.69465806993922,0.6177830699392217,ols
45508,2948877.0,-97.15331348179878,4.590813481798776,ols
45514,2948877.0,-96.64054725224807,7.219297252248069,ols
45544,2948877.0,-94.03345636862417,4.695331368624167,ols
45547,2948877.0,-93.70635065298387,3.092600652983876,ols
45552,2948877.0,-93.21621963727792,1.4818446372779164,ols
45616,2948877.0,-88.99489161011115,5.964266610111153,ols
45620,2948877.0,-90.60874055077805,1.1543655507780528,ols
45637,2948877.0,-95.07552228867374,-1.9538527113262631,ols
45640,2948877.0,-95.99393066184851,-3.301694338151492,ols
45669,2948877.0,-102.55475834406029,-3.740866655939712,ols
45672,2948877.0,-103.38551249862607,-3.39511250137393,ols
45694,2948877.0,-106.79957762218288,-1.8922973778171155,ols
45717,2948877.0,-110.1546060468333,-0.1622689531667021,ols
45748,2948877.0,-113.01711451500258,-3.64913548499743,ols
64741,2948877.0,-95.44968018366504,6.245305183665039,ols
64744,2948877.0,-93.88739254806225,1.5648925480622466,ols
64780,2948877.0,-87.89442604202856,5.178801042028553,ols
64792,2948877.0,-94.39929278658195,0.8936677865819576,ols
64799,2948877.0,-96.08669124136442,2.132316241364421,ols
64800,2948877.0,-97.57876392601696,4.278138926016965,ols
64811,2948877.0,-100.18482955589151,0.1598295558915055,ols
64849,2948877.0,-109.15001663519422,4.718766635194214,ols
64864,2948877.0,-111.16620301807953,5.683703018079527,ols
64869,2948877.0,-111.45957489919044,-0.4741751008095605,ols
64889,2948877.0,-112.20199796859427,0.08449796859426328,ols
64909,2948877.0,-112.586697064756,-1.5239279352440036,ols
64916,2948877.0,-112.59896029406855,-2.7497897059314482,ols
64920,2948877.0,-112.61676785676346,-2.0338571432365455,ols
64925,2948877.0,-112.65121837352541,-0.9619066264745868,ols
64941,2948877.0,-112.99854050047561,-4.433959499524391,ols
64945,2948877.0,-113.12217813951062,-6.5958925126632835,ols
76574,2948877.0,-97.80412067247478,-2.917129327525217,ols
76597,2948877.0,-100.00296148546171,2.4992114854617142,ols
76606,2948877.0,-100.89866496735246,-1.5419600326475376,ols
76631,2948877.0,-102.96304823037683,-3.3569517696231657,ols
76634,2948877.0,-103.3462442846342,-3.302505715365811,ols
76672,2948877.0,-105.87248943085834,-2.665010569141657,ols
76680,2948877.0,-106.37376883684841,-2.8174811631515837,ols
76699,2948877.0,-107.1995958010654,-2.701029198934606,ols
76717,2948877.0,-107.56248585873381,-0.9312641412661975,ols
76721,2948877.0,-107.6189942619865,-1.535380738013501,ols
76741,2948877.0,-107.64716385529373,-2.445961144706274,ols
76748,2948877.0,-107.64716385529373,-1.6259611447062667,ols
76803,2948877.0,-107.8296391148372,-0.22661088516279904,ols
76808,2948877.0,-107.83813976242887,-1.0293602375711401,ols
76820,2948877.0,-107.89332429433532,-3.5248007056646884,ols
76840,2948877.0,-107.89969480306911,-2.674055196930894,ols
76880,2948877.0,-108.51997332142241,0.6062233214224193,ols
76885,2948877.0,-108.58404670379649,-0.10407829620351094,ols
76888,2948877.0,-108.64362091437731,1.3542459143773016,ols
76890,2948877.0,-108.68721908352418,-0.21590591647581903,ols
76908,2948877.0,-108.95127667053977,0.7125266705397735,ols
76954,2948877.0,-109.21934568727367,3.1105956872736726,ols
76968,2948877.0,-109.27435104862198,0.1949760486219816,ols
76980,2948877.0,-109.41364620365425,3.8967712036542537,ols
76998,2948877.0,-109.59455869777399,4.057058697773996,ols
77019,2948877.0,-109.81568502827578,2.383810028275775,ols
77032,2948877.0,-109.94295584807303,5.127955848073029,ols
77037,2948877.0,-109.98027309376518,4.507773093765181,ols
77044,2948877.0,-110.06078039788844,4.055155397888441,ols
77056,2948877.0,-110.14628456979977,2.3925345697997784,ols
77092,2948877.0,-110.24110561073428,1.0398556107342785,ols
77108,2948877.0,-110.40056740747696,-1.2438075925230407,ols
77118,2948877.0,-110.57497999190424,-1.0806450080957575,ols
77157,2948877.0,-111.04141072433652,-2.110464275663489,ols
77165,2948877.0,-111.13835195020899,-1.8339491861546549,ols
77176,2948877.0,-111.30494075359759,-2.133184246402408,ols
77183,2948877.0,-111.41464290477744,-3.736607095222567,ols
77195,2948877.0,-111.52084127615369,-3.106033723846309,ols
77213,2948877.0,-111.54136625898036,-4.885508741019635,ols
77256,2948877.0,-111.54136625898036,-5.415796662367953,ols
77262,2948877.0,-111.54136625898036,-3.1592587410196415,ols
77283,2948877.0,-111.781653885283,4.252278885283005,ols
77313,2948877.0,-112.5397245167642,2.0740995167641927,ols
89537,2948877.0,-104.26170629751958,0.45108129751957904,ols
89547,2948877.0,-101.76807019287652,2.047110596916923,ols
89555,2948877.0,-98.62872330454451,6.137473304544514,ols
89578,2948877.0,-82.17148947494837,-4.812885525051627,ols
89586,2948877.0,-86.7728183480857,3.954693348085712,ols
89669,2948877.0,-112.12717435273193,2.6540493527319313,ols
101843,2948877.0,-99.6351740992042,-3.229825900795788,ols
101853,2948877.0,-102.05981958504431,-6.201430414955695,ols
101864,2948877.0,-104.97748272336035,-3.8556422766396423,ols
101875,2948877.0,-107.26812853955313,-0.7524964604468636,ols
101902,2948877.0,-110.05885929134841,6.606984291348411,ols
101910,2948877.0,-110.38471081308175,0.48471081308174746,ols
101917,2948877.0,-110.54712892403371,-0.4128710759662795,ols
101926,2948877.0,-110.95219374030377,3.668443740303772,ols
101951,2948877.0,-111.6490875801008,-0.8827874198992021,ols
102009,2948877.0,-112.76726117167935,-0.08648882832065397,ols
102044,2948877.0,-112.96604095201339,-4.486459047986614,ols
114453,2948877.0,-104.08791085612587,1.2322858561258698,ols
114466,2948877.0,-100.73198657868478,1.9251115786847777,ols
114503,2948877.0,-92.60015162704084,-0.36672337295915725,ols
114513,2948877.0,-89.18601682604475,-0.5008581739552511,ols
114542,2948877.0,-84.39271665378266,-1.4622833462173475,ols
114579,2948877.0,-98.9365383234253,3.535913323425291,ols
114608,2948877.0,-103.69825470785567,-5.586745292144329,ols
114613,2948877.0,-105.0422329722874,-2.7140170277126003,ols
114625,2948877.0,-106.95249969355353,-1.6493753064464727,ols
114641,2948877.0,-109.13964465066202,4.746519650662023,ols
114655,2948877.0,-110.4799996882514,2.4612496882513994,ols
114679,2948877.0,-112.63418721658242,3.0460622165824134,ols
127056,2948877.0,-100.47115406171568,2.3599040617156817,ols
127127,2948877.0,-96.91824170952194,1.2294917095219375,ols
127137,2948877.0,-99.18417194261158,3.091046942611584,ols
127162,2948877.0,-105.158305632201,-1.6898193677989894,ols
127176,2948877.0,-107.25384466450159,0.20196966450158982,ols
127186,2948877.0,-109.08592334498036,5.180923344980357,ols
127204,2948877.0,-110.82053324183215,2.7317832418321473,ols
127214,2948877.0,-111.71800852146448,-0.36011647853551665,ols
127221,2948877.0,-111.9508307078447,2.235205707844699,ols
141537,2948877.0,-106.1311320854502,-5.186992914549791,ols
141546,2948877.0,-103.76753399033562,-2.0893410096643805,ols
141556,2948877.0,-103.0083883355056,-0.6309866644944009,ols
141566,2948877.0,-101.27419650328947,0.8379465032894728,ols
141577,2948877.0,-100.06969256444816,1.3959425644481627,ols
141597,2948877.0,-97.39756276822023,6.4225627682202315,ols
141607,2948877.0,-96.14398600428895,6.027111004288955,ols
141621,2948877.0,-95.38438246914369,7.417507469143686,ols
141625,2948877.0,-95.19452140103695,7.825146401036946,ols
141633,2948877.0,-95.0194518578965,8.762576857896505,ols
141635,2948877.0,-94.93861607441664,8.089866074416648,ols
141683,2948877.0,-90.20002264590596,-4.360602354094041,ols
141696,2948877.0,-87.96539749089094,-3.7858525091090627,ols
141714,2948877.0,-82.24918977366083,-0.9995602263391703,ols
141735,2948877.0,-83.07809249912584,-1.456907500874152,ols
141753,2948877.0,-84.20199954856483,-3.465500451435176,ols
141827,2948877.0,-98.52731276863848,3.8573127686384794,ols
141837,2948877.0,-100.17262605009834,-0.44174894990165114,ols
141861,2948877.0,-104.56221513919633,-3.129034860803671,ols
141868,2948877.0,-105.80721162417677,-1.9009133758232224,ols
141886,2948877.0,-108.52102843693145,2.2997784369314473,ols
141899,2948877.0,-109.76795598237183,10.577955982371833,ols
141903,2948877.0,-110.09592768904315,11.250302689043153,ols
141911,2948877.0,-110.59482810817796,2.171703108177965,ols
141956,2948877.0,-111.9733365207308,1.4645865207307907,ols
141992,2948877.0,-112.92206453391044,-4.10543546608956,ols
141998,2948877.0,-113.13901021805567,-4.4566147819443245,ols
155696,2948877.0,-106.85306003378703,-7.728427307985129,ols
155730,2948877.0,-103.72538909349365,-1.7821109065063467,ols
155734,2948877.0,-103.43767103888398,-2.1904539611160203,ols
155739,2948877.0,-103.13082155023312,-1.27292844976688,ols
155760,2948877.0,-101.47020909389227,0.576459093892268,ols
155783,2948877.0,-98.70849401859542,6.81411901859542,ols
155839,2948877.0,-91.22793409186262,-3.9489409081373736,ols
155853,2948877.0,-90.014033652639,-3.5947163473610004,ols
155876,2948877.0,-88.30221823235027,-2.854656767649729,ols
155891,2948877.0,-84.77785372241982,-0.7377712775801797,ols
155929,2948877.0,-82.93677669835458,-3.312598301645423,ols
155930,2948877.0,-83.83545640229438,-3.893918597705621,ols
155937,2948877.0,-84.85499660161807,-0.8200033983819282,ols
155960,2948877.0,-91.9382159539205,1.8669659539204986,ols
156012,2948877.0,-103.66987608223062,-3.6851239177693884,ols
156058,2948877.0,-109.54343536518533,6.87281036518533,ols
156078,2948877.0,-110.61885687080822,1.3482318708082204,ols
156129,2948877.0,-112.25197660039483,1.8269766003948291,ols
156138,2948877.0,-112.52079216112097,0.1964171611209622,ols
156154,2948877.0,-112.75713803514456,1.7033880351445703,ols
172789,2948877.0,-88.44958601641865,-4.142288983581352,ols
172798,2948877.0,-81.81528845145047,-8.441518479242603,ols
172812,2948877.0,-88.8258939581076,3.9502689581076,ols
172822,2948877.0,-94.00364437853402,1.7836443785340208,ols
172880,2948877.0,-102.88123696274712,-4.319388037252878,ols
172884,2948877.0,-103.22223835056302,-6.49901164943698,ols
172888,2948877.0,-103.57557264513073,-6.020677354869264,ols
172892,2948877.0,-103.94496261249157,-5.244412387508433,ols
172897,2948877.0,-104.31754778813921,-5.030577211860788,ols
172940,2948877.0,-106.6853663452899,-4.084435634908132,ols
172944,2948877.0,-106.93628475804206,-3.041619282361978,ols
172970,2948877.0,-108.84514797660279,1.5976479766027865,ols
173006,2948877.0,-111.02652961409119,0.2634046140911863,ols
173020,2948877.0,-111.69363137163784,-2.9151186283621655,ols
173040,2948877.0,-112.75093674304901,-2.469688256950988,ols
173043,2948877.0,-112.95299136302901,-4.171383636970987,ols
16246,3282957.0,-105.07034904017421,-0.6484009598257927,ols
16262,3282957.0,-101.7749600215478,2.2395433548811354,ols
16288,3282957.0,-102.16872434449934,-2.478150655500656,ols
16302,3282957.0,-107.45709006427903,-3.020340491276528,ols
16332,3282957.0,-115.76013801769162,-0.19343341087980548,ols
29441,3282957.0,-106.35030562406348,1.7978056240634857,ols
29459,3282957.0,-99.89280540018945,1.2403054001894418,ols
29482,3282957.0,-100.64153215689085,0.7802821568908485,ols
29495,3282957.0,-104.64171763899584,-2.673282361004155,ols
29520,3282957.0,-112.06182030916459,-2.5669296908354085,ols
29524,3282957.0,-113.06201082122398,-2.4279891787760164,ols
29543,3282957.0,-116.35536668559347,0.6584916855934608,ols
29554,3282957.0,-118.24860756100945,2.4636075610094537,ols
47134,3282957.0,-104.87381079533891,-1.1949392046610825,ols
47146,3282957.0,-101.27015108450455,2.016401084504551,ols
47149,3282957.0,-100.41234206160118,0.8167170616011816,ols
47167,3282957.0,-99.51545803922286,-1.938916960777135,ols
47185,3282957.0,-99.55390589658873,1.8701558965887273,ols
47193,3282957.0,-99.39104113693392,1.1879161369339215,ols
47214,3282957.0,-98.71629691871554,3.545046918715542,ols
47221,3282957.0,-100.9935611840014,-2.806438815998604,ols
47260,3282957.0,-112.52822184962318,-3.1330281503768163,ols
47275,3282957.0,-113.71661568558403,-3.2146343144159744,ols
47286,3282957.0,-113.82059989335073,-4.526474574734394,ols
66296,3282957.0,-99.11257992529877,0.36320492529877413,ols
66304,3282957.0,-99.9742529528098,-0.8007470471901996,ols
66330,3282957.0,-100.05881598558506,-0.9999340144149471,ols
66347,3282957.0,-103.6016125662509,-4.489637433749095,ols
66351,3282957.0,-104.9808093313074,-3.5485656686926035,ols
66367,3282957.0,-110.6568399112679,-5.004410088732101,ols
66376,3282957.0,-114.31211746375921,-3.139132536240794,ols
66386,3282957.0,-116.2222203697537,0.8678453697536952,ols
66392,3282957.0,-117.82545859568805,3.669833595688047,ols
66396,3282957.0,-118.52647197612141,2.0939719761214093,ols
66403,3282957.0,-119.17977198028674,0.5050407974910485,ols
79021,3282957.0,-98.30661127834914,5.287236278349141,ols
79052,3282957.0,-109.19603375046611,-4.235216249533892,ols
79057,3282957.0,-110.7207173696382,-4.611782630361802,ols
79069,3282957.0,-114.38236749517357,-2.6526325048264283,ols
91115,3282957.0,-104.32453545972152,2.45703545972151,ols
91125,3282957.0,-99.28562057143347,-0.8500044285665354,ols
91129,3282957.0,-98.55604187945019,-0.5464581205498149,ols
91135,3282957.0,-98.3155025350249,9.009877535024899,ols
91136,3282957.0,-98.40598295705536,8.467232957055359,ols
91140,3282957.0,-98.69099881525011,4.779748815250116,ols
91164,3282957.0,-99.68845822457632,-3.175916775423673,ols
91188,3282957.0,-100.28675179665652,-2.9301232033434843,ols
91209,3282957.0,-106.58944907153625,-3.4818009284637554,ols
91229,3282957.0,-112.89947986301434,-3.733020136985658,ols
91251,3282957.0,-116.96841832762809,2.243418327628092,ols
91263,3282957.0,-118.57050342129733,1.9492534212973283,ols
91274,3282957.0,-120.09525784683657,0.86934638850326,ols
115984,3282957.0,-105.90335560418225,0.7402306041822584,ols
115999,3282957.0,-99.62008961948926,0.7444646194892641,ols
116017,3282957.0,-98.87633953887942,5.718839538879422,ols
116071,3282957.0,-105.9704496946605,-3.100175305339505,ols
116082,3282957.0,-110.21922621665598,-4.045148783344018,ols
116088,3282957.0,-111.52977115115678,-3.1664788488432265,ols
128649,3282957.0,-104.0612065802672,-0.278793419732807,ols
128657,3282957.0,-100.56459598137786,-1.2635290186221368,ols
143413,3282957.0,-101.340633765411,0.15000876541100183,ols
143506,3282957.0,-117.12711562681599,3.2164906268159967,ols
128702,3282963.0,-103.57511161827388,-0.09613838172612077,ols
128707,3282963.0,-103.57511161827388,-0.24301338172611509,ols
143434,3282963.0,-100.98856855668433,3.902318556684321,ols
143445,3282963.0,-101.67842992343203,2.349679923432035,ols
143470,3282963.0,-111.46871540028475,-1.6219095997152522,ols
157794,3282963.0,-112.47202720793992,6.114527207939915,ols
157803,3282963.0,-110.52732677968025,4.142951779680246,ols
157831,3282963.0,-100.67277545426789,3.8052754542678855,ols
157853,3282963.0,-110.33479729974606,-2.4333277002539404,ols
28439,3283205.0,-114.4099251467857,9.46305014678569,ols
28450,3283205.0,-113.989402263491,8.476902263490999,ols
28469,3283205.0,-113.16923863114538,-6.760761368854631,ols
28474,3283205.0,-113.06324872069648,-8.027660370212615,ols
28739,3283205.0,-112.24177578076,-2.7350992192400128,ols
28775,3283205.0,-111.96894028919198,-0.4366847108080236,ols
28791,3283205.0,-111.97303100578823,-0.029468994211768518,ols
28793,3283205.0,-111.97303100578823,-0.011343994211770791,ols
28810,3283205.0,-111.97649420089301,-0.05975579910698059,ols
28821,3283205.0,-111.97585693960013,0.1502319396001326,ols
28860,3283205.0,-111.96818197608144,0.024431976081444873,ols
28872,3283205.0,-111.97111504770896,0.09799004770896147,ols
28887,3283205.0,-111.97084372466941,0.011468724669413177,ols
28972,3283205.0,-112.3384447012503,-3.4121802987497034,ols
28991,3283205.0,-112.40019643365112,0.20457143365111108,ols
29032,3283205.0,-112.45759864901797,0.3344736490179656,ols
29037,3283205.0,-112.45985550014692,0.23048050014691057,ols
29044,3283205.0,-112.46927249671953,0.37864749671952325,ols
29053,3283205.0,-112.49094494627846,0.7409449462784607,ols
29096,3283205.0,-112.47284143823973,0.34409143823972954,ols
29145,3283205.0,-112.51150566707537,0.7977556670753643,ols
29165,3283205.0,-112.5497775210538,0.9810275210538038,ols
29174,3283205.0,-112.58628925377569,-2.1274607462243154,ols
29178,3283205.0,-112.66583977757084,-2.960410222429161,ols
29200,3283205.0,-113.24492801937774,-2.6525719806222554,ols
15821,3283219.0,-117.65445127765565,0.37604218674655954,ols
15827,3283219.0,-117.65445127765565,-0.08968934734434697,ols
15833,3283219.0,-117.65445127765565,0.06000683321121869,ols
15842,3283219.0,-117.65445127765565,-0.1186465484313004,ols
15856,3283219.0,-117.65445127765565,0.31851377765565303,ols
15894,3283219.0,-117.65445127765565,-0.10471538901103372,ols
15901,3283219.0,-117.65445127765565,0.26643044432233864,ols
15912,3283219.0,-117.65445127765565,0.012725925542966365,ols
15918,3283219.0,-117.65445127765565,0.6376243545787332,ols
15924,3283219.0,-117.65445127765565,-0.02439487619051306,ols
15945,3283219.0,-117.65445127765565,-0.05257997234434697,ols
15984,3283219.0,-117.65445127765565,-0.3577015001221042,ols
15999,3283219.0,-117.65445127765565,-1.1939862223443498,ols
16009,3283219.0,-117.81390861311229,0.02582267561228946,ols
9161,3286541.0,-98.31988699615006,2.9973869961500554,ols
9174,3286541.0,-98.31988699615006,3.5236913439761537,ols
9184,3286541.0,-98.31988699615006,1.1103281726206546,ols
9215,3286541.0,-98.31988699615006,-0.6640873628243043,ols
9233,3286541.0,-98.31988699615006,1.965720329483375,ols
9267,3286541.0,-98.31988699615006,0.6636369961500606,ols
9278,3286541.0,-98.31988699615006,-0.5273352260721822,ols
9306,3286541.0,-98.31988699615006,-3.906303480040421,ols
9341,3286541.0,-98.31988699615006,-2.3280296705165995,ols
23684,3286541.0,-98.31988699615006,3.3480119961500634,ols
23690,3286541.0,-98.31988699615006,2.4942619961500583,ols
23693,3286541.0,-98.31988699615006,1.9155119961500588,ols
23705,3286541.0,-98.31988699615006,2.1236369961500543,ols
23735,3286541.0,-98.31988699615006,-4.291363003849938,ols
23741,3286541.0,-98.31988699615006,-2.3676130038499394,ols
23801,3286541.0,-98.31988699615006,-1.8701130038499372,ols
23813,3286541.0,-98.31988699615006,-2.0101130038499377,ols
23821,3286541.0,-98.31988699615006,-2.182613003849937,ols
23833,3286541.0,-98.31988699615006,-2.439488003849945,ols
23850,3286541.0,-98.31988699615006,-2.1707380038499338,ols
23857,3286541.0,-98.31988699615006,-1.965113003849936,ols
23873,3286541.0,-98.31988699615006,2.3961369961500623,ols
23894,3286541.0,-98.31988699615006,0.3992619961500594,ols
23990,3286541.0,-98.31988699615006,0.8111369961500543,ols
38781,3286541.0,-98.31988699615006,-1.4460852260721566,ols
38787,3286541.0,-98.31988699615006,2.4280119961500617,ols
38793,3286541.0,-98.31988699615006,2.2048869961500657,ols
38807,3286541.0,-98.31988699615006,1.7373869961500645,ols
38820,3286541.0,-98.31988699615006,-0.06636300384994342,ols
38835,3286541.0,-98.31988699615006,-1.7601130038499377,ols
38860,3286541.0,-98.31988699615006,2.012386996150056,ols
38871,3286541.0,-98.31988699615006,3.3067619961500583,ols
38886,3286541.0,-98.31988699615006,-0.3801130038499423,ols
38896,3286541.0,-98.31988699615006,1.3711369961500566,ols
38906,3286541.0,-98.31988699615006,0.08676199615005942,ols
38940,3286541.0,-98.31988699615006,3.1467619961500617,ols
38985,3286541.0,-98.31988699615006,7.27363699615006,ols
38997,3286541.0,-98.31988699615006,6.189261996150066,ols
38999,3286541.0,-98.31988699615006,4.181761996150058,ols
39017,3286541.0,-98.31988699615006,4.933636996150057,ols
54711,3286541.0,-98.31988699615006,2.2030119961500674,ols
54714,3286541.0,-98.31988699615006,1.9311369961500588,ols
54752,3286541.0,-98.31988699615006,1.8605119961500662,ols
54754,3286541.0,-98.31988699615006,1.128636996150064,ols
54760,3286541.0,-98.31988699615006,0.3167619961500634,ols
54771,3286541.0,-98.31988699615006,2.567386996150063,ols
54803,3286541.0,-98.31988699615006,2.6055119961500566,ols
54820,3286541.0,-98.31988699615006,5.1592619961500645,ols
54825,3286541.0,-98.31988699615006,4.281761996150067,ols
54828,3286541.0,-98.31988699615006,4.568011996150062,ols
54871,3286541.0,-98.31988699615006,4.572386996150058,ols
54881,3286541.0,-98.31988699615006,6.559261996150056,ols
54885,3286541.0,-98.31988699615006,6.400511996150058,ols
54891,3286541.0,-98.31988699615006,6.802386996150062,ols
54894,3286541.0,-98.31988699615006,6.875511996150067,ols
54925,3286541.0,-98.31988699615006,5.671136996150054,ols
54952,3286541.0,-98.31988699615006,2.4092619961500645,ols
54958,3286541.0,-98.31988699615006,0.7098869961500611,ols
54969,3286541.0,-98.31988699615006,0.9680119961500537,ols
55025,3286541.0,-98.31988699615006,1.8323869961500634,ols
55029,3286541.0,-98.31988699615006,-0.29511300384993433,ols
55036,3286541.0,-98.31988699615006,-1.6038630038499377,ols
55039,3286541.0,-98.31988699615006,1.8430119961500537,ols
55057,3286541.0,-98.31988699615006,5.994261996150058,ols
55064,3286541.0,-98.31988699615006,8.890511996150067,ols
73228,3286541.0,-98.31988699615006,2.0911369961500554,ols
73258,3286541.0,-98.31988699615006,2.1323869961500606,ols
73263,3286541.0,-98.31988699615006,0.9786369961500583,ols
73318,3286541.0,-98.31988699615006,0.5305119961500537,ols
73366,3286541.0,-98.31988699615006,8.225511996150061,ols
73370,3286541.0,-98.31988699615006,8.197386996150058,ols
73388,3286541.0,-98.31988699615006,8.321761996150059,ols
73397,3286541.0,-98.31988699615006,8.269261996150064,ols
73427,3286541.0,-98.31988699615006,8.826761996150054,ols
85551,3286541.0,-98.31988699615006,0.019261996150063965,ols
85559,3286541.0,-98.31988699615006,0.3698869961500577,ols
85569,3286541.0,-98.31988699615006,1.5580119961500571,ols
85584,3286541.0,-98.31988699615006,-4.212613003849938,ols
85588,3286541.0,-98.31988699615006,-3.895113003849943,ols
85593,3286541.0,-98.31988699615006,-4.828863003849946,ols
85622,3286541.0,-98.31988699615006,-3.611363003849945,ols
85627,3286541.0,-98.31988699615006,-4.282613003849946,ols
85668,3286541.0,-98.31988699615006,-2.854488003849937,ols
85679,3286541.0,-98.31988699615006,-3.2351130038499463,ols
85695,3286541.0,-98.31988699615006,-0.9788630038499377,ols
85721,3286541.0,-98.31988699615006,-1.700738003849935,ols
97641,3286541.0,-98.31988699615006,2.050511996150064,ols
97657,3286541.0,-98.31988699615006,2.774886996150059,ols
97659,3286541.0,-98.31988699615006,2.956761996150064,ols
97729,3286541.0,-98.31988699615006,-0.12011300384993717,ols
97736,3286541.0,-98.31988699615006,3.1023869961500594,ols
97755,3286541.0,-98.31988699615006,-1.1363630038499366,ols
97769,3286541.0,-98.31988699615006,2.9317619961500583,ols
97798,3286541.0,-98.31988699615006,-2.651363003849937,ols
97816,3286541.0,-98.31988699615006,-1.9332380038499366,ols
97857,3286541.0,-98.31988699615006,0.8755119961500668,ols
97884,3286541.0,-98.31988699615006,0.8336369961500623,ols
97889,3286541.0,-98.31988699615006,1.4992619961500537,ols
97912,3286541.0,-98.31988699615006,1.6361369961500571,ols
110707,3286541.0,-98.31988699615006,1.7486369961500543,ols
110711,3286541.0,-98.31988699615006,1.205511996150065,ols
110719,3286541.0,-98.31988699615006,2.3555119961500566,ols
110730,3286541.0,-98.31988699615006,2.425511996150064,ols
110746,3286541.0,-98.31988699615006,1.4473869961500583,ols
110765,3286541.0,-98.31988699615006,4.86738699615006,ols
110804,3286541.0,-98.31988699615006,0.6886369961500662,ols
110822,3286541.0,-98.31988699615006,-0.9101130038499434,ols
110859,3286541.0,-98.31988699615006,4.595511996150066,ols
110870,3286541.0,-98.31988699615006,2.19551199615006,ols
110883,3286541.0,-98.31988699615006,5.225511996150061,ols
110915,3286541.0,-98.31988699615006,6.2573869961500606,ols
110932,3286541.0,-98.31988699615006,4.736136996150066,ols
110963,3286541.0,-98.31988699615006,4.889261996150054,ols
110966,3286541.0,-98.31988699615006,4.667386996150057,ols
110977,3286541.0,-98.31988699615006,6.641136996150067,ols
111019,3286541.0,-98.31988699615006,0.9286369961500611,ols
111047,3286541.0,-98.31988699615006,7.879886996150063,ols
123316,3286541.0,-98.31988699615006,3.3586369961500537,ols
123334,3286541.0,-98.31988699615006,2.090511996150056,ols
123340,3286541.0,-98.31988699615006,4.024886996150059,ols
123385,3286541.0,-98.31988699615006,2.5955119961500657,ols
123421,3286541.0,-98.31988699615006,1.0917619961500549,ols
123452,3286541.0,-98.31988699615006,-1.8194880038499406,ols
123455,3286541.0,-98.31988699615006,-4.2938630038499355,ols
123477,3286541.0,-98.31988699615006,-2.586988003849939,ols
123479,3286541.0,-98.31988699615006,-2.093238003849933,ols
123482,3286541.0,-98.31988699615006,-0.2907380038499383,ols
123497,3286541.0,-98.31988699615006,1.3973869961500611,ols
136937,3286547.0,-108.81295321024896,-1.8564217897510389,ols
136947,3286547.0,-108.76968378758676,-0.239066212413249,ols
136976,3286547.0,-108.49781213849533,2.8709371384953357,ols
136980,3286547.0,-108.48579765873433,3.1739226587343268,ols
136987,3286547.0,-108.48386936910887,2.9938693691088787,ols
137016,3286547.0,-108.48307656813752,3.3549515681375226,ols
137023,3286547.0,-108.48307656813752,3.5693265681375266,ols
137032,3286547.0,-108.48308462505796,3.2405846250579486,ols
137062,3286547.0,-108.48307656813752,3.2287015681375237,ols
137070,3286547.0,-108.48307656813752,2.9712015681375163,ols
137082,3286547.0,-108.48342140433238,3.037171404332369,ols
137087,3286547.0,-108.48342140433238,2.7390464043323703,ols
137144,3286547.0,-108.47077687339291,-1.2229731266070871,ols
137152,3286547.0,-108.67730474919897,0.5166797491989712,ols
137155,3286547.0,-108.75693988796185,0.5369398879618501,ols
151852,3286547.0,-108.798178429545,-2.3943215704549914,ols
151860,3286547.0,-108.79818272656924,-3.9505672734307637,ols
151863,3286547.0,-108.79818057805711,-4.105569421942889,ols
151867,3286547.0,-108.798178429545,-0.1561965704549948,ols
151871,3286547.0,-108.79818057805711,1.9969305780571176,ols
151897,3286547.0,-108.76806595796228,-3.5231840420377267,ols
151926,3286547.0,-108.54303724431249,-2.5338377556875145,ols
151974,3286547.0,-108.52016579569376,-3.611709204306237,ols
151992,3286547.0,-108.48776086168168,-2.440989138318315,ols
168090,3286547.0,-108.81777661995274,-1.6672233800472611,ols
168112,3286547.0,-108.78342029980995,-1.3684547001900569,ols
168134,3286547.0,-108.71876619891431,-2.540608801085696,ols
168144,3286547.0,-108.60487142305392,-3.9182535769460713,ols
168148,3286547.0,-108.51431647145388,-4.3206835285461125,ols
168224,3286547.0,-108.73792233295387,-0.2227026670461214,ols
168236,3286547.0,-108.82611230984057,3.942987309840561,ols
168277,3286547.0,-108.88561105591029,2.955611055910282,ols
168305,3286547.0,-108.92642258071008,-2.615452419289923,ols
6444,3301896.0,-114.20725460786203,4.338504607862021,ols
6458,3301896.0,-113.03020696303598,8.972706963035975,ols
6488,3301896.0,-109.64502613572893,-1.648098864271077,ols
6492,3301896.0,-109.1625623533195,-1.9049376466804944,ols
6537,3301896.0,-102.85649263061256,-6.803507369387432,ols
6566,3301896.0,-99.63432873341311,-10.213796266586883,ols
6590,3301896.0,-93.34813519192726,-3.2312398080727434,ols
6597,3301896.0,-89.58240495289827,1.8055299528982687,ols
6601,3301896.0,-87.24006724205658,6.871942242056576,ols
6626,3301896.0,-81.05962281537562,-6.986627184624382,ols
6636,3301896.0,-88.45917039894485,-1.6870796010551459,ols
6672,3301896.0,-100.30879458389853,9.057544583898533,ols
6702,3301896.0,-104.86761439459396,2.821989394593956,ols
6711,3301896.0,-105.73541813993502,-1.150831860064983,ols
6717,3301896.0,-106.6523135194276,-2.993936480572401,ols
20498,3301896.0,-109.67705143119582,0.5006191395291353,ols
20503,3301896.0,-109.2195537906678,0.3095537906678061,ols
20517,3301896.0,-107.5262321270099,-2.3750178729900995,ols
20531,3301896.0,-106.51098074299283,-4.235269257007175,ols
20567,3301896.0,-103.20584588073085,-4.564154119269148,ols
20595,3301896.0,-99.28047282578764,-6.040777174212366,ols
20602,3301896.0,-97.54213610280576,-4.3009888971942445,ols
20633,3301896.0,-85.51347658213697,8.211601582136979,ols
20658,3301896.0,-82.6546921162419,-2.585307883758091,ols
20669,3301896.0,-90.08538979842241,0.4685147984224187,ols
20720,3301896.0,-103.79339086455533,6.09964086455534,ols
20729,3301896.0,-104.83887108733565,5.2794960873356445,ols
36173,3301896.0,-110.13053007563683,1.1117800756368297,ols
36177,3301896.0,-109.63579050575251,1.851415505752513,ols
36179,3301896.0,-109.13763075868239,0.515130758682389,ols
36193,3301896.0,-107.56217277683089,-2.6097022231691085,ols
36229,3301896.0,-102.9472367256428,-4.313388274357209,ols
36254,3301896.0,-99.29422262901937,-5.582652370980625,ols
36279,3301896.0,-91.65280978809992,0.7453097880999167,ols
36360,3301896.0,-99.49255835855054,13.237558358550544,ols
36376,3301896.0,-102.27260965468396,9.949484654683957,ols
36384,3301896.0,-103.56829253643912,7.14266753643912,ols
36394,3301896.0,-104.73798161822909,6.8492316182290836,ols
36405,3301896.0,-106.2446560366776,2.177781036677601,ols
36410,3301896.0,-106.80167277228826,0.4854227722882598,ols
36418,3301896.0,-107.66936136014833,3.128768576643168,ols
52018,3301896.0,-110.01437072454928,0.8581207245492806,ols
52049,3301896.0,-106.70658724022422,-2.1684127597757765,ols
52077,3301896.0,-104.96868811567015,-2.9063118843298525,ols
52112,3301896.0,-102.03067530284514,-6.71932469715486,ols
52132,3301896.0,-98.41080352925432,-4.7141964707456765,ols
52144,3301896.0,-95.38236906234592,-2.1801309376540843,ols
52149,3301896.0,-94.251384409921,-2.748615590078998,ols
52186,3301896.0,-78.1079753567999,-3.829524643200102,ols
52198,3301896.0,-81.87744821396146,-1.4975517860385423,ols
52253,3301896.0,-99.67525570216151,13.050255702161508,ols
52282,3301896.0,-103.91678210544985,3.9792821054498546,ols
52285,3301896.0,-104.51222689247115,5.355976892471148,ols
52291,3301896.0,-105.62796469441129,1.3154646944112898,ols
70994,3301896.0,-111.31813766147083,3.450213133168944,ols
71020,3301896.0,-108.27521638345226,-0.8779086165477423,ols
71024,3301896.0,-107.72363508094494,-3.150739919055056,ols
71036,3301896.0,-105.88678113296513,-3.739468867034873,ols
71057,3301896.0,-102.3356007967925,-5.290024203207494,ols
71071,3301896.0,-98.73278384613822,-4.124716153861783,ols
71083,3301896.0,-95.0633598084719,-1.1685151915281011,ols
71106,3301896.0,-82.8010457588484,5.721670758848404,ols
71131,3301896.0,-85.07387441415679,-1.3280005858432133,ols
71143,3301896.0,-91.73118596967043,1.4030609696704346,ols
71157,3301896.0,-96.4796931830737,9.524693183073708,ols
71161,3301896.0,-97.78472685228628,15.214101852286277,ols
71197,3301896.0,-105.7265970768902,1.9190970768901963,ols
71198,3301896.0,-106.40274422659827,0.007119226598277351,ols
83537,3301896.0,-111.95654770465427,5.777797704654276,ols
83543,3301896.0,-111.56624445429141,3.39124445429141,ols
83547,3301896.0,-111.16946935349618,2.9557193534961783,ols
83549,3301896.0,-110.75733224473518,1.2673322447351865,ols
83574,3301896.0,-107.99803232667847,-1.8025926733215272,ols
83589,3301896.0,-105.76213467552768,-3.779115324472329,ols
83594,3301896.0,-105.16920032159224,-3.699549678407763,ols
83607,3301896.0,-103.26418466060686,-3.4626903393931485,ols
83619,3301896.0,-101.082825592459,-4.973424407541003,ols
83684,3301896.0,-78.50868884344541,-2.560061156554582,ols
83701,3301896.0,-84.16462549140282,-1.5347495085971872,ols
83713,3301896.0,-89.40281686127437,0.7459418612743747,ols
83716,3301896.0,-90.84712198801178,1.1533719880117843,ols
83727,3301896.0,-93.53473637414425,2.5666113741442445,ols
83745,3301896.0,-99.55872784713476,11.901852847134762,ols
83784,3301896.0,-105.81075416400707,2.5001291640070633,ols
95069,3301896.0,-115.04076445536046,4.225764455360462,ols
95074,3301896.0,-114.39870392002922,4.030578920029214,ols
95081,3301896.0,-114.08204387876766,3.7307938787676704,ols
95091,3301896.0,-113.22321090119672,7.883210901196719,ols
95112,3301896.0,-111.70001138422428,4.120636384224284,ols
95129,3301896.0,-110.21276403282094,-0.7047359671790616,ols
95178,3301896.0,-103.99929244058838,-3.8938325594116208,ols
95207,3301896.0,-98.83436426013081,-4.449385739869186,ols
95282,3301896.0,-89.23322443900152,0.833224439001512,ols
95290,3301896.0,-92.80408518867753,2.830960188677537,ols
95323,3301896.0,-101.60964803655072,11.052773036550718,ols
107770,3301896.0,-114.46792508186002,4.701675081860017,ols
107775,3301896.0,-114.18239210771353,4.865630744077166,ols
107811,3301896.0,-111.35641600815617,4.0264160081561755,ols
107819,3301896.0,-110.61188834622862,2.1256383462286266,ols
107829,3301896.0,-109.41471117372329,-0.36091382627671464,ols
107849,3301896.0,-107.32608842502701,-3.336411574972985,ols
107866,3301896.0,-105.41855081520765,-3.995199184792341,ols
107887,3301896.0,-102.55245384926891,-5.168796150731083,ols
107889,3301896.0,-101.90057038080815,-5.368804619191849,ols
107902,3301896.0,-99.72678867491028,-3.8594613250897254,ols
107924,3301896.0,-94.61528204988993,-1.0853429501100749,ols
107935,3301896.0,-90.12594826323159,4.283448263231591,ols
107955,3301896.0,-78.92969307824363,-1.4946819217563672,ols
107958,3301896.0,-77.8800556703991,-5.0705693296009,ols
107962,3301896.0,-78.43966344933231,-5.705961550667681,ols
107997,3301896.0,-96.50353078164129,10.162280781641286,ols
108036,3301896.0,-103.85437826649442,5.995628266494421,ols
108056,3301896.0,-106.081408791608,1.3957837916079967,ols
120963,3301896.0,-116.0258791265991,4.404134334932408,ols
120969,3301896.0,-115.71334172315744,5.998341723157438,ols
120973,3301896.0,-115.39922666222604,8.137351662226038,ols
120992,3301896.0,-113.79691395580467,6.796913955804669,ols
121027,3301896.0,-110.72552574848221,1.8042757484822118,ols
121055,3301896.0,-107.94549748384499,-0.6726275161550177,ols
121077,3301896.0,-105.55060189867359,-2.348148101326416,ols
121116,3301896.0,-101.81071299838165,-4.285537001618351,ols
121139,3301896.0,-99.38608375161533,-3.4682912483846735,ols
121160,3301896.0,-96.91003668958126,-3.1793383104187427,ols
121173,3301896.0,-94.58432771899636,-0.7856722810036416,ols
121199,3301896.0,-83.03694585868267,6.640070858682677,ols
121210,3301896.0,-77.90663401701455,-4.065865982985443,ols
121235,3301896.0,-90.69062297132895,2.011247971328956,ols
121274,3301896.0,-101.779977466702,12.087477466701998,ols
121305,3301896.0,-105.37085258657629,4.517727586576285,ols
121325,3301896.0,-107.36434374021614,-0.5919062597838547,ols
133871,3301896.0,-111.27843136202105,0.06062833171800719,ols
133895,3301896.0,-109.08165270716692,-2.2164722928330747,ols
133910,3301896.0,-107.46713330775927,-5.204741692240731,ols
133928,3301896.0,-105.41677739000022,-6.685722609999786,ols
133932,3301896.0,-104.86065888274139,-7.46746611725861,ols
133971,3301896.0,-97.5443240949448,-7.550050905055201,ols
148465,3301896.0,-111.56604868657371,2.765423686573712,ols
148471,3301896.0,-110.720677618532,0.45255261853199613,ols
148474,3301896.0,-110.28277978127066,-0.6147202187293317,ols
148479,3301896.0,-109.84002229831101,-0.8168527016889868,ols
148503,3301896.0,-107.00133281285095,-4.358667187149052,ols
148530,3301896.0,-105.00180740720654,-4.054442592793464,ols
148547,3301896.0,-104.99075228903027,-4.194872710969733,ols
148591,3301896.0,-104.95200179667282,-3.7373732033271807,ols
148599,3301896.0,-104.82802325262519,-6.547601747374813,ols
148642,3301896.0,-104.7097334881391,-7.215266511860904,ols
148672,3301896.0,-104.7097334881391,-7.675266511860912,ols
148686,3301896.0,-104.7097334881391,-6.990891511860909,ols
148692,3301896.0,-104.7097334881391,-7.814641511860913,ols
148694,3301896.0,-104.7097334881391,-7.19214151186091,ols
148709,3301896.0,-104.7097334881391,-7.330266511860913,ols
148760,3301896.0,-104.26561714690361,-5.682507853096396,ols
148769,3301896.0,-103.63574027306247,-5.205509726937535,ols
148804,3301896.0,-100.7805602363228,-7.226314763677195,ols
148820,3301896.0,-99.77385353739614,-4.975521462603865,ols
148835,3301896.0,-98.36722793844285,-6.797147061557155,ols
165876,3301896.0,-103.48902964226488,-8.881595357735122,ols
165894,3301896.0,-100.04746771225884,-12.333782287741158,ols
165907,3301896.0,-97.30283885728187,-10.85341114271813,ols
1288,3301898.0,-122.0691298390776,-4.82182760773091,mean_fallback
68433,3301898.0,-122.0691298390776,-2.0375368275890793,mean_fallback
68447,3301898.0,-122.0691298390776,-2.115870160922398,mean_fallback
68464,3301898.0,-122.0691298390776,-1.9975368275890588,mean_fallback
68472,3301898.0,-122.0691298390776,-1.251703494255736,mean_fallback
68505,3301898.0,-122.0691298390776,-1.0958701609224022,mean_fallback
68517,3301898.0,-122.0691298390776,-1.5608701609223914,mean_fallback
68526,3301898.0,-122.0691298390776,-1.5075368275890781,mean_fallback
68535,3301898.0,-122.0691298390776,-1.6075368275890582,mean_fallback
68536,3301898.0,-122.0691298390776,-1.8350368275890787,mean_fallback
68555,3301898.0,-122.0691298390776,-2.2233701609224,mean_fallback
68569,3301898.0,-122.0691298390776,-2.2483701609223914,mean_fallback
106004,3301898.0,-122.0691298390776,2.3424631724109304,mean_fallback
106033,3301898.0,-122.0691298390776,0.8866298390775995,mean_fallback
106038,3301898.0,-122.0691298390776,-1.3608701609224028,mean_fallback
149202,3301898.0,-122.0691298390776,16.583504839077605,mean_fallback
149217,3301898.0,-122.0691298390776,16.7597548390776,mean_fallback
149219,3301898.0,-122.0691298390776,16.336629839077602,mean_fallback
149236,3301898.0,-122.0691298390776,14.143504839077607,mean_fallback
149242,3301898.0,-122.0691298390776,15.656758705056987,mean_fallback
159980,3301898.0,-122.0691298390776,-0.28503682758908155,mean_fallback
159989,3301898.0,-122.0691298390776,-0.21837016092239026,mean_fallback
159993,3301898.0,-122.0691298390776,-0.3067034942557143,mean_fallback
159996,3301898.0,-122.0691298390776,-0.12170349425571203,mean_fallback
160002,3301898.0,-122.0691298390776,0.0024631724109411834,mean_fallback
160048,3301898.0,-122.0691298390776,-0.19420349425573136,mean_fallback
160056,3301898.0,-122.0691298390776,-0.12587016092238912,mean_fallback
160072,3301898.0,-122.0691298390776,-0.2833701609224022,mean_fallback
160076,3301898.0,-122.0691298390776,-0.2617034942557126,mean_fallback
160088,3301898.0,-122.0691298390776,0.09996317241092356,mean_fallback
160163,3301898.0,-122.0691298390776,0.3691298390776012,mean_fallback
160180,3301898.0,-122.0691298390776,-5.075171631510642,mean_fallback
133798,3301907.0,-113.72370725256958,-2.933269491616457,ols
134008,3301907.0,-89.95561766496928,10.70811766496928,ols
134010,3301907.0,-88.1453312836933,6.222831283693296,ols
134037,3301907.0,-92.46714965657233,1.0558996565723362,ols
134046,3301907.0,-96.6254889110361,1.9673639110361023,ols
134058,3301907.0,-99.4536703078382,7.176795307838191,ols
134074,3301907.0,-102.20562189736245,10.276871897362454,ols
148926,3301907.0,-96.28215253837277,-4.934722461627231,ols
148998,3301907.0,-96.29419312301995,-4.392681876980049,ols
149013,3301907.0,-96.29419312301995,-4.035181876980047,ols
149034,3301907.0,-96.29419312301995,-4.041431876980042,ols
149046,3301907.0,-96.29419312301995,-3.933931876980054,ols
149050,3301907.0,-96.24589191744411,-4.532233082555891,ols
149125,3301907.0,-94.80125048187858,-1.294999518121415,ols
149133,3301907.0,-97.3591885531157,-1.114561446884295,ols
149134,3301907.0,-98.44365803599223,0.3861580359922243,ols
149138,3301907.0,-99.43087978465934,2.686504784659334,ols
149145,3301907.0,-100.31590359945878,7.425278599458778,ols
149152,3301907.0,-101.81940830026693,10.47378330026693,ols
149169,3301907.0,-104.14469515621477,4.440320156214767,ols
149171,3301907.0,-104.595996527034,2.4709965270340035,ols
149199,3301907.0,-107.43488701913627,-4.936080722799204,ols
165784,3301907.0,-112.33207216284906,-0.9185528371509406,ols
165790,3301907.0,-111.88229016024175,-0.22333483975825175,ols
165821,3301907.0,-109.95364009406909,-4.654484905930914,ols
165828,3301907.0,-109.31779266602518,-5.567898123448501,ols
165831,3301907.0,-108.98456907748208,-4.801748490085487,ols
165931,3301907.0,-94.62814869812115,4.115023698121149,ols
165941,3301907.0,-91.70530085934062,11.000300859340626,ols
165960,3301907.0,-88.4723385324016,-1.9157864675984086,ols
165963,3301907.0,-90.45278598476676,-0.38221401523323095,ols
165974,3301907.0,-95.66377784476599,0.7706528447659906,ols
165992,3301907.0,-100.17279708491739,10.052172084917387,ols
166000,3301907.0,-101.78495295017072,11.945577950170716,ols
12137,3428105.0,-91.7847995794726,-5.950397788948436,ols
12439,3428105.0,-89.57820302787476,-3.553741416569679,ols
12444,3428105.0,-89.1446784256937,-6.045946574306299,ols
12469,3428105.0,-87.58067529920481,-8.388074700795187,ols
12493,3428105.0,-85.91838509690288,2.760776401250709,ols
12497,3428105.0,-85.67775421365545,-4.74724578634455,ols
12502,3428105.0,-85.46936507770809,-3.1997525693507356,ols
12511,3428105.0,-85.10827775394202,-2.671134010763865,ols
12546,3428105.0,-83.0311109571484,6.4373609571484,ols
12558,3428105.0,-82.13310707232162,3.3794306017333895,ols
12561,3428105.0,-81.76508549521157,1.7170085721346453,ols
12570,3428105.0,-80.90209995130752,1.5197470101310557,ols
12577,3428105.0,-79.93454384237673,2.2105855090433977,ols
12607,3428105.0,-74.44925298807378,-0.12262201192622513,ols
12666,3428105.0,-79.60304459440165,3.4954057055127663,ols
12670,3428105.0,-80.35032427593828,2.330793025938277,ols
27181,3428105.0,-73.35542694572702,-4.772698054272979,ols
27207,3428105.0,-67.26448437677851,-6.864890623221484,ols
27227,3428105.0,-75.91970515547568,-0.8852948445243243,ols
41920,3428105.0,-91.72920263060726,-1.8390963384648984,ols
42050,3428105.0,-90.21966123111198,-5.54033876888802,ols
42054,3428105.0,-90.21966123111198,-6.906588768888014,ols
42068,3428105.0,-90.20961777136768,-7.23288222863232,ols
42078,3428105.0,-90.20961777136768,-4.642257228632332,ols
42134,3428105.0,-89.9844533822837,1.2532033822837008,ols
42135,3428105.0,-89.96958703726261,1.173962037262612,ols
42142,3428105.0,-89.95825651068282,1.6645065106828127,ols
42171,3428105.0,-89.95468453867873,0.9778095386787271,ols
42177,3428105.0,-89.95468453867873,1.61530953867873,ols
42191,3428105.0,-89.95468453867873,1.761559538678739,ols
42300,3428105.0,-89.67399550785501,-0.31475449214498497,ols
42305,3428105.0,-89.67399550785501,-1.8378794921449924,ols
42355,3428105.0,-89.44933726865015,-0.4906627313498433,ols
42361,3428105.0,-89.44933726865015,0.3412122686501533,ols
42370,3428105.0,-89.44829604604168,1.6470460460416803,ols
42374,3428105.0,-89.44829604604168,0.9995460460416723,ols
42376,3428105.0,-89.44829604604168,0.9226710460416712,ols
42391,3428105.0,-89.44829604604168,-0.5817039539583249,ols
42406,3428105.0,-89.40987927021627,2.6598792702162655,ols
42431,3428105.0,-89.23845353687,-3.2159214631300017,ols
42445,3428105.0,-89.23845353687,-1.9159214631300046,ols
42516,3428105.0,-89.05997785877881,0.4656028587788086,ols
42531,3428105.0,-89.02477151932955,1.974146519329551,ols
42538,3428105.0,-89.02297830261494,2.224853302614946,ols
42539,3428105.0,-89.01827833945165,2.0064033394516514,ols
42591,3428105.0,-88.9635635375185,-1.7489364624815096,ols
42630,3428105.0,-88.96176309009134,-0.6676119099086577,ols
42636,3428105.0,-88.96063509893216,0.36063509893216406,ols
42655,3428105.0,-88.8623841766819,0.9698841766819015,ols
42678,3428105.0,-88.80384432780508,1.3650943278050818,ols
42697,3428105.0,-88.76404648588093,1.3390464858809281,ols
42699,3428105.0,-88.76220265417841,1.544077654178409,ols
42711,3428105.0,-88.76404648588093,1.5252964858809293,ols
42776,3428105.0,-88.72845691866605,2.367831918666056,ols
42790,3428105.0,-88.72845691866605,2.2847069186660605,ols
42802,3428105.0,-88.70386526525326,0.9807402652532602,ols
42803,3428105.0,-88.6833806565739,1.2371306565738962,ols
42821,3428105.0,-88.67429165088737,3.4449166508873645,ols
42839,3428105.0,-88.58798586578442,0.8561108657844159,ols
42848,3428105.0,-88.52857833140052,1.276703331400526,ols
42853,3428105.0,-88.49836841432946,0.705243414329459,ols
42874,3428105.0,-88.34329855279142,0.8507985527914173,ols
42918,3428105.0,-88.1316700576177,0.783545057617701,ols
42920,3428105.0,-88.11292081995248,0.03167081995248111,ols
42949,3428105.0,-87.93348345709096,-1.0865165429090382,ols
42953,3428105.0,-87.91686004891807,-1.6856399510819386,ols
43010,3428105.0,-87.59831823784853,-5.066681762151475,ols
43015,3428105.0,-87.56858554780635,-4.903289452193647,ols
43118,3428105.0,-87.12627562986621,-9.33309937013378,ols
43126,3428105.0,-87.03406235260263,-4.775312647397371,ols
43142,3428105.0,-86.84552875334202,-4.509471246657981,ols
43148,3428105.0,-86.75376378025709,-5.517486219742906,ols
43161,3428105.0,-86.60857107207448,-5.370178927925522,ols
43194,3428105.0,-86.21375247422117,-1.0099975257788287,ols
43227,3428105.0,-86.08138705011805,0.2038870501180554,ols
43231,3428105.0,-86.08138705011805,1.1032620501180475,ols
43243,3428105.0,-86.00967284295893,2.775297842958935,ols
43259,3428105.0,-85.79294669543118,4.127946695431177,ols
43275,3428105.0,-85.5886646042173,-4.037585395782699,ols
43288,3428105.0,-85.43377551049322,0.28752551049322506,ols
43292,3428105.0,-85.38603111546684,-4.497718884533171,ols
43318,3428105.0,-85.12929743535074,-4.913202564649268,ols
43328,3428105.0,-84.94882608059328,-5.061798919406726,ols
43370,3428105.0,-84.39935700253034,-3.5162679974696687,ols
43383,3428105.0,-84.17592798446049,-3.48907201553952,ols
43406,3428105.0,-83.61395700438321,0.2952070043832151,ols
43444,3428105.0,-81.95836244191082,3.4239874419108247,ols
43464,3428105.0,-81.06218069664888,2.378430696648877,ols
43467,3428105.0,-80.87908459323256,2.649709593232558,ols
43493,3428105.0,-79.89383493067015,0.8019599306701508,ols
43502,3428105.0,-79.58678995256926,2.029914952569257,ols
43513,3428105.0,-78.91437706886742,3.3200020688674243,ols
43538,3428105.0,-77.01792024034569,-1.5952047596543082,ols
43540,3428105.0,-76.72541622520075,0.21666622520073986,ols
43570,3428105.0,-74.20554182127626,1.0205418212762538,ols
43583,3428105.0,-72.53490014596879,-1.74509985403121,ols
43588,3428105.0,-72.10942332686577,-6.982451673134236,ols
43605,3428105.0,-69.49109554073937,-10.655154459260629,ols
43629,3428105.0,-66.15010141862682,-3.663648581373181,ols
43638,3428105.0,-66.48859276564635,-5.705782234353649,ols
43665,3428105.0,-68.31567090716547,-3.954329092834527,ols
43683,3428105.0,-69.88377384767526,-2.9249761523247457,ols
43712,3428105.0,-72.15618434498414,0.823059344984145,ols
43719,3428105.0,-72.59001263709268,0.461887637092687,ols
43766,3428105.0,-73.20194061023938,0.32319061023937934,ols
43804,3428105.0,-73.48514592903359,0.7201459290335919,ols
43809,3428105.0,-73.67287691920016,1.5903769192001675,ols
43818,3428105.0,-74.06162171850401,2.3941217185040102,ols
43854,3428105.0,-75.7304267928215,1.2154267928215035,ols
43867,3428105.0,-76.30112524295737,1.428000242957367,ols
43945,3428105.0,-78.47050531701457,5.949880317014575,ols
63775,3428105.0,-91.74088023138987,-3.2441197686101333,ols
63788,3428105.0,-91.74294821518171,-3.260801784818284,ols
63800,3428105.0,-91.74294821518171,-2.585801784818287,ols
63821,3428105.0,-91.74294821518171,-2.892676784818292,ols
63861,3428105.0,-91.74373636285065,-2.1781386371493454,ols
63891,3428105.0,-91.74244929601517,-1.8563007039848287,ols
63899,3428105.0,-91.74244929601517,-2.348175703984836,ols
63907,3428105.0,-91.74166114834622,-3.148338851653776,ols
63937,3428105.0,-91.74244929601517,-3.645050703984836,ols
63943,3428105.0,-91.74244929601517,-3.2181757039848264,ols
63950,3428105.0,-91.74244929601517,-2.6956757039848327,ols
64063,3428105.0,-90.44105841895276,-2.7958165810472337,ols
64087,3428105.0,-89.41927919654283,3.2830291965428273,ols
64091,3428105.0,-89.22667470611157,3.3854247061115643,ols
64108,3428105.0,-88.2657274684596,4.291977468459606,ols
64153,3428105.0,-86.07722215968413,6.936597159684126,ols
64157,3428105.0,-85.84691673397077,5.112541733970772,ols
64189,3428105.0,-84.14548668458755,0.17048668458755856,ols
64210,3428105.0,-83.3533548930481,3.4997834644766783,ols
64230,3428105.0,-82.18050439314518,7.425296059811856,ols
64247,3428105.0,-80.5918734596807,6.5293734596806985,ols
64298,3428105.0,-66.50110189837324,-4.036398101626759,ols
64336,3428105.0,-71.37960581615887,1.9865137108957072,ols
64385,3428105.0,-77.55136605937814,7.771991059378138,ols
64453,3428105.0,-81.5213815591266,-1.7717434408734078,ols
64468,3428105.0,-82.30309389386868,-1.386281106131321,ols
64489,3428105.0,-82.76742133155065,-0.5719536684493534,ols
64551,3428105.0,-84.67901204145815,4.502137041458155,ols
75902,3428105.0,-91.71914470943784,-1.1964802905621639,ols
75912,3428105.0,-91.71914470943784,-1.4164802905621627,ols
75917,3428105.0,-91.71914470943784,-1.0564802905621633,ols
75922,3428105.0,-91.71914470943784,-1.5183552905621553,ols
75927,3428105.0,-91.71914470943784,-1.2627302905621605,ols
75936,3428105.0,-91.71914470943784,-1.1877302905621576,ols
75940,3428105.0,-91.71914470943784,-0.3627302905621548,ols
75957,3428105.0,-91.71914470943784,-2.318980290562152,ols
75963,3428105.0,-91.71914470943784,-1.3477302905621542,ols
75972,3428105.0,-91.71994008781931,-1.7281849121806943,ols
75978,3428105.0,-91.71994008781931,-1.6000599121806829,ols
75987,3428105.0,-91.71994008781931,-2.327559912180689,ols
75991,3428105.0,-91.71994008781931,-1.2900599121806948,ols
76000,3428105.0,-91.71994008781931,-0.7181849121806891,ols
76016,3428105.0,-91.71994008781931,-1.6738099121806869,ols
76019,3428105.0,-91.71994008781931,-2.1788099121806965,ols
76039,3428105.0,-91.71994008781931,-3.114434912180684,ols
76048,3428105.0,-91.71994008781931,-2.1075599121806903,ols
76054,3428105.0,-91.71994008781931,-1.1419349121806874,ols
76058,3428105.0,-91.71994008781931,-2.3463099121806863,ols
76088,3428105.0,-91.71914470943784,-0.7296052905621622,ols
76091,3428105.0,-91.71641150009057,-1.6504634999094208,ols
76104,3428105.0,-91.69962901624137,-3.80106542820306,ols
76142,3428105.0,-90.99312332282437,-3.1656266771756236,ols
76163,3428105.0,-90.15129484386763,1.7406698438676358,ols
76169,3428105.0,-89.95203809788217,2.348288097882161,ols
76172,3428105.0,-89.73873207739479,4.061857077394791,ols
76218,3428105.0,-86.36814987949124,3.847524879491246,ols
76238,3428105.0,-84.43820762110929,1.189457621109284,ols
76278,3428105.0,-80.04210792240283,3.6039829224028352,ols
76292,3428105.0,-77.22659860479538,2.299723604795389,ols
76309,3428105.0,-68.80793781817502,-8.830812181824982,ols
76313,3428105.0,-66.38667587212873,-2.940199127871267,ols
76324,3428105.0,-72.54741650940824,2.126166509408236,ols
76328,3428105.0,-74.63188632588634,5.1175113258863405,ols
76349,3428105.0,-81.2675835483094,0.7150835483094085,ols
89306,3428105.0,-79.75454248393561,3.397042483935607,ols
89316,3428105.0,-78.14967137006386,3.420296370063852,ols
89323,3428105.0,-77.51370127765885,3.6518262776588557,ols
89332,3428105.0,-74.91291520020033,3.5216652002003315,ols
89341,3428105.0,-72.28113828871439,-6.401361711285617,ols
89354,3428105.0,-66.63210794851528,-3.185392051484712,ols
89379,3428105.0,-76.221891094737,3.966891094737008,ols
89393,3428105.0,-80.47875619240936,0.4043811924093603,ols
89409,3428105.0,-83.12177686192439,-0.5894731380756184,ols
89414,3428105.0,-83.6852735223516,-0.3534764776483996,ols
101334,3428105.0,-90.35379094907947,3.4162909490794675,ols
101350,3428105.0,-89.70803770258229,8.121787702582282,ols
101634,3428105.0,-83.10017872351098,1.4789287235109754,ols
113975,3428105.0,-90.80670109163094,-4.16559272280206,ols
114052,3428105.0,-87.81366331927751,1.786163319277506,ols
114053,3428105.0,-87.63422595641599,0.24422595641598832,ols
114077,3428105.0,-86.43513520063684,3.340135200636837,ols
114082,3428105.0,-86.22469254232277,6.889067542322778,ols
114094,3428105.0,-85.71875958457693,3.199384584576933,ols
114104,3428105.0,-85.47138244651202,1.2613824465120302,ols
114108,3428105.0,-85.36033316303252,-0.05279183696747225,ols
114148,3428105.0,-84.34467112344743,-1.6747038765525701,ols
114153,3428105.0,-84.02814668118181,-1.463728318818184,ols
114164,3428105.0,-83.63275685703633,5.202131857036321,ols
114174,3428105.0,-82.87996737252985,7.514342372529853,ols
114195,3428105.0,-81.28550125403034,6.619251254030331,ols
114200,3428105.0,-80.87534631483962,6.436596314839619,ols
114201,3428105.0,-80.41022349877616,5.840223498776169,ols
114222,3428105.0,-77.49453988937779,4.238289889377796,ols
114237,3428105.0,-73.81568349223832,1.5663084922383206,ols
114248,3428105.0,-70.44620036264374,-9.21879963735627,ols
114324,3428105.0,-84.79563620432054,5.622511204320546,ols
114326,3428105.0,-85.25382476704002,3.9531997670400187,ols
114331,3428105.0,-85.68851351394306,-2.292800919046627,ols
126783,3428105.0,-83.59795543749038,0.599205437490383,ols
126805,3428105.0,-82.18756879931522,3.7400687993152104,ols
126809,3428105.0,-81.84674193213917,3.8442419321391696,ols
126828,3428105.0,-79.66058660494534,3.77746160494533,ols
126864,3428105.0,-69.04353612548147,-9.488338874518533,ols
126866,3428105.0,-67.03114928250298,-5.896975717497014,ols
126907,3428105.0,-80.22657786120536,0.73845286120536,ols
126915,3428105.0,-81.77898292474978,-1.5878920752502097,ols
126937,3428105.0,-84.75825342039107,1.708253420391074,ols
140761,3428105.0,-86.77447254102574,-2.6955274589742544,ols
140771,3428105.0,-86.6258090908149,-9.389190909185103,ols
140780,3428105.0,-86.5115927552346,-6.030907244765402,ols
140828,3428105.0,-85.6156134699243,-3.9081365300757085,ols
140831,3428105.0,-85.5193943779031,-0.9124806220969077,ols
140845,3428105.0,-85.2231159308024,-4.9768840691976095,ols
140851,3428105.0,-85.00140782232157,-5.523592177678438,ols
140860,3428105.0,-84.7749202128393,-1.4707047871606989,ols
140866,3428105.0,-84.49982775353618,-3.2889222464638124,ols
140908,3428105.0,-82.63223592954955,3.83723592954955,ols
140926,3428105.0,-81.74770286222,3.8983278622200004,ols
140940,3428105.0,-81.24757616665894,2.4407011666589398,ols
140942,3428105.0,-81.09710503830834,0.7489800383083463,ols
140968,3428105.0,-80.35386009437957,-1.713014905620426,ols
140984,3428105.0,-79.92008964797151,0.16508964797151293,ols
140998,3428105.0,-79.2690941348691,-0.2902808651308959,ols
141026,3428105.0,-76.88658157742594,-1.5790434225740597,ols
141051,3428105.0,-73.9523150367512,-3.0933099632487995,ols
141067,3428105.0,-70.95882896021914,-11.45117103978086,ols
141076,3428105.0,-68.9113370077672,-12.646162992232803,ols
141101,3428105.0,-69.15621954999929,-4.805655450000714,ols
141128,3428105.0,-75.11034257590839,1.9753425759083854,ols
141133,3428105.0,-75.37341036022609,2.7109103602260944,ols
141148,3428105.0,-76.61691215254197,4.096912152541975,ols
141161,3428105.0,-78.2207492745178,5.209499274517796,ols
141173,3428105.0,-79.580680000457,5.745680000457,ols
141183,3428105.0,-80.72394965528147,0.8149150018161322,ols
141209,3428105.0,-82.80147798770304,4.401477987703032,ols
141228,3428105.0,-84.37181521839351,1.7561902183935132,ols
12722,3428106.0,-93.29523263151317,6.436536979339266,ols
12744,3428106.0,-73.268481311701,-10.459197259727574,ols
27287,3428106.0,-97.12156867317972,12.943733621633328,ols
27293,3428106.0,-92.78678367338397,7.681158673383962,ols
27321,3428106.0,-74.54947642865213,-9.21864857134787,ols
27360,3428106.0,-103.41446116919819,-3.930538830801808,ols
27379,3428106.0,-108.94024091814394,-6.296228154021023,ols
44368,3428106.0,-95.1018875695086,11.411262569508608,ols
44374,3428106.0,-94.81540410532405,10.167279105324056,ols
44381,3428106.0,-94.14111467182161,7.404864671821613,ols
44414,3428106.0,-91.22558842315378,7.691213423153783,ols
44419,3428106.0,-90.57552168560595,8.082396685605943,ols
44424,3428106.0,-90.17924687898065,6.5092468789806475,ols
44445,3428106.0,-86.73968476194216,5.227184761942155,ols
44451,3428106.0,-85.393306578467,3.5020565784670055,ols
44462,3428106.0,-83.66098921239234,0.8603642123923407,ols
44494,3428106.0,-74.63779213526846,-7.5165828647315465,ols
44551,3428106.0,-77.03187780441792,-5.973122195582079,ols
44555,3428106.0,-77.270158710738,-5.512341289261997,ols
44570,3428106.0,-79.40565647658292,-2.236843523417079,ols
44583,3428106.0,-82.20049420505602,-0.11763079494397743,ols
44588,3428106.0,-82.87989833062403,0.636773330624024,ols
44601,3428106.0,-84.26426486496025,1.5330148649602506,ols
44624,3428106.0,-84.37100560471498,2.3622556047149743,ols
44634,3428106.0,-84.37100560471498,1.4985056047149783,ols
44663,3428106.0,-84.37100560471498,1.851630604714984,ols
44673,3428106.0,-84.37100560471498,1.1610056047149868,ols
44703,3428106.0,-86.08190804347643,4.133158043476428,ols
44745,3428106.0,-90.29893370874116,6.431433708741153,ols
44750,3428106.0,-90.54893135771596,5.567681357715955,ols
44771,3428106.0,-90.79607570666602,3.669200706666018,ols
44789,3428106.0,-90.76253425424771,4.205034254247707,ols
44802,3428106.0,-90.7841768384778,4.0760518384778095,ols
44803,3428106.0,-90.76253425424771,3.4094092542477057,ols
44810,3428106.0,-90.75272982969467,2.8908548296946748,ols
44814,3428106.0,-90.75272982969467,3.0639798296946736,ols
44832,3428106.0,-90.74301646790838,4.666766467908374,ols
44845,3428106.0,-91.26816026660778,8.510660266607786,ols
44905,3428106.0,-94.25492795312698,1.2724279531269787,ols
44943,3428106.0,-93.85778805021762,0.7909130502176254,ols
44962,3428106.0,-94.1869344206229,-4.7618155793770995,ols
45007,3428106.0,-95.62469409052818,-6.660930909471816,ols
45024,3428106.0,-96.02778342753166,-7.9790915724683344,ols
45059,3428106.0,-96.91813445226799,-10.539567567934029,ols
45088,3428106.0,-97.58843230116135,-14.645942698838653,ols
64576,3428106.0,-96.12824083638087,15.244999078139116,ols
64635,3428106.0,-84.00529753346093,2.1046725334609278,ols
64652,3428106.0,-96.35026703883668,0.8546420388366727,ols
64658,3428106.0,-98.14374822990945,0.21187322990944324,ols
64697,3428106.0,-110.60533878523191,-4.805286214768088,ols
64702,3428106.0,-113.10927650533326,-0.8835513635192029,ols
76390,3428106.0,-79.49910205239263,-3.3746479476073716,ols
76402,3428106.0,-77.50115459571833,-4.986970404281664,ols
76446,3428106.0,-108.80912571115674,-7.940874288843261,ols
76461,3428106.0,-112.84962620308333,-2.056623796916668,ols
76474,3428106.0,-115.26728195169235,2.313710523120932,ols
76488,3428106.0,-117.2002713014208,4.792600846875359,ols
89434,3428106.0,-95.37698818784985,9.088238187849853,ols
89458,3428106.0,-77.31861927977492,-4.828880720225072,ols
89462,3428106.0,-74.27839774917551,-7.98660225082449,ols
89479,3428106.0,-86.14981051321377,2.963560513213764,ols
101664,3428106.0,-91.71876919072515,9.515019190725155,ols
101699,3428106.0,-90.7158645862901,10.091489586290095,ols
101707,3428106.0,-96.48154919422959,2.604674194229588,ols
101727,3428106.0,-106.33569401791549,-0.8786809820845178,ols
101732,3428106.0,-107.75971838716981,-0.4440316128301873,ols
101736,3428106.0,-109.0959582492805,-3.8277917507194985,ols
101751,3428106.0,-112.55468907871914,-2.2809359212808573,ols
114357,3428106.0,-73.57109806272749,-8.715151937272509,ols
114362,3428106.0,-73.41550214861326,-8.981997851386737,ols
114365,3428106.0,-76.22847654479672,-6.163398455203279,ols
114369,3428106.0,-80.06542139878925,-1.4533286012107425,ols
114379,3428106.0,-87.35235505661275,4.382355056612752,ols
114399,3428106.0,-99.2646398257924,-0.06786017420759549,ols
114406,3428106.0,-102.64844117532644,-1.089683824673557,ols
114443,3428106.0,-112.88259092464557,-1.4674090753544249,ols
155678,3428106.0,-111.61354020726603,-4.132084792733977,ols
43982,3428116.0,-86.23357600095798,3.486936216011742,ols
44004,3428116.0,-84.92680661368699,2.041806613686987,ols
44010,3428116.0,-84.75277269340556,0.13777269340556586,ols
44029,3428116.0,-83.9364679159375,-2.1585320840625,ols
44081,3428116.0,-81.88558042691909,-7.273794573080906,ols
44134,3428116.0,-80.564986800061,-3.7737631999389976,ols
44147,3428116.0,-81.16273721443352,-9.08851278556648,ols
44154,3428116.0,-81.30600391655857,-9.534621083441436,ols
44156,3428116.0,-81.4912759494153,-8.823099050584702,ols
44167,3428116.0,-82.03467035325377,-5.359079646746224,ols
44185,3428116.0,-82.90771605930108,-0.3841589406989243,ols
44243,3428116.0,-85.08310455535432,4.884354555354321,ols
44249,3428116.0,-85.21958933172303,6.987714331723026,ols
44268,3428116.0,-85.51134233328297,9.425092333282961,ols
44271,3428116.0,-85.51134233328297,9.486967333282962,ols
44292,3428116.0,-85.51134233328297,9.474467333282973,ols
44303,3428116.0,-85.51134233328297,9.15071733328297,ols
44325,3428116.0,-85.78220510978193,7.991580109781921,ols
44337,3428116.0,-86.45556275230717,1.3974377523071695,ols
44339,3428116.0,-86.6876513773615,-4.830473622638493,ols
126661,3428116.0,-99.7585468398046,3.0110468398045924,ols
126663,3428116.0,-99.62683781743709,1.4718378174370912,ols
126671,3428116.0,-99.36826654163266,1.7070165416326688,ols
126694,3428116.0,-98.52981694201779,-1.4358080579822143,ols
126739,3428116.0,-97.06268992628291,-1.623560073717087,ols
126745,3428116.0,-96.98744960859867,1.1868246085986698,ols
126760,3428116.0,-96.7869389554779,1.3381889554778894,ols
126764,3428116.0,-96.74779789356478,2.4534228935647775,ols
140274,3428116.0,-101.0237073963663,1.4927795613147623,ols
140400,3428116.0,-100.04240534838115,-2.576969651618853,ols
140425,3428116.0,-99.93398922285218,-4.717260777147828,ols
140445,3428116.0,-99.86766719671664,-2.272332803283362,ols
140451,3428116.0,-99.8470906209271,-2.17415937907289,ols
140463,3428116.0,-99.81385563397455,-3.1836443660254474,ols
140568,3428116.0,-99.36594672060605,-6.030928279393947,ols
140639,3428116.0,-98.8634865056477,0.8878615056477059,ols
140646,3428116.0,-98.7921401732581,1.1958901732581069,ols
140693,3428116.0,-98.47009930431514,-0.25802569568486433,ols
140694,3428116.0,-98.44127316089529,0.8006481608952924,ols
140718,3428116.0,-98.27850694274306,-4.01336805725694,ols
140740,3428116.0,-98.14294536045638,-1.0314296395436173,ols
140743,3428116.0,-98.11477610513336,-0.30772389486664053,ols
155132,3428116.0,-98.15290520430273,-1.6277197956972742,ols
155150,3428116.0,-97.59607122507799,2.9035712250779966,ols
155158,3428116.0,-97.39628847498344,-0.12183652501656184,ols
155163,3428116.0,-97.31317141804814,2.7569214180481367,ols
155203,3428116.0,-96.72026185469542,0.8258868546954261,ols
155228,3428116.0,-96.28396388228151,9.392713882281512,ols
155397,3428116.0,-80.63345110989968,-7.465298890100314,ols
172320,3428116.0,-99.90532286302346,-2.6929844286432285,ols
172332,3428116.0,-99.6268733249018,0.19874832490179983,ols
172335,3428116.0,-99.5277483193008,-0.9716266806992024,ols
172364,3428116.0,-98.78557129228993,-0.08505370771007392,ols
172478,3428116.0,-95.81771536339912,7.578965363399121,ols
172488,3428116.0,-95.59242049992271,7.258670499922715,ols
172503,3428116.0,-95.09369448666789,6.83431948666788,ols
172513,3428116.0,-94.81873651590769,5.959986515907687,ols
172526,3428116.0,-94.19308315219735,5.798708152197349,ols
172537,3428116.0,-93.79190798027545,7.71815798027545,ols
172541,3428116.0,-93.5718682215736,8.449368221573593,ols
172550,3428116.0,-92.80941051431232,5.461285514312323,ols
172554,3428116.0,-92.51365700506364,4.8380320050636385,ols
172629,3428116.0,-80.33032980172723,-8.484670198272767,ols
44344,3428117.0,-96.31435318518419,17.233656982652548,ols
126987,3428117.0,-92.15396016380099,4.197085163800992,ols
127021,3428117.0,-107.69797331477072,-4.354526685229274,ols
141272,3428117.0,-91.80625651188173,1.4981315118817236,ols
141279,3428117.0,-90.67840970084652,0.5740347008465108,ols
141305,3428117.0,-88.09871916165227,2.900594161652265,ols
141350,3428117.0,-76.03408249136027,-7.886542508639735,ols
141356,3428117.0,-75.71502874287359,-9.63372125712641,ols
141358,3428117.0,-76.52668825824131,-8.565186741758694,ols
141372,3428117.0,-82.37631410044196,-2.841810899558041,ols
141375,3428117.0,-84.14614396966014,-1.0994810303398594,ols
141406,3428117.0,-91.10050950323112,3.486759503231127,ols
141421,3428117.0,-91.94454823564823,5.78579823564823,ols
141422,3428117.0,-92.13731718773857,4.967942187738572,ols
141458,3428117.0,-100.07785948918423,1.9972344891842368,ols
141465,3428117.0,-101.14012887960088,1.150128879600885,ols
141483,3428117.0,-106.01287930082995,-1.6596206991700484,ols
141512,3428117.0,-111.1309015599702,-7.173265106696462,ols
155425,3428117.0,-89.24310657543492,2.650606575434921,ols
155456,3428117.0,-86.24267633646924,0.24517633646924253,ols
155482,3428117.0,-96.5112901936698,7.615040193669799,ols
155487,3428117.0,-97.1965479145669,7.8577321250932215,ols
155495,3428117.0,-98.4057376367262,8.361987636726198,ols
155518,3428117.0,-101.24077647297662,-0.2310985270233772,ols
155523,3428117.0,-101.62281905968901,0.3684440596890113,ols
155541,3428117.0,-103.33837644721329,-2.2028735527867127,ols
155551,3428117.0,-104.69453037539304,-2.2267196246069574,ols
155560,3428117.0,-105.45187353478902,-0.7237514652109809,ols
155592,3428117.0,-108.22215393694066,-0.9184710630593429,ols
155608,3428117.0,-109.45496264533968,1.189337645339677,ols
155632,3428117.0,-111.14845127110807,-0.272798728891928,ols
155636,3428117.0,-111.41476813762542,-1.7477318623745788,ols
155646,3428117.0,-112.19277608188625,-2.607223918113746,ols
172670,3428117.0,-76.0581840946563,-8.264315905343707,ols
172674,3428117.0,-79.69685345342886,-6.1987715465711375,ols
172708,3428117.0,-103.09828177408781,-1.854843225912191,ols
172723,3428117.0,-109.10515302808386,-4.962971971916133,ols
17702,3430149.0,-110.44823987017472,5.350583620174717,ols
17710,3430149.0,-110.38032631215526,4.237097145488576,ols
17715,3430149.0,-110.3596630507859,5.243185778058617,ols
17719,3430149.0,-110.34471783591484,5.482217835914838,ols
17720,3430149.0,-110.33302899209646,1.9711868868332942,ols
17738,3430149.0,-110.31280775076891,3.309966841678005,ols
17752,3430149.0,-110.31295234775067,3.1396568932052276,ols
17784,3430149.0,-110.15903885313934,-1.6564373373368682,ols
17797,3430149.0,-109.97575101069638,-0.8700823226369323,ols
17814,3430149.0,-109.49246557657982,-0.5023260900868678,ols
17840,3430149.0,-108.1632513560136,5.4060398175520845,ols
17856,3430149.0,-109.42857722234535,11.271525940294069,ols
17873,3430149.0,-110.11154873710485,-1.5560648992587858,ols
17881,3430149.0,-110.33211086004152,-3.4825443123722692,ols
17886,3430149.0,-110.4254264634424,-3.1289213626445473,ols
31328,3430149.0,-110.37619883245634,3.357448832456342,ols
31333,3430149.0,-110.31481917707619,3.5679441770761855,ols
31342,3430149.0,-110.20118828553035,0.2586882855303543,ols
31344,3430149.0,-110.15557675467356,-0.6212982453264431,ols
31351,3430149.0,-110.11803796750588,-1.9363370324941087,ols
31362,3430149.0,-110.03250238707494,-1.8056226129250632,ols
31366,3430149.0,-110.0184623728214,-2.526537627178598,ols
31370,3430149.0,-110.008161895145,-3.0224631048550066,ols
31405,3430149.0,-110.0056273334159,-3.7774976665840967,ols
31494,3430149.0,-108.16439637601552,-1.7724786239844832,ols
31503,3430149.0,-108.09940414726175,-3.7068458527382546,ols
31511,3430149.0,-108.09160178817268,-1.9840232118273207,ols
31527,3430149.0,-108.09160178817268,-1.8483982118273161,ols
31533,3430149.0,-108.09096814774041,-0.17653185225958623,ols
31545,3430149.0,-108.09160178817268,-1.3427732118273212,ols
31588,3430149.0,-108.08688181352412,0.8893818135241105,ols
31631,3430149.0,-108.08624699750662,-1.6393780024933733,ols
31640,3430149.0,-108.08624699750662,0.36499699750662273,ols
31654,3430149.0,-108.08624699750662,-0.543753002493375,ols
31689,3430149.0,-107.98406042805391,-1.1878145719460917,ols
31698,3430149.0,-107.98406042805391,2.32593542805391,ols
31723,3430149.0,-107.98406042805391,-1.2921895719460963,ols
31731,3430149.0,-107.98406042805391,-2.868439571946098,ols
31740,3430149.0,-107.98406042805391,-1.3196895719460855,ols
31750,3430149.0,-107.98406042805391,1.2659354280539077,ols
67998,3430149.0,-109.11883050246237,7.743830502462373,ols
68046,3430149.0,-110.47060890569477,-4.046891094305224,ols
80721,3430149.0,-109.237798550896,7.394048550896002,ols
80752,3430149.0,-110.31139704850781,-1.321102951492179,ols
145520,3430149.0,-109.94321081187384,-3.1467891881261636,ols
145528,3430149.0,-109.94343652423561,-3.044063475764389,ols
145569,3430149.0,-109.94343652423561,-3.1440634757643977,ols
145573,3430149.0,-109.94321081187384,-2.9436641881261636,ols
145583,3430149.0,-109.94324372825993,-3.6392562717400665,ols
145611,3430149.0,-109.94301919148337,-3.2532308085166335,ols
145645,3430149.0,-109.94324372825993,-2.9292562717400727,ols
145659,3430149.0,-109.94301919148337,-3.0688558085166306,ols
145664,3430149.0,-109.94301919148337,-3.020730808516632,ols
145680,3430149.0,-109.87768486743128,-1.6166901325687206,ols
145695,3430149.0,-109.02364454298034,-0.42010545701965896,ols
145699,3430149.0,-108.68034426981725,-1.9140307301827448,ols
159482,3430149.0,-109.05578739399934,-0.8829626060006603,ols
159495,3430149.0,-108.33135181303066,-2.589898186969336,ols
159508,3430149.0,-108.02998936691945,1.3637393669194466,ols
162862,3430149.0,-109.4802853381405,-1.6853396618595013,ols
162891,3430149.0,-108.81955589569756,-2.89731910430244,ols
162912,3430149.0,-108.40639647097994,-4.2279785290200635,ols
162951,3430149.0,-109.29183785217761,7.334337852177612,ols
31315,3430163.0,-107.58543776091824,5.813496271556517,ols
80477,3430163.0,-107.4850680623247,-0.1130569376752959,ols
80493,3430163.0,-107.35285660243039,-4.484643397569613,ols
80517,3430163.0,-107.22585795187082,-6.811642048129173,ols
130500,3430163.0,-107.495062965838,2.655062965837999,ols
130517,3430163.0,-107.43908457049358,1.443459570493573,ols
130636,3430163.0,-107.44192568225306,8.696925682253053,ols
130651,3430163.0,-107.5694691347138,2.3175941347138007,ols
145777,3430163.0,-107.73261770330546,-7.356757296694539,ols
159520,3430163.0,-107.25515361867778,6.750778618677785,ols
159529,3430163.0,-107.38427518734667,13.91927518734667,ols
159546,3430163.0,-107.61227679332218,-2.7352232066778157,ols
159568,3430163.0,-107.76106701734346,-8.214168831713138,ols
162964,3430163.0,-107.48240687591635,2.7942818759163544,ols
162966,3430163.0,-107.5208842640631,-0.21161573593690264,ols
162970,3430163.0,-107.55879473657838,-2.8905802634216258,ols
162984,3430163.0,-107.64441306930384,-4.074961930696162,ols
162987,3430163.0,-107.66736862911526,-6.91200637088474,ols
163005,3430163.0,-107.74699062283446,-5.6892207173717395,ols
90624,3499533.0,-95.83853670458585,0.8754117045858436,mean_fallback
90634,3499533.0,-95.83853670458585,0.2966617045858442,mean_fallback
90679,3499533.0,-95.83853670458585,0.7672867045858425,mean_fallback
90685,3499533.0,-95.83853670458585,1.377286704585842,mean_fallback
90719,3499533.0,-95.83853670458585,0.38603670458584816,mean_fallback
90734,3499533.0,-95.83853670458585,0.18291170458584816,mean_fallback
90738,3499533.0,-95.83853670458585,-0.15708829541415525,mean_fallback
90766,3499533.0,-95.83853670458585,0.2641617045858453,mean_fallback
90821,3499533.0,-95.83853670458585,-1.1739632954141541,mean_fallback
90835,3499533.0,-95.83853670458585,-2.4189632954141445,mean_fallback
90857,3499533.0,-95.83853670458585,-0.06396329541415469,mean_fallback
90869,3499533.0,-95.83853670458585,-1.0989632954141513,mean_fallback
16113,3499534.0,-97.44878197241579,3.1192365178703483,ols
16137,3499534.0,-95.84440209311785,-10.78059790688215,ols
16183,3499534.0,-96.29626053853352,-19.49436446146649,ols
16184,3499534.0,-96.41509020260912,-18.297409797390884,ols
16213,3499534.0,-97.59776041163222,-9.454322921701092,ols
16222,3499534.0,-98.06982808123178,-15.92719572829202,ols
29318,3499534.0,-95.53609659917606,-8.850778400823941,ols
29336,3499534.0,-95.00336537416938,-16.919759625830622,ols
29365,3499534.0,-95.76209399930923,-21.077281000690775,ols
29410,3499534.0,-96.6883955593546,-13.5572294406454,ols
29427,3499534.0,-97.58814380637426,-11.089981193625732,ols
45969,3499534.0,-105.48844338234838,4.274693382348374,ols
45994,3499534.0,-104.37272340500553,1.7083484050055233,ols
46005,3499534.0,-103.70695290516892,1.4000779051689136,ols
46017,3499534.0,-103.01023703080074,4.3433620308007335,ols
46021,3499534.0,-102.78609118600828,0.6273411860082803,ols
46042,3499534.0,-101.52030910721471,5.565309107214716,ols
46047,3499534.0,-100.87213555968597,3.9333855596859735,ols
46065,3499534.0,-99.53113583931875,6.021135839318745,ols
46070,3499534.0,-99.16914959363848,5.2441495936384825,ols
46078,3499534.0,-98.32814158097437,7.593766580974375,ols
46104,3499534.0,-94.71449403473397,8.072619034733975,ols
46132,3499534.0,-88.53216510523916,-1.5109598947608447,ols
46149,3499534.0,-84.67317212321225,-2.031202876787745,ols
46163,3499534.0,-86.91798920640605,2.0192392064060414,ols
46175,3499534.0,-88.92982608579803,3.8785760857980307,ols
46191,3499534.0,-89.90389490300532,2.100769903005329,ols
46215,3499534.0,-91.12371104398005,2.3155860439800477,ols
46233,3499534.0,-91.20089506603182,1.842770066031818,ols
46250,3499534.0,-91.24071068242822,3.5663356824282175,ols
46254,3499534.0,-91.24071068242822,2.95446068242822,ols
46262,3499534.0,-91.24071068242822,3.031335682428221,ols
46277,3499534.0,-91.24071068242822,1.310085682428209,ols
46285,3499534.0,-91.2270464910766,1.7239214910766094,ols
46287,3499534.0,-91.2270464910766,1.8620464910766117,ols
46318,3499534.0,-91.2270464910766,0.6626714910766083,ols
46322,3499534.0,-91.2270464910766,0.9639214910766043,ols
46349,3499534.0,-91.2270464910766,1.8632964910766106,ols
46361,3499534.0,-91.2270464910766,1.3495464910766088,ols
46372,3499534.0,-91.2270464910766,2.2451714910766043,ols
46397,3499534.0,-91.9646472909333,-0.3234777090666938,ols
46399,3499534.0,-92.12541683644736,0.21916683644735713,ols
46419,3499534.0,-92.55600392515811,5.374753925158103,ols
46433,3499534.0,-92.59116194691836,1.8217869469183654,ols
46482,3499534.0,-92.60276646236771,2.4227664623677043,ols
46490,3499534.0,-92.60276646236771,2.174641462367717,ols
46502,3499534.0,-92.60276646236771,2.3971414623677134,ols
46514,3499534.0,-92.60276646236771,2.1796414623677123,ols
46553,3499534.0,-93.16660812304102,-0.23589187695898772,ols
46573,3499534.0,-93.81176751071277,1.6955175107127758,ols
46584,3499534.0,-94.34236729410631,0.43111729410631483,ols
46587,3499534.0,-94.52128638790201,1.3994113879020063,ols
46607,3499534.0,-94.40750902987237,3.2175090298723745,ols
46612,3499534.0,-94.23374989068898,4.761249890688987,ols
46632,3499534.0,-93.34236234898688,1.494862348986885,ols
46635,3499534.0,-93.17351198442769,1.943511984427687,ols
46685,3499534.0,-92.05972250470752,-0.2334024952924807,ols
46700,3499534.0,-92.06000956755105,1.176884567551042,ols
46706,3499534.0,-92.06000956755105,0.6375095675510494,ols
46709,3499534.0,-92.06000956755105,1.6393845675510477,ols
46765,3499534.0,-92.06000956755105,1.0750095675510494,ols
46775,3499534.0,-92.06000956755105,3.368134567551053,ols
46780,3499534.0,-92.06000956755105,1.991884567551054,ols
46809,3499534.0,-92.26283381964097,0.932833819640976,ols
46827,3499534.0,-92.64790709451142,1.1379070945114194,ols
46891,3499534.0,-94.99815518355948,-5.86621981644052,ols
46902,3499534.0,-94.95143570577639,-5.337314294223603,ols
46908,3499534.0,-94.96030594764119,-4.821569052358811,ols
46955,3499534.0,-94.96030594764119,-3.4228190523588182,ols
46978,3499534.0,-94.96030594764119,-6.624069052358806,ols
46979,3499534.0,-94.96030594764119,-5.894694052358815,ols
46994,3499534.0,-94.96030594764119,-6.185944052358806,ols
47011,3499534.0,-94.96030594764119,-5.565944052358816,ols
47015,3499534.0,-94.96030594764119,-5.012819052358807,ols
47055,3499534.0,-94.96030594764119,-4.636569052358809,ols
47066,3499534.0,-94.96030594764119,-4.010944052358809,ols
47069,3499534.0,-94.97418543612545,-3.540814563874548,ols
47106,3499534.0,-97.50834751244645,-8.397277487553552,ols
65205,3499534.0,-106.05057701910272,-2.577547980897279,ols
65228,3499534.0,-105.2319886145176,-1.02426138548239,ols
65246,3499534.0,-104.52920136100894,1.4048263610089435,ols
65318,3499534.0,-100.14404371652091,4.8040437165209084,ols
65329,3499534.0,-98.98471171667612,12.907836716676115,ols
65386,3499534.0,-88.71345246749388,0.07157746749388139,ols
65444,3499534.0,-89.74907473492323,4.14719973492322,ols
65490,3499534.0,-90.88476710960407,0.6778921096040733,ols
65492,3499534.0,-90.91091135807775,0.8321613580777552,ols
65507,3499534.0,-90.92397271745799,1.427722717457982,ols
65512,3499534.0,-90.92397271745799,0.4558477174579849,ols
65572,3499534.0,-92.84627469595567,2.090649695955676,ols
65588,3499534.0,-93.28644250706894,-0.17418249293105248,ols
65616,3499534.0,-93.75820158411172,-3.986173415888288,ols
65620,3499534.0,-93.75820158411172,-3.6317984158882837,ols
65625,3499534.0,-93.74884333541293,-3.6492816645870647,ols
65629,3499534.0,-93.74884333541293,-3.5867816645870647,ols
65654,3499534.0,-93.74884333541293,-3.5624066645870727,ols
65660,3499534.0,-93.74884333541293,-3.69053166458707,ols
65682,3499534.0,-93.74631000581886,-2.625564994181147,ols
65733,3499534.0,-94.69185195295123,1.7581019529512218,ols
65755,3499534.0,-94.047144689258,5.010894689258009,ols
65763,3499534.0,-93.55418602122118,-0.12643897877882182,ols
65765,3499534.0,-93.29873597334273,1.104360973342736,ols
65779,3499534.0,-92.73312887618178,1.2375038761817763,ols
65784,3499534.0,-92.45674477043954,1.9292447704395386,ols
65793,3499534.0,-92.25449464403667,1.8894946440366738,ols
65807,3499534.0,-92.30717067582282,0.744045675822818,ols
65810,3499534.0,-92.35509581754869,1.6625958175486915,ols
65890,3499534.0,-92.47864766540022,0.9048976654002132,ols
65917,3499534.0,-93.14819304162913,1.2056930416291323,ols
65949,3499534.0,-94.34701053560028,-2.831114464399718,ols
65962,3499534.0,-94.59684850488789,-5.849401495112119,ols
65967,3499534.0,-94.57803871206616,-5.168836287933843,ols
65976,3499534.0,-94.57046742956828,-5.756407570431719,ols
65995,3499534.0,-94.57046742956828,-3.134532570431716,ols
65997,3499534.0,-94.57046742956828,-4.350157570431719,ols
66050,3499534.0,-95.82142271249398,-2.829202287506021,ols
66068,3499534.0,-95.82142271249398,-2.884202287506014,ols
66102,3499534.0,-95.82142271249398,-2.3454522875060206,ols
66106,3499534.0,-95.82142271249398,-2.1692022875060104,ols
66116,3499534.0,-95.82142271249398,-2.011077287506012,ols
66131,3499534.0,-95.82142271249398,-2.4917022875060155,ols
66157,3499534.0,-95.82142271249398,-2.4998272875060223,ols
66175,3499534.0,-95.82142271249398,-2.6035772875060132,ols
66177,3499534.0,-95.82142271249398,-3.7129522875060132,ols
66186,3499534.0,-95.82142271249398,-3.692327287506018,ols
66212,3499534.0,-96.026945355313,-7.939929644686998,ols
66217,3499534.0,-96.17972020063499,-6.998404799365005,ols
66246,3499534.0,-97.47066333766321,-9.48058666233679,ols
77995,3499534.0,-105.82021626374802,-3.1504087362519755,ols
78005,3499534.0,-105.40773566389237,3.8252356638923715,ols
78016,3499534.0,-104.78518965171898,-2.1885603482810154,ols
78032,3499534.0,-103.95623827848276,4.064363278482759,ols
78100,3499534.0,-98.14985402543442,9.551729025434426,ols
78126,3499534.0,-92.4474224045962,5.522422404596199,ols
78130,3499534.0,-91.23544307924959,4.309193079249596,ols
78153,3499534.0,-84.88025925852847,-1.8866157414715303,ols
78154,3499534.0,-85.22022778411065,-1.529772215889352,ols
78161,3499534.0,-86.18589283657387,-0.001607163426129432,ols
78177,3499534.0,-88.3200615467324,3.9613115467324036,ols
78208,3499534.0,-88.29466366165187,5.672163661651865,ols
78211,3499534.0,-88.31645173147513,5.912701731475124,ols
78250,3499534.0,-88.32095861811841,5.480333618118408,ols
78297,3499534.0,-88.3300154508315,4.019390450831494,ols
78316,3499534.0,-89.42762893931925,3.4926289393192462,ols
78319,3499534.0,-89.80294925408108,2.504824254081086,ols
78357,3499534.0,-92.81044925308422,2.036074253084209,ols
78359,3499534.0,-92.87462215175339,2.437747151753385,ols
78372,3499534.0,-93.05725153280159,1.4503765328015845,ols
78381,3499534.0,-93.23919196302535,0.04106696302534374,ols
78382,3499534.0,-93.35550265064906,-0.830122349350944,ols
78394,3499534.0,-93.70786511450027,-1.2658848854997302,ols
78399,3499534.0,-93.78126708358866,-0.17748291641133562,ols
78450,3499534.0,-93.84771495529273,2.5089649552927256,ols
78468,3499534.0,-93.84771495529273,2.4620899552927256,ols
78472,3499534.0,-93.84771495529273,2.352089955292726,ols
78483,3499534.0,-93.84771495529273,2.723964955292729,ols
78490,3499534.0,-93.84771495529273,2.3452149552927324,ols
78495,3499534.0,-93.84771495529273,2.164589955292726,ols
78537,3499534.0,-93.84771495529273,4.291464955292724,ols
78567,3499534.0,-94.59262150451704,2.883871504517046,ols
78585,3499534.0,-93.96070289050269,3.7994528905026925,ols
78604,3499534.0,-92.87200987987735,1.7457598798773546,ols
78612,3499534.0,-92.51226990094764,0.7135199009476452,ols
78627,3499534.0,-92.2129351208659,2.1298101208658977,ols
78636,3499534.0,-92.33093947926638,2.3121894792663795,ols
78649,3499534.0,-92.89658245928277,1.6884574592827732,ols
78656,3499534.0,-93.45886680402998,-0.35300819597001976,ols
78688,3499534.0,-94.7873218781353,-3.1989281218646965,ols
78691,3499534.0,-94.80612449438595,-2.548875505614049,ols
78768,3499534.0,-96.00604000373357,-1.4120849962664295,ols
78794,3499534.0,-96.00604000373357,-1.7487676885741195,ols
78838,3499534.0,-96.00604000373357,-2.4208349962664215,ols
78859,3499534.0,-96.00604000373357,-1.6039599962664255,ols
78898,3499534.0,-96.00604000373357,-2.42708499626643,ols
78902,3499534.0,-96.00604000373357,-2.4095849962664317,ols
78921,3499534.0,-96.00604000373357,-3.970834996266433,ols
78962,3499534.0,-97.54690722890244,-8.628092771097556,ols
89841,3499534.0,-105.30587141386889,0.46274641386888504,ols
89853,3499534.0,-104.74323541713835,0.5376104171383531,ols
89862,3499534.0,-104.38378967762327,2.1375396776232662,ols
89893,3499534.0,-102.55977801674723,-0.4345969832527743,ols
89911,3499534.0,-101.69622839429562,5.995603394295614,ols
89917,3499534.0,-101.29984484339042,4.553594843390414,ols
89936,3499534.0,-100.45724363194475,1.8741186319447536,ols
89962,3499534.0,-100.30450466947818,2.010129669478175,ols
90021,3499534.0,-99.4013547277628,3.853854727762794,ols
90044,3499534.0,-98.86502804064102,3.4087780406410246,ols
90058,3499534.0,-97.91528779942215,9.840287799422143,ols
90068,3499534.0,-96.72172355548742,10.911723555487413,ols
90072,3499534.0,-96.30180802798458,10.725558027984576,ols
90091,3499534.0,-93.33871665087415,2.487466650874154,ols
90097,3499534.0,-91.47262157713791,-0.5673784228620917,ols
90104,3499534.0,-89.35219600061296,-2.0021789993870414,ols
90108,3499534.0,-88.14862044001043,-3.075754559989562,ols
90152,3499534.0,-91.01360809034747,2.2461080903474766,ols
90164,3499534.0,-92.0930146179849,2.142389617984904,ols
90178,3499534.0,-92.57756234470654,1.070687344706542,ols
90190,3499534.0,-92.7625025816451,-0.09249741835490966,ols
90203,3499534.0,-93.04791481381608,-0.9608351861839282,ols
90211,3499534.0,-93.16678036074711,-0.9294696392528863,ols
90235,3499534.0,-93.18973821165773,-1.8377617883422772,ols
90243,3499534.0,-93.2099546124127,-1.4919203875872995,ols
90292,3499534.0,-94.09255085453198,-1.5130741454680248,ols
90301,3499534.0,-94.09255085453198,-1.6961991454680145,ols
90351,3499534.0,-94.23905337672304,2.4128033767230335,ols
90385,3499534.0,-92.46857175959263,-1.075178240407368,ols
90388,3499534.0,-92.3796038078143,-0.8553961921856938,ols
90394,3499534.0,-92.3032809742931,-0.3704690257068961,ols
90409,3499534.0,-92.25936035923436,-2.2087646407656365,ols
90421,3499534.0,-92.30249872804451,-1.9931262719554894,ols
90425,3499534.0,-92.30249872804451,-2.126251271955482,ols
90445,3499534.0,-92.30249872804451,-4.061876271955484,ols
90486,3499534.0,-92.30249872804451,-6.063126271955483,ols
90524,3499534.0,-92.30249872804451,-4.350626271955491,ols
90530,3499534.0,-92.30249872804451,-3.706876271955494,ols
90536,3499534.0,-92.30249872804451,-2.991251271955491,ols
90589,3499534.0,-92.30249872804451,-4.325626271955485,ols
90884,3499534.0,-92.31480654746048,0.5329315474604783,ols
90935,3499534.0,-92.97509414698582,0.7307191469858196,ols
90940,3499534.0,-93.58602846713877,0.7535284671387785,ols
90947,3499534.0,-93.90271619611138,0.6889661961113802,ols
90959,3499534.0,-94.71170234858073,-5.638297651419265,ols
90963,3499534.0,-94.94641210601478,-4.367962893985222,ols
90966,3499534.0,-95.09789516854092,-3.951479831459082,ols
91025,3499534.0,-95.14937271295537,2.1406227129553628,ols
91033,3499534.0,-95.14937271295537,-5.738127287044634,ols
91047,3499534.0,-95.44924573586871,-3.5395042641312813,ols
91069,3499534.0,-96.39234764883116,-6.776402351168841,ols
91072,3499534.0,-96.583832918602,-7.046167081397996,ols
91097,3499534.0,-98.06827794187677,-14.834222058123231,ols
102436,3499534.0,-102.89805287155264,2.5830528715526384,ols
102465,3499534.0,-102.37981832014378,-0.5095566798562174,ols
102470,3499534.0,-102.22456038122533,0.300185381225333,ols
102492,3499534.0,-101.90410495243151,7.702229952431509,ols
102502,3499534.0,-101.57210959732811,4.512109597328106,ols
102604,3499534.0,-91.93477840206491,3.877903402064902,ols
102607,3499534.0,-90.84204498191701,2.4564199819170085,ols
102613,3499534.0,-89.6418208800126,1.4355708800126052,ols
102617,3499534.0,-88.33694084193145,0.35131584193145216,ols
102628,3499534.0,-85.28218312231363,-4.607816877686375,ols
102659,3499534.0,-89.12635648504373,2.740106485043725,ols
102692,3499534.0,-90.6230949745923,0.608094974592305,ols
102714,3499534.0,-90.58154980456368,1.5940498045636815,ols
102758,3499534.0,-90.58154980456368,1.020924804563677,ols
102771,3499534.0,-90.58154980456368,1.550924804563678,ols
102790,3499534.0,-91.60098172761843,-0.057143272381566135,ols
102802,3499534.0,-92.436808255957,2.4599332559569973,ols
102808,3499534.0,-92.56934517081075,1.873720170810742,ols
102824,3499534.0,-92.83333533828394,2.0045853382839454,ols
102840,3499534.0,-92.94107002345747,0.17044502345747503,ols
102861,3499534.0,-92.94880636709037,-0.41556863290962553,ols
102877,3499534.0,-92.94880636709037,-0.3461936329096318,ols
102881,3499534.0,-92.94880636709037,0.19505636709037333,ols
102897,3499534.0,-92.95973628485743,0.019736284857430064,ols
102901,3499534.0,-92.94880636709037,0.1400563670903665,ols
102918,3499534.0,-93.08953892612665,-0.8723360738733561,ols
102929,3499534.0,-93.33181996605856,-0.9306800339414423,ols
102949,3499534.0,-94.24533287642507,0.4840828764250631,ols
102957,3499534.0,-94.56692220345079,1.1875472034507908,ols
103023,3499534.0,-92.05101014740666,2.064760147406659,ols
103036,3499534.0,-91.9868946613062,2.5187696613061945,ols
103076,3499534.0,-93.11731225623731,1.7016872562373067,ols
103081,3499534.0,-93.38536436294635,0.9878643629463539,ols
103086,3499534.0,-93.93552747912587,-0.028222520874138013,ols
114994,3499534.0,-106.53402673044789,-2.986598269552104,ols
115005,3499534.0,-106.23540243090386,-2.5433475690961416,ols
115014,3499534.0,-106.0271526910714,-3.5415973089286013,ols
115032,3499534.0,-105.6368764021621,1.676876402162108,ols
115034,3499534.0,-105.54307861804156,3.684953618041561,ols
115072,3499534.0,-104.84490589974249,-1.2382191002575098,ols
115080,3499534.0,-104.66151580215896,1.2365158021589622,ols
115094,3499534.0,-104.28995601064727,6.563081010647267,ols
115116,3499534.0,-103.67173029426887,0.7217302942688661,ols
115133,3499534.0,-102.90339224044214,-0.2884827595578514,ols
115167,3499534.0,-101.20564517128892,7.87939517128892,ols
115178,3499534.0,-100.34911423536138,5.751614235361387,ols
115222,3499534.0,-96.09400323555957,11.632128235559563,ols
115283,3499534.0,-84.21524229865611,-3.1753827013438922,ols
115289,3499534.0,-84.73758902529842,-2.3542859747015825,ols
115305,3499534.0,-88.2533337887559,4.613958788755895,ols
115329,3499534.0,-90.5097123279725,1.540962327972494,ols
115338,3499534.0,-90.82852432198717,1.5178993219871728,ols
115354,3499534.0,-91.0613322880829,0.27195728808288777,ols
115402,3499534.0,-91.02074160200898,1.4457416020089795,ols
115426,3499534.0,-91.0200741808978,1.3844491808977892,ols
115440,3499534.0,-91.0200741808978,1.5913241808978,ols
115459,3499534.0,-91.0200741808978,1.7350741808977972,ols
115475,3499534.0,-91.0200741808978,0.6363241808977875,ols
115486,3499534.0,-91.22350126495911,0.636626264959105,ols
115496,3499534.0,-91.86192185237923,1.0362968523792233,ols
115503,3499534.0,-92.38823722283323,0.8538622228332287,ols
115524,3499534.0,-92.99020800569721,0.2058330056972153,ols
115531,3499534.0,-93.30538147817026,-0.8771185218297433,ols
115569,3499534.0,-93.99020577424557,3.37270577424556,ols
115577,3499534.0,-93.99020577424557,3.410830774245568,ols
115607,3499534.0,-94.31662493361355,0.5291249336135593,ols
115620,3499534.0,-94.54867935974502,2.313054359745024,ols
115625,3499534.0,-94.32246666247921,3.5887166624792144,ols
115633,3499534.0,-93.81564285910031,2.6900178591003083,ols
115667,3499534.0,-92.16732801160146,1.5129530116014536,ols
115687,3499534.0,-91.95883426835198,1.6475842683519772,ols
115742,3499534.0,-94.14102859223162,2.202903592231621,ols
115759,3499534.0,-95.01481918162588,-4.48330581837412,ols
115777,3499534.0,-95.5532270743632,-5.463647925636792,ols
115843,3499534.0,-95.52147792386975,-3.355397076130245,ols
115868,3499534.0,-95.52147792386975,-3.000397076130241,ols
115881,3499534.0,-95.52147792386975,-3.1260220761302406,ols
115890,3499534.0,-95.52147792386975,-4.822897076130246,ols
115913,3499534.0,-95.91298858300615,-6.800136416993851,ols
115959,3499534.0,-97.68503469263376,-11.209340307366233,ols
127571,3499534.0,-104.95219563750854,1.3734456375085387,ols
127583,3499534.0,-104.57277032408439,1.5127703240843857,ols
127590,3499534.0,-104.33210401264728,3.850229012647276,ols
127598,3499534.0,-104.05061018829036,4.187852456331598,ols
127609,3499534.0,-103.73924747506507,-0.3515858582682654,ols
127613,3499534.0,-103.56469173649089,-0.02247931614068932,ols
127625,3499534.0,-103.01553334026372,0.4692833402637149,ols
127680,3499534.0,-100.08202378917815,5.254523789178151,ols
127688,3499534.0,-99.43006101211492,7.443186012114921,ols
127707,3499534.0,-97.44918386039672,12.922308860396711,ols
127731,3499534.0,-94.28864348294132,7.013643482941319,ols
127747,3499534.0,-91.10798000015508,1.3648550001550745,ols
127759,3499534.0,-87.52994259965351,-1.6213074003464953,ols
127791,3499534.0,-88.06634822905727,3.095098229057271,ols
127838,3499534.0,-91.10500172315355,0.5700017231535526,ols
127846,3499534.0,-91.07789581415406,2.264770814154062,ols
127856,3499534.0,-91.07789581415406,3.189770814154059,ols
127861,3499534.0,-91.07789581415406,2.982270814154063,ols
127893,3499534.0,-91.09179683235158,5.011796832351578,ols
127914,3499534.0,-91.09179683235158,3.241171832351583,ols
127931,3499534.0,-91.23949784191433,0.5901228419143223,ols
127988,3499534.0,-93.74348243681017,0.6153574368101715,ols
128014,3499534.0,-93.84163639958116,-0.01773860041883779,ols
128064,3499534.0,-94.51941330284804,2.1544133028480417,ols
128096,3499534.0,-92.9966956259608,1.0498206259607912,ols
128104,3499534.0,-92.59007110811298,0.19569610811298332,ols
128140,3499534.0,-92.904591512617,0.26084151261700583,ols
128153,3499534.0,-93.46075424222612,0.3576292422261105,ols
128161,3499534.0,-93.71505603873048,-3.044318961269525,ols
128184,3499534.0,-93.69593047678089,-2.019069523219116,ols
128188,3499534.0,-93.69593047678089,-2.131569523219113,ols
128196,3499534.0,-93.69593047678089,-1.8615695232191172,ols
128215,3499534.0,-93.7247013502728,-0.6227986497272013,ols
128220,3499534.0,-93.75744086757638,-1.2713091324236245,ols
128224,3499534.0,-93.88828411165336,2.255159111653356,ols
128233,3499534.0,-94.34571875280443,-2.8849062471955733,ols
128236,3499534.0,-94.54898077573071,-0.3747692242692864,ols
128245,3499534.0,-94.85930288614824,-3.640072113851758,ols
128261,3499534.0,-95.16910828344744,-3.8840167165525514,ols
128264,3499534.0,-95.15754682742462,-4.516828172575373,ols
128336,3499534.0,-95.1352635741963,-3.9941114258036947,ols
128365,3499534.0,-95.1352635741963,-3.846611425803701,ols
128386,3499534.0,-95.62327040818238,-4.032354591817622,ols
128393,3499534.0,-95.74745379428965,-1.7425462057103402,ols
128398,3499534.0,-95.9284899765563,-3.9765100234436943,ols
128431,3499534.0,-95.92411226819262,-3.2483877318073837,ols
128434,3499534.0,-95.92411226819262,-3.105262731807386,ols
128467,3499534.0,-95.92411226819262,-2.6277627318073797,ols
128472,3499534.0,-95.92411226819262,-3.1658877318073877,ols
128481,3499534.0,-95.92925786966273,-3.9469921303372644,ols
128493,3499534.0,-95.92925786966273,-4.860117130337272,ols
128506,3499534.0,-95.92925786966273,-3.8063671303372644,ols
128548,3499534.0,-95.92925786966273,-4.881992130337267,ols
128551,3499534.0,-95.92925786966273,-5.48324213033726,ols
128579,3499534.0,-95.93291792091762,-4.0089570790823785,ols
128586,3499534.0,-96.05306807407344,-2.3475569259265683,ols
128592,3499534.0,-96.21978699701947,-6.162088002980525,ols
128594,3499534.0,-96.38449648006086,-7.120503519939135,ols
128613,3499534.0,-96.9057451913267,-5.137379808673302,ols
128619,3499534.0,-97.34739137608409,-9.003858623915903,ols
128633,3499534.0,-97.99888049945551,-16.19049450054449,ols
142517,3499534.0,-106.5679001459834,-3.304599854016601,ols
142544,3499534.0,-106.3346687621935,-4.192206237806502,ols
142565,3499534.0,-106.19625423561865,-4.818120764381348,ols
142587,3499534.0,-105.96643172309555,1.3845567230955567,ols
142604,3499534.0,-105.84298752381034,1.2448625238103403,ols
142625,3499534.0,-105.5756674273523,1.9419174273522941,ols
142629,3499534.0,-105.47710440002928,4.354604400029274,ols
142630,3499534.0,-105.39026071329303,1.807135713293036,ols
142672,3499534.0,-104.4494265967944,4.687551596794393,ols
142713,3499534.0,-102.85080232750906,0.7645523275090511,ols
142715,3499534.0,-102.63950972153526,-1.301115278464735,ols
142721,3499534.0,-102.42170078901353,1.2554507890135227,ols
142741,3499534.0,-101.19147144339007,9.829596443390074,ols
142769,3499534.0,-99.07890421220651,8.413279212206504,ols
142779,3499534.0,-97.95869170136254,14.605566701362534,ols
142782,3499534.0,-97.55188059266644,15.185630592666442,ols
142811,3499534.0,-93.92616205385599,5.887412053855996,ols
142865,3499534.0,-85.73592900592544,0.2071790059254397,ols
142866,3499534.0,-86.62940492981416,1.9031549298141641,ols
142880,3499534.0,-88.97625132416648,4.746251324166479,ols
142889,3499534.0,-89.87936538302642,3.1674903830264185,ols
142891,3499534.0,-90.38148135577157,1.9314813557715667,ols
142918,3499534.0,-92.74830732403296,1.4495573240329662,ols
142997,3499534.0,-93.64105123767071,-2.4501987623292933,ols
143004,3499534.0,-93.64105123767071,-2.312073762329291,ols
143022,3499534.0,-93.74473833675057,3.312863336750567,ols
143101,3499534.0,-92.22808486243272,3.8449598624327166,ols
143115,3499534.0,-92.1937377932054,3.4706127932054045,ols
143144,3499534.0,-92.728743991247,0.45186899124699664,ols
143163,3499534.0,-93.8777058458696,0.5633308458696007,ols
143170,3499534.0,-94.0831854292621,-0.9524395707378943,ols
143187,3499534.0,-94.28625368476901,-1.9731213152309977,ols
143211,3499534.0,-94.21391384820166,-3.18546115179835,ols
143216,3499534.0,-94.21391384820166,-2.918586151798337,ols
143228,3499534.0,-94.21391384820166,0.3007888482016625,ols
143245,3499534.0,-94.23047019770175,0.22547019770175325,ols
143286,3499534.0,-95.53843616135076,-7.9159388386492395,ols
143310,3499534.0,-95.76556028314475,0.6336852831447572,ols
143336,3499534.0,-96.81260765174625,-4.815517348253749,ols
143341,3499534.0,-96.94067356281215,-6.966826437187848,ols
143355,3499534.0,-97.3315024476952,-9.139122552304798,ols
143368,3499534.0,-97.56723127822374,-8.977768721776258,ols
143374,3499534.0,-97.7158867717412,-7.968488228258806,ols
156729,3499534.0,-106.1645050851252,-2.0498699148748045,ols
156733,3499534.0,-106.03783142885038,-1.0390435711496195,ols
156747,3499540.0,-106.98344487912405,1.4603198791240573,ols
156756,3499540.0,-106.73522342228426,-0.10040157771572922,ols
156856,3499540.0,-101.89584590915237,5.94397090915237,ols
156864,3499540.0,-101.21504349166658,6.200668491666576,ols
156876,3499540.0,-100.10189796065967,7.613147960659674,ols
156878,3499540.0,-99.7143750391734,10.591250039173403,ols
156884,3499540.0,-99.3366877958518,9.258562795851802,ols
156888,3499540.0,-98.94381331405546,10.228188314055458,ols
156918,3499540.0,-94.47621184364124,6.079961843641243,ols
156927,3499540.0,-92.63609357090473,3.496718570904733,ols
156931,3499540.0,-91.548103871107,1.1618538711069988,ols
156955,3499540.0,-86.9003052215722,-2.6409447784278086,ols
156965,3499540.0,-87.92189360050293,-0.6456063994970691,ols
156977,3499540.0,-89.86274013063132,3.5296151306313277,ols
156986,3499540.0,-91.21008812911671,4.161963129116714,ols
156993,3499540.0,-91.53839411200848,3.194019112008476,ols
157051,3499540.0,-92.0514373559048,2.8695623559047903,ols
157089,3499540.0,-92.97932795863531,-0.141922041364694,ols
157110,3499540.0,-93.67265232769633,2.240777327696321,ols
157129,3499540.0,-94.12139290182768,-0.10235709817231964,ols
157131,3499540.0,-94.23824579518651,-1.3911292048134811,ols
157148,3499540.0,-94.84383255717697,-2.243667442823039,ols
157154,3499540.0,-94.93378773891195,-2.004337261088054,ols
157159,3499540.0,-94.93378773891195,-2.4112122610880533,ols
157173,3499540.0,-94.92414093934647,-2.930859060653532,ols
157196,3499540.0,-95.14344298400083,2.32844298400083,ols
157217,3499540.0,-95.28028902685797,1.2659140268579705,ols
157249,3499540.0,-95.42524285847247,-0.42663214152753426,ols
157280,3499540.0,-95.42518689444309,5.317061894443086,ols
157282,3499540.0,-95.22997036893591,3.6749703689359023,ols
157291,3499540.0,-94.84575632068712,6.911381320687113,ols
157337,3499540.0,-93.76760229905406,-1.7155227009459395,ols
157489,3499540.0,-93.72365654497838,-0.09509345502161182,ols
157517,3499540.0,-93.70707020576899,-0.18105479423101656,ols
157524,3499540.0,-93.84581902562526,-0.31293097437473705,ols
157564,3499540.0,-96.27423817077548,-1.8682618292245223,ols
157577,3499540.0,-97.08442242869901,-7.052452571300989,ols
157590,3499540.0,-97.77055541998386,-1.6288195800161418,ols
157641,3499540.0,-97.80524612269977,-0.8453788773002344,ols
157678,3499540.0,-97.80524612269977,-1.3053788773002282,ols
157691,3499540.0,-97.80524612269977,-1.0291288773002236,ols
157723,3499540.0,-98.61310787340375,-7.71626712659625,ols
157731,3499540.0,-98.91745425621446,-7.553170743785543,ols
157772,3499540.0,-99.35028005948902,-11.09471994051097,ols
173393,3499540.0,-104.74577213263376,0.9238971326337548,ols
173416,3499540.0,-103.66158099133065,6.063455991330656,ols
173423,3499540.0,-103.27572299971862,3.048222999718618,ols
173445,3499540.0,-101.83050790484373,6.116132904843724,ols
173465,3499540.0,-99.89871355646859,13.450588556468588,ols
173470,3499540.0,-98.86211982215863,10.341494822158637,ols
16041,3502355.0,-111.27022756594361,-0.817512818671787,ols
16059,3502355.0,-111.25478872332945,0.2994315804723158,ols
16062,3502355.0,-111.48715032928338,-0.24201633738330486,ols
16075,3502355.0,-112.21997859248384,-2.217521407516159,ols
29225,3502355.0,-111.7276799579268,-0.304820042073203,ols
29231,3502355.0,-111.54374365406555,-1.34563134593445,ols
29236,3502355.0,-111.29362577944147,-4.1588742205585305,ols
29241,3502355.0,-111.39478434790979,-3.9655551582630437,ols
29247,3502355.0,-111.58412612455223,-2.818373875447776,ols
999,3538707.0,-105.08616106863991,1.7353546170270135,ols
18027,3538707.0,-83.05075423971145,-11.173302364062152,ols
18062,3538707.0,-100.74629188095366,3.170399023810802,ols
18119,3538707.0,-116.46110634687525,-3.8688936531247435,ols
18131,3538707.0,-119.00008918259495,-4.938233185826093,ols
34043,3538707.0,-105.53540778506952,3.011810846293997,ols
49581,3538707.0,-107.08734575482703,4.238595754827031,ols
49620,3538707.0,-116.81029023168348,-2.388876434983203,ols
68237,3538707.0,-103.2821090820808,2.6864840820807956,ols
68262,3538707.0,-110.50051858328392,-3.086356416716086,ols
68265,3538707.0,-111.47621033245731,-3.41066466754269,ols
68275,3538707.0,-113.35510079863434,-4.852995792274754,ols
81682,3538707.0,-112.47855096920087,-1.7270740307991304,ols
81697,3538707.0,-116.16157975742588,-2.894253575907456,ols
93253,3538707.0,-114.4161351785737,-3.9338648214262975,ols
93264,3538707.0,-116.68759311272524,-3.339906887274765,ols
93275,3538707.0,-117.91049214508176,-5.240757854918243,ols
105840,3538707.0,-108.18890025755124,0.323275257551245,ols
105843,3538707.0,-109.45844923240367,-0.0078007675963363,ols
105850,3538707.0,-111.73133170212186,-2.704293297878138,ols
105875,3538707.0,-116.95475828308969,-0.790241716910316,ols
105881,3538707.0,-117.56853166284385,-1.6264683371561404,ols
105893,3538707.0,-119.5471971756793,-3.3719694909873823,ols
119018,3538707.0,-117.52619849479235,-2.7596348385409613,ols
130772,3538707.0,-110.65572101380856,8.034471013808556,ols
130785,3538707.0,-110.72940835357461,8.126908353574606,ols
130801,3538707.0,-110.72940835357461,8.502533353574606,ols
130810,3538707.0,-110.73175380102275,8.476753801022753,ols
130826,3538707.0,-110.73175380102275,7.736128801022744,ols
130840,3538707.0,-110.72940835357461,7.936283353574609,ols
130860,3538707.0,-110.70973825135627,5.036613251356272,ols
130866,3538707.0,-109.92412847021833,6.0128784702183395,ols
130891,3538707.0,-104.71635739123558,3.4982323912355753,ols
130921,3538707.0,-88.76642261057519,3.026422610575196,ols
130923,3538707.0,-85.35755216731455,2.119427167314555,ols
130942,3538707.0,-90.78516217950289,1.5676621795028893,ols
130947,3538707.0,-93.77162185412999,8.415371854129987,ols
130967,3538707.0,-104.24595848002836,5.034708480028357,ols
130981,3538707.0,-108.22464314995094,5.945268149950934,ols
130984,3538707.0,-109.34510512474165,3.045105124741653,ols
145898,3538707.0,-92.40441305209688,1.915663052096889,ols
145916,3538707.0,-102.83496319588079,2.383088195880788,ols
145926,3538707.0,-107.61823706524855,1.4788620652485491,ols
145934,3538707.0,-110.06756049575789,-2.6711895042421077,ols
145965,3538707.0,-116.69782386815848,-1.8813427985082,ols
159744,3538707.0,-109.11306410910653,0.2355641091065337,ols
159757,3538707.0,-112.30759231195412,-2.8474076880458767,ols
159769,3538707.0,-115.06462981410905,-3.6578701858909426,ols
159787,3538707.0,-118.95938199958417,-4.855618000415831,ols
163127,3538707.0,-101.31386138490451,2.5963613849045117,ols
163137,3538707.0,-97.18925534951279,3.123630349512794,ols
163203,3538707.0,-107.3372869951583,2.2979119951582874,ols
163211,3538707.0,-109.83574970809313,-1.8161252919068716,ols
163218,3538707.0,-111.85461878025419,-3.122881219745821,ols
17431,3556102.0,-108.24793309537895,1.9683278322210782,ols
17433,3556102.0,-107.45933194015359,-2.069313893179725,ols
17463,3556102.0,-111.4603918608712,-1.473903010923678,ols
30912,3556102.0,-106.69842361154959,1.2490486115495827,ols
30917,3556102.0,-106.4704865332431,0.1192365332431109,ols
30936,3556102.0,-110.19982298511329,1.294822985113285,ols
30974,3556102.0,-111.24567331555821,0.5462983155582037,ols
31021,3556102.0,-110.9849294906785,0.22742949067850304,ols
31030,3556102.0,-110.94493516679006,0.4024351667900561,ols
31054,3556102.0,-110.92476864239187,0.056643642391861704,ols
48635,3556102.0,-107.70773295985063,0.7477329598506373,ols
48658,3556102.0,-107.51896404712048,2.831464047120477,ols
48701,3556102.0,-107.5216160153023,2.865991015302299,ols
48713,3556102.0,-107.5216160153023,2.7134910153022958,ols
48719,3556102.0,-107.5216160153023,2.852866015302297,ols
48766,3556102.0,-107.5216160153023,2.7884910153022986,ols
48770,3556102.0,-107.5216160153023,2.6647410153022975,ols
48782,3556102.0,-107.5216160153023,2.725366015302299,ols
48790,3556102.0,-107.5216160153023,2.707866015302301,ols
48795,3556102.0,-107.5216160153023,2.872866015302293,ols
67346,3556102.0,-110.1453626291801,2.4409876291801,ols
67351,3556102.0,-110.1453626291801,2.1597376291801,ols
67354,3556102.0,-110.1453626291801,2.1922376291800987,ols
67374,3556102.0,-110.1453626291801,1.9684876291801032,ols
67390,3556102.0,-110.14537915234635,2.300379152346352,ols
67413,3556102.0,-110.14537915234635,2.205379152346353,ols
67441,3556102.0,-109.5575757748752,1.3919507748751982,ols
67446,3556102.0,-108.97158168410756,1.2197066841075639,ols
67454,3556102.0,-107.28817672263726,-1.9499482773627363,ols
67470,3556102.0,-108.00500124370797,-4.756873756292038,ols
67485,3556102.0,-111.00203922932194,-2.6285857706780575,ols
67496,3556102.0,-111.1677996330603,-3.272825366939699,ols
67505,3556102.0,-111.12351754753212,-3.547107452467884,ols
67537,3556102.0,-111.12351754753212,-2.5308574524678846,ols
67560,3556102.0,-111.12943284104671,-2.459317158953297,ols
67575,3556102.0,-111.12943284104671,-2.563067158953288,ols
67583,3556102.0,-111.12943284104671,-2.628067158953286,ols
67642,3556102.0,-111.13550510464059,-2.528244895359407,ols
67667,3556102.0,-111.13550510464059,-2.621994895359407,ols
67680,3556102.0,-111.1355133662237,-2.648861633776292,ols
67711,3556102.0,-111.13550510464059,-1.3869948953594076,ols
67714,3556102.0,-111.13550510464059,-1.2257448953594121,ols
67721,3556102.0,-111.97674906751251,-1.075125932487481,ols
80213,3556102.0,-106.93985185509257,-3.240773144907436,ols
80217,3556102.0,-108.24758610888787,-0.7924138911121332,ols
80227,3556102.0,-112.9042109118345,0.3442109118344945,ols
80237,3556102.0,-114.93414797731225,2.915397977312253,ols
80240,3556102.0,-115.70934058313236,0.3093405831323537,ols
92430,3556102.0,-111.5811679445161,-1.6850820554839032,ols
92443,3556102.0,-115.61354752684515,-0.033327473154841414,ols
104652,3556102.0,-110.4811711982966,1.2342961982965903,ols
104669,3556102.0,-107.96769193433386,-1.2260580656661375,ols
104673,3556102.0,-107.50232521871492,-1.9589247812850914,ols
104683,3556102.0,-106.6564712924615,0.9939712924615094,ols
104706,3556102.0,-106.45136922990126,-2.2817557700987408,ols
104729,3556102.0,-106.42797242650278,-1.8351525734972256,ols
104734,3556102.0,-106.42797242650278,-1.8301525734972302,ols
104738,3556102.0,-106.42797242650278,-1.8695275734972228,ols
104773,3556102.0,-106.42329637045634,-1.7692036295436537,ols
104792,3556102.0,-106.42329637045634,-3.4448286295436645,ols
104802,3556102.0,-106.41915731731275,-1.6845926826872528,ols
104823,3556102.0,-109.03481584131517,-3.5033091586848286,ols
104836,3556102.0,-113.00283769113217,1.3540876911321647,ols
117041,3556102.0,-106.53493514316946,-0.923814856830532,ols
117062,3556102.0,-113.91909682874217,2.3134718287421663,ols
31151,3684372.0,-101.2586734398084,-6.43445156019159,ols
31178,3684372.0,-103.48468386245868,-4.137738817953675,ols
48892,3684372.0,-101.59358725835888,-4.185787741641121,ols
48918,3684372.0,-103.33506520960216,-4.172666749160712,ols
67734,3684372.0,-96.00622458096966,-7.293254585697028,ols
67736,3684372.0,-97.15494818475646,-6.371301815243541,ols
67751,3684372.0,-99.9941206494044,-1.904629350595613,ols
67798,3684372.0,-103.53655054532564,-4.731574454674359,ols
67809,3684372.0,-104.0437029408366,-6.35629705916341,ols
67813,3684372.0,-104.25457916641895,-5.582920833581056,ols
80270,3684372.0,-101.37610883319053,-4.035766166809466,ols
117128,3684372.0,-103.1400391900408,-0.6949608099591984,ols
117146,3684372.0,-103.79992903866045,-3.7550709613395554,ols
117150,3684372.0,-103.83862088444312,-5.190754115556885,ols
117154,3684372.0,-103.85044571952251,-4.558304280477486,ols
117173,3684372.0,-103.81691245804322,-5.284962541956787,ols
117183,3684372.0,-103.81691245804322,-5.439337541956775,ols
117192,3684372.0,-103.81691245804322,-5.18371254195678,ols
117197,3684372.0,-103.81691245804322,-5.340587541956779,ols
117205,3684372.0,-103.81691245804322,-5.2062125419567735,ols
117212,3684372.0,-103.81691245804322,-5.454962541956775,ols
117270,3684372.0,-103.88632916697384,-6.176170833026163,ols
117273,3684372.0,-103.87160232028538,-5.925272679714624,ols
130163,3684372.0,-97.52639581668764,3.0363958166876444,ols
130208,3684372.0,-94.64916709114256,0.2141670911425564,ols
130243,3684372.0,-98.43268073925937,-4.4160692607406276,ols
130300,3684372.0,-103.4061472494731,-1.614477750526902,ols
144893,3684372.0,-100.8518153538291,-3.50836505854204,ols
144898,3684372.0,-100.68412933837418,-1.6039956616258166,ols
144909,3684372.0,-100.5715766164769,-1.5009233835231015,ols
144915,3684372.0,-100.5715766164769,-1.3634233835230987,ols
144931,3684372.0,-100.57789304921513,-1.3052319507848722,ols
144936,3684372.0,-100.57789304921513,-1.5871069507848716,ols
144965,3684372.0,-99.42737108509334,5.462996085093337,ols
144980,3684372.0,-97.16335367169206,2.148353671692064,ols
145004,3684372.0,-94.88343678212362,0.8453117821236305,ols
145022,3684372.0,-94.73774495991638,0.9121199599163816,ols
145086,3684372.0,-94.73774495991638,1.0402449599163788,ols
145116,3684372.0,-94.73774495991638,0.7508699599163862,ols
145129,3684372.0,-94.73774495991638,0.9739949599163822,ols
145139,3684372.0,-94.73774495991638,0.9289949599163805,ols
145200,3684372.0,-94.73774495991638,1.0821199599163833,ols
145211,3684372.0,-94.73774495991638,0.3708699599163907,ols
145240,3684372.0,-94.87249388266059,1.2512438826605887,ols
145257,3684372.0,-97.70424133628158,-6.706383663718412,ols
145274,3684372.0,-100.78748332398263,-4.623766676017368,ols
145307,3684372.0,-103.17978048993675,-1.1452195100632565,ols
158841,3684372.0,-98.63037720074283,3.5847522007428267,ols
158844,3684372.0,-98.30891413209514,3.5570391320951416,ols
158862,3684372.0,-97.58365758055956,2.0611575805595663,ols
158871,3684372.0,-97.61950653890855,2.068881538908556,ols
158887,3684372.0,-97.61950653890855,1.8676315389085545,ols
158893,3684372.0,-97.61950653890855,1.773256538908555,ols
158908,3684372.0,-97.61950653890855,1.8595065389085477,ols
158946,3684372.0,-97.61950653890855,1.679506538908555,ols
158970,3684372.0,-97.61950653890855,1.8876315389085505,ols
158981,3684372.0,-97.61950653890855,2.0620065389085482,ols
158990,3684372.0,-97.61950653890855,1.8232565389085522,ols
159033,3684372.0,-95.01194810436346,0.7631981043634539,ols
159044,3684372.0,-96.82531119886016,-6.352188801139832,ols
159055,3684372.0,-98.4883264423371,-4.508548557662905,ols
159110,3684372.0,-103.43867539997063,-1.9419496000293606,ols
160868,3684372.0,-105.36902060250478,2.3615206025047826,ols
160893,3684372.0,-105.35667350387604,2.44854850387604,ols
160900,3684372.0,-105.33516708507543,2.2845420850754294,ols
160902,3684372.0,-105.32171633517262,2.0367163351726276,ols
160920,3684372.0,-105.2797381706408,2.1528631706407992,ols
160933,3684372.0,-105.24128282155972,1.9744078215597227,ols
160935,3684372.0,-105.22595487908808,2.053454879088079,ols
160948,3684372.0,-105.1752805337583,1.8952805337582959,ols
160996,3684372.0,-105.15208414894423,2.0870841489442284,ols
161044,3684372.0,-105.30827051228444,2.326395512284435,ols
161082,3684372.0,-105.34109428365896,2.3173442836589544,ols
161121,3684372.0,-105.34181362779296,2.1849386277929597,ols
161262,3684372.0,-105.28536974834736,-0.7333802516526333,ols
161275,3684372.0,-105.50737117293357,3.227371172933573,ols
161284,3684372.0,-105.63992264715887,1.8105476471588702,ols
161291,3684372.0,-105.76396516714159,1.731465167141593,ols
69964,3725845.0,-107.55130336892886,-2.4297572371317386,ols
120184,3725845.0,-107.62685635972232,4.783501929342563,ols
120198,3725845.0,-107.50054998178388,-1.2700750182161187,ols
120216,3725845.0,-107.407703917235,-5.202296082765002,ols
133236,3725845.0,-105.91148563316429,-1.1685143668357085,ols
133239,3725845.0,-105.91148563316429,-1.008514366835712,ols
133252,3725845.0,-105.91148563316429,-0.7722643668357136,ols
133273,3725845.0,-106.13823400360597,2.9526669932966882,ols
13713,3950085.0,-106.05008375917357,4.301309249369652,ols
13721,3950085.0,-105.51767773564615,4.496844402312831,ols
13731,3950085.0,-104.95030224774074,8.468820766259256,ols
13739,3950085.0,-104.3324075558082,8.343277121025608,ols
13750,3950085.0,-103.32118588330471,8.221754065122909,ols
13752,3950085.0,-102.96157973465112,6.937872838099409,ols
13766,3950085.0,-101.78015627344958,5.351584844878133,ols
13787,3950085.0,-99.28578414670261,5.95907960124805,ols
13800,3950085.0,-96.59848667157084,8.52110571918989,ols
13815,3950085.0,-93.94978822598205,7.524192987886806,ols
13823,3950085.0,-91.74036798661064,0.12895494313235645,ols
13824,3950085.0,-90.42700052508465,4.543848351171604,ols
13828,3950085.0,-88.90113288082256,3.503811452251128,ols
13837,3950085.0,-84.97927914332408,2.5999687984964908,ols
13849,3950085.0,-78.17578332926377,-6.117694931605797,ols
13878,3950085.0,-91.08199743870367,-1.7695650612963334,ols
13882,3950085.0,-92.16695047023168,-2.3549245297683115,ols
14057,3950085.0,-91.86748032219622,1.8076977135005592,ols
14067,3950085.0,-90.29482386032655,2.9302405269932166,ols
14093,3950085.0,-79.62004004568162,-10.126487732096152,ols
14113,3950085.0,-92.16888934051212,-4.350341428718636,ols
14182,3950085.0,-104.20179749823672,3.639297498236715,ols
14221,3950085.0,-107.2833681226363,0.7184642764824645,ols
14242,3950085.0,-108.46692434114634,-2.7236244393414637,ols
14249,3950085.0,-108.9215971773904,-4.109652822609604,ols
14271,3950085.0,-109.97835903504085,-5.658359714959147,ols
14282,3950085.0,-110.55396308841645,-5.628328578250233,ols
14301,3950085.0,-111.43754505261809,-4.8784271696041515,ols
13923,3950087.0,-42.071919338203486,-44.178080661796514,ols
13939,3950087.0,-42.19196023175817,-46.36161119681326,ols
13950,3950087.0,-42.40924538800817,-52.593661588736026,ols
13970,3950087.0,-42.1934555930863,-58.66071107358039,ols
13978,3950087.0,-40.68091286847692,-59.4396228458088,ols
13998,3950087.0,-37.93164529035192,-45.966381025437556,ols
14000,3950087.0,-37.1561783714066,-43.1250716285934,ols
14014,3950087.0,-34.25482644269569,-54.52017355730432,ols
14029,3950087.0,-47.4307602805863,-45.259715909889906,ols
41212,3952901.0,-107.19898634453781,-0.26913865546218574,mean_fallback
41217,3952901.0,-107.19898634453781,0.15461134453781256,mean_fallback
88189,3952901.0,-107.19898634453781,-2.7877157831217403,mean_fallback
41325,3952902.0,-110.60180893690588,8.397433936905884,ols
41327,3952902.0,-110.39501014282499,8.695010142824984,ols
41336,3952902.0,-110.02075550335803,11.581380503358034,ols
41341,3952902.0,-109.85748310801503,11.011233108015034,ols
41345,3952902.0,-109.74600300264188,11.449128002641885,ols
41347,3952902.0,-109.63964909661732,11.378399096617315,ols
41374,3952902.0,-108.45097690087789,5.634726900877894,ols
41375,3952902.0,-108.23062608553073,6.3918760855307255,ols
41388,3952902.0,-107.6705909110524,6.901215911052404,ols
41413,3952902.0,-105.29120109027686,3.0955760902768503,ols
41430,3952902.0,-103.19705185624093,1.0633018562409262,ols
41434,3952902.0,-102.61697484161662,0.224474841616626,ols
41484,3952902.0,-92.75429355606776,-4.6069564439322335,ols
41501,3952902.0,-95.56941873887484,5.6219187388748395,ols
41506,3952902.0,-95.83148621098957,6.55773621098956,ols
41541,3952902.0,-96.45818722921263,3.8106872292126326,ols
41553,3952902.0,-97.42836885600228,-1.0360061439977244,ols
41557,3952902.0,-98.36879495783771,-1.0724550421622894,ols
41573,3952902.0,-102.97862020912277,-7.693879790877233,ols
88293,3952902.0,-110.32731737572965,9.564817375729646,ols
88328,3952902.0,-106.5499060915663,1.3280310915663023,ols
88344,3952902.0,-103.96712652553772,2.117126525537728,ols
88409,3952902.0,-97.53993313542054,5.697433135420539,ols
88417,3952902.0,-98.89639787272657,3.275772872726563,ols
88422,3952902.0,-99.9638931130936,2.39514311309361,ols
88451,3952902.0,-105.2592738749582,-7.904476125041796,ols
88452,3952902.0,-105.89527612516837,-8.93847387483163,ols
88456,3952902.0,-106.44528617087143,-9.757213829128574,ols
88462,3952902.0,-106.89145069709487,-10.48667430290513,ols
113225,3952902.0,-109.23191002199675,6.786119205670218,ols
113243,3952902.0,-107.93296140972959,2.344836409729581,ols
113249,3952902.0,-107.06264387008481,3.7826438700848115,ols
113280,3952902.0,-101.9166467861164,-0.5533532138835966,ols
113283,3952902.0,-100.79793163928639,2.685431639286392,ols
113313,3952902.0,-92.58688821510877,-6.08000008276359,ols
113317,3952902.0,-92.42672184203116,-3.1014031579688464,ols
113361,3952902.0,-101.8930275490523,-8.088222450947697,ols
113379,3952902.0,-105.0825083801805,-13.127491619819494,ols
125792,3952902.0,-104.79859774335398,-9.161751719011605,ols
139783,3952902.0,-105.66123861008269,-9.397140510796433,ols
139811,3952902.0,-109.04846110803555,-9.341538891964447,ols
139816,3952902.0,-109.43246310192882,-6.776286898071177,ols
139830,3952902.0,-110.74977849084382,-0.1977215091561817,ols
139859,3952902.0,-112.58673392997821,-7.698891070021787,ols
139866,3952902.0,-112.91731907483054,-5.182461626923839,ols
154637,3952902.0,-111.53249610171949,-1.2962538982805114,ols
154641,3952902.0,-111.80884790929315,-2.7786520907068564,ols
11787,3952905.0,-93.30159542529518,3.7715028327025806,ols
11797,3952905.0,-93.50178352018055,-3.3934370680547232,ols
26259,3952905.0,-98.33643138955154,8.90893138955154,ols
63282,3952905.0,-93.21282389572568,6.190323895725683,ols
75471,3952905.0,-93.07498064842986,3.125605648429854,ols
75493,3952905.0,-97.65428518733516,-0.385714812664844,ols
75497,3952905.0,-99.99745597196268,0.4062059719626774,ols
100816,3952905.0,-93.15916338197681,7.260413381976804,ols
125611,3952916.0,-111.86107553649106,6.99857553649106,ols
125630,3952916.0,-109.97245571713927,1.7312057171392752,ols
125651,3952916.0,-107.00987340920767,-0.6320015907923278,ols
125686,3952916.0,-97.94875019894293,0.9143751989429347,ols
125700,3952916.0,-99.05732858355933,0.7904535835593265,ols
125721,3952916.0,-103.3265004844027,-3.2041245155973,ols
125725,3952916.0,-104.02959316360155,-4.482281836398457,ols
125777,3952916.0,-105.18140172905086,-7.5517232709491395,ols
139643,3952916.0,-108.98426334304611,4.689888343046107,ols
139709,3952916.0,-98.78013221886678,0.7501322188667814,ols
139716,3952916.0,-98.07948991715409,5.580114917154091,ols
139761,3952916.0,-102.43294099857705,-2.458309001422947,ols
139773,3952916.0,-104.99756129534433,-8.720563704655675,ols
139774,3952916.0,-105.72849164328005,-9.071508356719946,ols
154469,3952916.0,-107.8853898337692,1.1516398337691953,ols
154480,3952916.0,-105.651294398759,1.1825443987590063,ols
154543,3952916.0,-99.12891411851353,2.710164118513532,ols
154570,3952916.0,-105.96824209850132,-8.554882901498672,ols
1842,3998479.0,-105.51115580818232,-5.393219191817678,ols
1848,3998479.0,-105.51115580818232,-4.711969191817673,ols
1859,3998479.0,-105.51115580818232,-3.451969191817682,ols
1865,3998479.0,-105.51115580818232,-4.669469191817683,ols
1871,3998479.0,-105.51115580818232,-7.666969191817671,ols
1928,3998479.0,-105.6324631812292,-6.154411818770797,ols
1933,3998479.0,-105.6324631812292,-6.276286818770799,ols
1944,3998479.0,-105.6324631812292,-4.186286818770796,ols
1960,3998479.0,-105.6324631812292,-5.100661818770803,ols
1972,3998479.0,-105.6324631812292,-3.937536818770795,ols
1983,3998479.0,-105.6324631812292,-3.7950368187707966,ols
2038,3998479.0,-105.6324631812292,-4.0050368187708045,ols
2045,3998479.0,-105.6324631812292,-4.7750368187708006,ols
2058,3998479.0,-105.6324631812292,-4.160036818770806,ols
2077,3998479.0,-105.6324631812292,-4.8175368187708045,ols
2108,3998479.0,-105.6324631812292,-5.699411818770798,ols
2128,3998479.0,-105.6324631812292,-6.635661818770799,ols
2147,3998479.0,-105.6324631812292,-6.781286818770795,ols
2173,3998479.0,-105.6324631812292,-5.8287868187708085,ols
2194,3998479.0,-105.6324631812292,-5.763786818770797,ols
2205,3998479.0,-105.6324631812292,-6.5256618187708,ols
2213,3998479.0,-105.6324631812292,-9.247536818770797,ols
2232,3998479.0,-105.6324631812292,-6.647536818770803,ols
2242,3998479.0,-105.6324631812292,-6.691911818770805,ols
2248,3998479.0,-105.6324631812292,-7.284411818770806,ols
2265,3998479.0,-105.6324631812292,-6.7350368187708085,ols
2318,3998479.0,-105.6324631812292,-7.153161818770798,ols
2330,3998479.0,-105.6324631812292,-4.653161818770798,ols
2342,3998479.0,-105.6324631812292,-5.600661818770803,ols
2355,3998479.0,-105.6324631812292,-5.774411818770801,ols
2372,3998479.0,-105.6324631812292,-6.178786818770803,ols
2380,3998479.0,-105.6324631812292,-5.865036818770804,ols
2386,3998479.0,-105.6324631812292,-4.2662868187708085,ols
2397,3998479.0,-105.6324631812292,-3.966286818770797,ols
2404,3998479.0,-105.6324631812292,-5.854411818770799,ols
2408,3998479.0,-105.6324631812292,-5.571703485437482,ols
2414,3998479.0,-105.6324631812292,-7.315661818770806,ols
2527,3998479.0,-105.6324631812292,-6.093161818770795,ols
2532,3998479.0,-105.6324631812292,-5.933786818770798,ols
2549,3998479.0,-105.6324631812292,-5.996911818770798,ols
2554,3998479.0,-105.6324631812292,-6.559411818770798,ols
2583,3998479.0,-105.6324631812292,-8.148786818770802,ols
2586,3998479.0,-105.6324631812292,-8.293786818770798,ols
2593,3998479.0,-105.6324631812292,-6.568161818770804,ols
2609,3998479.0,-105.6324631812292,-7.3381618187708,ols
2664,3998479.0,-105.6324631812292,-9.515661818770795,ols
2690,3998479.0,-105.6324631812292,-6.591286818770797,ols
2694,3998479.0,-105.6324631812292,-7.4631618187708,ols
2743,3998479.0,-105.6324631812292,-8.023786818770802,ols
2764,3998479.0,-105.6324631812292,-5.8219118187708006,ols
2768,3998479.0,-105.6324631812292,-8.317536818770805,ols
2812,3998479.0,-105.6324631812292,-7.063786818770808,ols
2817,3998479.0,-105.6324631812292,-8.038161818770803,ols
2871,3998479.0,-105.6324631812292,-5.224411818770804,ols
2875,3998479.0,-105.6324631812292,-5.274411818770801,ols
2903,3998479.0,-105.6324631812292,-6.831911818770806,ols
2931,3998479.0,-105.61232157966671,-10.93142842033329,ols
2933,3998479.0,-105.61232157966671,-10.13455342033329,ols
2942,3998479.0,-105.61232157966671,-8.808928420333288,ols
2958,3998479.0,-105.61232157966671,-6.677053420333294,ols
2967,3998479.0,-105.61232157966671,-7.58767842033329,ols
2993,3998479.0,-105.61232157966671,-8.54017842033329,ols
3053,3998479.0,-105.61232157966671,-6.083928420333294,ols
3056,3998479.0,-105.61232157966671,-5.537053420333294,ols
3076,3998479.0,-105.61232157966671,-3.965178420333288,ols
3099,3998479.0,-105.61232157966671,-5.587053420333291,ols
3100,3998479.0,-105.61232157966671,-5.205803420333282,ols
3137,3998479.0,-105.61232157966671,-6.010803420333289,ols
3159,3998479.0,-105.61232157966671,-5.402053420333289,ols
3163,3998479.0,-105.61232157966671,-9.793303420333288,ols
3217,3998479.0,-105.61232157966671,-5.578928420333284,ols
3229,3998479.0,-105.61232157966671,-5.783303420333283,ols
3238,3998479.0,-105.61232157966671,-8.30580342033329,ols
3249,3998479.0,-105.61232157966671,-7.66580342033329,ols
3253,3998479.0,-105.61232157966671,-5.66580342033329,ols
3275,3998479.0,-105.61232157966671,-6.284553420333282,ols
3290,3998479.0,-105.61232157966671,-5.762053420333288,ols
3302,3998479.0,-105.61232157966671,-5.335803420333292,ols
3342,3998479.0,-105.61494609138545,-8.484428908614547,ols
3382,3998479.0,-106.12339946052607,-6.970975539473926,ols
3386,3998479.0,-106.12339946052607,-5.44660053947392,ols
3408,3998479.0,-106.12339946052607,-4.735350539473927,ols
3416,3998479.0,-106.12339946052607,-3.44660053947392,ols
3420,3998479.0,-106.12339946052607,-4.10285053947392,ols
3480,3998479.0,-106.12339946052607,-3.0341005394739256,ols
3485,3998479.0,-106.12339946052607,-3.6178505394739204,ols
3514,3998479.0,-106.12339946052607,-4.759824223684447,ols
3549,3998479.0,-106.12619181892451,-3.5206831810754835,ols
3573,3998479.0,-106.12619181892451,-4.040683181075494,ols
3588,3998479.0,-106.12619181892451,-5.510683181075493,ols
3613,3998479.0,-106.12619181892451,-4.490683181075482,ols
3643,3998479.0,-106.12619181892451,-3.796933181075488,ols
3658,3998479.0,-106.12339946052607,-4.432850539473932,ols
3673,3998479.0,-106.12339946052607,-4.671600539473928,ols
3685,3998479.0,-106.12339946052607,-4.580350539473926,ols
3706,3998479.0,-106.12339946052607,-4.761600539473932,ols
3709,3998479.0,-106.12339946052607,-6.200350539473931,ols
3729,3998479.0,-106.12339946052607,-5.503475539473925,ols
3737,3998479.0,-106.12339946052607,-3.7784755394739307,ols
3751,3998479.0,-106.12339946052607,-3.6859755394739295,ols
3764,3998479.0,-106.12339946052607,-2.995975539473932,ols
3799,3998479.0,-106.10371562263545,-5.104409377364547,ols
3803,3998479.0,-106.10371562263545,-4.910034377364553,ols
3811,3998479.0,-106.10371562263545,-4.212534377364548,ols
3842,3998479.0,-106.10371562263545,-3.758784377364549,ols
3865,3998479.0,-106.10371562263545,-3.861284377364555,ols
3869,3998479.0,-106.10371562263545,-3.2444093773645477,ols
3886,3998479.0,-106.10099955818232,-3.0908754418176727,ols
3894,3998479.0,-106.10099955818232,-3.1740004418176824,ols
3967,3998479.0,-106.10099955818232,-3.892125441817683,ols
3981,3998479.0,-106.10099955818232,-3.8108754418176716,ols
4009,3998479.0,-106.10099955818232,-3.2408754418176784,ols
4013,3998479.0,-106.10099955818232,-3.745875441817674,ols
4022,3998479.0,-106.10099955818232,-3.271500441817679,ols
4046,3998479.0,-106.10099955818232,-4.263375441817672,ols
4050,3998479.0,-106.10099955818232,-4.401500441817674,ols
4059,3998479.0,-106.10099955818232,-4.554625441817677,ols
4073,3998479.0,-106.10099955818232,-4.939625441817682,ols
4079,3998479.0,-106.10099955818232,-4.397125441817678,ols
4087,3998479.0,-106.10099955818232,-3.78150044181767,ols
4129,3998479.0,-106.09831401130732,-4.511060988692677,ols
4138,3998479.0,-106.09831401130732,-4.422935988692672,ols
4185,3998479.0,-106.09831401130732,-3.9329359886926767,ols
4282,3998479.0,-106.09572001716671,-4.049904982833283,ols
4302,3998479.0,-106.09572001716671,-5.05740498283329,ols
4305,3998479.0,-106.09572001716671,-4.194279982833294,ols
4309,3998479.0,-106.09572001716671,-4.282404982833285,ols
4318,3998479.0,-106.09572001716671,-4.350529982833294,ols
4320,3998479.0,-106.07606669685421,-4.74893330314579,ols
4394,3998479.0,-106.09572001716671,-4.4980299828332875,ols
4398,3998479.0,-106.09572001716671,-5.770529982833281,ols
4419,3998479.0,-106.07606669685421,-4.953308303145789,ols
4440,3998479.0,-106.07606669685421,-4.308308303145793,ols
4446,3998479.0,-106.07606669685421,-4.328933303145789,ols
4466,3998479.0,-106.07606669685421,-3.4014333031457937,ols
4490,3998479.0,-106.07606669685421,-4.204558303145788,ols
4516,3998479.0,-106.07606669685421,-5.043308303145793,ols
4525,3998479.0,-106.07606669685421,-3.840808303145792,ols
4554,3998479.0,-106.09572001716671,-3.264279982833287,ols
4600,3998479.0,-106.07606669685421,-3.6383083031457915,ols
4612,3998479.0,-106.07606669685421,-4.57768330314579,ols
4629,3998479.0,-106.07606669685421,-4.877683303145787,ols
4678,3998479.0,-106.07866069099482,-5.997589309005178,ols
4724,3998479.0,-106.07866069099482,-5.0075893090051835,ols
4741,3998479.0,-106.07866069099482,-4.568214309005171,ols
4751,3998479.0,-106.07866069099482,-4.963839309005181,ols
4768,3998479.0,-106.07866069099482,-5.4338393090051795,ols
4805,3998479.0,-106.07866069099482,-5.264464309005177,ols
4826,3998479.0,-106.07866069099482,-5.24071430900517,ols
4855,3998479.0,-106.07866069099482,-4.390089309005177,ols
4870,3998479.0,-106.07866069099482,-4.268839309005173,ols
4877,3998479.0,-106.07866069099482,-5.6057143090051795,ols
4893,3998479.0,-106.07866069099482,-4.318214309005171,ols
4928,3998479.0,-106.07866069099482,-3.529464309005178,ols
4937,3998479.0,-106.07866069099482,-2.9563393090051733,ols
4951,3998479.0,-106.07866069099482,-4.109464309005176,ols
4956,3998479.0,-106.07866069099482,-6.545089309005178,ols
4972,3998479.0,-106.23370524665889,-8.841294753341117,ols
5015,3998479.0,-107.72773906013545,-10.057885939864548,ols
82254,3998479.0,-95.1862961890417,-10.609953810958302,ols
82285,3998479.0,-100.48535319587762,-10.807771804122382,ols
82290,3998479.0,-103.50288554451045,-8.065239455489547,ols
119542,3998479.0,-98.52589579841671,-8.046906399385492,ols
119550,3998479.0,-89.52356120369014,-2.9245637963098687,ols
119576,3998479.0,-101.69885417244015,-6.919270827559856,ols
131950,3998479.0,-108.94551249763545,-11.672543057920109,ols
146503,3998479.0,-98.78019877693232,-5.319176223067672,ols
146517,3998479.0,-88.49414225837762,-3.3808577416223784,ols
146565,3998479.0,-110.83651896736201,-9.10931436597133,ols
131972,3998484.0,-56.81020338014079,-40.334796619859205,ols
131977,3998484.0,-53.65566236451579,-31.40683763548421,ols
131981,3998484.0,-51.879997081312666,-33.150627918687334,ols
131996,3998484.0,-61.289420909437666,-48.757454090562334,ols
132001,3998484.0,-64.15328199342206,-46.956093006577944,ols
164103,3998484.0,-73.21138746217204,-43.669494890769116,ols
164125,3998484.0,-55.37233716920329,-32.772037830796705,ols
146520,3998485.0,-39.581078148322334,-38.12017185167767,ols
146526,3998485.0,-43.479393578009834,-58.75060642199017,ols
160507,3998485.0,-50.75194606824421,-62.46430393175579,ols
164090,3998485.0,-53.298866844611396,-57.63175815538861,ols
1706,4000013.0,-35.142952010004265,-67.75392298999573,ols
1725,4000013.0,-34.559272810785515,-68.16072718921448,ols
34603,4000013.0,-39.50278477367614,-69.66221522632387,ols
50220,4000013.0,-25.489433333246453,-58.72869166675355,ols
50237,4000013.0,-25.53452305492614,-56.30672694507386,ols
50241,4000013.0,-25.53452305492614,-56.18485194507386,ols
50270,4000013.0,-25.525474593012092,-55.94140040698791,ols
50282,4000013.0,-25.53452305492614,-55.991726945073864,ols
50292,4000013.0,-25.53452305492614,-56.02672694507386,ols
50300,4000013.0,-25.53452305492614,-56.56235194507386,ols
50317,4000013.0,-25.53452305492614,-54.80922694507386,ols
50344,4000013.0,-25.840461775629265,-60.346413224370735,ols
50354,4000013.0,-27.987678572504265,-67.29107142749574,ols
50360,4000013.0,-32.6374435871527,-69.5969314128473,ols
50366,4000013.0,-35.438087508051154,-70.17691249194884,ols
50385,4000013.0,-47.07173924144958,-68.25638575855042,ols
68870,4000013.0,-34.96852879223083,-74.23584620776917,ols
68891,4000013.0,-25.498786970941765,-56.05996302905824,ols
68919,4000013.0,-28.285118147699578,-57.92738185230043,ols
68930,4000013.0,-28.255302473871453,-66.97532252612855,ols
68962,4000013.0,-29.548606917230828,-65.26326808276917,ols
68973,4000013.0,-30.772102400629265,-72.68039759937074,ols
68980,4000013.0,-31.528526350824592,-69.01272364917541,ols
68989,4000013.0,-32.18221287426208,-67.03716212573792,ols
70134,4000013.0,-92.20900730785583,-0.00538222702789426,ols
82231,4000013.0,-36.34787754711364,-68.49399745288636,ols
82232,4000013.0,-39.51058201488708,-67.35191798511292,ols
119531,4000013.0,-40.8669357746527,-66.93556422534729,ols
1638,4000014.0,-56.42017301106762,-52.27545198893239,ols
1665,4000014.0,-35.263419471028556,-59.515955528971446,ols
1671,4000014.0,-39.10721524739574,-64.18028475260425,ols
1692,4000014.0,-58.89852078938793,-60.655050639183514,ols
34470,4000014.0,-56.24068387532543,-53.424941124674575,ols
34504,4000014.0,-34.22916348958323,-47.840836510416764,ols
34516,4000014.0,-39.49997647786449,-60.2562735221355,ols
49953,4000014.0,-56.06026395345043,-53.809111046549575,ols
49993,4000014.0,-35.646354041341056,-40.32739595865894,ols
49996,4000014.0,-34.556022010091056,-41.98647798990895,ols
50005,4000014.0,-34.285331092122306,-45.56529390787769,ols
68854,4000014.0,-59.52820523763012,-61.419126223044046,ols
82140,4000014.0,-45.30969937825512,-51.750300621744884,ols
119442,4000014.0,-44.91506131673168,-54.16056368326832,ols
119447,4000014.0,-41.04852994466137,-48.27897005533863,ols
119457,4000014.0,-34.50913175130199,-49.060243248698,ols
119458,4000014.0,-35.00763638997388,-57.11173861002612,ols
119471,4000014.0,-45.932975135091056,-62.94827486490894,ols
119491,4000014.0,-59.03336270833326,-60.53207846813734,ols
119500,4000014.0,-62.539725623372306,-58.101941043294374,ols
160401,4000014.0,-54.090506873372306,-60.9219931266277,ols
49885,4000015.0,-61.46760221006295,-55.77888655398199,ols
49894,4000015.0,-57.55064054014106,-58.646234459858945,ols
49904,4000015.0,-50.413830237406685,-61.37929476259332,ols
49931,4000015.0,-54.24746366025825,-56.21066133974175,ols
82072,4000015.0,-58.90555997373481,-60.7119400262652,ols
82111,4000015.0,-51.429287390727,-52.370712609273,ols
82115,4000015.0,-54.87347074033639,-55.27652925966362,ols
82118,4000015.0,-58.20280118467231,-55.73532381532769,ols
93617,4000015.0,-45.551037268656685,-36.277087731343315,ols
93633,4000015.0,-56.2943996954145,-55.6587253045855,ols
93644,4000015.0,-63.93388028623481,-56.359139194284666,ols
119422,4000015.0,-62.08616300107856,-51.71133699892144,ols
34553,4000020.0,-71.07781868484811,-50.98468131515189,ols
34555,4000020.0,-72.2009113362153,-52.4865886637847,ols
68789,4000020.0,-52.8957813313325,-47.7917186686675,ols
68802,4000020.0,-43.17364388016061,-35.98260611983939,ols
68810,4000020.0,-45.923659138949674,-35.826340861050326,ols
68814,4000020.0,-48.90319710281686,-56.84680289718314,ols
68820,4000020.0,-54.771620564730924,-56.853379435269076,ols
68835,4000020.0,-61.95403938797311,-52.98346061202689,ols
146439,4000020.0,-71.10314827469188,-51.870368674460664,ols
146442,4000020.0,-72.43899422195749,-51.2151724447092,ols
160334,4000020.0,-62.34271126297311,-50.51183419157235,ols
160342,4000020.0,-57.2497394612153,-50.6746355387847,ols
160348,4000020.0,-54.244826131137174,-48.302673868862826,ols
160358,4000020.0,-44.411101155551236,-42.617648844448766,ols
1597,4000021.0,-66.24708777867231,-53.10817537922243,ols
68755,4000021.0,-55.98036414585981,-35.30088585414019,ols
68779,4000021.0,-71.99797278843793,-45.439527211562066,ols
68780,4000021.0,-74.28373939000043,-45.810010609999566,ols
82095,4000021.0,-53.3484519144145,-40.5890480855855,ols
146300,4000021.0,-55.791124643906684,-37.646375356093316,ols
146309,4000021.0,-62.73520118199262,-46.07729881800738,ols
160311,4000021.0,-53.357118906602,-38.097256093398,ols
160323,4000021.0,-63.51236182652387,-45.93201317347612,ols
160326,4000021.0,-66.63264686070356,-45.701103139296436,ols
160333,4000021.0,-69.41285926304731,-47.364401375250566,ols
87489,4051725.0,-87.5914649401476,-2.5460350598524,ols
87497,4051725.0,-87.54752949916949,-3.08747050083052,ols
87505,4051725.0,-87.54702490111674,-2.2623500988832603,ols
87526,4051725.0,-87.54752949916949,-1.8043455008305216,ols
87535,4051725.0,-87.54702490111674,-0.9086000988832552,ols
87539,4051725.0,-87.54702490111674,-1.2948500988832592,ols
87540,4051725.0,-87.532683693302,-1.7741913066980004,ols
87560,4051725.0,-87.532683693302,-1.594816306697993,ols
87612,4051725.0,-87.532683693302,-2.5116913066979976,ols
87626,4051725.0,-87.53218794784667,-2.2509370521533327,ols
87637,4051725.0,-87.53218794784667,-1.8553120521533373,ols
87651,4051725.0,-87.51166762703521,2.6916676270352156,ols
87679,4051725.0,-87.05727265424328,-0.7352273457567264,ols
87692,4051725.0,-86.81375540450998,0.4250054045099745,ols
87705,4051725.0,-84.72874739798698,2.72749739798698,ols
87734,4051725.0,-74.36255058039944,-7.3099494196005566,ols
87741,4051725.0,-73.06404273874867,-7.925332261251327,ols
87747,4051725.0,-74.4460217214397,-5.398353278560293,ols
87811,4051725.0,-84.61211442702448,2.751489427024481,ols
41000,4051727.0,-89.92684584767312,-4.693154152326883,ols
41003,4051727.0,-90.78472206347008,-3.5546529365299193,ols
41021,4051727.0,-93.89843809088975,3.007813090889755,ols
41133,4051727.0,-100.2858968451695,6.380271845169503,ols
41140,4051727.0,-100.74496966188329,2.239344661883294,ols
41164,4051727.0,-101.88207160655321,-2.0673033934467924,ols
41184,4051727.0,-102.71622452131832,-7.29002547868167,ols
57215,4051727.0,-93.07210556449425,14.543980564494248,ols
57270,4051727.0,-84.97579000970626,-3.11920999029374,ols
57281,4051727.0,-85.01965408748889,2.448404087488882,ols
57287,4051727.0,-85.15683127230744,3.9105812723074393,ols
57315,4051727.0,-86.83577545137959,-3.2979745486204166,ols
57344,4051727.0,-87.41970506453077,-3.168419935469231,ols
57359,4051727.0,-87.85573904623391,-1.91301095376609,ols
57368,4051727.0,-88.51982399939689,-3.936426000603106,ols
57387,4051727.0,-88.98174390349665,-4.243881096503344,ols
57391,4051727.0,-89.3577414772785,-3.1566335227215063,ols
57414,4051727.0,-90.36633856724922,1.20508856724922,ols
57423,4051727.0,-90.72226817981442,-4.180231820185583,ols
57425,4051727.0,-90.83776089855783,-3.7847391014421703,ols
57439,4051727.0,-91.29189682205507,-4.816228177944936,ols
57454,4051727.0,-91.6084550752958,-3.015919924704207,ols
57478,4051727.0,-91.57857158007337,-4.863928419926623,ols
57498,4051727.0,-91.34856187074438,-4.855188129255623,ols
57501,4051727.0,-91.28203031717533,-5.363594682824669,ols
57520,4051727.0,-91.30574633665375,-2.1961286633462436,ols
57530,4051727.0,-91.30030701625142,-3.6003179837485817,ols
57625,4051727.0,-97.31362499287061,-1.8263750071293856,ols
57632,4051727.0,-97.92309101385442,-0.025658986145586482,ols
57666,4051727.0,-100.41132888432682,6.891953884326824,ols
57671,4051727.0,-100.80440170087098,1.8056517008709818,ols
57685,4051727.0,-101.79894539274733,-1.4666796072526722,ols
57698,4051727.0,-102.49525121977955,-4.918498780220446,ols
57715,4051727.0,-103.32788228988056,-5.948367710119442,ols
74956,4051727.0,-93.94776333373497,11.434681938386134,ols
74971,4051727.0,-90.32069779043289,9.519447790432892,ols
74988,4051727.0,-85.20537738893708,6.749127388937083,ols
75014,4051727.0,-84.85890651426024,0.9407815142602374,ols
75044,4051727.0,-87.28411525835708,-4.089634741642925,ols
75046,4051727.0,-87.42287982182049,-3.2752451781795173,ols
75072,4051727.0,-90.17464439199927,-4.187855608000731,ols
75102,4051727.0,-94.88826333615204,4.443263336152043,ols
75116,4051727.0,-95.88775120279837,0.5890012027983715,ols
75120,4051727.0,-96.06743809646406,-0.9750619035359449,ols
75143,4051727.0,-97.47297450784325,-1.7345254921567488,ols
75214,4051727.0,-100.96465412846729,1.7984041284672827,ols
75231,4051727.0,-101.51494296483298,0.1505679648329874,ols
75238,4051727.0,-101.8316686938023,-1.8533313061977026,ols
75253,4051727.0,-102.34439199609088,-3.966858003909124,ols
75261,4051727.0,-102.71661772520282,-7.8627572747971755,ols
87846,4051727.0,-90.17891866385492,9.348918663854917,ols
87856,4051727.0,-87.70511283225456,7.678237832254553,ols
87882,4051727.0,-86.3280691393952,4.490569139395191,ols
87894,4051727.0,-86.23888467314657,3.129509673146572,ols
87897,4051727.0,-86.2161516633794,1.3399016633794076,ols
87935,4051727.0,-86.35041622683126,2.073541226831253,ols
87960,4051727.0,-88.05641137684671,-5.853588623153286,ols
87971,4051727.0,-88.62721234918745,-2.593412650812553,ols
87989,4051727.0,-90.51161283946722,-3.5871371605327766,ols
88056,4051727.0,-97.29902547826998,-1.266599521730015,ols
88079,4051727.0,-98.55214441352932,2.1121444135293217,ols
88100,4051727.0,-99.95796480549177,8.687964805491774,ols
88115,4051727.0,-100.64075606938246,3.537006069382457,ols
88141,4051727.0,-101.74468325668556,-1.7984417433144415,ols
99724,4051727.0,-87.04625603444481,-7.01686896555519,ols
99740,4051727.0,-87.22607399607199,-4.015176003928005,ols
99757,4051727.0,-87.67715894868758,-2.8303410513124163,ols
99777,4051727.0,-87.82276089080933,-1.6459891091906655,ols
99832,4051727.0,-87.73968564787738,-1.8165643521226258,ols
99834,4051727.0,-87.73968564787738,-1.8365643521226218,ols
99854,4051727.0,-87.73968564787738,-1.2578143521226224,ols
99858,4051727.0,-87.73968564787738,-3.6328143521226224,ols
99894,4051727.0,-87.82538225003938,-1.5439927499606227,ols
99945,4051727.0,-87.96936768730262,-1.8268823126973786,ols
99954,4051727.0,-87.92994535710422,-1.4325546428957807,ols
99958,4051727.0,-87.9630181727232,-1.5419818272767998,ols
99963,4051727.0,-87.98795749317563,-1.3395425068243725,ols
99966,4051727.0,-87.98795749317563,-1.662667506824377,ols
99979,4051727.0,-87.9819065222863,-1.5055934777137026,ols
100006,4051727.0,-87.94431914354892,-2.5363058564510794,ols
100028,4051727.0,-87.97419535721794,-1.757054642782066,ols
100057,4051727.0,-88.03615409524124,-1.5232209047587588,ols
100058,4051727.0,-88.03615409524124,-1.7475959047587537,ols
100102,4051727.0,-88.19260555195402,-2.1805194480459846,ols
100118,4051727.0,-88.22551817339783,-1.5901068266021667,ols
100127,4051727.0,-88.22551817339783,-1.8257318266021656,ols
100132,4051727.0,-88.22551817339783,-1.8113568266021645,ols
100147,4051727.0,-88.27640166867423,-2.465473331325768,ols
100192,4051727.0,-88.28914438715357,-2.7696056128464335,ols
100217,4051727.0,-88.28914438715357,-1.0764806128464244,ols
100218,4051727.0,-88.28914438715357,-0.8908556128464369,ols
100236,4051727.0,-88.30191623184658,-1.6499587681534251,ols
100254,4051727.0,-88.30191623184658,-1.5193337681534302,ols
100291,4051727.0,-88.59400118405355,-5.107248815946448,ols
100298,4051727.0,-89.38816380745376,-5.5824611925462335,ols
100312,4051727.0,-90.80154973341624,-3.761575266583762,ols
100349,4051727.0,-94.0294405184109,3.00256551841089,ols
100379,4051727.0,-96.3942924662361,-0.5325825337639003,ols
100393,4051727.0,-96.89501576849383,-1.7149842315061647,ols
100425,4051727.0,-98.42333373358663,0.6833337335866361,ols
100441,4051727.0,-99.36182402726067,8.784949027260666,ols
100455,4051727.0,-100.20429247602775,9.794917476027749,ols
100477,4051727.0,-101.09833616764581,1.0870861676458077,ols
112752,4051727.0,-93.39372449735964,10.975887418707956,ols
112784,4051727.0,-87.30509341375078,7.892593413750788,ols
112807,4051727.0,-86.7729574900531,9.439207490053107,ols
112848,4051727.0,-86.42963224645231,4.092757246452308,ols
112892,4051727.0,-87.64123176412922,-7.55001823587078,ols
112924,4051727.0,-91.48747206527614,0.023097065276132867,ols
112941,4051727.0,-93.69486770201706,2.4248677020170675,ols
112947,4051727.0,-94.25564925685632,-0.8237257431436831,ols
112987,4051727.0,-96.60168567065259,-1.5645643293474194,ols
112998,4051727.0,-97.44287256601831,-0.35025243398169437,ols
113001,4051727.0,-97.69009586762455,-0.23615413237544658,ols
113014,4051727.0,-98.44027790838746,5.986527908387458,ols
113048,4051727.0,-100.51598665158608,3.5866116515860824,ols
113056,4051727.0,-100.91215412833238,1.529654128332382,ols
113058,4051727.0,-101.08773422587099,-0.4485157741290067,ols
113065,4051727.0,-101.4196929645882,0.0009429645881908755,ols
113074,4051727.0,-101.71241141194243,-2.8357135880575726,ols
113093,4051727.0,-101.92790898531177,-2.9039660146882227,ols
113104,4051727.0,-102.06637500508512,-4.317374994914886,ols
113116,4051727.0,-102.48747452073044,-8.061275479269554,ols
113131,4051727.0,-103.02938957066684,-9.61561042933316,ols
125016,4051731.0,-90.24807020230264,1.3311952023026379,ols
125047,4051731.0,-84.66105268687213,0.68230268687212,ols
125079,4051731.0,-75.78166277564455,-5.781462224355451,ols
125082,4051731.0,-75.9971067743183,-5.9197682256817075,ols
125087,4051731.0,-76.64754780980343,-5.049327190196578,ols
125118,4051731.0,-85.90390136347602,11.508901363476028,ols
125136,4051731.0,-87.1751512864183,2.243901286418293,ols
138217,4051731.0,-93.8592189834672,-10.32312637735754,ols
138227,4051731.0,-93.04878788057508,-7.096837119424919,ols
138249,4051731.0,-92.18867722346016,-3.720072776539837,ols
138288,4051731.0,-91.94247878404141,-1.561271215958584,ols
138301,4051731.0,-91.94313948862481,-2.1293605113751966,ols
138324,4051731.0,-91.94313948862481,-2.2568605113751943,ols
138345,4051731.0,-91.94313948862481,-2.8243605113751897,ols
138347,4051731.0,-91.94313948862481,-2.6606105113751966,ols
138350,4051731.0,-91.94313948862481,-2.646860511375195,ols
138369,4051731.0,-91.94313948862481,-2.6224855113751886,ols
138373,4051731.0,-91.94313948862481,-2.8556105113751897,ols
138383,4051731.0,-91.94313948862481,-2.4562355113751977,ols
138428,4051731.0,-91.94313948862481,-3.8424855113751875,ols
138451,4051731.0,-91.81275441700265,11.76775441700265,ols
138460,4051731.0,-91.81358708579268,11.860462085792676,ols
138462,4051731.0,-91.81248289457113,11.14435789457113,ols
138473,4051731.0,-91.78709554722278,12.524595547222773,ols
138492,4051731.0,-91.75666693339565,12.295416933395643,ols
138514,4051731.0,-91.75837752471429,17.132127524714292,ols
138518,4051731.0,-91.68661414606012,16.743489146060128,ols
138579,4051731.0,-85.69182424295329,2.6968242429532836,ols
138601,4051731.0,-80.8566704419332,-1.9358295580668,ols
138620,4051731.0,-76.09117119534906,-4.113828804650936,ols
138665,4051731.0,-85.12443286852641,14.170682868526413,ols
138685,4051731.0,-85.45978117296515,2.2585311729651494,ols
138705,4051731.0,-86.60308067542132,7.382455675421326,ols
138719,4051731.0,-86.96568078123826,3.8000557812382567,ols
138767,4051731.0,-87.19104439941071,4.886669399410721,ols
138774,4051731.0,-87.19107155165385,4.886696551653856,ols
138790,4051731.0,-87.19107155165385,4.7204465516538505,ols
138804,4051731.0,-87.19107155165385,4.864196551653848,ols
138809,4051731.0,-87.19107155165385,5.104196551653843,ols
138846,4051731.0,-87.30376241148778,3.4443874114877815,ols
138851,4051731.0,-87.62064719058228,1.9637721905822758,ols
138874,4051731.0,-90.53640892309528,1.2639089230952862,ols
153426,4051731.0,-92.6111389746824,-8.480111025317598,ols
153473,4051731.0,-92.05838265931516,-5.645367340684842,ols
153496,4051731.0,-92.05838265931516,-5.547867340684846,ols
153506,4051731.0,-92.05838265931516,-6.416617340684837,ols
153548,4051731.0,-92.05838265931516,-5.251617340684845,ols
153560,4051731.0,-92.04355753455346,-2.7645674654465466,ols
153565,4051731.0,-91.98874620637466,0.13437120637465227,ols
153612,4051731.0,-91.57071027078638,15.170710270786373,ols
153616,4051731.0,-91.51310226156278,12.140602261562776,ols
153630,4051731.0,-90.76850629756973,2.394756297569728,ols
153657,4051731.0,-87.99904990191445,6.828424901914445,ols
153659,4051731.0,-87.48686808856596,4.2193680885659575,ols
153678,4051731.0,-84.6858064818802,0.918306481880208,ols
153721,4051731.0,-78.22663176412242,-5.597118235877588,ols
153726,4051731.0,-77.38452304421813,-7.319851955781871,ols
153750,4051731.0,-75.7343635680715,-6.643761431928496,ols
153764,4051731.0,-78.09482572510856,-3.653299274891438,ols
153766,4051731.0,-79.60439993695509,-0.7331000630449154,ols
153780,4051731.0,-83.7629017370994,5.346651737099393,ols
153793,4051731.0,-86.50156748901884,4.565942489018838,ols
153805,4051731.0,-87.5020733447318,2.788948344731793,ols
153810,4051731.0,-87.61874653356153,3.8081215335615326,ols
153823,4051731.0,-87.83772032384522,2.9633453238452176,ols
153827,4051731.0,-87.96898331799602,3.3602333179960198,ols
153878,4051731.0,-88.93719610585197,-0.928428894148027,ols
153910,4051731.0,-88.95430201903855,-1.3181979809614432,ols
153920,4051731.0,-88.95430201903855,-1.2231979809614444,ols
153940,4051731.0,-88.9375671865084,-1.2293078134916016,ols
153942,4051731.0,-88.9375671865084,-1.120557813491601,ols
169479,4051731.0,-93.22692469715619,-11.564325302843812,ols
169533,4051731.0,-91.0319464113908,-5.8586785886091945,ols
169561,4051731.0,-90.90557082100761,-5.821304178992392,ols
169576,4051731.0,-90.9041408028682,-5.641484197131803,ols
169585,4051731.0,-90.90557082100761,-5.3731791789923875,ols
169590,4051731.0,-90.90557082100761,-5.562554178992386,ols
169598,4051731.0,-90.90557082100761,-5.686304178992387,ols
169610,4051731.0,-90.90557082100761,-2.49567917899239,ols
169635,4051731.0,-90.98782401626667,12.693449016266669,ols
169642,4051731.0,-91.15648469998729,14.950234699987291,ols
169667,4051731.0,-91.28901479881858,8.080889798818589,ols
169736,4051731.0,-84.02931954691962,-0.34568045308037654,ols
169784,4051731.0,-75.81315937770238,-6.793715622297626,ols
169790,4051731.0,-77.68165909179245,-1.611465908207549,ols
169801,4051731.0,-79.97555299936533,0.7199279993653391,ols
169805,4051731.0,-81.00379034608552,2.872540346085529,ols
169814,4051731.0,-83.47533232986277,12.429540250654838,ols
169836,4051731.0,-84.80494147408919,9.58619147408919,ols
169864,4051731.0,-85.19480243203205,0.6191774320320462,ols
169880,4051731.0,-86.52397714036805,3.4589771403680487,ols
169893,4051731.0,-86.89789068083219,3.9397656808321955,ols
169899,4051731.0,-87.15855221510391,4.332927215103908,ols
169905,4051731.0,-87.25735922793879,3.369982990315023,ols
169908,4051731.0,-87.35143269971726,3.479589265373832,ols
169939,4051731.0,-88.78926163440505,1.3836366344050504,ols
170871,4051731.0,-89.52609205685627,-10.726407943143727,ols
170880,4051731.0,-89.30163351345561,-9.440866486544394,ols
170920,4051731.0,-89.4533149944577,-8.711685005542307,ols
170946,4051731.0,-89.6648038163788,-9.273321183621206,ols
170971,4051731.0,-89.6648038163788,-9.193321183621208,ols
170997,4051731.0,-89.6648038163788,-9.3264461836212,ols
171014,4051731.0,-89.6648038163788,-9.390821183621213,ols
171050,4051731.0,-89.6648038163788,-9.043321183621202,ols
171082,4051731.0,-89.6789139320708,-9.429836067929202,ols
171093,4051731.0,-89.95594826896397,-7.696551731036038,ols
171142,4051731.0,-89.70596661699919,3.6197166169991846,ols
171151,4051731.0,-89.24664117032246,9.291016170322465,ols
171178,4051731.0,-83.54802793553188,-0.8094720644681246,ols
171184,4051731.0,-81.78739503274218,-1.5132299672578142,ols
171204,4051731.0,-75.95232367461078,-5.638926325389221,ols
171274,4051732.0,-91.29125883262314,7.961883832623144,ols
171287,4051732.0,-91.29125883262314,9.811883832623138,ols
171312,4051732.0,-91.29125883262314,8.459383832623146,ols
125186,4051733.0,-93.8594247233658,10.763174723365807,ols
125193,4051733.0,-93.68880661322048,9.852556613220472,ols
125207,4051733.0,-93.04324999991832,5.48762499991831,ols
125215,4051733.0,-92.77167935230597,5.43480435230596,ols
125219,4051733.0,-92.66839566976715,4.798395669767146,ols
125230,4051733.0,-92.53497250404928,1.0799725040492802,ols
125243,4051733.0,-92.46568425640476,7.335059256404762,ols
125301,4051733.0,-88.48005678160263,-4.691193218397373,ols
125302,4051733.0,-87.76297381463354,-3.7626511853664653,ols
125341,4051733.0,-85.73566843407455,-5.488081565925441,ols
125365,4051733.0,-89.51085708557557,0.6833570855755653,ols
125393,4051733.0,-91.71965580739098,5.277155807390983,ols
125409,4051733.0,-92.07077484226546,5.463899842265462,ols
125427,4051733.0,-92.46257778592101,10.088827785921012,ols
125440,4051733.0,-92.64670206474186,6.812327064741865,ols
125451,4051733.0,-93.0438082342149,3.048183234214889,ols
125460,4051733.0,-93.45679823695997,4.8524232369599645,ols
125485,4051733.0,-94.40877895955794,2.946903959557929,ols
125486,4051733.0,-94.5543333835542,2.6855833835541887,ols
125522,4051733.0,-95.86014677996837,-1.4254782200316214,ols
125535,4051733.0,-96.1910711722806,-4.227053827719402,ols
125538,4051733.0,-96.3155522515811,-5.457364415085564,ols
125562,4051733.0,-97.13274523573625,-10.424754764263753,ols
138922,4051733.0,-92.54452968196011,3.6757796819601083,ols
138944,4051733.0,-92.50938676545618,3.591886765456181,ols
138966,4051733.0,-91.90987414394942,5.395499143949422,ols
138974,4051733.0,-91.90084935615477,5.200224356154763,ols
139010,4051733.0,-90.37333424262243,-2.1060407573775706,ols
139036,4051733.0,-86.78035223175681,-1.265272768243193,ols
139061,4051733.0,-84.72037463833985,-4.75025036166015,ols
139156,4051733.0,-91.3512780288473,4.741903028847304,ols
139167,4051733.0,-92.15262853041904,8.567003530419043,ols
139172,4051733.0,-92.39149595215693,7.239620952156926,ols
139211,4051733.0,-94.07874877588745,2.9549987758874465,ols
139231,4051733.0,-95.02367920607311,1.5574292060731096,ols
139287,4051733.0,-96.07629716713726,-1.1612028328627417,ols
139302,4051733.0,-96.06876617296956,-1.6143588270304434,ols
139358,4051733.0,-96.06876617296956,-1.5162338270304332,ols
139377,4051733.0,-96.06907113429824,-1.0940538657017527,ols
139388,4051733.0,-96.06907113429824,-1.3496788657017618,ols
139407,4051733.0,-96.06706045706335,-1.068564542936656,ols
139432,4051733.0,-96.06675549573467,-0.931994504265333,ols
139472,4051733.0,-96.32741989921944,-7.636955100780568,ols
153962,4051733.0,-94.35716813130502,6.7509181313050135,ols
153974,4051733.0,-93.93757752488654,9.63132752488653,ols
154028,4051733.0,-92.24295394090677,1.4854539409067797,ols
154032,4051733.0,-92.23961487279948,2.9769886101732226,ols
154045,4051733.0,-92.14225467640766,2.47037967640766,ols
154140,4051733.0,-90.12889998442702,1.3107749844270273,ols
154145,4051733.0,-90.63245316411947,3.6062031641194636,ols
154162,4051733.0,-92.66907795612964,6.444702956129646,ols
154179,4051733.0,-93.79114956759284,2.0242745675928404,ols
154199,4051733.0,-94.73394009964164,1.6551900996416435,ols
154202,4051733.0,-94.88975983209161,1.3272598320916131,ols
154208,4051733.0,-95.0218752822814,0.7750002822813968,ols
154213,4051733.0,-95.16855651254298,-0.8489434874570208,ols
154220,4051733.0,-95.43341284208815,-2.054712157911851,ols
154228,4051733.0,-95.66834677956962,-4.399153220430378,ols
154245,4051733.0,-96.0206753220867,-3.581199677913304,ols
154313,4051733.0,-96.21919480938871,-0.1226801906112911,ols
154321,4051733.0,-96.21919480938871,-0.2070551906112854,ols
154329,4051733.0,-96.21919480938871,0.2760698093887157,ols
154359,4051733.0,-96.82979975312188,-12.095825246878121,ols
6796,4078344.0,-95.86840410137872,1.189029101378722,ols
6813,4078344.0,-92.20569578307365,0.619445783073644,ols
6828,4078344.0,-92.1861144652114,2.1592394652113995,ols
6871,4078344.0,-92.18696658398243,-0.44178341601757154,ols
6873,4078344.0,-92.18750060937026,-2.3243743906297425,ols
6898,4078344.0,-92.18750060937026,-5.821874390629745,ols
6938,4078344.0,-92.1861144652114,-1.1763855347885936,ols
6973,4078344.0,-92.1861144652114,1.3086144652114058,ols
6977,4078344.0,-92.1861144652114,1.5629894652114018,ols
6992,4078344.0,-92.1861144652114,-0.19263553478859308,ols
7020,4078344.0,-92.1861144652114,-0.08138553478859478,ols
7030,4078344.0,-92.1861144652114,-0.38951053478859876,ols
7043,4078344.0,-92.18526350736512,1.0765135073651209,ols
7058,4078344.0,-92.17102128245648,-1.680228717543514,ols
7076,4078344.0,-91.93528157961994,-5.249093420380063,ols
7093,4078344.0,-91.75600461322428,-3.569620386775725,ols
7098,4078344.0,-91.75387779907099,-0.732997200929006,ols
7140,4078344.0,-90.33054689841951,-4.886328101580489,ols
7173,4078344.0,-90.53852656848662,0.9035265684866118,ols
7178,4078344.0,-92.1042588215789,1.8811338215788993,ols
7185,4078344.0,-92.99483206422784,2.2323320642278333,ols
7190,4078344.0,-93.34997403916078,4.653724039160778,ols
7195,4078344.0,-95.00335843319311,4.347733433193113,ols
7217,4078344.0,-93.28298055425672,3.6698555542567277,ols
7226,4078344.0,-93.31814032142196,5.676890321421965,ols
7229,4078344.0,-93.3163199914043,8.008194991404295,ols
7236,4078344.0,-91.86840302626675,1.7309030262667449,ols
7268,4078344.0,-92.15047059242283,-3.3014044075771665,ols
20840,4078344.0,-95.87933072518375,0.8455807251837513,ols
20854,4078344.0,-92.28667376759049,0.5985487675904864,ols
20891,4078344.0,-92.27869589266611,-1.5700541073338883,ols
20936,4078344.0,-92.27869589266611,-2.657554107333894,ols
20963,4078344.0,-92.27869589266611,-2.903179107333898,ols
21003,4078344.0,-92.10668167154502,-2.5770683284549847,ols
21007,4078344.0,-91.97525337989948,-3.4384966201005085,ols
21020,4078344.0,-91.80633302325359,-0.9442919767464133,ols
21063,4078344.0,-93.8780078943305,0.8167578943304932,ols
21071,4078344.0,-90.67964858184612,0.41277358184612467,ols
21090,4078344.0,-90.11803846087861,0.7042884608786153,ols
21129,4078344.0,-90.74187182692711,4.088746826927107,ols
21161,4078344.0,-91.99486023810637,1.6904852381063762,ols
21164,4078344.0,-91.99486023810637,1.6529852381063677,ols
21173,4078344.0,-92.0707823953101,2.3995323953101035,ols
21183,4078344.0,-91.99486023810637,1.2423602381063716,ols
21188,4078344.0,-91.99486023810637,1.8092352381063677,ols
21242,4078344.0,-91.99603045026059,2.352905450260593,ols
21247,4078344.0,-91.99598981789413,2.286614817894133,ols
21304,4078344.0,-91.99598981789413,1.7466148178941268,ols
21316,4078344.0,-91.99599330066839,1.3047433006683917,ols
21327,4078344.0,-91.99598981789413,2.610364817894123,ols
21331,4078344.0,-91.99601651916352,2.0460165191635156,ols
21344,4078344.0,-91.99598981789413,1.6309898178941324,ols
21355,4078344.0,-91.99598981789413,1.995364817894128,ols
21356,4078344.0,-91.99598981789413,1.4122398178941324,ols
21381,4078344.0,-91.99599562251791,2.750370622517906,ols
21388,4078344.0,-91.99598981789413,2.964114817894128,ols
21454,4078344.0,-91.99598981789413,1.9534898178941233,ols
21468,4078344.0,-91.99598981789413,3.779739817894125,ols
21474,4078344.0,-92.07225212605141,3.38475212605141,ols
21497,4078344.0,-93.06588646392896,5.7940114639289675,ols
21511,4078344.0,-94.94831782957853,6.111442829578522,ols
21534,4078344.0,-93.13944730017866,12.390697300178658,ols
36509,4078344.0,-92.23741689111112,2.7305418911111303,ols
36550,4078344.0,-92.23898413953194,2.850234139531935,ols
36579,4078344.0,-92.23898413953194,2.3214841395319326,ols
36614,4078344.0,-92.23898413953194,2.677109139531936,ols
36627,4078344.0,-92.23898413953194,2.8483591395319365,ols
36636,4078344.0,-92.22456777590988,0.7051927759098788,ols
36656,4078344.0,-91.98369678565108,-4.296303214348924,ols
36671,4078344.0,-91.78492208797562,-0.3794529120243908,ols
36676,4078344.0,-91.77696859247112,0.633218592471124,ols
36694,4078344.0,-93.0699694362964,0.47809443629640214,ols
36702,4078344.0,-93.72573171591372,0.6594817159137278,ols
36733,4078344.0,-90.03162618757815,-1.03649881242184,ols
36787,4078344.0,-91.9399229567951,4.818047956795098,ols
36816,4078344.0,-92.23410361185702,-0.2521463881429753,ols
49857,4078344.0,-93.36916760815448,-26.643763426328277,ols
71293,4078344.0,-92.2386381839546,-0.40573681604539047,ols
71299,4078344.0,-92.2389110012723,-0.391088998727696,ols
71303,4078344.0,-92.2389110012723,-0.547338998727696,ols
71337,4078344.0,-92.2389110012723,-0.12483899872769655,ols
71344,4078344.0,-92.2389110012723,0.16078600127229947,ols
71370,4078344.0,-92.23944154388587,0.40569154388587947,ols
71384,4078344.0,-92.23944154388587,0.23694154388587663,ols
71422,4078344.0,-92.11176303920276,-2.5357369607972373,ols
71432,4078344.0,-91.94827464949095,-1.3973503505090434,ols
71446,4078344.0,-91.78960525844198,-2.3697697415580166,ols
71452,4078344.0,-91.74894851255631,0.24019851255630442,ols
71493,4078344.0,-90.68181138466687,1.4918113846668746,ols
71504,4078344.0,-92.48726995620837,-1.4658550437916347,ols
71511,4078344.0,-90.03017038793392,-1.449204612066083,ols
71523,4078344.0,-93.07601553242651,5.853515532426513,ols
71526,4078344.0,-90.51868636440373,2.86743636440373,ols
71557,4078344.0,-93.34025245525265,6.3821274552526575,ols
71561,4078344.0,-93.1092644174431,8.475514417443094,ols
71574,4078344.0,-92.08010694295163,1.934481942951635,ols
71590,4078344.0,-92.15070277737406,-0.41054722262593657,ols
71594,4078344.0,-92.24744495915488,-2.3781800408451232,ols
83804,4078344.0,-96.77726190893726,-0.6027380910627329,ols
83887,4078344.0,-92.14222802665407,-2.0302719733459327,ols
83893,4078344.0,-91.94972812728567,-2.3946468727143326,ols
83932,4078344.0,-93.11169655480727,-0.3045534451927381,ols
83963,4078344.0,-90.7725806085772,-1.2711693914228022,ols
83982,4078344.0,-90.11498290692037,-2.9337670930796236,ols
83987,4078344.0,-90.04671937033307,-0.9882806296669315,ols
84050,4078344.0,-91.8865645331522,4.310314533152194,ols
84054,4078344.0,-91.93908244727163,3.665957447271637,ols
84075,4078344.0,-92.09881756724675,-1.346807432753252,ols
84080,4078344.0,-92.22979309823738,-1.4920819017626172,ols
95375,4078344.0,-96.80760267743966,-0.4998973225603436,ols
95451,4078344.0,-92.2770938165026,-0.3197811834973976,ols
95481,4078344.0,-92.20439903012101,0.674399030121009,ols
95482,4078344.0,-92.20601387645684,0.7191388764568387,ols
95515,4078344.0,-92.2073709974968,0.7929959974967886,ols
95529,4078344.0,-92.20790850565889,0.5566585056588877,ols
95535,4078344.0,-92.20790850565889,0.44728350565888775,ols
95544,4078344.0,-92.20790850565889,0.5085335056588889,ols
95599,4078344.0,-92.20926214392459,-1.052612856075413,ols
95633,4078344.0,-92.07283607120377,-4.080288928796236,ols
95665,4078344.0,-93.03318089169827,-0.8280691083017331,ols
95677,4078344.0,-93.83754966657811,0.43004966657811394,ols
95702,4078344.0,-90.0203745048414,-1.7240004951586059,ols
95723,4078344.0,-90.53241197779589,3.651161977795894,ols
95728,4078344.0,-92.20455111126407,4.145801111264063,ols
95736,4078344.0,-93.2488296307046,6.232579630704606,ols
95749,4078344.0,-93.29951096185977,6.773260961859762,ols
108069,4078344.0,-96.78852287907208,-1.6833521209279212,ols
108150,4078344.0,-92.29683766383071,-0.668787336169288,ols
108156,4078344.0,-92.28882263931415,-1.1311773606858537,ols
108180,4078344.0,-92.28950526307077,-0.857369736929229,ols
108187,4078344.0,-92.28950526307077,-0.8629947369292381,ols
108189,4078344.0,-92.28950526307077,-0.9029947369292302,ols
108203,4078344.0,-92.28950526307077,-0.973619736929237,ols
108218,4078344.0,-92.28950526307077,-1.3517447369292341,ols
108247,4078344.0,-92.2868931823694,0.119393182369393,ols
108270,4078344.0,-92.13113771245841,-2.876362287541582,ols
108286,4078344.0,-91.87755343519484,-3.488696564805153,ols
108307,4078344.0,-95.40847937980375,4.4034793798037555,ols
108325,4078344.0,-93.0810481412445,-0.7739518587555096,ols
108333,4078344.0,-93.64636857773273,0.12699357773273334,ols
108385,4078344.0,-91.52930154868973,2.5193015486897252,ols
108396,4078344.0,-90.42051392332334,3.1142639233233353,ols
108399,4078344.0,-90.52557413098208,3.844949130982073,ols
108430,4078344.0,-93.28233275824279,6.664832758242781,ols
108446,4078344.0,-92.95951905499479,6.378269054994789,ols
108450,4078344.0,-91.946117651294,4.686742651293997,ols
108453,4078344.0,-91.9371553121764,3.3927803121763986,ols
108461,4078344.0,-92.08433619183833,0.8330861918383334,ols
108474,4078344.0,-92.13445679633628,-0.27866820366371314,ols
121332,4078344.0,-96.78879105269075,-0.7914454337957295,ols
146217,4078344.0,-93.38020684166086,-30.56312649167245,ols
146227,4078344.0,-93.36119902062816,-32.50213431270515,ols
7280,4078345.0,-83.03010582084971,-4.408019179150287,ols
7325,4078345.0,-81.15608182886928,-2.8270431711307253,ols
7343,4078345.0,-94.11487104275854,3.789246042758535,ols
7344,4078345.0,-93.88879392738471,3.1481689273847167,ols
7353,4078345.0,-94.04010087823362,3.945725878233617,ols
7366,4078345.0,-89.6157774508574,-1.0954725491426132,ols
7368,4078345.0,-89.95689108904804,-2.5818589109519507,ols
21603,4078345.0,-77.40715894649362,0.3771589464936227,ols
21605,4078345.0,-77.03377922301547,7.124404223015475,ols
21632,4078345.0,-75.85527843957563,7.800278439575621,ols
21651,4078345.0,-75.83281710527302,5.390317105273027,ols
21669,4078345.0,-69.96554643610403,0.2749214361040373,ols
21704,4078345.0,-81.40317753740979,0.09505253740978503,ols
21710,4078345.0,-81.67938044321136,-0.6531195567886385,ols
21747,4078345.0,-93.91108701199215,7.5404620119921475,ols
21755,4078345.0,-90.09684539171667,0.6487203917166653,ols
21761,4078345.0,-89.66230690405128,-1.4783180959487225,ols
21778,4078345.0,-90.17266711683628,-4.257957883163726,ols
21812,4078345.0,-102.04110576881746,2.44673076881746,ols
36828,4078345.0,-80.61833477195614,-0.33604022804385636,ols
36863,4078345.0,-81.11888182127149,4.581381821271492,ols
36891,4078345.0,-93.95794455209159,8.064819552091592,ols
36920,4078345.0,-90.45591547862227,-3.255959521377733,ols
36937,4078345.0,-96.85682791214273,0.27370291214273834,ols
52699,4078345.0,-80.6249553974603,-4.1875446025397025,ols
52723,4078345.0,-76.24011596729353,6.521365967293534,ols
52728,4078345.0,-70.03542474074244,-0.3395752592575576,ols
52732,4078345.0,-70.04474577385378,2.9509957738537764,ols
52736,4078345.0,-70.09942692477773,0.036926924777731074,ols
52757,4078345.0,-81.56173605011969,1.8742360501196913,ols
52780,4078345.0,-94.25469495191342,7.879694951913422,ols
52782,4078345.0,-94.28727650537934,8.599776505379339,ols
52795,4078345.0,-94.0539520343869,7.085202034386896,ols
52829,4078345.0,-85.9272351778289,-10.447764822171095,ols
52851,4078345.0,-95.3943847369244,-1.355615263075606,ols
52868,4078345.0,-94.03395555811824,-7.309794441881763,ols
52873,4078345.0,-99.04765346136456,-1.9210965386354388,ols
52875,4078345.0,-99.05445495529102,-0.9455450447089788,ols
71611,4078345.0,-85.27624766359466,3.8112476635946564,ols
71619,4078345.0,-81.1502898331137,2.460914833113705,ols
71638,4078345.0,-76.53659716760313,3.7228471676031347,ols
71654,4078345.0,-76.17385923734324,5.115734237343233,ols
71661,4078345.0,-76.04559828848758,5.369348288487586,ols
71662,4078345.0,-80.34406253140642,10.885312531406427,ols
71670,4078345.0,-75.94650342428626,7.09025342428626,ols
71680,4078345.0,-75.99231361003339,7.272938610033393,ols
71707,4078345.0,-70.10984578714992,1.3448457871499215,ols
71737,4078345.0,-72.49940787628361,-3.4193421237163903,ols
71751,4078345.0,-95.32782515752282,8.995950157522827,ols
71797,4078345.0,-90.1467356325712,-3.1157643674288096,ols
71804,4078345.0,-85.54742410975362,-10.753200890246376,ols
71810,4078345.0,-94.88528639685302,-1.8265886031469876,ols
84111,4078345.0,-77.32602473724964,-0.12272526275036455,ols
84114,4078345.0,-76.99116998771858,4.356169987718573,ols
84139,4078345.0,-71.05230907326302,0.3948090732630192,ols
84148,4078345.0,-73.10253255848988,-4.367467441510115,ols
84214,4078345.0,-96.5176870016277,1.7751870016276996,ols
84229,4078345.0,-97.34273723797997,0.9202372379799755,ols
84233,4078345.0,-97.26703749388935,0.7614124938893525,ols
84242,4078345.0,-96.05049545437598,-1.4195045456240223,ols
95808,4078345.0,-77.19904248607712,2.448417486077119,ols
95837,4078345.0,-81.21532675277416,3.883451752774164,ols
95843,4078345.0,-91.23660668284809,6.856606682848096,ols
95853,4078345.0,-94.1605340100224,7.3667840100224,ols
95856,4078345.0,-95.14533312567775,6.608458125677757,ols
95881,4078345.0,-90.08423087082275,-0.08264412917725394,ols
95892,4078345.0,-90.13653128856032,-2.2922187114396735,ols
95900,4078345.0,-85.8636956804553,-7.8525543195447085,ols
95914,4078345.0,-85.10084315015781,-10.569156849842187,ols
95924,4078345.0,-85.2206621705593,-9.565587829440702,ols
95930,4078345.0,-93.74931913634725,-1.0819308636527438,ols
95954,4078345.0,-94.49756338686328,-2.6918116131367213,ols
95972,4078345.0,-97.32844022013455,-3.847809779865443,ols
108486,4078345.0,-82.98303796863132,-2.1600870313686755,ols
108497,4078345.0,-80.51002823694532,2.6500282369453174,ols
108522,4078345.0,-71.07856443819126,0.678564438191259,ols
108530,4078345.0,-72.14806045038543,-1.7369395496145756,ols
108555,4078345.0,-94.13954486055238,7.179544860552383,ols
108560,4078345.0,-93.89158687232421,6.012836872324215,ols
108595,4078345.0,-89.60381489753217,1.8413148975321718,ols
108613,4078345.0,-89.99901660647137,-2.6647333935286213,ols
108641,4078345.0,-90.19235653741129,-3.714518462588714,ols
108683,4078345.0,-95.96608878856131,2.6760887885613016,ols
108741,4078345.0,-95.9748461851939,0.9579711851938981,ols
108763,4078345.0,-95.9748461851939,1.423596185193901,ols
108812,4078345.0,-97.69315929055485,1.0325342905548496,ols
108816,4078345.0,-94.73126221342744,-2.1149877865725557,ols
108820,4078345.0,-95.23771482704257,-2.324160172957434,ols
108828,4078345.0,-100.71787239136671,2.199122391366714,ols
121806,4078345.0,-94.36197095754143,-6.378029042458564,ols
121812,4078345.0,-94.01429978748229,-6.39507521251771,ols
121406,4078355.0,-96.99605728442239,2.2298072844223924,ols
121433,4078355.0,-96.95505563365782,0.36068063365782166,ols
121438,4078355.0,-96.95440302189952,2.065028021899522,ols
121487,4078355.0,-96.78432508671757,-2.932549913282429,ols
121504,4078355.0,-96.5250221149481,-2.7568528850518987,ols
121506,4078355.0,-96.4475451651527,-0.46932983484730073,ols
121526,4078355.0,-97.81151019083367,0.057760190833676006,ols
121531,4078355.0,-98.47996525533348,0.8387152553334829,ols
121544,4078355.0,-95.47107562817044,-2.688299371829558,ols
121553,4078355.0,-97.46908254345944,3.3490825434594313,ols
121559,4078355.0,-95.15473847426966,-4.530261525730339,ols
121567,4078355.0,-95.29272876871664,-4.205396231283359,ols
121657,4078355.0,-98.34095895081799,-0.8527910491820023,ols
121663,4078355.0,-98.24917292377208,-1.0514520762279176,ols
134207,4078355.0,-97.06143780111645,-2.341687198883548,ols
134215,4078355.0,-96.97930978300747,-0.07569021699254108,ols
134222,4078355.0,-96.9224476237449,0.9211976237449022,ols
134245,4078355.0,-96.90779987647154,1.659049876471542,ols
134264,4078355.0,-96.88742591795496,0.22742591795496025,ols
134293,4078355.0,-96.46396259768824,0.28521259768824336,ols
134313,4078355.0,-99.63151751783518,4.25464251783518,ols
134325,4078355.0,-98.50288085173574,1.6316308517357356,ols
134328,4078355.0,-96.64689709202278,0.3437720920227889,ols
134410,4078355.0,-95.45337124954813,0.8902462495481274,ols
134418,4078355.0,-95.44583772304017,0.678962723040172,ols
134444,4078355.0,-95.44568720303002,0.4425622030300218,ols
134492,4078355.0,-95.44810519947877,1.0699801994787776,ols
134511,4078355.0,-95.44806219376159,-1.865062806238413,ols
134514,4078355.0,-95.44792995118124,-1.387695048818756,ols
134518,4078355.0,-95.44810519947877,-0.7975198005212292,ols
134530,4078355.0,-95.44793640203882,-0.5139385979611859,ols
134545,4078355.0,-95.44792995118124,0.8023049511812417,ols
134574,4078355.0,-95.44792995118124,-0.63332004881876,ols
134584,4078355.0,-95.44792995118124,-0.08269504881876344,ols
134613,4078355.0,-95.4470214554057,0.8951464554057083,ols
134623,4078355.0,-95.44418200292853,0.09793200292853044,ols
134628,4078355.0,-95.44418200292853,0.38543200292852475,ols
134635,4078355.0,-95.44435940151192,-0.18251559848808085,ols
134654,4078355.0,-95.44449486952105,-1.0180051304789544,ols
134658,4078355.0,-95.44467226810444,-1.9484527318955571,ols
134692,4078355.0,-96.62779502759194,1.4840450275919466,ols
134701,4078355.0,-96.5993177168147,0.04869271681469911,ols
134727,4078355.0,-95.47483432785243,-0.0039156721475706036,ols
134738,4078355.0,-97.10361888367484,4.0392438836748426,ols
134769,4078355.0,-98.1100182495323,8.994393249532308,ols
134787,4078355.0,-98.50148424107014,7.708359241070141,ols
134807,4078355.0,-98.67083215420287,3.7470821542028716,ols
134817,4078355.0,-99.08305700542611,1.719307005426117,ols
149283,4078355.0,-96.9678036033745,-1.2234463966254907,ols
149293,4078355.0,-96.92065105990949,-0.5305989400905133,ols
149319,4078355.0,-96.8571273150549,-1.5916226849451078,ols
149331,4078355.0,-96.74344600224697,-4.994678997753027,ols
149368,4078355.0,-97.82524406661683,0.6046190666168343,ols
149370,4078355.0,-98.5144848693753,0.3801098693752891,ols
149381,4078355.0,-100.04422403309088,1.6254740330908817,ols
149389,4078355.0,-98.49444528030982,1.5506952803098244,ols
149398,4078355.0,-96.62757354814845,-3.851801451851557,ols
149437,4078355.0,-97.20928500594233,1.1242850059423404,ols
149460,4078355.0,-98.68967295890181,3.472172958901808,ols
149472,4078355.0,-98.40177548577574,0.8499004857757484,ols
166081,4078355.0,-101.28961154506236,-2.6003884549376437,ols
166085,4078355.0,-102.0421621392324,1.4834121392323993,ols
166089,4078355.0,-101.9489612240911,-0.847913775908907,ols
166145,4078355.0,-97.05458484008295,-2.6604151599170507,ols
166148,4078355.0,-97.02985655270135,-0.18139344729866025,ols
166168,4078355.0,-96.88590781613831,0.24715781613831211,ols
166178,4078355.0,-96.8765400957924,-0.5365849042076007,ols
166189,4078355.0,-96.87721528555221,-0.452159714447788,ols
166221,4078355.0,-96.87721528555221,-0.8202847144477943,ols
166233,4078355.0,-96.87721528555221,-0.8521597144477937,ols
166264,4078355.0,-96.87721528555221,-0.35715971444778916,ols
166295,4078355.0,-96.87721528555221,-0.38278471444779427,ols
166328,4078355.0,-96.87721528555221,-0.5590347144477903,ols
166336,4078355.0,-96.87721528555221,-1.2346597144477869,ols
166344,4078355.0,-96.87721528555221,-0.6990347144477909,ols
166348,4078355.0,-96.87721528555221,-1.2821597144477863,ols
166369,4078355.0,-96.87721528555221,-0.04340971444779029,ols
166374,4078355.0,-96.87721528555221,0.1653402855522046,ols
166477,4078355.0,-95.46214011528224,-2.1247348847177676,ols
166479,4078355.0,-95.58761037031361,-1.1892646296863916,ols
166489,4078355.0,-97.12536042399793,1.4791104239979376,ols
166507,4078355.0,-97.27048106635425,2.2523560663542526,ols
166510,4078355.0,-97.18831864367152,4.3808186436715175,ols
166519,4078355.0,-99.50767072862755,4.635170728627543,ols
166528,4078355.0,-99.04145650004973,5.578331500049728,ols
166563,4078355.0,-98.43087530430927,-1.034749695690735,ols
166576,4078355.0,-98.50896186014576,-0.6154131398542404,ols
121680,4078356.0,-86.95048896202103,-3.992011037978969,ols
121731,4078356.0,-92.53296031889681,2.7779603188968167,ols
121770,4078356.0,-93.94925965461655,-4.841365345383451,ols
121775,4078356.0,-94.17226891828511,-5.800231081714884,ols
121782,4078356.0,-90.93761665828835,-9.864883341711646,ols
134838,4078356.0,-86.76208623927593,1.7433362392759335,ols
134875,4078356.0,-79.19742875391007,3.2118037539100754,ols
134893,4078356.0,-89.12287865104676,1.6566286510467592,ols
134905,4078356.0,-97.55900590212977,6.264630902129767,ols
134920,4078356.0,-94.20865312445403,1.8611531244540345,ols
134924,4078356.0,-94.0068897742776,2.468139774277603,ols
134954,4078356.0,-90.90641317113084,-7.02421182886917,ols
149525,4078356.0,-84.17491461370643,1.1811646137064287,ols
149529,4078356.0,-83.88625752977259,2.969382529772588,ols
149540,4078356.0,-78.62942994917215,-1.7124450508278528,ols
149559,4078356.0,-78.41391203829771,-4.8123379617022835,ols
149567,4078356.0,-78.40860552547005,-5.243894474529952,ols
149572,4078356.0,-78.40823807511205,-5.731136924887949,ols
149577,4078356.0,-78.4968002321166,-5.828824767883404,ols
149590,4078356.0,-78.40825462692999,-5.554870373070017,ols
149600,4078356.0,-78.40830759274735,-2.4598174072526575,ols
149608,4078356.0,-78.32420449549257,0.07045449549256944,ols
149633,4078356.0,-79.61326338607405,0.06888838607405035,ols
149640,4078356.0,-86.84521277927298,1.8445877792729846,ols
149643,4078356.0,-89.50039251434427,1.5891425143442746,ols
149681,4078356.0,-93.97257454534966,0.937574545349662,ols
149682,4078356.0,-93.76433943436346,2.0662144343634594,ols
149693,4078356.0,-93.90218297406628,-2.0053170259337207,ols
149705,4078356.0,-90.71771251566304,-8.703537484336962,ols
149713,4078356.0,-90.24611480890027,-12.353885191099721,ols
166610,4078356.0,-78.62652676030761,4.857776760307615,ols
166618,4078356.0,-78.70480030728822,3.91230030728822,ols
166665,4078356.0,-93.23575381847525,-0.532371181524752,ols
166684,4078356.0,-95.86543051248336,-3.870194487516642,ols
5406,4080392.0,-72.19704999518044,3.315174995180442,ols
5417,4080392.0,-65.21234061391998,-3.7857843860800244,ols
5448,4080392.0,-85.81984305430868,-6.8076569456913205,ols
5454,4080392.0,-87.51365118933404,-6.603223810665952,ols
5456,4080392.0,-89.04092517001654,-5.438449829983469,ols
5513,4080392.0,-100.16222797634694,-3.185272023653056,ols
5523,4080392.0,-100.97874274333311,-3.4487572566668803,ols
5562,4080392.0,-102.59678433465751,-2.1538406653424857,ols
5584,4080392.0,-102.58162577620011,-3.3933742237998814,ols
5599,4080392.0,-102.58077269715272,-2.7073523028472692,ols
5605,4080392.0,-102.58077269715272,-2.512352302847276,ols
5663,4080392.0,-102.58077269715272,-4.251102302847272,ols
19130,4080392.0,-67.01450291225648,-2.18299708774353,ols
19132,4080392.0,-65.31913298635973,-4.58399201364027,ols
19155,4080392.0,-76.08934782966499,-2.225027170335011,ols
19215,4080392.0,-94.7936702882136,-0.6282047117863954,ols
19234,4080392.0,-97.16079402890156,-0.32670597109843413,ols
19236,4080392.0,-97.55660958259584,0.738484582595845,ols
19255,4080392.0,-98.84462770121901,0.7521277012190097,ols
19258,4080392.0,-99.10144386736144,2.630818867361441,ols
19264,4080392.0,-99.51555468554889,1.20555468554889,ols
19270,4080392.0,-99.6911446020871,-0.6669803979128943,ols
19285,4080392.0,-100.02745461115292,-0.06379538884708325,ols
19290,4080392.0,-100.0217980408541,1.11992304085409,ols
19328,4080392.0,-100.01696830101658,1.3432183010165772,ols
19369,4080392.0,-100.01696830101658,1.4669683010165784,ols
19373,4080392.0,-100.01696830101658,0.35134330101656985,ols
19377,4080392.0,-100.01696830101658,-0.03990669898342958,ols
19393,4080392.0,-100.05743049644877,-1.7169445035512325,ols
19403,4080392.0,-100.08566085077075,0.3575358507707449,ols
19434,4080392.0,-102.25483087958591,1.36420587958591,ols
19486,4080392.0,-104.85438584995407,-4.253114150045931,ols
34916,4080392.0,-89.310983747833,-1.1083912521669959,ols
34928,4080392.0,-92.48086799640463,0.7727429964046308,ols
34949,4080392.0,-96.45405084887446,1.3903008488744604,ols
34975,4080392.0,-100.19917286124529,1.7947978612452857,ols
34996,4080392.0,-100.84587240062942,5.369622400629424,ols
35009,4080392.0,-100.8083369225444,5.294586922544397,ols
35028,4080392.0,-100.80205038617981,3.5670503861798153,ols
35048,4080392.0,-100.80296908669239,3.9748440866923858,ols
35055,4080392.0,-100.80296908669239,4.4460940866923835,ols
35063,4080392.0,-100.80296908669239,4.301719086692387,ols
35071,4080392.0,-100.80296908669239,3.8223440866923823,ols
35080,4080392.0,-100.80296908669239,2.389844086692392,ols
35096,4080392.0,-100.80296908669239,2.3323440866923875,ols
35142,4080392.0,-100.80205038617981,4.515800386179819,ols
35168,4080392.0,-101.07713556822937,0.18963556822936312,ols
35203,4080392.0,-102.62094615813811,1.8678211581381134,ols
50687,4080392.0,-80.63959272266612,-4.143204307036854,ols
50693,4080392.0,-82.66822782164415,-1.1796257137093846,ols
50697,4080392.0,-84.41919225284443,-3.901971113492209,ols
50704,4080392.0,-87.30458120125917,-1.6835437987408284,ols
50710,4080392.0,-88.51452290060693,-1.502977099393064,ols
50761,4080392.0,-96.84046940875444,0.2811259744109975,ols
50776,4080392.0,-96.94474191693115,-0.41150808306885267,ols
50810,4080392.0,-96.93651298519713,0.5371379851971199,ols
50836,4080392.0,-97.26383285353279,1.3769578535327867,ols
50868,4080392.0,-97.49642157472945,3.2939215747294526,ols
50886,4080392.0,-97.49642157472945,3.37954657472946,ols
50896,4080392.0,-97.49642157472945,3.243296574729456,ols
50907,4080392.0,-97.49642157472945,2.248921574729451,ols
50941,4080392.0,-99.06098167192924,2.1072316719292417,ols
50971,4080392.0,-102.15731738232313,1.762942382323132,ols
50978,4080392.0,-102.39358090557006,1.5948309055700634,ols
69639,4080392.0,-87.33600075878907,-1.5114992412109274,ols
69659,4080392.0,-93.25501754546829,2.7987675454682943,ols
69669,4080392.0,-95.15798753861976,1.4911125386197597,ols
69677,4080392.0,-96.82138668667906,1.2707616866790659,ols
69679,4080392.0,-97.57151877948553,1.3171437794855336,ols
69701,4080392.0,-100.43619759348836,-0.07567740651164456,ols
69714,4080392.0,-101.598550606285,-0.35019939371500186,ols
69724,4080392.0,-101.98013942632748,-0.3548605736725108,ols
69729,4080392.0,-102.11446656555825,-0.11053343444174857,ols
69735,4080392.0,-102.24847872175614,1.3597287217561416,ols
69765,4080392.0,-102.2321258526324,0.7777508526323942,ols
69779,4080392.0,-102.2321258526324,-0.5622491473676092,ols
69788,4080392.0,-102.23297893167978,-0.27264606832021343,ols
69811,4080392.0,-102.23297893167978,0.3154789316797775,ols
69814,4080392.0,-102.23297893167978,0.3779789316797775,ols
69829,4080392.0,-102.23297893167978,0.3254789316797826,ols
69834,4080392.0,-102.23297893167978,0.9879789316797769,ols
69844,4080392.0,-102.23297893167978,0.13360393167978657,ols
69891,4080392.0,-102.48248486660077,-1.152515133399234,ols
69918,4080392.0,-104.03754297564198,-0.10120702435801832,ols
69926,4080392.0,-104.3857567184921,-3.5436182815078894,ols
69941,4080392.0,-105.10086007318357,-5.382889926816432,ols
82571,4080392.0,-68.7247426621638,-2.4408823378362,ols
82581,4080392.0,-67.1508511926149,-1.3741488073851116,ols
82585,4080392.0,-70.41736961081585,0.41299461081585775,ols
82588,4080392.0,-73.6834155544675,-0.5622094455325026,ols
82593,4080392.0,-76.60552627479899,-3.168223725201017,ols
82617,4080392.0,-87.14321801837276,-1.5580319816272379,ols
82634,4080392.0,-91.13904027633092,1.7971652763309152,ols
82658,4080392.0,-95.68385171201486,1.7401017120148623,ols
82690,4080392.0,-99.13862498953445,2.8092499895344503,ols
82708,4080392.0,-99.52274679813303,0.4908717981330284,ols
82720,4080392.0,-99.59486478836976,2.0673647883697583,ols
82742,4080392.0,-99.59486478836976,1.4967397883697657,ols
82766,4080392.0,-99.59486478836976,2.404864788369764,ols
82778,4080392.0,-99.59486478836976,1.9548647883697612,ols
82800,4080392.0,-99.59486478836976,2.196114788369755,ols
82851,4080392.0,-99.86529084639128,-0.07470915360872254,ols
82874,4080392.0,-101.77669975996537,1.2291997599653683,ols
82877,4080392.0,-102.16454886778635,1.688298867786358,ols
82893,4080392.0,-103.45907663575575,2.6784516357557493,ols
82931,4080392.0,-105.24277305378956,-5.068476946210438,ols
94217,4080392.0,-100.4624461795618,3.640571179561789,ols
94234,4080392.0,-100.46154060334226,3.5809156033422624,ols
94238,4080392.0,-100.46154060334226,3.3596656033422505,ols
94295,4080392.0,-102.27088188996981,2.1333818899698116,ols
94299,4080392.0,-102.54932689103676,2.708076891036754,ols
94304,4080392.0,-102.81721996050217,3.164094960502169,ols
94311,4080392.0,-103.29061321033647,0.5656132103364797,ols
94345,4080392.0,-104.76864484354522,-2.94675694216906,ols
106862,4080392.0,-65.16046028354585,-1.6870397164541515,ols
106865,4080392.0,-65.89860989680979,0.39298489680979287,ols
106870,4080392.0,-68.49207519520893,2.0739501952089228,ols
106880,4080392.0,-74.52554894146132,0.84679894146133,ols
106887,4080392.0,-79.5177806510599,-4.72784434894011,ols
106898,4080392.0,-85.0118722020894,-2.880002797910592,ols
106910,4080392.0,-89.00608017200405,-0.9495448279959504,ols
106919,4080392.0,-91.13499799407562,0.6993729940756168,ols
106967,4080392.0,-99.4600389260036,2.5925389260035985,ols
106972,4080392.0,-99.93982370654678,1.0444029144675824,ols
106982,4080392.0,-100.95001366587574,2.184543368846022,ols
106993,4080392.0,-101.5947970584765,3.900422058476508,ols
107028,4080392.0,-102.27177434189632,0.8205243418963164,ols
107052,4080392.0,-102.25798070991473,0.6564955613998933,ols
107057,4080392.0,-102.25798070991473,1.3661057099147342,ols
107076,4080392.0,-102.26286294692439,1.9101401746471396,ols
107086,4080392.0,-102.59875297861302,2.8156279786130227,ols
107138,4080392.0,-104.79149423772213,-4.430096671368773,ols
119778,4080392.0,-73.69728793220729,2.1897879322072953,ols
119796,4080392.0,-83.46817973081798,1.4113047308179745,ols
119799,4080392.0,-85.05131070266474,-1.717439297335261,ols
119857,4080392.0,-97.33656768554226,2.5928176855422578,ols
119870,4080392.0,-99.61491870812988,2.8661687081298766,ols
119904,4080392.0,-102.04601025307875,3.741635253078755,ols
119910,4080392.0,-102.35456238237191,2.2758123823719103,ols
119932,4080392.0,-102.60767749787799,2.097052497877982,ols
119962,4080392.0,-102.59814926113333,2.7712742611333283,ols
119991,4080392.0,-102.59814926113333,3.5956492611333317,ols
120006,4080392.0,-102.59814926113333,3.491274261133327,ols
120030,4080392.0,-102.59814926113333,2.0231492611333266,ols
120064,4080392.0,-102.59814926113333,1.9912742611333272,ols
120110,4080392.0,-102.68453335790099,2.127658357900984,ols
120126,4080392.0,-103.35367543837789,3.810550438377888,ols
120132,4080392.0,-103.5622992004895,2.2472992004895076,ols
120135,4080392.0,-103.77020112648411,1.421451126484115,ols
120155,4080392.0,-104.59574540707953,-3.5848795929204726,ols
120158,4080392.0,-104.78759632269023,-3.6736536773097725,ols
120170,4080392.0,-105.47404934568256,-2.673450654317435,ols
132307,4080392.0,-72.57058049929837,-1.3644195007016293,ols
132346,4080392.0,-79.62009763957411,-7.296152360425893,ols
132362,4080392.0,-86.74836053807016,-5.667264461929847,ols
132372,4080392.0,-89.29919813268603,-2.281426867313968,ols
132382,4080392.0,-92.38452256122211,-0.8886024387778804,ols
132386,4080392.0,-93.24811416733097,-0.4337608326690372,ols
132395,4080392.0,-94.74438856786074,0.335638567860741,ols
132406,4080392.0,-96.65357947591163,-1.13079552408837,ols
132429,4080392.0,-99.33970228314996,0.06657728314996803,ols
132435,4080392.0,-100.26370501010682,-0.6250449898931834,ols
132465,4080392.0,-101.55841651817872,0.7459165181787171,ols
132469,4080392.0,-101.60945689379851,0.892581893798507,ols
132473,4080392.0,-101.61374853762152,-0.09875146237848753,ols
132495,4080392.0,-101.59610948778017,-0.4563905122198264,ols
132503,4080392.0,-101.59610948778017,-0.5457655122198304,ols
132573,4080392.0,-101.59532203019796,-0.3946779698020322,ols
132592,4080392.0,-101.59610948778017,-1.5988905122198247,ols
132603,4080392.0,-101.59610948778017,-2.9020155122198332,ols
132608,4080392.0,-101.61649151486618,-1.6078834851338115,ols
132614,4080392.0,-101.9221300511052,-1.1716199488948007,ols
132627,4080392.0,-102.59016969096702,-1.0773303090329875,ols
132679,4080392.0,-105.35093035270513,-7.326701226242221,ols
146785,4080392.0,-71.78645648752682,-3.0622935124731754,ols
146792,4080392.0,-66.70436274350585,-2.248762256494146,ols
146805,4080392.0,-67.44332606293808,-0.9341739370619138,ols
146821,4080392.0,-78.3074714715071,-6.776278528492895,ols
146831,4080392.0,-83.65695956185809,-2.3830404381419186,ols
146872,4080392.0,-89.87943625213222,-0.45868874786778235,ols
146899,4080392.0,-92.04291033776947,0.7635353377694685,ols
146906,4080392.0,-92.52770859825267,1.723958598252679,ols
146919,4080392.0,-93.13335534901795,0.16335534901794801,ols
146926,4080392.0,-93.27512396240053,3.701373962400524,ols
146941,4080392.0,-93.29276301224188,3.685263012241876,ols
146967,4080392.0,-93.29276301224188,3.435263012241876,ols
146981,4080392.0,-93.29276301224188,2.689638012241872,ols
147007,4080392.0,-93.28393036302816,1.3189303630281586,ols
147049,4080392.0,-93.28393036302816,2.865180363028159,ols
147059,4080392.0,-93.28393036302816,3.2989303630281626,ols
147066,4080392.0,-93.28393036302816,2.5189303630281614,ols
147103,4080392.0,-93.6183504738967,2.430225473896698,ols
147106,4080392.0,-93.89337003448107,1.5264950344810728,ols
147113,4080392.0,-94.23288237104782,0.8460073710478184,ols
147121,4080392.0,-95.03083938768007,0.39333938768007215,ols
147123,4080392.0,-95.46126370211218,0.10563870211217363,ols
147134,4080392.0,-96.7344251210178,-0.8824498789822002,ols
147138,4080392.0,-97.14831282622363,0.722687826223634,ols
147142,4080392.0,-97.54340654380088,-0.32409345619912244,ols
147195,4080392.0,-100.23172110797634,-2.4776538920236533,ols
147204,4080392.0,-100.23729893251695,-3.1695760674830495,ols
147222,4080392.0,-100.22708823253438,-2.9222867674656214,ols
147242,4080392.0,-100.22708823253438,-3.2735367674656146,ols
147282,4080392.0,-100.22614328343575,-1.9638567165642513,ols
147294,4080392.0,-100.22614328343575,-2.6044817165642513,ols
147307,4080392.0,-100.22614328343575,-2.20448171656426,ols
147365,4080392.0,-100.22614328343575,-1.2807317165642473,ols
147373,4080392.0,-100.22614328343575,-1.7526067165642587,ols
147429,4080392.0,-103.03037160371146,0.3159966037114543,ols
147436,4080392.0,-103.51585232743257,0.4433523274325637,ols
147463,4080392.0,-104.8119287619803,-6.307446238019708,ols
164384,4080392.0,-74.13651864726702,1.8421436472670223,ols
164393,4080392.0,-79.6546539031398,-5.465346096860202,ols
164399,4080392.0,-83.81001506725225,-3.780609932747751,ols
164408,4080392.0,-87.04556015388657,-4.521314846113427,ols
164418,4080392.0,-90.76505042195672,-2.905574578043286,ols
164454,4080392.0,-97.62544649957339,0.4279464995733804,ols
164462,4080392.0,-98.61664560687824,-0.7539793931217673,ols
164482,4080392.0,-100.26150012887665,0.6408751288766439,ols
164515,4080392.0,-101.33351863270158,-1.3646063672984212,ols
164521,4080392.0,-101.33351863270158,-1.47523136729842,ols
164572,4080392.0,-101.31884567308653,-2.275529326913471,ols
164574,4080392.0,-101.31884567308653,-2.006779326913474,ols
164604,4080392.0,-101.31884567308653,-2.6724043269134654,ols
164637,4080392.0,-101.31884567308653,-2.9892793269134756,ols
164655,4080392.0,-101.70749536278277,-2.6562546372172307,ols
164673,4080392.0,-102.74189964276447,-3.003100357235539,ols
164675,4080392.0,-102.97774318863424,-2.8472568113657672,ols
164680,4080392.0,-103.19701075239863,-2.2992392476013777,ols
5110,4080393.0,-102.97904189458684,-4.074083105413152,ols
5125,4080393.0,-101.03414554504835,-1.95397945495165,ols
5133,4080393.0,-99.96033918967096,-1.1240358103290333,ols
5148,4080393.0,-97.24334034530783,-0.7591596546921693,ols
5161,4080393.0,-94.71150557575425,-0.7853694242457578,ols
5216,4080393.0,-76.49771324787376,-4.874786752126241,ols
5275,4080393.0,-68.3432036160754,-0.4230463839245999,ols
5304,4080393.0,-68.3432036160754,-0.22429638392459594,ols
5337,4080393.0,-68.3432036160754,0.06632861607539553,ols
5352,4080393.0,-68.21434157057492,-4.115658429425082,ols
5361,4080393.0,-67.15713658766799,-1.916613412332012,ols
5364,4080393.0,-66.55026859640556,-1.5509814035944345,ols
5375,4080393.0,-66.3142438331444,0.17799383314439865,ols
5383,4080393.0,-68.53071856144959,-0.46990643855041014,ols
5397,4080393.0,-77.67247496615015,9.031849966150148,ols
19029,4080393.0,-95.12883792952793,1.4950879295279265,ols
19074,4080393.0,-78.50316432515847,-0.8343356748415403,ols
19092,4080393.0,-66.19292306344393,-1.4183269365560705,ols
19101,4080393.0,-69.66774748644988,-0.979127513550111,ols
19104,4080393.0,-72.54089432342882,5.205269323428823,ols
19115,4080393.0,-77.79823333421982,10.810733334219819,ols
34690,4080393.0,-107.9398806571985,-1.0594943428015,ols
34699,4080393.0,-106.70106431960495,-0.34831068039504487,ols
34708,4080393.0,-105.8164502161282,-0.2422997838718004,ols
34712,4080393.0,-105.34883828797507,8.828797507476338e-05,ols
34737,4080393.0,-102.07707361177346,0.6870736117734566,ols
34747,4080393.0,-100.22306878597529,1.7293187859752805,ols
34758,4080393.0,-99.06803853187616,1.9024135318761495,ols
34763,4080393.0,-97.83508616355618,4.086336163556183,ols
34774,4080393.0,-96.40772472382419,2.991474723824183,ols
34780,4080393.0,-94.73662555223696,3.5122505522369636,ols
34783,4080393.0,-93.8179106184351,3.0204106184351076,ols
34806,4080393.0,-87.99387973018843,2.0938797301884193,ols
34818,4080393.0,-83.06953228988056,0.5220322898805563,ols
34858,4080393.0,-74.60036259514797,10.88973759514797,ols
34865,4080393.0,-80.49697991386208,-0.3936450861379228,ols
50435,4080393.0,-109.94136959308214,-4.367538452894863,ols
50441,4080393.0,-109.48024236968874,-1.9060076303112652,ols
50445,4080393.0,-109.00115343861052,-3.4250965613894806,ols
50467,4080393.0,-105.73475086043834,1.0070280881610927,ols
50479,4080393.0,-103.86550499738408,3.4517549973840858,ols
50484,4080393.0,-103.19051458829944,2.023014588299432,ols
50521,4080393.0,-95.16103693198055,3.3885369319805534,ols
50537,4080393.0,-91.15062344151725,2.2874984415172577,ols
50544,4080393.0,-89.64662097995074,1.3803709799507402,ols
50560,4080393.0,-87.50289116776902,0.6272661677690223,ols
50576,4080393.0,-85.79308187469344,-1.0781681253065614,ols
50587,4080393.0,-85.28855599582042,-2.6427558853677056,ols
50611,4080393.0,-78.77844070256614,1.4909407025661494,ols
69268,4080393.0,-107.5972742902488,1.3416492902488102,ols
69292,4080393.0,-104.77494852030748,1.4811985203074727,ols
69309,4080393.0,-102.59746126338872,0.03183626338872614,ols
69313,4080393.0,-101.98330293194836,1.3376779319483632,ols
69369,4080393.0,-90.17863091300913,0.11925591300912686,ols
69376,4080393.0,-87.4194880912767,-0.06363690872329641,ols
69380,4080393.0,-85.85403281657975,-1.9890921834202544,ols
69390,4080393.0,-80.23718230219454,-1.0903176978054603,ols
69408,4080393.0,-71.5050981112256,1.394473111225608,ols
69410,4080393.0,-69.81494103949927,1.635566039499281,ols
69436,4080393.0,-66.12870995847074,-2.673165041529259,ols
69452,4080393.0,-66.12160451822484,-2.59464548177516,ols
69463,4080393.0,-66.12160451822484,-3.0015204817751595,ols
69478,4080393.0,-66.12160451822484,-3.020895481775156,ols
69497,4080393.0,-66.1225818464371,-3.5886681535629066,ols
69517,4080393.0,-66.12414028872152,-3.2758597112784855,ols
69558,4080393.0,-66.6165684291833,-2.9621815708166963,ols
69574,4080393.0,-73.22684665705638,8.677471657056387,ols
69580,4080393.0,-75.67850089179052,8.903500891790515,ols
82320,4080393.0,-107.60563440860504,2.6281344086050353,ols
82340,4080393.0,-105.19122430304088,2.109974303040886,ols
82356,4080393.0,-102.95923118758154,0.9998561875815426,ols
82372,4080393.0,-100.44106580586161,1.5285658058616178,ols
82393,4080393.0,-96.76764564869652,1.9932706486965088,ols
82396,4080393.0,-95.93416958356946,1.6716695835694537,ols
82418,4080393.0,-91.37889561477034,0.6013956147703396,ols
82425,4080393.0,-89.2205322936807,-0.03196770631929269,ols
82435,4080393.0,-86.77882303386325,-0.2299269661367589,ols
82449,4080393.0,-81.77730628620071,-3.0051937137992866,ols
82506,4080393.0,-78.0477822067966,-2.090342793203405,ols
82527,4080393.0,-69.77123861984558,-0.93626138015442,ols
106458,4080393.0,-118.85270106103505,0.14981644565042984,ols
106478,4080393.0,-118.39735856408718,0.7911085640871818,ols
106491,4080393.0,-118.37322912295473,-1.1855208770452776,ols
106518,4080393.0,-118.17357681775529,2.714826817755295,ols
106535,4080393.0,-118.07667604622337,0.3241760462233714,ols
106596,4080393.0,-113.57676639993507,-1.3507336000649275,ols
106601,4080393.0,-113.08682120141795,-0.6319287985820523,ols
106612,4080393.0,-112.57275976890637,1.6202597689063651,ols
106633,4080393.0,-110.9205732189402,-0.24776011439313095,ols
106645,4080393.0,-110.02523491940458,-2.623931747262091,ols
106713,4080393.0,-103.13312957367408,1.3725045736740782,ols
106733,4080393.0,-100.20789378440921,2.8916437844092115,ols
106751,4080393.0,-97.36138574478342,3.573885744783425,ols
106789,4080393.0,-85.14578683400221,-0.8579631659977878,ols
106793,4080393.0,-83.31588503506048,-1.0784899649395214,ols
119599,4080393.0,-108.40304177984444,-1.6107082201555585,ols
119633,4080393.0,-103.9066716465411,3.3785466465410963,ols
119694,4080393.0,-88.78159306213324,1.628468062133237,ols
119713,4080393.0,-81.14040526311825,0.466030263118256,ols
119721,4080393.0,-75.6459452966118,3.795945296611805,ols
119739,4080393.0,-69.25516970235748,2.4501697023574707,ols
132014,4080393.0,-104.06897416546654,-4.308020515384541,ols
132029,4080393.0,-102.55630782136971,-4.154942178630293,ols
132085,4080393.0,-92.5318259339269,-2.30504906607311,ols
132102,4080393.0,-86.16071576815983,-4.3361592318401705,ols
132115,4080393.0,-81.17051753776632,-5.396357462233681,ols
132123,4080393.0,-77.41623007460558,-1.8887699253944277,ols
132135,4080393.0,-71.6986355115294,0.11738551152940602,ols
132181,4080393.0,-67.00044710239405,1.662322102394043,ols
132194,4080393.0,-67.00044710239405,1.909197102394046,ols
132224,4080393.0,-66.9797118957285,1.2847118957285062,ols
132273,4080393.0,-66.48637246274446,-3.5405025372555485,ols
132277,4080393.0,-67.19123741799311,-4.946262582006895,ols
132285,4080393.0,-70.27169670021351,-2.862678299786495,ols
146579,4080393.0,-108.14868550903438,-1.5900644909656165,ols
146582,4080393.0,-107.74174717286947,-1.3495028271305358,ols
146599,4080393.0,-105.99524845042006,-1.6960015495799325,ols
146612,4080393.0,-104.53758983610795,-0.6886601638920382,ols
146627,4080393.0,-102.36354964220814,-2.7820753577918538,ols
146651,4080393.0,-98.75459352563827,0.37834352563827167,ols
146675,4080393.0,-94.50123473159996,-0.9081402684000324,ols
146726,4080393.0,-78.53941791897817,-2.718707081021833,ols
146766,4080393.0,-74.26516543261828,9.711415432618281,ols
160535,4080393.0,-109.49549661408281,-2.821467671631467,ols
160556,4080393.0,-107.6286412430072,1.0611412430071994,ols
160565,4080393.0,-106.84190523927465,-2.3624697607253466,ols
160574,4080393.0,-105.59826829630981,-1.605481703690188,ols
160588,4080393.0,-104.2324917410883,1.0512417410882904,ols
160616,4080393.0,-100.4566634358438,0.6472884358437909,ols
160618,4080393.0,-99.84324470413162,-0.240505295868374,ols
160628,4080393.0,-98.55895619039192,3.164581190391928,ols
160635,4080393.0,-97.2043396667834,1.9868396667833963,ols
160638,4080393.0,-96.47918854756131,2.659188547561314,ols
160687,4080393.0,-84.68723500251949,-3.0740149974805178,ols
160725,4080393.0,-68.52728470556866,-3.366465294431336,ols
164181,4080393.0,-99.49930441624359,-0.7606955837564158,ols
164190,4080393.0,-96.90070756408213,1.2738325640821273,ols
164202,4080393.0,-93.88736695719568,-1.2713830428043167,ols
164247,4080393.0,-78.30501763369143,1.3612676336914404,ols
164280,4080393.0,-69.74021505267527,-1.753534947324738,ols
164329,4080393.0,-66.23181808486434,-7.651306915135663,ols
164352,4080393.0,-77.55242208169803,4.837860226027928,ols
131404,30829824.0,-78.67355893247424,-0.20144106752576363,ols
131409,30829824.0,-78.67355893247424,-0.7014410675257636,ols
131425,30829824.0,-78.67355893247424,0.48605893247423637,ols
131467,30829824.0,-78.67355893247424,-6.513941067525764,ols
131471,30829824.0,-78.67355893247424,-0.8576910675257636,ols
131497,30829824.0,-78.67355893247424,-7.388941067525764,ols
131502,30829824.0,-78.55630376860927,-5.8811962313907316,ols
131526,30829824.0,-75.60406294378177,6.97906294378177,ols
32832,51447561.0,-82.64169262450321,-6.4801823754967955,ols
32876,51447561.0,-79.1070764783455,4.523951478345509,ols
32926,51447561.0,-79.48766242596325,2.5857874259632467,ols
32927,51447561.0,-79.48766242596325,2.4064124259632536,ols
32932,51447561.0,-79.47478435306617,2.2429093530661675,ols
32974,51447561.0,-80.0169080070239,-2.5668419929760944,ols
32997,51447561.0,-84.52841673394623,0.35813612170133524,ols
33010,51447561.0,-85.46302774919909,-2.230722250800909,ols
33015,51447561.0,-86.96799910576189,-5.629577424850353,ols
33030,51447561.0,-89.52527323505385,-5.070351764946153,ols
33611,51447561.0,-103.03573729840775,-4.888637701592245,ols
33624,51447561.0,-103.05667064911698,-4.097079350883021,ols
33632,51447561.0,-103.11073262627893,0.10510762627893655,ols
33640,51447561.0,-103.20906405939985,2.4384390593998546,ols
33696,51447561.0,-104.08409021924832,-1.4159097807516758,ols
33716,51447561.0,-104.3710551698048,-0.6576948301951973,ols
33736,51447561.0,-104.47491812417013,-0.3219568758298692,ols
33764,51447561.0,-104.5314606428901,-1.0754143571099064,ols
33803,51447561.0,-105.35886386202517,4.87886386202517,ols
33808,51447561.0,-105.47555303127591,-1.3888219687240877,ols
33822,51447561.0,-105.94748686644354,-4.0056381335564595,ols
48972,51447561.0,-103.00372361920586,-6.161276380794149,ols
48987,51447561.0,-102.9242080013178,-3.3970419986822122,ols
49023,51447561.0,-103.11266001571252,0.4751600157125182,ols
49079,51447561.0,-104.19298340074526,-0.8313915992547436,ols
49106,51447561.0,-104.37786585533696,0.2566158553369604,ols
49120,51447561.0,-104.3932676848018,1.7520176848017996,ols
49142,51447561.0,-104.41438253855186,0.8818825385518636,ols
49154,51447561.0,-104.39206630753154,1.4945663075315423,ols
49162,51447561.0,-104.41438253855186,0.9675075385518568,ols
49238,51447561.0,-104.41438253855186,0.8125075385518556,ols
49248,51447561.0,-104.39206630753154,1.1770663075315326,ols
49254,51447561.0,-104.39206630753154,0.35144130753153036,ols
49262,51447561.0,-104.40015615735145,-1.198593842648549,ols
49273,51447561.0,-104.52987033053233,0.4361203305323329,ols
49281,51447561.0,-104.66572967809566,6.258854678095659,ols
49289,51447561.0,-104.87189120347436,9.501266203474358,ols
49313,51447561.0,-105.43950307016601,-1.5186219298339836,ols
80569,51447561.0,-104.48033728638924,-0.6807738247218822,ols
80581,51447561.0,-104.48033728638924,-0.5543849358329993,ols
80594,51447561.0,-104.50206579327735,-0.5685592067226537,ols
80609,51447561.0,-104.47915319512286,-0.04897180487714081,ols
80610,51447561.0,-104.47915319512286,0.4216531951228575,ols
80615,51447561.0,-104.50206579327735,0.30331579327734914,ols
80626,51447561.0,-104.47915319512286,0.3246588131003847,ols
80666,51447561.0,-104.8278205365601,8.472195536560093,ols
80685,51447561.0,-105.16455189231218,4.399551892312175,ols
81184,51447561.0,-105.44163789164627,-0.33523710835373777,ols
81195,51447561.0,-105.47944238215088,-1.558682617849115,ols
92588,51447561.0,-103.00256545694532,-5.251184543054677,ols
92593,51447561.0,-103.00263460096087,-4.604240399039128,ols
92596,51447561.0,-103.02723258449451,-3.43839241550549,ols
92674,51447561.0,-104.00484253442053,-3.1557824655794633,ols
92681,51447561.0,-104.03659692356409,-2.3840280764359107,ols
92685,51447561.0,-104.0461474407126,-5.256352559287393,ols
92701,51447561.0,-104.05040844067118,-5.194591559328828,ols
92749,51447561.0,-104.06912918288265,-3.5296208171173475,ols
92763,51447561.0,-104.28029500638714,-1.677204993612861,ols
92765,51447561.0,-104.33089113976939,-0.7391088602306013,ols
92788,51447561.0,-104.77635145998146,7.923851459981449,ols
92805,51447561.0,-105.19793116582127,5.23293116582127,ols
92812,51447561.0,-105.46705696036462,-0.4285680396353797,ols
92825,51447561.0,-105.60046169537573,0.6673366953757238,ols
92854,51447561.0,-105.50655547925031,1.3971804792503093,ols
92860,51447561.0,-105.50655547925031,0.9384304792503144,ols
92924,51447561.0,-105.50655547925031,0.5296804792503025,ols
92930,51447561.0,-105.60730695291566,-0.7020680470843388,ols
92934,51447561.0,-105.58097172599122,-2.106528274008781,ols
104995,51447561.0,-103.0917871660169,-7.886337833983106,ols
105018,51447561.0,-103.08755209506417,-5.661822904935832,ols
105064,51447561.0,-103.39469845516072,0.36969845516071587,ols
105067,51447561.0,-103.44070515451052,1.9863301545105259,ols
105085,51447561.0,-103.5583364109732,4.308336410973197,ols
105089,51447561.0,-103.5904883782062,4.974238378206209,ols
105158,51447561.0,-104.00856766825855,-2.711432331741449,ols
105165,51447561.0,-104.03251742664636,-2.7918575733536386,ols
105175,51447561.0,-104.13561979684057,-1.6312552031594265,ols
105194,51447561.0,-104.39439991805651,-0.43310008194349336,ols
105211,51447561.0,-104.45219567205842,1.9915706720584296,ols
105227,51447561.0,-104.44987070453539,2.2242457045353916,ols
105231,51447561.0,-104.44987070453539,2.4092457045353797,ols
105240,51447561.0,-104.44995713455482,2.570582134554826,ols
105253,51447561.0,-104.44987070453539,2.1429957045353802,ols
105320,51447561.0,-104.44987070453539,1.9698707045353814,ols
105323,51447561.0,-104.44995713455482,1.984332134554819,ols
105339,51447561.0,-104.44987070453539,2.7767457045353865,ols
105373,51447561.0,-104.6115466989065,-0.07157830109350982,ols
105437,51447561.0,-106.17636220093202,-4.600055324841179,ols
118379,51447561.0,-102.95995545735965,-5.163169542640347,ols
118382,51447561.0,-102.96941090148677,-5.084339098513226,ols
118387,51447561.0,-102.98607460923549,-4.325800390764513,ols
118413,51447561.0,-103.20059391749439,0.33246891749438134,ols
118422,51447561.0,-103.36914974141321,1.4810247414132078,ols
118434,51447561.0,-103.4663057262697,1.2006807262696952,ols
118463,51447561.0,-103.85539638780068,-2.772728612199316,ols
118490,51447561.0,-104.06890446483209,-3.4548455351679195,ols
118526,51447561.0,-104.22117687308774,-0.3381981269122605,ols
118534,51447561.0,-104.28442636131653,-0.357448638683465,ols
118556,51447561.0,-104.56684509285029,2.1893450928502887,ols
118561,51447561.0,-104.67453689707696,4.095786897076962,ols
33040,51447562.0,-101.89592726410895,9.107177264108955,ols
33058,51447562.0,-101.65352680293682,9.582276802936818,ols
33081,51447562.0,-101.13322866622539,5.161978666225394,ols
33090,51447562.0,-100.92424252104131,2.429242521041303,ols
33120,51447562.0,-99.78682098774095,-2.2106790122590496,ols
33149,51447562.0,-99.9059003724065,-2.7972246275934936,ols
33151,51447562.0,-100.08383458663529,-2.772415413364712,ols
33157,51447562.0,-100.24402862646743,-1.8515963735325727,ols
33172,51447562.0,-100.6284022842183,0.3671522842182924,ols
33177,51447562.0,-100.65040583476527,-0.3014691652347352,ols
33179,51447562.0,-100.65315130926275,0.59440130926275,ols
33188,51447562.0,-100.64685201740345,0.9749770174034467,ols
33206,51447562.0,-100.64685201740345,0.2768520174034421,ols
33218,51447562.0,-100.64685201740345,0.5599770174034404,ols
33241,51447562.0,-100.64685201740345,0.3368520174034444,ols
33284,51447562.0,-100.64685201740345,-0.13689798259655106,ols
33295,51447562.0,-100.79291150160637,0.13853650160636732,ols
33299,51447562.0,-100.86834278096572,0.9014677809657172,ols
33351,51447562.0,-101.41476930573154,-4.655230694268454,ols
33381,51447562.0,-101.71019995004505,7.035199950045055,ols
33480,51447562.0,-101.92563717725372,-2.0487378227462756,ols
33489,51447562.0,-101.89863539340703,-3.6644896065929657,ols
33518,51447562.0,-101.7364331455945,-3.534191854405492,ols
33588,51447562.0,-101.86455729661685,-9.830442703383142,ols
33608,51447562.0,-102.05120619382711,-9.781432695061781,ols
92535,51447562.0,-101.62612867810302,-1.6019963218969906,ols
92562,51447562.0,-101.87293707748762,-10.156437922512382,ols
92578,51447562.0,-102.03915453657707,-11.063345463422934,ols
117706,51447562.0,-101.53481846089753,7.009193460897521,ols
117713,51447562.0,-101.53846383423205,8.18596383423204,ols
117722,51447562.0,-101.571108357239,7.654233357238994,ols
117726,51447562.0,-101.5820637521842,8.787688752184195,ols
117751,51447562.0,-101.57594877695418,6.319073776954184,ols
117774,51447562.0,-101.3759519826697,7.155326982669706,ols
117790,51447562.0,-101.16042440417218,4.585424404172173,ols
117806,51447562.0,-100.85719463660429,1.694069636604297,ols
117821,51447562.0,-100.56587678295966,5.820876782959658,ols
117837,51447562.0,-100.143099008708,0.5068490087080022,ols
117864,51447562.0,-99.3855420015025,0.4167920015025004,ols
117872,51447562.0,-99.5025529439951,-2.6755720560048957,ols
117886,51447562.0,-99.94993879528059,-2.7081862047194107,ols
117917,51447562.0,-100.47778668568914,0.8471616856891444,ols
117941,51447562.0,-100.53257570725367,0.8594507072536715,ols
117949,51447562.0,-100.53257570725367,0.6794507072536646,ols
117951,51447562.0,-100.53257570725367,0.7113257072536641,ols
117994,51447562.0,-100.53257570725367,0.8657007072536658,ols
118035,51447562.0,-100.53257570725367,1.1469507072536658,ols
118067,51447562.0,-100.93060325177703,0.036853251777031915,ols
118080,51447562.0,-101.11043484307186,-2.4770651569281483,ols
118093,51447562.0,-101.2401648376682,-3.5092101623317973,ols
118094,51447562.0,-101.2790279387164,-4.21409706128361,ols
118119,51447562.0,-101.61094002410377,-0.0059349758962241594,ols
118127,51447562.0,-101.71957479977713,-0.7529252002228617,ols
118140,51447562.0,-101.85113470914385,1.5830097091438518,ols
118157,51447562.0,-101.95939121408787,1.248141214087866,ols
118170,51447562.0,-101.9727607954714,3.9608857954713983,ols
118184,51447562.0,-101.95706737893839,5.072692378938385,ols
118186,51447562.0,-101.95572536112786,5.183225361127867,ols
118198,51447562.0,-101.95473270163426,5.025357701634263,ols
118203,51447562.0,-101.95473270163426,4.988482701634254,ols
118223,51447562.0,-101.95473270163426,3.3822327016342513,ols
118238,51447562.0,-101.9423786687375,2.5080036687375014,ols
118249,51447562.0,-101.90994014666916,-1.2794348533308408,ols
118276,51447562.0,-101.76288920765649,-3.49211079234351,ols
118278,51447562.0,-101.7479077592797,-3.2539672407203,ols
118288,51447562.0,-101.72816901437348,-4.112455985626525,ols
118312,51447562.0,-101.61112675010074,-3.8094982498992636,ols
118331,51447562.0,-101.6620234381412,-2.0611015618587913,ols
118356,51447562.0,-101.85773999070142,-8.797885009298582,ols
118361,51447562.0,-101.89158317414058,-9.123416825859422,ols
31994,51447566.0,-100.48730542070443,4.900430420704424,ols
32023,51447566.0,-100.2682263413672,-0.17927365863280897,ols
32026,51447566.0,-100.23896550520807,-0.9597844947919327,ols
32068,51447566.0,-99.95490712222343,-1.5950928777765654,ols
32072,51447566.0,-99.9247522346129,-3.062747765387101,ols
32077,51447566.0,-99.89176218085744,-3.676362819142554,ols
32087,51447566.0,-99.81504900791238,-2.228075992087625,ols
32169,51447566.0,-98.50323266695041,1.3188576669504073,ols
32189,51447566.0,-98.52808729729972,-0.11441270270027815,ols
32196,51447566.0,-98.65757530437781,-0.14179969562218275,ols
32202,51447566.0,-98.72744208929294,0.2286920892929345,ols
32217,51447566.0,-98.92735644184629,1.0679814418462854,ols
32228,51447566.0,-98.9524423690885,0.5818173690884976,ols
32236,51447566.0,-98.98619392338368,0.2593189233836739,ols
32241,51447566.0,-99.01663615290347,0.22038615290347252,ols
32259,51447566.0,-99.0636694864719,-0.282580513528103,ols
32262,51447566.0,-99.08206025826799,-0.002314741732007519,ols
32268,51447566.0,-99.10842187683491,0.8015468768349052,ols
32278,51447566.0,-99.10163865064881,2.3691386506488072,ols
32280,51447566.0,-99.1004279003748,1.1329279003747956,ols
32299,51447566.0,-99.09415352735309,1.3147785273530843,ols
32307,51447566.0,-99.09415352735309,1.9191535273530889,ols
32318,51447566.0,-99.09415352735309,2.135403527353091,ols
32330,51447566.0,-99.09415352735309,1.5229035273530798,ols
32333,51447566.0,-99.09415441695653,2.359154416956528,ols
32345,51447566.0,-99.09415441695653,1.7360294169565265,ols
32363,51447566.0,-99.09415441695653,1.709779416956522,ols
32386,51447566.0,-99.09415441695653,1.8110294169565293,ols
32411,51447566.0,-99.09494171599583,2.791816715995836,ols
32442,51447566.0,-99.09494171599583,2.0924417159958324,ols
32459,51447566.0,-99.09300949733665,2.3848844973366568,ols
32477,51447566.0,-99.0758463782798,1.1927213782797992,ols
32506,51447566.0,-99.13016467437123,-1.6435853256287771,ols
32515,51447566.0,-99.20659584302764,-1.5734041569723587,ols
32533,51447566.0,-99.41225525455934,-3.594619745440653,ols
32576,51447566.0,-99.54205551244284,-2.014819487557162,ols
32610,51447566.0,-99.53682375464606,-0.7819262453539295,ols
32625,51447566.0,-99.53682375464606,-0.7269262453539369,ols
32626,51447566.0,-99.53682375464606,-0.626301245353929,ols
32631,51447566.0,-99.53682375464606,-1.3944262453539409,ols
32652,51447566.0,-99.5376119432888,-1.1886380567111985,ols
32670,51447566.0,-99.5376119432888,-1.0536380567112076,ols
32674,51447566.0,-99.5376119432888,-0.4855130567111985,ols
32682,51447566.0,-99.5376119432888,-0.4217630567111996,ols
32685,51447566.0,-99.5376119432888,-0.6830130567112036,ols
32689,51447566.0,-99.5376119432888,-1.7286380567112047,ols
32710,51447566.0,-99.5376119432888,-0.3080130567112036,ols
32719,51447566.0,-99.5376119432888,0.1607369432887964,ols
162096,51447572.0,-104.22826901442525,0.328894014425245,ols
162109,51447572.0,-104.22826901442525,0.9995190144252462,ols
162116,51447572.0,-104.22826901442525,1.175144014425257,ols
162122,51447572.0,-104.22826901442525,1.2545190144252558,ols
162156,51447572.0,-104.22826901442525,-0.6167309855747476,ols
162179,51447572.0,-104.22826901442525,-0.7367309855747521,ols
162187,51447572.0,-104.22738018357836,-0.4001198164216362,ols
162241,51447572.0,-104.22826901442525,-0.43235598557474475,ols
162251,51447572.0,-104.22826901442525,-0.47298098557475043,ols
162265,51447572.0,-104.22826901442525,-0.7323559855747419,ols
162289,51447572.0,-104.22826901442525,-0.44610598557474646,ols
162342,51447572.0,-104.22826901442525,-0.6454809855747499,ols
162346,51447572.0,-104.22826901442525,-0.7879809855747482,ols
162352,51447572.0,-104.22826901442525,-1.2911059855747453,ols
162384,51447572.0,-104.22826901442525,-0.9998559855747544,ols
162386,51447572.0,-104.22852848678428,-1.3302215132157187,ols
162399,51447572.0,-104.22826901442525,-0.8423559855747556,ols
162414,51447572.0,-104.22826901442525,-0.8992309855747465,ols
162420,51447572.0,-104.22826901442525,-0.749230985574755,ols
162431,51447572.0,-104.22826901442525,-0.5117309855747436,ols
162436,51447572.0,-104.22826901442525,-0.7279809855747459,ols
162444,51447572.0,-104.22826901442525,-0.8136059855747533,ols
162500,51447572.0,-104.22826901442525,-1.2386059855747504,ols
162533,51447572.0,-104.22826901442525,-0.7229809855747504,ols
162536,51447572.0,-104.22826901442525,-0.6573559855747533,ols
162540,51447572.0,-104.22826901442525,-0.8211059855747465,ols
162576,51447572.0,-104.22826901442525,-0.05360598557474816,ols
162592,51447572.0,-104.22826901442525,2.3320190144252564,ols
162613,51447572.0,-104.22826901442525,3.028894014425248,ols
162626,51447572.0,-104.22826901442525,2.812019014425246,ols
162631,51447572.0,-104.22826901442525,3.169519014425248,ols
162757,51447572.0,-104.68510920737546,3.470109207375458,ols
162776,51447572.0,-104.68569071989641,2.8631907198964086,ols
162791,51447572.0,-104.68569071989641,2.907565719896411,ols
162806,51447572.0,-104.68569071989641,-3.0574342801035925,ols
161474,51447573.0,-58.85484606440724,-29.871403935592753,ols
161482,51447573.0,-57.88922411616505,-28.63890088383495,ols
161506,51447573.0,-58.58856493647755,-30.904560063522453,ols
161512,51447573.0,-59.6719999950713,-30.5286250049287,ols
161517,51447573.0,-60.8166533153838,-29.8977216846162,ols
161532,51447573.0,-64.72793871577443,-31.808936284225567,ols
9364,51629574.0,-85.52804106841076,-8.34391015110144,ols
9376,51629574.0,-84.19785006670831,-0.1563165999583589,ols
9393,51629574.0,-82.57655086547057,2.3677440472887525,ols
9404,51629574.0,-81.84325692842734,4.493825110245524,ols
9409,51629574.0,-81.74128273643362,3.2174732126240997,ols
9412,51629574.0,-81.70487405654632,2.221540723212982,ols
9426,51629574.0,-81.73633543471638,3.2872613606423045,ols
9457,51629574.0,-80.17657468917926,0.5369913558459274,ols
9484,51629574.0,-80.06409239687676,0.7345469423313062,ols
9488,51629574.0,-80.3575090750353,1.0914834340096604,ols
9545,51629574.0,-80.94895938859881,0.04839120678062159,ols
9556,51629574.0,-80.94895545592654,-0.15991551181539876,ols
9561,51629574.0,-80.94895545592654,-0.2639351690734628,ols
9582,51629574.0,-80.94895545592654,-0.43604454407346793,ols
9585,51629574.0,-80.94895545592654,-0.04096389891216745,ols
9595,51629574.0,-80.94895938859881,-0.14270727806786,ols
9620,51629574.0,-81.88036169130665,-1.211743571851244,ols
9626,51629574.0,-82.3697080346915,0.3631290873230739,ols
24027,51629574.0,-83.62362879036517,1.0561287903651788,ols
24082,51629574.0,-82.56127243369673,-0.41747756630327615,ols
39120,51629574.0,-83.79671749504004,-2.0407825049599637,ols
39123,51629574.0,-83.7967096296955,-1.2764153703045054,ols
39136,51629574.0,-83.38433748067597,0.9787124806759664,ols
39164,51629574.0,-80.16341203508738,0.797162035087382,ols
39243,51629574.0,-80.33685074759437,0.022475747594370432,ols
39256,51629574.0,-80.3368468149221,-0.02565318507789982,ols
39274,51629574.0,-80.33505744903869,0.04380744903868106,ols
39299,51629574.0,-80.33683108423301,0.3274560842330061,ols
39308,51629574.0,-80.66237376217545,-0.8763762378245445,ols
39324,51629574.0,-82.42520983845576,-0.22354016154424983,ols
55108,51629574.0,-83.25573909740584,-1.2442609025941636,ols
55114,51629574.0,-83.24989907908302,-1.3063509209169837,ols
55118,51629574.0,-83.24285566304519,0.6116056630451965,ols
55141,51629574.0,-83.2146426721712,1.1858926721711924,ols
55143,51629574.0,-83.17079337634668,1.1282933763466758,ols
55153,51629574.0,-82.91933831132246,2.07871331132246,ols
55161,51629574.0,-82.3540559990519,2.372180999051892,ols
55177,51629574.0,-80.51349065533017,1.2159906553301738,ols
55179,51629574.0,-80.00146459095699,0.3702145909569907,ols
55184,51629574.0,-79.58233611097543,1.269836110975433,ols
55191,51629574.0,-79.22253985755034,0.47378985755034364,ols
55280,51629574.0,-79.87461624684757,-0.656633753152434,ols
55360,51629574.0,-82.86384437290275,0.15384437290275343,ols
55368,51629574.0,-83.60253393630215,1.7969089363021453,ols
55382,51629574.0,-84.52448996021442,-0.004885039785577305,ols
55388,51629574.0,-84.74534883496825,-0.5190261650317467,ols
55392,51629574.0,-84.96637681462974,0.7915350424778467,ols
73498,51629574.0,-81.78718488718374,2.845934887183745,ols
73533,51629574.0,-79.88668955072032,-0.05768544927967412,ols
73557,51629574.0,-79.99835777986269,-0.8441422201373143,ols
73569,51629574.0,-79.99835777986269,-0.8278922201373149,ols
73616,51629574.0,-80.58676813776052,-0.6726068622394905,ols
73619,51629574.0,-81.059624786312,-0.6103752136880018,ols
73624,51629574.0,-81.55834662039153,-0.9595105224656066,ols
85778,51629574.0,-82.68719266715013,3.104067667150133,ols
85835,51629574.0,-84.51209417721543,0.6870941772154282,ols
97951,51629574.0,-85.32328648660773,-2.8104635133922784,ols
97958,51629574.0,-84.46902355050061,1.6958985505006154,ols
97969,51629574.0,-83.4264603333734,2.803335333373397,ols
98022,51629574.0,-82.13785340826723,-2.7027715917327697,ols
98048,51629574.0,-82.08596966299254,-2.7296553370074577,ols
98052,51629574.0,-82.08596966299254,-2.8371553370074594,ols
98055,51629574.0,-82.08596966299254,-2.7602803370074582,ols
98066,51629574.0,-82.08596966299254,-3.0177803370074656,ols
98071,51629574.0,-82.08669720736272,-3.031427792637288,ols
98084,51629574.0,-82.08669720736272,-2.919552792637276,ols
98105,51629574.0,-82.08596966299254,-3.0490303370074656,ols
98125,51629574.0,-82.08669720736272,-2.8358027926372813,ols
98132,51629574.0,-82.08669720736272,-2.8858027926372785,ols
98181,51629574.0,-84.28053843388378,-0.6394615661162248,ols
111079,51629574.0,-81.23809731932622,3.004972319326214,ols
111100,51629574.0,-79.29198298451621,-0.412392015483789,ols
111102,51629574.0,-79.34625386185957,-1.0362461381404273,ols
111118,51629574.0,-80.37701512950073,0.29639012950073607,ols
111123,51629574.0,-80.7002414634754,-1.1791335365246027,ols
123528,51629574.0,-85.90226236372682,-2.8096126362731866,ols
123544,51629574.0,-84.17907548928534,2.078450489285345,ols
123576,51629574.0,-79.92533985380224,0.38596485380223555,ols
123579,51629574.0,-79.71462727350826,0.653377273508255,ols
123597,51629574.0,-79.2697515881668,0.2941265881668045,ols
123607,51629574.0,-79.76833577871683,0.3270857787168353,ols
123616,51629574.0,-80.71639294849345,-0.2217320515065495,ols
123629,51629574.0,-82.3859774998777,0.41535249987769873,ols
123633,51629574.0,-82.94722095772568,1.5615959577256717,ols
123638,51629574.0,-84.00698568336738,0.5057356833673765,ols
123646,51629574.0,-84.8031905787339,0.4972009954005756,ols
9645,51629575.0,-84.55145073651259,5.846372611512592,ols
9692,51629575.0,-88.15104359604416,-3.9784206896701164,ols
9722,51629575.0,-94.19744205575942,-0.47339127757389576,ols
9731,51629575.0,-95.62143543578995,2.1577257583705887,ols
9733,51629575.0,-96.27915449118068,2.4552908548170365,ols
9746,51629575.0,-98.00132896201002,1.6620432477242986,ols
9774,51629575.0,-101.07060826519192,4.238221901555562,ols
9832,51629575.0,-105.69100556653788,-2.3923277667954324,ols
9878,51629575.0,-107.83091236479375,-0.8024209685395931,ols
9898,51629575.0,-107.82324535631875,-0.7200238744504901,ols
9924,51629575.0,-107.82324535631875,-1.8892546436812552,ols
9929,51629575.0,-107.82324535631875,-1.7236296436812495,ols
9969,51629575.0,-107.82324535631875,-2.0006182800448897,ols
9979,51629575.0,-107.82324535631875,-2.4381182800448897,ols
9987,51629575.0,-107.82324535631875,-2.012280959470729,ols
9996,51629575.0,-107.82324535631875,-1.9580046436812495,ols
10000,51629575.0,-107.82324535631875,-1.8493736913002863,ols
10018,51629575.0,-107.82324535631875,-2.6017546436812466,ols
24132,51629575.0,-76.56293765240176,-5.570812347598249,ols
24139,51629575.0,-78.05215782095088,-7.679092179049121,ols
24168,51629575.0,-91.4271240681194,-2.1210009318806016,ols
24180,51629575.0,-94.20881253101473,-0.44806246898527036,ols
24188,51629575.0,-95.20552363276386,1.2373986327638562,ols
24219,51629575.0,-95.70666718672022,0.7991671867202257,ols
24226,51629575.0,-95.7066775897168,0.8816775897168014,ols
24248,51629575.0,-95.7066775897168,0.5191775897168043,ols
24266,51629575.0,-95.7066775897168,0.6648025897167997,ols
24275,51629575.0,-95.70666718672022,0.5529171867202223,ols
24327,51629575.0,-96.965377757184,4.271627757184007,ols
24365,51629575.0,-101.75612412742822,4.529874127428229,ols
24380,51629575.0,-103.19488976259373,2.247389762593727,ols
24390,51629575.0,-103.8611808871614,1.6143058871613931,ols
24413,51629575.0,-105.62321964086208,0.6969696408620791,ols
24419,51629575.0,-105.8917834004149,0.1386584004148972,ols
24438,51629575.0,-107.14907916334462,1.926579163344627,ols
24469,51629575.0,-107.95106697522274,-2.2095580247772517,ols
24492,51629575.0,-107.96716041092263,-2.429089589077364,ols
24503,51629575.0,-107.98339948857455,-0.028475511425455124,ols
39373,51629575.0,-76.01852803569437,-2.202721964305624,ols
39378,51629575.0,-76.64989630076332,-5.415728699236681,ols
39397,51629575.0,-86.03931851550708,-4.3956814844929255,ols
39399,51629575.0,-87.85531761243679,-4.002182387563209,ols
39403,51629575.0,-89.4621852692406,-3.65093973075939,ols
39409,51629575.0,-90.86199168223672,-2.480508317763281,ols
39494,51629575.0,-103.73934099128742,0.7843409912874222,ols
39509,51629575.0,-105.0170162245055,0.9970162245055008,ols
39523,51629575.0,-106.28928189950511,-1.4044681004948814,ols
55397,51629575.0,-82.41304196976336,1.291375303096686,ols
55437,51629575.0,-82.5390430642669,-5.642831935733099,ols
55449,51629575.0,-86.77091965256594,-3.1997053474340618,ols
55467,51629575.0,-91.82741057029143,-3.185089429708569,ols
55470,51629575.0,-92.64477401110584,-2.360850988894157,ols
55500,51629575.0,-94.61566332402492,2.3025320108936,ols
55505,51629575.0,-94.58755442728214,2.3338044272821463,ols
55542,51629575.0,-94.58755442728214,2.561929427282138,ols
55568,51629575.0,-94.58755442728214,2.74692942728214,ols
55571,51629575.0,-94.58755442728214,2.878804427282148,ols
55594,51629575.0,-94.58755442728214,0.014429427282138363,ols
55604,51629575.0,-94.92941770069493,0.5779325521800871,ols
55614,51629575.0,-96.00946720799789,2.628217207997892,ols
55623,51629575.0,-96.94784870795692,2.225973707956925,ols
55633,51629575.0,-97.92458605628407,3.177086056284068,ols
55634,51629575.0,-98.39667404080944,1.976674040809442,ols
55703,51629575.0,-104.57423348132892,3.6867334813289148,ols
55713,51629575.0,-105.14851010120009,1.0733838385738323,ols
55717,51629575.0,-105.41589832214005,1.5582250548133345,ols
55735,51629575.0,-106.42949348732867,-3.227381512671329,ols
55746,51629575.0,-106.79134091716,-0.11053408284000454,ols
55779,51629575.0,-107.7355272892073,-1.3650977107926963,ols
55796,51629575.0,-108.20445276277418,-0.4155472372258231,ols
55804,51629575.0,-108.46569281273895,-0.33055718726105,ols
55815,51629575.0,-108.82757145155999,-3.006803548440004,ols
73630,51629575.0,-90.60842904374353,13.269054043743523,ols
73635,51629575.0,-89.75307385944109,10.53244885944109,ols
73658,51629575.0,-82.72640103256354,1.7489010325635377,ols
73673,51629575.0,-78.26944521039076,3.615070210390755,ols
73732,51629575.0,-94.98554186721134,-0.04695813278866012,ols
73738,51629575.0,-95.5188618895709,1.043236889570906,ols
73757,51629575.0,-95.57504847406675,1.5694234740667525,ols
73762,51629575.0,-95.57506928005989,1.5519442800598995,ols
73767,51629575.0,-95.57504847406675,1.5869234740667508,ols
73788,51629575.0,-95.56714219667056,1.383392196670556,ols
73808,51629575.0,-95.56714219667056,1.3377671966705549,ols
73824,51629575.0,-95.57504847406675,1.4625484740667503,ols
73828,51629575.0,-95.56714219667056,1.3240171966705532,ols
73871,51629575.0,-96.7334949635509,4.634119963550901,ols
73875,51629575.0,-97.27268227597817,3.758932275978168,ols
73889,51629575.0,-99.16051406425093,0.2067640642509332,ols
73905,51629575.0,-101.5160229665017,2.714772966501698,ols
73927,51629575.0,-104.2367706754669,3.978020675466894,ols
73951,51629575.0,-106.34009013477224,-2.7692848652277604,ols
73977,51629575.0,-107.53137888444031,1.4707538844403132,ols
73994,51629575.0,-107.97945675287302,-0.4017932471269745,ols
74005,51629575.0,-108.31729406661171,-1.9764559333882943,ols
74025,51629575.0,-109.47519960027401,-6.467925399725985,ols
85894,51629575.0,-82.14969011149407,-5.309059888505928,ols
85910,51629575.0,-86.62170947270593,-3.262040527294076,ols
85916,51629575.0,-89.05632276090493,-3.4424272390950676,ols
85936,51629575.0,-94.10225463710788,-1.3871203628921194,ols
85940,51629575.0,-94.69805505689052,-1.0656949431094773,ols
85962,51629575.0,-95.79831758653663,2.85206758653662,ols
86002,51629575.0,-95.71222238689072,2.9847223868907093,ols
86038,51629575.0,-95.71222238689072,2.6953473868907167,ols
86082,51629575.0,-96.43557394766644,3.4293239476664468,ols
86140,51629575.0,-104.02459115734483,-0.016658842655175476,ols
86170,51629575.0,-106.22663505413685,-3.1471149458631515,ols
86203,51629575.0,-107.96077297102623,-0.8117270289737633,ols
86221,51629575.0,-108.85137350772116,-1.9523764922788303,ols
98194,51629575.0,-78.7919981312963,2.884498131296297,ols
98223,51629575.0,-82.44063071667745,-5.055619283322557,ols
98229,51629575.0,-84.22602419768661,-5.095850802313393,ols
98273,51629575.0,-96.55101600064744,4.661016000647436,ols
98290,51629575.0,-99.43304136549841,0.5967913654984045,ols
98295,51629575.0,-99.95173477467503,2.974859774675025,ols
98311,51629575.0,-101.83158746457558,3.38596246457557,ols
98332,51629575.0,-102.86001730287863,3.673142302878631,ols
98352,51629575.0,-103.46971612608407,-0.527158873915937,ols
98368,51629575.0,-104.38932021722715,4.53182021722715,ols
98392,51629575.0,-105.92758011162582,-2.934919888374182,ols
98399,51629575.0,-106.47125111557646,-1.278123884423536,ols
98445,51629575.0,-109.46512949959043,-7.475495500409565,ols
111177,51629575.0,-80.13236182186893,0.41298682186892677,ols
111181,51629575.0,-79.1879049719107,0.4485299719107019,ols
111190,51629575.0,-77.4288622812233,1.6269872812233075,ols
111241,51629575.0,-89.5677652814695,-3.1903597185305017,ols
111262,51629575.0,-94.43669017096687,0.022315170966862752,ols
111272,51629575.0,-95.99411238505475,2.852862385054749,ols
111289,51629575.0,-99.1083950514155,0.31214505141549864,ols
111309,51629575.0,-101.41021408834816,4.135839088348149,ols
111327,51629575.0,-102.82711262471526,4.779612624715256,ols
111377,51629575.0,-106.47709759965102,-1.0022774003489872,ols
111399,51629575.0,-107.48782153778522,-1.3190534622147823,ols
111414,51629575.0,-107.64982740343119,-1.907047596568816,ols
111455,51629575.0,-107.62916705223535,-1.9220829477646504,ols
111463,51629575.0,-107.62916705223535,-2.365832947764659,ols
111467,51629575.0,-107.62916705223535,-1.5883329477646555,ols
111469,51629575.0,-107.62916705223535,-3.1852079477646527,ols
111473,51629575.0,-107.62916705223535,-2.2064579477646475,ols
111510,51629575.0,-107.62887576833127,-1.8742492316687276,ols
111558,51629575.0,-108.59931930373119,-4.261305696268806,ols
123673,51629575.0,-77.41409002608833,0.6878400260883382,ols
123725,51629575.0,-89.74350310259307,-2.5327468974069376,ols
123738,51629575.0,-93.0672397019735,-1.125885298026489,ols
123753,51629575.0,-94.29808064461571,-0.15629435538428993,ols
123754,51629575.0,-94.53262660537175,0.3082516053717512,ols
123772,51629575.0,-94.89992520540781,3.5493002054078175,ols
123779,51629575.0,-94.87044311311728,3.4073181131172703,ols
123804,51629575.0,-94.8704327101207,3.4323077101206962,ols
123807,51629575.0,-94.87044311311728,3.39669311311728,ols
123815,51629575.0,-94.8704327101207,3.3404327101206945,ols
123834,51629575.0,-94.8704327101207,3.5110577101206957,ols
123861,51629575.0,-94.87044311311728,2.786068113117281,ols
123890,51629575.0,-97.3840463543022,4.3365463543022,ols
123904,51629575.0,-98.81993035941673,1.8624303594167344,ols
123910,51629575.0,-99.78755468274512,3.1000546827451245,ols
123925,51629575.0,-101.08212438239927,4.7777493823992785,ols
123929,51629575.0,-101.48637442626597,3.8838744262659617,ols
123939,51629575.0,-102.61685766095938,4.466857660959377,ols
123968,51629575.0,-104.89588373239854,2.3683837323985415,ols
123986,51629575.0,-106.13994688368622,-0.6431781163137771,ols
123997,51629575.0,-106.64838293824093,1.204632938240934,ols
124012,51629575.0,-107.67837322603008,1.9583732260300764,ols
124048,51629575.0,-109.39513813864097,-4.617986861359029,ols
124055,51629575.0,-109.78818415519754,-8.493690844802458,ols
137178,51629588.0,-99.15919985159582,-7.525078498919669,ols
137186,51629588.0,-97.66388272372599,0.32075772372598976,ols
137195,51629588.0,-96.09295580328131,0.3198308032813202,ols
137199,51629588.0,-95.19057560609718,2.923700606097185,ols
137213,51629588.0,-91.89168074272548,3.6698057427254867,ols
137236,51629588.0,-81.7224908819682,4.498740881968203,ols
137242,51629588.0,-77.45768522424962,-0.013564775750381841,ols
137253,51629588.0,-75.4978242865099,-2.264050713490107,ols
137261,51629588.0,-76.15235133524745,-2.0588986647525616,ols
137274,51629588.0,-77.76611806375541,0.1586180637554122,ols
152089,51629588.0,-95.47378221716153,-0.6855927828384694,ols
152098,51629588.0,-91.8337649046469,0.5143899046469045,ols
152105,51629588.0,-90.4645674368594,3.124567436859394,ols
152129,51629588.0,-80.41132407350845,-0.17555092649155313,ols
152169,51629588.0,-75.50883564430478,-4.909914355695221,ols
152185,51629588.0,-80.21688577017322,0.6150107701732139,ols
168328,51629588.0,-98.6976413942042,-10.636765822290641,ols
168402,51629588.0,-77.225229605316,-2.406020394683992,ols
168424,51629588.0,-83.83277913823838,4.145904138238379,ols
168435,51629588.0,-84.280731277604,3.8751062776040044,ols
168442,51629588.0,-84.25002807557742,4.669403075577421,ols
168453,51629588.0,-84.5888885461118,2.7232635461118093,ols
137342,51629589.0,-80.47921809753247,3.2454680975324663,ols
137371,51629589.0,-92.34756708106534,1.4788170810653298,ols
137393,51629589.0,-98.4677635658518,-0.7978614341482029,ols
137460,51629589.0,-104.59004976309068,1.6837997630906756,ols
137471,51629589.0,-104.59004976309068,1.5837997630906813,ols
137504,51629589.0,-104.5817510488912,1.5873760488912012,ols
137508,51629589.0,-104.5817510488912,1.6117510488912075,ols
137512,51629589.0,-104.5817510488912,1.4367510488912103,ols
137518,51629589.0,-104.59107206846306,0.6191970684630661,ols
137531,51629589.0,-105.37608232324419,1.2867073232441868,ols
152204,51629589.0,-75.28795141649717,1.9554514164971692,ols
152264,51629589.0,-94.22878937310745,1.2662893731074405,ols
152269,51629589.0,-95.47540057133118,-0.4077244286688284,ols
152280,51629589.0,-98.79616413283202,-3.647585867167976,ols
152295,51629589.0,-102.21942884181824,-3.9524461581817576,ols
152327,51629589.0,-104.31533526206387,-1.4859147379361275,ols
152340,51629589.0,-104.30852490421542,-1.1389750957845877,ols
152344,51629589.0,-104.30852490421542,-1.8496000957845808,ols
152379,51629589.0,-104.30852490421542,-1.7171000957845877,ols
152403,51629589.0,-104.30852490421542,-2.593975095784586,ols
152411,51629589.0,-104.66875224286277,-2.5918727571372386,ols
152414,51629589.0,-105.12676008359944,-3.324489916400566,ols
152420,51629589.0,-105.64424204276561,-2.2057579572343826,ols
152436,51629589.0,-107.65311720123462,0.816867201234615,ols
168496,51629589.0,-82.349751284872,4.834126284871999,ols
168500,51629589.0,-83.95026054877576,6.137760548775759,ols
168552,51629589.0,-89.3093657177147,-2.3050092822852974,ols
168564,51629589.0,-89.30923041259189,-2.1701445874081173,ols
168572,51629589.0,-89.30921537868936,-2.4826596213106455,ols
168581,51629589.0,-89.30935068381217,4.117475683812174,ols
168592,51629589.0,-89.49055431106966,6.376179311069663,ols
168597,51629589.0,-90.07147933893462,2.803354338934625,ols
168601,51629589.0,-90.98654788454827,1.3296728845482733,ols
168613,51629589.0,-93.74220208365124,-0.8852979163487618,ols
168630,51629589.0,-98.39722449515637,-1.796525504843629,ols
168644,51629589.0,-100.93551853140454,-2.5551064685954543,ols
168650,51629589.0,-102.18853417210829,-3.230215827891712,ols
168693,51629589.0,-104.33543558975352,0.8904355897535225,ols
168694,51629589.0,-104.32928672361659,0.32803672361659153,ols
168705,51629589.0,-104.32942202873942,-0.2193279712605829,ols
168731,51629589.0,-104.32928672361659,0.018661723616588688,ols
168754,51629589.0,-104.32928672361659,-0.8669632763834159,ols
168806,51629589.0,-110.21523997300118,0.9789899730011768,ols
35220,51708426.0,-101.06770287485433,2.2708278748543336,ols
35228,51708426.0,-101.0584810579231,1.075356057923102,ols
35232,51708426.0,-101.04577897401805,2.675778974018044,ols
35259,51708426.0,-100.89479451983311,-6.076455480166885,ols
35273,51708426.0,-100.80682462727913,-7.0250503727208695,ols
35280,51708426.0,-100.70773996603354,-5.78413503396645,ols
35292,51708426.0,-100.55505705607264,-5.423067943927364,ols
35355,51708426.0,-100.51660740851686,-4.732142591483139,ols
35364,51708426.0,-100.51517825487316,-5.319196745126831,ols
35442,51708426.0,-99.79341648063146,9.207791480631471,ols
35459,51708426.0,-99.92547711672867,8.071727116728667,ols
35484,51708426.0,-100.36726299006862,8.633512990068624,ols
35495,51708426.0,-100.59421771825276,4.8160927182527615,ols
35508,51708426.0,-100.73461175922054,2.622736759220544,ols
35511,51708426.0,-100.76302313417426,2.6448981341742552,ols
35525,51708426.0,-100.80811984229621,1.3887448422962052,ols
35534,51708426.0,-100.81348736151438,1.4928623615143692,ols
35549,51708426.0,-100.81132938225876,-0.29242061774124295,ols
35568,51708426.0,-100.81136571667342,-0.5430092833265832,ols
35582,51708426.0,-100.81136571667342,-0.7855092833265758,ols
35584,51708426.0,-100.81136571667342,-0.564259283326578,ols
35606,51708426.0,-100.81136571667342,-0.6455092833265752,ols
35616,51708426.0,-100.81136571667342,-0.5436342833265826,ols
35643,51708426.0,-100.81136571667342,0.12136571667342366,ols
35657,51708426.0,-100.81136571667342,0.33011571667341855,ols
35660,51708426.0,-100.81136571667342,0.20761571667341627,ols
35670,51708426.0,-100.81136571667342,0.1438657166734174,ols
35697,51708426.0,-100.81136571667342,-0.22050928332657804,ols
35728,51708426.0,-100.82935908876979,1.8656090887697871,ols
35739,51708426.0,-100.91051592235333,4.4648909223533195,ols
35763,51708426.0,-101.13419770345912,-5.889552296540884,ols
35787,51708426.0,-101.22596846076341,-4.5834065392365915,ols
51035,51708426.0,-101.08112096046025,1.8686209604602482,ols
51056,51708426.0,-101.08112096046025,2.1529959604602595,ols
51097,51708426.0,-101.08112096046025,2.758898738238031,ols
51114,51708426.0,-101.08122925126476,2.5514673465028608,ols
51120,51708426.0,-101.08112096046025,2.549870960460254,ols
51144,51708426.0,-101.08112096046025,2.287370960460251,ols
51167,51708426.0,-101.08122925126476,2.9999792512647616,ols
51182,51708426.0,-101.08122925126476,2.2187292512647616,ols
51198,51708426.0,-101.07937405879807,-0.23312594120193353,ols
83176,51708426.0,-101.21139622316208,-0.6717287768379236,ols
165257,51708426.0,-101.04251885085075,0.5141855175174186,ols
165262,51708426.0,-101.10270574009296,1.6322387071259215,ols
83082,51709193.0,-99.40356992180456,-0.6676800781954455,ols
83116,51709193.0,-98.04248323707779,3.429983237077792,ols
83123,51709193.0,-99.33079107266246,6.062041072662467,ols
83127,51709193.0,-100.50488964653448,6.581764646534481,ols
83134,51709193.0,-102.52061404293669,6.855614042936679,ols
107210,51709193.0,-103.68135632317622,-2.191143676823785,ols
107219,51709193.0,-103.70582404358501,-1.6710509564149874,ols
107229,51709193.0,-103.70582404358501,-2.7923009564149908,ols
107245,51709193.0,-103.70582404358501,-2.68355095641499,ols
107300,51709193.0,-103.30158861064248,-0.4009113893575176,ols
107307,51709193.0,-102.46396104209876,2.922086042098755,ols
107339,51709193.0,-95.86056563552114,5.841190635521144,ols
107343,51709193.0,-94.629103407694,4.812228407694008,ols
107352,51709193.0,-93.89203657604207,-1.4992134239579258,ols
107358,51709193.0,-96.38610357811243,1.0229785781124292,ols
107368,51709193.0,-99.20824658046311,4.195746580463108,ols
107397,51709193.0,-105.82305892824124,4.636183928241238,ols
107402,51709193.0,-106.24552560236782,-2.6207243976321735,ols
107405,51709193.0,-106.59404450259882,-1.6797054974011871,ols
107418,51709193.0,-107.40971488230664,4.144089882306645,ols
107431,51709193.0,-108.02237092712431,-2.0007540728756794,ols
132745,51709193.0,-105.44583495536997,-3.17416504463003,ols
132750,51709193.0,-105.45534575222811,-3.3440292477718856,ols
132779,51709193.0,-105.27745001630268,-3.1469249836973177,ols
132822,51709193.0,-105.25404495476073,-5.302830045239276,ols
132826,51709193.0,-105.24369067242704,-5.143809327572967,ols
132841,51709193.0,-105.08564009083968,-7.329984909160331,ols
132869,51709193.0,-103.15963066926969,-5.919119330730311,ols
147677,51709193.0,-101.49852881996486,1.7322788199648613,ols
147701,51709193.0,-100.78126729294348,0.8025172929434774,ols
147727,51709193.0,-100.7989140717508,0.8501640717507968,ols
147732,51709193.0,-100.7989140717508,0.7864140717507979,ols
147739,51709193.0,-100.7989140717508,1.0076640717507956,ols
147742,51709193.0,-100.7989140717508,1.1732890717508013,ols
147763,51709193.0,-100.7989140717508,0.46078907175079564,ols
147783,51709193.0,-100.7989140717508,0.4401640717508002,ols
147798,51709193.0,-100.7989140717508,0.5132890717508047,ols
147845,51709193.0,-100.7989140717508,1.057664071750807,ols
147851,51709193.0,-100.7989140717508,1.1001640717507968,ols
147854,51709193.0,-100.7989140717508,0.9589140717507973,ols
147873,51709193.0,-100.7989140717508,1.2676640717508008,ols
147892,51709193.0,-100.7989140717508,1.3239140717508064,ols
147895,51709193.0,-100.7989140717508,1.3764140717508013,ols
147916,51709193.0,-100.01041455094426,0.54353955094426,ols
147957,51709193.0,-100.21710170054288,3.2633517005428843,ols
147959,51709193.0,-101.18014958184435,3.1270245818443527,ols
148001,51709193.0,-106.32104743970993,2.049797439709934,ols
148010,51709193.0,-107.26826834551352,2.852018345513514,ols
148025,51709193.0,-107.94617828637254,-4.079446713627462,ols
164759,51709193.0,-105.15448046055657,-5.191769539443428,ols
164765,51709193.0,-104.87379904573692,-3.4174509542630886,ols
164772,51709193.0,-104.43471504358024,-0.040284956419753826,ols
164801,51709193.0,-104.13604148582155,-3.353333514178445,ols
164816,51709193.0,-104.13604148582155,-2.4745835141784482,ols
164820,51709193.0,-104.13604148582155,-2.5577085141784437,ols
164831,51709193.0,-104.13604148582155,-3.297708514178453,ols
164840,51709193.0,-104.13604148582155,-3.157708514178452,ols
164860,51709193.0,-103.74273815597155,-0.6103868440284543,ols
164867,51709193.0,-102.93813271171459,3.0348432380303905,ols
164881,51709193.0,-101.3107503565779,6.3971139929415415,ols
164884,51709193.0,-100.61818900659243,8.320064006592432,ols
164928,51709193.0,-93.81816185994357,-5.369338140056428,ols
164932,51709193.0,-93.93314819095261,-5.4206018090473975,ols
164941,51709193.0,-93.96441028649119,-5.271214713508812,ols
164950,51709193.0,-93.97572096180502,-4.837404038194975,ols
164965,51709193.0,-93.97572096180502,-4.881154038194978,ols
164984,51709193.0,-94.21422146122941,-2.4445285387705837,ols
164996,51709193.0,-95.45903334107112,-2.5003416589288747,ols
165027,51709193.0,-100.09277061312366,1.7021456131236619,ols
165030,51709193.0,-100.59720813559044,2.490958135590432,ols
165045,51709193.0,-101.56567557711273,7.698175577112721,ols
165049,51709193.0,-101.79991879945189,-1.4319562005481146,ols
165087,51709193.0,-102.63515538554523,-3.0248446144547643,ols
165098,51709193.0,-102.65051080617094,-3.1157391938290573,ols
165103,51709193.0,-102.65051080617094,-3.217614193829064,ols
165109,51709193.0,-102.65051080617094,-3.3394891938290527,ols
165113,51709193.0,-102.64934188141743,-3.2631581185825667,ols
165141,51709193.0,-102.64934188141743,-3.263783118582566,ols
165150,51709193.0,-102.65051080617094,-3.649489193829055,ols
165157,51709193.0,-102.65051080617094,-3.1513641938290533,ols
165181,51709193.0,-102.64934188141743,-1.0750331185825672,ols
165185,51709193.0,-102.64934188141743,-1.1106581185825775,ols
165197,51709193.0,-102.65051080617094,-0.9582391938290584,ols
165198,51709193.0,-102.65051080617094,-1.0463641938290635,ols
165206,51709193.0,-102.65051080617094,-0.7569891938290567,ols
165272,51709193.0,-107.04403404137634,0.9465340413763386,ols
165288,51709193.0,-107.87939681821013,-8.336392655474071,ols
69987,51709204.0,-107.95908080746197,3.0547058074619713,ols
69991,51709204.0,-107.66134058051264,0.741965580512641,ols
70041,51709204.0,-107.33819642463683,2.015696424636829,ols
70042,51709204.0,-107.33819642463683,1.643196424636841,ols
70053,51709204.0,-107.33819642463683,1.2608154722558709,ols
70064,51709204.0,-107.33819642463683,2.100696424636837,ols
70102,51709204.0,-107.23611721413717,1.41549221413716,ols
120239,51709204.0,-107.8748130397457,-0.4445619602542905,ols
120261,51709204.0,-107.8748130397457,1.7760630397457078,ols
120278,51709204.0,-107.8748130397457,1.3198130397456964,ols
120289,51709204.0,-107.8748130397457,1.138563039745705,ols
120309,51709204.0,-107.8748130397457,1.1673130397457072,ols
120313,51709204.0,-107.8748130397457,1.0523130397456981,ols
132926,51709204.0,-102.95381156674858,-1.8043134332514228,ols
132938,51709204.0,-106.97194725295435,7.024447252954346,ols
132945,51709204.0,-107.86778336870913,10.159033368709132,ols
132997,51709204.0,-110.68944035195553,1.68444035195553,ols
133004,51709204.0,-110.68944035195553,-1.9680596480444734,ols
133028,51709204.0,-110.68944035195553,-2.861184648044471,ols
133107,51709204.0,-110.68944035195553,-1.6480596480444802,ols
133125,51709204.0,-110.68944035195553,-1.9180596480444763,ols
133140,51709204.0,-110.68944035195553,-1.8711846480444763,ols
133294,51709204.0,-116.27747704651394,13.687477046513933,ols
1497,51839253.0,-120.48895236282563,3.2617464804726666,mean_fallback
18280,51839253.0,-120.48895236282563,-2.3235476371743715,mean_fallback
49845,51839253.0,-120.48895236282563,2.142598196158943,mean_fallback
49849,51839253.0,-120.48895236282563,-8.319128445255174,mean_fallback
17910,51842565.0,-102.97488987695121,3.4347113055226544,ols
17932,51842565.0,-105.51585768275116,2.078357682751161,ols
17943,51842565.0,-106.11634087475764,4.634198017614779,ols
17953,51842565.0,-106.92594797061813,1.0509479706181253,ols
17976,51842565.0,-108.28006248041348,-1.3999375195865298,ols
17981,51842565.0,-108.4530696598132,-0.1535479872456449,ols
17999,51842565.0,-109.03348800490062,-4.848090942467806,ols
18008,51842565.0,-109.4518928653915,-6.334871840490862,ols
31800,51842565.0,-107.60059256983364,3.568092569833638,ols
31852,51842565.0,-107.87183355713202,3.3837085571320245,ols
31873,51842565.0,-107.87183355713202,3.124958557132018,ols
31915,51842565.0,-107.97607869568661,-1.0201713043133935,ols
68070,51842565.0,-102.57893814880214,-0.774186851197868,ols
68083,51842565.0,-104.25906174222308,0.6128117422230872,ols
68092,51842565.0,-105.41523017381652,2.4214801738165193,ols
68109,51842565.0,-106.48155899797675,2.9096839979767424,ols
68115,51842565.0,-106.62791594480191,2.354165944801906,ols
68119,51842565.0,-106.74032241245422,2.366572412454218,ols
68126,51842565.0,-106.94378700051053,0.9794120005105214,ols
68136,51842565.0,-107.2888265489333,0.6125765489333048,ols
68162,51842565.0,-108.16501860913107,-1.0437313908689276,ols
68165,51842565.0,-108.32412932505054,-0.11274567494946552,ols
68168,51842565.0,-108.48165868191458,-1.328341318085421,ols
68174,51842565.0,-108.64332015165292,-4.060429848347084,ols
68196,51842565.0,-109.68999571549755,-8.081230699596773,ols
220,51842568.0,-98.15053390204986,-1.0919660979501487,ols
233,51842568.0,-98.08264887026925,-1.2548511297307527,ols
237,51842568.0,-98.06145598302138,-0.996669016978629,ols
246,51842568.0,-97.99988028408555,-0.2938697159144539,ols
251,51842568.0,-97.99988028408555,0.016130284085548396,ols
268,51842568.0,-97.93327406702073,0.40702406702072835,ols
294,51842568.0,-97.7054986772503,3.4217148934665005,ols
296,51842568.0,-97.70175467754021,4.338659439444967,ols
329,51842568.0,-97.63698964551801,3.7201146455180094,ols
339,51842568.0,-97.62678223890097,4.066157238900971,ols
341,51842568.0,-97.62678223890097,4.1030322389009655,ols
350,51842568.0,-97.61065838829762,2.5981583882976196,ols
366,51842568.0,-97.59455764880357,3.58205764880357,ols
412,51842568.0,-97.52472358013685,3.97847358013685,ols
425,51842568.0,-97.51926935833696,5.159894358336956,ols
428,51842568.0,-97.51390758097435,5.419532580974348,ols
438,51842568.0,-97.50864595175213,5.251770951752135,ols
441,51842568.0,-97.50865365545525,4.030528655455242,ols
456,51842568.0,-97.50910817393856,4.065358173938563,ols
467,51842568.0,-97.50419321135618,2.8041932113561785,ols
501,51842568.0,-97.26923797028982,1.2217379702898228,ols
545,51842568.0,-101.02842938291417,3.9909293829141745,ols
568,51842568.0,-103.93981286118546,-2.130812138814548,ols
576,51842568.0,-104.6403722143476,-3.6065027856524097,ols
584,51842568.0,-105.23460505722421,-4.305394942775791,ols
605,51842568.0,-106.0670209927691,-1.9106105861782652,ols
628,51842568.0,-106.22017061054015,1.6795456105401456,ols
643,51842568.0,-106.21607994419023,2.950454944190227,ols
650,51842568.0,-106.19044972395258,0.11018656605786248,ols
659,51842568.0,-106.20434720435796,0.641222204357959,ols
663,51842568.0,-106.2291223135507,2.287247313550708,ols
683,51842568.0,-106.87357559698313,1.5723255969831342,ols
695,51842568.0,-107.50471688144634,1.9572168814463424,ols
717,51842568.0,-107.9547826243749,3.0962299927959407,ols
721,51842568.0,-108.04029372886478,3.141543728864775,ols
727,51842568.0,-108.1352957955827,1.2771707955827054,ols
730,51842568.0,-108.20053075349443,3.8424057534944325,ols
776,51842568.0,-104.3029269071431,-0.0045730928569014395,ols
824,51842568.0,-95.41845411359856,-1.4115458864014414,ols
836,51842568.0,-92.1596644400052,-3.417835559994799,ols
865,51842568.0,-96.7446003812836,0.5902253812836022,ols
875,51842568.0,-98.80900022143429,4.240875221434294,ols
879,51842568.0,-99.68575096836108,0.9738759683610709,ols
886,51842568.0,-101.02630316085659,1.4281781608565893,ols
918,51842568.0,-105.89594485786762,0.7990698578676216,ols
928,51842568.0,-107.01763484508768,-1.5223651549123218,ols
945,51842568.0,-108.39599681243331,-3.124003187566686,ols
964,51842568.0,-109.60348294115822,-5.665892058841777,ols
973,51842568.0,-110.0405063147263,-5.258243685273698,ols
985,51842568.0,-110.70069826360674,-4.556176736393255,ols
33829,51842568.0,-107.69855745902959,4.72168245902958,ols
33875,51842568.0,-101.89538872319173,3.8535137231917247,ols
33879,51842568.0,-101.03277427146662,3.90964927146662,ols
33908,51842568.0,-92.22721821255219,-0.24778178744780632,ols
33963,51842568.0,-105.11148447416501,5.208984474165007,ols
34003,51842568.0,-108.98193276706348,-4.6018172329365115,ols
34017,51842568.0,-109.79528203741806,-4.357217962581942,ols
34028,51842568.0,-110.5049394639498,-3.9631855360502044,ols
49380,51842568.0,-100.73254555397301,3.5150455539730103,ols
49385,51842568.0,-99.61496164050907,2.6437116405090677,ols
49435,51842568.0,-98.12763849641527,3.152013496415279,ols
49439,51842568.0,-98.76881000232405,2.494435002324039,ols
49483,51842568.0,-105.70870635384722,2.6730813538472233,ols
49503,51842568.0,-107.52638739828687,-1.0861126017131255,ols
49509,51842568.0,-107.75806086182956,-0.6169391381704372,ols
49529,51842568.0,-109.08785868478742,-4.384016315212577,ols
49537,51842568.0,-109.5058230968683,-4.737926903131708,ols
49548,51842568.0,-110.12563993776392,-4.9349850622360805,ols
49565,51842568.0,-110.87611158335758,-6.780454073208077,ols
80783,51842568.0,-95.41310003993905,-1.488774960060951,ols
80792,51842568.0,-94.76290749769177,-2.3577175023082333,ols
80820,51842568.0,-94.63715995187302,-3.625965048126986,ols
80844,51842568.0,-94.63715995187302,-3.5415900481269773,ols
80877,51842568.0,-94.63716765557612,-3.4934573444238737,ols
80878,51842568.0,-94.63716765557612,-3.6390823444238833,ols
80906,51842568.0,-94.63716765557612,-3.4572073444238782,ols
80935,51842568.0,-94.65372291355348,-3.901902086446526,ols
80972,51842568.0,-93.23882998607357,-4.081795013926438,ols
80975,51842568.0,-92.45746649102006,-3.1194085089799444,ols
80979,51842568.0,-91.67037144085478,-3.746503559145225,ols
81225,51842568.0,-107.0685023967045,2.557877396704498,ols
81230,51842568.0,-106.75016997690898,3.063919976908977,ols
81294,51842568.0,-97.54110165294276,0.4348516529427542,ols
81317,51842568.0,-92.02984933894585,-3.4389006610541486,ols
81342,51842568.0,-93.29329516704142,-5.945454832958575,ols
81358,51842568.0,-94.68419105934245,0.6235660593424512,ols
81370,51842568.0,-95.6302828379371,-1.3540921620628978,ols
81382,51842568.0,-97.91784354969704,1.8415935496970377,ols
81389,51842568.0,-99.09392168085391,2.061421680853911,ols
81399,51842568.0,-100.13076308205135,2.242638082051343,ols
81408,51842568.0,-101.52715171466778,0.49340171466778315,ols
81433,51842568.0,-102.00279375191224,1.7490437519122395,ols
81442,51842568.0,-102.00279375191224,1.5315437519122383,ols
81455,51842568.0,-102.00279375191224,3.5390437519122315,ols
81462,51842568.0,-102.00279375191224,2.5277937519122418,ols
81483,51842568.0,-102.00279375191224,1.5952937519122372,ols
81563,51842568.0,-102.64948110924577,2.709481109245772,ols
81571,51842568.0,-103.57072844531973,4.025103445319729,ols
81581,51842568.0,-104.99844033477004,4.409690334770033,ols
81609,51842568.0,-107.74648219605945,-1.161642803940552,ols
81646,51842568.0,-110.55026034932942,-3.857864650670578,ols
81650,51842568.0,-110.81764818047706,-6.189851819522929,ols
92962,51842568.0,-107.20605971938659,2.7810597193865902,ols
92972,51842568.0,-106.04660617953503,1.4172311795350367,ols
92999,51842568.0,-102.68831547660913,1.2345654766091343,ols
93006,51842568.0,-101.20794107271803,2.2966910727180334,ols
93039,51842568.0,-96.33500219077713,-2.014997809222862,ols
93061,51842568.0,-92.57749018543015,-2.522509814569844,ols
93075,51842568.0,-91.91383157015147,-5.503668429848531,ols
93082,51842568.0,-93.52516892686491,-2.4817060731350864,ols
93086,51842568.0,-94.75920972020032,-2.7464152797996775,ols
93128,51842568.0,-104.8287200516154,4.656845051615406,ols
93149,51842568.0,-106.86597204201634,-1.3952779579836658,ols
93197,51842568.0,-110.33687547696321,-5.386874523036781,ols
93205,51842568.0,-110.76913025830795,-5.434619741692046,ols
93214,51842568.0,-111.16962267174172,-2.2599659358532165,ols
105521,51842568.0,-96.23780456867365,-1.202195431326345,ols
105534,51842568.0,-92.32091064974189,-0.6184643502581082,ols
105541,51842568.0,-92.26377998749894,-3.289345012501059,ols
105544,51842568.0,-92.65017462424655,-5.81170037575346,ols
105549,51842568.0,-93.43178463779947,-5.250715362200538,ols
105555,51842568.0,-95.256714866863,-0.44141013313699773,ols
105560,51842568.0,-96.30194560074415,0.45944560074414653,ols
105564,51842568.0,-97.31068389300654,0.2938088930065419,ols
105639,51842568.0,-102.32427698627862,1.9586519862786247,ols
105644,51842568.0,-102.32427698627862,1.4086519862786133,ols
105653,51842568.0,-102.32427698627862,0.9792769862786201,ols
105654,51842568.0,-102.31641150540617,0.9282865054061631,ols
105659,51842568.0,-102.31641150540617,1.0470365054061688,ols
105696,51842568.0,-102.31641150540617,1.2426615054061614,ols
105699,51842568.0,-102.31641150540617,1.2895365054061614,ols
105702,51842568.0,-102.31641150540617,4.480786505406172,ols
105711,51842568.0,-102.37049920492179,2.320499204921788,ols
105751,51842568.0,-105.5760177715289,4.12914277152889,ols
105797,51842568.0,-108.99923528424225,-4.775764715757759,ols
105817,51842568.0,-110.34894717973219,-3.9454278202678097,ols
118624,51842568.0,-106.44895518541765,3.824580185417645,ols
118627,51842568.0,-106.05163669766404,2.129761697664037,ols
118633,51842568.0,-105.62423524927684,0.625485249276835,ols
118676,51842568.0,-97.24192063907171,-0.4712043609282972,ols
118680,51842568.0,-95.83347571109249,-0.7490242889075063,ols
118715,51842568.0,-96.23825908715696,1.5213840871569602,ols
118725,51842568.0,-98.14174397680455,3.7786189768045517,ols
118756,51842568.0,-101.55424563849579,1.6004956384957865,ols
118765,51842568.0,-101.78642754644355,0.19705254644354397,ols
118771,51842568.0,-101.80314458218618,0.006269582186178013,ols
118775,51842568.0,-101.80314458218618,0.3437695821861837,ols
118785,51842568.0,-101.79465510136204,0.39465510136203363,ols
118807,51842568.0,-101.79465510136204,0.5952801013620359,ols
118820,51842568.0,-101.79465510136204,0.5090301013620433,ols
118824,51842568.0,-101.79465510136204,0.45153010136203875,ols
118833,51842568.0,-101.79465510136204,0.9496551013620405,ols
118841,51842568.0,-101.79465510136204,1.8702801013620416,ols
118877,51842568.0,-102.12601448311185,2.391014483111846,ols
118904,51842568.0,-105.18778965344178,5.723414653441779,ols
159571,51842568.0,-97.7333398602797,-0.6223419579021225,ols
159582,51842568.0,-92.66364069727793,-1.5459629612586525,ols
159591,51842568.0,-91.36535872373159,-5.7402662762684145,ols
159600,51842568.0,-93.57927973748984,-1.7613452625101615,ols
159604,51842568.0,-95.07814302883821,-1.3156069711617846,ols
159615,51842568.0,-99.14330241777103,2.326427417771029,ols
159668,51842568.0,-106.90243366882268,-1.51819133117732,ols
159670,51842568.0,-107.28056223213628,-0.9600627678637181,ols
159678,51842568.0,-107.97496632651576,-1.83190867348425,ols
159684,51842568.0,-108.29505519061972,-2.4336948093802846,ols
130700,51842579.0,-107.06388713722332,2.9970121372233223,ols
130716,51842579.0,-108.14396189063297,0.9739618906329639,ols
145826,51842579.0,-111.36432191979519,-3.352553080204814,ols
163012,51842579.0,-109.53223848775987,1.3166134877598665,ols
163037,51842579.0,-106.92243681941687,0.6943118194168676,ols
163047,51842579.0,-108.59706197157425,2.093311971574252,ols
163064,51842579.0,-109.78599811198195,0.2841231119819554,ols
163100,51842579.0,-112.47900100676733,-0.5503739932326681,ols
