_row,cell_id,pred,residual,method
2140,2567188.0,-117.88986424908524,0.9323642490852393,ols
18147,2567188.0,-118.38448247637082,-2.1396841902958528,ols
34136,2567188.0,-118.26239619826654,1.0940138453253638,ols
48886,2567188.0,-105.09129669996025,11.608171699960252,ols
48890,2567188.0,-104.891467764249,18.155217764249002,ols
48897,2567188.0,-104.44564479216716,12.075644792167154,ols
48961,2567188.0,-95.85859061639135,0.9754656163913467,ols
49028,2567188.0,-99.51814839338772,8.018773393387718,ols
49044,2567188.0,-101.91449397557324,6.836368975573237,ols
49047,2567188.0,-102.40386759618528,6.464492596185281,ols
49871,2567188.0,-120.39312757630124,-2.4843395289619252,ols
67893,2567188.0,-96.9690968234769,4.268471823476901,ols
68367,2567188.0,-118.97159578033462,-5.826737552998694,ols
68636,2567188.0,-119.63748025010038,-1.3299110542474608,ols
68668,2567188.0,-119.90058991902836,-0.1838256653872179,ols
80415,2567188.0,-98.06492127235956,6.186171272359559,ols
80437,2567188.0,-101.43571163400703,9.761961634007037,ols
80441,2567188.0,-101.96737185872644,6.7529968587264335,ols
80444,2567188.0,-102.45822935757396,5.773229357573953,ols
80452,2567188.0,-103.27420536293582,9.619830362935815,ols
81997,2567188.0,-119.71264771161614,-3.3353174046629306,ols
105932,2567188.0,-118.31880712483756,-1.00785954182912,ols
105961,2567188.0,-118.85680327408623,-4.2406967259137645,ols
105986,2567188.0,-119.16658052095968,-1.0134194790403228,ols
105991,2567188.0,-119.17336396432187,-1.509969369011472,ols
106005,2567188.0,-119.16797803591162,-1.7995219640883846,ols
119052,2567188.0,-118.14732889975232,3.1420097508161575,ols
130281,2567188.0,-104.15937406083353,10.680624060833523,ols
130288,2567188.0,-103.59880568974886,8.44005568974886,ols
130399,2567188.0,-88.59380541895695,-9.97681958104306,ols
130409,2567188.0,-91.81575258701595,-4.7548724129840565,ols
130425,2567188.0,-96.55086299488434,2.253362994884341,ols
130436,2567188.0,-98.8706121957718,7.480612195771798,ols
130454,2567188.0,-101.48858166595265,10.258581665952647,ols
130465,2567188.0,-102.23255424645956,7.092554246459557,ols
130474,2567188.0,-103.2163184093369,10.35381840933691,ols
130480,2567188.0,-103.49743874848814,8.259938748488139,ols
131067,2567188.0,-118.28976550794317,-0.8852344920568243,ols
131088,2567188.0,-118.62883561035405,-4.451164389645953,ols
131092,2567188.0,-118.69134692522647,-3.8986530747735344,ols
131097,2567188.0,-118.75087478121274,-4.304125218787263,ols
131099,2567188.0,-118.80399605180139,-4.45975394819861,ols
131127,2567188.0,-118.99416800217062,-5.269581997829377,ols
131138,2567188.0,-119.0303228131462,-3.9846771868538013,ols
131152,2567188.0,-119.0309587609614,-3.807374572371941,ols
131155,2567188.0,-119.03019719382468,-4.299802806175322,ols
131165,2567188.0,-119.03019719382468,-6.080636139508641,ols
131184,2567188.0,-119.04637853267823,-5.351954800655093,ols
131189,2567188.0,-119.04777604763017,-5.470557285703151,ols
145296,2567188.0,-103.89159292338644,9.599092923386436,ols
145357,2567188.0,-97.31009047174858,-0.8900784471703389,ols
145372,2567188.0,-92.01635094107152,-7.204899058928476,ols
145390,2567188.0,-87.66145881462009,-11.687916185379905,ols
145411,2567188.0,-95.35723605298915,-0.9577639470108466,ols
145429,2567188.0,-99.0843534713416,7.417478471341596,ols
145450,2567188.0,-102.51215930254492,6.368409302544919,ols
145459,2567188.0,-103.33259479382079,6.423219793820792,ols
146013,2567188.0,-118.30883609119174,-0.66866390880827,ols
146040,2567188.0,-118.79166965587703,-3.6308303441229697,ols
146042,2567188.0,-118.85455782871402,-4.19044217128598,ols
158836,2567188.0,-108.20389224863429,15.090142248634294,ols
159099,2567188.0,-103.65962899498832,7.977753994988319,ols
159170,2567188.0,-92.55920698782158,-6.312043012178421,ols
159220,2567188.0,-96.41833461067856,2.4652096106785564,ols
159225,2567188.0,-97.41747143802718,4.7974714380271735,ols
159253,2567188.0,-102.13126581727478,6.748765817274787,ols
159823,2567188.0,-118.25713588917782,0.8338025558444997,ols
159834,2567188.0,-118.47142674927929,-1.6677399173873937,ols
159845,2567188.0,-118.60799850539657,-3.832001494603432,ols
159870,2567188.0,-119.06376110629385,-4.339572227039483,ols
160221,2567188.0,-119.77980694138489,-0.8438343629629514,ols
161327,2567188.0,-118.26749948320338,0.27374948320337467,ols
161330,2567188.0,-118.34009174862796,-1.7340749180387292,ols
161350,2567188.0,-118.67942879209706,-4.530571207902938,ols
161354,2567188.0,-118.74035416303526,-3.8688125036314176,ols
161372,2567188.0,-118.9627631717901,-5.818903494876579,ols
161384,2567188.0,-119.10611052006199,-5.413056146604674,ols
161412,2567188.0,-119.22288153062435,-6.319618469375655,ols
161432,2567188.0,-119.22066749008253,-5.872665843250786,ols
161449,2567188.0,-119.2205497219686,-5.676116944698066,ols
161472,2567188.0,-119.2205497219686,-6.321950278031409,ols
161484,2567188.0,-119.2205497219686,-6.391116944698069,ols
161503,2567188.0,-119.2205497219686,-5.858616944698085,ols
161521,2567188.0,-119.2205497219686,-5.775283611364742,ols
161535,2567188.0,-119.2205497219686,-5.923200278031402,ols
161544,2567188.0,-119.2205497219686,-6.234450278031403,ols
161549,2567188.0,-119.2205497219686,-6.169450278031405,ols
161564,2567188.0,-119.2205497219686,-5.66445027803141,ols
161566,2567188.0,-119.2205497219686,-5.896950278031412,ols
161574,2567188.0,-119.2205497219686,-5.525700278031408,ols
161585,2567188.0,-119.2205497219686,-5.910700278031399,ols
172130,2567188.0,-87.33942583269064,-13.361199167309366,ols
172141,2567188.0,-90.06102339191962,-10.33147660808038,ols
172183,2567188.0,-101.13893598691112,8.908935986911118,ols
172191,2567188.0,-102.22115429303142,4.59427929303142,ols
172197,2567188.0,-102.69948911576472,4.490114115764726,ols
172826,2567188.0,-118.63414302668835,-5.5710808539086685,ols
172851,2567188.0,-119.0380562526274,-6.490277080705937,ols
172859,2567188.0,-119.16892018082302,-7.722746485843658,ols
178798,2567188.0,-88.64584322289747,-12.312281777102527,ols
178805,2567188.0,-93.75836117986374,-4.244138820136257,ols
178810,2567188.0,-97.28287818622385,5.250378186223855,ols
178820,2567188.0,-101.07107799966641,8.28357799966642,ols
178831,2567188.0,-103.52889853732182,6.193273537321829,ols
179149,2567188.0,-117.93397233335467,3.2281390000213577,ols
179155,2567188.0,-118.2037869335689,1.6029536002355798,ols
179159,2567188.0,-118.37294905241357,-2.215384280919764,ols
179164,2567188.0,-118.61314104637138,-5.272692286961956,ols
179171,2567188.0,-118.83692401645537,-4.892242650211315,ols
179178,2567188.0,-119.09944484481372,-4.935481625774528,ols
179272,2567188.0,-119.7838110572584,-3.4675778316304786,ols
194506,2567188.0,-108.20638108144195,12.038412331441947,ols
194511,2567188.0,-107.95392550122055,13.075175501220556,ols
194667,2567188.0,-103.86366617797057,8.788666177970569,ols
194699,2567188.0,-96.00129416564045,-1.7930808343595572,ols
194702,2567188.0,-93.51437705263749,-7.63624794736252,ols
195030,2567188.0,-118.12715914744044,4.038409147440433,ols
195049,2567188.0,-118.7976836808949,-4.425649652438409,ols
201300,2567188.0,-104.78905661237815,15.391556612378153,ols
201307,2567188.0,-104.00918831074628,8.750438310746276,ols
201356,2567188.0,-87.87636206891398,-12.86676293108603,ols
201364,2567188.0,-94.30309366522906,-2.4369063347709385,ols
201369,2567188.0,-96.72519905953419,3.7901990595341886,ols
201376,2567188.0,-100.19287332290557,7.805998322905566,ols
201426,2567188.0,-106.46722083100676,6.320970831006761,ols
201441,2567188.0,-106.46517951703203,6.281429517032024,ols
201466,2567188.0,-106.46517951703203,6.2726795170320315,ols
201469,2567188.0,-106.46517951703203,6.325179517032026,ols
201471,2567188.0,-106.46517951703203,6.50392951703202,ols
201484,2567188.0,-106.91236859923544,0.5736185992354308,ols
201646,2567188.0,-117.79514728065759,1.6455260685363697,ols
10493,2568968.0,-100.13737000146628,1.4378507706970396,ols
10518,2568968.0,-99.7719633433542,3.910852232243087,ols
10531,2568968.0,-99.22874085652663,5.3077849741736856,ols
10533,2568968.0,-98.9982949221034,5.656628255436715,ols
10536,2568968.0,-98.76539643648889,6.080396436488883,ols
10558,2568968.0,-97.9732693404826,4.750512930226208,ols
10589,2568968.0,-97.42924889441575,5.774643631257874,ols
10616,2568968.0,-95.40994263127544,2.374023091045558,ols
10634,2568968.0,-93.66676546900656,4.9907238023399,ols
10642,2568968.0,-92.74041693507723,1.9070836017439206,ols
10651,2568968.0,-91.77427605143666,3.586776051436658,ols
10661,2568968.0,-90.3884320773296,3.9618016425469875,ols
10700,2568968.0,-89.00917126694651,8.081671266946515,ols
10705,2568968.0,-89.00917126694651,7.823360456135703,ols
10799,2568968.0,-88.82064166197434,7.364391661974338,ols
10806,2568968.0,-88.82064166197434,8.769391661974339,ols
10813,2568968.0,-88.82064166197434,8.806891661974333,ols
10818,2568968.0,-88.82064166197434,9.08001666197434,ols
10823,2568968.0,-88.82064166197434,8.819391661974336,ols
10826,2568968.0,-88.82064166197434,8.836891661974335,ols
10846,2568968.0,-88.82064166197434,9.538141661974336,ols
10864,2568968.0,-88.49664674144144,6.331468170012869,ols
10885,2568968.0,-87.61250790433053,7.346882904330528,ols
10890,2568968.0,-87.59523443373928,6.950145148024987,ols
10899,2568968.0,-87.5678925950996,6.554499737956732,ols
10905,2568968.0,-87.5678925950996,6.567892595099593,ols
10923,2568968.0,-87.56648443173617,6.702645146021879,ols
10930,2568968.0,-87.5678925950996,6.7229851876921884,ols
10945,2568968.0,-87.5678925950996,7.323407300981941,ols
10960,2568968.0,-87.51582575473724,9.221554921403907,ols
10973,2568968.0,-87.50422014168375,9.622754624442365,ols
10994,2568968.0,-87.50422014168375,9.86413393478719,ols
11012,2568968.0,-87.49262626332494,9.672550505749186,ols
11033,2568968.0,-87.446086464164,10.204707153819172,ols
11122,2568968.0,-83.75144130878743,0.7754797703259015,ols
11125,2568968.0,-82.62820806726299,-3.658429863771488,ols
11158,2568968.0,-71.5672373986517,-19.8077626013483,ols
11168,2568968.0,-69.74305563890223,-17.634027694431097,ols
11186,2568968.0,-74.49640494967467,-5.85515755032533,ols
11195,2568968.0,-76.25645660291515,8.627146258087564,ols
11241,2568968.0,-79.4994920329491,9.963242032949111,ols
11310,2568968.0,-85.16014446816065,0.4822598527760391,ols
11335,2568968.0,-85.16014446816065,1.3048455551171685,ols
11360,2568968.0,-85.16355926431693,1.3985592643169298,ols
11364,2568968.0,-85.16355926431693,0.5673092643169326,ols
11377,2568968.0,-85.64354348143239,-1.3834451549312519,ols
11381,2568968.0,-86.20259607140372,1.2694064162313055,ols
11385,2568968.0,-86.85092621861571,2.2532699686157116,ols
11433,2568968.0,-94.17116958578261,-6.453830414217393,ols
24947,2568968.0,-98.65262602046855,6.400126020468548,ols
24974,2568968.0,-98.22373466405574,6.48998466405574,ols
24995,2568968.0,-98.2434372164489,6.027187216448894,ols
25001,2568968.0,-98.2434372164489,6.448437216448895,ols
25008,2568968.0,-98.2434372164489,7.124687216448891,ols
25046,2568968.0,-98.2434372164489,6.190937216448901,ols
25063,2568968.0,-98.23902497124352,5.749649971243528,ols
25084,2568968.0,-98.23902497124352,4.9465249712435195,ols
25090,2568968.0,-98.23902497124352,4.827774971243528,ols
25103,2568968.0,-98.23902497124352,4.722774971243524,ols
25119,2568968.0,-98.23902497124352,6.433399971243517,ols
25129,2568968.0,-98.15150761820713,6.183382618207133,ols
25132,2568968.0,-97.97112189135339,5.646121891353388,ols
25140,2568968.0,-97.73104177258544,6.38916677258544,ols
25145,2568968.0,-97.64880503216189,8.473805032161891,ols
25157,2568968.0,-97.41546062814895,7.097335628148954,ols
25170,2568968.0,-96.81087742276046,6.7696274227604505,ols
25236,2568968.0,-90.22176420857448,4.391764208574486,ols
25247,2568968.0,-89.66778100671145,5.331531006711444,ols
25273,2568968.0,-89.49751058668491,6.268135586684906,ols
25286,2568968.0,-89.33751975921132,9.990019759211322,ols
25314,2568968.0,-89.33751975921132,7.763769759211314,ols
25337,2568968.0,-88.74504675874822,9.47504675874822,ols
25342,2568968.0,-88.5919441970607,8.056944197060702,ols
25364,2568968.0,-87.51054514212443,10.404920142124425,ols
25382,2568968.0,-85.05552966495344,8.154279664953435,ols
25387,2568968.0,-84.1117785787912,1.988653578791201,ols
25391,2568968.0,-83.02353819684768,-2.596461803152323,ols
25397,2568968.0,-80.11626758612586,-10.399982413874142,ols
25409,2568968.0,-74.62333914219204,-17.79166085780797,ols
25430,2568968.0,-69.1414882500504,-16.6072617499496,ols
25472,2568968.0,-71.35439350627118,-14.437481493728825,ols
25478,2568968.0,-71.32766187175564,-14.897963128244356,ols
25490,2568968.0,-71.32766187175564,-14.38358812824437,ols
25511,2568968.0,-72.55648389614699,-10.802891103853014,ols
25529,2568968.0,-75.16008407754789,-0.2655409224521037,ols
25539,2568968.0,-76.41089691979793,2.1458969197979343,ols
25550,2568968.0,-79.0636302678874,11.4123802678874,ols
25593,2568968.0,-88.94437228283994,0.8187472828399365,ols
25605,2568968.0,-90.9647346685028,-3.0508903314972002,ols
25610,2568968.0,-91.57862348678454,-3.3276265132154634,ols
25627,2568968.0,-93.49804402867979,-4.283205971320214,ols
25639,2568968.0,-93.79432160034277,-4.227553399657225,ols
25646,2568968.0,-93.79481445751996,-3.9476855424800448,ols
25679,2568968.0,-94.08792366161526,-6.530826338384742,ols
40747,2568968.0,-102.42303036479696,4.547405364796958,ols
40768,2568968.0,-101.33382773788843,10.513827737888434,ols
40773,2568968.0,-101.04943741195163,7.8819374119516254,ols
40776,2568968.0,-100.74441749274075,12.140042492740747,ols
40795,2568968.0,-98.86929542331968,10.11367042331969,ols
40814,2568968.0,-97.21976112471805,16.41413612471804,ols
40845,2568968.0,-95.97719777283868,11.066572772838683,ols
40869,2568968.0,-96.43805443760105,-3.1456955623989415,ols
40880,2568968.0,-96.71804425302717,-6.8213307469728335,ols
40938,2568968.0,-99.32649086333717,-4.5497591366628285,ols
40965,2568968.0,-100.0472006074288,-5.5240493925712,ols
40968,2568968.0,-100.07505877263507,-6.812441227364928,ols
40972,2568968.0,-100.07104550704933,-7.693954492950667,ols
40981,2568968.0,-99.99337356286217,-8.727876437137823,ols
40986,2568968.0,-99.93207151777474,-5.368553482225252,ols
40997,2568968.0,-99.70325670591414,-7.8879932940858595,ols
41012,2568968.0,-99.32758218994381,-9.821167810056195,ols
57039,2568968.0,-102.96012734099368,0.33262734099368174,ols
57120,2568968.0,-100.69570677506121,10.94633177506121,ols
57130,2568968.0,-99.66333527456126,6.354585274561259,ols
57164,2568968.0,-96.52970240317012,9.449702403170122,ols
57167,2568968.0,-96.28313299823577,10.726882998235766,ols
57176,2568968.0,-95.8851156235659,13.500740623565889,ols
57206,2568968.0,-96.6998789456391,-9.185746054360905,ols
57265,2568968.0,-99.2686622878795,-5.2625877121205065,ols
57284,2568968.0,-99.52024240744868,-6.532389171498679,ols
57299,2568968.0,-99.70894803284129,-5.905525651369231,ols
57302,2568968.0,-99.80280212101306,-5.377197878986948,ols
57362,2568968.0,-99.90801539364969,-8.552609606350302,ols
57373,2568968.0,-99.83541283757084,-9.78563979400812,ols
57404,2568968.0,-99.746604668118,-10.803395331882001,ols
57440,2568968.0,-99.66361690723394,-11.605133092766053,ols
74795,2568968.0,-102.63451303259284,7.945763032592836,ols
74802,2568968.0,-102.63038242006014,8.987257420060146,ols
74824,2568968.0,-102.64859466622701,6.879219666227016,ols
74832,2568968.0,-102.56737884424192,5.679878844241912,ols
74836,2568968.0,-102.48773547134599,6.798360471345987,ols
74846,2568968.0,-102.0665068705691,6.2540068705691,ols
74868,2568968.0,-100.59758125802043,12.473831258020425,ols
74874,2568968.0,-99.71479191079946,6.715416910799462,ols
74916,2568968.0,-95.68090846648101,13.836829519112598,ols
74934,2568968.0,-95.81177378172124,-2.9344762182787605,ols
74946,2568968.0,-96.07101665692635,-7.612733343073657,ols
74962,2568968.0,-96.62563353230293,-11.922491467697071,ols
74975,2568968.0,-97.3005662323888,-10.562558767611193,ols
74993,2568968.0,-98.25220303338618,-4.954671966613816,ols
75001,2568968.0,-98.70525612617627,-6.239743873823727,ols
75005,2568968.0,-98.8984796090265,-5.749020390973499,ols
75011,2568968.0,-99.29512402441705,-5.1136259755829485,ols
75016,2568968.0,-99.46764750582506,-5.393602494174942,ols
75027,2568968.0,-99.86090059444871,-8.013474405551293,ols
75038,2568968.0,-99.75961844453492,-10.554131555465077,ols
75085,2568968.0,-99.22622963186186,-11.07627036813814,ols
87663,2568968.0,-102.92951152253406,6.172274680428799,ols
87726,2568968.0,-101.496705300257,7.903580300257005,ols
87783,2568968.0,-96.54371362863613,8.563713628636123,ols
87792,2568968.0,-96.20422891110562,14.313603911105616,ols
87820,2568968.0,-96.81560650472261,-4.6300184952773975,ols
87835,2568968.0,-97.24023816696106,-10.528511833038934,ols
87847,2568968.0,-97.79430351168696,-10.397571488313034,ols
87898,2568968.0,-99.66497813181859,-5.358771868181421,ols
87914,2568968.0,-99.55192608312557,-6.4474489168744356,ols
87984,2568968.0,-99.66843986675364,-11.037185133246354,ols
99356,2568968.0,-102.76415793958478,8.606032939584779,ols
99381,2568968.0,-102.29150790665379,6.592132906653788,ols
99382,2568968.0,-102.25095280178738,6.9353278017873805,ols
99389,2568968.0,-102.15510381551744,5.951353815517436,ols
99390,2568968.0,-102.01392370364017,2.262673703640175,ols
99404,2568968.0,-101.42274151959354,7.47836651959355,ols
99417,2568968.0,-100.6164858511743,10.238360851174306,ols
99441,2568968.0,-98.44427651615626,7.784901516156268,ols
99464,2568968.0,-96.17076156183508,8.973886561835073,ols
99468,2568968.0,-95.96863144571124,8.21800644571124,ols
99474,2568968.0,-95.80937990400344,3.631254904003441,ols
99485,2568968.0,-95.79575592346237,2.946380923462371,ols
99489,2568968.0,-95.81478959825789,3.811039598257892,ols
99494,2568968.0,-95.83110082388414,3.8923508238841436,ols
99503,2568968.0,-95.83110082388414,8.842350823884146,ols
99517,2568968.0,-95.65086764806145,13.63586764806145,ols
99553,2568968.0,-96.5703865896782,-10.52023841032181,ols
99558,2568968.0,-96.83611875104971,-10.737006248950294,ols
99573,2568968.0,-97.28079327182748,-11.256706728172517,ols
99602,2568968.0,-98.47808417157299,-2.630665828427013,ols
99609,2568968.0,-98.63808673374126,-4.324413266258745,ols
99612,2568968.0,-98.79057909130465,-3.3512959086953487,ols
99624,2568968.0,-99.19525003786669,-5.255999962133316,ols
99635,2568968.0,-99.3104495356889,-8.117050464311092,ols
99648,2568968.0,-99.29963014717998,-7.689744852820013,ols
99659,2568968.0,-99.29965361656937,-6.802846383430634,ols
99725,2568968.0,-99.70646027756592,-9.332914722434083,ols
99735,2568968.0,-99.73417762643585,-8.297072373564149,ols
99754,2568968.0,-99.7468510967066,-8.751273903293395,ols
99772,2568968.0,-99.76703477158226,-10.849840228417733,ols
99775,2568968.0,-99.77220977194281,-10.315290228057194,ols
99846,2568968.0,-99.78859140573722,-8.92765859426278,ols
99855,2568968.0,-99.7821490583496,-9.14722594165039,ols
99867,2568968.0,-99.7821490583496,-9.78785094165039,ols
99890,2568968.0,-99.74318987196172,-11.073685128038278,ols
99903,2568968.0,-99.78232507877001,-9.333924921229979,ols
99911,2568968.0,-99.7572245668171,-8.271525433182902,ols
99917,2568968.0,-99.75576946467493,-7.518605535325079,ols
99925,2568968.0,-99.76742201650718,-8.021952983492824,ols
99933,2568968.0,-99.76636589398463,-8.219259106015372,ols
99936,2568968.0,-99.74994905610612,-8.099425943893877,ols
99957,2568968.0,-99.76383119993048,-8.194918800069516,ols
99960,2568968.0,-99.76115568953998,-8.398219310460021,ols
99964,2568968.0,-99.76508681226285,-8.45178818773715,ols
99971,2568968.0,-99.75398579108126,-8.502889208918731,ols
99982,2568968.0,-99.73979854519483,-8.496451454805168,ols
99989,2568968.0,-99.73239395284219,-8.25385604715781,ols
100092,2568968.0,-99.64113323219806,-8.378241767801939,ols
100106,2568968.0,-99.64385568136733,-8.40676931863267,ols
100119,2568968.0,-99.67805058170897,-8.385699418291026,ols
100135,2568968.0,-99.74490313738721,-8.277596862612782,ols
100155,2568968.0,-99.78603324229368,-6.443341757706321,ols
100197,2568968.0,-99.8243939592521,-5.7699810407478935,ols
100209,2568968.0,-99.83717304177512,-6.114076958224885,ols
100224,2568968.0,-99.83165773526841,-6.065842264731586,ols
100239,2568968.0,-99.85721590031443,-6.032784099685571,ols
100257,2568968.0,-99.87910110592087,-5.966523894079131,ols
100258,2568968.0,-99.88185875917422,-6.068766240825781,ols
100295,2568968.0,-99.88648222888412,-9.868517771115876,ols
100309,2568968.0,-99.7741342618728,-9.402740738127193,ols
112549,2568968.0,-103.0303829581335,8.507882958133507,ols
112553,2568968.0,-102.994603874008,10.85085387400801,ols
112558,2568968.0,-102.93571917602777,8.87759417602777,ols
112578,2568968.0,-102.75102681622091,3.523526816220908,ols
112595,2568968.0,-102.68084160724926,7.76771660724927,ols
112623,2568968.0,-101.31399610385364,6.887121103853644,ols
112651,2568968.0,-99.387546479836,9.205046479836,ols
112654,2568968.0,-99.11298982805374,10.073614828053735,ols
112669,2568968.0,-97.80228310407966,7.260408104079659,ols
112687,2568968.0,-96.72238609006438,11.241761090064372,ols
112699,2568968.0,-96.10167941416476,10.43480441416476,ols
112709,2568968.0,-95.85523909087205,14.949614090872046,ols
112713,2568968.0,-95.87460133711905,10.959652883510799,ols
112804,2568968.0,-99.17365819962762,-5.403216800372377,ols
112829,2568968.0,-99.28882249336576,-4.959302506634245,ols
112837,2568968.0,-99.30285718822115,-5.414017811778848,ols
112842,2568968.0,-99.376421989265,-7.531703010735001,ols
112872,2568968.0,-99.79916436565755,-5.477710634342458,ols
112897,2568968.0,-99.60222098458895,-8.567779015411048,ols
10447,2568969.0,-97.7378043112939,1.257035080524659,ols
24896,2568969.0,-97.35413261982322,-1.083992380176781,ols
24902,2568969.0,-97.75668890413368,-0.13456109586631726,ols
24922,2568969.0,-101.75811761562467,0.059588203859945565,ols
11473,2568970.0,-96.60059950229555,3.5962891574679503,ols
11487,2568970.0,-96.30274400392855,1.4200909427040784,ols
11531,2568970.0,-95.7023070656013,0.27342775525646346,ols
11537,2568970.0,-95.46507361056273,-0.5262054592047178,ols
11578,2568970.0,-94.81875427891131,2.023299733456753,ols
11590,2568970.0,-94.65809980519155,2.0446738792656305,ols
11597,2568970.0,-94.4435321422933,4.256032142293293,ols
11600,2568970.0,-94.34009571201307,8.931613569155928,ols
11621,2568970.0,-93.6338208159759,13.630442437597523,ols
11663,2568970.0,-90.05277988433696,7.187039143596209,ols
11670,2568970.0,-89.08998770864801,-1.8506372913519868,ols
11703,2568970.0,-83.80436353815759,-7.730636461842408,ols
11706,2568970.0,-83.14206523615404,-9.078522999140077,ols
11725,2568970.0,-82.76050328744526,-6.629648227706255,ols
11732,2568970.0,-84.20631092956657,1.1735728343284677,ols
11741,2568970.0,-85.85407270748985,3.1765727074898535,ols
11871,2568970.0,-95.63644682826913,-0.6910531717308714,ols
11878,2568970.0,-95.96509806025861,-0.7411519397413855,ols
11903,2568970.0,-96.8807189494616,-3.6266339917148684,ols
11916,2568970.0,-97.36072699851643,-9.119630144340718,ols
11926,2568970.0,-97.57786143155741,-9.311461485109277,ols
25700,2568970.0,-97.18008917269822,-0.25303582730178675,ols
25704,2568970.0,-97.1027886315324,1.5215386315324082,ols
25718,2568970.0,-96.83081565011983,2.920190650119835,ols
25770,2568970.0,-96.25074212213104,1.3394921221310483,ols
25773,2568970.0,-96.24702416108737,-1.4286008389126295,ols
25789,2568970.0,-96.20179723052499,-0.23382776947501327,ols
25835,2568970.0,-95.49450333775732,-0.8211216622426747,ols
25857,2568970.0,-94.82664737250477,1.7210223725047626,ols
25879,2568970.0,-94.71345060597359,2.435950605973588,ols
25888,2568970.0,-94.708834826189,1.7132098261890008,ols
25936,2568970.0,-94.70889541518379,2.1645204151837873,ols
25947,2568970.0,-94.70889541518379,1.6351454151837856,ols
25957,2568970.0,-94.70889541518379,2.2757704151837856,ols
25965,2568970.0,-94.70889541518379,1.9076454151837936,ols
26023,2568970.0,-93.57713154921812,11.367756549218129,ols
26158,2568970.0,-82.63224740166459,-7.360252598335421,ols
26172,2568970.0,-82.98018796635769,-3.650437033642305,ols
26184,2568970.0,-83.85160092172877,1.0566009217287728,ols
26209,2568970.0,-85.794420088078,12.385045088078002,ols
26216,2568970.0,-86.87965711413861,7.797157114138614,ols
26246,2568970.0,-90.1301189821358,2.3663689821357963,ols
26307,2568970.0,-93.29978267154092,-0.858871174612915,ols
26311,2568970.0,-93.53746228190474,0.11996228190473346,ols
26326,2568970.0,-94.560204513889,0.49457951388900767,ols
26351,2568970.0,-95.84444884736878,-2.4318011526312233,ols
26372,2568970.0,-96.78370495262865,-5.053170047371353,ols
26378,2568970.0,-96.89661529845722,-5.77463470154278,ols
26381,2568970.0,-97.03756733269071,-8.760557667309286,ols
26390,2568970.0,-97.35074633864807,-9.229878661351933,ols
26395,2568970.0,-97.4854356740569,-10.228314325943103,ols
26437,2568970.0,-97.80518032381286,-6.494194676187135,ols
26446,2568970.0,-97.8025309323136,-6.657469067686392,ols
26456,2568970.0,-97.79987603272389,-6.48449896727611,ols
26461,2568970.0,-97.79987603272389,-6.570123967276118,ols
26468,2568970.0,-97.79722664122463,-6.502148358775372,ols
41058,2568970.0,-98.14969485625535,0.8837509787043274,ols
41085,2568970.0,-97.37692629248596,0.49108445575126325,ols
41104,2568970.0,-97.22820234264859,3.8875773426485836,ols
41127,2568970.0,-97.19241077100148,3.493035771001473,ols
41173,2568970.0,-95.96483367191773,-0.962666328082264,ols
41203,2568970.0,-94.79238704999861,2.02613704999861,ols
41219,2568970.0,-94.44877584438748,4.988150844387491,ols
41231,2568970.0,-94.37442763969489,9.560677639694887,ols
41253,2568970.0,-94.34484919405854,10.233599194058542,ols
41278,2568970.0,-94.12757155066623,13.283821550666232,ols
41306,2568970.0,-92.69563328026042,7.834383280260425,ols
41309,2568970.0,-92.42106048016248,5.78168548016248,ols
41326,2568970.0,-91.12025882683488,2.66150882683489,ols
41334,2568970.0,-90.60801192446357,4.141761924463566,ols
41354,2568970.0,-89.78223349834705,-3.462141501652951,ols
41358,2568970.0,-89.61000652662321,-5.309368473376793,ols
41371,2568970.0,-88.62583745195575,-2.244162548044258,ols
41394,2568970.0,-87.00529665696261,-7.44345334303739,ols
41449,2568970.0,-83.96682466554006,1.8230746655400623,ols
41465,2568970.0,-86.77557072918704,12.452445729187033,ols
41495,2568970.0,-90.79457094749947,3.4245709474994612,ols
41514,2568970.0,-91.46665161811572,0.8741516181157181,ols
41584,2568970.0,-93.92382177738247,0.7044467773824721,ols
41600,2568970.0,-94.83017255038322,0.9601725503832199,ols
41654,2568970.0,-96.88773074858545,-2.428519251414542,ols
41678,2568970.0,-97.55349363947266,-8.704748118769103,ols
57449,2568970.0,-99.2605224704773,-10.815102529522704,ols
57451,2568970.0,-99.24788691101924,-9.778363088980768,ols
57468,2568970.0,-99.21451339107314,-8.94236160892686,ols
57482,2568970.0,-99.20019786403239,-8.119177135967604,ols
57488,2568970.0,-99.20707196089535,-8.342928039104649,ols
57502,2568970.0,-99.22647145540768,-8.734153544592317,ols
57513,2568970.0,-99.226614665759,-9.153385334240994,ols
57522,2568970.0,-99.23091648438879,-6.791451936663847,ols
57523,2568970.0,-99.23098808956445,-7.035261910435551,ols
57533,2568970.0,-99.20819561134411,-8.90180438865589,ols
57538,2568970.0,-99.1939186409364,-7.6729563590635905,ols
57571,2568970.0,-98.93378805395923,-4.504336946040766,ols
57592,2568970.0,-98.86506911769126,-3.154930882308733,ols
57595,2568970.0,-98.86056349971537,-4.335061500284638,ols
57668,2568970.0,-96.9772427262458,4.466617726245801,ols
57684,2568970.0,-96.36517270091967,1.3191200693407126,ols
57703,2568970.0,-95.3190321007672,-0.20034289923279403,ols
57709,2568970.0,-95.01268312694936,1.0866267889211798,ols
57726,2568970.0,-94.38618190468333,7.198056904683327,ols
57784,2568970.0,-94.24622132672813,7.664971326728136,ols
57805,2568970.0,-94.24622132672813,8.385596326728134,ols
57822,2568970.0,-94.24622132672813,6.942471326728139,ols
57834,2568970.0,-94.00903744450346,12.129037444503467,ols
57844,2568970.0,-93.35805276025356,10.968052760253556,ols
57855,2568970.0,-92.64781203910312,11.203437039103122,ols
57861,2568970.0,-92.10133235467782,5.698832354677819,ols
57872,2568970.0,-90.88608236198777,1.8329573619877806,ols
57892,2568970.0,-89.35269057385835,-0.7873094261416469,ols
57907,2568970.0,-88.90816013529582,-4.9162148647041874,ols
57911,2568970.0,-88.87998074463,-4.7525192553699895,ols
57930,2568970.0,-88.38419201647868,-7.3701829835213175,ols
57939,2568970.0,-87.03543692782333,-7.578938072176669,ols
57957,2568970.0,-82.6207079522031,-7.637417047796902,ols
57964,2568970.0,-82.61562398473154,-7.52250101526846,ols
57980,2568970.0,-84.6504613098891,-2.652038690110899,ols
57991,2568970.0,-85.23378461123458,-1.7968403887654176,ols
58025,2568970.0,-85.36346709243793,3.6922170924379287,ols
58040,2568970.0,-85.36347260052835,-1.5046523994716523,ols
58046,2568970.0,-85.36346709243793,-1.4965329075620701,ols
58052,2568970.0,-85.36346709243793,-0.46965790756206616,ols
58056,2568970.0,-85.36346709243793,-1.2840329075620645,ols
58090,2568970.0,-85.36346709243793,-0.09778290756207753,ols
58192,2568970.0,-85.36346709243793,1.1522170924379225,ols
58197,2568970.0,-85.36346709243793,0.810342092437935,ols
58268,2568970.0,-85.36346709243793,-0.18840790756206616,ols
58271,2568970.0,-85.36346709243793,0.02846709243793555,ols
58285,2568970.0,-85.36346709243793,-0.13590790756207127,ols
58298,2568970.0,-85.36346709243793,0.050342092437929864,ols
58305,2568970.0,-85.36346709243793,-0.7053460388752057,ols
58349,2568970.0,-85.36346709243793,-0.9059079075620673,ols
58363,2568970.0,-85.36346709243793,-1.1246579075620673,ols
58395,2568970.0,-85.36346709243793,0.16721709243792304,ols
58398,2568970.0,-85.36346709243793,-0.06715790756207696,ols
58413,2568970.0,-85.36346709243793,0.5159670924379327,ols
58415,2568970.0,-85.36346709243793,0.807842092437923,ols
58419,2568970.0,-85.36346709243793,0.490967092437927,ols
58445,2568970.0,-85.36346709243793,-0.45028290756206957,ols
58458,2568970.0,-85.36346709243793,-0.019032907562063883,ols
58470,2568970.0,-85.36346709243793,-0.004657907562076957,ols
58484,2568970.0,-85.36346709243793,0.8515920924379259,ols
58506,2568970.0,-85.36346709243793,-0.44028290756206445,ols
58508,2568970.0,-85.36346709243793,-0.27028290756207696,ols
58512,2568970.0,-85.36347260052835,-0.9321523994716472,ols
58516,2568970.0,-85.36347260052835,-0.5265273994716466,ols
58523,2568970.0,-85.36347260052835,0.19222260052835338,ols
58527,2568970.0,-85.36346709243793,0.5940920924379327,ols
58532,2568970.0,-85.36347260052835,-0.1977773994716472,ols
58536,2568970.0,-85.36346709243793,-0.5121579075620701,ols
58545,2568970.0,-85.36346709243793,0.14784209243792645,ols
58570,2568970.0,-85.36347260052835,-0.2188293796696712,ols
58584,2568970.0,-85.36347260052835,-0.25967096382808563,ols
58607,2568970.0,-85.36347260052835,0.25222260052835566,ols
58614,2568970.0,-85.36347260052835,0.40284760052836077,ols
58617,2568970.0,-85.36346709243793,0.01346709243793498,ols
58639,2568970.0,-85.36347260052835,-1.5525627530069954,ols
58650,2568970.0,-85.36346709243793,-1.0140329075620684,ols
58658,2568970.0,-85.36346709243793,-0.8821579075620747,ols
58671,2568970.0,-85.36347260052835,0.03847260052835111,ols
58732,2568970.0,-85.36346709243793,-1.0071579075620747,ols
58751,2568970.0,-85.36346709243793,-0.551532907562077,ols
58795,2568970.0,-85.36346709243793,-1.4546579075620656,ols
58825,2568970.0,-85.36346709243793,-1.0196579075620775,ols
58847,2568970.0,-85.36346709243793,-0.28965790756207355,ols
58877,2568970.0,-85.36346709243793,-0.337157907562073,ols
58916,2568970.0,-85.36346709243793,-0.6759079075620775,ols
58948,2568970.0,-85.36220023163787,-1.504674768362122,ols
58975,2568970.0,-85.36220023163787,-0.8202997683621334,ols
58980,2568970.0,-85.36220023163787,-1.0290497683621282,ols
59002,2568970.0,-85.36220023163787,-1.7684247683621237,ols
59071,2568970.0,-85.36220023163787,-0.8134247683621254,ols
59080,2568970.0,-85.36220023163787,-0.9752997683621345,ols
59109,2568970.0,-85.36220023163787,-1.219049768362126,ols
59124,2568970.0,-85.36220023163787,-0.4146747683621328,ols
59262,2568970.0,-85.36220023163787,-0.45092476836212825,ols
59322,2568970.0,-85.36220023163787,0.0715752316378655,ols
59369,2568970.0,-85.36220023163787,-0.7652997683621265,ols
59373,2568970.0,-85.36220023163787,-0.5302997683621271,ols
59377,2568970.0,-85.36220023163787,-0.2490497683621271,ols
59380,2568970.0,-85.36220023163787,-0.4184247683621294,ols
59393,2568970.0,-85.36220023163787,-0.6171747683621334,ols
59416,2568970.0,-85.36220023163787,-1.0109247683621305,ols
59445,2568970.0,-85.36220023163787,0.5540752316378672,ols
59449,2568970.0,-85.36220023163787,0.38345023163786607,ols
59473,2568970.0,-85.36220023163787,-0.34717476836212313,ols
59476,2568970.0,-85.36220023163787,-0.3246747683621294,ols
59490,2568970.0,-85.36220023163787,0.7672002316378723,ols
59492,2568970.0,-85.36220023163787,0.47470023163786834,ols
60236,2568970.0,-85.38879880034884,-1.6762011996511603,ols
60272,2568970.0,-85.38741626964963,-0.8913337303503681,ols
60279,2568970.0,-85.38741626964963,-0.6544587303503704,ols
60282,2568970.0,-85.38741626964963,-0.7882087303503624,ols
60308,2568970.0,-85.38741626964963,-0.5557087303503607,ols
60315,2568970.0,-85.38741626964963,-0.4063337303503687,ols
60327,2568970.0,-85.38741626964963,-0.17320873035036755,ols
60337,2568970.0,-85.38741626964963,-0.5044587303503647,ols
60343,2568970.0,-85.38741626964963,-0.7238337303503641,ols
60396,2568970.0,-85.38741626964963,0.12116626964963473,ols
60405,2568970.0,-85.38741626964963,0.046166269649631886,ols
60408,2568970.0,-85.38741626964963,-0.23076554853219022,ols
60427,2568970.0,-85.38741626964963,0.2711662696496404,ols
60470,2568970.0,-85.38741626964963,0.4017912696496353,ols
60482,2568970.0,-85.38741626964963,-0.04633373035036925,ols
60546,2568970.0,-85.38879880034884,-0.600576199651158,ols
60558,2568970.0,-85.38879880034884,-0.3612011996511626,ols
60589,2568970.0,-85.38879880034884,-0.591826199651166,ols
60602,2568970.0,-85.3874107615592,-0.28946423844080016,ols
60650,2568970.0,-85.38741626964963,0.1205412696496353,ols
60690,2568970.0,-85.38741626964963,0.1986662696496353,ols
60692,2568970.0,-85.38741626964963,0.2049162696496296,ols
60706,2568970.0,-85.38741626964963,-0.31820873035036357,ols
60722,2568970.0,-85.38741626964963,-0.9900837303503636,ols
60750,2568970.0,-85.38741626964963,-1.2994587303503664,ols
60770,2568970.0,-85.38741626964963,-0.7725837303503624,ols
60783,2568970.0,-85.38741626964963,0.567416269649641,ols
60784,2568970.0,-85.38741626964963,0.7955412696496325,ols
60799,2568970.0,-85.38741626964963,0.4486662696496353,ols
60834,2568970.0,-85.3661330082085,0.31175800820849986,ols
60846,2568970.0,-85.3661330082085,0.09800800820849531,ols
60880,2568970.0,-85.3661330082085,0.3323830082084953,ols
60894,2568970.0,-85.3661330082085,-0.6519919917915047,ols
60902,2568970.0,-85.3661330082085,-0.30574199179150696,ols
60914,2568970.0,-85.3661330082085,-0.49261699179150753,ols
60926,2568970.0,-85.36613851629895,-0.5694864837010556,ols
60940,2568970.0,-85.36613851629895,0.02051351629894782,ols
60945,2568970.0,-85.36613851629895,-0.9282364837010562,ols
60963,2568970.0,-85.3661330082085,0.32363300820848906,ols
60971,2568970.0,-85.36613851629895,-0.31136148370104877,ols
60975,2568970.0,-85.3661330082085,0.37238300820848735,ols
61007,2568970.0,-85.36478352605191,0.24728352605190196,ols
61027,2568970.0,-85.34347272415862,-0.7531181849322905,ols
61031,2568970.0,-85.34347272415862,-1.144769850098811,ols
61079,2568970.0,-85.34347272415862,-0.16271539465326157,ols
61109,2568970.0,-85.34347272415862,-0.5420470778215787,ols
61114,2568970.0,-85.34347272415862,-0.5096522758413897,ols
61140,2568970.0,-85.34347272415862,-0.6277772758413818,ols
61166,2568970.0,-85.34347272415862,-0.683402275841388,ols
61175,2568970.0,-85.34347272415862,-0.5562797510889084,ols
61190,2568970.0,-85.34347272415862,-0.16590227584138972,ols
61192,2568970.0,-85.34347272415862,0.1225568825744574,ols
61210,2568970.0,-85.34347272415862,-0.053402275841378355,ols
61212,2568970.0,-85.34347272415862,-0.23340227584138518,ols
61261,2568970.0,-85.34214527436376,-0.39035472563624296,ols
61289,2568970.0,-85.34214527436376,-0.8153547256362401,ols
61303,2568970.0,-85.34214527436376,-0.9141047256362356,ols
61310,2568970.0,-85.34214527436376,-0.5441047256362452,ols
61350,2568970.0,-85.3408618892924,-0.7778881107076074,ols
61359,2568970.0,-85.3408618892924,-0.5303881107076052,ols
61364,2568970.0,-85.3408618892924,-0.7435131107075961,ols
61370,2568970.0,-85.3408618892924,-0.4553881107076023,ols
61373,2568970.0,-85.3408618892924,-0.508254272323768,ols
61383,2568970.0,-85.3408618892924,-0.44601311070759664,ols
61407,2568970.0,-85.3408618892924,-0.31913811070759834,ols
61412,2568970.0,-85.3408618892924,-0.672263110707604,ols
61464,2568970.0,-85.3408618892924,-0.44575427232376796,ols
61485,2568970.0,-85.3408618892924,-0.3141381107076029,ols
61494,2568970.0,-85.3408618892924,-0.30601311070759607,ols
61534,2568970.0,-85.3408618892924,0.07711188929239654,ols
61570,2568970.0,-85.3408618892924,-1.8010131107076006,ols
61573,2568970.0,-85.3408618892924,-1.4922631107075972,ols
61579,2568970.0,-85.3408618892924,-1.314138110707603,ols
61612,2568970.0,-85.33962256894449,-1.116002431055506,ols
61616,2568970.0,-85.33962256894449,-1.1291274310555082,ols
61641,2568970.0,-85.33963358512537,-0.7034914148746338,ols
61668,2568970.0,-85.33963358512537,-0.7403664148746287,ols
61680,2568970.0,-85.33963358512537,-0.9634914148746248,ols
61719,2568970.0,-85.33962256894449,-1.0191274310555087,ols
61771,2568970.0,-85.33843282141052,-0.6646921785894762,ols
61786,2568970.0,-85.3384273133201,-0.5990726866799037,ols
61794,2568970.0,-85.3384273133201,-0.19532268667990138,ols
61811,2568970.0,-85.33843282141052,-0.17781717858947843,ols
61862,2568970.0,-85.33843282141052,-0.01781717858948184,ols
61866,2568970.0,-85.33843282141052,0.1859328214105176,ols
61907,2568970.0,-85.33843282141052,-0.40469217858948525,ols
61912,2568970.0,-85.3384273133201,-0.06907268667990252,ols
61927,2568970.0,-85.33843282141052,-0.681567178589475,ols
61928,2568970.0,-85.3384273133201,-0.9728226866799048,ols
61952,2568970.0,-85.31588820725977,-0.43411179274022516,ols
61977,2568970.0,-85.3158937153502,-0.6153562846498062,ols
62007,2568970.0,-85.31588820725977,-0.629736792740232,ols
62020,2568970.0,-85.31588820725977,-0.3941117927402189,ols
62052,2568970.0,-85.31588820725977,-0.4816117927402246,ols
62094,2568970.0,-85.31588820725977,-0.09598679274022004,ols
62105,2568970.0,-85.31588820725977,-0.17598679274021833,ols
62147,2568970.0,-85.31476455681101,-0.055235443188990985,ols
62151,2568970.0,-85.31476455681101,0.17226455681101527,ols
62155,2568970.0,-85.31476455681101,0.12226455681101811,ols
62158,2568970.0,-85.31476455681101,0.3078895568110198,ols
62165,2568970.0,-85.31476455681101,0.17913955681100902,ols
62198,2568970.0,-85.31476455681101,-0.49961044318898473,ols
62227,2568970.0,-85.31476455681101,-0.5889854431889887,ols
62262,2568970.0,-85.31476455681101,0.7428895568110079,ols
62277,2568970.0,-85.31476455681101,-0.5096104431889898,ols
62303,2568970.0,-85.29226400738375,-0.8508609926162478,ols
62328,2568970.0,-85.29226400738375,-0.37648599261625293,ols
62332,2568970.0,-85.29226400738375,-0.29711099261625407,ols
62337,2568970.0,-85.29226400738375,-0.24773599261625634,ols
62385,2568970.0,-85.29226400738375,-0.41961099261625634,ols
62401,2568970.0,-85.29226400738375,-0.08711099261624611,ols
62408,2568970.0,-85.29226400738375,0.13538900738375048,ols
62417,2568970.0,-85.29226400738375,0.21663900738374764,ols
62423,2568970.0,-85.29226400738375,0.22288900738375617,ols
62444,2568970.0,-85.29226400738375,0.33788900738375105,ols
62469,2568970.0,-85.31477557299189,-0.11522442700811553,ols
62489,2568970.0,-85.31477557299189,-0.2670994270081053,ols
62535,2568970.0,-85.31477557299189,-0.9808494270081098,ols
62578,2568970.0,-85.29334359310903,-0.5629064068909742,ols
62599,2568970.0,-85.29334910119945,-0.8360258988005427,ols
62602,2568970.0,-85.29334359310903,-1.142281406890973,ols
62604,2568970.0,-85.31476455681101,-0.6964854431889904,ols
62610,2568970.0,-85.31477557299189,-0.6220994270081093,ols
62644,2568970.0,-85.31477557299189,-0.296474427008107,ols
62648,2568970.0,-85.31477557299189,-0.44209942700810245,ols
62658,2568970.0,-85.31477557299189,-0.5202244270081025,ols
62674,2568970.0,-85.31588820725977,-0.07411179274022572,ols
62692,2568970.0,-85.3158937153502,0.0027687153502000683,ols
62712,2568970.0,-85.31588820725977,-0.1597367927402189,ols
62731,2568970.0,-85.31588820725977,-0.07911179274022118,ols
62800,2568970.0,-85.317055922432,-0.23481907756799103,ols
62826,2568970.0,-85.31705041434157,-0.34294958565843103,ols
62859,2568970.0,-85.3384273133201,0.09217731332009294,ols
62880,2568970.0,-85.3384273133201,-0.6346976866798997,ols
62900,2568970.0,-85.3384273133201,-0.8128226866799082,ols
62917,2568970.0,-85.3384273133201,-0.7046976866799071,ols
62925,2568970.0,-85.3384273133201,-1.1596976866799054,ols
62945,2568970.0,-85.3384273133201,-1.268447686679906,ols
62961,2568970.0,-85.3384273133201,-0.8015726866799042,ols
62966,2568970.0,-85.3384273133201,-0.9234476866799071,ols
62975,2568970.0,-85.3384273133201,-0.5034476866799054,ols
63025,2568970.0,-85.33727061432873,-0.6821043856712663,ols
63135,2568970.0,-85.33727061432873,0.4797706143287286,ols
63143,2568970.0,-85.35863098903593,-1.0319940109640697,ols
63145,2568970.0,-85.44267343289428,0.9707984328942842,ols
63153,2568970.0,-85.52630827806041,1.1956832780604145,ols
63172,2568970.0,-85.60614254082635,1.180517540826358,ols
63191,2568970.0,-85.60614254082635,1.2823925408263506,ols
63199,2568970.0,-85.60614254082635,2.5023925408263494,ols
63205,2568970.0,-85.60614254082635,1.5805175408263494,ols
63270,2568970.0,-90.28088092543418,5.02150592543417,ols
63278,2568970.0,-90.75155826929199,2.8834332692919844,ols
63288,2568970.0,-91.31363686582941,2.729886865829414,ols
63353,2568970.0,-94.29830582988217,0.465180829882172,ols
63397,2568970.0,-96.29301671622022,-1.6582332837797793,ols
63404,2568970.0,-96.58797495901835,-3.770775040981647,ols
63424,2568970.0,-97.12201737524126,-7.325482624758749,ols
75100,2568970.0,-98.83733588235069,-3.160164117649316,ols
75114,2568970.0,-98.51330593823623,-0.4666940617637749,ols
75118,2568970.0,-98.4494286134607,-0.8561963865393096,ols
75123,2568970.0,-98.39609377377789,-1.2939062262221057,ols
75127,2568970.0,-98.35035459080504,-0.8654348828791569,ols
75136,2568970.0,-98.2406169050671,-0.3187580949329032,ols
75138,2568970.0,-98.1735118392966,0.7728868392965893,ols
75147,2568970.0,-98.04714522853516,2.2379347022193627,ols
75200,2568970.0,-97.20737074462315,1.5048707446231475,ols
75202,2568970.0,-97.07904876175724,2.6690487617572387,ols
75221,2568970.0,-96.52606953061857,2.82419453061857,ols
75224,2568970.0,-96.41895920401817,2.9820842040181645,ols
75259,2568970.0,-95.33909256613174,-0.6727824338682638,ols
75267,2568970.0,-95.00332488130016,1.4964498813001654,ols
75277,2568970.0,-94.65446997359484,1.8932199735948387,ols
75282,2568970.0,-94.37124947151383,4.384374471513837,ols
75292,2568970.0,-94.20961455769664,6.350864557696639,ols
75301,2568970.0,-94.14773666974904,6.605861669749032,ols
75312,2568970.0,-94.1416061650948,7.0209811650947955,ols
75334,2568970.0,-93.43783745020558,11.339712450205582,ols
75349,2568970.0,-92.74735975753619,10.567359757536181,ols
75376,2568970.0,-89.8707540197291,-2.5336209802708964,ols
75380,2568970.0,-89.21407947805976,-5.359045521940246,ols
75411,2568970.0,-82.2136215124182,-7.9051284875818055,ols
75415,2568970.0,-82.69658740603667,-5.957787593963332,ols
75430,2568970.0,-86.62940804140196,5.06565804140196,ols
75442,2568970.0,-88.75586143476608,8.700937192341826,ols
75476,2568970.0,-91.83752787138047,0.19940287138047097,ols
75525,2568970.0,-94.34153332361663,0.6584083236166265,ols
75536,2568970.0,-94.95812549118995,0.6787504911899447,ols
75543,2568970.0,-95.35806793768057,0.5493179376805699,ols
75611,2568970.0,-97.30201075447854,-8.464239245521455,ols
75647,2568970.0,-97.78762603959629,-10.146748960403713,ols
88009,2568970.0,-99.05800100136055,-4.64324899863945,ols
88017,2568970.0,-98.88950851495169,-4.602366485048307,ols
88036,2568970.0,-98.53924353609499,-0.8082564639050105,ols
88041,2568970.0,-98.47808169990394,-0.5462933000960675,ols
88063,2568970.0,-98.19915200027187,0.14415200027185904,ols
88075,2568970.0,-98.04216040669144,1.0102854066914375,ols
88076,2568970.0,-97.97766617578716,1.280791175787158,ols
88101,2568970.0,-97.38234625347408,1.391096253474089,ols
88116,2568970.0,-96.9427235234892,4.601473523489204,ols
88146,2568970.0,-96.24851685359526,-0.1721081464047387,ols
88161,2568970.0,-95.69955302038376,-0.44840616328970384,ols
88196,2568970.0,-94.65486655610616,4.43299155610616,ols
88258,2568970.0,-93.69258112473725,11.511956124737239,ols
88272,2568970.0,-92.72119632796958,7.464946327969585,ols
88287,2568970.0,-91.83890489398922,5.369529893989224,ols
88289,2568970.0,-91.47624671165363,2.9674967116536237,ols
88305,2568970.0,-89.72405704717181,-3.2871929528281925,ols
88346,2568970.0,-82.82848413959493,-8.738390860405062,ols
88351,2568970.0,-82.29663394336518,-9.818991056634815,ols
88363,2568970.0,-83.37889109250042,-2.458608907499581,ols
88368,2568970.0,-85.22053765373823,5.581787653738232,ols
88463,2568970.0,-94.08404111195784,0.6321661119578437,ols
88474,2568970.0,-94.550532307085,0.18115730708500166,ols
88506,2568970.0,-95.7531577564979,-2.199967243502101,ols
88527,2568970.0,-96.62806284120481,-3.121937158795191,ols
88529,2568970.0,-96.77004488834967,-5.073080111650327,ols
88534,2568970.0,-96.90856785470132,-7.442682145298676,ols
88551,2568970.0,-97.39254723695984,-10.80745276304016,ols
100313,2568970.0,-99.54993957429775,-9.645455162544351,ols
100341,2568970.0,-99.34679018287142,-10.77195981712859,ols
100357,2568970.0,-99.02894031622512,-6.154184683774886,ols
100380,2568970.0,-98.54590832552142,-0.9034666744785795,ols
100384,2568970.0,-98.47501920162205,-1.4531057983779476,ols
100419,2568970.0,-97.94086111550001,1.133986115500008,ols
100432,2568970.0,-97.69816363474985,1.8631636347498528,ols
100434,2568970.0,-97.61652271832119,1.1915227183211954,ols
100445,2568970.0,-97.45264050360649,2.2195155036064875,ols
100453,2568970.0,-97.2634651376139,1.2640901376139055,ols
100463,2568970.0,-96.96107097272844,4.428570972728437,ols
100492,2568970.0,-96.27490060677927,0.8624006067792749,ols
100508,2568970.0,-95.89297512410178,-1.0566216500917847,ols
100632,2568970.0,-93.93203434022115,12.793909340221148,ols
100649,2568970.0,-93.19780588522599,11.220305885225983,ols
100651,2568970.0,-93.04043974149596,11.571689741495959,ols
100687,2568970.0,-92.21317963905241,5.918179639052411,ols
100738,2568970.0,-86.28495960604471,-8.113790393955298,ols
100746,2568970.0,-84.70369700394406,-7.869427996055947,ols
100767,2568970.0,-83.27366453282879,-5.6550854671712045,ols
100819,2568970.0,-91.7288257066443,0.5319507066442952,ols
100894,2568970.0,-94.82310567035502,1.2857345363344024,ols
100946,2568970.0,-96.8173043042826,-3.7751956957174,ols
100963,2568970.0,-97.18607646700114,-6.171423532998858,ols
100971,2568970.0,-97.29988463157062,-9.049490368429375,ols
100984,2568970.0,-97.41197427192435,-10.10240072807565,ols
112966,2568970.0,-98.62124247840191,-0.5381325215980866,ols
113010,2568970.0,-98.19822113298834,1.1588461329883302,ols
113023,2568970.0,-97.97489009820788,1.9673900982078862,ols
113034,2568970.0,-97.64004226447895,2.083167264478945,ols
113062,2568970.0,-96.74081345241075,3.4314384524107453,ols
113079,2568970.0,-96.26385688545696,-0.37918435165643416,ols
113081,2568970.0,-96.14396778904717,0.36334278904716655,ols
113124,2568970.0,-95.55084559481767,-0.6329044051823303,ols
113142,2568970.0,-94.68140453582234,8.574529535822336,ols
113168,2568970.0,-93.3195236676602,9.965773667660201,ols
113177,2568970.0,-92.62493143143583,6.4624314314358315,ols
113205,2568970.0,-91.10513911859061,6.5701391185906175,ols
113237,2568970.0,-88.83810273305214,-3.9425222669478615,ols
113245,2568970.0,-88.46176796216625,-7.308232037833747,ols
113261,2568970.0,-87.11055626517685,-6.441318734823142,ols
113275,2568970.0,-84.68339969069083,-6.90097530930916,ols
113392,2568970.0,-94.01332273886196,-0.4629272611380344,ols
113398,2568970.0,-94.46470524192571,1.0965802419257074,ols
113401,2568970.0,-94.679779649144,0.8591546491439885,ols
113425,2568970.0,-95.69836878094021,-2.394131219059787,ols
113462,2568970.0,-96.7862386742288,-7.621261325771201,ols
113473,2568970.0,-97.11227907135205,-10.078970928647948,ols
113482,2568970.0,-97.31796218437853,-10.76078781562147,ols
167861,2568970.0,-97.67616432155216,-10.547585678447831,ols
199547,2568970.0,-97.42382217445018,-9.524927825549824,ols
199551,2568970.0,-97.6161481681716,-9.357336680313239,ols
125558,2568981.0,-97.38812266520657,9.05624766520657,ols
125569,2568981.0,-96.60470435186805,8.959704351868055,ols
125572,2568981.0,-96.15472507182429,0.4916000718242941,ols
125596,2568981.0,-94.14947458258592,-3.469900417414081,ols
125668,2568981.0,-99.55166336719245,13.171038367192452,ols
125687,2568981.0,-100.34104596138789,-0.7720790386121053,ols
125828,2568981.0,-101.89046619072575,-6.358283809274255,ols
125848,2568981.0,-102.25804659208217,-6.481644129567314,ols
139505,2568981.0,-96.7448199221212,4.102319922121197,ols
139539,2568981.0,-95.80555753557805,-3.447567464421951,ols
139586,2568981.0,-94.34781234117504,-5.8188543254916425,ols
139678,2568981.0,-99.70156930592482,12.845944305924817,ols
139682,2568981.0,-99.82073871690936,8.69445005711556,ols
139829,2568981.0,-102.15545108381988,-8.280798916180117,ols
154402,2568981.0,-94.07489928322043,-5.097600716779567,ols
154414,2568981.0,-94.70526828135934,-4.75035671864066,ols
154491,2568981.0,-99.6745920472607,13.304592047260698,ols
154598,2568981.0,-101.7982043147129,-6.07486269559638,ols
154606,2568981.0,-101.93289305757163,-5.958356942428367,ols
167475,2568981.0,-98.54311887160102,5.0585827891268025,ols
167486,2568981.0,-98.41634957814122,6.651974578141221,ols
167538,2568981.0,-98.00636264601587,8.194904312682539,ols
167566,2568981.0,-94.8577220400194,-6.926652959980601,ols
167601,2568981.0,-95.65371095407292,-13.665299462593765,ols
167685,2568981.0,-99.66421774285733,16.30609274285733,ols
167788,2568981.0,-101.86039784836373,-6.69960215163627,ols
167809,2568981.0,-102.19459222165983,-9.076032778340164,ols
177113,2568981.0,-97.15834823679143,4.726473236791421,ols
177121,2568981.0,-95.91061370915247,-2.105636290847528,ols
177123,2568981.0,-95.51867359275202,-4.845701407247972,ols
177165,2568981.0,-99.73348823129018,13.663488231290188,ols
177200,2568981.0,-101.77661611644312,-6.955883883556879,ols
177204,2568981.0,-101.9258945419436,-6.950355458056393,ols
177207,2568981.0,-101.99888653246009,-9.247363467539913,ols
199239,2568981.0,-98.09022572224431,8.546605930577641,ols
199251,2568981.0,-98.10249999726649,8.352499997266492,ols
199270,2568981.0,-98.10249999726649,8.536249997266495,ols
199288,2568981.0,-98.10249999726649,8.003124997266497,ols
199298,2568981.0,-98.10249999726649,4.965624997266488,ols
199301,2568981.0,-98.10249999726649,5.648124997266493,ols
199306,2568981.0,-97.68014582519571,8.88202082519571,ols
199319,2568981.0,-95.86154275544843,-3.317207244551568,ols
199323,2568981.0,-94.9224401523671,-5.752433585006642,ols
199326,2568981.0,-94.18291871372328,-6.657081286276721,ols
199364,2568981.0,-99.63104669618203,13.941671696182027,ols
199368,2568981.0,-99.97300945087679,4.883634450876784,ols
199501,2568981.0,-101.72570039004344,-7.058953075303094,ols
199502,2568981.0,-101.74089434468627,-5.616605655313734,ols
199528,2568981.0,-102.25946140200782,-10.40741359799219,ols
205728,2568981.0,-97.79095129824206,8.018815881575392,ols
205732,2568981.0,-97.4037407723117,5.327490772311705,ols
205734,2568981.0,-97.19751261586218,4.590012615862179,ols
205749,2568981.0,-96.14165768980068,-0.4270923101993134,ols
205760,2568981.0,-94.45839121222099,-6.380983787779016,ols
205762,2568981.0,-94.23068525334804,-7.838064746651952,ols
66860,2580500.0,-70.8296679618415,-1.2447070381585092,ols
66885,2580500.0,-62.00656131868064,0.5178113186806357,ols
66916,2580500.0,-61.859805211362676,0.07793021136267697,ols
66930,2580500.0,-61.84670908310359,-0.22266591689641047,ols
66991,2580500.0,-75.32483534377643,0.918585343776428,ols
129283,2580500.0,-71.72368980987952,0.9961898098795103,ols
129291,2580500.0,-69.27190751223264,-1.2893424877673567,ols
129344,2580500.0,-70.22083044915452,1.8502054491545152,ols
129368,2580500.0,-74.09842680682647,3.009051806826463,ols
129379,2580500.0,-75.4831229976588,2.5231229976588025,ols
129382,2580500.0,-76.00530420780714,0.47905420780713825,ols
129395,2580500.0,-77.63280857687411,-0.4445110107547521,ols
144021,2580500.0,-73.00665507771828,-2.6452199222817256,ols
144083,2580500.0,-68.23499548095819,0.8256204809581931,ols
144093,2580500.0,-67.71482587584583,0.41732587584583314,ols
144096,2580500.0,-67.01018463854297,1.4514346385429633,ols
144102,2580500.0,-64.99900179125099,2.48337679125099,ols
144119,2580500.0,-61.68583034948348,-1.5141696505165214,ols
144126,2580500.0,-64.48600939423007,0.5147593942300688,ols
158196,2580500.0,-68.67840124451143,-1.2590987554885658,ols
158222,2580500.0,-66.46535424576703,0.5159792457670278,ols
158246,2580500.0,-63.941650859425536,1.6816508594255382,ols
158315,2580500.0,-75.92608173787073,-1.7101682621292724,ols
171019,2580500.0,-75.00152157305156,3.711521573051556,ols
171023,2580500.0,-74.24069612431103,-1.0355538756889757,ols
171029,2580500.0,-73.3995554819108,-1.6185695180892026,ols
171031,2580500.0,-72.45139414031121,-0.10985585968879263,ols
171049,2580500.0,-67.7316637550361,0.5035387550360895,ols
171069,2580500.0,-61.4945705850727,-1.6648044149272962,ols
171073,2580500.0,-62.46248373579125,-1.1087662642087466,ols
171103,2580500.0,-73.60594781424675,1.0871978142467498,ols
171118,2580500.0,-77.01991474127507,-0.13321025872492953,ols
178407,2580500.0,-67.78603503847836,-1.7470899615216382,ols
178419,2580500.0,-75.75298436625415,1.5792343662541555,ols
194226,2580500.0,-72.89576017622733,-0.43486482377267066,ols
194239,2580500.0,-64.31487395838934,2.1242489583893445,ols
194269,2580500.0,-62.64342885051125,0.3678038505112511,ols
200909,2580500.0,-74.23825405235374,-2.5176053226462614,ols
200930,2580500.0,-63.593105104545366,2.281230104545365,ols
200933,2580500.0,-63.289659037879794,2.1159090378797956,ols
200938,2580500.0,-63.23396324083358,0.5577132408335785,ols
200943,2580500.0,-63.20255571199985,0.5694307119998498,ols
200957,2580500.0,-61.784796350328826,-2.1283286496711753,ols
200958,2580500.0,-62.77222952028563,-0.44589547971437327,ols
200964,2580500.0,-67.41181855431157,-1.251306445688428,ols
200966,2580500.0,-68.938949626829,-3.0635503731709974,ols
200972,2580500.0,-72.79705079989274,5.050175799892742,ols
16067,2580501.0,-104.25590268398612,4.918402683986116,ols
66471,2580501.0,-85.30450217060185,3.3432521706018434,ols
66484,2580501.0,-83.53876143779014,4.3606364377901485,ols
66514,2580501.0,-79.61005836497786,2.8350583649778542,ols
66523,2580501.0,-78.13784281990254,5.435967819902544,ols
66531,2580501.0,-76.37912992188083,9.882254921880829,ols
66548,2580501.0,-70.51405425933031,5.439054259330305,ols
66570,2580501.0,-62.331481120352834,3.013981120352831,ols
66576,2580501.0,-59.94630901503753,-0.8286909849624706,ols
66592,2580501.0,-58.09519719022417,-2.071677809775828,ols
66597,2580501.0,-58.028338981703875,-4.182911018296124,ols
66614,2580501.0,-57.00910434841505,-4.224020651584951,ols
66654,2580501.0,-58.66954891916112,-2.7485760808388804,ols
66663,2580501.0,-59.49598698580108,-1.8983880141989147,ols
66690,2580501.0,-59.60394203041677,-1.4598079695832311,ols
66703,2580501.0,-59.60388686687839,-1.4642381331216114,ols
66707,2580501.0,-59.63051982320973,-1.4032301767902666,ols
66722,2580501.0,-59.63051982320973,-0.7838551767902686,ols
66761,2580501.0,-59.630464659671354,-0.8270353403286492,ols
66794,2580501.0,-60.195769568313494,-2.007980431686505,ols
66836,2580501.0,-75.46583134770289,14.364581347702888,ols
66841,2580501.0,-76.58990980204258,12.06240980204258,ols
128767,2580501.0,-95.63496697089366,-0.345658029106346,ols
128818,2580501.0,-89.77936840423733,-12.462506595762662,ols
128873,2580501.0,-85.18965168368827,2.9284016836882643,ols
128947,2580501.0,-72.10854530358557,8.851045303585572,ols
128952,2580501.0,-70.94271908339755,7.200219083397549,ols
128959,2580501.0,-68.18168469295529,3.841059692955284,ols
128962,2580501.0,-66.58834105029838,2.533966050298389,ols
128983,2580501.0,-59.38851738032317,0.11226738032317485,ols
129024,2580501.0,-58.55271254486576,-1.9891624551342346,ols
129036,2580501.0,-58.445684247694906,-2.4093157523050905,ols
129051,2580501.0,-58.445684247694906,-2.3055657523050925,ols
129059,2580501.0,-58.445684247694906,-2.5386907523050937,ols
129069,2580501.0,-58.445684247694906,-2.4036907523050957,ols
129091,2580501.0,-58.44558495332582,-2.678165046674181,ols
129114,2580501.0,-58.445684247694906,-2.268065752305091,ols
129133,2580501.0,-58.44558495332582,-2.3125400466741795,ols
129137,2580501.0,-58.44558495332582,-2.1950400466741797,ols
129160,2580501.0,-58.445684247694906,-2.1218157523050962,ols
129187,2580501.0,-58.4456401168642,-1.8712348831358057,ols
129191,2580501.0,-58.4456401168642,-1.574984883135805,ols
129196,2580501.0,-58.44558495332582,-1.5937900466741795,ols
129218,2580501.0,-63.018896037559756,-3.037978962440249,ols
129225,2580501.0,-64.60067740257155,-5.903697597428447,ols
143499,2580501.0,-92.05159868106713,-5.091526318932864,ols
143513,2580501.0,-91.41064249588644,-3.6212325041135642,ols
143518,2580501.0,-90.93161336127544,-3.6696366387245547,ols
143532,2580501.0,-90.15377437195097,-7.43622562804903,ols
143588,2580501.0,-86.05402019932043,3.6708951993204266,ols
143604,2580501.0,-84.82168881725778,4.011063817257778,ols
143620,2580501.0,-84.14423643508285,1.3804864350828439,ols
143689,2580501.0,-83.8437606415102,-1.7006143584898012,ols
143707,2580501.0,-83.8437606415102,-1.2337393584897995,ols
143718,2580501.0,-83.8437606415102,-1.6893643584897973,ols
143736,2580501.0,-83.8437606415102,-0.3249893584898018,ols
143741,2580501.0,-83.8437606415102,1.6962606415102073,ols
143760,2580501.0,-82.99234452469038,2.8179695246903833,ols
143775,2580501.0,-81.50763995452512,5.306389954525116,ols
143780,2580501.0,-81.06649713807563,5.732122138075638,ols
143793,2580501.0,-79.50012846568806,2.5388784656880574,ols
143808,2580501.0,-76.82313020961858,8.346255209618576,ols
143821,2580501.0,-74.23512177366868,9.378246773668678,ols
143881,2580501.0,-65.14207443367846,1.8520744336784603,ols
143885,2580501.0,-64.73633557616323,1.92133557616323,ols
143889,2580501.0,-64.37203556868137,1.9001605686813718,ols
143897,2580501.0,-63.55396029446028,-0.25478970553972147,ols
143906,2580501.0,-62.13415011084888,0.5329001108488782,ols
143910,2580501.0,-61.65641180303605,1.1589118030360481,ols
143919,2580501.0,-60.33729714238912,0.42292214238911896,ols
143925,2580501.0,-59.43863897129802,-0.33386102870198187,ols
143956,2580501.0,-63.176045925705466,-4.452079074294531,ols
143983,2580501.0,-73.8277059445866,-1.9491690554134067,ols
157867,2580501.0,-95.9982850673923,-3.1505551387932513,ols
157876,2580501.0,-95.5068000058144,-2.7144499941855997,ols
157893,2580501.0,-91.65267803689605,-5.517321963103953,ols
157898,2580501.0,-91.07538057500943,-1.316494424990566,ols
157915,2580501.0,-89.92374241689353,-7.010632583106471,ols
157929,2580501.0,-89.02839405810543,0.5846440581054395,ols
157951,2580501.0,-87.16575305377002,-0.8373719462299789,ols
157966,2580501.0,-85.83142428923703,3.7770492892370413,ols
157975,2580501.0,-85.11649379908464,3.528993799084631,ols
158011,2580501.0,-80.6822720605298,3.1728970605297917,ols
158020,2580501.0,-79.39350837870124,3.9853833787012434,ols
158044,2580501.0,-74.37482895097767,5.382328950977666,ols
158048,2580501.0,-73.41292026677654,6.7510452667765435,ols
158064,2580501.0,-69.61773502226666,4.624610022266651,ols
158091,2580501.0,-57.239941691132884,-3.3125583088671178,ols
158101,2580501.0,-57.316023243270834,-2.975226756729164,ols
158112,2580501.0,-64.33161172775424,-6.327138272245762,ols
158125,2580501.0,-70.28456290694902,-6.549187093050975,ols
158129,2580501.0,-71.7810945397436,-5.207030460256391,ols
158140,2580501.0,-75.26933882398235,12.77121382398235,ols
158151,2580501.0,-77.84753918280774,5.5581641828077295,ols
170307,2580501.0,-96.11941316497386,-2.6486280721395303,ols
170320,2580501.0,-95.5662001039453,-1.4987998960546918,ols
170322,2580501.0,-92.58348551815679,-2.8483894818432134,ols
170343,2580501.0,-91.74481217870347,-2.060812821296537,ols
170371,2580501.0,-90.2771421091909,-6.46285789080909,ols
170382,2580501.0,-89.58522584725192,-4.44602415274808,ols
170397,2580501.0,-88.80992438069308,-1.5713256193069185,ols
170398,2580501.0,-88.54571309725348,-2.7455369027465224,ols
170404,2580501.0,-88.27288526911843,-3.4689897308815603,ols
170417,2580501.0,-87.4200679984237,-2.541807001576302,ols
170431,2580501.0,-86.27066947996614,1.759419479966141,ols
170476,2580501.0,-83.66198574983028,-1.0930142501697162,ols
170490,2580501.0,-83.54389164685979,1.2188916468597881,ols
170531,2580501.0,-83.55153731327967,1.3496623132796657,ols
170560,2580501.0,-83.55107393955726,-0.27392606044274714,ols
170587,2580501.0,-82.68554698961906,6.598671989619049,ols
170592,2580501.0,-82.374645287292,8.672145287291997,ols
170598,2580501.0,-81.62887837918346,6.711378379183458,ols
170602,2580501.0,-81.17383435106143,2.419459351061434,ols
170630,2580501.0,-77.006184895389,7.027434895388993,ols
170638,2580501.0,-75.7507951542822,7.037045154282197,ols
170642,2580501.0,-75.10712492301306,7.7677499230130564,ols
170665,2580501.0,-72.0261530426566,7.227403042656604,ols
170696,2580501.0,-66.22654546745912,2.3890454674591197,ols
170699,2580501.0,-65.34617952569587,0.6199295256958806,ols
170709,2580501.0,-63.83123430378899,1.3756093037889912,ols
170756,2580501.0,-62.81098466139392,0.31598466139391945,ols
170791,2580501.0,-57.07519026739798,-3.5754347326020195,ols
170801,2580501.0,-56.831874932297886,-1.9918750677021109,ols
170828,2580501.0,-62.22230144518504,1.1716764451850423,ols
170839,2580501.0,-61.95783640946887,0.47346140946886806,ols
170845,2580501.0,-61.95783640946887,0.6953364094688652,ols
170866,2580501.0,-61.95783640946887,0.6122114094688698,ols
170885,2580501.0,-61.95783640946887,0.6372114094688683,ols
170892,2580501.0,-61.95783640946887,0.7372114094688698,ols
170905,2580501.0,-61.95783640946887,0.4465864094688712,ols
170967,2580501.0,-63.585811721522674,-1.9785632784773242,ols
170974,2580501.0,-66.1883833316057,-5.309116668394296,ols
170996,2580501.0,-72.60951849376536,-5.727356506234642,ols
171008,2580501.0,-75.77310328920431,8.415603289204313,ols
178226,2580501.0,-96.0411692021313,-4.1160472927140574,ols
178230,2580501.0,-95.76589211289206,-3.4322328871079435,ols
178259,2580501.0,-89.69282784522196,-7.43717215477804,ols
178275,2580501.0,-87.03873349028913,-0.8037665097108686,ols
178303,2580501.0,-80.29821247359911,1.0325874735991079,ols
178311,2580501.0,-77.3093637023424,7.426238702342388,ols
178316,2580501.0,-74.54109185566426,7.394841855664268,ols
178330,2580501.0,-63.58527111884652,1.842771118846521,ols
178348,2580501.0,-57.85558884490343,-2.4419111550965695,ols
178357,2580501.0,-63.83960812891554,-3.9416418710844567,ols
178360,2580501.0,-67.49800986365074,-7.26074013634927,ols
178367,2580501.0,-72.13384330228806,-5.6117816977119475,ols
178368,2580501.0,-73.39835709264341,-5.327267907356585,ols
178370,2580501.0,-74.5721268623586,0.3083768623585996,ols
193987,2580501.0,-92.61473014629696,-3.5358948537030415,ols
193990,2580501.0,-92.17221927409557,-3.9121557259044266,ols
193994,2580501.0,-91.69538564831223,-6.2871143516877765,ols
193998,2580501.0,-91.18732945980405,-2.578920540195952,ols
194010,2580501.0,-89.50363897398334,-5.256361026016663,ols
194024,2580501.0,-87.27962162970037,0.618371629700377,ols
194037,2580501.0,-85.08006379833644,2.9038137983364436,ols
194048,2580501.0,-82.21285062921443,5.491600629214432,ols
194052,2580501.0,-81.09314112711466,2.863141127114659,ols
194059,2580501.0,-79.28110715289188,0.8448571528918762,ols
194061,2580501.0,-78.61155418941341,3.1478041894134066,ols
194063,2580501.0,-77.90099265150094,6.229742651500942,ols
194065,2580501.0,-77.13811401378597,7.359989013785963,ols
194073,2580501.0,-73.50568327292153,8.761933272921524,ols
194093,2580501.0,-66.11939581050382,3.8181458105038146,ols
194095,2580501.0,-66.14679002366485,2.80179002366485,ols
194099,2580501.0,-66.17449315264084,1.7469931526408402,ols
194106,2580501.0,-64.20399639805883,3.403996398058837,ols
194110,2580501.0,-61.26359224621012,1.2298422462101257,ols
194113,2580501.0,-59.580276872450426,-0.4747231275495736,ols
194125,2580501.0,-57.55800362074205,-1.6601213792579514,ols
194127,2580501.0,-58.448905798336476,-1.6542192016635227,ols
194129,2580501.0,-59.30747110973074,-0.5544038902692563,ols
194142,2580501.0,-61.055482281306126,-0.6938927186938741,ols
194147,2580501.0,-61.055482281306126,-0.7288927186938707,ols
194169,2580501.0,-61.055482281306126,-0.768892718693877,ols
194182,2580501.0,-61.055482281306126,-0.7507677186938722,ols
194200,2580501.0,-65.43569891578392,-5.92742608421608,ols
194209,2580501.0,-71.04778355860195,-5.254716441398045,ols
194213,2580501.0,-73.63574786372115,-4.087377136278846,ols
194220,2580501.0,-77.6309450657004,3.326570065700409,ols
200770,2580501.0,-92.2725617504144,-5.419313249585599,ols
200774,2580501.0,-91.841513861489,-6.155986138510997,ols
200785,2580501.0,-90.58805484422562,-7.34069515577437,ols
200798,2580501.0,-88.4751699643692,-1.2510800356307925,ols
200815,2580501.0,-85.55278222415642,4.494657224156413,ols
200830,2580501.0,-81.6102220705023,3.5539720705022972,ols
200836,2580501.0,-79.759551553996,-2.061073446004002,ols
200847,2580501.0,-75.7076241691436,7.800124169143601,ols
200853,2580501.0,-72.32753351825873,7.80922543745065,ols
200868,2580501.0,-59.53774578435707,0.15895790556918854,ols
200883,2580501.0,-59.99977351643841,-2.15710148356159,ols
200889,2580501.0,-66.90662363406108,-6.541501365938927,ols
200895,2580501.0,-72.0565812504287,-5.177948452541585,ols
206855,2580501.0,-95.78614816418633,-1.9282268358136747,ols
206857,2580501.0,-95.62110989005183,-7.07014010994817,ols
206869,2580501.0,-91.67555987261734,-7.371940127382658,ols
206871,2580501.0,-91.47027428087854,-8.452850719121457,ols
206881,2580501.0,-90.31187307295689,-8.733751927043116,ols
206885,2580501.0,-89.76937277108232,-8.615002228917689,ols
206892,2580501.0,-88.59720274398025,-0.5102972560197543,ols
206896,2580501.0,-87.9587289180268,-6.885646081973206,ols
206901,2580501.0,-87.26666923088801,1.6335442308880062,ols
206906,2580501.0,-86.12129765073244,1.7350476507324402,ols
12911,2818312.0,-101.56918766730658,2.120658255541855,ols
12915,2818312.0,-101.2657633256558,4.194334754227242,ols
12938,2818312.0,-99.57459460604963,4.127719606049624,ols
12945,2818312.0,-99.01106214519281,3.7185621451928057,ols
12964,2818312.0,-97.40401864387289,0.00818531053957372,ols
12970,2818312.0,-97.02899412302924,-3.2496517103040787,ols
12973,2818312.0,-96.61856889381801,-3.0195890009188275,ols
12998,2818312.0,-93.19969916608972,-11.422523056132505,ols
13009,2818312.0,-90.55452517697304,-13.084897899950036,ols
13043,2818312.0,-92.30103593158131,-5.445839068418692,ols
13067,2818312.0,-96.317646231809,0.8122114492002908,ols
13096,2818312.0,-99.34886655429304,7.77784382702032,ols
13110,2818312.0,-100.1926869803354,7.663840826489235,ols
13137,2818312.0,-102.02472633449236,8.993476334492357,ols
13146,2818312.0,-102.55234221956101,8.021092219561012,ols
13162,2818312.0,-103.66502941703635,12.334672274179212,ols
13172,2818312.0,-104.43476462512862,16.32762176798576,ols
13192,2818312.0,-105.49941513591276,16.198819897817515,ols
13208,2818312.0,-106.21598826487703,26.947469746358507,ols
13215,2818312.0,-106.39078966299482,28.010981970687126,ols
14954,2818312.0,-87.98765209655535,-11.801699755296482,ols
14976,2818312.0,-91.9018266585467,0.3633651200851773,ols
14996,2818312.0,-91.96536155570158,-1.2385858127194638,ols
15029,2818312.0,-94.31011765630677,4.915380814201512,ols
15032,2818312.0,-94.68157548089842,3.8642677885907233,ols
15047,2818312.0,-95.7361915383079,3.5784534430698045,ols
15094,2818312.0,-99.51025539947557,1.416505399475568,ols
15124,2818312.0,-101.43574996118144,2.442215478422824,ols
15152,2818312.0,-101.8358412010964,1.3120316772868819,ols
15174,2818312.0,-101.8500802512969,1.417788584630216,ols
15178,2818312.0,-101.8500802512969,1.9834135846302416,ols
15181,2818312.0,-101.8500802512969,1.4438302512969017,ols
15193,2818312.0,-101.8500802512969,1.5813302512969045,ols
15228,2818312.0,-101.8500802512969,1.5563302512968988,ols
15247,2818312.0,-101.8500802512969,0.918830251296896,ols
15254,2818312.0,-101.8500802512969,1.5375802512969017,ols
15264,2818312.0,-101.85287591989879,2.0062850108078862,ols
15273,2818312.0,-101.86429711365136,1.6767971136513609,ols
15287,2818312.0,-101.88976876091301,4.00851876091302,ols
15296,2818312.0,-101.91810818727623,3.352483187276235,ols
15300,2818312.0,-101.9322862209001,1.2931733176743023,ols
15309,2818312.0,-101.97170847636366,3.07818995784514,ols
15314,2818312.0,-101.98829943824512,2.6823783856135464,ols
15393,2818312.0,-102.07270755156846,3.5340170753779745,ols
15407,2818312.0,-102.07270755156846,3.666457551568456,ols
15429,2818312.0,-102.07270755156846,3.272707551568459,ols
15433,2818312.0,-102.07270755156846,2.783421837282731,ols
15450,2818312.0,-102.07270755156846,3.072707551568456,ols
15456,2818312.0,-102.07270755156846,2.819582551568459,ols
15474,2818312.0,-102.07270755156846,3.0299443936737163,ols
15496,2818312.0,-102.07270755156846,3.1496306284915363,ols
15528,2818312.0,-102.07270755156846,3.517783309144221,ols
15597,2818312.0,-102.22130510350505,3.7400551035050427,ols
15603,2818312.0,-102.30895264235122,5.1214526423512154,ols
15625,2818312.0,-102.95081929367606,-0.13251403965725217,ols
15696,2818312.0,-104.60247700643448,-3.8918411753837177,ols
15700,2818312.0,-104.71180207086832,-5.363197929131687,ols
15706,2818312.0,-104.8183425606233,-4.526354409073662,ols
15791,2818312.0,-106.1884032252794,-1.8115967747205985,ols
15803,2818312.0,-106.18978996565733,-2.11646003434268,ols
15831,2818312.0,-106.18978996565733,-1.3677100343426787,ols
15867,2818312.0,-106.18978996565733,-1.3908551956329944,ols
15876,2818312.0,-106.18978996565733,-1.3499827616153937,ols
15903,2818312.0,-106.18978996565733,-1.1804023420349807,ols
15927,2818312.0,-106.18978996565733,-1.10658100208461,ols
15947,2818312.0,-106.18978996565733,-1.690891852524473,ols
15965,2818312.0,-106.18978996565733,-2.216460034342674,ols
16031,2818312.0,-106.36955034736657,-7.383739126317636,ols
16039,2818312.0,-106.40134553075156,-8.666836287430243,ols
27504,2818312.0,-102.33049149390109,-4.3020085060989,ols
27509,2818312.0,-102.13873858140357,-5.410011418596426,ols
27513,2818312.0,-101.95040814415879,-2.546466855841217,ols
27522,2818312.0,-101.59490892783627,1.7899089278362652,ols
27525,2818312.0,-101.44114160777079,1.2617666077707952,ols
27543,2818312.0,-100.6029069719707,4.497281971970693,ols
27547,2818312.0,-100.30008724912469,6.079462249124688,ols
27551,2818312.0,-99.96658173519602,5.9647067351960175,ols
27596,2818312.0,-95.19815291255881,3.240652912558815,ols
27622,2818312.0,-92.24095679144823,-6.424668208551779,ols
27701,2818312.0,-89.73225469640359,-13.563995303596414,ols
27707,2818312.0,-88.9342188906787,-15.733281109321311,ols
27711,2818312.0,-88.21886609324699,-15.04925890675301,ols
27713,2818312.0,-87.73792234233768,-12.221452657662311,ols
27719,2818312.0,-87.73819969041327,-9.851175309586736,ols
27727,2818312.0,-88.92850552032165,-9.408994479678356,ols
27735,2818312.0,-90.48083379329029,-7.576041206709718,ols
27745,2818312.0,-92.05514467472973,-5.0192303252702715,ols
27795,2818312.0,-94.6255123408998,4.461137340899796,ols
27801,2818312.0,-95.33789751392274,3.319772513922743,ols
27807,2818312.0,-95.66612232049229,3.8717473204922896,ols
27809,2818312.0,-96.00428728209077,3.779912282090777,ols
27812,2818312.0,-96.37506837737797,5.2106933773779645,ols
27852,2818312.0,-99.59587829736998,2.840878297369983,ols
27860,2818312.0,-100.05574914149638,1.642624141496384,ols
27867,2818312.0,-100.28160477336775,-1.0996452266322478,ols
27877,2818312.0,-100.81465668071783,-1.1153433192821751,ols
27898,2818312.0,-101.36882032358142,1.3350703235814194,ols
27978,2818312.0,-101.47632043767791,0.013195437677907762,ols
27993,2818312.0,-101.47335836023068,-1.2672666397693177,ols
28007,2818312.0,-101.47335836023068,-1.31164163976932,ols
28035,2818312.0,-101.4895998635369,3.490224863536895,ols
28040,2818312.0,-101.59408243057104,1.5659574305710322,ols
28047,2818312.0,-101.6498848633786,1.599259863378606,ols
28074,2818312.0,-102.00228332821607,3.006658328216062,ols
28085,2818312.0,-102.00500688631831,3.313756886318316,ols
28112,2818312.0,-102.00500688631831,2.654381886318319,ols
28124,2818312.0,-102.00500688631831,4.017506886318316,ols
28135,2818312.0,-102.00500688631831,3.7175068863183185,ols
28146,2818312.0,-102.01892975971265,1.9764297597126443,ols
28149,2818312.0,-102.02447117426283,2.8457211742628346,ols
28166,2818312.0,-102.03012907500474,3.7576290750047434,ols
28184,2818312.0,-102.03001258881301,3.607512588813009,ols
28192,2818312.0,-102.03001258881301,3.4875125888130043,ols
28202,2818312.0,-102.03001258881301,3.546887588813007,ols
28238,2818312.0,-102.03001258881301,3.381887588813015,ols
28286,2818312.0,-102.03001258881301,3.5487625888130054,ols
28292,2818312.0,-102.03001258881301,3.6925125888130026,ols
28316,2818312.0,-102.03001258881301,3.6300125888130026,ols
28338,2818312.0,-102.14267692407688,2.724551924076877,ols
28350,2818312.0,-102.40089907636893,2.719649076368924,ols
28355,2818312.0,-102.50961952199799,2.1108695219979836,ols
28356,2818312.0,-102.6214961887272,2.171496188727204,ols
28408,2818312.0,-104.02702967225056,-3.395470327749436,ols
28425,2818312.0,-104.43367742067232,-2.755072579327674,ols
28436,2818312.0,-104.7656630671468,-4.099961932853191,ols
28451,2818312.0,-105.07273730947227,-4.1378876905277195,ols
28463,2818312.0,-105.34823269991173,-3.771142300088272,ols
28495,2818312.0,-105.7094064578607,-1.2712185421393087,ols
28511,2818312.0,-105.70609492183821,-1.1795300781617897,ols
28524,2818312.0,-105.70443638034622,-0.6855636196537773,ols
28575,2818312.0,-105.70443638034622,-0.18056361965378187,ols
28595,2818312.0,-105.70443638034622,-0.511813619653779,ols
28618,2818312.0,-105.70443638034622,-0.3843136196537813,ols
28626,2818312.0,-105.70443638034622,-0.4993136196537762,ols
28631,2818312.0,-105.70443638034622,-0.39556361965377107,ols
28637,2818312.0,-105.70443638034622,-0.38681361965377903,ols
28679,2818312.0,-105.70443638034622,-2.3730636196537773,ols
28688,2818312.0,-105.73378535370456,0.13566035370456575,ols
28698,2818312.0,-105.79571163202104,0.19508663202104515,ols
28702,2818312.0,-105.81381691439518,-0.0999330856048175,ols
28709,2818312.0,-105.84453044028538,2.212030440285389,ols
28745,2818312.0,-105.91114944804076,-1.459475551959244,ols
28748,2818312.0,-105.93753079699033,-3.346844203009667,ols
28778,2818312.0,-106.07803533208137,-1.5707146679186366,ols
28787,2818312.0,-106.08648890142518,-0.07476109857481106,ols
28788,2818312.0,-106.0891514429508,1.3347764429507976,ols
28807,2818312.0,-106.0918139844764,1.4618139844764073,ols
28846,2818312.0,-106.08962293467928,1.3502479346792882,ols
28886,2818312.0,-106.09103186290325,1.073531862903252,ols
28898,2818312.0,-106.09103186290325,1.4210318629032486,ols
28902,2818312.0,-106.09103186290325,1.4135318629032554,ols
28915,2818312.0,-106.09119272478709,1.1418177247870887,ols
28953,2818312.0,-106.09119272478709,-2.240057275212905,ols
28958,2818312.0,-106.09119272478709,0.6474427247870977,ols
28975,2818312.0,-106.15326877106438,-2.97673122893562,ols
28981,2818312.0,-106.18207414219457,-3.050425857805436,ols
28988,2818312.0,-106.18576841856135,-1.734856581438649,ols
28992,2818312.0,-106.18807595455021,-2.418799045449788,ols
29076,2818312.0,-106.20896581160324,-2.564159188396758,ols
29105,2818312.0,-106.21309275096792,-2.617532249032081,ols
29116,2818312.0,-106.21309275096792,-2.2450322490320787,ols
29144,2818312.0,-106.21461816538363,-2.6885068346163763,ols
29160,2818312.0,-106.21461816538363,-2.0510068346163735,ols
29170,2818312.0,-106.21461816538363,-2.675381834616374,ols
29222,2818312.0,-106.34386791556746,-5.291132084432547,ols
29224,2818312.0,-106.36321571732023,-7.3067842826797715,ols
45469,2818312.0,-104.89954453019288,5.073294530192882,ols
45520,2818312.0,-104.50064034004143,1.7575153400414223,ols
45541,2818312.0,-104.33514119637873,1.2763911963787251,ols
45583,2818312.0,-103.71144639096616,-1.378553609033844,ols
45589,2818312.0,-103.61233882963684,-1.0889111703631613,ols
45617,2818312.0,-103.05020420308097,-1.4722957969190276,ols
45635,2818312.0,-102.46211534361191,-0.3516346563880859,ols
45958,2818312.0,-102.75299800528478,-7.284501994715214,ols
45972,2818312.0,-103.3947093416873,-11.861540658312691,ols
45981,2818312.0,-103.68345642317817,-10.04904357682183,ols
64815,2818312.0,-101.50980189736245,0.7035518973624448,ols
64831,2818312.0,-100.42242548526494,3.324300485264942,ols
64835,2818312.0,-100.10014147447441,2.7832664744744164,ols
64856,2818312.0,-97.75930707565797,2.3524320756579726,ols
64874,2818312.0,-95.79292586064945,-0.8333241393505517,ols
64917,2818312.0,-93.83672332001488,1.374848320014877,ols
64955,2818312.0,-92.94326868236594,0.47264368236594123,ols
64965,2818312.0,-91.75466576964165,0.47529076964164574,ols
64995,2818312.0,-88.907077608002,-2.668547391998004,ols
64996,2818312.0,-88.68593689341557,-5.200938106584431,ols
65017,2818312.0,-88.98412490339933,-1.5758750966006687,ols
65058,2818312.0,-93.54245146485837,4.666201464858375,ols
65062,2818312.0,-94.0257249396026,0.3107249396025935,ols
65086,2818312.0,-96.13270498804783,3.2977049880478404,ols
65118,2818312.0,-98.21421893619292,5.4148439361929235,ols
65123,2818312.0,-98.48191529874694,4.726290298746946,ols
65136,2818312.0,-99.47674620498347,8.855496204983467,ols
65166,2818312.0,-100.97682764747353,0.9149526474735268,ols
65180,2818312.0,-101.66212146047337,1.3683714604733694,ols
65206,2818312.0,-102.50560352186353,-4.303771478136468,ols
65227,2818312.0,-102.96822011193822,-8.40427988806178,ols
65236,2818312.0,-103.22999231959776,-9.878757680402245,ols
65267,2818312.0,-103.63764961501467,-10.99110038498533,ols
89667,2818312.0,-95.68661279631645,-3.536512203683543,ols
89706,2818312.0,-90.21809641432772,3.5087214143277237,ols
89723,2818312.0,-94.1765190882978,10.909644088297796,ols
89730,2818312.0,-95.72594630039583,7.0346963003958365,ols
89739,2818312.0,-96.96555352422008,3.904303524220083,ols
89763,2818312.0,-99.34059603467912,4.35997103467912,ols
89791,2818312.0,-100.90548817547172,2.538613175471724,ols
89800,2818312.0,-101.167376869323,2.1467518693229977,ols
89822,2818312.0,-101.38506737384915,1.683817373849152,ols
89827,2818312.0,-101.42867758525404,1.9968025852540308,ols
89846,2818312.0,-101.59280108246183,-0.07469891753817137,ols
89849,2818312.0,-101.61543268542951,0.25543268542951125,ols
89855,2818312.0,-101.6380143657436,0.48238936574360025,ols
89863,2818312.0,-101.68387664352221,1.2770016435222118,ols
89880,2818312.0,-101.77981688982837,0.13669188982837,ols
89922,2818312.0,-101.79376749803025,-1.69185750196975,ols
89950,2818312.0,-101.83392749937487,-0.4391975006251272,ols
89988,2818312.0,-102.20238441778866,-4.931365582211342,ols
89994,2818312.0,-102.20708269418907,-5.055417305810934,ols
101805,2818312.0,-103.70520605926549,-2.220418940734504,ols
101820,2818312.0,-103.10460325462608,1.3671032546260875,ols
101860,2818312.0,-100.74731656796595,2.0379415679659587,ols
101887,2818312.0,-98.33773312817365,3.3996081281736537,ols
101898,2818312.0,-97.39674103036955,2.846116030369558,ols
101905,2818312.0,-97.20576469248368,1.4626396924836769,ols
101911,2818312.0,-96.96877630885837,2.7612763088583705,ols
101931,2818312.0,-96.1562296518189,-0.4831453481810968,ols
102034,2818312.0,-92.71033512760567,-1.088414872394324,ols
102048,2818312.0,-92.18533186140903,-0.7240431385909716,ols
102064,2818312.0,-91.28570900255909,2.062584002559092,ols
102073,2818312.0,-90.977392240855,-1.4326077591450002,ols
102076,2818312.0,-90.84246794904472,0.5480929490447153,ols
102083,2818312.0,-90.69962259619575,-0.7835024038042491,ols
102102,2818312.0,-90.14616341744417,-1.4213365825558242,ols
102117,2818312.0,-89.48108273219289,-4.13016726780711,ols
102121,2818312.0,-89.30604836169161,-1.9133266383083907,ols
102135,2818312.0,-88.91072196171518,2.66384696171518,ols
102191,2818312.0,-95.18996005040604,-1.2142952687428732,ols
114559,2818312.0,-102.6891746661313,2.7710496661312902,ols
114587,2818312.0,-101.53875148949194,0.7037514894919497,ols
114595,2818312.0,-101.2710828617455,1.582332861745499,ols
114632,2818312.0,-99.4317714410467,5.627396441046713,ols
114644,2818312.0,-98.44710256829958,3.8208525682995855,ols
114645,2818312.0,-98.06343588142073,3.0890608814207354,ols
114668,2818312.0,-95.7123118690001,-1.7076881309998981,ols
114711,2818312.0,-89.10396700685934,-2.940407993140667,ols
114740,2818312.0,-91.61841575403008,2.685915754030077,ols
114765,2818312.0,-95.37502887428198,-4.927471125718014,ols
114772,2818312.0,-95.79420720875865,-2.084542791241347,ols
114788,2818312.0,-97.11765120887054,2.9539012088705476,ols
114790,2818312.0,-97.39017342793971,1.5051734279397095,ols
114797,2818312.0,-97.89700484822407,-1.2592451517759287,ols
114827,2818312.0,-99.37122635614665,5.328726356146646,ols
114839,2818312.0,-99.82776902336605,1.8652690233660394,ols
114846,2818312.0,-100.11733705516065,3.6198370551606445,ols
114863,2818312.0,-100.66405667567554,-0.3840683243244598,ols
114883,2818312.0,-101.15723147671812,-0.9952685232818794,ols
114916,2818312.0,-101.34923400248366,0.2692340024836568,ols
114932,2818312.0,-101.40627340770834,2.6593984077083377,ols
114935,2818312.0,-101.42694138630088,0.016941386300885597,ols
114941,2818312.0,-101.47507237133779,-0.043677628662209145,ols
114978,2818312.0,-101.77715434830274,0.2690293483027375,ols
114981,2818312.0,-101.83723903539735,-2.1546359646026474,ols
115030,2818312.0,-102.94814011126593,-7.06935988873407,ols
115042,2818312.0,-103.26548732631105,-7.385137673688959,ols
115051,2818312.0,-103.43195718823829,-12.684579270095028,ols
127544,2818312.0,-103.1495114550247,-12.309265140719987,ols
141939,2818312.0,-95.30529247415704,-2.7765825258429544,ols
141967,2818312.0,-94.09251590316481,0.1181409031648144,ols
141972,2818312.0,-93.82958992751085,-0.3735350724891475,ols
141986,2818312.0,-92.74539747132104,-1.4408525286789597,ols
141991,2818312.0,-92.50119803773055,0.36744803773054,ols
142022,2818312.0,-90.31017042846021,2.080795428460206,ols
142030,2818312.0,-89.85369432477896,2.817444324778961,ols
142034,2818312.0,-89.61859190806761,-1.20015809193238,ols
142121,2818312.0,-94.50921474584577,2.431714745845767,ols
142125,2818312.0,-94.90711493596362,2.162114935963615,ols
142142,2818312.0,-96.77656854551691,0.9165685455169097,ols
142182,2818312.0,-99.40147393726987,5.972723937269876,ols
142187,2818312.0,-99.57000726887946,10.60750726887946,ols
142203,2818312.0,-100.12930185114135,1.9568018511413499,ols
142212,2818312.0,-100.36526959384852,0.9571445938485255,ols
142215,2818312.0,-100.46613554197702,0.9498855419770251,ols
142220,2818312.0,-100.54227313568646,-0.07210186431353804,ols
142225,2818312.0,-100.59984504921624,-0.7470299507837552,ols
142278,2818312.0,-100.89885955646525,1.520734556465257,ols
142306,2818312.0,-100.89885955646525,2.1363595564652513,ols
142310,2818312.0,-100.89885955646525,2.327609556465248,ols
142323,2818312.0,-100.97452011148465,1.044520111484644,ols
142330,2818312.0,-101.06302742936514,1.0211524293651308,ols
142336,2818312.0,-101.10965518783237,0.5640301878323726,ols
142353,2818312.0,-101.31387766980816,0.2620026698081688,ols
142415,2818312.0,-101.60138223192041,-1.7186177680795822,ols
142418,2818312.0,-101.60138223192041,-1.8367427680795885,ols
142423,2818312.0,-101.60138223192041,-1.6636177680795896,ols
142431,2818312.0,-101.60138223192041,-0.11549276807959075,ols
142461,2818312.0,-101.62927235440117,2.689897354401168,ols
142465,2818312.0,-101.62927235440117,2.776147354401161,ols
142562,2818312.0,-102.64573086357177,-5.598019136428235,ols
142600,2818312.0,-103.11096007251848,-9.090289927481521,ols
168962,2818312.0,-103.56729195520043,-2.897708044799572,ols
168995,2818312.0,-101.83485384194731,-2.6376461580526893,ols
169036,2818312.0,-98.65949017762057,1.0538651776205654,ols
169079,2818312.0,-91.35340412084773,-0.21659587915226552,ols
169132,2818312.0,-93.83262966241927,2.4638796624192594,ols
169178,2818312.0,-98.76449970599832,4.151374705998322,ols
169232,2818312.0,-101.45349469105733,-1.368380308942676,ols
169248,2818312.0,-102.07884249100039,-4.419907508999614,ols
200186,2818312.0,-88.4788632732228,-4.659886726777202,ols
200187,2818312.0,-88.55986555217795,-3.004509447822045,ols
200189,2818312.0,-88.74065212176686,-4.308097878233141,ols
200191,2818312.0,-88.92635329925511,-5.513646700744886,ols
200204,2818312.0,-91.65012773299239,-2.709247267007612,ols
200206,2818312.0,-92.05514467472973,-3.921730325270275,ols
200215,2818312.0,-94.25761011863716,10.546985118637167,ols
200236,2818312.0,-99.38351842285655,8.006643422856556,ols
200238,2818312.0,-99.82378075803913,3.0550307580391376,ols
200240,2818312.0,-100.23970857306998,1.8459585730699786,ols
200255,2818312.0,-102.46355755360494,-4.945817446395054,ols
200270,2818312.0,-103.70213858954955,-10.291611410450457,ols
13230,2818314.0,-86.1857544971633,6.035754497163296,ols
13290,2818314.0,-85.6599530902416,7.388078090241606,ols
13304,2818314.0,-90.20554927884024,4.525549278840231,ols
13308,2818314.0,-91.08633538793795,4.5013353879379565,ols
13312,2818314.0,-91.89483821943152,3.624838219431524,ols
13317,2818314.0,-92.63928145991139,5.123031459911388,ols
13367,2818314.0,-98.95386626583125,-0.056133734168753335,ols
13392,2818314.0,-101.42328764987265,-1.1404623501273505,ols
13422,2818314.0,-103.3064497800517,-0.08980021994830167,ols
13465,2818314.0,-105.62233573386541,-3.034539266134587,ols
13480,2818314.0,-106.36093279369467,-3.4746922063053205,ols
13551,2818314.0,-109.08789662154143,-1.248978378458574,ols
13571,2818314.0,-109.74372453801689,-3.9056504619831145,ols
13578,2818314.0,-109.99034642282243,-2.360278577177567,ols
13593,2818314.0,-110.47146313788207,-1.0822868621179254,ols
13599,2818314.0,-110.58993035549692,-1.5331946445030837,ols
13610,2818314.0,-110.93915758993053,-1.7289674100694725,ols
13633,2818314.0,-111.59057647486829,-1.8969235251317116,ols
45690,2818323.0,-101.20469923191496,4.537116814332535,ols
45735,2818323.0,-97.41437634655767,-0.5049986534423283,ols
45766,2818323.0,-93.54359359578899,-1.0964064042110095,ols
45789,2818323.0,-91.00408599187796,-1.7415390081220465,ols
45796,2818323.0,-91.64314943467426,0.06064943467426076,ols
45810,2818323.0,-93.29195960593331,3.5588346059333134,ols
45860,2818323.0,-98.49893901047872,3.0014390104787196,ols
45896,2818323.0,-100.77454648343601,1.7482964834360075,ols
45906,2818323.0,-101.19157019663737,-0.5284298033626271,ols
45909,2818323.0,-101.40189061923635,0.023140619236357907,ols
45917,2818323.0,-101.81600958982187,1.3703845898218674,ols
45922,2818323.0,-102.0205957795885,0.1474707795885024,ols
45925,2818323.0,-102.22106817152266,1.8073181715226667,ols
45948,2818323.0,-103.3506167197899,-7.1117412347555415,ols
127149,2818323.0,-102.35263444976273,3.0351344497627366,ols
127175,2818323.0,-100.87826937390744,8.234519373907446,ols
127190,2818323.0,-99.69025472815271,4.1921297281527075,ols
127197,2818323.0,-99.3647881008572,3.3910381008572017,ols
127200,2818323.0,-99.03846359620883,3.1372135962088237,ols
127203,2818323.0,-98.70463391892949,1.9833839189294906,ols
127207,2818323.0,-98.38549351000808,0.2273685100080769,ols
127210,2818323.0,-98.08077146080687,1.462646460806866,ols
127222,2818323.0,-97.22608480966898,1.1345444056285743,ols
127244,2818323.0,-96.1753807086399,0.46725570863991095,ols
127283,2818323.0,-94.1287311691934,1.6524811691934076,ols
127288,2818323.0,-93.87010873984912,-0.42801626015088345,ols
127300,2818323.0,-93.04975223330597,-3.7414977666940388,ols
127321,2818323.0,-91.67920536762799,-1.61079463237202,ols
127346,2818323.0,-91.13266725827617,0.6689172582761671,ols
127366,2818323.0,-93.27897605862788,-5.783523941372124,ols
127370,2818323.0,-93.80599369558189,-5.02275630441811,ols
127384,2818323.0,-95.41702214552822,2.015772145528217,ols
127408,2818323.0,-98.18867336785692,-2.416951632143082,ols
127442,2818323.0,-101.0504217795436,-0.4420782204564091,ols
127460,2818323.0,-101.76927283298357,1.029897832983579,ols
127471,2818323.0,-102.2152938040773,1.7127938040773074,ols
127476,2818323.0,-102.35687366826085,0.6399986682608443,ols
127485,2818323.0,-102.61882225365748,0.21821984401891825,ols
141552,2818323.0,-106.32356811044586,-0.4458068895541345,ols
141562,2818323.0,-105.95710899279766,0.25210899279765897,ols
141568,2818323.0,-105.84564513884388,-0.19685486115612605,ols
141581,2818323.0,-105.59177866114007,5.48052866114007,ols
141592,2818323.0,-105.4280194064475,2.239269406447505,ols
141596,2818323.0,-105.37667720276748,1.1829272027674875,ols
141602,2818323.0,-105.28132739593313,2.6519523959331366,ols
141630,2818323.0,-105.10869337494098,2.824943374940986,ols
141642,2818323.0,-105.06914071382965,-0.12960928617034995,ols
141653,2818323.0,-105.02218321661985,1.2978082166198561,ols
141672,2818323.0,-104.85715972161779,2.112159721617786,ols
141674,2818323.0,-104.83363582157327,1.2573858215732656,ols
141687,2818323.0,-104.77280178191877,2.203426781918779,ols
141723,2818323.0,-104.27713931137086,-4.069110688629138,ols
141749,2818323.0,-104.02173266789319,-3.442017332106815,ols
141750,2818323.0,-104.01916906948783,-3.238330930512163,ols
141766,2818323.0,-104.03289510713377,-2.7583548928662367,ols
141788,2818323.0,-103.91976064991388,1.2797606499138823,ols
141804,2818323.0,-103.61881125433464,6.815686254334651,ols
141815,2818323.0,-103.29981131655873,-7.887063683441269,ols
141832,2818323.0,-102.77316492477496,-3.2074600752250433,ols
141843,2818323.0,-102.40291810302489,2.15041810302489,ols
141859,2818323.0,-101.73819860886844,3.496323608868451,ols
156355,2818323.0,-93.04301463514861,0.19613963514861155,ols
156361,2818323.0,-93.11879881814554,0.5037988181455404,ols
156369,2818323.0,-93.33488357453663,0.6567585745366387,ols
156378,2818323.0,-93.75321166266049,-0.8324133373395028,ols
156403,2818323.0,-94.89975721953316,0.9041322195331531,ols
156434,2818323.0,-96.036374476515,-4.107294354653831,ols
156481,2818323.0,-96.23123805628242,-1.2968869437175812,ols
156499,2818323.0,-96.23123805628242,-1.5443869437175834,ols
156553,2818323.0,-97.38960827351016,-2.1903917264898354,ols
156554,2818323.0,-97.60555757558237,-1.4088174244176344,ols
156567,2818323.0,-98.21754520508367,-1.1218297949163372,ols
156571,2818323.0,-98.38423930335185,-4.11826069664815,ols
156604,2818323.0,-99.41963204952148,0.5665070495214763,ols
156629,2818323.0,-100.07384630872522,2.6008733357522686,ols
156644,2818323.0,-100.55816573427404,0.21254073427404307,ols
156670,2818323.0,-101.63506268711214,0.815062687112146,ols
156674,2818323.0,-101.81375703466725,0.5925070346672499,ols
156702,2818323.0,-103.01786566023492,-5.773384339765087,ols
177668,2818323.0,-106.12148030033846,-2.323595457237303,ols
177670,2818323.0,-105.95821269465515,-1.7305373053448534,ols
177673,2818323.0,-105.7905403151951,2.321790315195102,ols
177684,2818323.0,-104.83900884288863,-1.9578661571113685,ols
177692,2818323.0,-104.18484475195113,-4.535780248048866,ols
177702,2818323.0,-103.22830146984629,-9.367323530153712,ols
177704,2818323.0,-103.0084189757001,-4.534081024299908,ols
177708,2818323.0,-102.54725722185216,0.6941322218521577,ols
177710,2818323.0,-102.29986245049457,1.4973624504945775,ols
177712,2818323.0,-102.0439340570479,0.654559057047905,ols
177715,2818323.0,-101.78894381018011,1.3014438101801176,ols
177720,2818323.0,-101.00912326276678,2.071623262766778,ols
177723,2818323.0,-100.73558580786641,2.4630858078664204,ols
177724,2818323.0,-100.45352978135686,2.846654781356861,ols
177746,2818323.0,-95.89291831917372,3.1966683191737104,ols
177755,2818323.0,-92.94094729746342,0.7146972974634309,ols
177760,2818323.0,-91.31153217793654,0.5515321779365365,ols
177786,2818323.0,-98.94782960640197,-0.17467039359803493,ols
177805,2818323.0,-101.82773893047107,-3.4935110695289353,ols
177806,2818323.0,-102.07509858404228,-1.0792764159577217,ols
177809,2818323.0,-102.31195300266077,-1.9930469973392348,ols
177815,2818323.0,-102.98543689293106,-7.797688107068936,ols
193486,2818323.0,-95.83327326742935,-0.8292267325706462,ols
193493,2818323.0,-96.32245399797779,-0.13442100202220786,ols
193501,2818323.0,-96.99196957838771,-1.5230304216122903,ols
193520,2818323.0,-99.5779028958863,-0.10897210411370395,ols
193534,2818323.0,-101.2388337202713,-0.7392912797287039,ols
193546,2818323.0,-102.48019730035607,0.03644730035607324,ols
200121,2818323.0,-105.61995817629258,2.8374581762925857,ols
200127,2818323.0,-104.85424494534868,0.6886199453486768,ols
200137,2818323.0,-103.53241648302588,1.0524164830258798,ols
200139,2818323.0,-103.21734973732396,-9.40015026267605,ols
200145,2818323.0,-102.05461488093249,2.6783648809324916,ols
200149,2818323.0,-101.1223229387328,0.1766979387327865,ols
200152,2818323.0,-100.38741302326628,3.4430380232662827,ols
200154,2818323.0,-99.88183228648077,1.4580822864807743,ols
200162,2818323.0,-97.66484141580975,-0.9957835841902494,ols
200165,2818323.0,-96.65686562714562,2.2137406271456257,ols
200168,2818323.0,-95.55330424079577,2.4976792407957618,ols
200170,2818323.0,-94.81281561412227,-0.2840593858777254,ols
200172,2818323.0,-94.23161123279185,0.32223623279185176,ols
200176,2818323.0,-93.53744296634677,-4.515057033653221,ols
200177,2818323.0,-93.4356415204727,-4.785608479527298,ols
200179,2818323.0,-93.24024615708302,-5.801628842916983,ols
200181,2818323.0,-92.92090005827,-4.646599941729988,ols
206248,2818323.0,-105.1989761868841,-0.24352381311589966,ols
206256,2818323.0,-104.43916776087781,-4.854582239122195,ols
206271,2818323.0,-103.00902099489508,-5.460979005104917,ols
206307,2818323.0,-95.99557764240066,-1.8906723575993425,ols
206314,2818323.0,-92.44111082716353,-2.547639172836469,ols
206321,2818323.0,-91.34380542361502,0.19193042361501966,ols
206325,2818323.0,-93.20584076008893,3.455215760088933,ols
206328,2818323.0,-95.21051451116423,3.863639511164237,ols
206331,2818323.0,-96.0817466565113,1.8661216565112966,ols
206340,2818323.0,-99.3048972246082,4.3617722246082025,ols
206344,2818323.0,-100.2204781173201,4.564853117320098,ols
206346,2818323.0,-100.6235901702904,2.8410901702904,ols
206349,2818323.0,-100.99464470112707,0.21026970112707488,ols
206358,2818323.0,-102.54441268115579,-1.4862123188442098,ols
7828,2819850.0,-83.47814552021528,-1.032479479784726,ols
7942,2819850.0,-83.47803407695602,-0.6138409230439805,ols
7977,2819850.0,-84.28781967420198,-0.37030532579801445,ols
8261,2819850.0,-68.83384555409168,2.686970554091687,ols
8282,2819850.0,-69.763803268658,3.9044282686579947,ols
8296,2819850.0,-66.00954162669271,0.3557916266927066,ols
8302,2819850.0,-66.08907323823969,1.3446982382396868,ols
8319,2819850.0,-66.63033759818128,1.712837598181281,ols
8324,2819850.0,-70.91676412838545,2.571139128385454,ols
8336,2819850.0,-70.86113580009516,2.438635800095156,ols
8355,2819850.0,-67.65392579244121,-7.576699207558789,ols
8381,2819850.0,-79.35878280243753,-0.7643421975624705,ols
8385,2819850.0,-78.79722281079441,-1.6584021892055887,ols
8395,2819850.0,-79.43606999857734,-1.5176800014226615,ols
8401,2819850.0,-79.42338101724538,-1.6097439827546225,ols
8409,2819850.0,-78.78294252338856,-3.0601824766114447,ols
8415,2819850.0,-78.78294252338856,-1.9658074766114453,ols
8422,2819850.0,-78.78294252338856,-3.043307476611446,ols
22127,2819850.0,-82.92657654634887,1.7640765463488748,ols
22138,2819850.0,-82.94310902427301,-3.0231409757269887,ols
22143,2819850.0,-82.9677846352333,-1.7672153647666988,ols
22162,2819850.0,-82.89605664353735,-1.506443356462654,ols
22165,2819850.0,-84.29498832664567,-0.6037616733543416,ols
22170,2819850.0,-84.29212967746078,-0.9222453225392258,ols
22199,2819850.0,-84.29370024990506,-0.2737997500949376,ols
22210,2819850.0,-84.29370024990506,-0.5775497500949456,ols
22222,2819850.0,-84.29370024990506,-0.671924750094945,ols
22234,2819850.0,-84.29370024990506,-0.2087997500949399,ols
22248,2819850.0,-84.29370024990506,-0.30942475009494785,ols
22279,2819850.0,-84.29370024990506,-0.437549750094945,ols
22286,2819850.0,-84.29370024990506,-0.4119247500949399,ols
22311,2819850.0,-84.29370024990506,-0.573799750094949,ols
22397,2819850.0,-84.75414492155907,11.796644921559079,ols
22457,2819850.0,-81.65250796426412,9.413757964264121,ols
22483,2819850.0,-81.65250796426412,13.205632964264112,ols
22547,2819850.0,-77.09796709423702,9.02109209423702,ols
22550,2819850.0,-77.50421664974874,9.08359164974874,ols
22552,2819850.0,-77.4932096841203,9.175084684120307,ols
22571,2819850.0,-72.81088227129219,4.4546322712921835,ols
22586,2819850.0,-69.06006759525245,1.65194259525245,ols
22644,2819850.0,-70.50118962294881,1.4568146229488121,ols
22668,2819850.0,-70.50118962294881,1.4386896229488144,ols
22719,2819850.0,-70.50059353109702,1.6230935310970267,ols
22721,2819850.0,-70.50160947894877,1.5416094789487715,ols
22730,2819850.0,-70.50131402472658,1.8456890247265818,ols
22742,2819850.0,-70.28560134208318,2.734351342083187,ols
22750,2819850.0,-65.51831269844942,-0.5954373015505752,ols
22767,2819850.0,-66.00826391676692,-0.12298608323307292,ols
22778,2819850.0,-66.08485653631422,-0.09139346368577606,ols
22826,2819850.0,-66.09505489038719,0.16505489038718224,ols
22873,2819850.0,-66.09505489038719,0.04755489038718963,ols
22879,2819850.0,-66.09505489038719,0.050054890387187356,ols
22923,2819850.0,-66.09505489038719,-0.18244510961281435,ols
22931,2819850.0,-66.0950626654983,-0.011812334501698274,ols
22947,2819850.0,-66.09505489038719,-0.12057010961281378,ols
22978,2819850.0,-66.51086783256454,1.9227428325645377,ols
23019,2819850.0,-66.59095925211146,1.1878342521114575,ols
23021,2819850.0,-71.01090776541233,4.186532765412323,ols
23033,2819850.0,-70.71752431448103,0.157524314481023,ols
23060,2819850.0,-67.94141311744723,-9.98483688255277,ols
23106,2819850.0,-83.35127644052525,-1.5805985594747511,ols
36969,2819850.0,-83.96211767808899,-2.404132321911007,ols
37227,2819850.0,-82.96193515997469,-3.085564840025313,ols
37275,2819850.0,-84.3612530069348,-2.2937469930651986,ols
37298,2819850.0,-84.36073466619412,-2.2411403338058875,ols
37314,2819850.0,-84.36073466619412,-2.0605153338058813,ols
37356,2819850.0,-84.35969280130534,-1.9859321986946554,ols
37468,2819850.0,-82.12761908717582,12.52574408717581,ols
37501,2819850.0,-77.04295040802074,8.119200408020745,ols
37541,2819850.0,-72.53723205235875,4.264732052358752,ols
37564,2819850.0,-70.09159676965967,2.155971769659672,ols
37623,2819850.0,-65.78842005842027,-2.157204941579735,ols
37650,2819850.0,-65.80475815856666,-2.080866841433348,ols
37656,2819850.0,-65.78839154967955,-2.1753584503204593,ols
37669,2819850.0,-65.7884356086425,-1.6978143913574968,ols
37678,2819850.0,-65.80476852538148,-2.5883564746185215,ols
37686,2819850.0,-65.7884382003462,-0.9021867996537907,ols
37689,2819850.0,-65.79826594078958,-1.6892340592104205,ols
37717,2819850.0,-65.7959334074565,-1.8046915925434917,ols
37752,2819850.0,-66.23370067170556,0.8980756717055698,ols
37772,2819850.0,-66.61282545625724,1.137200456257247,ols
37803,2819850.0,-66.69090830543401,1.309658305434013,ols
37855,2819850.0,-66.66646853951072,1.3818940714256058,ols
37864,2819850.0,-66.67717745921327,1.2478024592132755,ols
37932,2819850.0,-66.80626503727342,1.3356400372734214,ols
37953,2819850.0,-66.80626503727342,1.694390037273422,ols
37955,2819850.0,-66.80625985386601,1.3793848538660143,ols
37968,2819850.0,-66.87032417771094,1.016574177710936,ols
37984,2819850.0,-67.18908299960248,0.5515829996024735,ols
37995,2819850.0,-66.94188111696249,0.6500061169624871,ols
38049,2819850.0,-70.96540781519502,1.0479078151950176,ols
38061,2819850.0,-67.52174112845547,-7.212008871544526,ols
38068,2819850.0,-67.53729394237972,-8.021456057620284,ols
38086,2819850.0,-71.71643171437324,-7.35794328562676,ols
38088,2819850.0,-71.73803356474129,-6.616966435258718,ols
38094,2819850.0,-71.77984033718121,-6.705159662818787,ols
38114,2819850.0,-79.0812735366897,-0.3924764633103024,ols
38118,2819850.0,-78.67441752251138,-2.0537074774886293,ols
53046,2819850.0,-83.44088200436745,1.2227570043674518,ols
53054,2819850.0,-83.44088200436745,1.1983820043674456,ols
53064,2819850.0,-83.44088200436745,1.157757004367454,ols
53105,2819850.0,-83.44088200436745,1.1196320043674461,ols
53115,2819850.0,-83.44088200436745,1.1465070043674501,ols
53126,2819850.0,-83.44088200436745,1.1658820043674467,ols
53157,2819850.0,-83.44088200436745,1.1683820043674586,ols
53162,2819850.0,-83.44088200436745,1.2321320043674575,ols
53172,2819850.0,-83.44088200436745,-0.1822429956325493,ols
53201,2819850.0,-82.91955302931258,-1.5985719706874164,ols
53204,2819850.0,-83.88982987839307,-0.463295121606933,ols
53462,2819850.0,-84.33774107093734,12.048366070937334,ols
53475,2819850.0,-75.82763834059631,6.182638340596313,ols
53478,2819850.0,-75.89773874236653,6.660238742366531,ols
53530,2819850.0,-73.04336846030414,3.6489934603041405,ols
53548,2819850.0,-72.2418503978721,3.6893503978721043,ols
53558,2819850.0,-70.20323959009207,2.791989590092072,ols
53562,2819850.0,-70.67229390144887,3.9810439014488708,ols
53575,2819850.0,-65.8772247858181,-0.13465021418190304,ols
53600,2819850.0,-65.93463361455265,-1.1078663854473518,ols
53679,2819850.0,-65.88308462789155,-0.7156653721084467,ols
53698,2819850.0,-65.93463361455265,-0.6928663854473456,ols
53757,2819850.0,-65.93463879796005,-0.4759862020399481,ols
53760,2819850.0,-65.93463361455265,0.27213361455265783,ols
53775,2819850.0,-66.48907678782615,1.2834517878261522,ols
53781,2819850.0,-66.63448950751417,-0.13551049248582103,ols
53782,2819850.0,-66.58588728796386,0.16026228796386022,ols
53839,2819850.0,-70.95793593341804,2.122310933418049,ols
53846,2819850.0,-72.69177793589763,2.677402935897632,ols
53852,2819850.0,-67.4638606096469,-7.021764390353098,ols
53865,2819850.0,-71.33709181841417,-7.1335331815858325,ols
53868,2819850.0,-71.81082156325195,-7.554803436748045,ols
53873,2819850.0,-71.88047619198517,-8.793273808014831,ols
53885,2819850.0,-78.90435865848656,-2.774391341513436,ols
53906,2819850.0,-84.8275056865882,-1.5099943134118092,ols
72029,2819850.0,-82.9052675584993,-3.469732441500696,ols
72036,2819850.0,-82.90389913894391,-3.376100861056088,ols
72041,2819850.0,-82.90537900175856,-3.4208709982414405,ols
72068,2819850.0,-82.90537900175856,-2.8002459982414365,ols
72112,2819850.0,-82.90402094901796,-2.803479050982034,ols
72114,2819850.0,-82.90402094901796,-3.020979050982035,ols
72124,2819850.0,-82.90402094901796,-2.8591040509820402,ols
72142,2819850.0,-82.90402094901796,-2.950979050982042,ols
72158,2819850.0,-82.90389913894391,-4.590475861056092,ols
72163,2819850.0,-82.90092904649978,-3.11094595350022,ols
72177,2819850.0,-82.92846071494125,-1.5571642850587466,ols
72250,2819850.0,-81.52565443479632,10.791279434796323,ols
72255,2819850.0,-81.9500407328246,12.165665732824607,ols
72263,2819850.0,-75.90694706562479,5.513197065624794,ols
72273,2819850.0,-74.61214226220895,4.889402900506823,ols
72295,2819850.0,-68.88970195230787,1.2678269523078711,ols
72304,2819850.0,-69.85341401590759,1.8465390159075952,ols
72322,2819850.0,-70.24964663660558,3.2340216366055756,ols
72332,2819850.0,-70.24074413438431,3.316369134384317,ols
72358,2819850.0,-70.24073376756951,3.2101087675695084,ols
72421,2819850.0,-70.2670732523074,3.2664482523073985,ols
72455,2819850.0,-70.24073376756951,3.154483767569502,ols
72461,2819850.0,-70.26733501438144,3.3992100143814383,ols
72482,2819850.0,-70.26733501438144,3.2773350143814497,ols
72487,2819850.0,-70.24074413438431,3.2844941343843175,ols
72503,2819850.0,-70.2670732523074,3.904573252307401,ols
72523,2819850.0,-65.99170293010205,0.9829529301020443,ols
72535,2819850.0,-66.26590777362802,0.09090777362801816,ols
72538,2819850.0,-66.31929946162225,-1.2200755383777562,ols
72558,2819850.0,-66.44288226101632,0.6372572610163161,ols
72563,2819850.0,-70.84627497105973,1.7706499710597257,ols
72567,2819850.0,-70.8383858249865,2.9352608249865,ols
72575,2819850.0,-71.17839661724611,3.452771617246114,ols
72581,2819850.0,-66.85540892289774,0.15353392289773637,ols
72586,2819850.0,-72.58989547161232,2.445520471612326,ols
72654,2819850.0,-71.7319171440012,-6.537457855998795,ols
72660,2819850.0,-71.7319171440012,-6.458707855998796,ols
72673,2819850.0,-71.72687368859434,-7.169376311405657,ols
72684,2819850.0,-71.72687628029804,-6.059373719701952,ols
72721,2819850.0,-80.12371896709573,-5.74003103290427,ols
84428,2819850.0,-83.45540072851404,-2.953349271485962,ols
84457,2819850.0,-83.4527312736995,-2.989768726300497,ols
84497,2819850.0,-83.45328071488461,-2.89796928511538,ols
84501,2819850.0,-83.45328071488461,-2.832344285115383,ols
84522,2819850.0,-83.45448326540301,-2.723016734596982,ols
84549,2819850.0,-83.45569359103251,-2.842431408967485,ols
84570,2819850.0,-83.45500938125481,-2.5931156187451876,ols
84573,2819850.0,-83.45500938125481,-2.7449906187451916,ols
84585,2819850.0,-83.45435108851413,-2.7168989114858704,ols
84589,2819850.0,-83.45209889799587,-2.7735261020041264,ols
84723,2819850.0,-71.10079841666189,3.838923416661885,ols
84745,2819850.0,-70.20299078653653,3.2367407865365294,ols
84784,2819850.0,-70.37438015244398,2.989380152443971,ols
84798,2819850.0,-70.67513959211523,3.261787319387963,ols
84802,2819850.0,-70.37437756074027,3.083127560740266,ols
84828,2819850.0,-70.67513959211523,3.4495145921152357,ols
84841,2819850.0,-70.67513959211523,3.4282645921152266,ols
84861,2819850.0,-70.37437756074027,3.3193775607402642,ols
84898,2819850.0,-70.37441125288842,3.296911252888421,ols
84900,2819850.0,-70.37441125288842,3.3925362528884193,ols
84920,2819850.0,-69.97396193026495,5.731461930264942,ols
84968,2819850.0,-66.80294765653304,-0.9170523434669633,ols
84977,2819850.0,-72.5249266431749,4.059301643174891,ols
84987,2819850.0,-67.52225946919616,-4.260240530803841,ols
85006,2819850.0,-78.78552126857346,-2.288853731426542,ols
85047,2819850.0,-76.74247864746056,-6.5412713525394395,ols
85070,2819850.0,-83.20806926068886,-3.6963057393111427,ols
96107,2819850.0,-84.2829135790914,-0.1775456045820647,ols
96114,2819850.0,-84.28422238946163,-0.04256332482408709,ols
96160,2819850.0,-84.28422238946163,-0.2643887216494818,ols
96217,2819850.0,-84.28422238946163,-0.3112637216494818,ols
96219,2819850.0,-84.28422238946163,-0.2878929951537543,ols
96232,2819850.0,-84.28422238946163,-0.18279149942725326,ols
96251,2819850.0,-84.28422238946163,-0.07974819877365746,ols
96340,2819850.0,-75.95766152369339,3.867587994281621,ols
96354,2819850.0,-74.4819946773341,5.437877030275274,ols
96359,2819850.0,-77.06372809661109,6.349665596611089,ols
96400,2819850.0,-69.05806679999341,1.8402096571362705,ols
96410,2819850.0,-68.89949859230681,0.8552277589734842,ols
96419,2819850.0,-68.81763703913046,1.2599447314381536,ols
96475,2819850.0,-68.40759582110063,2.416041767046579,ols
96485,2819850.0,-68.49665194375768,2.647693610424355,ols
96495,2819850.0,-68.59091739085864,2.664930548753375,ols
96521,2819850.0,-68.6666573398875,2.75624067322083,ols
96524,2819850.0,-68.63742292211288,2.88915903322399,ols
96542,2819850.0,-68.63743588063139,2.8549358806313876,ols
96561,2819850.0,-68.64693447470444,2.768645001020232,ols
96569,2819850.0,-68.64008719351999,2.86925386018666,ols
96604,2819850.0,-68.62270722848483,2.3561631108377696,ols
96609,2819850.0,-68.62313226789219,2.1106322678921856,ols
96734,2819850.0,-65.69236115235657,-2.131712921717508,ols
96743,2819850.0,-65.7155465336874,-2.1207629901221168,ols
96765,2819850.0,-65.7246304551679,-2.0235313095379865,ols
96806,2819850.0,-65.7177417067242,-1.9019011504186665,ols
96827,2819850.0,-65.72628655383438,-0.08158381653598212,ols
96855,2819850.0,-71.05608893607412,0.10966036464554918,ols
96859,2819850.0,-71.06165591562907,-0.447959468986312,ols
96862,2819850.0,-71.0609095049625,-0.58373335218036,ols
96880,2819850.0,-71.03487324955789,3.117827795012431,ols
96907,2819850.0,-67.7833477002791,-7.345328770309138,ols
96915,2819850.0,-71.3479432818204,-4.298485289608166,ols
96940,2819850.0,-79.19994764926949,-4.482233201794344,ols
96946,2819850.0,-82.98022222130604,1.296628471306036,ols
96977,2819850.0,-82.9834463007131,2.057520374787174,ols
96984,2819850.0,-83.92078777913048,0.9318171908951882,ols
109238,2819850.0,-83.45053350895898,-3.368216491041011,ols
109249,2819850.0,-82.90009192620357,-2.5261580737964238,ols
109267,2819850.0,-81.31243756281933,-3.865687437180668,ols
109307,2819850.0,-82.9129053093133,-2.8070946906866965,ols
109323,2819850.0,-82.9129053093133,-2.981469690686694,ols
109333,2819850.0,-82.9129053093133,-3.0483446906867044,ols
109365,2819850.0,-82.9129053093133,-2.9477196906866965,ols
109374,2819850.0,-82.9129053093133,-3.106469690686694,ols
109407,2819850.0,-82.9129053093133,-2.314594690686704,ols
109410,2819850.0,-82.9129053093133,-2.7464696906866948,ols
109600,2819850.0,-81.42955406147335,4.210804061473354,ols
109629,2819850.0,-75.94437126710224,6.2262462671022405,ols
109660,2819850.0,-77.69381791758013,8.518192917580137,ols
109675,2819850.0,-68.28690536303958,0.7612803630395746,ols
109677,2819850.0,-70.23409641438504,3.2915964143850402,ols
109800,2819850.0,-66.02263750550611,1.138887505506105,ols
109811,2819850.0,-66.58129219729769,0.8781671972976852,ols
109843,2819850.0,-66.67271454543598,0.16021454543597713,ols
109849,2819850.0,-70.74950593818127,1.6201309381812763,ols
109870,2819850.0,-67.74902058472725,-6.427854415272748,ols
109878,2819850.0,-80.42154200647101,2.6221670064710167,ols
109890,2819850.0,-75.10310424497078,-5.520020755029222,ols
109894,2819850.0,-75.06755643697463,-5.172443563025368,ols
109921,2819850.0,-72.85331882773205,-9.602306172267944,ols
109930,2819850.0,-72.82541136225359,-9.682713637746417,ols
109970,2819850.0,-72.89253648817227,-9.993713511827735,ols
122019,2819850.0,-83.46917822540144,2.76105322540144,ols
122022,2819850.0,-83.46917822540144,2.79230322540144,ols
122031,2819850.0,-83.46917822540144,2.827928225401436,ols
122034,2819850.0,-83.46917822540144,2.83480322540143,ols
122054,2819850.0,-83.46917822540144,2.6979282254014407,ols
122081,2819850.0,-83.46917822540144,2.6254282254014356,ols
122107,2819850.0,-83.46917822540144,2.540428225401442,ols
122151,2819850.0,-83.4659100870314,1.9502850870314035,ols
122173,2819850.0,-82.88531403168665,-2.9521859683133584,ols
122177,2819850.0,-83.49085523517687,-2.256644764823136,ols
122187,2819850.0,-81.31878464518901,-4.485590354810981,ols
122200,2819850.0,-82.90890371879522,-2.3373462812047876,ols
122217,2819850.0,-82.902989450944,-1.7676355490559956,ols
122270,2819850.0,-82.90412720886981,-2.172747791130192,ols
122278,2819850.0,-82.90412720886981,-2.319622791130186,ols
122285,2819850.0,-82.90412720886981,-2.085247791130186,ols
122308,2819850.0,-82.9053427179067,-2.2465322820932982,ols
122336,2819850.0,-83.42684533710971,-1.6137796628902947,ols
122351,2819850.0,-82.90542306072152,-2.2120769392784894,ols
122361,2819850.0,-82.90542306072152,-1.5920769392784848,ols
122464,2819850.0,-69.0751642693249,0.9957892693249022,ols
122468,2819850.0,-68.85101040771946,1.9310104077194552,ols
122503,2819850.0,-71.13914785636146,1.6903978563614572,ols
122508,2819850.0,-71.11694732243792,2.9425723224379254,ols
122510,2819850.0,-71.08987438555195,0.9811243855519507,ols
122520,2819850.0,-70.87398028364933,3.4839802836493305,ols
122525,2819850.0,-71.11076610910526,4.22701610910525,ols
122539,2819850.0,-72.74076891100346,2.401393911003453,ols
122542,2819850.0,-67.37656166210077,-6.730313337899233,ols
122621,2819850.0,-78.63441198414532,-3.2237130158546847,ols
135947,2819850.0,-65.95131122788418,-1.456734749127321,ols
135951,2819850.0,-66.06283482994623,0.8609598299462249,ols
135962,2819850.0,-66.26530649836882,1.3390564983688193,ols
135980,2819850.0,-66.46365217449556,0.47865217449556496,ols
135982,2819850.0,-66.54326412885734,-1.628610871142655,ols
135991,2819850.0,-66.70908910691352,-0.15466089308647213,ols
135999,2819850.0,-70.83918147802345,0.33730647802345004,ols
136071,2819850.0,-78.91738456129997,-1.4919904387000287,ols
136100,2819850.0,-84.71234074082285,-2.7857842591771487,ols
136103,2819850.0,-81.72103261018265,-5.212717389817357,ols
134999,2819859.0,-71.90891814691072,-14.227331853089282,ols
135141,2819859.0,-74.94002237396194,-4.417477626038064,ols
135145,2819859.0,-74.94021838806088,-4.639781611939114,ols
135157,2819859.0,-71.45186101519585,-6.74563898480416,ols
135163,2819859.0,-74.91085648123948,-1.7053935187605163,ols
135189,2819859.0,-70.56830736019259,-2.6316926398074116,ols
135201,2819859.0,-70.22792133837136,-0.6589536616286438,ols
135224,2819859.0,-73.43235731491758,6.6979823149175814,ols
135236,2819859.0,-69.88109198129764,3.0935919812976493,ols
135248,2819859.0,-73.4310153722402,6.679140372240198,ols
135263,2819859.0,-73.44755092058706,6.5188009205870685,ols
135279,2819859.0,-69.88112465031413,3.0598746503141285,ols
135304,2819859.0,-73.43124908135817,6.668749081358172,ols
135362,2819859.0,-69.88107690329004,2.121701903290031,ols
135368,2819859.0,-69.85608259267332,3.4473325926733196,ols
135396,2819859.0,-65.49823683290495,0.3288618329049484,ols
135405,2819859.0,-65.37979908311954,0.08854908311953125,ols
135420,2819859.0,-65.55253022531136,0.6362802253113529,ols
135462,2819859.0,-65.60715030788266,0.620900307882664,ols
135533,2819859.0,-65.60511477685516,0.289489776855163,ols
135577,2819859.0,-65.60512985486277,0.5301298548627642,ols
135666,2819859.0,-83.55578439805595,5.110784398055955,ols
149731,2819859.0,-71.77599545781355,-12.603379542186445,ols
149756,2819859.0,-70.36209550210026,-2.2991544978997354,ols
149775,2819859.0,-73.74365534705568,2.9280303470556817,ols
149789,2819859.0,-73.02936991849622,6.432494918496218,ols
149807,2819859.0,-65.52887283136948,3.3119978313694816,ols
149845,2819859.0,-65.48535518840251,1.9447301884025094,ols
149851,2819859.0,-65.48535770140377,1.9009827014037697,ols
149867,2819859.0,-65.48536021440503,1.7953602144050365,ols
149880,2819859.0,-65.48537026641011,1.9422452664101115,ols
149883,2819859.0,-65.48535518840251,1.9672301884025103,ols
149904,2819859.0,-65.48534262339616,1.8797176233961608,ols
149943,2819859.0,-65.48535267540123,1.9909776754012327,ols
149993,2819859.0,-65.48535770140377,1.9997327014037722,ols
150023,2819859.0,-65.50927393447628,3.1911489344762813,ols
150043,2819859.0,-65.65672930990932,1.9567293099093206,ols
150057,2819859.0,-65.63326793006641,1.8782679300664071,ols
150061,2819859.0,-65.6310891579666,1.8442141579665972,ols
150084,2819859.0,-65.63106905395645,1.905444053956451,ols
150088,2819859.0,-65.63099366391839,1.9647436639183908,ols
150102,2819859.0,-65.63099115091713,1.9872411509171286,ols
150106,2819859.0,-65.63105648895011,1.7466814889501094,ols
150133,2819859.0,-65.63099115091713,0.9659911509171195,ols
150141,2819859.0,-65.63106905395645,0.7923190539564473,ols
150148,2819859.0,-65.63106905395645,0.8004440539564541,ols
150218,2819859.0,-65.62893300287821,-0.34981699712179193,ols
150223,2819859.0,-65.6984275399579,-0.17407246004209753,ols
150240,2819859.0,-66.80184116294282,-4.429408837057181,ols
150250,2819859.0,-71.30507409810025,2.348824098100252,ols
150263,2819859.0,-78.97029841837855,6.975298418378543,ols
164446,2819859.0,-71.99636053905019,-19.154889460949818,ols
164477,2819859.0,-74.34594384808094,1.376568848080936,ols
164487,2819859.0,-73.93408053117915,2.1315805311791536,ols
164531,2819859.0,-70.13927019262174,-1.8151048073782619,ols
164542,2819859.0,-73.80410559256995,2.0284805925699487,ols
164561,2819859.0,-70.14291655746236,-1.757083442537649,ols
164569,2819859.0,-70.13937071267247,-1.6843792873275305,ols
164581,2819859.0,-73.85323728037082,1.4644872803708182,ols
164657,2819859.0,-69.6982158529848,3.6150908529848067,ols
164682,2819859.0,-65.4304863187056,3.407361318705604,ols
164694,2819859.0,-65.36008710116924,2.058837101169239,ols
164728,2819859.0,-65.42164809324422,1.6760230932442184,ols
164733,2819859.0,-65.40092085878145,1.5977958587814456,ols
164762,2819859.0,-65.41934115807972,1.6137161580797184,ols
164771,2819859.0,-65.41934367108098,1.6589270044143234,ols
164781,2819859.0,-65.40094598879413,1.6436785469336712,ols
164833,2819859.0,-65.40095352779794,1.6453285277979361,ols
164869,2819859.0,-65.45193478453244,0.6975597845324444,ols
164926,2819859.0,-66.18730178073352,-0.9339482192664832,ols
164931,2819859.0,-66.17630991318501,-0.8949400868149979,ols
164939,2819859.0,-66.16516475255912,-0.9429602474408796,ols
164962,2819859.0,-66.1783379052087,-0.6297870947912969,ols
165004,2819859.0,-66.19158896089762,-0.9871610391023751,ols
165009,2819859.0,-66.19158142189382,-0.9809185781061842,ols
165029,2819859.0,-66.19141053780756,-2.0554644621924467,ols
165039,2819859.0,-66.19141053780756,-1.6192144621924456,ols
165048,2819859.0,-66.19141053780756,-1.3223394621924456,ols
165050,2819859.0,-66.19141053780756,-1.0435894621924433,ols
165072,2819859.0,-66.1934988418617,-1.179626158138305,ols
165079,2819859.0,-66.1934988418617,-2.187126158138298,ols
165102,2819859.0,-67.19176095276788,-4.083864047232126,ols
165120,2819859.0,-75.37976995293923,3.7528949529392293,ols
174823,2819859.0,-74.53543168273126,-4.043318317268742,ols
174826,2819859.0,-70.98437744121787,-8.927497558782122,ols
174845,2819859.0,-70.22342055309944,0.5840455530994433,ols
174853,2819859.0,-73.69362400480068,6.708624004800683,ols
174856,2819859.0,-69.95094587755874,2.8940708775587325,ols
174859,2819859.0,-69.91621871302904,3.0049687130290437,ols
174865,2819859.0,-73.36282508281886,7.3415750828188635,ols
174876,2819859.0,-69.64243225082618,4.281807250826176,ols
174891,2819859.0,-73.12849274053178,7.795700532739573,ols
174898,2819859.0,-73.1202526093723,8.139002609372298,ols
174925,2819859.0,-69.63026178568272,4.03588678568272,ols
174946,2819859.0,-65.46052924887078,0.4111542488707869,ols
174948,2819859.0,-65.3643139693029,0.9149389693028951,ols
174960,2819859.0,-65.9008975391614,-2.30660246083859,ols
174987,2819859.0,-65.82682431377046,-2.558800686229546,ols
174992,2819859.0,-65.82682431377046,-2.6363006862295464,ols
175003,2819859.0,-65.82855828464574,-2.4864417153542604,ols
175023,2819859.0,-65.82675143673367,-2.4126235632663224,ols
175026,2819859.0,-65.826829339773,-2.572545660227007,ols
175030,2819859.0,-65.82675143673367,-2.543873563266331,ols
175041,2819859.0,-65.83529564104666,-0.9128293589533456,ols
175057,2819859.0,-71.42547701487764,1.1561020148776464,ols
175059,2819859.0,-75.14516620651514,5.041416206515137,ols
175060,2819859.0,-75.40503566769294,2.857535667692943,ols
182137,2819859.0,-73.77895296287332,-12.515422037126683,ols
182146,2819859.0,-70.61701686378034,0.05451686378033571,ols
182148,2819859.0,-70.23071830878322,2.7113433087832277,ols
182178,2819859.0,-65.48183949962784,0.6480894996278437,ols
182188,2819859.0,-65.48190483766082,0.6656548376608242,ols
182192,2819859.0,-65.48185709063672,0.5806070906367182,ols
182200,2819859.0,-65.48190232465956,0.6650273246595617,ols
182210,2819859.0,-65.48185206463418,0.7062270646341773,ols
182214,2819859.0,-65.48186714264179,0.5556171426417933,ols
182217,2819859.0,-65.48186462964053,0.5774896296405245,ols
182222,2819859.0,-65.48186714264179,0.671867142641787,ols
182228,2819859.0,-65.4819073506621,0.6731573506620947,ols
182235,2819859.0,-65.48186462964053,0.6574896296405228,ols
182240,2819859.0,-65.48185206463418,0.7793520646341818,ols
182254,2819859.0,-65.40684902877389,1.7868490287738936,ols
182257,2819859.0,-65.49205987578692,-0.8216901242130774,ols
182264,2819859.0,-65.9718847989946,-1.1912402010053995,ols
182286,2819859.0,-65.99733898884345,-2.0395360111565424,ols
182291,2819859.0,-65.99736914485867,-2.1120058551413337,ols
182297,2819859.0,-65.99734150184472,-1.9557834981552844,ols
182299,2819859.0,-65.99733898884345,-1.9314110111565412,ols
182301,2819859.0,-65.99733898884345,-2.2026610111565503,ols
182315,2819859.0,-65.99733647584218,-1.8989135241578197,ols
182320,2819859.0,-65.99733898884345,-1.9726610111565464,ols
182337,2819859.0,-65.99733647584218,-1.8332885241578225,ols
182350,2819859.0,-65.99733898884345,-1.858286011156551,ols
182361,2819859.0,-66.17026865813548,-5.125356341864517,ols
196799,2819859.0,-83.02381469852645,-7.144310301473553,ols
196801,2819859.0,-83.11389574199787,-6.952354258002131,ols
196811,2819859.0,-71.97729439842593,-18.773330601574074,ols
196812,2819859.0,-72.04701761862104,-19.23235738137896,ols
196815,2819859.0,-74.38385498521785,-13.159270014782152,ols
196816,2819859.0,-71.93489504102342,-14.819479958976572,ols
196829,2819859.0,-71.03429067241325,-2.735709327586747,ols
196853,2819859.0,-74.16035870440064,0.7209837044006377,ols
196861,2819859.0,-70.43762375522567,-1.6348762447743326,ols
196871,2819859.0,-74.18271185068413,1.1570868506841236,ols
196877,2819859.0,-74.2366157278939,1.1709907278939085,ols
196882,2819859.0,-70.437158849991,-2.3753411500090067,ols
196888,2819859.0,-74.21368207831739,1.7861820783173954,ols
196895,2819859.0,-70.44147116016778,-2.806028839832223,ols
196898,2819859.0,-70.43944819414662,-2.968051805853378,ols
196909,2819859.0,-74.10559286775575,2.598092867755753,ols
196917,2819859.0,-69.63533050924133,3.3603305092413223,ols
196919,2819859.0,-72.81734046246726,6.416715462467252,ols
196929,2819859.0,-65.56936984681171,1.5774948468117103,ols
196930,2819859.0,-65.52434691608488,1.8118469160848818,ols
196938,2819859.0,-65.5454686917468,2.3273436917468047,ols
196958,2819859.0,-65.55173611691049,2.199236116910491,ols
196963,2819859.0,-65.55174868191683,2.097373681916835,ols
196974,2819859.0,-65.55178888993714,1.9061638899371403,ols
196980,2819859.0,-65.55174616891557,2.071746168915574,ols
197011,2819859.0,-65.55287953248768,-0.47399546751232435,ols
197026,2819859.0,-66.12764313061882,-0.6704818693811774,ols
197039,2819859.0,-66.12125508139424,-1.3918699186057637,ols
197047,2819859.0,-66.12125508139424,-1.409369918605762,ols
197075,2819859.0,-66.1199960677587,-1.1868789322412994,ols
197079,2819859.0,-66.11999858075998,-1.171251419240022,ols
197103,2819859.0,-66.1199960677587,-0.8181289322412937,ols
197116,2819859.0,-66.12125508139424,-0.8918699186057637,ols
197127,2819859.0,-66.2673911311613,-4.594483868838694,ols
197142,2819859.0,-82.6463242129755,10.228199212975497,ols
135708,2819861.0,-71.24990298446839,2.4936529844683974,ols
135718,2819861.0,-73.5570740928275,5.6889490928274995,ols
135767,2819861.0,-68.41758447364067,-0.5674155263593263,ols
135771,2819861.0,-68.41748334452626,-0.5250166554737348,ols
135810,2819861.0,-68.41758447364067,-0.36991552635932123,ols
135830,2819861.0,-68.4175890704186,-0.5630359295814031,ols
135844,2819861.0,-68.42238350979777,-0.4369914902022316,ols
135848,2819861.0,-68.42248923569012,-0.23813576430987382,ols
135863,2819861.0,-68.42238350979777,-0.32824149020223103,ols
135877,2819861.0,-68.42237201785295,-0.4120029821470439,ols
135890,2819861.0,-68.42238350979777,-0.3157414902022282,ols
150330,2819861.0,-81.50528236495839,8.023407364958388,ols
150337,2819861.0,-81.50528236495839,8.175907364958391,ols
150341,2819861.0,-81.50528236495839,8.050282364958392,ols
150342,2819861.0,-81.50528236495839,8.093407364958395,ols
150353,2819861.0,-81.50528236495839,8.017782364958393,ols
150381,2819861.0,-81.50528236495839,7.8752823649583945,ols
150411,2819861.0,-77.29675519569128,6.496755195691279,ols
150415,2819861.0,-77.3350739365012,7.360073936501209,ols
150433,2819861.0,-78.88088991015941,7.962764910159407,ols
150443,2819861.0,-74.95265357345657,4.530778573456573,ols
150472,2819861.0,-71.20984666160159,2.5735966616015844,ols
150485,2819861.0,-71.01880686929229,3.5050568692922894,ols
150501,2819861.0,-67.93221528897422,2.3747152889742154,ols
150539,2819861.0,-67.9714924579822,2.3533674579821877,ols
150545,2819861.0,-67.99666671230628,2.3822917123062837,ols
150556,2819861.0,-67.99625300229273,2.3656280022927376,ols
150567,2819861.0,-67.99664832519457,1.9547733251945658,ols
150608,2819861.0,-68.02106411116048,-0.2670608888395094,ols
150618,2819861.0,-67.9717682646579,-0.5363567353421104,ols
150634,2819861.0,-68.00800926184425,0.23613426184425634,ols
150647,2819861.0,-68.00418474260795,-0.1226902573920512,ols
150656,2819861.0,-67.97316108837015,-0.2768389116298522,ols
150666,2819861.0,-68.00453869450841,-0.48296130549158534,ols
150672,2819861.0,-68.00418474260795,0.22418474260794596,ols
150680,2819861.0,-68.00950781144886,0.26200781144885354,ols
150684,2819861.0,-68.00453869450841,0.03828869450840955,ols
150688,2819861.0,-67.9731128222019,0.15311282220190492,ols
150693,2819861.0,-68.00458925906563,0.10146425906562229,ols
150711,2819861.0,-68.00458925906563,0.17271425906562854,ols
150721,2819861.0,-67.9731128222019,0.23811282220189867,ols
150732,2819861.0,-67.9731128222019,0.5168628222019009,ols
150748,2819861.0,-67.97276576546832,0.5502657654683247,ols
150760,2819861.0,-67.9731128222019,0.39186282220190094,ols
150777,2819861.0,-67.9731128222019,0.12373782220190321,ols
150785,2819861.0,-67.9731128222019,0.12686282220190037,ols
150800,2819861.0,-67.97685689782446,0.8381068978244599,ols
150825,2819861.0,-68.57584234415462,0.29584234415462163,ols
150832,2819861.0,-72.26137570141252,1.3507507014125224,ols
150836,2819861.0,-72.34488306764615,3.6805080676461444,ols
150938,2819861.0,-79.21597203723951,-6.368402962760484,ols
150963,2819861.0,-85.0637699738352,-2.7149800261647954,ols
151001,2819861.0,-81.30073953748486,-14.159885462515135,ols
165194,2819861.0,-68.23503033338694,-0.2530946666130518,ols
165221,2819861.0,-68.76473084439348,-1.357769155606519,ols
165271,2819861.0,-82.6769390023684,-3.0580609976315998,ols
165290,2819861.0,-82.85851173053445,-6.019613269465552,ols
165332,2819861.0,-82.93163957220608,-6.0539854277939185,ols
165377,2819861.0,-83.61179032641542,-9.96008467358459,ols
175080,2819861.0,-77.2064468965128,5.766369576925172,ols
175084,2819861.0,-78.33690031496289,6.256900314962891,ols
175093,2819861.0,-71.12042783895221,0.8729278389522079,ols
175107,2819861.0,-67.78103415808083,-1.0502158419191687,ols
175112,2819861.0,-67.9103116421461,-0.9753133578539064,ols
175123,2819861.0,-67.98870049615661,-1.0669245038433957,ols
175127,2819861.0,-67.98874876232486,-1.1300012376751454,ols
175135,2819861.0,-68.02847411718083,-1.2940258828191702,ols
175141,2819861.0,-67.98869819776765,-1.1825518022323536,ols
175150,2819861.0,-67.98869819776765,-1.2225518022323598,ols
175159,2819861.0,-67.9884384798147,-1.3103115201852944,ols
175171,2819861.0,-67.98879932688207,-1.1337006731179287,ols
175191,2819861.0,-67.9884384798147,-1.2690615201852893,ols
175213,2819861.0,-68.4830310993942,-2.0082189006057973,ols
175217,2819861.0,-68.57591589260147,-2.416584107398535,ols
175220,2819861.0,-72.57325329351079,3.192003293510794,ols
175225,2819861.0,-72.7803289456228,3.009703945622803,ols
175242,2819861.0,-79.12091066968321,-4.585339330316785,ols
175255,2819861.0,-83.67532699093975,-5.204673009060244,ols
182400,2819861.0,-81.26357688632389,7.513576886323889,ols
182403,2819861.0,-81.88456251181867,7.970187511818665,ols
182405,2819861.0,-77.18993986697244,3.3699398669724445,ols
182442,2819861.0,-68.27742411783026,0.7674241178302594,ols
182453,2819861.0,-68.22695839134494,0.7357083913449429,ols
182461,2819861.0,-68.22693540745529,0.6369354074552831,ols
182464,2819861.0,-68.22683197995191,0.7524569799519156,ols
182470,2819861.0,-68.22683197995191,0.7555819799519128,ols
182477,2819861.0,-68.22683197995191,0.7655819799519037,ols
182498,2819861.0,-68.22683197995191,0.6162069799519116,ols
182510,2819861.0,-68.22683197995191,0.5637069799519168,ols
182513,2819861.0,-68.22683197995191,0.4605819799519111,ols
182516,2819861.0,-68.22691242356565,0.7844124235656551,ols
182537,2819861.0,-71.9047415810158,-0.7133834189842077,ols
182542,2819861.0,-71.985778179113,-0.42422182088699856,ols
182556,2819861.0,-75.8903870772646,6.470387077264604,ols
182583,2819861.0,-79.58933383251716,-5.831916167482845,ols
182587,2819861.0,-79.5778625731972,-6.2252624268028,ols
182616,2819861.0,-83.66103330997184,-5.141466690028153,ols
182630,2819861.0,-78.92271829091756,-17.747906709082443,ols
197190,2819861.0,-81.50129466010563,9.385669660105634,ols
197210,2819861.0,-81.50447563043198,6.203850630431987,ols
197217,2819861.0,-81.50567079269334,9.40379579269333,ols
197227,2819861.0,-77.29146890107378,3.7502189010737794,ols
197231,2819861.0,-76.22365347706305,4.1836534770630465,ols
197244,2819861.0,-74.6805312152708,3.308031215270802,ols
197256,2819861.0,-71.09958604782551,1.052711047825511,ols
197258,2819861.0,-71.10162701722565,1.0860020172256526,ols
197260,2819861.0,-71.11942344297489,1.0337984429748985,ols
197264,2819861.0,-71.10618931931944,1.176189319319434,ols
197275,2819861.0,-71.10160403333602,1.0853540333360172,ols
197283,2819861.0,-71.10271185681673,0.9227118568167185,ols
197319,2819861.0,-67.5250878614246,-1.0530371385754052,ols
197322,2819861.0,-67.71582426639061,1.7658242663906094,ols
197329,2819861.0,-67.72777129222615,-1.0909787077738429,ols
197339,2819861.0,-67.74517009668459,-0.013579903315417141,ols
197349,2819861.0,-67.74163517445777,-0.32961482554223664,ols
197378,2819861.0,-67.74163517445777,-0.3458648255422361,ols
197385,2819861.0,-67.74163517445777,-0.2677398255422361,ols
197394,2819861.0,-67.74009295546283,-0.2017820445371683,ols
197396,2819861.0,-67.73976888261889,-0.08773111738111083,ols
197405,2819861.0,-67.74008146351801,-0.13616853648198912,ols
197426,2819861.0,-67.7900760202657,-1.4086739797343029,ols
197429,2819861.0,-67.85038114990648,-1.260868850093516,ols
197447,2819861.0,-68.49283602671517,-2.0059139732848337,ols
197448,2819861.0,-68.39381223658471,-1.3943127634152859,ols
197450,2819861.0,-72.45599638372792,3.2716213837279184,ols
197452,2819861.0,-72.27639337490413,0.8263933749041286,ols
197472,2819861.0,-69.96306947928804,-6.261930520711957,ols
197480,2819861.0,-73.3580588908127,-3.5144411091873025,ols
197513,2819861.0,-82.49211865059604,-5.200381349403955,ols
197522,2819861.0,-82.41842310685027,-9.637201893149737,ols
9277,2824456.0,-102.01680428924786,-4.143612377418805,ols
9352,2824456.0,-100.06532592950559,-6.191430827251168,ols
9357,2824456.0,-99.9288850611281,-6.471977007837424,ols
9362,2824456.0,-99.78788018337973,-3.924619816620279,ols
9366,2824456.0,-99.6439029465873,-3.7682064284126966,ols
9375,2824456.0,-99.35120228678691,-7.634908824324199,ols
9392,2824456.0,-98.74592451461085,-2.1543731044367718,ols
9415,2824456.0,-98.51059038436088,-5.006909615639117,ols
9454,2824456.0,-98.40506205004166,-1.5551652226856163,ols
9494,2824456.0,-97.56720197679513,0.3773871619803373,ols
9502,2824456.0,-97.46800189076328,-1.0744088235224467,ols
9507,2824456.0,-97.43221852317474,-2.1005195720633623,ols
9512,2824456.0,-97.39865004248679,-0.6203716966436446,ols
9524,2824456.0,-97.39787339383334,-1.1848968764369374,ols
9536,2824456.0,-97.39787339383334,-0.45773005444252135,ols
9553,2824456.0,-97.39787339383334,0.3770400605000219,ols
9570,2824456.0,-97.39787339383334,-0.36057255211262884,ols
9623,2824456.0,-97.28214315621449,-1.4633925580712344,ols
9631,2824456.0,-97.10533573436763,-1.8704707172452686,ols
9636,2824456.0,-96.85224415589313,-2.1296106828165478,ols
9670,2824456.0,-95.48524664327347,1.3473156087907086,ols
9679,2824456.0,-94.96591798874573,1.9288809517086918,ols
9682,2824456.0,-94.73570398665554,3.295703986655539,ols
9684,2824456.0,-94.5291442096031,1.0367199671788683,ols
9728,2824456.0,-91.90499223342438,0.5346218630540136,ols
9743,2824456.0,-90.97736691704714,1.4907597741899963,ols
9768,2824456.0,-88.19732909138976,-0.055170908610236324,ols
9777,2824456.0,-87.33068507669073,-0.9239445529389059,ols
9788,2824456.0,-85.88885123394553,4.095582003176304,ols
9793,2824456.0,-85.33540756819593,3.218220068195933,ols
9819,2824456.0,-80.81985723798492,0.2719405713182539,ols
9876,2824456.0,-76.1627746760016,0.6870802315571609,ols
9893,2824456.0,-75.71100486606892,0.13850486606891366,ols
9907,2824456.0,-75.67285319950014,0.12446610272594683,ols
9910,2824456.0,-75.67163549111757,0.06811986611756993,ols
9942,2824456.0,-75.67262308138059,0.379519633104735,ols
9959,2824456.0,-75.67261349312561,-0.06131507830296812,ols
9965,2824456.0,-75.67262308138059,-0.058858400100888275,ols
10005,2824456.0,-75.67262308138059,0.04963921041284891,ols
10014,2824456.0,-75.67261349312561,0.31701004484975215,ols
10026,2824456.0,-75.93662609402328,0.019959427356610604,ols
10029,2824456.0,-76.34302428138659,-0.546559051946744,ols
10035,2824456.0,-76.84335860279725,0.6670193170829606,ols
10074,2824456.0,-79.13066559324376,3.1659916802002783,ols
10085,2824456.0,-79.13066559324376,3.23626904151962,ols
10114,2824456.0,-79.14490415189034,3.126674985223673,ols
10118,2824456.0,-79.14490415189034,1.967019536505731,ols
10154,2824456.0,-81.85818854637104,7.959751046371039,ols
10182,2824456.0,-84.07749563249338,1.6191622991600525,ols
23730,2824456.0,-102.58782322637735,-3.0278017736226417,ols
24020,2824456.0,-99.16480660995921,-3.835818390040785,ols
24025,2824456.0,-99.0212704328959,-5.331229567104103,ols
24030,2824456.0,-98.88852104268604,-4.2964789573139655,ols
24034,2824456.0,-98.7659735557758,-4.019651444224195,ols
24040,2824456.0,-98.51829934136549,-4.02670065863451,ols
24106,2824456.0,-96.30078525892458,0.6107852589245795,ols
24116,2824456.0,-95.8772528599105,-0.39024714008949957,ols
24129,2824456.0,-95.58649861587124,2.353998615871234,ols
24137,2824456.0,-95.19114609824588,1.7448960982458743,ols
24161,2824456.0,-93.88216711651533,1.8121671165153401,ols
24170,2824456.0,-93.35473638652878,6.3897363865287815,ols
24189,2824456.0,-92.0985982779977,4.272973277997693,ols
24245,2824456.0,-91.51928550030975,0.9480355003097429,ols
24268,2824456.0,-91.5192663237998,0.6992663237998045,ols
24351,2824456.0,-89.17601186554002,2.5260118655400134,ols
24389,2824456.0,-83.06153372297759,5.3746587229775855,ols
24393,2824456.0,-82.19259811533811,4.906973115338118,ols
24412,2824456.0,-76.48399080611503,2.0083658061150373,ols
24417,2824456.0,-74.92735678648413,3.209231786484125,ols
24431,2824456.0,-68.79353913362532,-8.895210866374683,ols
24479,2824456.0,-77.37592863745354,-0.13782136254646105,ols
24481,2824456.0,-77.49774741698522,-1.4747525830147765,ols
24511,2824456.0,-77.70029930345567,2.7740493034556692,ols
24538,2824456.0,-81.0533312467686,2.402706246768588,ols
24544,2824456.0,-81.51176489391297,6.967389893912966,ols
24565,2824456.0,-82.72799668521375,7.959871685213756,ols
24583,2824456.0,-84.05067728331194,3.025052283311936,ols
38882,2824456.0,-102.6418242784295,6.66369927842949,ols
38892,2824456.0,-102.60147690147008,-1.976648098529921,ols
38895,2824456.0,-102.58782322637735,-2.977176773622645,ols
38956,2824456.0,-102.18520281147651,2.225202811476521,ols
39172,2824456.0,-98.10933150166733,-0.8262934983326744,ols
39220,2824456.0,-97.54821723193305,-0.8199077680669546,ols
39226,2824456.0,-97.54785287824379,-0.22839712175621685,ols
39242,2824456.0,-97.54821723193305,-0.8080327680669512,ols
39276,2824456.0,-97.54821723193305,-1.1036577680669524,ols
39285,2824456.0,-97.54821723193305,-1.4061577680669473,ols
39290,2824456.0,-97.54821723193305,-0.8161577680669438,ols
39297,2824456.0,-97.54821723193305,-1.451157768066949,ols
39301,2824456.0,-97.54821723193305,-1.6436577680669444,ols
39309,2824456.0,-97.52472600722997,-0.6027739927700253,ols
39314,2824456.0,-97.47331378402266,0.10643878402267148,ols
39318,2824456.0,-97.39656939115594,-2.37843060884407,ols
39346,2824456.0,-96.57961171376766,0.5846117137676572,ols
39349,2824456.0,-96.42786799044075,-1.1683820095592523,ols
39365,2824456.0,-95.81333755220817,0.6614625522081639,ols
39439,2824456.0,-91.60111166831632,1.2667366683163266,ols
39445,2824456.0,-91.10483317876255,2.1123331787625403,ols
39447,2824456.0,-90.59540919163003,2.550409191630024,ols
39513,2824456.0,-77.34119997791292,1.9130749779129275,ols
39525,2824456.0,-71.23963721480968,-5.615362785190328,ols
39528,2824456.0,-68.94258855730261,-8.883036442697389,ols
39550,2824456.0,-75.22679798953604,-0.9863270104639668,ols
55090,2824456.0,-99.28783350961848,-3.6840414903815173,ols
55115,2824456.0,-98.76822679569631,-1.1373982043036932,ols
55149,2824456.0,-98.15784807187043,1.0740980718704378,ols
55180,2824456.0,-97.91341468764364,-2.811214025227656,ols
55182,2824456.0,-97.88147621030242,0.18022621030242192,ols
55193,2824456.0,-97.80399352180218,-1.2238530128512792,ols
55227,2824456.0,-97.58806601963346,-3.295058980366548,ols
55234,2824456.0,-97.56921551034111,0.8060905103411073,ols
55251,2824456.0,-97.57436440326583,1.323739403265833,ols
55259,2824456.0,-97.57436440326583,0.03248940326582783,ols
55262,2824456.0,-97.57436440326583,0.3306144032658267,ols
55268,2824456.0,-97.57340557776774,0.5990305777677492,ols
55306,2824456.0,-97.57410552038135,0.752230520381346,ols
55387,2824456.0,-96.32999108359624,-1.578758916403757,ols
55400,2824456.0,-96.03082793993876,-2.6204220600612445,ols
55405,2824456.0,-96.0191494453721,-3.757100554627911,ols
55433,2824456.0,-94.87569250937594,2.7106925093759315,ols
55447,2824456.0,-94.07986734596545,4.483617345965456,ols
55454,2824456.0,-93.69843697457229,3.015936974572284,ols
55471,2824456.0,-92.87667558143862,7.934800581438623,ols
55589,2824456.0,-91.96780489180391,5.164054891803914,ols
55616,2824456.0,-91.42906002093996,0.4834350209399503,ols
55629,2824456.0,-90.74561879416001,1.3668687941600126,ols
55635,2824456.0,-90.12928576399102,4.069285763991019,ols
55670,2824456.0,-86.28423251633582,-0.025767483664182578,ols
55679,2824456.0,-85.02833411417924,2.0602091141792442,ols
55691,2824456.0,-82.87839805284337,6.04089805284336,ols
55707,2824456.0,-78.87324971177293,2.351999711772933,ols
55771,2824456.0,-73.45707459121076,-1.6141754087892508,ols
55790,2824456.0,-77.5603011924803,1.3521761924803002,ols
55800,2824456.0,-79.12208410503592,1.6008341050359292,ols
55812,2824456.0,-81.33199470127703,0.4394947012770274,ols
55816,2824456.0,-81.95077273646612,-0.094227263533881,ols
73195,2824456.0,-102.63713562174387,-0.5528643782561318,ols
73371,2824456.0,-100.95425304878012,-7.804496951219889,ols
73383,2824456.0,-100.95425304878012,-8.572893415866346,ols
73389,2824456.0,-100.95425304878012,-8.451687545279285,ols
73425,2824456.0,-100.95425304878012,-8.226371951219889,ols
73426,2824456.0,-100.95425304878012,-9.000121951219882,ols
73515,2824456.0,-98.15848089669916,-2.739644103300833,ols
73524,2824456.0,-97.90605090781834,-1.1801990921816667,ols
73548,2824456.0,-97.62994751738981,-3.076927482610188,ols
73564,2824456.0,-97.62988039960494,-3.7582446003950594,ols
73592,2824456.0,-97.6289503388718,-2.3904246611281934,ols
73627,2824456.0,-97.29242176555395,-0.8113282344460515,ols
73633,2824456.0,-97.1709865162215,-3.0083884837784893,ols
73641,2824456.0,-96.91613069883053,-1.9944943011694676,ols
73644,2824456.0,-96.77758041435726,-2.1305445856427383,ols
73649,2824456.0,-96.641532664434,1.7652826644339967,ols
73653,2824456.0,-96.50968457019233,0.34530957019232744,ols
73697,2824456.0,-94.96454686828346,-0.11607813171653447,ols
73720,2824456.0,-93.29912450763986,5.604124507639867,ols
73763,2824456.0,-91.48080783307161,0.08018283307160345,ols
73770,2824456.0,-91.4810571277011,0.33543212770111097,ols
73789,2824456.0,-91.48080783307161,1.137682833071608,ols
73821,2824456.0,-91.48080783307161,1.0933078330716057,ols
73855,2824456.0,-91.48103795119114,-0.05396204880885591,ols
73861,2824456.0,-91.458582258026,0.1029572580259952,ols
73863,2824456.0,-91.367455482688,0.5593304826879972,ols
73879,2824456.0,-90.433204682119,2.791329682118999,ols
73901,2824456.0,-87.85615980266118,1.1905348026611762,ols
73930,2824456.0,-80.62153377196104,1.782897408324672,ols
73941,2824456.0,-77.25155938209696,1.6796843820969514,ols
73955,2824456.0,-67.97333103779853,-10.007918962201472,ols
73961,2824456.0,-67.1521449399637,-9.315980060036296,ols
73988,2824456.0,-75.27798009462381,-0.11951990537617974,ols
85574,2824456.0,-102.66087614107644,4.43025114107644,ols
85764,2824456.0,-99.06412034440531,-4.792129655594692,ols
85773,2824456.0,-98.90419783957972,-8.018302160420276,ols
85797,2824456.0,-98.03056398699965,-1.9363110130003491,ols
85800,2824456.0,-97.89742147833559,-1.5563285216644118,ols
85806,2824456.0,-97.74158357013184,-1.5440414298681588,ols
85846,2824456.0,-96.11751535322063,-2.773734646779374,ols
85896,2824456.0,-94.571255825479,-0.8224941745209975,ols
85904,2824456.0,-94.33472316335643,-2.2127768366435703,ols
85926,2824456.0,-93.32875221553067,4.9725022155306675,ols
85957,2824456.0,-91.57619179362109,0.4305667936210966,ols
85969,2824456.0,-91.42551236659705,1.2980123665970495,ols
85977,2824456.0,-91.42235783070835,2.213607830708355,ols
85986,2824456.0,-91.4359539762712,2.3353289762711995,ols
85990,2824456.0,-91.43520609238269,1.3145810923826815,ols
86012,2824456.0,-91.4262314857206,1.4787314857206013,ols
86021,2824456.0,-91.4262314857206,1.8562314857206133,ols
86104,2824456.0,-89.05117278568936,3.0424227856893538,ols
86119,2824456.0,-87.32840307200529,0.6940280720052812,ols
86132,2824456.0,-84.35159507763092,0.7297200776309154,ols
86158,2824456.0,-77.22902698289195,0.3615269828919452,ols
86164,2824456.0,-73.41740798035497,-0.6500920196450295,ols
97718,2824456.0,-102.63447008685918,3.4767319916210795,ols
97723,2824456.0,-102.6209410590812,-0.028515462657921375,ols
97820,2824456.0,-102.35332327431072,4.540823274310725,ols
97952,2824456.0,-99.54358103472268,-6.5653475367059,ols
97956,2824456.0,-99.41064946766818,-4.313887569368859,ols
97959,2824456.0,-99.2847269150047,-7.059612707636816,ols
97968,2824456.0,-99.02365790838613,-6.7923143138361155,ols
97984,2824456.0,-98.4175555462817,-1.8525337394325732,ols
97988,2824456.0,-98.26604194107433,-1.1792705589256656,ols
98025,2824456.0,-97.1040988494751,-2.5387582933820454,ols
98026,2824456.0,-97.08692628480439,-2.529145143767053,ols
98053,2824456.0,-97.08764540392797,-2.987354596072038,ols
98079,2824456.0,-97.08764540392797,-4.8448545960720395,ols
98100,2824456.0,-97.08764540392797,-2.5156154656372536,ols
98106,2824456.0,-97.08764540392797,-2.6980688817863125,ols
98117,2824456.0,-97.08764540392797,-3.467042096072035,ols
98121,2824456.0,-97.08764540392797,-3.6686045960720293,ols
98130,2824456.0,-97.08764540392797,-2.9004498341672758,ols
98139,2824456.0,-97.08764540392797,-2.5730688817863125,ols
98156,2824456.0,-97.08764540392797,-2.5802117389291794,ols
98218,2824456.0,-94.8908323639907,0.07186684674931598,ols
98232,2824456.0,-94.30401198265277,7.496511982652763,ols
98263,2824456.0,-92.05812625372351,4.092848475945743,ols
98268,2824456.0,-91.68591978362194,3.867905077739593,ols
98320,2824456.0,-85.56722280886791,6.17779973194483,ols
98338,2824456.0,-84.31966618854469,1.2933503990710022,ols
98349,2824456.0,-83.92777503096742,2.3716852873776872,ols
98361,2824456.0,-82.23726020703891,4.571188778467487,ols
98367,2824456.0,-80.53763654087861,-0.046245038068761346,ols
98374,2824456.0,-78.4179993652822,1.9179993652821992,ols
110752,2824456.0,-102.60826538599652,-4.837984614003489,ols
110756,2824456.0,-102.58767940255264,-4.3035705974473615,ols
110786,2824456.0,-102.07988541876686,2.9713327871879045,ols
111021,2824456.0,-100.27756195350668,-1.599938046493321,ols
111043,2824456.0,-99.65975233207064,-3.745195584596047,ols
111060,2824456.0,-99.12838082928697,-6.346619170713026,ols
111091,2824456.0,-98.26581182295479,-1.4554381770452096,ols
111119,2824456.0,-97.67497396277987,-0.16377603722013134,ols
111124,2824456.0,-97.5775381156645,-2.846211884335503,ols
111135,2824456.0,-97.2923450595141,-3.4907799404858935,ols
111153,2824456.0,-96.6498360932474,-0.7439139067525957,ols
111160,2824456.0,-96.51088310206494,-0.8003668979350635,ols
111163,2824456.0,-96.38029106922578,-0.5059589307742272,ols
111176,2824456.0,-96.02442298561155,-5.8512020143884484,ols
111180,2824456.0,-95.9366329230069,-2.3514920769930967,ols
111196,2824456.0,-95.60124535203178,-0.910004647968222,ols
111199,2824456.0,-95.49468148617461,-0.8478185138253878,ols
111217,2824456.0,-94.79476763733757,0.27101763733756457,ols
111230,2824456.0,-94.28293699820486,2.1791869982048553,ols
111278,2824456.0,-91.07848465407517,2.612859654075166,ols
111285,2824456.0,-90.30202776572601,1.5770277657260152,ols
111317,2824456.0,-86.48802128769879,-1.0057287123012202,ols
111349,2824456.0,-80.53361906204164,1.351119062041633,ols
111383,2824456.0,-68.11424003299709,-9.605134967002911,ols
111389,2824456.0,-69.14144896560543,-7.117301034394572,ols
111395,2824456.0,-70.72716416259325,-5.166585837406743,ols
111440,2824456.0,-74.58828732559635,-0.5523376744036455,ols
111443,2824456.0,-74.58829691385134,-0.43107808614865917,ols
111464,2824456.0,-74.58829691385134,-0.6717030861486677,ols
111472,2824456.0,-74.58828732559635,-0.3423376744036517,ols
111481,2824456.0,-74.58829691385134,-0.3023280861486626,ols
111489,2824456.0,-74.58828732559635,-0.254837674403646,ols
111506,2824456.0,-74.58829691385134,-0.5760780861486694,ols
111540,2824456.0,-76.31562104865131,-0.5506289513486848,ols
111552,2824456.0,-78.82622890934684,1.0012289093468354,ols
123550,2824456.0,-98.91835969218644,-6.859765307813561,ols
123571,2824456.0,-98.2918918765027,-0.978108123497293,ols
123605,2824456.0,-97.81411871906197,-0.7415062809380402,ols
123608,2824456.0,-97.73235966884026,-1.9195153311597437,ols
123626,2824456.0,-97.1639775018305,-0.4853974981695046,ols
123630,2824456.0,-97.03060487504689,-5.485645124953109,ols
123655,2824456.0,-96.23591112572414,-4.747213874275857,ols
123661,2824456.0,-95.99994417064545,-4.075680829354553,ols
123662,2824456.0,-95.8801101598948,-1.7836398401051952,ols
123679,2824456.0,-95.54414729362082,0.5747722936208248,ols
123689,2824456.0,-95.34308158667241,3.5418315866724157,ols
123718,2824456.0,-93.86413160889636,1.3453816088963606,ols
123760,2824456.0,-91.98369263030719,4.871817630307191,ols
123783,2824456.0,-91.77811085526281,-1.8287641447371925,ols
123787,2824456.0,-91.77874368009154,-2.284381319908462,ols
123819,2824456.0,-91.77900256297602,-2.479204507731069,ols
123825,2824456.0,-91.779012151231,-2.3403628487690042,ols
123855,2824456.0,-91.779012151231,-2.156612848769001,ols
123892,2824456.0,-90.86776357436104,2.8508885743610364,ols
123955,2824456.0,-82.63731096960488,5.530435969604881,ols
123960,2824456.0,-81.65330671394027,0.6701817139402664,ols
123992,2824456.0,-69.14365426425101,-8.63634573574899,ols
124001,2824456.0,-67.37625122363109,-9.58062377636891,ols
124014,2824456.0,-75.01284566789337,-1.5390293321066224,ols
124018,2824456.0,-76.84278330749841,0.6715333074984073,ols
124025,2824456.0,-78.3664816712701,1.4164816712700912,ols
10199,2824458.0,-89.2545429784548,7.100525121311932,ols
10215,2824458.0,-89.81553486794753,11.355976044418128,ols
10219,2824458.0,-89.96344922029455,10.90094922029455,ols
10266,2824458.0,-92.23697482608489,11.013417133777196,ols
10269,2824458.0,-92.43842972499888,12.593522317591479,ols
10272,2824458.0,-92.64345526664042,10.044317335605939,ols
10303,2824458.0,-94.05053672779115,12.33294413519856,ols
10326,2824458.0,-95.33627361924393,12.18854634651666,ols
10367,2824458.0,-97.29273760743635,9.401666178864929,ols
10383,2824458.0,-97.86604535018718,7.714835672767819,ols
10385,2824458.0,-97.96506862925148,9.260741706174556,ols
10390,2824458.0,-98.05164239463473,8.470623876116207,ols
10415,2824458.0,-98.51481394886976,-2.6053783588225485,ols
10428,2824458.0,-98.67645713608898,-1.131732519083414,ols
24619,2824458.0,-90.2624666807934,12.229966680793396,ols
24630,2824458.0,-90.83518249881398,12.383307498813977,ols
24635,2824458.0,-91.04630868404615,15.300683684046149,ols
24648,2824458.0,-91.78121187815086,13.22433687815085,ols
24666,2824458.0,-92.49704936763818,11.217674367638182,ols
24670,2824458.0,-92.65208591109415,13.134585911094149,ols
24735,2824458.0,-95.42363979999185,12.93551479999185,ols
24741,2824458.0,-95.77708569415302,9.523335694153019,ols
24772,2824458.0,-96.88983735678144,12.466712356781443,ols
24792,2824458.0,-97.46396615641613,11.214591156416134,ols
24797,2824458.0,-97.55954290600279,9.276417906002791,ols
24802,2824458.0,-97.65351573051396,3.2378907305139535,ols
24833,2824458.0,-98.21063146774097,-1.8724935322590284,ols
24836,2824458.0,-98.24737853688082,-2.1051214631191897,ols
24867,2824458.0,-98.51066092858505,-1.1393390714149518,ols
39587,2824458.0,-82.7699598228761,12.017459822876106,ols
39594,2824458.0,-81.92056692933647,9.614316929336468,ols
39599,2824458.0,-80.26113458964468,10.15988458964469,ols
39611,2824458.0,-79.33416136775212,8.97041136775212,ols
39625,2824458.0,-79.38901942420252,8.50464442420251,ols
39651,2824458.0,-77.89053332809596,9.242408328095962,ols
39658,2824458.0,-77.24970797740619,7.949707977406192,ols
39660,2824458.0,-76.64525735610661,9.996507356106605,ols
39663,2824458.0,-76.04424371711161,10.144868717111606,ols
39686,2824458.0,-74.80040936825557,7.936659368255576,ols
39702,2824458.0,-74.78038894633136,7.9691389463313556,ols
39714,2824458.0,-74.7790237005826,7.857773700582598,ols
39725,2824458.0,-74.7790237005826,5.851523700582604,ols
39729,2824458.0,-74.51280077957333,5.147175779573331,ols
39756,2824458.0,-67.86758643712065,1.8882114371206455,ols
39767,2824458.0,-68.75453790951093,1.4501629095109365,ols
39781,2824458.0,-69.5993195184586,-5.292555481541399,ols
39788,2824458.0,-69.76291032898374,-5.218964671016266,ols
39793,2824458.0,-69.71889786113893,-5.770477138861068,ols
39813,2824458.0,-69.73884190567858,-4.568033094321422,ols
39815,2824458.0,-69.73884190567858,-3.5949080943214113,ols
39866,2824458.0,-69.73884190567858,-6.214908094321416,ols
39870,2824458.0,-69.73884190567858,-6.35115809432142,ols
39882,2824458.0,-69.73884190567858,-6.709283094321421,ols
39924,2824458.0,-69.73884190567858,-8.173033094321411,ols
39941,2824458.0,-69.73884190567858,-5.630533094321422,ols
39950,2824458.0,-69.73884190567858,-6.372408094321415,ols
39969,2824458.0,-69.73884190567858,-6.785533094321423,ols
39998,2824458.0,-71.05607492108365,-5.69455007891635,ols
39999,2824458.0,-71.97604051794409,-5.322709482055913,ols
40010,2824458.0,-73.23056770063661,-3.6525572993633943,ols
40011,2824458.0,-73.41997406713841,-3.0762759328615914,ols
40041,2824458.0,-73.41997406713841,-1.1150259328615846,ols
40046,2824458.0,-73.23850140145636,-1.0258735985436402,ols
40111,2824458.0,-72.84464232369713,-4.281607676302869,ols
40136,2824458.0,-72.8361262453202,-3.992623754679798,ols
40151,2824458.0,-72.8361262453202,-4.273873754679798,ols
40176,2824458.0,-72.80171823358208,-3.133281766417923,ols
40185,2824458.0,-72.80421004575291,-3.2920399542470875,ols
40217,2824458.0,-72.80421959292599,-2.133280407074011,ols
40222,2824458.0,-72.80421004575291,-5.714539954247087,ols
40224,2824458.0,-72.81524657781986,-6.278503422180137,ols
40241,2824458.0,-75.8485457635578,-0.7789542364422033,ols
40332,2824458.0,-81.1768612416628,2.1593612416628076,ols
40347,2824458.0,-82.84852351005506,4.265398510055064,ols
40351,2824458.0,-83.48773538849629,6.4102353884962895,ols
40361,2824458.0,-84.65531646605591,7.345316466055905,ols
40398,2824458.0,-88.15882347258021,4.136948472580215,ols
40414,2824458.0,-88.98272541402751,8.696475414027518,ols
40461,2824458.0,-89.25268127970648,3.79893127970648,ols
40476,2824458.0,-90.11843802788518,5.914063027885177,ols
40484,2824458.0,-90.6515521720185,9.4309271720185,ols
40515,2824458.0,-92.1231343344186,-1.7193656655814067,ols
40537,2824458.0,-92.96933847215342,-3.2675365278465733,ols
40547,2824458.0,-93.3856811424885,-6.961818857511503,ols
40568,2824458.0,-93.65598070639793,-1.388394293602076,ols
40586,2824458.0,-93.69464675732449,-3.6847282426755044,ols
40589,2824458.0,-93.6936824928446,-3.373817507155394,ols
40692,2824458.0,-94.74963802288977,-7.822861977110236,ols
55820,2824458.0,-86.72706256904793,9.048583187604635,ols
55837,2824458.0,-84.81972833346494,13.03597833346494,ols
55838,2824458.0,-84.13471866581511,10.982218665815111,ols
55866,2824458.0,-75.62036832722566,6.358493327225659,ols
55887,2824458.0,-69.5243169268341,2.2218169268341086,ols
55912,2824458.0,-68.9268548362205,2.3868548362204933,ols
55922,2824458.0,-68.9268548362205,2.2737298362204967,ols
55966,2824458.0,-68.9268548362205,2.204354836220503,ols
55983,2824458.0,-68.9268548362205,1.9749798362204984,ols
55989,2824458.0,-68.9268548362205,2.1468548362204984,ols
56048,2824458.0,-67.20602462652656,3.7053996265265567,ols
56058,2824458.0,-67.39791325802611,5.765413258026108,ols
56070,2824458.0,-67.46905879173102,4.474058791731018,ols
56099,2824458.0,-67.49841634891601,3.3902913489160085,ols
56112,2824458.0,-67.49841634891601,3.4284163489160164,ols
56159,2824458.0,-67.49841634891601,3.176541348916004,ols
56177,2824458.0,-67.50412555841083,3.337875558410829,ols
56182,2824458.0,-67.49847363195441,4.055973631954409,ols
56190,2824458.0,-67.4929362715748,3.749186271574807,ols
56196,2824458.0,-67.49834951870452,3.7589745187045125,ols
56200,2824458.0,-67.49847363195441,3.2659736319544095,ols
56210,2824458.0,-67.49834951870452,3.812099518704514,ols
56224,2824458.0,-67.49834951870452,4.022724518704514,ols
56247,2824458.0,-67.66443214140051,3.092557141400505,ols
56268,2824458.0,-70.32338667113078,-4.381613328869221,ols
56338,2824458.0,-70.54230334958667,-7.63957165041333,ols
56357,2824458.0,-70.52162417272078,-7.662125827279226,ols
56371,2824458.0,-70.5255576080249,-6.9213173919751085,ols
56385,2824458.0,-70.52553851367875,-7.193836486321246,ols
56521,2824458.0,-76.9156332974006,-0.17499170259939945,ols
56550,2824458.0,-78.71177160825722,-1.3313533917427804,ols
56585,2824458.0,-81.93854425622406,2.0572942562240684,ols
56664,2824458.0,-89.28934242428872,9.868717424288718,ols
56668,2824458.0,-89.62024744283566,11.582122442835669,ols
56676,2824458.0,-90.26174109564022,10.332991095640224,ols
56682,2824458.0,-90.85072529656917,9.937600296569173,ols
56733,2824458.0,-93.31904187447182,-4.920333125528174,ols
56741,2824458.0,-93.41007416967797,-7.084925830322035,ols
56755,2824458.0,-93.39127578590652,-11.528724214093486,ols
56769,2824458.0,-93.39127578590652,-9.079974214093482,ols
56813,2824458.0,-93.88307931217334,-6.28129568782667,ols
56860,2824458.0,-94.44126433278399,-5.2856106672160195,ols
56871,2824458.0,-94.46256407589934,-8.738685924100665,ols
56879,2824458.0,-94.46518954849313,-7.626685451506873,ols
56898,2824458.0,-94.46219173614969,-8.652183263850304,ols
56907,2824458.0,-94.46518954849313,-6.6373104515068775,ols
56917,2824458.0,-94.46518954849313,-7.079810451506873,ols
56945,2824458.0,-94.46604879406928,-6.315826205930719,ols
56993,2824458.0,-94.46518954849313,-8.704810451506873,ols
56994,2824458.0,-94.46219173614969,-11.137808263850303,ols
57001,2824458.0,-94.51331684793038,-10.234183152069619,ols
74028,2824458.0,-84.77896190446333,10.627086904463326,ols
74034,2824458.0,-82.52817766492166,11.231302664921657,ols
74048,2824458.0,-77.58815526267708,10.39190526267707,ols
74055,2824458.0,-73.0801806304649,3.907055630464896,ols
74068,2824458.0,-67.25126867969718,3.7275186796971767,ols
74073,2824458.0,-67.26072038103479,2.64322038103478,ols
74118,2824458.0,-70.26801306733469,-6.1082369326653065,ols
74163,2824458.0,-70.26537804756785,-5.9758719524321435,ols
74168,2824458.0,-70.26942604894882,-5.996198951051184,ols
74172,2824458.0,-70.26946423764107,-5.810535762358924,ols
74200,2824458.0,-70.26942604894882,-5.2636989510511825,ols
74221,2824458.0,-70.26942604894882,-5.79744895105118,ols
74229,2824458.0,-70.26946423764107,-6.571160762358929,ols
74233,2824458.0,-70.26946423764107,-6.867410762358929,ols
74247,2824458.0,-70.26951197350644,-7.549863026493554,ols
74283,2824458.0,-73.67462581438893,-3.600999185611073,ols
74300,2824458.0,-75.90308876329692,-3.6131612367030783,ols
74312,2824458.0,-77.16512002402115,-3.0673799759788523,ols
74314,2824458.0,-77.47320729893487,-2.8492927010651385,ols
74338,2824458.0,-78.76486343768998,-0.5145115623100196,ols
74395,2824458.0,-85.17427215252896,7.2148971525289625,ols
74446,2824458.0,-90.62107759558451,7.016702595584505,ols
74457,2824458.0,-90.8828992698093,7.327274269809294,ols
74461,2824458.0,-91.01843093868675,6.641868438686743,ols
74493,2824458.0,-92.39963956082242,-0.5897354391775735,ols
74499,2824458.0,-92.81227792800699,-2.0195970719930045,ols
74548,2824458.0,-93.85559300090975,-7.063156999090253,ols
74551,2824458.0,-93.85559300090975,-7.826281999090256,ols
74557,2824458.0,-93.85559300090975,-10.224406999090249,ols
74563,2824458.0,-93.97780636335692,-7.657818636643086,ols
74581,2824458.0,-94.47244540002502,-11.386304599974977,ols
74584,2824458.0,-94.57914460623624,-9.902105393763762,ols
74610,2824458.0,-94.88958048572476,-4.49666951427524,ols
74636,2824458.0,-94.88326980432662,-4.5611051956733775,ols
74671,2824458.0,-94.88326980432662,-7.021730195673385,ols
74717,2824458.0,-94.88230553984673,-4.6951944601532745,ols
74730,2824458.0,-94.88230553984673,-5.0701944601532745,ols
74758,2824458.0,-94.88230553984673,-4.368944460153273,ols
86238,2824458.0,-84.97195800803881,13.543208008038818,ols
86241,2824458.0,-84.28072358354848,9.827598583548479,ols
86262,2824458.0,-79.27049127055969,11.389866270559693,ols
86270,2824458.0,-76.73161153650929,8.650361536509294,ols
86331,2824458.0,-67.56866444835248,2.5117894483524736,ols
86346,2824458.0,-67.56866444835248,3.6280394483524816,ols
86356,2824458.0,-67.56866444835248,2.5855394483524776,ols
86368,2824458.0,-67.57433546915505,2.95933546915505,ols
86400,2824458.0,-67.56610580597018,3.56798080597018,ols
86404,2824458.0,-67.56059708710978,3.3993470871097884,ols
86411,2824458.0,-67.56599123989335,3.4003662398933443,ols
86415,2824458.0,-67.55806708624668,3.3649420862466854,ols
86429,2824458.0,-67.56599123989335,3.6884912398933523,ols
86432,2824458.0,-67.56599123989335,3.7541162398933494,ols
86492,2824458.0,-76.01833268940428,-0.08479231059573067,ols
86507,2824458.0,-76.56768657492675,-3.0029384250732534,ols
86527,2824458.0,-76.90385208583432,-0.06989791416567925,ols
86578,2824458.0,-80.85124535699569,3.467495356995684,ols
86590,2824458.0,-82.03702334642347,2.7232733464234684,ols
86598,2824458.0,-82.59462598947695,-0.030999010523046877,ols
86626,2824458.0,-84.0475625228747,3.392562522874698,ols
86661,2824458.0,-85.51593683512385,8.713436835123858,ols
86676,2824458.0,-86.21408341291564,10.104083412915642,ols
86709,2824458.0,-86.36525335127895,9.919003351278946,ols
86716,2824458.0,-86.36525335127895,10.209628351278951,ols
86730,2824458.0,-86.36525335127895,10.03900335127895,ols
86737,2824458.0,-86.36525335127895,9.451503351278959,ols
86744,2824458.0,-86.36525335127895,9.467128351278959,ols
86772,2824458.0,-86.36525335127895,11.359628351278957,ols
86785,2824458.0,-86.36525335127895,11.143378351278955,ols
86843,2824458.0,-86.36525335127895,6.514003351278959,ols
86851,2824458.0,-86.36525335127895,8.531503351278957,ols
86879,2824458.0,-86.36525335127895,9.728378351278948,ols
86899,2824458.0,-86.40440630803201,7.107531308032009,ols
86910,2824458.0,-86.64372529533483,2.3712252953348383,ols
86955,2824458.0,-87.81896320569523,6.3745882056952325,ols
86959,2824458.0,-87.97171797478786,8.642342974787866,ols
86963,2824458.0,-88.11467734431243,7.975927344312424,ols
86975,2824458.0,-88.44558236285937,9.065582362859374,ols
86999,2824458.0,-89.12034791380691,8.317847913806915,ols
87028,2824458.0,-90.15819245654153,9.286942456541524,ols
87043,2824458.0,-90.67362523615238,4.7861252361523725,ols
87045,2824458.0,-90.8121451702002,7.299020170200194,ols
87067,2824458.0,-91.21827236535219,8.835772365352199,ols
87079,2824458.0,-91.26086230440984,8.197112304409842,ols
87087,2824458.0,-91.26467162646408,9.340296626464081,ols
87098,2824458.0,-91.37027290777245,8.364022907772451,ols
87119,2824458.0,-91.60820755498037,6.120082554980371,ols
87133,2824458.0,-91.77046176127597,1.0954617612759705,ols
87169,2824458.0,-92.48043728649935,-3.9695627135006504,ols
87179,2824458.0,-92.65374711920803,-4.66437788079196,ols
87185,2824458.0,-92.84778386464795,-1.677841135352054,ols
87212,2824458.0,-93.37586664857429,-3.508508351425718,ols
87217,2824458.0,-93.41409352953973,-4.03153147046028,ols
87231,2824458.0,-93.6419272676414,-6.138072732358594,ols
87235,2824458.0,-93.73560412978748,-7.248770870212525,ols
87239,2824458.0,-93.82637865132077,-7.492371348679228,ols
87250,2824458.0,-94.08947009956364,-5.933654900436352,ols
87258,2824458.0,-94.21054734841569,-6.101327651584313,ols
87323,2824458.0,-94.24835415376613,-8.336020846233865,ols
87328,2824458.0,-94.25093189049456,-7.99281810950545,ols
87358,2824458.0,-94.26613099001929,-7.460744009980715,ols
87388,2824458.0,-94.31018164655637,-5.861693353443627,ols
87429,2824458.0,-94.33024980434591,-5.757875195654094,ols
87453,2824458.0,-94.75279813717536,-9.099076862824646,ols
87466,2824458.0,-95.02438656944902,-7.7206134305509835,ols
87468,2824458.0,-95.03793400803292,-7.833315991967083,ols
87515,2824458.0,-94.97590602460824,-7.702218975391759,ols
87520,2824458.0,-94.97403477868686,-7.941590221313149,ols
87528,2824458.0,-94.97806368572168,-8.103781552373562,ols
87533,2824458.0,-94.97463625059017,-8.054113749409836,ols
87542,2824458.0,-94.97120881545864,-8.165986306492584,ols
87583,2824458.0,-94.99143927519034,-8.277935724809652,ols
87618,2824458.0,-94.999220221241,-7.8089047787590005,ols
87622,2824458.0,-95.00170248623876,-7.871422513761246,ols
87640,2824458.0,-95.00761218636804,-7.99676281363196,ols
98448,2824458.0,-84.6258729843133,10.432747984313309,ols
98478,2824458.0,-74.78908642099657,7.533461420996574,ols
98485,2824458.0,-72.9718202161398,4.466195216139809,ols
98487,2824458.0,-71.17603515068672,1.0091601506867107,ols
98517,2824458.0,-67.08197820685025,2.116353206850249,ols
98529,2824458.0,-67.08957775661261,1.82707775661261,ols
98538,2824458.0,-67.08957775661261,1.5895777566126128,ols
98543,2824458.0,-67.0895491150934,1.342674115093402,ols
98560,2824458.0,-67.08957775661261,1.5120777566126122,ols
98579,2824458.0,-67.09578341910701,1.9182834191070128,ols
98584,2824458.0,-67.09699591008668,1.8988709100866714,ols
98597,2824458.0,-67.101654930544,1.6135299305440043,ols
98609,2824458.0,-67.09543017370348,1.8535551737034837,ols
98619,2824458.0,-67.09943043921909,3.394430439219093,ols
98649,2824458.0,-68.95288997717773,-6.638985022822268,ols
98703,2824458.0,-70.2380540382464,-2.1781959617536018,ols
98707,2824458.0,-70.23801584955413,-2.0794841504458645,ols
98721,2824458.0,-70.23801584955413,-3.5694841504458736,ols
98743,2824458.0,-70.2380540382464,-2.520695961753603,ols
98750,2824458.0,-70.2380540382464,-3.350695961753601,ols
98772,2824458.0,-70.23810177411174,-2.1293982258882664,ols
98799,2824458.0,-70.23394875382704,-2.6479262461729576,ols
98818,2824458.0,-70.2211650890886,-2.1682099109114006,ols
98838,2824458.0,-70.22115554191554,-7.731344458084465,ols
98843,2824458.0,-70.22111735322326,-7.815132646776732,ols
98856,2824458.0,-72.42565508642214,-8.520594913577867,ols
98870,2824458.0,-75.71872330417519,-3.048776695824813,ols
98898,2824458.0,-77.57981103341541,-2.8033139665845965,ols
98933,2824458.0,-78.70823915422194,-2.1105108457780517,ols
98945,2824458.0,-78.94580146168022,-0.7416985383197812,ols
98965,2824458.0,-80.73758626161771,2.674461261617708,ols
98975,2824458.0,-81.56854356396248,3.3897935639624848,ols
99008,2824458.0,-82.58859217609779,2.794842176097788,ols
99015,2824458.0,-82.58902179888587,2.417771798885866,ols
99037,2824458.0,-83.25446930891876,2.462594308918753,ols
99051,2824458.0,-84.73135015237177,4.766975152371771,ols
99091,2824458.0,-88.11377991004402,4.0219049100440145,ols
99109,2824458.0,-89.22393474159787,3.7720597415978716,ols
99171,2824458.0,-92.45731403332796,1.251064033327964,ols
99190,2824458.0,-93.34813211081091,-6.05999288918909,ols
99211,2824458.0,-94.21733538846725,-8.81516461153275,ols
99215,2824458.0,-94.35615128488018,-7.776973715119823,ols
99269,2824458.0,-94.69202083342263,-7.490479166577373,ols
99271,2824458.0,-94.69202083342263,-7.439229166577363,ols
99281,2824458.0,-94.69202083342263,-7.916729166577369,ols
99302,2824458.0,-94.69612611784201,-8.271373882157988,ols
99332,2824458.0,-94.69612611784201,-10.44074888215799,ols
111577,2824458.0,-85.15887256236981,11.678872562369804,ols
111595,2824458.0,-81.65541329171084,11.515413291710843,ols
111602,2824458.0,-79.3290822716798,12.062832271679795,ols
111647,2824458.0,-68.83845756078121,-8.080660086277618,ols
111675,2824458.0,-70.48153559300701,-0.8340894069929874,ols
111692,2824458.0,-70.48206068752577,-0.21043931247422165,ols
111740,2824458.0,-70.47811770504856,-0.2618822949514339,ols
111743,2824458.0,-70.48203204600657,-0.10484295399344035,ols
111746,2824458.0,-70.48206068752577,-0.30231431247422336,ols
111768,2824458.0,-70.48203204600657,-0.4123429539934307,ols
111774,2824458.0,-70.48203204600657,-1.0910929539934386,ols
111788,2824458.0,-70.48206068752577,-0.4423143124742239,ols
111796,2824458.0,-70.48206068752577,-7.43543931247423,ols
111830,2824458.0,-76.2998310873228,-0.4976689126771987,ols
111833,2824458.0,-76.33509834463707,-1.239901655362928,ols
111848,2824458.0,-76.09372671512455,0.02935171512454815,ols
111864,2824458.0,-75.87950724581826,-2.6654927541817415,ols
111883,2824458.0,-75.98613007464493,-3.5144949253550664,ols
111901,2824458.0,-78.37278013412143,-0.24909486587857543,ols
111919,2824458.0,-80.20520724981064,3.1745822498106406,ols
111921,2824458.0,-80.323391705223,-0.8128582947770013,ols
111943,2824458.0,-80.70914523304728,3.36602023304728,ols
111958,2824458.0,-81.47439889033606,-2.063726109663932,ols
111975,2824458.0,-81.58798160832951,1.8673566083295157,ols
112004,2824458.0,-82.76167287665282,2.4841728766528206,ols
112039,2824458.0,-84.2973643062065,8.135489306206509,ols
112055,2824458.0,-86.16319698046165,7.843196980461656,ols
112064,2824458.0,-87.02315859458788,10.534408594587887,ols
112092,2824458.0,-88.816986489562,5.753236489561999,ols
112111,2824458.0,-89.72702302643141,9.166398026431409,ols
112145,2824458.0,-91.16709951770616,4.237099517706156,ols
112173,2824458.0,-91.83824669006083,3.5976216900608335,ols
112196,2824458.0,-91.97543001987908,-0.931444980120915,ols
112217,2824458.0,-92.67644074959135,-6.0960592504086435,ols
112224,2824458.0,-92.68590199810203,-7.160348001897972,ols
112241,2824458.0,-92.63739281174206,-6.348857188257938,ols
112252,2824458.0,-92.67301331445984,-2.683236685540166,ols
112254,2824458.0,-92.7175222353042,-4.614352764695795,ols
112265,2824458.0,-93.02446384944973,-3.108661150550276,ols
112324,2824458.0,-93.91091886884047,-9.529706131159529,ols
112353,2824458.0,-94.52973798560784,-10.465887014392166,ols
112357,2824458.0,-94.55809308962066,-11.500031910379349,ols
112381,2824458.0,-94.62524790498303,-4.685377095016975,ols
112429,2824458.0,-94.61917590291158,-6.280824097088427,ols
112442,2824458.0,-94.62140039423649,-3.8273496057635157,ols
112446,2824458.0,-94.6183262045085,-4.309173795491489,ols
112471,2824458.0,-94.61949095962284,-4.248634040377169,ols
112528,2824458.0,-94.62367262142675,-11.036327378573247,ols
112538,2824458.0,-94.84623631999473,-8.687513680005267,ols
124035,2824458.0,-87.22251311542685,10.563363630890763,ols
124038,2824458.0,-86.73886287496035,9.091362874960353,ols
124068,2824458.0,-81.5658894498495,10.158389449849494,ols
124073,2824458.0,-80.45590646741087,11.95590646741087,ols
124084,2824458.0,-76.32275384985977,8.26525384985976,ols
124092,2824458.0,-73.1926654235555,4.817040423555497,ols
124100,2824458.0,-70.53430281855546,0.9080528185554613,ols
124145,2824458.0,-69.62632847106877,1.7450153397556392,ols
124159,2824458.0,-69.6499004413744,2.1341176130915755,ols
124172,2824458.0,-69.64994817723974,2.1068231772397326,ols
124246,2824458.0,-69.64994817723974,-0.013176822760257778,ols
124275,2824458.0,-70.82399269096658,-1.8985073090334197,ols
124360,2824458.0,-71.02338540049782,-3.054114599502185,ols
124385,2824458.0,-71.02338540049782,-1.8816145995021856,ols
124425,2824458.0,-71.02338540049782,-4.34536459950219,ols
124460,2824458.0,-71.02338540049782,-2.057239599502182,ols
124474,2824458.0,-71.02338540049782,-4.645364599502187,ols
124480,2824458.0,-71.02338540049782,-4.237239599502189,ols
124483,2824458.0,-71.53556259409237,-7.002562405907625,ols
124493,2824458.0,-73.4400326777549,-5.434342322245101,ols
124498,2824458.0,-75.06288979742206,-3.3996102025779464,ols
124507,2824458.0,-75.81326895907046,-0.10048104092953736,ols
124510,2824458.0,-76.05471696596751,-3.494658034032483,ols
124517,2824458.0,-76.35596846496435,-0.08528153503564795,ols
124545,2824458.0,-77.7985749571022,-1.907675042897793,ols
124549,2824458.0,-77.92510364177625,-2.676146358223747,ols
124566,2824458.0,-79.68305326035971,2.669928260359711,ols
124578,2824458.0,-80.84021837210182,3.3877183721018156,ols
137446,2824467.0,-95.12736870087373,-1.932631299126271,ols
137451,2824467.0,-95.10591755684563,-1.9109574431543734,ols
137484,2824467.0,-95.07809324683815,0.6424682468381491,ols
137490,2824467.0,-95.07809324683815,0.48184324683815305,ols
137503,2824467.0,-95.07809324683815,0.7124682468381565,ols
137543,2824467.0,-94.50809763055497,-0.5819023694450323,ols
137571,2824467.0,-92.70909842582071,0.6440984258207152,ols
137574,2824467.0,-92.41574908532036,0.08137408532036261,ols
137599,2824467.0,-90.51013006392463,0.3313800639246409,ols
137612,2824467.0,-89.13190819130699,2.0006581913069965,ols
137637,2824467.0,-84.57728485026604,1.674784850266036,ols
137641,2824467.0,-83.44279064999677,1.24654064999676,ols
137676,2824467.0,-84.13574173675991,4.813241736759906,ols
137678,2824467.0,-85.54600607912968,5.70475607912968,ols
137684,2824467.0,-86.66889150810837,1.4263915081083667,ols
152341,2824467.0,-95.20951329918428,2.7407632991842803,ols
152348,2824467.0,-95.20480761343899,2.8823076134389822,ols
152352,2824467.0,-95.20480761343899,2.590432613438992,ols
152359,2824467.0,-95.20480761343899,2.1879326134389885,ols
152380,2824467.0,-95.20480761343899,2.206057613438986,ols
152383,2824467.0,-95.20480761343899,2.0516826134389845,ols
152417,2824467.0,-95.05134290715091,-0.409907092849096,ols
152423,2824467.0,-94.77002627359387,0.6262762735938736,ols
152434,2824467.0,-94.19138943558924,0.30951443558925007,ols
152453,2824467.0,-93.1714709110643,1.5314709110643037,ols
152462,2824467.0,-92.23034789319335,0.15534789319335118,ols
152466,2824467.0,-91.890973271995,-1.8515267280050125,ols
152499,2824467.0,-88.09092006484141,2.577170064841411,ols
152513,2824467.0,-86.10345320009205,1.7303282000920461,ols
152528,2824467.0,-82.14025542257974,1.1727554225797405,ols
152537,2824467.0,-80.30498852275448,-1.0906364772455106,ols
152570,2824467.0,-78.90911679579486,-3.2340082042051392,ols
152575,2824467.0,-78.62178027596906,-3.696969724030936,ols
152602,2824467.0,-77.34308436342386,-2.8987906365761376,ols
152665,2824467.0,-83.51857621351637,3.6048262135163753,ols
152700,2824467.0,-83.51919092021282,3.7610659202128147,ols
152723,2824467.0,-83.51919092021282,2.5579409202128147,ols
152744,2824467.0,-83.51919092021282,3.8229409202128153,ols
152749,2824467.0,-83.51919092021282,3.902940920212828,ols
152754,2824467.0,-83.51919092021282,3.3866909202128284,ols
166155,2824467.0,-94.96600466025649,-0.22774533974350675,ols
166186,2824467.0,-92.06847512979283,-0.3340248702071733,ols
166192,2824467.0,-91.60327640686438,-3.1810985931356157,ols
166239,2824467.0,-79.78964527770235,-3.648479722297651,ols
166272,2824467.0,-85.63029155248651,5.849666552486511,ols
175792,2824467.0,-95.9535486321013,7.767981621792018,ols
175797,2824467.0,-95.84047792792416,4.53797792792416,ols
175802,2824467.0,-95.68567782432999,2.8488028243299794,ols
175820,2824467.0,-94.41566552707154,-1.7174594729284678,ols
175825,2824467.0,-93.89833685004578,3.4902118500457817,ols
175843,2824467.0,-90.46531299983693,-0.42031200016307935,ols
175845,2824467.0,-89.9424660937315,0.5143410937315025,ols
175856,2824467.0,-85.42213914699636,1.6621391469963527,ols
175872,2824467.0,-78.33625961385576,-3.5131153861442357,ols
175885,2824467.0,-86.59188359679007,0.519383596790064,ols
183275,2824467.0,-96.006024800315,-1.0422999419530328,ols
183285,2824467.0,-95.02607634224825,-2.71767365775176,ols
183310,2824467.0,-94.71801643459818,-0.6426085654018152,ols
183321,2824467.0,-94.71801643459818,-1.453233565401817,ols
183325,2824467.0,-94.71801643459818,-0.16823356540182033,ols
183341,2824467.0,-94.71801643459818,-0.6426085654018152,ols
183352,2824467.0,-94.5432136337894,-2.0105363662105873,ols
183362,2824467.0,-93.59282055631209,2.429070556312098,ols
183364,2824467.0,-93.31266974580006,-0.9567052541999317,ols
183367,2824467.0,-93.00499138023744,0.8274913802374471,ols
183385,2824467.0,-89.09794387992915,-0.019556120070859606,ols
183410,2824467.0,-77.95961398318829,-4.619136016811709,ols
197866,2824467.0,-103.1313727427247,0.05449774272469199,ols
197880,2824467.0,-103.13190972788482,-2.9818402721151784,ols
198242,2824467.0,-95.83859847986372,2.3642234798637247,ols
198275,2824467.0,-89.68898790137034,-0.3985120986296664,ols
198281,2824467.0,-87.64857853918929,0.6673285391892847,ols
198282,2824467.0,-86.84148984352296,-0.3910101564770372,ols
198286,2824467.0,-84.88279407840551,0.9021690784055068,ols
198288,2824467.0,-83.64921905049916,0.7535940504991601,ols
204609,2824467.0,-103.1714770554729,-1.2622729445270977,ols
204613,2824467.0,-103.15880137945629,-5.30744862054371,ols
204908,2824467.0,-95.45750152484257,-0.39124847515742545,ols
204920,2824467.0,-93.81896196466641,-0.25916303533358587,ols
204926,2824467.0,-92.88549805092146,0.4123730509214596,ols
204928,2824467.0,-92.56546902667597,-0.9389059733240259,ols
204930,2824467.0,-92.24379371897908,0.9106687189790819,ols
204938,2824467.0,-90.56168063929655,-1.3051943607034389,ols
204947,2824467.0,-88.07414634418174,1.7147713441817416,ols
204967,2824467.0,-77.61089864644147,-4.984101353558529,ols
204972,2824467.0,-82.77983301066425,1.6769289702602066,ols
124618,2824469.0,-87.68125058112722,-1.6762494188727857,ols
124627,2824469.0,-88.14786777770149,1.5128677777014872,ols
124630,2824469.0,-88.29900400518308,2.7783790051830834,ols
124649,2824469.0,-88.56898698982974,-1.2853880101702657,ols
124707,2824469.0,-90.73426928505609,0.1705192850560877,ols
137689,2824469.0,-89.29566435695338,9.92324167654101,ols
137699,2824469.0,-88.18641800007939,18.266418000079383,ols
137703,2824469.0,-87.75424091384275,12.51986591384275,ols
137751,2824469.0,-77.71581199343564,0.5526869934356426,ols
137815,2824469.0,-78.26660285083506,3.2116028508350496,ols
137839,2824469.0,-78.26660285083506,2.8872278508350604,ols
137868,2824469.0,-78.26660285083506,3.0447278508350593,ols
137895,2824469.0,-78.25053279067751,2.8311577906775085,ols
137903,2824469.0,-78.25053279067751,2.971157790677509,ols
137990,2824469.0,-81.83231621378988,-0.017683786210113794,ols
138000,2824469.0,-81.84417460390614,3.024799603906146,ols
138013,2824469.0,-81.90315590648433,2.335655906484334,ols
138019,2824469.0,-82.28552775423273,2.194277754232729,ols
138079,2824469.0,-86.3172728617561,0.9116478617560944,ols
138105,2824469.0,-88.07375433297494,-0.3699956670250515,ols
138130,2824469.0,-89.34619244944872,0.47056744944872264,ols
138145,2824469.0,-89.82484128214092,4.5992162821409295,ols
138147,2824469.0,-90.00496933190672,-0.20503066809327208,ols
138190,2824469.0,-91.67460079027418,-3.648524209725821,ols
152792,2824469.0,-89.34074416139529,11.318869161395298,ols
152816,2824469.0,-86.95317529798987,13.604425297989877,ols
152823,2824469.0,-85.71769831987844,9.862698319878433,ols
152848,2824469.0,-80.43399396808206,4.681493968082066,ols
152868,2824469.0,-76.63470915083752,4.357834150837519,ols
152870,2824469.0,-76.84849471693329,4.059744716933295,ols
152885,2824469.0,-77.82029725445992,4.10842225445991,ols
152897,2824469.0,-78.17890452997534,4.415779529975339,ols
152947,2824469.0,-78.11036482730344,2.980364827303447,ols
153009,2824469.0,-78.11554428535422,3.2449192853542144,ols
153032,2824469.0,-78.1127365053267,3.055861505326689,ols
153057,2824469.0,-80.05037355432142,-3.8346264456785804,ols
153062,2824469.0,-81.10923519470148,1.9842351947014834,ols
153091,2824469.0,-82.40677008542127,9.72177008542127,ols
153139,2824469.0,-83.59708959709002,2.9514645970900233,ols
153171,2824469.0,-84.7929290848129,9.199179084812897,ols
153175,2824469.0,-84.80092827089129,4.699053270891284,ols
153198,2824469.0,-85.1822785646297,-0.6683464353702959,ols
153229,2824469.0,-86.42478096681,0.9354059668100092,ols
153252,2824469.0,-87.8033949863246,0.2246449863246056,ols
153261,2824469.0,-88.44488908661319,1.0630140866131939,ols
153272,2824469.0,-89.34379687542523,1.6681718754252302,ols
153297,2824469.0,-90.38143886759727,-2.1010611324027337,ols
153299,2824469.0,-90.49530330871349,-2.837821691286507,ols
153302,2824469.0,-90.60436465378262,-1.193760346217374,ols
153319,2824469.0,-91.07669299441288,-0.07268200558712579,ols
153325,2824469.0,-91.15038825913531,0.12288825913530843,ols
153352,2824469.0,-91.24006994801447,-6.067430051985539,ols
153356,2824469.0,-91.24006994801447,-3.7499300519855296,ols
153368,2824469.0,-91.31091561470897,-0.13470938529103194,ols
153373,2824469.0,-91.3708288612963,-1.0591711387037037,ols
153379,2824469.0,-91.57480511929589,-4.865819880704109,ols
153385,2824469.0,-91.69025267042763,-4.359122329572372,ols
166300,2824469.0,-87.21534429055993,5.970969290559921,ols
166302,2824469.0,-86.6157936446825,9.590793644682492,ols
166329,2824469.0,-80.7867646455403,3.5048896455403025,ols
166330,2824469.0,-79.3841172237901,1.0122422237900963,ols
166337,2824469.0,-77.99757570619778,0.6132007061977731,ols
166354,2824469.0,-77.82404295249663,-5.88845704750338,ols
166368,2824469.0,-78.77822816385053,-8.651146836149465,ols
166385,2824469.0,-78.60525696615488,-6.635368033845111,ols
166408,2824469.0,-78.60341697413685,-7.455333025863155,ols
166456,2824469.0,-78.60093776411256,-4.626562235887448,ols
166474,2824469.0,-78.58971859200257,-4.73965640799743,ols
166480,2824469.0,-78.5897424880028,-4.945882511997198,ols
166497,2824469.0,-79.14154892541218,-7.945951074587825,ols
166513,2824469.0,-81.77471490522521,-0.999035094774797,ols
166518,2824469.0,-82.29740406634916,2.1174040663491525,ols
166533,2824469.0,-83.10532186026921,-1.6196781397307802,ols
166536,2824469.0,-83.52436809437714,-0.25313190562286536,ols
166547,2824469.0,-84.75471340643826,2.3590884064382607,ols
166554,2824469.0,-85.26335769342452,0.7708576934245173,ols
166580,2824469.0,-86.81858107667043,-1.6007939233295758,ols
166587,2824469.0,-87.57378429407373,-3.64246570592627,ols
166601,2824469.0,-88.56447661978552,-2.5698983802144824,ols
166626,2824469.0,-89.69141796483297,2.1295429648329645,ols
166638,2824469.0,-89.84262588031527,4.795125880315268,ols
166663,2824469.0,-90.42735503204739,-4.162644967952616,ols
166690,2824469.0,-90.99073908157027,0.09448908157027347,ols
166717,2824469.0,-91.70920219861338,-4.925172801386623,ols
175905,2824469.0,-84.28892659587214,7.937676595872148,ols
175910,2824469.0,-81.20332569562386,4.008325695623867,ols
175914,2824469.0,-78.65825829467447,0.08388329467446454,ols
175922,2824469.0,-77.30134781737262,-3.143027182627378,ols
175945,2824469.0,-79.14083204540515,1.23208204540515,ols
175948,2824469.0,-79.14083204540515,1.0664570454051443,ols
175954,2824469.0,-79.14083204540515,-0.2341679545948523,ols
175972,2824469.0,-79.14083204540515,-0.15854295459485002,ols
175974,2824469.0,-79.14083204540515,-1.9897929545948472,ols
175982,2824469.0,-80.75259336520531,-6.58178163479468,ols
175992,2824469.0,-82.17619160516091,-0.8019333948390965,ols
175995,2824469.0,-82.2649891420314,-1.1025108579686105,ols
175996,2824469.0,-82.42962063564528,2.116495635645279,ols
176006,2824469.0,-82.90370533229276,-3.1725446677072426,ols
176009,2824469.0,-82.9098406303529,-2.8439093696470934,ols
176011,2824469.0,-82.9098406303529,-2.387034369647097,ols
176029,2824469.0,-84.95483643440008,1.3810864344000748,ols
176034,2824469.0,-85.81085687679168,-2.6441431232083232,ols
176056,2824469.0,-88.43509172651716,-3.5449082734828465,ols
176058,2824469.0,-88.61343355026546,-2.861566449734539,ols
176060,2824469.0,-88.77967802389514,-2.5109469761048615,ols
176062,2824469.0,-88.92435038331337,-0.318774616686639,ols
176075,2824469.0,-89.33868910537515,-6.8988108946248445,ols
176080,2824469.0,-89.33447743533387,-6.201772564666129,ols
176101,2824469.0,-89.34513505143835,-1.418614948561654,ols
176103,2824469.0,-89.34508128543783,-1.1536687145621727,ols
176107,2824469.0,-89.34555323144244,-1.8750717685575609,ols
176114,2824469.0,-89.59909576792793,0.2703457679279353,ols
176127,2824469.0,-90.15180427934615,-2.7163207206538544,ols
176130,2824469.0,-90.35167639930552,2.6523013993055145,ols
176141,2824469.0,-91.04031730805627,-2.390932691943732,ols
176149,2824469.0,-91.30669797066763,-0.8808020293323722,ols
176156,2824469.0,-91.4593515941641,-9.647523405835898,ols
176162,2824469.0,-91.81712250967134,-3.702252490328661,ols
183431,2824469.0,-88.58831288001919,9.987062880019195,ols
183468,2824469.0,-76.6480909109687,3.369965910968702,ols
183491,2824469.0,-78.04272122464033,-5.400403775359663,ols
183495,2824469.0,-78.04271525064027,-6.44103474935973,ols
183511,2824469.0,-78.04271525064027,-3.4704097493597317,ols
183528,2824469.0,-78.04271525064027,-5.919159749359736,ols
183536,2824469.0,-78.04271525064027,-6.657284749359732,ols
183549,2824469.0,-80.82029073386896,-3.4953342661310387,ols
183565,2824469.0,-82.45629454590676,-2.324330454093243,ols
183567,2824469.0,-82.66851492398717,-2.190860076012825,ols
183574,2824469.0,-83.67721288587548,-0.43153711412452367,ols
183590,2824469.0,-84.94648478231821,3.7264847823182095,ols
183603,2824469.0,-84.92068905006533,-2.264310949934668,ols
183608,2824469.0,-85.33962775217219,-3.1072472478278144,ols
183611,2824469.0,-85.59442482866999,-1.030575171330014,ols
183613,2824469.0,-85.86480807132057,1.981058071320561,ols
183629,2824469.0,-88.00226347427412,-0.2864865257258771,ols
183646,2824469.0,-89.33155614930523,3.063431149305231,ols
183648,2824469.0,-89.40197168799551,4.697596687995514,ols
183659,2824469.0,-89.41662591013917,4.292875910139173,ols
183662,2824469.0,-89.4111895700859,1.0380645700858935,ols
183670,2824469.0,-89.55984061354312,1.7704656135431094,ols
183697,2824469.0,-90.76818368338854,-3.651816316611459,ols
183705,2824469.0,-90.9619145312877,0.08816453128770263,ols
183712,2824469.0,-91.39893055757179,-4.686694442428205,ols
198322,2824469.0,-87.55126231385294,6.2537623138529455,ols
198341,2824469.0,-79.43488427628776,1.4967592762877615,ols
198344,2824469.0,-77.36975609204323,0.06288109204322723,ols
198364,2824469.0,-77.04159829482629,0.5834732948262911,ols
198375,2824469.0,-77.04487802085843,0.449878020858435,ols
198383,2824469.0,-77.04493178685897,0.4261817868589617,ols
198394,2824469.0,-77.04241673283431,0.8599167328343071,ols
198396,2824469.0,-77.04241673283431,0.3124167328343077,ols
198418,2824469.0,-77.04249439483507,1.8724943948350727,ols
198435,2824469.0,-79.50874681301184,-4.7925031869881565,ols
198458,2824469.0,-79.7149633210334,-4.0470316284615535,ols
198480,2824469.0,-79.71314125101553,-5.053108748984471,ols
198483,2824469.0,-79.71495734703333,-4.914417652966662,ols
198491,2824469.0,-79.73192350719964,-4.424326492800361,ols
198495,2824469.0,-79.73191753319958,-4.556832466800415,ols
198499,2824469.0,-79.7319593512,-5.18281337607273,ols
198503,2824469.0,-79.73192350719964,-4.668076492800367,ols
198508,2824469.0,-79.7301552031823,-3.778683180656074,ols
198510,2824469.0,-79.7301552031823,-4.266750737411755,ols
198524,2824469.0,-79.7301552031823,-3.931094796817689,ols
198527,2824469.0,-79.7301552031823,-4.2160947968177,ols
198530,2824469.0,-79.7301552031823,-4.909844796817694,ols
198543,2824469.0,-80.85510720621026,-7.5836427937897355,ols
198553,2824469.0,-82.66696168397195,2.453836683971943,ols
198559,2824469.0,-82.79902292926656,1.8433979292665583,ols
198568,2824469.0,-83.41681817132282,-0.5263068286771784,ols
198583,2824469.0,-84.78438029072908,0.5731302907290683,ols
198587,2824469.0,-85.09861269380951,-0.5032623061904928,ols
198599,2824469.0,-85.23689884716515,-0.8812261528348557,ols
198600,2824469.0,-85.29850273576905,-1.081497264230947,ols
198604,2824469.0,-85.66512114536303,-3.0667538546369713,ols
198608,2824469.0,-86.19874272659413,2.6218677265941324,ols
198634,2824469.0,-88.09380307717149,-1.9186969228285164,ols
198638,2824469.0,-88.39357840011019,-3.218296599889811,ols
198646,2824469.0,-88.8439702125254,0.5208452125254013,ols
198649,2824469.0,-88.96138320967641,-2.1529917903235827,ols
198653,2824469.0,-89.15882391161193,-2.039301088388072,ols
198656,2824469.0,-89.38512500783037,0.0007500078303621649,ols
198683,2824469.0,-90.92561650693187,-2.247508493068125,ols
198688,2824469.0,-91.22065444782413,-4.273720552175874,ols
198693,2824469.0,-91.40174431159937,-2.790130688400623,ols
198703,2824469.0,-91.87285993021774,-2.5677650697822543,ols
198705,2824469.0,-91.96166344108828,-2.998336558911717,ols
204985,2824469.0,-88.58384432797538,12.051666110153604,ols
204996,2824469.0,-85.22203553501944,8.061681999665907,ols
205003,2824469.0,-82.3977851893332,5.39341018933321,ols
205014,2824469.0,-76.68545828133503,0.8230845439612864,ols
205032,2824469.0,-77.65165123280666,-0.3382477570923328,ols
205047,2824469.0,-77.66464468293404,0.092144682934034,ols
205055,2824469.0,-77.66464468293404,-0.016605317065966574,ols
205061,2824469.0,-77.66464468293404,-1.4997303170659677,ols
205069,2824469.0,-77.66160391690423,0.9324372502375553,ols
205097,2824469.0,-82.18790064527568,-1.2364743547243222,ols
205104,2824469.0,-82.89466667020415,-1.6501565621190935,ols
205161,2824469.0,-86.79021055039232,-1.0466644496076896,ols
205162,2824469.0,-87.02161344266077,-2.3958865573392387,ols
205164,2824469.0,-87.26409810503786,-1.8102768949621435,ols
205173,2824469.0,-88.3361682595474,-2.235706740452599,ols
205175,2824469.0,-88.59269182206211,-2.017308177937892,ols
205182,2824469.0,-89.51610495911437,0.8292299591143717,ols
205185,2824469.0,-89.73060143121708,1.643101431217076,ols
205193,2824469.0,-90.52253280098043,-0.5487171990195776,ols
205208,2824469.0,-91.68324516835892,-3.866129831641075,ols
205210,2824469.0,-91.77826761329044,-1.747982386709566,ols
205212,2824469.0,-91.84836055597756,-4.89726444402244,ols
139888,2826246.0,-104.61205341948663,5.7129056922139085,mean_fallback
154676,2826246.0,-104.61205341948663,0.3276784194866309,mean_fallback
205887,2826246.0,-104.61205341948663,-1.2029465805133697,mean_fallback
11971,2826249.0,-97.02804108954237,-8.626333910457632,ols
11973,2826249.0,-97.02804108954237,-4.376333910457632,ols
11980,2826249.0,-97.01348549486127,-3.3908895051387304,ols
12055,2826249.0,-93.1626528687591,1.16952786875909,ols
12067,2826249.0,-91.76283363102392,2.319083631023929,ols
12069,2826249.0,-91.18307469492942,3.22182469492941,ols
12094,2826249.0,-86.16044318389481,8.41356818389481,ols
12106,2826249.0,-82.30593490257013,-3.099690097429871,ols
12127,2826249.0,-78.39502044863102,-5.877479551368978,ols
12148,2826249.0,-83.3710965430475,2.030471543047497,ols
12166,2826249.0,-84.15755703165425,-2.462442968345755,ols
12175,2826249.0,-84.15755703165425,-1.8805679683457441,ols
12205,2826249.0,-84.15755703165425,-1.9049429683457504,ols
12209,2826249.0,-84.15755703165425,-0.8511929683457566,ols
12224,2826249.0,-84.15755703165425,-0.9974429683457515,ols
12287,2826249.0,-84.15755703165425,-1.2136929683457538,ols
12288,2826249.0,-84.15755703165425,-1.3124429683457493,ols
12313,2826249.0,-84.15755703165425,-1.0636929683457481,ols
12320,2826249.0,-84.15755703165425,-1.3224429683457544,ols
12332,2826249.0,-84.15755703165425,-2.927442968345744,ols
12351,2826249.0,-84.15755703165425,-4.753692968345746,ols
26484,2826249.0,-97.05017285828207,-6.532952141717928,ols
26494,2826249.0,-97.00955038162307,-1.4473246183769248,ols
26507,2826249.0,-96.95545338534842,-3.6970466146515832,ols
26595,2826249.0,-91.6188949725109,8.373269972510897,ols
26631,2826249.0,-90.8226010251089,8.20322602510889,ols
26641,2826249.0,-90.83161286685441,9.234737866854417,ols
26685,2826249.0,-90.83213178288582,8.92025678288583,ols
26716,2826249.0,-90.83213178288582,8.877756782885825,ols
26739,2826249.0,-90.83213178288582,8.692756782885823,ols
26770,2826249.0,-90.59623255500614,8.359982555006141,ols
26772,2826249.0,-90.20714066605328,3.26651566605328,ols
26782,2826249.0,-89.29011225534285,0.5269872553428456,ols
26854,2826249.0,-81.35484830299808,-2.9851516970019247,ols
26872,2826249.0,-84.80675558135214,9.261130581352134,ols
26897,2826249.0,-85.26959408696911,8.628344086969108,ols
26915,2826249.0,-85.26959408696911,8.409594086969108,ols
26925,2826249.0,-85.27589891675075,8.606523916750746,ols
26946,2826249.0,-85.2851788651125,8.926428865112499,ols
26954,2826249.0,-85.28522210811512,8.900847108115116,ols
26969,2826249.0,-85.26959408696911,8.9483440869691,ols
26977,2826249.0,-85.26959408696911,8.684594086969113,ols
27018,2826249.0,-85.26959408696911,8.915219086969103,ols
27047,2826249.0,-85.26959408696911,8.756469086969105,ols
27067,2826249.0,-85.2851788651125,7.918928865112505,ols
27072,2826249.0,-86.37123552445469,3.3349855244546944,ols
27097,2826249.0,-90.868412662082,-2.975337337918006,ols
41689,2826249.0,-97.33060373025737,-5.454396269742631,ols
41721,2826249.0,-97.00450824751785,-3.321741752482154,ols
41749,2826249.0,-96.99740774648805,1.007407746488056,ols
41763,2826249.0,-96.99740774648805,-3.6338422535119435,ols
41767,2826249.0,-96.99740774648805,0.14428274648804518,ols
41776,2826249.0,-96.79224564486897,-2.045879355131035,ols
41845,2826249.0,-92.23686342571835,8.926238425718353,ols
41861,2826249.0,-91.12211935843962,10.545869358439617,ols
41886,2826249.0,-86.30567913248638,-0.6699458675136185,ols
41940,2826249.0,-86.90439580092846,5.434395800928456,ols
41956,2826249.0,-88.88662909511883,0.03912909511883811,ols
41971,2826249.0,-90.98802280732235,-2.8688521926776502,ols
41989,2826249.0,-93.01590341507591,3.0118711570113987,ols
63465,2826249.0,-97.02831784475912,-5.880432155240882,ols
63469,2826249.0,-97.02292111803244,-6.610828881967564,ols
63545,2826249.0,-96.95373231384424,-6.808767686155761,ols
63556,2826249.0,-96.95886958255521,-6.5780054174447855,ols
63562,2826249.0,-96.96585765177822,-7.356642348221783,ols
63567,2826249.0,-96.96136037950599,-5.685514620494004,ols
63586,2826249.0,-96.94423615046941,0.8086111504694031,ols
63591,2826249.0,-96.94506641611966,-2.7561835838803432,ols
63606,2826249.0,-96.9523917807631,-1.5201082192369029,ols
63614,2826249.0,-96.9523917807631,-3.281358219236907,ols
63629,2826249.0,-96.9523917807631,-7.9301082192368995,ols
63637,2826249.0,-96.9523917807631,-3.923858219236905,ols
63652,2826249.0,-96.9523917807631,-5.749483219236907,ols
63656,2826249.0,-96.9523917807631,-6.79323321923691,ols
63669,2826249.0,-96.94442641968092,-2.5061985803190794,ols
63714,2826249.0,-93.26085772770372,1.215857727703721,ols
63748,2826249.0,-80.93725062671966,-5.118999373280346,ols
63772,2826249.0,-79.5283157640327,-6.295434235967306,ols
63783,2826249.0,-80.76494455848947,-4.91693044151053,ols
63785,2826249.0,-81.35890449664362,-5.042345503356387,ols
63846,2826249.0,-82.76914529800962,2.0547702980096147,ols
63850,2826249.0,-82.76914529800962,2.1185202980096136,ols
63882,2826249.0,-82.74949567762017,2.0009837728582767,ols
63887,2826249.0,-82.74949567762017,1.858507305527155,ols
63917,2826249.0,-82.76914529800962,1.8322766111409265,ols
63954,2826249.0,-82.74949567762017,1.7382456776201707,ols
63959,2826249.0,-82.74949567762017,1.5885108291353305,ols
63967,2826249.0,-82.74949567762017,2.137620677620177,ols
63980,2826249.0,-82.74949567762017,2.14512067762017,ols
63990,2826249.0,-82.74949567762017,1.8882456776201764,ols
64018,2826249.0,-83.71348598917334,-4.135889010826659,ols
64025,2826249.0,-85.15254392748372,8.017543927483715,ols
64032,2826249.0,-86.4995029188191,2.793252918819107,ols
64039,2826249.0,-87.14188637130445,3.623761371304454,ols
64049,2826249.0,-88.71533491314989,-0.4590400868501092,ols
75687,2826249.0,-97.08670454689343,0.036079546893432735,ols
75710,2826249.0,-96.42717091956993,-0.2403290804300724,ols
75720,2826249.0,-95.77644156757938,1.7614415675793822,ols
75769,2826249.0,-92.99242246465455,2.298672464654558,ols
75789,2826249.0,-90.71750323154701,5.083753231547007,ols
75801,2826249.0,-88.58023512437191,4.430613912250692,ols
75815,2826249.0,-85.4246202513533,-4.569129748646702,ols
75824,2826249.0,-84.07758342261322,-3.1392915773867855,ols
75829,2826249.0,-83.34178643587326,-9.238838564126738,ols
75844,2826249.0,-79.80962014466088,-8.990379855339114,ols
75855,2826249.0,-79.59228081350471,-9.119594186495291,ols
75870,2826249.0,-82.10719006253953,-8.956559937460469,ols
75896,2826249.0,-83.22970057308838,-5.585299426911618,ols
75910,2826249.0,-83.22970057308838,-5.28654942691162,ols
75932,2826249.0,-83.24902154665793,-4.407853453342071,ols
75935,2826249.0,-83.24902154665793,-5.291603453342077,ols
75950,2826249.0,-83.24902154665793,-4.003478453342069,ols
75995,2826249.0,-83.24902154665793,-5.922228453342072,ols
76014,2826249.0,-83.24902154665793,-4.04910345334207,ols
76038,2826249.0,-83.2468766937281,-6.1653707810193765,ols
76060,2826249.0,-83.24902154665793,-9.197853453342077,ols
76089,2826249.0,-83.24902154665793,2.3882542199252583,ols
76119,2826249.0,-87.27015376566885,6.006896189911274,ols
76145,2826249.0,-90.84674791777057,-3.5945020822294254,ols
76151,2826249.0,-92.4480190075002,2.3790757085311327,ols
88576,2826249.0,-96.98142513272057,-6.2748248672794205,ols
88640,2826249.0,-96.80930933370189,-4.193815666298107,ols
88644,2826249.0,-96.80584989349248,-3.1585251065075255,ols
88691,2826249.0,-94.70084106627013,0.336466066270134,ols
88692,2826249.0,-94.29938167856861,2.417506678568614,ols
88699,2826249.0,-93.90652764838799,1.220902648387991,ols
88713,2826249.0,-92.64397899816224,-2.783521001837755,ols
88732,2826249.0,-92.02953052536787,9.731405525367876,ols
88752,2826249.0,-91.95493634585247,8.004936345852471,ols
88766,2826249.0,-91.67004279600702,7.076917796007024,ols
88770,2826249.0,-91.24755866043282,8.620058660432818,ols
88776,2826249.0,-90.17966406219003,4.8409140621900235,ols
88784,2826249.0,-88.76715732748687,4.832782327486868,ols
88788,2826249.0,-87.97601794599687,12.054142945996873,ols
88794,2826249.0,-87.11281842494489,8.586568424944886,ols
88804,2826249.0,-84.20860107194409,-3.3332739280559167,ols
88808,2826249.0,-83.23814160719934,-9.079983392800656,ols
88846,2826249.0,-79.43620816845717,-8.542541831542835,ols
88849,2826249.0,-79.59574025371411,-7.617384746285893,ols
88862,2826249.0,-81.64093535971577,-4.964064640284235,ols
88865,2826249.0,-82.50544946804733,-1.2439255319526694,ols
89076,2826249.0,-84.38839682822766,-2.7184781717723467,ols
89100,2826249.0,-88.11730148414918,5.026676484149178,ols
89104,2826249.0,-88.59157343965825,-0.7434265603417458,ols
89110,2826249.0,-89.0124921785377,0.7743671785377018,ols
89113,2826249.0,-89.48717926687189,-2.6996957331281095,ols
89118,2826249.0,-89.99878723084103,-4.348712769158965,ols
89134,2826249.0,-92.38158045827848,1.2076113861135127,ols
101072,2826249.0,-97.02880216638843,-4.153072833611574,ols
101081,2826249.0,-97.02390705849211,-4.309217941507882,ols
101128,2826249.0,-93.1383589498885,-0.2953910501115047,ols
101133,2826249.0,-92.63616066328896,3.562410663288958,ols
101137,2826249.0,-92.12286622221775,10.122241222217752,ols
101139,2826249.0,-91.64739211123592,8.281142111235923,ols
101150,2826249.0,-90.63544530977981,5.962945309779812,ols
101227,2826249.0,-86.29728134137804,0.6960313413780455,ols
101235,2826249.0,-84.43373279217198,-1.9025172078280264,ols
101296,2826249.0,-88.04342513847723,-3.410324861522767,ols
101319,2826249.0,-91.15912672007977,-1.7654866819820683,ols
113532,2826249.0,-97.22284216773424,-5.200282832265756,ols
113547,2826249.0,-97.19045315877364,-4.66267184122637,ols
113551,2826249.0,-97.18655263993753,-6.096572360062467,ols
113555,2826249.0,-97.17835376664124,-7.084771233358765,ols
113558,2826249.0,-97.18144131702812,-6.616058682971882,ols
113567,2826249.0,-97.18144131702812,-5.934808682971877,ols
113597,2826249.0,-97.12916917546394,-3.0364558245360627,ols
113603,2826249.0,-97.11726005254305,-5.800864947456958,ols
113611,2826249.0,-97.09897691103632,-1.9391480889636767,ols
113631,2826249.0,-96.08940847472418,1.7331584747241777,ols
113668,2826249.0,-94.23149881305946,-0.17037618694054402,ols
113732,2826249.0,-90.8031157281294,5.713115728129395,ols
113735,2826249.0,-90.8031157281294,5.4649907281293935,ols
113795,2826249.0,-90.8031157281294,4.688740728129403,ols
113799,2826249.0,-90.79400875177812,6.328383751778119,ols
113807,2826249.0,-90.79400875177812,5.100258751778128,ols
113827,2826249.0,-90.79994169173725,6.764941691737249,ols
113832,2826249.0,-90.79994169173725,6.674316691737246,ols
113835,2826249.0,-90.79994169173725,6.510566691737239,ols
113843,2826249.0,-90.79994169173725,5.558691691737252,ols
113887,2826249.0,-88.81636786446572,11.073867864465711,ols
113907,2826249.0,-84.2607002414978,-6.479299758502194,ols
113916,2826249.0,-81.77097571718748,-7.447774282812517,ols
113917,2826249.0,-80.62144697860316,-6.501678021396842,ols
113924,2826249.0,-79.80199207899913,-9.293007921000864,ols
113936,2826249.0,-81.83933425572542,-4.0744157442745745,ols
113954,2826249.0,-87.42735072878443,4.101100728784431,ols
167930,2826249.0,-96.91540171632397,-8.862098283676033,ols
167934,2826249.0,-96.91540171632397,-9.227723283676028,ols
199564,2826249.0,-97.03284971143344,-9.351525288566563,ols
125919,2826259.0,-100.46369509366856,3.4586950936685668,mean_fallback
125932,2826259.0,-100.46369509366856,3.5793200936685565,mean_fallback
125934,2826259.0,-100.46369509366856,3.2993200936685554,mean_fallback
125948,2826259.0,-100.46369509366856,-8.378804906331439,mean_fallback
125975,2826259.0,-100.46369509366856,-2.1406799063314423,mean_fallback
126023,2826260.0,-94.84100829553424,2.262258295534238,ols
126032,2826260.0,-94.56122756881389,-1.5206474311861058,ols
126043,2826260.0,-94.2287735355686,1.5143985355686027,ols
126071,2826260.0,-93.2139696555549,0.4602196555549085,ols
126076,2826260.0,-93.10550222521093,3.353002225210929,ols
126115,2826260.0,-92.00683317662299,3.0568331766229875,ols
126118,2826260.0,-91.83195323191049,-2.523671768089514,ols
126144,2826260.0,-91.37727081262196,5.373557941334823,ols
126170,2826260.0,-91.39194517826098,4.437570178260984,ols
126174,2826260.0,-91.39194517826098,5.1231951782609855,ols
126186,2826260.0,-91.39194517826098,5.4200701782609855,ols
126202,2826260.0,-91.39194517826098,5.094445178260983,ols
126231,2826260.0,-91.39194517826098,5.753195178260981,ols
126244,2826260.0,-91.39579998568524,6.448299985685239,ols
126274,2826260.0,-91.39579998568524,3.3826749856852416,ols
126289,2826260.0,-91.2011077444227,4.830482744422696,ols
126303,2826260.0,-89.5735525928703,1.271052592870305,ols
126341,2826260.0,-85.69845985620391,-12.678415143796087,ols
126346,2826260.0,-85.87141511568622,-8.975459884313779,ols
126371,2826260.0,-88.25980268829352,-0.3558223117064756,ols
126381,2826260.0,-88.9920910487316,-1.3229089512684027,ols
126393,2826260.0,-89.49958269864325,8.026457698643256,ols
126427,2826260.0,-89.66760663184377,6.250106631843764,ols
126435,2826260.0,-89.66760663184377,6.298231631843763,ols
126443,2826260.0,-89.66760663184377,6.213856631843768,ols
126536,2826260.0,-89.65857039779706,5.97482039779706,ols
126555,2826260.0,-89.65857039779706,2.731070397797069,ols
126561,2826260.0,-89.65857039779706,-2.823929602202938,ols
126596,2826260.0,-90.3870855052698,1.3827105052697988,ols
126607,2826260.0,-91.42274557890752,6.245245578907529,ols
126612,2826260.0,-91.72196888863088,4.427593888630881,ols
126620,2826260.0,-92.30633377150662,1.4657087715066126,ols
139955,2826260.0,-95.43059266377989,-4.961907336220108,ols
139968,2826260.0,-94.67820928466757,2.3782092846675766,ols
139972,2826260.0,-94.36416481127918,-1.569585188720822,ols
140009,2826260.0,-91.62924146885561,4.197991468855605,ols
140022,2826260.0,-91.1085760553488,-1.3316413359555384,ols
140063,2826260.0,-90.97147757296516,-0.6591474270348385,ols
140066,2826260.0,-90.97147757296516,-0.3066474270348465,ols
140071,2826260.0,-90.97147757296516,-0.7353974270348402,ols
140076,2826260.0,-90.97145582510944,1.565830825109444,ols
140083,2826260.0,-90.97145582510944,2.2658308251094468,ols
140108,2826260.0,-90.97145582510944,1.3170808251094428,ols
140111,2826260.0,-90.97145582510944,0.7677058251094451,ols
140140,2826260.0,-90.97145582510944,5.322080825109438,ols
140145,2826260.0,-90.97145582510944,4.792705825109451,ols
140209,2826260.0,-88.33203275406393,0.9626577540639261,ols
140220,2826260.0,-86.78773383112595,-8.216641168874048,ols
140233,2826260.0,-85.93417399029578,-9.842076009704229,ols
140305,2826260.0,-91.64525876458461,6.672758764584614,ols
140306,2826260.0,-91.9080435420691,5.193043542069091,ols
140350,2826260.0,-94.50497130306104,2.853721303061036,ols
154695,2826260.0,-95.88755860791778,-9.369316392082212,ols
154714,2826260.0,-95.86071088004618,-5.111164119953813,ols
154722,2826260.0,-95.82627315053244,-4.168726849467561,ols
154727,2826260.0,-95.81078324030439,-3.9123417596956074,ols
154748,2826260.0,-95.75146052689671,-2.3691644731032966,ols
154754,2826260.0,-95.49408009155567,-5.300294908444329,ols
154775,2826260.0,-94.3487727664018,1.5412727664017893,ols
154823,2826260.0,-91.44593966702018,5.808439667020181,ols
154848,2826260.0,-91.35505537801617,-1.4668196219838308,ols
154855,2826260.0,-91.35505537801617,-1.3661946219838228,ols
154879,2826260.0,-91.35505537801617,-2.441819621983825,ols
154891,2826260.0,-91.35505537801617,0.09880537801618061,ols
154896,2826260.0,-91.35508799979974,0.5988379997997413,ols
154918,2826260.0,-90.39969382461655,4.943443824616551,ols
154988,2826260.0,-88.11320039296545,-3.5792996070345424,ols
155002,2826260.0,-90.4962651778882,2.5231401778882088,ols
155056,2826260.0,-94.5153667780895,-0.3465082219104971,ols
155062,2826260.0,-95.11251396315765,-0.7556110368423532,ols
167968,2826260.0,-95.40162451997676,-4.905250480023241,ols
168018,2826260.0,-93.4643581552858,-4.443141844714205,ols
168051,2826260.0,-93.44153378072018,-3.6078412192798197,ols
168109,2826260.0,-90.58102200854646,3.9378970085464573,ols
168111,2826260.0,-89.94055309490784,10.459928094907838,ols
168133,2826260.0,-86.96202114677038,-8.977353853229616,ols
168180,2826260.0,-88.30087351379821,-2.1891264862017863,ols
168184,2826260.0,-88.67501818643585,-0.002481813564145341,ols
168186,2826260.0,-88.90537691105962,0.1210019110596221,ols
168428,2826260.0,-91.61219658694442,-0.5453034130555778,ols
168437,2826260.0,-92.07634476042989,-4.4205302395701125,ols
168463,2826260.0,-94.33876331581214,2.6743883158121378,ols
177247,2826260.0,-95.82739316510143,-7.230731834898577,ols
177250,2826260.0,-95.84625942992817,-9.998115570071832,ols
177256,2826260.0,-95.86369033627818,-9.75943466372182,ols
177263,2826260.0,-95.86369033627818,-12.831934663721825,ols
177264,2826260.0,-95.86369033627818,-10.221309663721811,ols
177268,2826260.0,-95.86369033627818,-11.131934663721822,ols
177270,2826260.0,-95.86369033627818,-7.423809663721812,ols
177284,2826260.0,-95.85977572225073,-6.510224277749273,ols
177301,2826260.0,-94.73810831625151,-6.096891683748481,ols
177322,2826260.0,-90.23345321558409,-3.9059217844159093,ols
177329,2826260.0,-89.84905986594401,-1.6984401340559856,ols
177333,2826260.0,-89.85340943708563,-1.120965562914364,ols
177359,2826260.0,-89.85340943708563,0.8027844370856343,ols
177389,2826260.0,-89.85340943708563,-0.846590562914372,ols
177392,2826260.0,-89.85340943708563,-0.2578405629143674,ols
177398,2826260.0,-89.85340943708563,0.680284437085632,ols
177414,2826260.0,-89.03388499043858,9.880134990438577,ols
177418,2826260.0,-87.86717777526795,-0.758447224732052,ols
177431,2826260.0,-84.98697875671452,-12.111771243285474,ols
177433,2826260.0,-85.30038710532347,-10.950862894676533,ols
177440,2826260.0,-87.3250907238887,-6.271159276111291,ols
177444,2826260.0,-88.56639308413799,-3.6536069158620137,ols
177446,2826260.0,-89.23519945376421,-2.732300546235791,ols
177471,2826260.0,-93.44244719065992,-4.616302809340084,ols
177477,2826260.0,-94.42499900065854,-0.8056259993414585,ols
177479,2826260.0,-94.75475086283211,-3.195874137167891,ols
199580,2826260.0,-95.9068815777144,-3.948118422285603,ols
199588,2826260.0,-95.89477345904893,-3.1208515409510653,ols
199591,2826260.0,-95.89902516483986,-2.5865998351601434,ols
199594,2826260.0,-95.89902516483986,-3.8109748351601382,ols
199597,2826260.0,-95.89965041569147,-0.8078495843085278,ols
199604,2826260.0,-95.89851952719465,0.33726952719464975,ols
199620,2826260.0,-95.48133041114681,-4.7936695888531915,ols
199643,2826260.0,-92.49984075463306,-0.6545342453669463,ols
199659,2826260.0,-91.03451916969891,3.3438941696989133,ols
199680,2826260.0,-90.9854125115101,4.314787511510104,ols
199705,2826260.0,-90.9854125115101,5.73041251151011,ols
199709,2826260.0,-90.92398569306266,3.3258606930626655,ols
199716,2826260.0,-89.68579871314357,3.853298713143573,ols
199721,2826260.0,-88.65308003699033,7.781205036990329,ols
199722,2826260.0,-88.10790479010055,1.959779790100555,ols
199729,2826260.0,-86.41379576311753,-11.630579236882468,ols
199757,2826260.0,-88.60998666090481,-3.7431383390951964,ols
199769,2826260.0,-90.64863065497892,5.4942556549789145,ols
199779,2826260.0,-90.63870819581211,3.8324581958121087,ols
199790,2826260.0,-90.58948736138083,8.429487361380836,ols
199799,2826260.0,-90.56870728525178,8.451832285251783,ols
199810,2826260.0,-90.56870728525178,8.504332285251778,ols
199815,2826260.0,-90.56870728525178,8.446207285251774,ols
199829,2826260.0,-90.56870728525178,8.378082285251779,ols
199831,2826260.0,-90.56870728525178,8.375582285251781,ols
199840,2826260.0,-90.56870728525178,8.728707285251772,ols
199842,2826260.0,-90.56870728525178,8.769332285251778,ols
199851,2826260.0,-90.56378683289782,8.678161832897814,ols
199860,2826260.0,-90.56378683289782,9.68753683289782,ols
199870,2826260.0,-90.56378683289782,8.81316183289782,ols
199872,2826260.0,-90.56378683289782,8.096286832897817,ols
199876,2826260.0,-90.56378683289782,8.318161832897815,ols
199884,2826260.0,-90.56378683289782,1.4850368328978192,ols
199902,2826260.0,-92.72215277264485,-4.275972227355155,ols
199908,2826260.0,-93.75400153456974,-2.2316234654302605,ols
199913,2826260.0,-94.56366876561711,-1.5700812343828972,ols
205892,2826260.0,-96.07527522446196,-7.578474775538041,ols
205896,2826260.0,-96.0060789845628,-6.188296015437189,ols
205905,2826260.0,-95.98113963102959,-5.897610368970405,ols
205910,2826260.0,-95.96161005660375,-4.337764943396252,ols
205913,2826260.0,-95.95347635856893,-3.5877736414310704,ols
205942,2826260.0,-93.27963186890148,-1.70974313109852,ols
205961,2826260.0,-88.31383523580021,0.7063352358002106,ols
205971,2826260.0,-85.77152177745515,-10.312853222544845,ols
205975,2826260.0,-86.60960258198511,-10.288522418014878,ols
205991,2826260.0,-90.30532987869924,4.197204878699239,ols
206020,2826260.0,-90.32642529873607,1.5745502987360709,ols
206039,2826260.0,-90.31808499607203,3.907459996072035,ols
206055,2826260.0,-90.30973381948013,2.0120853046286413,ols
206067,2826260.0,-90.35190291169806,0.2720761790247792,ols
206069,2826260.0,-90.66568097385405,2.038155721328806,ols
206071,2826260.0,-91.00007056625734,5.913195566257329,ols
206094,2826260.0,-95.00334516446708,0.17459516446707823,ols
129981,2828051.0,-83.69383637530548,-1.8430386246945147,ols
130055,2828051.0,-83.69383637530548,-2.3155386246945255,ols
130070,2828051.0,-83.69383637530548,-2.006788624694522,ols
130077,2828051.0,-83.69383637530548,-1.7305386246945176,ols
130109,2828051.0,-81.22495222170232,6.380577221702325,ols
130110,2828051.0,-80.29408045078938,9.217205450789379,ols
130125,2828051.0,-87.76188974736847,-0.9431102526315271,ols
130129,2828051.0,-90.7196127835781,-0.12663721642189785,ols
130147,2828051.0,-99.0392799384835,0.09990493848350468,ols
144663,2828051.0,-86.74598053134912,-3.2858944686508806,ols
144688,2828051.0,-86.74598053134912,-3.216519468650887,ols
144693,2828051.0,-86.74596929341531,-3.9759057065846832,ols
144705,2828051.0,-86.74596929341531,-3.994030706584681,ols
144708,2828051.0,-86.74596929341531,-3.594655706584689,ols
144748,2828051.0,-86.74596929341531,-3.248405706584691,ols
144797,2828051.0,-86.69412870477042,1.472878704770423,ols
144808,2828051.0,-83.14820097524589,6.468200975245878,ols
144816,2828051.0,-80.67938424924557,7.741884249245572,ols
144859,2828051.0,-95.89754697414223,-0.2130780258577687,ols
144868,2828051.0,-96.87096556244292,0.05971556244291776,ols
144880,2828051.0,-97.94328920616599,1.8307892061659885,ols
144911,2828051.0,-99.67558298848607,0.24995798848607365,ols
144920,2828051.0,-99.7124658872358,-1.3994091127642037,ols
144946,2828051.0,-99.7144887153208,0.13573871532079806,ols
144951,2828051.0,-99.7144887153208,0.0876137153207992,ols
144958,2828051.0,-100.29646759330745,2.630007197267858,ols
158772,2828051.0,-80.71512087874714,7.615745878747148,ols
158776,2828051.0,-80.42179956848915,9.690549568489146,ols
171695,2828051.0,-85.37809922854075,0.25559922854074557,ols
171725,2828051.0,-97.0270042733326,0.05950427333259256,ols
171727,2828051.0,-97.90675468336423,0.8436296833642274,ols
171730,2828051.0,-98.67197930998375,0.36447930998375,ols
178691,2828051.0,-82.67453330327686,3.382033303276856,ols
178700,2828051.0,-94.44556097473333,-0.26943902526667785,ols
194456,2828051.0,-92.24152120712496,0.15714620712496696,ols
194463,2828051.0,-96.13298168736796,0.1423566873679647,ols
201240,2828051.0,-100.05861672431355,-1.0376332756864457,ols
201245,2828051.0,-100.78965555629667,3.1710988552657398,ols
16969,2828558.0,-83.97901034964296,11.828442167824775,ols
16973,2828558.0,-83.48998022386365,8.068927592284709,ols
16995,2828558.0,-79.81598077736687,12.281258555144646,ols
17015,2828558.0,-72.61592613644646,-4.317109577839247,ols
17022,2828558.0,-67.67963723173368,-9.64588360159965,ols
17040,2828558.0,-67.71863146530366,-10.137618534696344,ols
17095,2828558.0,-84.15139907128884,3.416280023669785,ols
17099,2828558.0,-84.85987731164259,2.631752311642586,ols
17125,2828558.0,-89.09372872623261,6.542098291450003,ols
17153,2828558.0,-92.13789876826847,4.946722297680239,ols
17169,2828558.0,-93.48996589972042,1.4717367330537314,ols
17184,2828558.0,-93.89484772523888,2.5854727252388727,ols
17189,2828558.0,-93.89089633843903,2.215301100343794,ols
17222,2828558.0,-93.89346203342961,3.893462033429614,ols
17240,2828558.0,-93.89346203342961,3.166899533429614,ols
17255,2828558.0,-93.89346203342961,3.847409401850669,ols
17291,2828558.0,-93.89043083259686,3.7435558325968685,ols
17302,2828558.0,-93.89043083259686,3.8695974992635342,ols
17331,2828558.0,-93.89043083259686,4.955907023073053,ols
17348,2828558.0,-94.00910234519935,1.9704118690088706,ols
17352,2828558.0,-94.14823446342298,1.439901130089666,ols
17410,2828558.0,-97.42228861147179,-7.08277895609578,ols
30463,2828558.0,-75.23258860389076,-2.9755363961092343,ols
30480,2828558.0,-63.20189323299645,-12.068731767003548,ols
30517,2828558.0,-78.87410007289073,-0.7433999271092802,ols
30538,2828558.0,-82.60114553396077,3.2980205339607807,ols
30547,2828558.0,-83.95267137954973,4.040171379549733,ols
30552,2828558.0,-85.19249747445154,4.604372474451537,ols
30563,2828558.0,-86.25697942689553,6.031354426895533,ols
30568,2828558.0,-86.92139699800168,5.9138969980016896,ols
30581,2828558.0,-87.09782371218549,9.482198712185493,ols
30598,2828558.0,-87.07995045298946,9.099325452989461,ols
30604,2828558.0,-87.07995045298946,8.704325452989465,ols
30639,2828558.0,-87.07995045298946,8.716200452989469,ols
30643,2828558.0,-87.07995045298946,8.89807545298946,ols
30652,2828558.0,-87.0798313700996,8.711706370099591,ols
30675,2828558.0,-87.07995045298946,9.536825452989461,ols
30682,2828558.0,-87.0798313700996,9.754206370099595,ols
30688,2828558.0,-87.0798313700996,9.787331370099594,ols
30706,2828558.0,-87.07995045298946,9.90245045298947,ols
30710,2828558.0,-87.07880292695994,10.141302926959938,ols
30717,2828558.0,-87.07880292695994,9.751927926959937,ols
30732,2828558.0,-87.07880292695994,7.13880292695994,ols
30748,2828558.0,-87.88133499886727,4.925709998867276,ols
30759,2828558.0,-88.63790107528929,6.681026075289296,ols
30804,2828558.0,-92.39332074129742,5.972695741297414,ols
30808,2828558.0,-92.53167340787832,6.6491734078783225,ols
30824,2828558.0,-93.27195760554152,2.507582605541515,ols
30857,2828558.0,-94.91543139419416,-3.516443605805847,ols
30866,2828558.0,-95.29354122092901,-1.9658337790709908,ols
30872,2828558.0,-95.64140399363984,-2.8360960063601652,ols
30889,2828558.0,-96.42388683718194,-6.185488162818061,ols
30903,2828558.0,-97.05845790580268,-8.62529209419732,ols
30971,2828558.0,-98.5444932883453,-11.198631711654713,ols
30982,2828558.0,-98.5377813436442,-11.107218656355798,ols
31022,2828558.0,-98.5377813436442,-10.9484686563558,ols
31033,2828558.0,-98.5377813436442,-10.829093656355795,ols
31071,2828558.0,-98.5377813436442,-11.617218656355803,ols
31076,2828558.0,-98.5377813436442,-10.944718656355803,ols
31093,2828558.0,-98.5377813436442,-11.898468656355803,ols
31098,2828558.0,-98.5381277665965,-11.891872233403504,ols
31108,2828558.0,-98.5381277665965,-10.7237472334035,ols
31113,2828558.0,-98.57816126902344,-12.10933873097656,ols
48142,2828558.0,-84.86480301299581,12.656678012995812,ols
48144,2828558.0,-84.00131132719825,7.971311327198251,ols
48149,2828558.0,-83.04562783321578,7.49312783321578,ols
48159,2828558.0,-79.53035505318294,11.637230053182947,ols
48190,2828558.0,-64.6294372651841,-11.231187734815904,ols
48213,2828558.0,-72.46618481530818,-3.6125651846918174,ols
48235,2828558.0,-79.30923977815048,-0.35326022184951,ols
48272,2828558.0,-84.37616261303788,2.8492876130378733,ols
48295,2828558.0,-86.475886255607,5.486511255606999,ols
48299,2828558.0,-86.74689726149012,5.1962722614901224,ols
48307,2828558.0,-87.11065218713841,5.195652187138407,ols
48316,2828558.0,-87.28985028494074,5.33735028494074,ols
48320,2828558.0,-87.31572374919179,5.64384874919179,ols
48345,2828558.0,-87.31441383740335,4.662538837403346,ols
48368,2828558.0,-87.31427310307896,4.3923981030789605,ols
48397,2828558.0,-87.31427310307896,4.754898103078958,ols
48407,2828558.0,-87.31441383740335,4.589413837403356,ols
48417,2828558.0,-87.31427310307896,4.461773103078954,ols
48442,2828558.0,-87.31281163124889,4.83031163124889,ols
48460,2828558.0,-87.31281163124889,6.527186631248895,ols
48463,2828558.0,-87.31831109561689,5.149561095616889,ols
48471,2828558.0,-87.7120749095095,5.315199909509502,ols
48505,2828558.0,-90.81080656653498,5.554556566534984,ols
48547,2828558.0,-94.01224180320472,1.172241803204713,ols
48555,2828558.0,-94.42369483909991,-1.7019301609000905,ols
48566,2828558.0,-94.83001648501393,-1.5656085149860672,ols
48570,2828558.0,-95.02196727774837,-1.3261577222516223,ols
48575,2828558.0,-95.39205524799367,-2.658569752006329,ols
48612,2828558.0,-96.95630643773872,-7.939943562261277,ols
48620,2828558.0,-97.27450674515755,-7.346743254842451,ols
67052,2828558.0,-78.69904822479891,9.913423224798919,ols
67082,2828558.0,-65.44267597146143,-7.986699028538567,ols
67085,2828558.0,-64.50744225738282,-12.69568274261718,ols
67131,2828558.0,-75.72784351709447,-2.054031482905529,ols
67141,2828558.0,-79.69313053790208,-1.4249944620979278,ols
67145,2828558.0,-80.74154712593244,0.6977971259324391,ols
67173,2828558.0,-85.64833595111213,3.4389609511121364,ols
67180,2828558.0,-86.79408656302581,4.460961563025819,ols
67190,2828558.0,-87.90471854814855,5.1890935481485485,ols
67205,2828558.0,-89.84384267516775,4.581967675167746,ols
67235,2828558.0,-92.34491895942861,4.181793959428617,ols
67238,2828558.0,-92.6288017431337,3.42192674313371,ols
67259,2828558.0,-94.11293179943861,2.0923067994386173,ols
67287,2828558.0,-96.05633208477545,-4.600542915224551,ols
67337,2828558.0,-97.43929581328702,-7.860704186712979,ols
67345,2828558.0,-97.43959893337029,-7.129151066629703,ols
67377,2828558.0,-97.43929581328702,-7.410704186712977,ols
67416,2828558.0,-97.43929581328702,-8.555704186712987,ols
67439,2828558.0,-97.43959893337029,-8.999776066629707,ols
67443,2828558.0,-97.45064116497534,-7.966233835024667,ols
67481,2828558.0,-98.47557677226908,-8.598798227730924,ols
79756,2828558.0,-84.53710855154011,12.02648355154011,ols
79769,2828558.0,-82.6914428416252,7.807692841625197,ols
79770,2828558.0,-81.94078760682706,10.146412606827056,ols
79804,2828558.0,-71.97108146214612,-5.283918537853879,ols
79828,2828558.0,-65.08665060793668,-14.018349392063328,ols
79838,2828558.0,-72.50429134006286,-3.6175836599371394,ols
79872,2828558.0,-81.88514342011143,1.5445184201114301,ols
79879,2828558.0,-83.27838075430259,2.111505754302584,ols
79977,2828558.0,-87.3118914452818,2.4075164452818,ols
79978,2828558.0,-87.3118914452818,2.201266445281803,ols
79996,2828558.0,-87.3118914452818,2.230016445281805,ols
80038,2828558.0,-87.3118914452818,2.1993914452818046,ols
80047,2828558.0,-87.3118914452818,2.262516445281804,ols
80070,2828558.0,-87.51211308600276,5.008988086002759,ols
80085,2828558.0,-88.40795201497278,3.305452014972772,ols
80115,2828558.0,-92.01125952776273,3.4493845277627315,ols
80176,2828558.0,-96.14049121075354,-5.778258789246465,ols
80187,2828558.0,-96.81081962348357,-5.447305376516439,ols
80232,2828558.0,-98.82481441107191,-11.990185588928085,ols
80239,2828558.0,-99.10011240098994,-8.121762599010054,ols
91994,2828558.0,-84.04960485189444,7.4233548518944446,ols
92008,2828558.0,-79.99787447876692,11.04099947876692,ols
92012,2828558.0,-78.75232157943465,10.219196579434652,ols
92026,2828558.0,-73.97977164827712,-4.657103351722881,ols
92051,2828558.0,-63.141994539397686,-15.121130460602316,ols
92089,2828558.0,-79.11419283027972,-1.2495571697202763,ols
92105,2828558.0,-81.74185422646002,1.471229226460025,ols
92109,2828558.0,-82.25461432447291,2.020239324472911,ols
92135,2828558.0,-84.99090096763857,3.3165259676385688,ols
92137,2828558.0,-85.25510259736527,2.861977597365268,ols
92140,2828558.0,-85.44972734226289,4.0266023422628905,ols
92145,2828558.0,-85.59055909809629,3.5318090980962893,ols
92158,2828558.0,-85.69605571279355,0.899805712793551,ols
92172,2828558.0,-85.67646116455322,0.42896116455321476,ols
92177,2828558.0,-85.67652611885678,0.7665261188567882,ols
92192,2828558.0,-85.67646116455322,2.005836164553216,ols
92260,2828558.0,-85.67646116455322,1.1445861645532176,ols
92275,2828558.0,-85.67652611885678,3.3846511188567803,ols
92297,2828558.0,-87.02729416423755,3.951044164237544,ols
92302,2828558.0,-87.40164746708324,4.044147467083235,ols
92323,2828558.0,-89.65998951894368,4.646239518943673,ols
92353,2828558.0,-92.92366180414031,2.2992868041403085,ols
92358,2828558.0,-93.28713526113984,1.432135261139834,ols
92374,2828558.0,-94.63912661257096,-1.6027483874290311,ols
92378,2828558.0,-94.957835728701,-3.430289271299003,ols
92421,2828558.0,-97.84283524986526,-9.03153975013474,ols
104185,2828558.0,-73.91273880700413,-3.074761192995865,ols
104211,2828558.0,-79.65825007689084,-1.373624923109162,ols
104217,2828558.0,-80.00021283369504,0.7764628336950494,ols
104235,2828558.0,-81.41617334841465,0.4124604771275102,ols
104245,2828558.0,-82.25697433083556,1.0669743308355635,ols
104275,2828558.0,-84.80295569029029,1.2498306902902954,ols
104285,2828558.0,-84.95996106770993,0.573086067709923,ols
104320,2828558.0,-84.94598506672745,1.3353600667274463,ols
104336,2828558.0,-84.94598506672745,0.7303600667274424,ols
104356,2828558.0,-84.94598506672745,0.8478600667274492,ols
104368,2828558.0,-84.94598506672745,1.2916100667274435,ols
104388,2828558.0,-84.94598506672745,1.5503600667274497,ols
104419,2828558.0,-85.41251935204077,-0.006230647959228008,ols
104427,2828558.0,-86.05557778299324,1.8818277829932413,ols
104457,2828558.0,-88.23251044105962,4.079385441059614,ols
104476,2828558.0,-90.23627492583739,6.381899925837388,ols
104500,2828558.0,-91.92913563662948,3.599760636629483,ols
104510,2828558.0,-92.40640903346457,5.037659033464564,ols
104541,2828558.0,-93.69101029495313,2.624760294953134,ols
104599,2828558.0,-93.97999199148762,-2.883133008512374,ols
104602,2828558.0,-93.98046832304705,-2.923906676952953,ols
104620,2828558.0,-93.98046832304705,-2.9489066769529444,ols
104719,2828558.0,-94.5121409491129,-1.1009840508870923,ols
104724,2828558.0,-94.7007574209313,-2.411742579068701,ols
104733,2828558.0,-95.11057577352025,-2.91754922647975,ols
104741,2828558.0,-95.56406506953546,-4.410934930464535,ols
104746,2828558.0,-96.03001476611675,-3.1724852338832505,ols
104751,2828558.0,-96.25224509002699,-4.440879909973006,ols
104754,2828558.0,-96.46123556172843,-6.768139438271575,ols
116590,2828558.0,-83.68684589223407,6.761220892234078,ols
116612,2828558.0,-79.31672034877703,10.69672034877702,ols
116642,2828558.0,-65.2166674722275,-12.1914575277725,ols
116646,2828558.0,-63.39960330731312,-11.884771692686876,ols
116679,2828558.0,-76.47935398355612,-1.5506460164438778,ols
116697,2828558.0,-81.8095690879204,0.9933562166332592,ols
116727,2828558.0,-86.07140498162715,4.487654981627159,ols
116742,2828558.0,-86.82943252987924,5.6575575298792415,ols
116754,2828558.0,-86.89715821705687,4.023408217056868,ols
116797,2828558.0,-86.89357490464386,4.308574904643862,ols
116844,2828558.0,-86.89368316181645,4.596808161816455,ols
116851,2828558.0,-86.89357490464386,5.801074904643855,ols
116868,2828558.0,-86.89357490464386,5.348574904643854,ols
116873,2828558.0,-86.89357490464386,5.145449904643854,ols
116918,2828558.0,-88.60886650159836,3.9651165015983594,ols
116923,2828558.0,-89.0063651879456,3.8513651879456035,ols
116931,2828558.0,-89.84305239780778,3.98555239780778,ols
116946,2828558.0,-91.24076075322728,4.970760753227282,ols
116958,2828558.0,-92.15438633565522,3.728136335655222,ols
116961,2828558.0,-92.45922770797539,4.042977707975382,ols
116976,2828558.0,-93.39497023076521,1.7955952307652154,ols
116978,2828558.0,-93.71295402383885,1.566079023838853,ols
116988,2828558.0,-94.40928580942705,-0.763839190572952,ols
116996,2828558.0,-95.13039766182304,-2.515227338176956,ols
117033,2828558.0,-97.62377686111215,-9.260243757444556,ols
117318,2828558.0,-101.44869763192852,-11.246302368071468,ols
16358,2828559.0,-104.20002868432657,-4.665102894620787,ols
16360,2828559.0,-104.06892431691858,-1.8647878042935417,ols
16366,2828559.0,-103.9376217719467,-6.550473466148546,ols
16381,2828559.0,-103.50797281337893,-4.444527186621073,ols
16401,2828559.0,-103.23277353924834,-4.0127621750373805,ols
16538,2828559.0,-98.88242920057685,-2.3050707994231487,ols
16543,2828559.0,-98.63403344196577,-3.2082284627961286,ols
16548,2828559.0,-98.14077939425948,-1.284220605740515,ols
16559,2828559.0,-97.67378387377194,-3.391557035318968,ols
16570,2828559.0,-97.0813221375698,-0.995600939353281,ols
16573,2828559.0,-96.91792473612186,1.272091402788547,ols
16595,2828559.0,-96.2709443520867,1.4108253044676644,ols
16597,2828559.0,-96.2105596483618,0.5685141938163554,ols
16610,2828559.0,-96.09162338337819,0.31662338337818596,ols
16672,2828559.0,-96.06041041706158,0.51874375039489,ols
16676,2828559.0,-96.06041041706158,1.065218109369269,ols
16691,2828559.0,-96.06041041706158,0.8992262065352605,ols
16694,2828559.0,-96.04619117685068,5.804003676850684,ols
16702,2828559.0,-95.81472969107614,-0.4540203089238588,ols
16774,2828559.0,-88.22626304681522,3.5003015083536866,ols
16780,2828559.0,-86.9548747032748,4.000927334853742,ols
16805,2828559.0,-82.92674726577275,1.9842472657727512,ols
16831,2828559.0,-78.53229851025195,-3.4148168743634386,ols
16838,2828559.0,-76.54320021011512,-4.848466456551549,ols
16879,2828559.0,-74.55043562504585,-1.8053336057233764,ols
16943,2828559.0,-85.91850513278122,1.8777442632160017,ols
16946,2828559.0,-86.041196862601,-2.7219610321358374,ols
29638,2828559.0,-102.37211810580001,-2.298020783088873,ols
29836,2828559.0,-99.51459581170937,-4.67870315736279,ols
29854,2828559.0,-98.85161258938807,-2.1127624106119356,ols
29866,2828559.0,-98.33366561721797,-3.3750843827820205,ols
29880,2828559.0,-97.7429082080655,-0.9464667919344976,ols
29966,2828559.0,-96.84828514016213,-0.46671485983786454,ols
29984,2828559.0,-96.1009476377604,-0.4565523622396057,ols
29989,2828559.0,-96.02359893456436,0.19297393456436396,ols
29999,2828559.0,-95.9157903397946,0.41454033979459837,ols
30010,2828559.0,-95.86608740676472,-0.11078759323528686,ols
30025,2828559.0,-95.86898079919787,0.27898079919786767,ols
30068,2828559.0,-95.86898079919787,-0.3316442008021312,ols
30091,2828559.0,-95.86898079919787,-0.8766442008021329,ols
30138,2828559.0,-94.20032571103341,2.2015757110334135,ols
30194,2828559.0,-87.37668573918972,4.304810739189719,ols
30198,2828559.0,-87.14239031425119,2.955515314251187,ols
30223,2828559.0,-86.6764154082178,3.528915408217813,ols
30226,2828559.0,-86.42582978752546,3.143954787525459,ols
30263,2828559.0,-79.53404646032959,-2.119703539670411,ols
30265,2828559.0,-78.09746720838781,-2.1456577916121944,ols
30271,2828559.0,-76.37944608905215,-4.125553910947843,ols
30278,2828559.0,-71.84831426769918,-10.544810732300817,ols
30311,2828559.0,-77.46007861844615,0.48132861844614183,ols
30315,2828559.0,-78.66461176079981,0.5564867607998139,ols
30342,2828559.0,-83.25575174850626,5.057626748506252,ols
30354,2828559.0,-84.41320781055191,0.02883281055190423,ols
30364,2828559.0,-84.99238174109355,5.8586317410935465,ols
30387,2828559.0,-85.10026960688889,4.037144606888887,ols
30392,2828559.0,-85.40298583576907,3.8886108357690716,ols
47482,2828559.0,-104.45131783537082,-4.968682164629186,ols
47483,2828559.0,-104.30896689121066,-4.118533108789336,ols
47525,2828559.0,-102.91102235535412,-3.6827276446458796,ols
47535,2828559.0,-102.49133181937309,-2.7892931806269132,ols
47628,2828559.0,-98.59541854363692,-3.6914564563630705,ols
47658,2828559.0,-98.27192339718025,-3.2874516028197576,ols
47662,2828559.0,-98.24871680444579,-0.9406581955542066,ols
47704,2828559.0,-97.66841326178984,-2.057836738210156,ols
47726,2828559.0,-97.09400550166036,0.0002555016603622562,ols
47747,2828559.0,-96.65159390797648,3.467843907976473,ols
47767,2828559.0,-96.41180896451749,-2.453816035482504,ols
47786,2828559.0,-96.3460536488105,-0.8120713511895019,ols
47797,2828559.0,-96.35118644771589,-1.9244385522841156,ols
47802,2828559.0,-96.35118644771589,-1.8019385522841134,ols
47810,2828559.0,-96.35118644771589,-0.9781885522841094,ols
47857,2828559.0,-96.34841196182109,-0.42533803817892135,ols
47879,2828559.0,-95.8029083993886,-0.018966600611406648,ols
47888,2828559.0,-95.37752025844502,2.982520258445021,ols
47894,2828559.0,-95.1385478429981,2.2085478429980867,ols
47904,2828559.0,-94.33873292167166,1.798107921671658,ols
47917,2828559.0,-93.32883987371713,7.07758987371713,ols
47931,2828559.0,-91.79758129061496,5.870706290614962,ols
47942,2828559.0,-90.9136499022848,8.39052490228481,ols
47947,2828559.0,-89.99420509450108,6.958580094501087,ols
47969,2828559.0,-88.35467219935393,5.205297199353922,ols
47984,2828559.0,-87.44287704553734,4.964752045537338,ols
47992,2828559.0,-87.00907626700555,2.699701267005551,ols
48025,2828559.0,-86.1855295824003,3.0561545824003105,ols
48040,2828559.0,-85.28909318978712,2.4259681897871275,ols
48044,2828559.0,-84.88305708795983,2.939932087959832,ols
48053,2828559.0,-83.80899414480962,3.854619144809618,ols
48085,2828559.0,-72.35848277048561,-10.255267229514388,ols
48120,2828559.0,-81.92232391858226,2.4754489185822592,ols
66408,2828559.0,-104.38257003844869,-4.930554961551309,ols
66415,2828559.0,-104.2335504192628,-3.1189495807372083,ols
66416,2828559.0,-104.08250938892496,-3.9187406110750374,ols
66453,2828559.0,-102.71289433583007,-0.8483556641699295,ols
66462,2828559.0,-102.39728665641722,-1.8041936067406539,ols
67013,2828559.0,-80.08617906227502,-0.21269914285318237,ols
67017,2828559.0,-81.85168352592476,2.343558525924749,ols
67021,2828559.0,-83.36815806275885,3.290658062758851,ols
67027,2828559.0,-84.71226766337787,2.4322676633778713,ols
79103,2828559.0,-104.24110098444795,-2.9182740155520435,ols
79136,2828559.0,-103.047943234263,-2.2908067657370026,ols
79387,2828559.0,-98.05230302084962,-0.3445719791503734,ols
79406,2828559.0,-96.95320034249873,-0.34304965750126826,ols
79429,2828559.0,-96.38800783909132,-0.6838671609086902,ols
79430,2828559.0,-96.33493588747486,-0.21943911252513715,ols
79446,2828559.0,-96.26866531010168,0.018040310101682167,ols
79454,2828559.0,-96.27197487541906,0.025724875419058435,ols
79477,2828559.0,-96.25471360960206,-0.8446613903979312,ols
79516,2828559.0,-94.0795463947054,1.5145463947054054,ols
79520,2828559.0,-93.75176070398997,2.8548857039899787,ols
79545,2828559.0,-91.40795429107983,5.2304542910798375,ols
79588,2828559.0,-84.98426636985123,2.9498913698512297,ols
79655,2828559.0,-80.31660011583901,-2.3277748841609878,ols
79658,2828559.0,-81.27637405787945,1.7344990578794466,ols
79677,2828559.0,-83.52602631017355,4.803526310173552,ols
79684,2828559.0,-84.10204921744895,5.098924217448953,ols
79716,2828559.0,-84.89102382602921,1.237898826029209,ols
79731,2828559.0,-85.10898941970115,4.702114419701147,ols
79738,2828559.0,-85.75241251646403,-3.081337483535961,ols
91262,2828559.0,-104.7734158300019,-5.9203341699981,ols
91316,2828559.0,-103.0719623550095,-1.0092876449904935,ols
91541,2828559.0,-99.54115160527398,-0.4282233947260181,ols
91557,2828559.0,-98.50820059775792,-1.1599244022420834,ols
91590,2828559.0,-96.95784760637254,-0.9746523936274656,ols
91597,2828559.0,-96.86497169104378,-0.4650283089562208,ols
91611,2828559.0,-96.8644663382558,-0.050533661744211145,ols
91614,2828559.0,-96.8644663382558,-1.7686586617442117,ols
91631,2828559.0,-96.8644663382558,-0.43365866174420376,ols
91666,2828559.0,-96.8644663382558,-0.8042836617442077,ols
91680,2828559.0,-96.62677216809611,0.12052216809611593,ols
91687,2828559.0,-96.51186881653818,-0.32313118346181113,ols
91704,2828559.0,-95.70120367358743,1.4262036735874233,ols
91710,2828559.0,-95.47157533027908,2.9747003302790773,ols
91712,2828559.0,-95.20367889937876,1.9655538993787616,ols
91717,2828559.0,-94.90406414937385,3.8084391493738536,ols
91727,2828559.0,-94.27558364093015,2.6274586409301577,ols
91729,2828559.0,-93.95311901780583,2.2487440178058336,ols
91734,2828559.0,-93.61158971303288,4.33533971303288,ols
91751,2828559.0,-91.96068142571703,6.478806425717025,ols
91752,2828559.0,-91.51081835562994,4.307693355629937,ols
91805,2828559.0,-84.20870838234801,3.232458382348014,ols
91875,2828559.0,-76.46520742983637,-0.9991675701636353,ols
91887,2828559.0,-78.88857222578018,-0.36892777421981293,ols
91926,2828559.0,-81.28033760915774,0.7415876091577474,ols
91980,2828559.0,-85.59494062417717,-1.5743302091561588,ols
103683,2828559.0,-102.3105839722044,-1.9712910277956013,ols
103753,2828559.0,-99.0532483517934,-2.1773766482066037,ols
103767,2828559.0,-98.2512832038985,-2.1674667961015075,ols
103775,2828559.0,-97.85240131212855,-0.7257236878714508,ols
103781,2828559.0,-97.66580722682436,-2.6485677731756425,ols
103801,2828559.0,-97.00380498344444,-0.5318200165555567,ols
103813,2828559.0,-96.79631307402542,-1.4155619259745862,ols
103823,2828559.0,-96.6338371982497,2.2469621982496903,ols
103826,2828559.0,-96.6009397226398,2.634064722639792,ols
103831,2828559.0,-96.58419371848899,2.8573187184889832,ols
103866,2828559.0,-95.02749904505832,1.354999045058321,ols
103873,2828559.0,-94.74367904689741,2.691804046897417,ols
103906,2828559.0,-91.25501075612843,7.236260756128431,ols
103917,2828559.0,-90.09922929449785,7.048604294497849,ols
103920,2828559.0,-89.48312497492064,7.67249997492064,ols
103941,2828559.0,-85.99876704616679,2.367517046166796,ols
103952,2828559.0,-82.86094240567475,0.9334424056747537,ols
103996,2828559.0,-74.24082281694142,-1.7673021830585895,ols
104036,2828559.0,-84.00896521567806,4.172090215678054,ols
104039,2828559.0,-84.15028563650586,2.898429200862296,ols
104066,2828559.0,-84.89422439368644,7.466006571904259,ols
104070,2828559.0,-84.93195740185587,2.5436998260982904,ols
116106,2828559.0,-105.27555814144976,-5.419673817313111,ols
116121,2828559.0,-104.78045113352087,-4.758923866479137,ols
116126,2828559.0,-104.6534985860769,-5.219001413923095,ols
116134,2828559.0,-104.38807937472552,-4.166295625274472,ols
116144,2828559.0,-104.09558910814336,-3.356910891856643,ols
116168,2828559.0,-103.03872797754096,-1.3543970224590396,ols
116184,2828559.0,-102.3159446753083,-0.8689237457443397,ols
116245,2828559.0,-98.9734917911958,-2.6790082088042055,ols
116249,2828559.0,-98.78522310547653,-2.5641518945234623,ols
116271,2828559.0,-98.02209085123077,-2.3916591487692216,ols
116289,2828559.0,-97.52288156772885,-1.9127434322711565,ols
116302,2828559.0,-97.26062328852191,0.09312328852190888,ols
116338,2828559.0,-95.67393444079272,2.276434440792727,ols
116347,2828559.0,-95.17740055440363,2.8911505544036373,ols
116359,2828559.0,-94.25127716271597,2.0412771627159714,ols
116393,2828559.0,-90.5501327967955,7.267632796795496,ols
116455,2828559.0,-77.63809161523281,-1.9375333847671925,ols
116463,2828559.0,-73.07213999589996,-9.360985004100044,ols
116504,2828559.0,-79.8987526312024,0.013127631202394241,ols
116507,2828559.0,-81.02458946292542,1.342089462925415,ols
116530,2828559.0,-84.3859583955136,3.8165833955136037,ols
116547,2828559.0,-84.82361372766353,7.853613727663529,ols
116550,2828559.0,-84.8327596222382,3.526509622238194,ols
116566,2828559.0,-85.56039827478678,7.2053982747867735,ols
116570,2828559.0,-85.8690994660972,-2.9340255339027976,ols
129486,2828564.0,-81.48222953486686,1.5459795348668592,ols
129492,2828564.0,-81.2312748958662,4.463774895866209,ols
129497,2828564.0,-80.95261956057087,2.9863695605708642,ols
129503,2828564.0,-80.28221446519507,3.7640894651950703,ols
129527,2828564.0,-77.34484940100269,3.016099401002691,ols
129543,2828564.0,-74.2079795915289,0.7548545915288969,ols
129552,2828564.0,-72.2992218466001,-1.9245281533998906,ols
129555,2828564.0,-71.43024244608381,-3.1853825539161846,ols
129567,2828564.0,-70.25611888354379,-2.7413811164562105,ols
129589,2828564.0,-75.29114975856348,-1.3394752414365172,ols
129602,2828564.0,-78.53816185558513,-0.18558814441486504,ols
129619,2828564.0,-80.64085319186503,-0.04039680813497171,ols
129684,2828564.0,-83.32150867248134,4.947133672481343,ols
129710,2828564.0,-83.32150867248134,4.874008672481338,ols
129740,2828564.0,-83.32150867248134,4.49650867248134,ols
129763,2828564.0,-83.32150867248134,4.947758672481342,ols
129831,2828564.0,-84.0645512768845,-0.8804487231154923,ols
129858,2828564.0,-85.28885542900088,0.809480429000871,ols
144350,2828564.0,-81.04442873126766,3.741928731267663,ols
144361,2828564.0,-80.39092088832788,4.094045888327884,ols
144381,2828564.0,-77.91384800793168,3.413223007931677,ols
144382,2828564.0,-77.20880986286544,4.233809862865442,ols
144386,2828564.0,-76.43748072948625,3.3281057294862535,ols
144462,2828564.0,-77.8339450249643,-0.2885549750357086,ols
144468,2828564.0,-78.46046436035923,0.2592143603592234,ols
144514,2828564.0,-81.914809535453,0.746059535453,ols
144528,2828564.0,-82.27476351392713,0.7666385139271199,ols
144545,2828564.0,-82.80865810763756,0.5455331076375529,ols
144547,2828564.0,-82.98452278118998,1.4913977811899741,ols
144561,2828564.0,-83.60280025484266,0.23967525484266616,ols
144575,2828564.0,-84.43633677813844,1.2669617781384375,ols
144589,2828564.0,-85.01024604136681,-0.2835039586331902,ols
144597,2828564.0,-85.36666779337997,-0.8895822066200196,ols
144617,2828564.0,-86.1995208452142,-5.1042291547857985,ols
144634,2828564.0,-86.63143460471179,-7.554190395288217,ols
158375,2828564.0,-81.85912096998064,4.133209511647308,ols
158379,2828564.0,-81.75391231256282,5.442662312562817,ols
158388,2828564.0,-81.57203998229792,4.796414982297918,ols
158397,2828564.0,-81.49007509803056,5.150700098030555,ols
158408,2828564.0,-81.49896022703075,5.861460227030747,ols
158422,2828564.0,-81.50299787776581,5.573622877765814,ols
158432,2828564.0,-81.50299787776581,5.629872877765806,ols
158479,2828564.0,-81.50299787776581,4.985497877765809,ols
158486,2828564.0,-81.49896022703075,0.5814602270307461,ols
158503,2828564.0,-81.05872419738367,2.4693491973836643,ols
158515,2828564.0,-80.3378226222602,3.6865726222602007,ols
158522,2828564.0,-79.67079467998855,3.6964196799885514,ols
158529,2828564.0,-79.2790564068234,3.120931406823402,ols
158533,2828564.0,-78.8321579662906,2.963407966290589,ols
158547,2828564.0,-76.13091218996281,2.5677871899628144,ols
158571,2828564.0,-70.22921078440619,-2.0114142155938026,ols
158580,2828564.0,-71.67621750729316,-2.5275324927068397,ols
158585,2828564.0,-72.9957137266681,-3.2267862733318964,ols
158631,2828564.0,-81.4090866015654,0.06971160156540179,ols
158639,2828564.0,-81.87528305983616,0.1084080598361652,ols
158642,2828564.0,-82.05952169465704,-1.0729783053429571,ols
158662,2828564.0,-82.7022605544841,-0.6533644455159049,ols
158677,2828564.0,-82.90700333315154,-1.3523716668484695,ols
158687,2828564.0,-83.30091263331221,-0.5609623666877894,ols
158703,2828564.0,-84.08548618005558,-1.5176388199444233,ols
158710,2828564.0,-84.49487984206789,-0.8888701579321179,ols
158722,2828564.0,-85.07364807047671,1.3961480704767126,ols
158737,2828564.0,-85.60560711895567,-1.7431428810443208,ols
171168,2828564.0,-81.70252559687785,5.457035906156193,ols
171207,2828564.0,-80.82727434059674,4.94664934059675,ols
171240,2828564.0,-77.56551304430394,2.9611380443039366,ols
171244,2828564.0,-76.70681443299924,3.3593144329992413,ols
171262,2828564.0,-70.93306577719446,-3.4300592228055393,ols
171340,2828564.0,-81.8232186161473,0.05946861614729926,ols
171371,2828564.0,-82.33476541610226,-1.8358595838977436,ols
171375,2828564.0,-82.48297534102127,-0.9188996589787308,ols
171428,2828564.0,-83.69989915004442,-0.4713508499555843,ols
171436,2828564.0,-83.69989915004442,-0.7157258499555894,ols
171438,2828564.0,-83.69989915004442,-0.7957258499555877,ols
171461,2828564.0,-83.69989915004442,-0.6857258499555883,ols
171467,2828564.0,-83.69989915004442,-0.8982258499555797,ols
171475,2828564.0,-83.69989915004442,-0.9082258499555849,ols
171480,2828564.0,-83.69989915004442,-0.9701008499555854,ols
171501,2828564.0,-83.69989915004442,-0.7794758499555883,ols
171507,2828564.0,-83.69989915004442,-0.6626008499555809,ols
171562,2828564.0,-83.69989915004442,0.015524150044413432,ols
171578,2828564.0,-84.07673889403924,-1.262636105960766,ols
171641,2828564.0,-86.16657062861817,-0.42655437138182606,ols
171644,2828564.0,-86.22471165051142,-2.14653834948858,ols
171646,2828564.0,-86.28056677625594,-4.90631441186288,ols
171663,2828564.0,-86.60804150166217,-6.518852437731766,ols
178488,2828564.0,-79.74792931636377,1.4654293163637675,ols
178492,2828564.0,-78.65932009492505,1.8418200949250547,ols
178498,2828564.0,-76.22053884674875,1.2011638467487558,ols
178525,2828564.0,-77.92791373574127,-0.8983362642587309,ols
178533,2828564.0,-80.16062546653063,-0.29312453346936707,ols
178549,2828564.0,-82.63228226635337,-2.0802177336466343,ols
178565,2828564.0,-83.48088962254927,-1.1584853774507309,ols
178573,2828564.0,-83.47372178738945,-1.5931974045297466,ols
178578,2828564.0,-83.47372178738945,-1.4731532126105549,ols
178592,2828564.0,-83.47372178738945,-1.133778212610551,ols
178620,2828564.0,-83.47372178738945,-1.5350282126105554,ols
178622,2828564.0,-83.47372178738945,-1.2100282126105526,ols
178653,2828564.0,-84.01717923810395,-2.213445761896054,ols
178665,2828564.0,-85.1355280833067,0.9655280833066939,ols
178667,2828564.0,-85.3343723309572,-2.341877669042802,ols
178668,2828564.0,-85.52863329939495,-1.6194917006050389,ols
178681,2828564.0,-86.5887894315855,-5.021835568414502,ols
194337,2828564.0,-79.22995558728718,2.9262055872871855,ols
194340,2828564.0,-77.78691185018567,2.488786850185676,ols
194364,2828564.0,-73.50355599643228,-3.2939440035677165,ols
194367,2828564.0,-74.71387482914629,-2.749875170853713,ols
194377,2828564.0,-79.08037297598739,-0.6802520240126171,ols
194391,2828564.0,-81.97064743082456,-0.6087275691754428,ols
194418,2828564.0,-85.48946866161069,-0.8224063383893139,ols
194430,2828564.0,-86.2241258178301,-3.718374182169896,ols
194432,2828564.0,-86.34202751667674,-4.647972483323258,ols
194435,2828564.0,-86.46778052214475,-4.6934694778552455,ols
194438,2828564.0,-86.7406177348304,-4.1801296878500125,ols
201008,2828564.0,-81.15475480946063,4.606629809460628,ols
201015,2828564.0,-80.74362662323496,1.7030016232349539,ols
201033,2828564.0,-80.77603695481093,1.5866619548109355,ols
201041,2828564.0,-80.77603695481093,1.70666195481094,ols
201048,2828564.0,-80.77603695481093,1.3385369548109338,ols
201068,2828564.0,-80.77603695481093,2.0441619548109315,ols
201076,2828564.0,-80.76116714292891,1.628042142928905,ols
201079,2828564.0,-80.61393934926977,4.343314349269775,ols
201095,2828564.0,-76.5176191942177,2.3188691942176973,ols
201102,2828564.0,-72.09858564015964,-3.613914359840365,ols
201117,2828564.0,-71.5961364771383,-3.1838635228616994,ols
201138,2828564.0,-78.5985026217622,-0.29524737823780356,ols
201148,2828564.0,-80.75711800527856,0.4889930052785587,ols
201151,2828564.0,-81.09002604163123,-1.398098958368763,ols
201156,2828564.0,-81.9395293772221,-0.22672062277790417,ols
201165,2828564.0,-83.03683993701588,-2.056910062984116,ols
201167,2828564.0,-83.3176720427644,-3.5367029572356046,ols
201178,2828564.0,-84.81208526517786,-1.24353973482215,ols
201180,2828564.0,-85.0279129171293,-0.03833708287069726,ols
201190,2828564.0,-85.93148516313241,-3.522264836867592,ols
201193,2828564.0,-86.08565105364495,-2.452473946355042,ols
201194,2828564.0,-86.23671547702105,-5.127034522978946,ols
201200,2828564.0,-86.6746081759428,-4.59536605086133,ols
144202,2828565.0,-76.61677548336726,-1.9307245166327363,ols
144249,2828565.0,-77.67827914281592,-2.9579708571840797,ols
144255,2828565.0,-77.76964149498697,-4.684108505013029,ols
144299,2828565.0,-77.77421162074513,-4.4901633792548665,ols
144310,2828565.0,-77.77421162074513,-4.6576633792548705,ols
144323,2828565.0,-77.77420950690343,-4.55204049309657,ols
144329,2828565.0,-77.77421162074513,-3.3759172452342483,ols
158341,2828565.0,-77.29836048768647,0.22836048768647288,ols
158368,2828565.0,-77.40148214124174,2.0439821412417416,ols
158370,2828565.0,-77.57742986908953,-4.277570130910476,ols
171154,2828565.0,-76.9017445969586,-0.052630403041405316,ols
171162,2828565.0,-77.64544272582823,-2.685807274171765,ols
178426,2828565.0,-78.439388985779,-0.26873601422099114,ols
178431,2828565.0,-77.5820105640562,2.2376355640562053,ols
178449,2828565.0,-77.43611109599212,3.8873610959921194,ols
178455,2828565.0,-77.65238458197524,1.5680095819752466,ols
178465,2828565.0,-77.64270530082507,1.536455300825068,ols
178466,2828565.0,-77.64270530082507,3.1289553008250692,ols
194314,2828565.0,-77.33164292527313,-0.24210707472687432,ols
200992,2828565.0,-77.30479713566686,-0.579577864333146,ols
201000,2828565.0,-76.68845374161599,-0.2852962583840082,ols
16460,2828806.0,-99.48901258121798,2.38507236382668,ols
16476,2828806.0,-93.02194703725496,-0.21180296274503974,ols
16505,2828806.0,-94.78332435085156,3.4401993508515574,ols
29651,2828806.0,-97.9022022685449,2.489702268544903,ols
29655,2828806.0,-97.25876164799882,3.225636647998826,ols
29684,2828806.0,-95.7603271496757,1.2978271496756975,ols
29692,2828806.0,-95.76403593636587,1.8321609363658666,ols
29705,2828806.0,-95.7603271496757,2.0134521496757003,ols
29711,2828806.0,-95.7603271496757,1.8422021496756997,ols
29724,2828806.0,-95.7603271496757,1.308452149675702,ols
29737,2828806.0,-95.76403593636587,1.943410936365865,ols
29753,2828806.0,-95.76403593636587,1.5077859363658774,ols
29756,2828806.0,-95.76403593636587,2.655285936365871,ols
29766,2828806.0,-95.11662403509447,2.5691240350944753,ols
29769,2828806.0,-94.47683292839193,1.701832928391923,ols
29781,2828806.0,-91.71673355144999,-1.2538914485500072,ols
29813,2828806.0,-95.54051803166183,2.4167680316618316,ols
29819,2828806.0,-97.04005331142267,1.5625533114226613,ols
29820,2828806.0,-98.34353941712538,0.1204144171253887,ols
47555,2828806.0,-93.4946564568105,0.09653145681051001,ols
47580,2828806.0,-94.40509584885059,6.693220848850586,ols
47584,2828806.0,-96.28959133248154,0.7664663324815422,ols
79155,2828806.0,-100.16667056937814,1.4899028926104592,ols
79169,2828806.0,-96.8805585486464,2.564933548646408,ols
79178,2828806.0,-93.85979412725212,-0.00708087274787772,ols
79219,2828806.0,-90.55153099697361,-3.675344003026396,ols
79225,2828806.0,-90.55153099697361,-4.415344003026391,ols
79260,2828806.0,-90.55145478902794,-4.621045210972056,ols
79275,2828806.0,-90.55153099697361,-4.147844003026393,ols
79287,2828806.0,-90.55384263799283,-4.526782362007168,ols
79328,2828806.0,-89.45581315386602,0.9914381538660137,ols
79333,2828806.0,-89.10436751099975,1.201242510999748,ols
91343,2828806.0,-99.11736336519476,1.9667383651947574,ols
91358,2828806.0,-92.99544360725444,-0.5720563927455515,ols
91368,2828806.0,-89.81781783098488,-1.9528071690151165,ols
91379,2828806.0,-89.51710127729852,-2.5303987227014773,ols
91385,2828806.0,-89.54866830191256,-2.8557066980874453,ols
91430,2828806.0,-89.56508688043364,-2.616163119566366,ols
91468,2828806.0,-89.56508688043364,-2.2930381195663614,ols
91492,2828806.0,-89.56521389367646,-0.18916110632353877,ols
91509,2828806.0,-89.90909801482053,8.347223014820528,ols
103715,2828806.0,-93.40813503580563,6.410010035805627,ols
103719,2828806.0,-95.37549395904841,5.7129939590484184,ols
116194,2828806.0,-94.47971189522906,1.1172118952290617,ols
116202,2828806.0,-89.92364526489749,2.0161452648974887,ols
116232,2828806.0,-100.3312966671641,-3.621203332835904,ols
18275,2829843.0,-117.53917895662669,-2.2416543767066344,ols
18276,2829843.0,-120.87756688851758,-0.7251728375098168,ols
68701,2829843.0,-112.05028064864688,-2.0547193513531283,ols
51573,2832398.0,-93.30282280967238,4.3646978096723785,ols
51588,2832398.0,-93.31961034905997,2.2788208753757715,ols
70136,2832398.0,-86.56128953419552,-0.9831549102489276,ols
120246,2832398.0,-89.27492563571838,-3.093199364281631,ols
120281,2832398.0,-89.27492563571838,-2.983824364281631,ols
120287,2832398.0,-89.27492563571838,-3.418824364281619,ols
120321,2832398.0,-89.27492563571838,-3.0413243642816212,ols
120392,2832398.0,-83.89757802943251,0.3213280294325074,ols
120407,2832398.0,-87.73287374739294,2.362873747392939,ols
120419,2832398.0,-89.68637045917271,6.206370459172703,ols
120422,2832398.0,-90.22558464939377,7.522459649393767,ols
120440,2832398.0,-91.84241515790538,7.6592901579053745,ols
50754,2832399.0,-89.81834844285244,-2.8991515571475617,ols
50770,2832399.0,-89.64314201786448,-1.0293579821355223,ols
50772,2832399.0,-89.6392806781715,-1.429469321828492,ols
50790,2832399.0,-89.64492807383057,-1.1875719261694258,ols
50806,2832399.0,-89.64492807383057,-1.5000719261694258,ols
50819,2832399.0,-89.64492807383057,0.057428073830564585,ols
50838,2832399.0,-89.58329572521754,-2.2185792747824564,ols
50847,2832399.0,-89.51742633899548,-1.8031986610045294,ols
50873,2832399.0,-89.5000577647008,-0.8168172352991974,ols
50890,2832399.0,-89.5000577647008,-2.7543172352991974,ols
50960,2832399.0,-88.562780915982,-0.5947190840179957,ols
50997,2832399.0,-88.16775841106657,7.572133411066574,ols
51024,2832399.0,-88.16427873274866,7.161153732748659,ols
51137,2832399.0,-88.15860450152415,8.053604501524148,ols
51152,2832399.0,-88.15860450152415,7.405916329481144,ols
51179,2832399.0,-88.15860450152415,7.765479501524155,ols
51183,2832399.0,-88.15860450152415,7.805479501524147,ols
51273,2832399.0,-87.22663811303175,-6.097736886968249,ols
51288,2832399.0,-86.68602670217884,-8.60397329782117,ols
51325,2832399.0,-86.64786950986142,-6.574005490138575,ols
51345,2832399.0,-86.64786950986142,-6.684630490138574,ols
51350,2832399.0,-86.64956611394274,-6.854808886057256,ols
51377,2832399.0,-86.64956611394274,-6.399808886057258,ols
51428,2832399.0,-86.67803268540905,-4.357592314590946,ols
51443,2832399.0,-87.02726775223537,1.7297677522353752,ols
51471,2832399.0,-88.51780152658542,8.94655152658541,ols
51517,2832399.0,-90.36248425796566,8.086826363228823,ols
51519,2832399.0,-90.49609257480171,4.05609257480171,ols
51534,2832399.0,-90.90150044354003,8.837750443540031,ols
51615,2832399.0,-91.88276078400487,-9.49973921599512,ols
51626,2832399.0,-91.98662634915175,-5.103998650848254,ols
51632,2832399.0,-92.11123282464948,-8.176892175350517,ols
69419,2832399.0,-93.4962581009022,-4.47659543445134,ols
69433,2832399.0,-93.40774844264244,-5.953501557357555,ols
69480,2832399.0,-93.35717831044715,-2.804071689552842,ols
69484,2832399.0,-93.35717831044715,-2.133446689552841,ols
69502,2832399.0,-93.35717831044715,-1.247196689552851,ols
69567,2832399.0,-93.25449052844986,-5.079259471550131,ols
69634,2832399.0,-91.51799388825134,-3.355131111748662,ols
69641,2832399.0,-91.37107214923063,-3.0270528507693655,ols
69711,2832399.0,-88.39052342146226,-0.4844765785377376,ols
69716,2832399.0,-88.32268013031606,-0.2741948696839387,ols
69744,2832399.0,-88.12722478034352,1.0297247803435283,ols
69769,2832399.0,-88.11192254458726,2.093797544587261,ols
69792,2832399.0,-88.11192254458726,1.743172544587253,ols
69801,2832399.0,-88.11192254458726,1.2887975445872542,ols
69827,2832399.0,-88.11192254458726,0.680672544587253,ols
69837,2832399.0,-88.11192254458726,0.5619225445872615,ols
69906,2832399.0,-88.0501411094996,8.538891109499602,ols
69931,2832399.0,-87.82473130504394,-1.2333936949560638,ols
69934,2832399.0,-87.6755464333383,-0.16007856666169573,ols
69947,2832399.0,-87.54951767287258,-6.44798232712742,ols
69968,2832399.0,-87.08331233977918,-6.452312660220812,ols
69992,2832399.0,-86.73329605982578,-6.19295394017422,ols
70052,2832399.0,-86.7865736024004,-4.7653013975996,ols
70096,2832399.0,-86.7865736024004,-5.1377685028627695,ols
70108,2832399.0,-86.79777894183377,-5.262846058166232,ols
70120,2832399.0,-86.95004990356429,2.8419249035642906,ols
70253,2832399.0,-91.77664401309103,6.332269013091036,ols
70258,2832399.0,-91.86074071170167,-5.619884288298337,ols
70266,2832399.0,-91.91232165019497,-9.097053349805037,ols
70289,2832399.0,-92.20894410012355,-10.319180899876457,ols
82555,2832399.0,-93.12454675716029,-3.0942032428397113,ols
82616,2832399.0,-91.39761848690367,-3.9005065130963317,ols
82679,2832399.0,-89.49806000594073,-2.414955457976788,ols
82688,2832399.0,-89.15785957947712,-1.9577654205228754,ols
82698,2832399.0,-89.05649568537456,-1.0678793146254435,ols
82716,2832399.0,-88.98396511546592,-0.8685348845340854,ols
82745,2832399.0,-88.96415748644625,-0.08959251355373965,ols
82757,2832399.0,-88.96415748644625,-0.39584251355374533,ols
82773,2832399.0,-88.96415748644625,-1.2145925135537396,ols
82776,2832399.0,-88.96415748644625,-0.1920925135537459,ols
82830,2832399.0,-88.96415748644625,-2.397092513553744,ols
82836,2832399.0,-88.96415748644625,-2.362717513553747,ols
82858,2832399.0,-88.80340648603865,0.45215648603866043,ols
82861,2832399.0,-88.72514503204513,0.01827003204513744,ols
82886,2832399.0,-88.27590872149439,8.18153372149439,ols
82915,2832399.0,-88.20402518688564,4.002775186885643,ols
82919,2832399.0,-88.11130532658228,1.9888053265822805,ols
82929,2832399.0,-87.78319581321136,1.6019458132113584,ols
82954,2832399.0,-87.5052270629888,-8.086647937011207,ols
82960,2832399.0,-87.22790832979562,-5.737091670204379,ols
82970,2832399.0,-86.97582099156924,-6.878554008430768,ols
82973,2832399.0,-86.92605890806644,-6.786441091933568,ols
83027,2832399.0,-86.86340084450795,-7.734724155492046,ols
83053,2832399.0,-86.78516324435037,-7.4154617556496305,ols
83097,2832399.0,-88.36318990720316,8.52506490720316,ols
83118,2832399.0,-89.43228603506242,8.654161035062415,ols
83132,2832399.0,-90.1650192223151,4.688769222315102,ols
83138,2832399.0,-90.33672807860819,5.590478078608186,ols
83217,2832399.0,-91.86567845574149,-9.181196544258512,ols
93980,2832399.0,-93.35125957740425,-4.030615422595744,ols
93996,2832399.0,-93.10529671155575,-3.575328288444254,ols
94102,2832399.0,-91.1442996943968,-0.8091577524117071,ols
94173,2832399.0,-88.91078751025736,-0.7904624897426373,ols
94175,2832399.0,-88.83248133032146,-1.1931436696785482,ols
94180,2832399.0,-88.76009984688744,0.204474846887436,ols
94271,2832399.0,-88.54959272643602,-0.3822822735639875,ols
94309,2832399.0,-88.00855194653616,8.641051946536152,ols
94314,2832399.0,-87.98068470269787,8.476309702697876,ols
94340,2832399.0,-87.83669102203895,1.8904410220389423,ols
94350,2832399.0,-87.48667474208554,1.7654247420855427,ols
94361,2832399.0,-87.4708387767501,-4.199161223249902,ols
94363,2832399.0,-87.49246824248975,-5.892531757510255,ols
94396,2832399.0,-86.96544457293483,-6.992055427065168,ols
94400,2832399.0,-86.85651304937994,-6.4559869506200585,ols
94403,2832399.0,-86.78172232851585,-6.781402671484145,ols
94407,2832399.0,-86.74724459039237,-7.796505409607633,ols
94422,2832399.0,-86.77106860903862,-9.599556390961382,ols
94451,2832399.0,-86.77944428718348,-8.930555712816513,ols
94472,2832399.0,-86.7601733694725,-7.643576630527505,ols
94496,2832399.0,-86.94583671979117,1.4402117197911792,ols
94510,2832399.0,-87.73080682602554,12.259556826025545,ols
94544,2832399.0,-89.5819360565689,9.369436056568901,ols
94550,2832399.0,-89.93680957386583,8.48368457386583,ols
94561,2832399.0,-90.27302939145676,5.307404391456757,ols
94591,2832399.0,-91.3466309125794,11.669755912579404,ols
94600,2832399.0,-91.54543474477217,9.191059744772161,ols
94669,2832399.0,-91.91139731405225,-7.933602685947747,ols
94678,2832399.0,-91.9749230608931,-8.087576939106896,ols
119800,2832399.0,-91.60986693737878,-3.669508062621219,ols
119806,2832399.0,-91.33550906157183,-2.5326159384281794,ols
119900,2832399.0,-88.32722726779235,0.6866022677923524,ols
119924,2832399.0,-88.1429712937942,6.231721293794209,ols
119929,2832399.0,-88.13806634877879,7.21931634877879,ols
119936,2832399.0,-88.12882895081057,8.371328950810579,ols
119943,2832399.0,-88.13289602983855,8.249771029838541,ols
119947,2832399.0,-88.13368022469511,8.32305522469511,ols
119952,2832399.0,-88.13368022469511,8.40180522469511,ols
119979,2832399.0,-88.13368022469511,8.240555224695115,ols
120018,2832399.0,-88.13368022469511,7.914305224695113,ols
120081,2832399.0,-88.13368022469511,7.786180224695116,ols
120219,2832399.0,-86.79904319513865,-5.700956804861349,ols
120449,2832399.0,-91.41599786749634,12.14474786749635,ols
120452,2832399.0,-91.50732824185613,10.095453241856134,ols
120464,2832399.0,-91.73440781482769,5.642532814827689,ols
120471,2832399.0,-91.82501959237975,-0.8524804076202486,ols
120495,2832399.0,-92.11132823999324,-7.678671760006765,ols
14508,2835205.0,-74.37627378700839,-7.72122621299161,ols
14519,2835205.0,-81.85718766380609,-1.756562336193909,ols
14533,2835205.0,-91.8971433620026,-0.5116066379974029,ols
14541,2835205.0,-94.88043390524669,2.121683905246684,ols
14560,2835205.0,-100.014331851435,-2.600668148564992,ols
14571,2835205.0,-101.54055983383414,-1.487565166165865,ols
14577,2835205.0,-102.89330313557527,-3.123571864424733,ols
14607,2835205.0,-106.7099365690116,0.05681156901160023,ols
14610,2835205.0,-107.15750301839678,2.4650030183967857,ols
14613,2835205.0,-107.59226835046697,3.4003933504669703,ols
14621,2835205.0,-108.41419855222223,2.7510735522222376,ols
14632,2835205.0,-109.5491653073955,-1.1158346926045084,ols
14329,2835207.0,-101.05594886605462,-4.514051133945372,ols
14356,2835207.0,-97.2223258972493,-0.6426741027506893,ols
14363,2835207.0,-96.55216264444574,-1.6359623555542555,ols
14365,2835207.0,-95.83995664694852,-1.646293353051476,ols
14369,2835207.0,-95.08642129974679,-0.6573287002532169,ols
14379,2835207.0,-93.42276516119242,0.09901516119241194,ols
14411,2835207.0,-82.14370502480169,5.45620502480169,ols
14484,2835207.0,-94.66868572990258,-0.6184236450974225,ols
197793,2837262.0,-90.67715335219522,0.6219207940556828,ols
197797,2837262.0,-90.67715335219522,5.554028352195218,ols
197833,2837262.0,-94.35946006067987,-14.16678993932014,ols
204480,2837262.0,-84.30518534586903,-5.527645979432165,ols
151004,2837267.0,-82.42868325247754,-8.872749039189145,ols
151037,2837267.0,-81.12785323568515,-1.6902717643148435,ols
151039,2837267.0,-80.79740888365089,-0.7932161163491145,ols
151042,2837267.0,-80.72854962545944,-1.9858253745405676,ols
151052,2837267.0,-80.7114819010453,-0.7541430989546996,ols
151085,2837267.0,-80.68831103376854,-1.29356396623146,ols
151092,2837267.0,-80.67456798545197,-1.7673070145480239,ols
151109,2837267.0,-80.51803422605109,2.125534226051087,ols
151125,2837267.0,-80.49286820185577,0.5034932018557754,ols
151126,2837267.0,-80.491828472194,0.38057847219400287,ols
151137,2837267.0,-80.48394092842534,0.8076909284253446,ols
151156,2837267.0,-80.48391282762367,0.2932878276236721,ols
151169,2837267.0,-80.48463993586687,0.39651493586686115,ols
151199,2837267.0,-80.4839216091242,0.4751716091241889,ols
165401,2837267.0,-81.87049946591152,-4.716375534088485,ols
165407,2837267.0,-81.387806726731,-0.17469327326899986,ols
165469,2837267.0,-80.15705835300271,0.7970583530027113,ols
165483,2837267.0,-80.15374597100589,0.7237459710058829,ols
165489,2837267.0,-80.15254466173452,2.8837946617345267,ols
165494,2837267.0,-80.15609414424542,0.5485941442454134,ols
165499,2837267.0,-80.21743643799024,4.305561437990249,ols
175302,2837267.0,-82.44274946001332,-8.093333014213485,ols
175308,2837267.0,-81.88864731488982,-4.63885268511018,ols
175331,2837267.0,-80.11453832747627,-3.095461672523726,ols
175337,2837267.0,-80.07803011720704,-2.8207198827929716,ols
175344,2837267.0,-80.07569423806824,-3.1955557619317574,ols
175347,2837267.0,-80.07571531366949,-2.9380346863305107,ols
175376,2837267.0,-88.68785581638343,-1.4046441836165684,ols
182646,2837267.0,-80.82562560112747,-1.8749993988725322,ols
182665,2837267.0,-80.13126884227036,-3.2793561577296373,ols
182670,2837267.0,-80.12081358774913,-3.614811412250873,ols
182678,2837267.0,-80.12083641965049,1.0477114196504829,ols
182681,2837267.0,-80.11948231227004,0.3751073122700319,ols
182687,2837267.0,-80.12887676152823,3.4382517615282353,ols
182703,2837267.0,-88.85906873205653,-2.1422199277372727,ols
182715,2837267.0,-93.03895408981587,-1.0744479720398061,ols
197540,2837267.0,-81.6045517226095,-6.789198277390497,ols
197542,2837267.0,-81.48888531033687,-5.6167396896631345,ols
197554,2837267.0,-81.20641956455339,-2.191080435446608,ols
197556,2837267.0,-81.1890831262233,-1.2134168737767084,ols
197562,2837267.0,-81.18327328547808,0.26264828547807895,ols
197576,2837267.0,-80.41337981543276,2.0471298154327684,ols
197583,2837267.0,-80.14788168495745,1.3822566849574542,ols
197588,2837267.0,-80.20823342544342,0.2888584254434221,ols
197595,2837267.0,-80.22747720568684,1.7881022056868403,ols
197597,2837267.0,-80.22952329530841,0.7113982953084133,ols
197617,2837267.0,-83.49229332677484,6.039168326774842,ols
197618,2837267.0,-83.59610646964319,5.679856469643184,ols
197626,2837267.0,-83.59407969932276,6.04970469932276,ols
197632,2837267.0,-83.54129936858668,10.084424368586681,ols
197640,2837267.0,-86.15654438347863,12.680294383478639,ols
204284,2837267.0,-82.20353436059969,-7.990408938369384,ols
204288,2837267.0,-81.9415066791306,-6.505368320869408,ols
204295,2837267.0,-81.3432089981811,-0.14179100181890192,ols
204306,2837267.0,-80.58810884391477,1.280608843914763,ols
204308,2837267.0,-80.51343623237788,2.0303112323778834,ols
204317,2837267.0,-80.40934735039315,2.7143473503931546,ols
204328,2837267.0,-80.31079959523767,-0.976700404762326,ols
204330,2837267.0,-80.26687452962774,1.5281245296277461,ols
204337,2837267.0,-80.26870108173627,-0.061298918263730684,ols
204346,2837267.0,-80.25251677627463,1.5175167762746327,ols
204352,2837267.0,-80.24572692007119,1.2951019200711897,ols
204354,2837267.0,-80.2457690712737,1.355144071273699,ols
204361,2837267.0,-80.24574272677214,1.0701177267721391,ols
204365,2837267.0,-80.24633811250752,1.3363381125075193,ols
204384,2837267.0,-80.24575150827266,2.5032515082726547,ols
204413,2837267.0,-86.19038828648955,1.7028882864895536,ols
151504,2837268.0,-88.26030003582524,7.187175035825234,ols
151508,2837268.0,-88.23492308095794,7.718673080957942,ols
151518,2837268.0,-88.24072180556183,5.53009680556184,ols
151528,2837268.0,-87.8662929739983,3.9612929739982974,ols
151558,2837268.0,-84.08993686741437,2.2111868674143693,ols
151565,2837268.0,-83.99876548552393,1.7068904855239282,ols
151570,2837268.0,-88.0742369260719,6.97423692607191,ols
151615,2837268.0,-89.56856946204772,-0.2539305379522858,ols
151645,2837268.0,-87.09856594756566,-8.107684052434337,ols
151663,2837268.0,-87.24575710802014,-5.930492891979853,ols
151807,2837268.0,-95.85998071272849,-18.71314428727152,ols
165563,2837268.0,-84.18601968465538,0.19539468465538334,ols
165606,2837268.0,-87.21498890649411,-9.893136093505888,ols
165615,2837268.0,-91.73432197378978,-4.158803026210222,ols
175401,2837268.0,-84.08990793406915,2.540532934069148,ols
175404,2837268.0,-84.74492270309742,1.3386727030974157,ols
175418,2837268.0,-90.09675973454206,-1.8557402654579391,ols
175420,2837268.0,-89.75318831565232,-1.3274366843476741,ols
175432,2837268.0,-89.08323911826797,-6.62113588173203,ols
175435,2837268.0,-87.1557792266199,-9.623595773380103,ols
175448,2837268.0,-91.85256050013058,-4.599314499869422,ols
175462,2837268.0,-91.76791840981075,-5.857081590189253,ols
175464,2837268.0,-91.76710345392047,-5.628521546079526,ols
175467,2837268.0,-91.76793046537125,-5.48144453462875,ols
175473,2837268.0,-91.76793046537125,-5.228319534628753,ols
175483,2837268.0,-91.76711309836888,-5.8291369016311165,ols
175496,2837268.0,-91.76844885447306,-3.856551145526936,ols
175499,2837268.0,-91.77258150061486,-2.50616849938514,ols
175534,2837268.0,-98.63890073186678,-16.86881531751594,ols
182727,2837268.0,-92.33719403251303,7.853444032513025,ols
182743,2837268.0,-88.4350743187198,4.299449318719795,ols
182755,2837268.0,-83.95738115741541,0.15050615741540696,ols
182762,2837268.0,-84.29842090859867,1.4621709085986652,ols
182797,2837268.0,-91.87838351073663,-4.220991489263369,ols
182798,2837268.0,-91.9085441120131,-4.0408308879869,ols
182812,2837268.0,-97.61205631012032,1.4283063101203197,ols
182831,2837268.0,-97.61205631012032,2.88580631012033,ols
182844,2837268.0,-97.61205631012032,0.858931310120326,ols
182856,2837268.0,-97.61205631012032,1.7570563101203192,ols
197675,2837268.0,-92.44407380974413,9.761573809744121,ols
197697,2837268.0,-84.86069466175849,1.3656946617584822,ols
197705,2837268.0,-84.7641055109762,1.0397305109761987,ols
197728,2837268.0,-89.47527630150805,4.195276301508045,ols
197752,2837268.0,-87.45554314973921,-7.130706850260793,ols
197762,2837268.0,-97.61257952144634,0.7894545214463307,ols
197772,2837268.0,-97.61615037846852,0.8261503784685118,ols
197774,2837268.0,-97.61615037846852,1.1099003784685237,ols
197791,2837268.0,-97.61615037846852,1.1376557548125987,ols
204441,2837268.0,-88.31322635756318,5.978851357563187,ols
204451,2837268.0,-84.47923261619516,-0.1770173838048379,ols
204462,2837268.0,-84.97242800764971,1.086178007649707,ols
204469,2837268.0,-89.76771526606329,-0.24540973393671095,ols
204471,2837268.0,-89.8605744264247,-1.8375505735752995,ols
204489,2837268.0,-91.8824558790759,-4.203794120924101,ols
204494,2837268.0,-97.60928112009161,2.5105311200916134,ols
204501,2837268.0,-97.61034200941623,0.8360364538606717,ols
204520,2837268.0,-97.61175974333185,2.8861347433318514,ols
204526,2837268.0,-97.61175974333185,2.4548847433318457,ols
204535,2837268.0,-98.23275854283348,3.124633542833479,ols
160674,2838293.0,-98.26764310179632,3.8888931017963273,ols
160688,2838293.0,-99.39054914992317,5.77401269158986,ols
162131,2838293.0,-98.22897103890901,-1.235403961090995,ols
162134,2838293.0,-97.83622764930635,1.094977649306358,ols
179609,2838293.0,-98.56876591003979,-2.980609089960211,ols
179613,2838293.0,-98.82325229670715,-0.8104977032928531,ols
195417,2838293.0,-97.82661864293425,-1.760881357065756,ols
195466,2838293.0,-110.54710046504147,0.11522546504146192,ols
202197,2838293.0,-99.75211276052924,-0.43351223947075823,ols
202199,2838293.0,-100.7726775609166,1.2751775609166032,ols
160595,2838294.0,-113.43418988997114,3.23856488997113,mean_fallback
179574,2838294.0,-113.43418988997114,-1.6964351100288582,mean_fallback
179577,2838294.0,-113.43418988997114,-1.2784724476912004,mean_fallback
195379,2838294.0,-113.43418988997114,1.2789063848164943,mean_fallback
202155,2838294.0,-113.43418988997114,-0.8647791821938284,mean_fallback
1602,2838542.0,-110.57479208914403,1.777917089144026,ols
1627,2838542.0,-108.86063635140638,-3.313113648593614,ols
93321,2838542.0,-122.1999068177918,0.0009125649182379902,ols
172910,2838542.0,-125.73732940699648,0.9335794069964862,ols
201661,2838542.0,-122.59254290322448,3.25977263295421,ols
201664,2838542.0,-123.0720777659516,2.465411099284921,ols
201669,2838542.0,-123.40795040352671,3.8521170701933727,ols
18226,2838792.0,-105.17659009116537,-14.259385518590733,ols
34299,2838792.0,-106.16773999350912,-11.60877515800604,ols
106063,2838792.0,-106.04817212241537,-12.973943262200038,ols
119177,2838792.0,-106.17404187339193,-9.737624793274733,ols
119200,2838792.0,-106.17404187339193,-10.11679145994141,ols
119220,2838792.0,-106.17404187339193,-10.000958126608069,ols
119230,2838792.0,-106.17404187339193,-10.697624793274755,ols
119245,2838792.0,-106.17404187339193,-10.82845812660807,ols
119257,2838792.0,-106.17404187339193,-10.992624793274757,ols
131267,2838792.0,-106.04313672202474,-12.711863277975255,ols
131277,2838792.0,-106.02244580405599,-11.762554195944006,ols
131278,2838792.0,-106.02244580405599,-11.890887529277336,ols
131305,2838792.0,-106.02055371421224,-12.057779619121078,ols
131332,2838792.0,-106.02055371421224,-11.967779619121075,ols
131364,2838792.0,-106.02055371421224,-11.801112952454446,ols
131416,2838792.0,-106.02055371421224,-10.691112952454432,ols
131426,2838792.0,-106.02055371421224,-11.495279619121078,ols
131431,2838792.0,-106.02055371421224,-11.556112952454441,ols
131444,2838792.0,-106.02055371421224,-11.741112952454444,ols
131452,2838792.0,-106.02055371421224,-11.693612952454444,ols
131461,2838792.0,-106.02055371421224,-11.706946285787765,ols
131477,2838792.0,-106.02055371421224,-12.062779619121073,ols
131487,2838792.0,-106.02055371421224,-11.374446285787755,ols
131491,2838792.0,-106.02055371421224,-11.618612952454441,ols
131504,2838792.0,-106.02055371421224,-12.96194628578776,ols
146159,2838792.0,-106.16697705405599,-11.856356279277335,ols
159913,2838792.0,-106.07133496421224,-10.128665035787762,ols
159932,2838792.0,-106.05819714682943,-10.84263618650391,ols
159934,2838792.0,-106.05819714682943,-10.790969519837233,ols
159990,2838792.0,-106.06005871909505,-11.12410794757163,ols
159999,2838792.0,-106.06005871909505,-11.09410794757163,ols
160006,2838792.0,-106.06005871909505,-11.119941280904953,ols
160023,2838792.0,-106.06005871909505,-11.184941280904951,ols
160036,2838792.0,-106.06005871909505,-10.93660794757163,ols
160077,2838792.0,-106.06005871909505,-11.024107947571608,ols
160125,2838792.0,-106.06005871909505,-10.574107947571633,ols
160127,2838792.0,-106.06005871909505,-10.397441280904943,ols
160138,2838792.0,-106.06005871909505,-11.060774614238284,ols
160147,2838792.0,-106.0619508089388,-11.133882524394537,ols
160159,2838792.0,-106.0619508089388,-11.008882524394537,ols
174358,2838792.0,-93.57545483725912,-12.623295162740888,ols
6127,2843400.0,-87.04320134802869,2.578201348028685,ols
6141,2843400.0,-84.4206625512444,7.6444125512444,ols
6145,2843400.0,-83.66550621821966,7.697381218219661,ols
6159,2843400.0,-80.64986267611313,7.527987676113128,ols
6188,2843400.0,-68.80366425302653,3.2386642530265277,ols
6281,2843400.0,-65.98022439606686,-2.6554006039331455,ols
6301,2843400.0,-65.88780181297747,-3.3196981870225244,ols
6314,2843400.0,-66.88034043914324,-2.934034560856759,ols
6344,2843400.0,-79.5991616517853,6.867286651785292,ols
6354,2843400.0,-82.26213597734179,7.2583859773417885,ols
6358,2843400.0,-83.42913066180625,10.09100566180625,ols
6385,2843400.0,-89.53963858562867,-4.02723641437133,ols
6405,2843400.0,-92.60358473320382,-7.557306355905098,ols
6425,2843400.0,-95.06546080273105,-9.531414197268944,ols
6435,2843400.0,-95.94566006456672,-12.874571894196151,ols
19514,2843400.0,-102.49993131069726,-0.40506868930273754,ols
19530,2843400.0,-102.47850961372966,3.2585096137296574,ols
19571,2843400.0,-102.47172192486491,3.477971924864903,ols
19574,2843400.0,-102.47172192486491,3.406721924864911,ols
19578,2843400.0,-102.47172192486491,3.547346924864911,ols
19631,2843400.0,-102.0814090576843,-0.6067159423157023,ols
20031,2843400.0,-95.09928508103408,0.7686600810340849,ols
20035,2843400.0,-94.82393739665878,0.5645623966587721,ols
20044,2843400.0,-93.94843969912851,0.9009396991285143,ols
20079,2843400.0,-91.06064134270366,0.47189134270365685,ols
20084,2843400.0,-90.21108008932168,-1.8189199106783178,ols
20114,2843400.0,-86.76272657145282,4.434601571452816,ols
20122,2843400.0,-85.57112392017139,9.056123920171387,ols
20132,2843400.0,-83.45157985295981,6.774704852959815,ols
20140,2843400.0,-81.7713673907089,7.12324239070891,ols
20150,2843400.0,-79.86381924513509,6.693194245135089,ols
20155,2843400.0,-78.77521510194791,6.287090101947911,ols
20181,2843400.0,-72.75624756923708,-0.5087524307629252,ols
20195,2843400.0,-72.34878904149905,-0.3324609585009597,ols
20210,2843400.0,-69.52020133488051,4.307701334880505,ols
20214,2843400.0,-68.38741494169763,1.559289941697628,ols
20224,2843400.0,-65.88556000748085,-3.00756499251915,ols
20268,2843400.0,-66.7251161659613,-1.0230088340387056,ols
20277,2843400.0,-66.7251161659613,-1.0248838340387039,ols
20287,2843400.0,-66.70926784654776,-1.0757321534522362,ols
20336,2843400.0,-66.71396941085315,-0.8135305891468505,ols
20343,2843400.0,-66.71396941085315,-0.7547805891468471,ols
20346,2843400.0,-66.71396941085315,-0.9385305891468505,ols
20391,2843400.0,-66.72979697280839,-1.1045780271916072,ols
20414,2843400.0,-66.72979697280839,-0.7608280271916072,ols
20441,2843400.0,-66.72979697280839,-0.7595780271916084,ols
20450,2843400.0,-66.72979697280839,-0.9327030271916072,ols
20452,2843400.0,-66.72979697280839,-1.1502030271916084,ols
20491,2843400.0,-68.29991187622579,-0.18571312377420668,ols
20506,2843400.0,-74.45551537820917,-0.20510962179082526,ols
20528,2843400.0,-82.39066615914741,2.4756661591474085,ols
20536,2843400.0,-84.2317074083218,1.8242074083217972,ols
20611,2843400.0,-95.14311445423864,-12.310010545761358,ols
20615,2843400.0,-95.52685758586668,-14.14892366413332,ols
35838,2843400.0,-94.0469442175004,1.216944217500398,ols
35874,2843400.0,-90.6803958427995,-0.038979157200500936,ols
35928,2843400.0,-81.21442402700943,7.035674027009435,ols
35966,2843400.0,-68.8002185149484,3.262093514948404,ols
35978,2843400.0,-65.93521184773911,-2.308538152260894,ols
35998,2843400.0,-69.83923309025224,5.222358090252243,ols
36001,2843400.0,-71.44646232911352,5.492712329113516,ols
36008,2843400.0,-74.8641570810704,-0.9883429189296038,ols
36032,2843400.0,-82.7020280336766,7.896403033676592,ols
36065,2843400.0,-88.75044002098873,-4.52705997901127,ols
36078,2843400.0,-90.26306714363889,-2.8419328563611117,ols
107185,2843400.0,-101.85808994254283,0.5612149425428328,ols
107456,2843400.0,-95.65883350575045,-2.2930414942495503,ols
107487,2843400.0,-92.96562594217718,-0.40374905782282156,ols
107492,2843400.0,-92.55552083850567,-0.1294791614943307,ols
107507,2843400.0,-90.67000673491937,-0.5837432650806278,ols
107549,2843400.0,-83.10898838241536,6.522113382415355,ols
107559,2843400.0,-81.05286872904539,7.248493729045393,ols
107569,2843400.0,-77.38510887692499,6.170733876924984,ols
107591,2843400.0,-70.40554844637506,-0.6257015536249355,ols
107608,2843400.0,-65.89237883253304,-3.895746167466953,ols
107621,2843400.0,-71.7456914692652,5.488816469265203,ols
107638,2843400.0,-77.68539664745006,1.4747716474500692,ols
107658,2843400.0,-83.00923841654537,8.611738416545379,ols
107669,2843400.0,-85.56456456334797,-0.726060436652034,ols
107689,2843400.0,-88.84267578695342,-6.238574213046576,ols
107733,2843400.0,-94.28095342366736,-9.015921576332644,ols
107737,2843400.0,-94.64481091024216,-11.095814089757837,ols
51666,2843405.0,-99.9520918812938,3.0669908711928002,ols
51670,2843405.0,-99.41770728130652,1.0683322813065246,ols
51678,2843405.0,-98.29330270813337,2.2882522030828625,ols
51679,2843405.0,-97.70047816490509,-1.0810812410355055,ols
51684,2843405.0,-97.08397438599374,-1.5816506140062643,ols
51689,2843405.0,-96.43374736242635,-0.8455736252279706,ols
51708,2843405.0,-92.74897555299475,6.543798785317989,ols
51784,2843405.0,-75.54355398026847,-3.7373738547830726,ols
51804,2843405.0,-73.11939080212551,-11.249984197874497,ols
51814,2843405.0,-73.00582851679124,-5.004796483208764,ols
51822,2843405.0,-75.02047886598058,-5.88702113401942,ols
51852,2843405.0,-88.08695929277677,6.227584292776768,ols
51864,2843405.0,-91.93348410936856,9.64160910936856,ols
51868,2843405.0,-93.0716607175466,10.418535717546604,ols
51880,2843405.0,-96.0765409048324,1.7421659048324045,ols
51887,2843405.0,-97.85922138958077,0.5579713895807714,ols
51892,2843405.0,-98.70601913132239,0.5047691313223908,ols
51922,2843405.0,-103.60689127348378,3.120641273483784,ols
51924,2843405.0,-104.18450729461226,3.9126322946122656,ols
51936,2843405.0,-105.74311859394152,-7.406881406058488,ols
51956,2843405.0,-107.655915167689,-4.487834832310995,ols
51967,2843405.0,-108.40032330150099,-5.25592669849901,ols
51977,2843405.0,-108.83484924701152,-5.745775752988479,ols
52004,2843405.0,-110.65444516996011,-0.19242983003988456,ols
52020,2843405.0,-111.81634661658616,-2.570528383413844,ols
70327,2843405.0,-97.87001784417484,-0.8843571558251568,ols
70358,2843405.0,-90.69681692966127,14.205566929661273,ols
70375,2843405.0,-85.78824932092017,6.501374320920178,ols
70390,2843405.0,-83.13313093985565,3.472505939855651,ols
70403,2843405.0,-83.07636689822536,3.521991898225366,ols
70411,2843405.0,-83.11190285278684,3.5037778527868397,ols
70421,2843405.0,-83.11190285278684,3.3500278527868375,ols
70475,2843405.0,-83.11190285278684,3.3425278527868443,ols
70507,2843405.0,-83.11190285278684,3.221277852786841,ols
70514,2843405.0,-83.11190285278684,3.365027852786838,ols
70556,2843405.0,-78.81191554255277,-1.1499594574472383,ols
70575,2843405.0,-73.16196098317543,-4.854289016824566,ols
70596,2843405.0,-77.12316535284195,-2.8862096471580543,ols
70606,2843405.0,-77.67486760280642,-1.747632397193584,ols
70624,2843405.0,-77.7103693552942,-2.161505644705798,ols
70632,2843405.0,-77.71027814976439,-1.5765968502356031,ols
70640,2843405.0,-77.72256809490948,-1.9386819050905189,ols
70643,2843405.0,-77.72256809490948,-1.87493190509052,ols
70659,2843405.0,-77.72256809490948,-1.5686819050905285,ols
70668,2843405.0,-77.72256809490948,-1.7369907286199293,ols
70684,2843405.0,-77.72256809490948,-1.588056905090525,ols
70686,2843405.0,-77.72256809490948,-1.5336819050905177,ols
70740,2843405.0,-77.69801100600174,-1.4807389939982585,ols
70750,2843405.0,-77.69801100600174,-1.5913639939982716,ols
70771,2843405.0,-77.69801100600174,-1.5251139939982608,ols
70777,2843405.0,-77.69801100600174,-1.5563639939982608,ols
70780,2843405.0,-77.69801100600174,-1.451363993998271,ols
70792,2843405.0,-77.69801100600174,-1.5101139939982602,ols
70805,2843405.0,-77.69801100600174,-0.9369889939982698,ols
70810,2843405.0,-77.69801100600174,-0.20323899399826928,ols
70821,2843405.0,-78.45510810915185,3.031358109151853,ols
70833,2843405.0,-81.815872273849,2.1946222738489922,ols
70860,2843405.0,-90.49723642900253,9.042861429002528,ols
70878,2843405.0,-94.81240945995393,6.306159459953932,ols
70883,2843405.0,-95.48644112680792,1.6208161268079238,ols
70923,2843405.0,-102.15452301571962,1.0613980157196181,ols
70932,2843405.0,-103.45328976055248,3.502664760552477,ols
70949,2843405.0,-105.75144109853886,-7.3873089014611395,ols
71003,2843405.0,-111.4077116408572,-2.4647883591428013,ols
71012,2843405.0,-112.05480347433655,-5.550459683558188,ols
83297,2843405.0,-94.7217739646816,1.203648964681605,ols
83431,2843405.0,-97.1197725564535,0.2366475564534909,ols
83435,2843405.0,-97.91620204434442,-1.0562979556555803,ols
83443,2843405.0,-99.44859175384647,-3.6132832461535287,ols
83452,2843405.0,-101.43158238349226,0.33283238349225996,ols
83498,2843405.0,-106.83476898121313,-2.4752310187868716,ols
83516,2843405.0,-108.60916116343786,-4.064588836562137,ols
83531,2843405.0,-109.6496794505464,-0.8096955494535933,ols
83540,2843405.0,-110.64893863609639,-1.1385613639036052,ols
83559,2843405.0,-111.72551730956296,-1.4676076904370348,ols
94710,2843405.0,-102.00000944748999,2.127092780823304,ols
94717,2843405.0,-101.69408329904508,1.6857499657117359,ols
94720,2843405.0,-101.36534436745049,1.350398715276583,ols
94766,2843405.0,-94.80638989498489,1.5695477897217245,ols
94780,2843405.0,-92.15390507359432,16.204252295816545,ols
94813,2843405.0,-80.90980233840665,0.7098023384066465,ols
94824,2843405.0,-75.77425836798298,-5.663241632017019,ols
94840,2843405.0,-72.78695804657266,-8.607438505151478,ols
94845,2843405.0,-73.00537248914208,-4.5671275108579295,ols
94919,2843405.0,-75.50129161788175,-3.0660160744259457,ols
94923,2843405.0,-76.53368121214385,1.7747526407152776,ols
94935,2843405.0,-80.71162412276911,1.9733428727691091,ols
94939,2843405.0,-82.28099767461875,8.149348738448538,ols
95003,2843405.0,-98.96790440954882,-1.9964705904511817,ols
95070,2843405.0,-107.31791887481629,-5.057706125183714,ols
95087,2843405.0,-108.90016380706372,-3.5829611929362812,ols
95090,2843405.0,-109.24648260453377,-2.3753923954662355,ols
95136,2843405.0,-112.12439329359972,-6.889193662921997,ols
120533,2843405.0,-100.64191350550027,6.323788505500275,ols
120551,2843405.0,-99.13036425956524,0.41161425956524056,ols
120554,2843405.0,-99.0373802218997,0.7348802218997008,ols
120575,2843405.0,-98.79799990815975,2.1729999081597526,ols
120596,2843405.0,-96.64157056284382,0.5321955628438246,ols
120599,2843405.0,-95.91937097554636,3.7362459755463533,ols
120633,2843405.0,-87.5471935665293,9.274068566529309,ols
120642,2843405.0,-82.87114305540815,2.276768055408155,ols
120664,2843405.0,-73.6231531454711,-9.378721854528905,ols
120680,2843405.0,-74.24157224050896,-6.512177759491038,ols
120683,2843405.0,-74.9088660988465,-6.045508901153497,ols
120718,2843405.0,-75.70400730862852,-6.864742691371475,ols
120729,2843405.0,-75.70400730862852,-6.692242691371476,ols
120739,2843405.0,-75.70400730862852,-6.997867691371482,ols
120749,2843405.0,-75.70400730862852,-6.868492691371486,ols
120763,2843405.0,-75.70400730862852,-6.559117691371483,ols
120789,2843405.0,-75.70400730862852,-2.6372426913714833,ols
120812,2843405.0,-75.70400730862852,-5.294117691371483,ols
120839,2843405.0,-81.49772458440636,4.216474584406356,ols
120886,2843405.0,-94.48625848526837,5.269383485268364,ols
120904,2843405.0,-97.32268205895117,0.8801820589511777,ols
120907,2843405.0,-97.99724955829295,0.24974955829294743,ols
120911,2843405.0,-98.636417911368,0.18141791136800123,ols
120917,2843405.0,-99.26964650431262,-3.687853495687378,ols
120939,2843405.0,-102.90627319468324,1.1806481946832434,ols
120947,2843405.0,-103.95705210389808,4.498927103898083,ols
120950,2843405.0,-104.45440725877283,2.569407258772827,ols
120959,2843405.0,-105.39836169116988,-8.22538830883012,ols
120991,2843405.0,-108.51279112047725,-3.785333879522753,ols
121013,2843405.0,-110.09496764857731,0.9324676485773153,ols
121031,2843405.0,-111.4127849484542,-2.122215051545794,ols
121035,2843405.0,-111.66890147691865,-1.6492235230813463,ols
121040,2843405.0,-111.96189924150963,-4.374975758490379,ols
18163,2843411.0,-118.63611594629745,2.2486159462974484,ols
18167,2843411.0,-118.56521513942634,2.1768818060930073,ols
18169,2843411.0,-118.49397291614974,1.4798062494830617,ols
18177,2843411.0,-118.34510398281411,-2.109062683852571,ols
133381,2843411.0,-98.32286406952127,2.8516140695212755,ols
133385,2843411.0,-97.95917593385835,4.4654259338583415,ols
133397,2843411.0,-96.79559468234581,1.5093446823458123,ols
133424,2843411.0,-93.41636890638446,5.189493906384456,ols
133434,2843411.0,-91.60953638585606,7.535786385856056,ols
133470,2843411.0,-84.50236211737727,12.454862117377274,ols
133483,2843411.0,-81.14792317245369,9.797923172453693,ols
133493,2843411.0,-78.49679064226974,6.25116564226974,ols
133530,2843411.0,-70.10010937139097,-2.981140628609026,ols
133538,2843411.0,-70.20766691966367,-4.401083080336335,ols
133561,2843411.0,-70.08473425259757,-3.8915157474024227,ols
133572,2843411.0,-70.08473425259757,-4.3640157474024335,ols
133593,2843411.0,-70.08473425259757,-4.27401574740243,ols
133599,2843411.0,-70.0664570943576,-4.049167905642392,ols
133618,2843411.0,-70.0664570943576,-4.786042905642404,ols
133640,2843411.0,-70.0664570943576,-4.8566679056423965,ols
133670,2843411.0,-70.0664570943576,-5.330417905642392,ols
133697,2843411.0,-70.0664570943576,-4.942292905642404,ols
133709,2843411.0,-70.0664570943576,-5.082292905642404,ols
133740,2843411.0,-70.0664570943576,-4.462917905642399,ols
133743,2843411.0,-70.0664570943576,-4.561042905642395,ols
133759,2843411.0,-70.0664570943576,-4.879792905642404,ols
133762,2843411.0,-70.0664570943576,-4.691042905642391,ols
133775,2843411.0,-70.0664570943576,-4.607917905642395,ols
133809,2843411.0,-70.0664570943576,-5.179167905642402,ols
133832,2843411.0,-70.0664570943576,-4.645417905642404,ols
133861,2843411.0,-70.0696436474754,-4.612856352524602,ols
133864,2843411.0,-70.0696436474754,-4.565356352524603,ols
133872,2843411.0,-70.0696436474754,-4.922023019191258,ols
133879,2843411.0,-70.0696436474754,-2.5859813525245983,ols
133922,2843411.0,-84.47485533564252,8.260480335642512,ols
133951,2843411.0,-92.09630513569412,-0.4561948643058713,ols
133995,2843411.0,-100.19868546505012,-10.250689534949885,ols
134006,2843411.0,-101.76528602213675,-12.219250060337473,ols
148106,2843411.0,-97.6608007565635,4.4733007565635035,ols
148122,2843411.0,-96.06712587852239,4.322125878522385,ols
148163,2843411.0,-90.57377005600796,14.796270056007955,ols
148188,2843411.0,-85.169865331729,13.447990331729002,ols
148211,2843411.0,-78.27704366315669,7.451418663156687,ols
148218,2843411.0,-75.84959578129565,1.367095781295646,ols
148234,2843411.0,-71.12118341525661,3.8143084152566047,ols
148257,2843411.0,-69.08414519306065,-5.962104806939351,ols
148258,2843411.0,-69.05206343149248,-4.131061568507519,ols
148300,2843411.0,-74.79308271454128,5.22058271454128,ols
148306,2843411.0,-77.20365324542483,5.449278245424836,ols
148364,2843411.0,-93.36031971315168,-2.010930286848321,ols
148378,2843411.0,-96.04881457864188,-3.337139029605538,ols
148394,2843411.0,-98.48434264876593,-7.1294073512340645,ols
148400,2843411.0,-99.06834679088438,-7.8610282091156165,ols
163269,2843411.0,-97.93842919695207,2.6584291969520706,ols
163326,2843411.0,-89.0287697768413,10.583769776841308,ols
163333,2843411.0,-88.26832163637137,10.602696636371363,ols
163341,2843411.0,-86.59176223562683,9.523637235626836,ols
163350,2843411.0,-83.90651082598869,9.159635825988687,ols
174102,2843411.0,-98.3329813756703,-0.1651436243297013,ols
174114,2843411.0,-96.42816234676944,0.22566234676943964,ols
174119,2843411.0,-95.59539083107224,-0.3258591689277637,ols
174138,2843411.0,-89.13967320588768,10.45842320588767,ols
174141,2843411.0,-88.1289326985612,8.493307698561196,ols
174151,2843411.0,-80.89064314983166,8.331268149831658,ols
174154,2843411.0,-76.45760149671926,-0.22489850328074112,ols
174177,2843411.0,-70.08685103431155,-3.960648965688449,ols
174181,2843411.0,-70.10889515355863,-2.952979846441366,ols
174190,2843411.0,-70.10889515355863,-4.576104846441368,ols
174220,2843411.0,-70.09103907555208,-5.044585924447929,ols
174228,2843411.0,-70.09103907555208,-5.03958592444792,ols
174240,2843411.0,-70.09103907555208,-4.798335924447926,ols
174244,2843411.0,-70.09103907555208,-4.513335924447929,ols
174247,2843411.0,-70.09103907555208,-4.275835924447918,ols
174255,2843411.0,-70.09103907555208,-4.393335924447925,ols
174263,2843411.0,-70.10889515355863,-4.5886048464413705,ols
174268,2843411.0,-70.10889515355863,-4.269854846441362,ols
174279,2843411.0,-70.75072385421835,0.9994738542183512,ols
174283,2843411.0,-73.18213216638294,2.6583821663829355,ols
174294,2843411.0,-82.94502532542596,4.4481503254259565,ols
174301,2843411.0,-86.95886453534456,13.496989535344554,ols
174341,2843411.0,-101.92950731317208,-9.367992686827918,ols
174343,2843411.0,-102.40799102490386,-8.808258975096138,ols
174351,2843411.0,-104.14202218723733,-13.058118262200864,ols
181565,2843411.0,-86.13881647102487,10.72444147102486,ols
181596,2843411.0,-72.07353033669936,6.067280336699369,ols
181599,2843411.0,-71.60306991049634,3.903694910496341,ols
181612,2843411.0,-73.46385760363727,3.6938576036372694,ols
181638,2843411.0,-91.30697316732068,-2.704901832679326,ols
181658,2843411.0,-95.49882689105597,-4.803048108944026,ols
181665,2843411.0,-96.62028873867926,-4.143461261320738,ols
181674,2843411.0,-98.91730417310053,-8.430195826899464,ols
181679,2843411.0,-99.82310465792966,-11.713145342070334,ols
181688,2843411.0,-101.98627348085637,-13.726092110541487,ols
196000,2843411.0,-98.13641657048926,1.6020415704892628,ols
196011,2843411.0,-95.05445067823152,1.2057006782315227,ols
196017,2843411.0,-92.69681107074406,4.312436070744056,ols
196019,2843411.0,-91.81864255366501,6.037392553665015,ols
196023,2843411.0,-89.8423081683632,9.797308168363202,ols
196027,2843411.0,-87.56100926914081,8.079134269140809,ols
196028,2843411.0,-86.31600020492155,9.045375204921555,ols
196054,2843411.0,-69.03186296083499,-2.4875120391650114,ols
196059,2843411.0,-69.32749542633914,0.258120426339147,ols
196063,2843411.0,-69.52783857307415,-0.34091142692585663,ols
196105,2843411.0,-92.08272814330293,-1.9222223517465693,ols
202737,2843411.0,-97.67778053246265,1.2959055324626547,ols
202747,2843411.0,-94.8473133450275,1.4685633450275049,ols
202748,2843411.0,-94.18115303520398,3.4849030352039705,ols
202751,2843411.0,-93.48904507856408,3.6796700785640724,ols
202771,2843411.0,-83.36494474307126,7.4755697430712615,ols
202777,2843411.0,-78.93143648753805,5.723311487538055,ols
202801,2843411.0,-69.2467732075371,-2.965348004584115,ols
202805,2843411.0,-69.26518693233925,-3.0104380676607576,ols
202808,2843411.0,-69.26518693233925,-1.9612982161756065,ols
202810,2843411.0,-69.26518693233925,-5.232919128266815,ols
202822,2843411.0,-72.87968275331608,4.293224419982735,ols
202825,2843411.0,-74.61150608956078,2.4546310895607775,ols
202826,2843411.0,-76.41244348682126,4.0561934868212575,ols
202837,2843411.0,-84.35317452872985,6.828799528729846,ols
202856,2843411.0,-93.90981803722308,-4.308931962776924,ols
106166,2843423.0,-121.17289826656717,-0.37157288727898674,ols
106191,2843423.0,-121.17142949075554,0.03726282408885595,ols
106223,2843423.0,-121.17468716018391,0.0671871601839058,ols
106277,2843423.0,-121.17468716018391,0.4188538268505937,ols
106309,2843423.0,-121.17468716018391,0.7021871601839109,ols
106322,2843423.0,-121.17468716018391,1.3905204935172435,ols
106334,2843423.0,-121.1245900687187,-1.3379099312813025,ols
106341,2843423.0,-121.07697590779222,-2.867190758874443,ols
106373,2843423.0,-123.60013368732005,0.38596702065336785,ols
106391,2843423.0,-125.31140815154274,0.088368935856451,ols
868,2918925.0,-115.34941700543601,12.388167005436003,ols
872,2918925.0,-115.34941700543601,11.78566700543601,ols
877,2918925.0,-115.34920328254192,12.270453282541922,ols
891,2918925.0,-115.34941700543601,11.11718016333073,ols
17457,2918925.0,-105.37403770688732,-1.8672817375571213,ols
17465,2918925.0,-104.17978409597143,-1.95847347978615,ols
17469,2918925.0,-103.52945952494795,-1.140540475052049,ols
17472,2918925.0,-102.89229173528405,-2.528162810170514,ols
17490,2918925.0,-102.10727472195323,-0.6454426693511124,ols
17539,2918925.0,-106.93952371036292,-1.5266221229703945,ols
17611,2918925.0,-111.40908067306034,-1.7990443269396508,ols
31148,2918925.0,-102.55516951661957,-0.13920548338042238,ols
31180,2918925.0,-105.38351845446873,0.3460184544687337,ols
31215,2918925.0,-108.47848670268314,-1.9852632973168625,ols
31266,2918925.0,-111.23941034190784,4.177535341907841,ols
31270,2918925.0,-111.39524852735548,0.9683735273554817,ols
67495,2918925.0,-106.47571510900337,3.6619651090033756,ols
67497,2918925.0,-106.41521443214711,3.4745894321471127,ols
67502,2918925.0,-106.3874432792903,4.036818279290301,ols
67520,2918925.0,-106.38032630691742,4.16657630691742,ols
67538,2918925.0,-106.38032630691742,4.245951306917419,ols
67572,2918925.0,-106.38032630691742,4.22901051744374,ols
67587,2918925.0,-106.38032630691742,4.383451306917422,ols
67591,2918925.0,-106.38032630691742,4.246576306917419,ols
67593,2918925.0,-106.38032630691742,4.45137893849639,ols
67614,2918925.0,-106.3787960509958,4.385374998364227,ols
67634,2918925.0,-106.3787960509958,4.318927629943161,ols
67640,2918925.0,-106.3787960509958,4.371921050995809,ols
67644,2918925.0,-106.3787960509958,4.1725460509958054,ols
67654,2918925.0,-106.3787960509958,3.975506577311606,ols
67657,2918925.0,-106.3787960509958,3.8756710509958054,ols
67672,2918925.0,-106.3787960509958,3.804421050995799,ols
67681,2918925.0,-106.3787960509958,3.878171050995803,ols
67691,2918925.0,-106.3787960509958,3.7137960509957963,ols
67709,2918925.0,-106.3787960509958,3.878171050995803,ols
67756,2918925.0,-102.2408900008744,-1.0452942096519138,ols
67767,2918925.0,-102.31173914026203,1.6861141402620348,ols
67793,2918925.0,-104.85560153380084,-0.17252346619916636,ols
67808,2918925.0,-106.45893358736018,-0.7029414126398166,ols
67837,2918925.0,-108.85767386136052,-1.850451138639471,ols
67860,2918925.0,-110.59960521173099,-2.0366447882690153,ols
80259,2918925.0,-102.39819432537541,-2.8336806746245884,ols
80263,2918925.0,-102.1693569482257,-2.9637680517743092,ols
80302,2918925.0,-105.59288995042562,0.70788995042561,ols
80313,2918925.0,-106.21467396617362,-0.6734510338263817,ols
80323,2918925.0,-106.9315133762928,-2.991873720481408,ols
80332,2918925.0,-107.47816524585578,-3.0387097541442216,ols
80348,2918925.0,-108.66496847668402,-1.40440652331597,ols
80360,2918925.0,-109.44993847097814,1.4436884709781452,ols
80364,2918925.0,-109.699241952465,-2.9560212054297352,ols
92455,2918925.0,-103.46173501427177,-2.404712354149268,ols
92458,2918925.0,-102.97161285019303,-1.0765121498069732,ols
92471,2918925.0,-102.86858559187266,-0.9101644081273434,ols
92482,2918925.0,-103.78758121304456,2.1744562130445644,ols
92525,2918925.0,-107.90654714029257,-3.72532785970742,ols
92547,2918925.0,-109.28830412064305,-1.002320879356958,ols
104879,2918925.0,-106.24870292536909,1.156827925369086,ols
104912,2918925.0,-106.24506108725396,1.0763110872539556,ols
104918,2918925.0,-106.24506108725396,1.2069360872539647,ols
104945,2918925.0,-106.25075466515226,1.1582546651522563,ols
104971,2918925.0,-106.25282350276696,0.9803235027669643,ols
104974,2918925.0,-106.25282350276696,1.1428235027669587,ols
104979,2918925.0,-106.25282350276696,1.1265735027669592,ols
105023,2918925.0,-106.24713847378442,-0.23098652621558813,ols
105032,2918925.0,-105.80735660017737,-2.2238933998226287,ols
105044,2918925.0,-104.50083862745895,-2.6035363725410576,ols
105049,2918925.0,-103.93685383118606,-2.538146168813938,ols
105065,2918925.0,-102.00743620921253,-2.8594387907874648,ols
105090,2918925.0,-103.50941231748321,2.0019123174832174,ols
105139,2918925.0,-107.06924068369605,-3.2888843163039496,ols
105142,2918925.0,-107.25479062587874,-4.095834374121253,ols
117125,2918925.0,-104.4856514786056,1.2212836625136418,ols
117166,2918925.0,-107.05766972621055,-3.387330273789445,ols
117174,2918925.0,-107.12195757274992,-2.793667427250085,ols
117233,2918925.0,-107.14304347347989,-2.150081526520111,ols
117239,2918925.0,-107.14343244914711,-3.0390675508528915,ols
117257,2918925.0,-107.37963044276897,-2.606619557231028,ols
117275,2918925.0,-107.68650232300531,0.2708773230053083,ols
117277,2918925.0,-107.72760123553697,-0.03864876446303356,ols
8522,2940680.0,-67.15612565872217,-0.5388743412778183,ols
8531,2940680.0,-66.99670053694865,-1.8239244630513554,ols
8539,2940680.0,-67.04010609882168,-1.6555189011783256,ols
8556,2940680.0,-66.58285855178246,-1.5252664482175362,ols
8567,2940680.0,-66.52284503152165,-0.9052799684783395,ols
8620,2940680.0,-66.52930564012199,-1.464381228564875,ols
8629,2940680.0,-66.52930564012199,-1.5694443598780055,ols
8691,2940680.0,-66.52925982020284,-1.9975258940828695,ols
8692,2940680.0,-66.52925982020284,-0.7124068464638214,ols
8701,2940680.0,-66.38125443212553,2.0256509838496726,ols
8724,2940680.0,-66.24501418944261,6.087119452600511,ols
8732,2940680.0,-66.40835867660816,1.685268398830388,ols
8748,2940680.0,-73.30684357201977,-0.7210976044508186,ols
8752,2940680.0,-73.26577835063264,-0.8017216493673516,ols
8758,2940680.0,-78.76101059898711,2.8953855989871187,ols
8768,2940680.0,-89.5932025211197,18.350702521119686,ols
8774,2940680.0,-89.81910177175438,18.13847677175437,ols
8844,2940680.0,-91.57068096880954,-3.084411623783055,ols
8884,2940680.0,-89.77688400317012,-10.88936599682988,ols
23124,2940680.0,-71.22393349036258,-10.58544150963742,ols
23137,2940680.0,-70.72863778738189,-6.927612212618115,ols
23150,2940680.0,-69.81983493710572,-0.4657900628942713,ols
23181,2940680.0,-66.65984658978431,-3.100778410215696,ols
23190,2940680.0,-66.6475703760609,-2.6286796239391066,ols
23197,2940680.0,-66.66705441552773,-1.8435705844722747,ols
23207,2940680.0,-66.67167165353453,-2.017703346465467,ols
23237,2940680.0,-66.67357141787473,-2.71080358212528,ols
23241,2940680.0,-66.67358904092055,-2.5157859590794516,ols
23248,2940680.0,-66.67362781162137,-2.5876221883786314,ols
23297,2940680.0,-66.67357141787473,-2.5058035821252673,ols
23319,2940680.0,-66.67353617178307,-2.5102138282169335,ols
23324,2940680.0,-66.67214747577187,-2.570977524228141,ols
23335,2940680.0,-66.6718267363378,-0.30567326366220016,ols
23343,2940680.0,-66.4550315511776,4.880031551177595,ols
23357,2940680.0,-66.36327892538151,2.4314039253815096,ols
23366,2940680.0,-66.88933036794029,-0.4575446320597081,ols
23373,2940680.0,-73.05024497555365,-0.4666300244463457,ols
23425,2940680.0,-85.70685566775545,-3.2143943322445523,ols
23479,2940680.0,-88.76669577024859,-4.633304229751417,ols
23485,2940680.0,-89.13071740486055,-7.460532595139455,ols
23508,2940680.0,-89.36972115237253,-11.060903847627472,ols
23523,2940680.0,-92.54798107360786,-9.726393926392149,ols
38169,2940680.0,-70.45070825624622,-7.74554174375379,ols
38242,2940680.0,-66.6760774149914,-4.42579758500861,ols
38247,2940680.0,-66.6760774149914,-4.0107975850086035,ols
38302,2940680.0,-66.67611618569222,-4.403258814307776,ols
38324,2940680.0,-66.67272903628418,-4.7391459637158135,ols
38331,2940680.0,-66.67276428237582,-4.512860717624179,ols
38345,2940680.0,-66.67118173286053,-4.849443267139463,ols
38371,2940680.0,-66.6726550194917,-5.687969980508299,ols
38375,2940680.0,-66.67755422623173,-3.9080707737682587,ols
38399,2940680.0,-66.28976967662602,5.924144676626021,ols
38446,2940680.0,-66.35663856171374,7.97101356171374,ols
38466,2940680.0,-66.35646233125546,8.027087331255458,ols
38489,2940680.0,-66.35339239667232,7.507767396672321,ols
38526,2940680.0,-66.35321969082321,7.182594690823208,ols
38534,2940680.0,-66.44397132761628,3.120221327616285,ols
38540,2940680.0,-66.85390099660877,2.1164009966087747,ols
38543,2940680.0,-67.15412015610701,-2.0321298438929887,ols
38557,2940680.0,-78.79148789444112,4.113987894441124,ols
38600,2940680.0,-91.43485663000816,9.05485663000816,ols
38604,2940680.0,-91.05927427733337,7.446149277333376,ols
53923,2940680.0,-83.75345382527507,0.8964059529346429,ols
53928,2940680.0,-77.32777410175915,-4.25847589824086,ols
53974,2940680.0,-67.21665377192116,1.4229037719211561,ols
53994,2940680.0,-67.1559494282639,0.9759494282638883,ols
54008,2940680.0,-67.1559494282639,1.148449428263902,ols
54026,2940680.0,-67.21908575224535,-3.4427892477546465,ols
54049,2940680.0,-66.28168774780956,1.6610627478095523,ols
54069,2940680.0,-66.2865446592396,2.4559196592395978,ols
54087,2940680.0,-66.28961106921358,2.4708610692135764,ols
54094,2940680.0,-66.2899459070843,2.5561959070843017,ols
54103,2940680.0,-66.28960401999525,2.4502290199952554,ols
54165,2940680.0,-66.28656933150376,0.4746943315037555,ols
54170,2940680.0,-66.28657285611293,0.5190728561129276,ols
54179,2940680.0,-66.28623096902388,0.30623096902387203,ols
54182,2940680.0,-66.28656933150376,0.2715693315037555,ols
54192,2940680.0,-66.28623449363303,0.14873449363302882,ols
54197,2940680.0,-66.34287848753165,0.2797534875316501,ols
54209,2940680.0,-66.2865763807221,0.5897013807220901,ols
54223,2940680.0,-66.28623096902388,0.11498096902387545,ols
54226,2940680.0,-66.28663277446874,-0.13024222553126208,ols
54235,2940680.0,-66.2881272087549,-0.07999779124510553,ols
54255,2940680.0,-66.34441169251863,0.8175366925186296,ols
54296,2940680.0,-66.33362638847224,7.0930013884722385,ols
54332,2940680.0,-66.34138052863632,6.610130528636319,ols
54340,2940680.0,-66.34145807003796,4.313333070037956,ols
54347,2940680.0,-66.52853727532391,2.50541227532392,ols
54358,2940680.0,-67.36027102158744,-3.3984789784125695,ols
54363,2940680.0,-73.19073942149932,-0.009885578500686165,ols
54373,2940680.0,-78.79732112261001,5.031696122610015,ols
54384,2940680.0,-81.91363956237099,9.644889562370992,ols
54391,2940680.0,-86.52228809662857,13.270413096628573,ols
54435,2940680.0,-92.06908890168336,7.08221390168336,ols
54447,2940680.0,-90.44414538733514,10.63227038733514,ols
54451,2940680.0,-91.6342966396375,14.573046639637496,ols
54457,2940680.0,-91.5291963189317,7.824196318931698,ols
54475,2940680.0,-90.0401546847865,1.6957796847865012,ols
54512,2940680.0,-89.19662407164608,-7.297125928353921,ols
72734,2940680.0,-77.48122501099715,-7.325898644916833,ols
72753,2940680.0,-70.61764432015138,-8.833605679848617,ols
72758,2940680.0,-70.09419051454758,-8.060184485452424,ols
72766,2940680.0,-69.4961736020478,-5.535076397952196,ols
72783,2940680.0,-67.86134708359954,0.9957220835995457,ols
72786,2940680.0,-67.51344348670136,1.7440684867013658,ols
72801,2940680.0,-66.60061553275821,-3.314384467241794,ols
72815,2940680.0,-66.3355296774216,3.0461546774216046,ols
72865,2940680.0,-66.31307086781909,4.699945867819096,ols
72890,2940680.0,-66.3227423953692,6.4002423953692045,ols
72937,2940680.0,-86.72141089143301,14.86266089143301,ols
72941,2940680.0,-89.60826317608384,10.249513176083838,ols
72970,2940680.0,-93.09895502757583,0.5889550275758211,ols
73037,2940680.0,-92.54671221430829,-10.407662785691713,ols
85088,2940680.0,-71.2619675478674,-9.677407452132599,ols
85125,2940680.0,-66.21980618469102,3.1885561846910235,ols
85147,2940680.0,-66.40750219658094,4.978127196580935,ols
85182,2940680.0,-73.50064773159349,-1.294352268406513,ols
85194,2940680.0,-86.69107105573647,10.339196055736465,ols
85199,2940680.0,-89.51427947268601,9.161779472686007,ols
85222,2940680.0,-89.69221936640585,-0.15778063359414318,ols
85268,2940680.0,-89.52825454802718,-10.907995451972823,ols
97046,2940680.0,-70.09389092276852,-3.2522629233853166,ols
97081,2940680.0,-66.23561405679825,6.598114056798252,ols
97088,2940680.0,-66.25305029833994,6.20930029833994,ols
97100,2940680.0,-66.24906396537376,5.385968727278524,ols
97103,2940680.0,-66.25042093990248,5.351382478364023,ols
97159,2940680.0,-73.23093758903175,-1.2236078655136993,ols
97190,2940680.0,-84.4458703450542,11.028107187159463,ols
97267,2940680.0,-90.59717334347329,8.558482867282805,ols
97364,2940680.0,-91.5490715900159,7.236571590015899,ols
97374,2940680.0,-85.51743612198361,-3.5260421388859555,ols
109998,2940680.0,-71.52714151843315,-11.190332971362764,ols
110005,2940680.0,-71.14572946219866,-8.858645537801337,ols
110009,2940680.0,-70.90902728447173,-9.372847715528266,ols
110028,2940680.0,-69.11359490017952,0.17671990017952055,ols
110068,2940680.0,-66.5158733545923,6.2439983545923,ols
110131,2940680.0,-73.20741434746127,-2.7775856525387326,ols
110134,2940680.0,-78.70988614304167,3.0236361430416707,ols
110137,2940680.0,-78.79028600271569,3.8534110027156885,ols
110159,2940680.0,-89.88487097878244,10.669870978782441,ols
110207,2940680.0,-91.50653660660676,15.414661606606757,ols
110233,2940680.0,-91.4298975049123,15.34552250491231,ols
110240,2940680.0,-91.4298975049123,15.299897504912309,ols
110259,2940680.0,-91.88035313008962,15.254103130089618,ols
110271,2940680.0,-91.73395848840093,15.26583348840093,ols
110280,2940680.0,-91.73395848840093,15.344583488400929,ols
110288,2940680.0,-91.73395848840093,14.76458348840093,ols
110313,2940680.0,-91.73395848840093,15.006458488400924,ols
110326,2940680.0,-91.73395848840093,15.427083488400925,ols
110332,2940680.0,-91.73395848840093,15.611458488400928,ols
110351,2940680.0,-91.73395848840093,15.073333488400934,ols
110363,2940680.0,-91.73395848840093,15.130833488400924,ols
110378,2940680.0,-91.73395848840093,14.508958488400935,ols
110387,2940680.0,-91.73395848840093,12.840208488400933,ols
110434,2940680.0,-91.3945386257641,6.317663625764098,ols
110567,2940680.0,-92.56677428967826,-13.810100710321734,ols
110569,2940680.0,-92.55589734579355,-12.797852654206451,ols
110573,2940680.0,-92.54404056056084,-9.722209439439155,ols
122678,2940680.0,-72.26534271127203,-10.077157288727975,ols
122696,2940680.0,-72.20875158651089,-11.00437341348912,ols
122699,2940680.0,-72.19125190200423,-9.716873097995773,ols
122721,2940680.0,-71.32554092338538,-10.813834076614626,ols
122739,2940680.0,-71.2317757457558,-10.075099254244208,ols
122754,2940680.0,-71.1238063931893,-6.7236936068106985,ols
122763,2940680.0,-70.84731842720231,-8.201431572797688,ols
122774,2940680.0,-70.26077764214537,-3.9585973578546287,ols
122796,2940680.0,-67.54911605606532,1.3828660560653105,ols
122809,2940680.0,-67.21070070704064,-2.9730492929593595,ols
122816,2940680.0,-67.19904129992119,-4.556583700078804,ols
122827,2940680.0,-67.16543415152823,-3.6195658484717654,ols
122832,2940680.0,-67.16543062691906,-3.780819373080945,ols
122841,2940680.0,-67.16544120074656,-3.849558799253444,ols
122845,2940680.0,-67.16541652848241,-3.822083471517587,ols
122874,2940680.0,-67.16543062691906,-4.086444373080937,ols
122895,2940680.0,-67.16544472535573,-4.069555274644273,ols
122899,2940680.0,-67.16543062691906,-3.9864443730809427,ols
122908,2940680.0,-67.16544472535573,-4.32268027464427,ols
122925,2940680.0,-67.16541652848241,-4.838333471517586,ols
122943,2940680.0,-67.00207204131686,-4.1529279586831365,ols
122947,2940680.0,-66.96587430518727,-2.851625694812725,ols
122954,2940680.0,-66.63858967190723,-0.5020353280927736,ols
122980,2940680.0,-66.4774198685968,-0.8138301314032077,ols
122996,2940680.0,-66.21943610072864,5.081311100728641,ols
123000,2940680.0,-66.20041026045331,5.8031330327305355,ols
123040,2940680.0,-67.19770899765663,-1.9522910023433724,ols
123067,2940680.0,-79.00480781496417,3.9479328149641617,ols
123075,2940680.0,-84.78404249604645,11.30279249604645,ols
123105,2940680.0,-91.15070616369539,11.24383116369539,ols
123107,2940680.0,-90.6842347144701,7.174859714470088,ols
123126,2940680.0,-85.37882734194149,-4.2167976580585105,ols
123184,2940680.0,-89.3238659871295,-7.906759012870509,ols
123186,2940680.0,-89.0694209268635,-10.473079073136503,ols
136205,2940680.0,-67.4230795569165,1.708079556916502,ols
136212,2940680.0,-67.54387143762705,1.6894964376270423,ols
136216,2940680.0,-67.39086815375308,1.4577431537530714,ols
136220,2940680.0,-67.39832270213809,1.4720727021380924,ols
136228,2940680.0,-67.39830507909225,1.755805079092255,ols
136259,2940680.0,-66.65659337552455,-2.994031624475454,ols
136319,2940680.0,-66.47707445689858,3.6858244568985796,ols
136333,2940680.0,-67.19457562010852,-2.4041743798914723,ols
136346,2940680.0,-78.74473042925172,3.806605429251718,ols
136368,2940680.0,-84.20390945045239,11.64703445045238,ols
136394,2940680.0,-91.90851828193107,8.012268281931071,ols
136398,2940680.0,-93.06795256535617,10.50107756535617,ols
136405,2940680.0,-91.70822179227451,10.52947179227452,ols
136417,2940680.0,-90.41995599463237,5.475580994632381,ols
136418,2940680.0,-90.66409509769846,5.625345097698471,ols
136427,2940680.0,-90.31850364441287,3.677253644412872,ols
136487,2940680.0,-90.33258798263816,2.5525879826381583,ols
136505,2940680.0,-90.33377930053612,3.743154300536119,ols
136513,2940680.0,-90.33546053910806,4.042960539108051,ols
136514,2940680.0,-90.33546053910806,3.7135855391080526,ols
136520,2940680.0,-90.33546053910806,3.4823355391080497,ols
136566,2940680.0,-90.6387214363161,3.7549714363160973,ols
136580,2940680.0,-90.83061173311296,3.4112367331129576,ols
136597,2940680.0,-90.83061173311296,4.198736733112966,ols
136605,2940680.0,-90.83061173311296,2.5743617331129656,ols
136622,2940680.0,-90.83061173311296,2.515611733112962,ols
136629,2940680.0,-90.33377930053612,1.7219043005361243,ols
136637,2940680.0,-90.33377930053612,1.7019043005361283,ols
136645,2940680.0,-90.33377930053612,2.235654300536126,ols
136652,2940680.0,-90.33377930053612,2.1981543005361175,ols
136747,2940680.0,-89.36556916277559,-12.933180837224413,ols
136761,2940680.0,-89.35829789406718,-10.261702105932827,ols
136767,2940680.0,-89.35387803417365,-10.127996965826355,ols
136778,2940680.0,-89.35387803417365,-10.372371965826346,ols
136809,2940680.0,-89.4924938634341,-14.2975061365659,ols
151248,2940687.0,-72.02009634735377,-2.328028652646225,ols
151252,2940687.0,-72.02007026620099,-2.5186797337990043,ols
151258,2940687.0,-72.02007026620099,-2.18430473379901,ols
151279,2940687.0,-72.02007026620099,-2.5230547337990146,ols
151299,2940687.0,-72.02007026620099,-1.7105547337990146,ols
151313,2940687.0,-71.86409193197343,-1.6971580680265674,ols
151319,2940687.0,-71.66390790671565,-1.844842093284356,ols
151362,2940687.0,-71.44929168927065,0.9811666892706512,ols
151366,2940687.0,-71.44931218160498,1.0499371816049745,ols
151377,2940687.0,-71.44933081099983,0.9218308109998219,ols
151417,2940687.0,-71.44931218160498,0.926812181604987,ols
151427,2940687.0,-71.44929541514962,2.7461704151496207,ols
151432,2940687.0,-71.4493103186655,2.491185318665501,ols
151461,2940687.0,-74.94537148423711,-1.5483785157628915,ols
197659,2940687.0,-83.35292729169134,4.791114104878162,ols
14867,2948877.0,-102.56249194415038,11.160706229864658,ols
14886,2948877.0,-104.13075064145373,-6.694770191879584,ols
14907,2948877.0,-105.46602355695155,-7.844393109715128,ols
14913,2948877.0,-105.88734256469566,-8.117344935304345,ols
14917,2948877.0,-106.0902602943402,-8.288311134231236,ols
14932,2948877.0,-106.8663024024951,-5.804993893801182,ols
76561,2948877.0,-89.57580719382959,-3.9448178061704056,ols
76569,2948877.0,-91.45275457059961,-2.8803704294003865,ols
76573,2948877.0,-92.08863726728316,-4.630112732716839,ols
76586,2948877.0,-93.80950048624076,-0.952999513759238,ols
76595,2948877.0,-94.53103384424335,5.207908844243349,ols
76607,2948877.0,-95.5288319993297,0.2650819993296949,ols
76629,2948877.0,-96.67122651821347,-3.8618984817865254,ols
76666,2948877.0,-99.25609671442484,-2.7832782855751645,ols
76684,2948877.0,-100.1076169590536,-1.6555080409464011,ols
76686,2948877.0,-100.30136110246299,-1.8786388975370159,ols
76693,2948877.0,-100.46076673115365,-2.433608268846342,ols
76714,2948877.0,-100.94241330645329,-2.6213366935467093,ols
76720,2948877.0,-100.98401077507135,-2.0309892249286463,ols
76730,2948877.0,-101.07197564417022,-2.5286493558297707,ols
76736,2948877.0,-101.08258104241305,-3.0536689575869502,ols
76797,2948877.0,-101.25076068189487,0.3532606818948807,ols
76878,2948877.0,-101.6989261647827,2.356426164782704,ols
76924,2948877.0,-102.26461677513696,-0.8116332248630442,ols
76972,2948877.0,-102.47580904626768,-3.244190953732314,ols
76974,2948877.0,-102.49898442201966,-1.5403905779803466,ols
76992,2948877.0,-102.65021540308516,-0.34103459691483806,ols
77050,2948877.0,-103.15023412432038,1.9127341243203801,ols
77074,2948877.0,-103.21528167680817,2.313406676808171,ols
77156,2948877.0,-103.90346713421361,-2.5496578657863864,ols
77158,2948877.0,-103.93974525473342,-0.6415047452665732,ols
77181,2948877.0,-104.13092545571048,0.24467545571047822,ols
77196,2948877.0,-104.28437075069482,-1.3800042493051876,ols
77219,2948877.0,-104.34464004683144,-1.805359953168562,ols
77297,2948877.0,-104.73525001680648,1.2065000168064728,ols
77331,2948877.0,-105.39643915827668,1.6908141582766802,ols
77371,2948877.0,-105.59751717598115,-2.2412328240188515,ols
77384,2948877.0,-105.59751717598115,-2.374357824018844,ols
77407,2948877.0,-105.59751717598115,-1.5343578240188407,ols
77433,2948877.0,-105.65842745772586,-5.136572542274138,ols
77435,2948877.0,-105.71128795917167,-5.261212040828326,ols
77461,2948877.0,-106.08897832312404,-3.4597716768759597,ols
77484,2948877.0,-106.39458694187653,-1.9991630581234716,ols
77487,2948877.0,-106.4291418932941,-1.1658581067058975,ols
77490,2948877.0,-106.46094976353416,-2.507175236465841,ols
77496,2948877.0,-106.49711134121614,-3.0935136587838628,ols
77534,2948877.0,-106.77894522105065,8.360820221050645,ols
77575,2948877.0,-107.14745367427943,-3.241296325720569,ols
77924,2948877.0,-109.8959500148087,5.748450014808711,ols
77927,2948877.0,-110.03087332306596,3.3808733230659556,ols
77935,2948877.0,-110.33237796902904,1.178627969029037,ols
155737,2948877.0,-97.90221024282735,1.9884602428273581,ols
155741,2948877.0,-97.46794665559536,1.1654466555953604,ols
155742,2948877.0,-97.02446785968611,-0.6424071403138925,ols
155775,2948877.0,-94.43938955126433,1.6856395512643303,ols
155811,2948877.0,-90.38876008362396,9.438760083623961,ols
155845,2948877.0,-86.68579455021707,0.8664195502170742,ols
155847,2948877.0,-86.3297395316596,0.6728645316595987,ols
155910,2948877.0,-79.35171214292748,1.4910871429274835,ols
155978,2948877.0,-92.22359387349408,1.1335938734940783,ols
155993,2948877.0,-94.53210770324911,3.9508577032491132,ols
155999,2948877.0,-95.77546161765015,-4.67641338234985,ols
156017,2948877.0,-97.88163210746137,-5.376492892538636,ols
156023,2948877.0,-98.74185976697396,-4.604390233026038,ols
156032,2948877.0,-99.56088953331249,-2.6953604666875037,ols
156062,2948877.0,-102.62314416675417,-0.5618558332458292,ols
156067,2948877.0,-102.87968825077886,3.042813250778849,ols
156086,2948877.0,-103.71531704702022,4.220317047020217,ols
156105,2948877.0,-104.2680797268634,0.6612047268634029,ols
156132,2948877.0,-104.96503919506002,7.45503919506001,ols
156207,2948877.0,-105.70005822429759,-3.164316775702403,ols
156214,2948877.0,-105.72217639002066,-1.8421986099793344,ols
156223,2948877.0,-105.75290207676656,-4.992097923233445,ols
156229,2948877.0,-105.77413784671747,-5.778987153282529,ols
156277,2948877.0,-106.65276262563088,-0.7359873743691168,ols
156281,2948877.0,-106.74081073961392,1.4801857396139155,ols
193200,2948877.0,-99.34457770180553,-4.236672298194463,ols
193202,2948877.0,-99.10030391370701,-2.895321086292995,ols
193205,2948877.0,-98.88186101316538,-0.5537639868346247,ols
193209,2948877.0,-98.09144251351492,1.268942513514915,ols
193218,2948877.0,-95.41151498407369,-0.22036001592630328,ols
193223,2948877.0,-94.35009276401878,1.1394677640187894,ols
193226,2948877.0,-93.04820104707179,5.450701047071789,ols
193239,2948877.0,-87.30322185608088,-0.3992781439191191,ols
193240,2948877.0,-85.99730941122863,-3.543315588771378,ols
193245,2948877.0,-82.96779499072969,-0.9372050092703148,ols
193265,2948877.0,-89.65747042519703,-1.9175295748029697,ols
193277,2948877.0,-95.36526412643072,-3.9584858735692876,ols
193309,2948877.0,-101.67225450389573,-1.3114954961042713,ols
193315,2948877.0,-102.23701277154731,-0.40736222845268344,ols
193338,2948877.0,-104.23127716357334,-0.8218478364266559,ols
193354,2948877.0,-105.39231853651043,3.616693536510425,ols
193360,2948877.0,-105.70729220473167,-4.747707795268326,ols
193362,2948877.0,-105.78303672483487,-5.1257132751651255,ols
193365,2948877.0,-105.85769906144392,-5.7054259385560755,ols
193373,2948877.0,-106.14098972675134,-3.560260273248659,ols
193375,2948877.0,-106.21249708225047,-2.8337529177495355,ols
193378,2948877.0,-106.34938496977405,-1.248740030225946,ols
193387,2948877.0,-106.59807073673342,-0.07505426326657982,ols
193406,2948877.0,-107.00155869028902,8.534683690289015,ols
193410,2948877.0,-107.08685972309455,9.421234723094543,ols
193425,2948877.0,-107.11558753262045,10.645587532620453,ols
193427,2948877.0,-107.11829299135587,7.442667991355876,ols
193430,2948877.0,-107.17986923217391,0.18236923217391166,ols
14653,2948878.0,-110.20984531820723,3.8598453182072348,ols
14681,2948878.0,-109.55463537946083,-4.416614620539164,ols
14686,2948878.0,-109.44748406678158,-4.531265933218421,ols
14689,2948878.0,-109.33722131819523,-5.0402786818047645,ols
14698,2948878.0,-109.10869180078704,-6.390683199212958,ols
14702,2948878.0,-108.98983296733,-6.972667032670003,ols
14713,2948878.0,-108.61440205717479,-0.30434794282521693,ols
14720,2948878.0,-108.34526037395386,-4.501614626046134,ols
14724,2948878.0,-108.2068188168937,-4.775056183106301,ols
14745,2948878.0,-107.4444055430524,-5.693719456947605,ols
14764,2948878.0,-106.32466763695788,-3.2703323630421153,ols
14787,2948878.0,-104.38648088359983,-3.7678941164001714,ols
14791,2948878.0,-103.87022033978062,-4.104154660219379,ols
14804,2948878.0,-102.91179899008226,-3.6369510099177376,ols
14825,2948878.0,-105.21468517242555,12.933435172425547,ols
14828,2948878.0,-105.57012956594193,3.9245045659419304,ols
14841,2948878.0,-106.4354852913111,8.592985291311095,ols
16175,3282957.0,-114.72452444043148,5.7701494404314815,ols
16176,3282957.0,-113.95423354839086,3.4773585483908533,ols
16193,3282957.0,-110.41865239601808,4.603027396018078,ols
16221,3282957.0,-99.94981180659279,2.6860618065927895,ols
16252,3282957.0,-90.54044189806686,1.8998168980668595,ols
16257,3282957.0,-89.07628327668543,3.449408276685432,ols
16308,3282957.0,-104.79729207566102,-8.102707924338986,ols
29384,3282957.0,-113.96517843704893,5.443928437048939,ols
29393,3282957.0,-113.52817441633948,2.453174416339479,ols
29428,3282957.0,-105.76861682658212,6.782991826582119,ols
29464,3282957.0,-88.64505193415849,3.015676934158492,ols
29479,3282957.0,-86.10784387350519,5.214718873505191,ols
29551,3282957.0,-109.8471163149703,-3.0528836850297125,ols
47330,3282957.0,-103.6961298301103,9.21737983011029,ols
47333,3282957.0,-102.08085805148336,6.2777330514833665,ols
47335,3282957.0,-100.28597819351856,3.573478193518554,ols
47341,3282957.0,-98.32228502794722,4.424785027947223,ols
47355,3282957.0,-88.99236791464237,3.2779929146423683,ols
47374,3282957.0,-86.73597403593084,3.3722240359308415,ols
47397,3282957.0,-89.68212789898809,-0.5272471010119091,ols
47405,3282957.0,-90.40948534998344,-5.222940392590814,ols
47420,3282957.0,-95.08338951076972,-4.831833261507526,ols
47449,3282957.0,-106.21002882614016,-6.489971173859843,ols
66284,3282957.0,-94.18582675884726,7.1414517588472535,ols
66312,3282957.0,-86.30498833928398,0.6393633392839746,ols
66320,3282957.0,-86.76950469856537,2.450754698565376,ols
66334,3282957.0,-87.18613375821933,-1.4282412417806682,ols
66353,3282957.0,-93.72807930826214,-6.282545691737866,ols
79002,3282957.0,-93.77862777159072,6.0855027715907255,ols
79012,3282957.0,-89.88432175230241,4.811196752302408,ols
79037,3282957.0,-86.5290856169078,-2.4571643830921914,ols
79043,3282957.0,-90.21647592318642,-6.969774076813579,ols
79058,3282957.0,-100.82006692484343,-8.02305807515657,ols
79071,3282957.0,-106.72357883248947,-7.48892116751054,ols
91112,3282957.0,-100.4116533551797,5.244153355179691,ols
91123,3282957.0,-95.20662186062314,3.941621860623144,ols
91128,3282957.0,-90.32775350687466,3.310253506874659,ols
91161,3282957.0,-86.53518582293046,2.543310822930465,ols
91173,3282957.0,-86.51359627946776,1.9254712794677573,ols
91180,3282957.0,-86.51359627946776,1.2973462794677602,ols
91222,3282957.0,-99.3982958647737,-6.926704135226302,ols
115979,3282957.0,-100.94657455309827,4.74719955309827,ols
116000,3282957.0,-91.88901048586484,5.62776048586484,ols
116015,3282957.0,-86.41230829490385,-1.5920667050961441,ols
116046,3282957.0,-86.5298089075548,9.562308907554794,ols
116063,3282957.0,-87.67146178234307,-3.163538217656921,ols
116100,3282957.0,-104.97362487659747,-7.348875123402536,ols
206753,3282957.0,-108.16803119548901,2.386156195489008,ols
206773,3282957.0,-107.2784792286567,5.565979228656701,ols
206774,3282957.0,-107.17120021401685,4.319950214016856,ols
206776,3282957.0,-107.0994852640191,4.274485264019091,ols
128662,3282963.0,-90.59801614473534,4.289891144735336,ols
128671,3282963.0,-88.85439055153468,0.08314055153468303,ols
128685,3282963.0,-89.19553282962858,6.57678282962857,ols
128690,3282963.0,-89.99901109296712,4.123386092967124,ols
128704,3282963.0,-90.91672813411961,4.382978134119611,ols
128728,3282963.0,-91.14479506661331,0.32917006661331527,ols
128741,3282963.0,-91.29772652018383,-1.5841484798161645,ols
143412,3282963.0,-92.19122535106291,3.6243503510629154,ols
143414,3282963.0,-90.90741212176081,5.125537121760814,ols
143442,3282963.0,-88.91257071687187,2.848195716871871,ols
143464,3282963.0,-93.2393323466441,-3.678792653355899,ols
157810,3282963.0,-94.75260691616668,0.533856916166684,ols
170234,3282963.0,-88.76078558621788,-3.3723394137821288,ols
170244,3282963.0,-88.79686053949341,-3.7118894605065975,ols
170264,3282963.0,-88.91084267784848,-1.2291573221515222,ols
170302,3282963.0,-94.68873790949007,-5.745012090509931,ols
178185,3282963.0,-95.94968456300239,-1.7578154369976033,ols
178189,3282963.0,-93.28670799076076,-3.903917009239237,ols
178203,3282963.0,-90.55478950520455,3.29291450520455,ols
178211,3282963.0,-93.2098786914087,-2.4144963085912963,ols
178212,3282963.0,-93.47343030642243,-2.704694693577565,ols
178215,3282963.0,-93.67878464680169,-3.315590353198317,ols
178216,3282963.0,-93.82634378103214,-4.2286562189678705,ols
193954,3282963.0,-95.68141078194454,0.15016078194453542,ols
193957,3282963.0,-94.26170695914425,-2.3707930408557445,ols
193962,3282963.0,-89.94834190912763,1.3145919091276284,ols
193964,3282963.0,-89.04075357195384,-1.3036214280461564,ols
193974,3282963.0,-92.20295377433555,-3.5345462256644424,ols
193978,3282963.0,-94.95363260433882,-6.451341885457097,ols
200630,3282963.0,-102.18284108547105,2.0697160854710575,ols
200633,3282963.0,-102.18284108547105,1.9347160854710523,ols
200638,3282963.0,-102.1861431798425,0.7855181798424979,ols
200642,3282963.0,-102.19198600485726,1.757611004857253,ols
200646,3282963.0,-102.19198600485726,-2.3342639951427486,ols
200655,3282963.0,-102.19198600485726,-5.177388995142749,ols
200656,3282963.0,-102.19198600485726,2.649486004857252,ols
200661,3282963.0,-102.19198600485726,1.7557360048572548,ols
200664,3282963.0,-102.2011223695948,1.1098723695947967,ols
200669,3282963.0,-102.19198600485726,2.1457360048572554,ols
200670,3282963.0,-102.2011223695948,2.0042473695947933,ols
200719,3282963.0,-99.00784312873787,4.479093128737873,ols
200720,3282963.0,-98.20444185723701,0.619441857237021,ols
200723,3282963.0,-97.29066850910326,-0.629331490896746,ols
200733,3282963.0,-91.0750319070302,3.4519069070301924,ols
200735,3282963.0,-89.82701988224747,1.9263948822474646,ols
200740,3282963.0,-89.14494919227542,5.611199192275421,ols
9160,3286536.0,-102.98067511797967,-2.8024498820203263,ols
9203,3286536.0,-102.31447812253772,0.17572812253771986,ols
9206,3286536.0,-102.24547209559296,3.3442220955929542,ols
9229,3286536.0,-101.90219848822088,-0.7182834394899658,ols
9234,3286536.0,-101.80214159067158,0.014641590671587323,ols
9237,3286536.0,-101.72187962313268,-0.7424953768673248,ols
9255,3286536.0,-101.2924908457884,-1.5006341542116104,ols
9281,3286536.0,-99.26571042857613,-2.412860999995317,ols
9286,3286536.0,-99.6472649997811,3.869764999781097,ols
9295,3286536.0,-100.65735038716824,1.0311003871682374,ols
9298,3286536.0,-101.14302170059187,-1.5888532994081288,ols
9342,3286536.0,-104.40983960039996,-2.1351603996000392,ols
9349,3286536.0,-104.79399779843756,-5.133085534895756,ols
23706,3286536.0,-102.7974551496525,3.8824551496525004,ols
23739,3286536.0,-101.83968311315157,-1.1596918868484352,ols
23744,3286536.0,-101.49734443162798,-3.2914055683720136,ols
23782,3286536.0,-101.49171221166796,-1.3395377883320378,ols
23788,3286536.0,-101.48809999816241,-1.4706500018375834,ols
23795,3286536.0,-101.48809716505377,-1.771902834946232,ols
23823,3286536.0,-101.49140056971845,-1.6417244302815561,ols
23835,3286536.0,-101.48809999816241,-1.3087750018375885,ols
23842,3286536.0,-101.49141190215298,-0.44296309784702714,ols
23875,3286536.0,-101.49140056971845,-1.3710994302815465,ols
23879,3286536.0,-101.48842297254643,-2.132202027453573,ols
23944,3286536.0,-100.95777889270161,-1.9597211072983924,ols
23961,3286536.0,-102.65668931417288,2.236689314172878,ols
23983,3286536.0,-104.22295358950326,1.4767035895032592,ols
38797,3286536.0,-103.04376844720986,-0.6649815527901382,ols
38800,3286536.0,-102.95636421281019,-0.5430107871898144,ols
38804,3286536.0,-102.93507056833357,0.7581955683335764,ols
38865,3286536.0,-102.6314434831549,4.605193483154892,ols
38900,3286536.0,-102.21538448192324,3.0646900374787975,ols
38935,3286536.0,-101.74455865773024,-1.2785663422697553,ols
38995,3286536.0,-102.10326137471111,0.5326363747111031,ols
39007,3286536.0,-103.02084576526997,-0.1147792347300367,ols
39032,3286536.0,-104.42140434983497,-3.2898456501650344,ols
39040,3286536.0,-104.77318861553698,2.403188615536976,ols
39047,3286536.0,-105.08317319648542,5.95692319648542,ols
39056,3286536.0,-105.3523326820496,-4.020167317950396,ols
39061,3286536.0,-105.47641717390519,-2.8160828260948136,ols
39087,3286536.0,-106.0230144884557,1.1961394884556995,ols
39102,3286536.0,-106.02457553131183,0.6233255313118207,ols
39119,3286536.0,-106.02457553131183,1.5508255313118298,ols
39138,3286536.0,-106.05204818571438,0.7857981857143841,ols
54741,3286536.0,-102.7214768423649,-1.784773157635101,ols
54755,3286536.0,-102.72148817479942,-1.9541368252005782,ols
54800,3286536.0,-102.5133000201002,3.932050020100206,ols
54848,3286536.0,-102.00440288211307,-0.5729486030354565,ols
54864,3286536.0,-101.87005403768447,0.9569290376844748,ols
54877,3286536.0,-101.79758028577439,0.0057052857743826735,ols
54916,3286536.0,-101.81069757873962,0.7475725787396215,ols
54923,3286536.0,-101.81072024360867,-0.2767797563913348,ols
54955,3286536.0,-101.49472380614355,-1.6227761938564527,ols
54960,3286536.0,-101.21119762670752,-2.111927373292488,ols
54963,3286536.0,-100.88188841178157,-1.3549865882184235,ols
54995,3286536.0,-99.69572532292804,4.280725322928035,ols
55031,3286536.0,-102.59302086389043,2.889270863890431,ols
55041,3286536.0,-103.133085029936,0.09308502993599177,ols
55055,3286536.0,-104.27949960468536,-3.080500395314644,ols
55061,3286536.0,-104.53477685795373,0.8579018579537347,ols
73163,3286536.0,-103.51117470928428,-2.9374140003931473,ols
73173,3286536.0,-103.1967138166976,-1.4426611833024054,ols
73179,3286536.0,-102.9033567503092,6.328981750309197,ols
73214,3286536.0,-102.20239751195507,-1.8807274880449256,ols
73226,3286536.0,-102.07451382142423,0.12138882142423313,ols
73232,3286536.0,-101.87430936684943,0.10055936684942424,ols
73300,3286536.0,-100.8765904986401,-0.2740345013599068,ols
73304,3286536.0,-101.2118464085842,-1.7237785914158081,ols
73316,3286536.0,-102.11895962963992,1.6420846296399105,ols
73319,3286536.0,-102.41499115057672,1.973116150576729,ols
73329,3286536.0,-102.91692167443827,-0.5287033255617359,ols
73434,3286536.0,-103.47030145105329,-2.7380318822800263,ols
73448,3286536.0,-103.93040679218356,0.883531792183561,ols
73457,3286536.0,-104.29231092191836,-5.4020640780816365,ols
73461,3286536.0,-104.49240771836516,-0.6857172816348367,ols
85485,3286536.0,-103.66934433108905,-4.887530668910955,ols
85500,3286536.0,-103.52176770245858,-0.5801072975414314,ols
85541,3286536.0,-103.00283852680624,3.260338526806237,ols
85557,3286536.0,-102.67966582517678,-0.15783417482322193,ols
85563,3286536.0,-102.70176407250482,-1.0200347079829868,ols
85586,3286536.0,-102.47705322826495,2.423303228264956,ols
85605,3286536.0,-102.21691436058441,0.8169143605844056,ols
85621,3286536.0,-102.13578262869555,1.1182826286955532,ols
85634,3286536.0,-102.13576279693513,1.5045127969351313,ols
85644,3286536.0,-101.8943252793331,-1.6012997206669013,ols
85686,3286536.0,-100.12617368290063,0.9930486829006213,ols
85696,3286536.0,-101.5287947705496,2.985669770549592,ols
85720,3286536.0,-103.79251089574794,1.4831358957479353,ols
85728,3286536.0,-104.37516518385536,-0.9235848161446398,ols
85733,3286536.0,-104.6348762521325,-2.610613438589155,ols
97639,3286536.0,-103.1534692465418,2.3315942465417976,ols
97648,3286536.0,-103.11759925815457,1.4632242581545682,ols
97650,3286536.0,-103.11616287207825,2.072412872078246,ols
97658,3286536.0,-103.09829728904612,0.7626722890461224,ols
97685,3286536.0,-102.94102859578625,-1.3177214042137564,ols
97691,3286536.0,-102.7961802507682,0.39055525076820174,ols
97711,3286536.0,-102.61554124440461,0.5849162444046101,ols
97734,3286536.0,-102.14095021883995,-1.9821747811600545,ols
97773,3286536.0,-101.72916354542504,1.4897885454250428,ols
97815,3286536.0,-101.18259172885223,-2.151815487642608,ols
97903,3286536.0,-103.41362794598275,-1.6632470540172477,ols
97915,3286536.0,-104.17930388481311,-3.07194611518689,ols
110670,3286536.0,-103.75959017344643,-5.442909826553574,ols
110683,3286536.0,-103.33949682552307,0.25449682552307706,ols
110688,3286536.0,-103.24654819753097,-2.3878268024690357,ols
110740,3286536.0,-102.54963463830305,0.559943916653566,ols
110768,3286536.0,-101.32622750337586,-2.6034599966241387,ols
110797,3286536.0,-99.20064242262957,-2.146857577370426,ols
110801,3286536.0,-99.21158955438285,-1.4771604456171445,ols
110821,3286536.0,-99.2789013823658,3.376401382365799,ols
110861,3286536.0,-100.93600645286622,-3.292118547133782,ols
110875,3286536.0,-101.63272452759855,1.8277245275985479,ols
110880,3286536.0,-101.87494681629158,2.86307181629158,ols
110913,3286536.0,-102.97732355046824,2.2510735504682486,ols
110926,3286536.0,-102.98661614678055,-0.17838385321945793,ols
110936,3286536.0,-102.98661614678055,-1.0627588532194494,ols
110940,3286536.0,-102.98661614678055,-1.0671338532194454,ols
110944,3286536.0,-102.98661614678055,-1.037758853219458,ols
110971,3286536.0,-102.99619205395604,-0.8788079460439633,ols
111040,3286536.0,-105.29901357759913,-3.474111422400867,ols
123315,3286536.0,-103.3522571468007,-0.7246178531993053,ols
123384,3286536.0,-101.28741958133747,-3.209455418662529,ols
123402,3286536.0,-101.3752034522938,-1.7154215477061996,ols
123429,3286536.0,-101.37520628540243,-2.906668714597572,ols
123439,3286536.0,-100.73000262492212,-0.11437237507787756,ols
123473,3286536.0,-101.10080271576078,0.36017771576078417,ols
123480,3286536.0,-102.18388031393762,1.1132553139376142,ols
123514,3286536.0,-104.81961759979492,-2.3816324002050777,ols
136926,3286536.0,-103.26794950013559,-3.3083004998644157,ols
182939,3286541.0,-96.23282664898595,-0.6434233510140501,ols
182943,3286541.0,-96.2310580684583,0.5348080684582897,ols
182952,3286541.0,-96.24434597494088,-0.24690402505910924,ols
182963,3286541.0,-96.24434454751511,-0.26878045248489,ols
183004,3286541.0,-96.24518244644145,-0.028567553558559666,ols
183008,3286541.0,-96.2513417886342,-1.4855332113657909,ols
183019,3286541.0,-97.02866219276639,-0.7732128072336053,ols
183031,3286541.0,-98.24430651002875,-0.326318489971257,ols
183036,3286541.0,-98.62142383361471,-0.07920116638528896,ols
183040,3286541.0,-98.82139190957844,1.2982669095784445,ols
183043,3286541.0,-98.92005272387253,4.890052723872529,ols
197835,3286541.0,-98.24446638171486,-5.137401750153259,ols
204592,3286541.0,-98.15057031463732,-7.567398435362676,ols
204595,3286541.0,-97.99203612646716,0.6765119329187712,ols
136955,3286547.0,-111.39537252373262,3.4878725237326194,ols
136986,3286547.0,-111.39537252373262,4.952872523732623,ols
137001,3286547.0,-111.39537252373262,5.510372523732613,ols
137008,3286547.0,-111.39537252373262,6.84662252373262,ols
137017,3286547.0,-111.39537252373262,6.659747523732619,ols
137072,3286547.0,-111.39537252373262,6.5959975237326205,ols
137076,3286547.0,-111.39537252373262,6.889803216801923,ols
151844,3286547.0,-111.39537252373262,4.165372523732614,ols
151862,3286547.0,-111.39537252373262,3.879747523732618,ols
151873,3286547.0,-111.39537252373262,3.937872523732622,ols
151945,3286547.0,-111.39537252373262,3.75287252373262,ols
151981,3286547.0,-111.39537252373262,2.6853725237326245,ols
151988,3286547.0,-111.39537252373262,4.8034975237326165,ols
151995,3286547.0,-111.39537252373262,4.722872523732619,ols
152024,3286547.0,-111.39537252373262,3.295372523732624,ols
152026,3286547.0,-111.39537252373262,8.993497523732614,ols
152032,3286547.0,-111.39537252373262,9.326622523732624,ols
152037,3286547.0,-111.39537252373262,6.310997523732624,ols
152049,3286547.0,-111.39537252373262,8.702872523732623,ols
152053,3286547.0,-111.39537252373262,7.6516225237326125,ols
152063,3286547.0,-111.39537252373262,8.008497523732615,ols
152067,3286547.0,-111.39537252373262,6.969122523732622,ols
152070,3286547.0,-111.39537252373262,6.09662252373262,ols
165695,3286547.0,-111.39537252373262,2.5816225237326194,ols
165733,3286547.0,-111.39537252373262,3.2028725237326228,ols
165740,3286547.0,-111.39537252373262,2.794122523732625,ols
165755,3286547.0,-111.39537252373262,3.0903725237326114,ols
175545,3286547.0,-111.39537252373262,2.693497523732617,ols
175562,3286547.0,-111.39537252373262,3.800997523732619,ols
175573,3286547.0,-111.39537252373262,0.40037252373261367,ols
175578,3286547.0,-111.39537252373262,9.660836441258397,ols
175593,3286547.0,-111.39537252373262,2.151838040973999,ols
175596,3286547.0,-111.39537252373262,5.771622523732617,ols
175598,3286547.0,-111.39537252373262,7.819747523732616,ols
197849,3286547.0,-111.39537252373262,4.8147475237326205,ols
197851,3286547.0,-111.39537252373262,4.809747523732625,ols
197857,3286547.0,-111.39537252373262,0.6972475237326137,ols
197858,3286547.0,-111.39537252373262,1.998497523732624,ols
197862,3286547.0,-111.39537252373262,2.6672475237326125,ols
197922,3286547.0,-111.39537252373262,2.0209975237326177,ols
197933,3286547.0,-111.39537252373262,5.514122523732624,ols
197935,3286547.0,-111.39537252373262,6.957872523732618,ols
197938,3286547.0,-111.39537252373262,6.120997523732612,ols
197940,3286547.0,-111.39537252373262,5.891622523732622,ols
197961,3286547.0,-111.39537252373262,4.137247523732611,ols
204602,3286547.0,-111.39537252373262,3.088497523732613,ols
204633,3286547.0,-111.39537252373262,4.8303725237326205,ols
204664,3286547.0,-111.39537252373262,1.392247523732621,ols
204667,3286547.0,-111.39537252373262,2.3159975237326194,ols
204680,3286547.0,-111.39537252373262,4.106310023732618,ols
204687,3286547.0,-111.39537252373262,4.347872523732619,ols
77833,3289863.0,-98.86621108971367,0.7537110897136756,ols
77842,3289863.0,-97.15756235784211,0.4338123578421147,ols
77879,3289863.0,-101.57924978116253,2.5998747811625265,ols
77906,3289863.0,-108.02627711924086,-1.6937228807591396,ols
6445,3301896.0,-107.34721380415382,2.048463804153826,ols
6451,3301896.0,-107.00530605309439,0.9159310530943827,ols
6453,3301896.0,-106.65174649369214,0.9042464936921419,ols
6457,3301896.0,-106.27242551428198,1.1580505142819817,ols
6466,3301896.0,-105.46792731754995,0.9910523175499435,ols
6481,3301896.0,-103.66754086907994,-0.23058413092005026,ols
6506,3301896.0,-100.79278714334421,-3.1884628566557893,ols
6513,3301896.0,-99.69781300581596,-3.808436994184035,ols
6540,3301896.0,-95.57867118224976,-4.648828817750243,ols
6546,3301896.0,-95.1464960526908,-2.8047539473092087,ols
6554,3301896.0,-94.33411240363301,-5.157137596366979,ols
6569,3301896.0,-92.5763392581355,-3.743035741864489,ols
6595,3301896.0,-86.93692091380929,-0.31120408619071327,ols
6615,3301896.0,-76.54176692799984,6.044891927999842,ols
6616,3301896.0,-73.5904002866663,1.198525286666296,ols
6622,3301896.0,-71.17307106813868,-3.12130393186132,ols
6663,3301896.0,-88.49399621208947,4.581496212089476,ols
6667,3301896.0,-89.62282203889492,9.61594703889493,ols
6671,3301896.0,-90.62408104604096,16.325331046040958,ols
6681,3301896.0,-93.15568674033702,9.409436740337014,ols
6685,3301896.0,-93.9033140990833,9.582064099083297,ols
6695,3301896.0,-95.248392482095,6.452767482094998,ols
6726,3301896.0,-98.96514866266615,-0.28922633733384373,ols
20696,3301896.0,-103.4233421788015,-0.46478282119849723,ols
20708,3301896.0,-102.33187268675137,-2.7650023132486297,ols
20717,3301896.0,-101.53605645268104,-2.5739435473189616,ols
20778,3301896.0,-93.43685488892189,-3.3162701110781114,ols
20792,3301896.0,-89.85887356630867,-1.4755014336913206,ols
20799,3301896.0,-88.85736422734281,-0.5632607726571877,ols
20828,3301896.0,-77.44586305288092,6.160238052880928,ols
20861,3301896.0,-78.27199219459311,-3.4823828054068855,ols
20943,3301896.0,-98.89289379647781,-0.3727312035221928,ols
20944,3301896.0,-99.2701097128573,-0.559890287142693,ols
20948,3301896.0,-99.68225829682707,-2.427741703172927,ols
36144,3301896.0,-106.36323907129758,1.450114071297591,ols
36159,3301896.0,-104.75402648217094,0.86652648217094,ols
36189,3301896.0,-101.4707539838535,-2.886121016146504,ols
36207,3301896.0,-98.84005102504811,-4.084323974951886,ols
36228,3301896.0,-96.47325469797597,-2.2598703020240265,ols
36241,3301896.0,-95.07306917843671,-3.5075558215632867,ols
36245,3301896.0,-94.5589900289055,-4.091634971094507,ols
36266,3301896.0,-91.1293075521242,-2.7606924478757975,ols
36287,3301896.0,-84.24596763745,1.3165926374500003,ols
36291,3301896.0,-82.7137775978082,3.9644025978082027,ols
36303,3301896.0,-76.86480876281671,5.7298087628167025,ols
36351,3301896.0,-87.25030221612317,2.6796772161231672,ols
36362,3301896.0,-89.53162160543044,10.88099660543044,ols
36364,3301896.0,-90.50363730452858,16.128012304528582,ols
36396,3301896.0,-96.19573911821732,5.363239118217322,ols
52141,3301896.0,-90.94519987733248,-3.2285501226675137,ols
52166,3301896.0,-84.18767445957867,0.17204945957867324,ols
52194,3301896.0,-70.98088450279675,-3.085990497203241,ols
52205,3301896.0,-74.32370183808486,-5.6856731619151475,ols
52221,3301896.0,-82.69439963920684,-0.1099753607931575,ols
52257,3301896.0,-91.44062930628375,13.76125430628376,ols
52287,3301896.0,-96.3454147890585,5.95978978905849,ols
71023,3301896.0,-101.01352291486984,-2.8534828990836445,ols
71040,3301896.0,-98.90137094219597,-3.889254057804038,ols
71101,3301896.0,-84.3559998509998,2.0953748509997894,ols
71109,3301896.0,-80.29717661730201,6.699676617302018,ols
71117,3301896.0,-75.2847939668616,3.876668966861601,ols
71166,3301896.0,-90.41005871877536,15.84818371877536,ols
71192,3301896.0,-96.21594772331188,5.5078227233118895,ols
83585,3301896.0,-99.66519021819991,-4.129184781800092,ols
83597,3301896.0,-97.94669641098305,-3.921428589016955,ols
83600,3301896.0,-97.37018222983365,-4.215442770166348,ols
83609,3301896.0,-96.17128625090412,-4.334963749095877,ols
83686,3301896.0,-74.04485494819328,1.6379799481932764,ols
83694,3301896.0,-71.07822944456704,-4.315520555432954,ols
83703,3301896.0,-73.22959248320706,-7.027282516792937,ols
83704,3301896.0,-75.31332041560715,-4.5516795843928435,ols
83726,3301896.0,-83.85609858544822,-0.21077641455177343,ols
83731,3301896.0,-85.22170417768884,0.7148291776888414,ols
83753,3301896.0,-92.22093634624153,9.072186346241523,ols
83763,3301896.0,-94.04530913454225,9.770309134542245,ols
83766,3301896.0,-94.79969545242491,6.485320452424915,ols
95148,3301896.0,-101.18330478233382,-2.877320217666181,ols
95150,3301896.0,-100.76692331486451,-3.3137016851354844,ols
95155,3301896.0,-100.33093631441213,-4.434063685587873,ols
95169,3301896.0,-98.94293740301266,-4.072062596987337,ols
95181,3301896.0,-97.48443594816392,-3.78118905183608,ols
95202,3301896.0,-94.0949886220664,-2.5381363779336112,ols
95223,3301896.0,-89.76964165124583,-1.4916083487541698,ols
95244,3301896.0,-83.54435581868253,3.388105818682533,ols
95269,3301896.0,-71.88697190351769,-1.171153096482314,ols
95322,3301896.0,-91.92809363187567,8.933093631875664,ols
95348,3301896.0,-96.20780056044718,5.654050560447189,ols
95353,3301896.0,-96.67586416999954,4.612114169999543,ols
107788,3301896.0,-106.26043234436662,0.6298073443666254,ols
107790,3301896.0,-105.97098048828802,2.5434804882880258,ols
107815,3301896.0,-104.06158591098583,1.123460910985827,ols
107825,3301896.0,-102.93114430607032,-1.879480693929679,ols
107830,3301896.0,-102.54175316027012,-2.3832468397298783,ols
107853,3301896.0,-100.06564147895052,-4.368733521049478,ols
107874,3301896.0,-97.59832554748347,-4.190424452516524,ols
107882,3301896.0,-96.6184130173405,-3.4178369826594945,ols
107910,3301896.0,-92.30144078376634,-3.4516842162336587,ols
107915,3301896.0,-91.43002434009674,-2.099975659903265,ols
107939,3301896.0,-84.32487905430293,2.4355040543029247,ols
107944,3301896.0,-82.74904024825193,3.7540402482519255,ols
107953,3301896.0,-76.79901700906852,6.120892009068527,ols
107977,3301896.0,-75.12893965155739,-5.243560348442614,ols
107998,3301896.0,-85.22225035620491,0.6547503562049144,ols
108007,3301896.0,-88.16205621894831,5.164556218948306,ols
108017,3301896.0,-91.71540261474298,8.836027614742989,ols
108031,3301896.0,-94.25190115824549,7.301901158245485,ols
108043,3301896.0,-96.11496159143447,6.32371159143446,ols
121066,3301896.0,-99.74783385491266,-4.5246661450873376,ols
121093,3301896.0,-97.06295681454463,-4.888918185455367,ols
121098,3301896.0,-96.3904858953533,-4.068889104646701,ols
121105,3301896.0,-96.11089938872121,-3.056600611278796,ols
121141,3301896.0,-92.86473289333922,-3.4033921066607746,ols
121166,3301896.0,-89.66110004989613,-1.4220249501038609,ols
121229,3301896.0,-74.20708134618496,-6.103543653815038,ols
121253,3301896.0,-86.71169054824517,1.9016905482451705,ols
121256,3301896.0,-88.1012938590356,4.537543859035594,ols
121266,3301896.0,-91.51993897830465,10.417438978304645,ols
121327,3301896.0,-99.60999205191965,-1.1793829480803595,ols
174367,3301896.0,-103.41454642894897,-1.5185785710510373,ols
174369,3301896.0,-102.95111395806411,-1.890761041935889,ols
174379,3301896.0,-100.32728374558592,-3.350841254414078,ols
174389,3301896.0,-97.02362058266856,-4.472629417331447,ols
174390,3301896.0,-96.2941991744579,-4.673925825542099,ols
174392,3301896.0,-95.5364902706025,-5.116634729397504,ols
174394,3301896.0,-94.74018475161151,-5.255440248388496,ols
196149,3301896.0,-107.04542741658732,0.2979274165873136,ols
196155,3301896.0,-106.6824348990638,1.7424348990637952,ols
196174,3301896.0,-106.43230789614219,1.3966828961421953,ols
196202,3301896.0,-103.20594037196773,-0.9009346280322745,ols
196225,3301896.0,-101.39780501580098,-3.189694984199022,ols
196253,3301896.0,-98.40888860148767,-5.17986139851233,ols
196256,3301896.0,-97.92010434448191,-3.036770655518083,ols
196258,3301896.0,-97.67871619781742,-3.2600338021825763,ols
196261,3301896.0,-97.43277656351901,-3.428473436480985,ols
196269,3301896.0,-96.6531750041445,-5.200574995855504,ols
196271,3301896.0,-96.46981832481238,-4.067681675187615,ols
196275,3301896.0,-96.02411389826159,-4.952136101738404,ols
202894,3301896.0,-107.57609673854414,4.786721738544131,ols
202911,3301896.0,-106.6001326239236,0.27450762392359707,ols
202919,3301896.0,-105.6468576751581,1.7262326751581014,ols
202926,3301896.0,-104.36117620576896,1.8218012057689492,ols
202928,3301896.0,-103.998661594447,0.4317865944470043,ols
202932,3301896.0,-103.22317913138116,-0.4943208686188427,ols
202941,3301896.0,-101.60488632442487,-3.6057386755751253,ols
202949,3301896.0,-99.88671112134237,-3.143913878657628,ols
202951,3301896.0,-99.42290315272773,-4.42397184727227,ols
202961,3301896.0,-96.93814364490369,-4.3987313550963165,ols
202963,3301896.0,-96.3969148716362,-3.9580851283638054,ols
2382,3301898.0,-116.62081793347548,4.001604970512517,ols
2395,3301898.0,-115.98437352854933,-2.2985935044177097,ols
2429,3301898.0,-116.48185322301522,1.1535198896819026,ols
2470,3301898.0,-116.48185322301522,1.3654739126703817,ols
2504,3301898.0,-116.4786142320083,1.1477808986749807,ols
2510,3301898.0,-116.4786142320083,0.9919475653416328,ols
2526,3301898.0,-116.4786142320083,0.9602808986749807,ols
2561,3301898.0,-116.4786142320083,1.2144475653416151,ols
2581,3301898.0,-116.4786142320083,1.1819475653416163,ols
2592,3301898.0,-116.4786142320083,1.6244475653416117,ols
2601,3301898.0,-116.4786142320083,0.832780898674983,ols
2607,3301898.0,-116.4786142320083,0.8977808986749807,ols
34172,3301898.0,-117.70451634557037,0.577142927848854,ols
34203,3301898.0,-116.10770310958107,1.5910364429143868,ols
34245,3301898.0,-116.0217965374014,-0.6757034625986051,ols
34277,3301898.0,-116.0217978703195,-0.41070212968050157,ols
34281,3301898.0,-116.0217965374014,-0.05320346259860287,ols
34284,3301898.0,-116.0217965374014,-0.28987012926528166,ols
49754,3301898.0,-116.05503285047044,2.2562828504704413,ols
49767,3301898.0,-116.04130112810279,1.205774812313308,ols
49777,3301898.0,-115.98683009662577,-2.1406699033742314,ols
49789,3301898.0,-116.30194126822046,-0.8137502211412624,ols
68434,3301898.0,-116.43777228820446,3.3608972882044554,ols
68471,3301898.0,-116.43777095528635,3.4671459552863553,ols
68489,3301898.0,-116.43777095528635,3.6521459552863575,ols
68533,3301898.0,-116.43777095528635,3.3740209552863547,ols
68541,3301898.0,-116.43777095528635,3.599020955286349,ols
68557,3301898.0,-116.44100594753895,3.8910059475389573,ols
93381,3301898.0,-116.31254596470241,2.275879298035747,ols
93396,3301898.0,-116.02782266017601,0.9994893268426779,ols
93401,3301898.0,-116.02989934659116,1.1032326799245027,ols
93429,3301898.0,-116.0306364503059,0.927303116972567,ols
93459,3301898.0,-116.0306364503059,1.4414697836392207,ols
93463,3301898.0,-116.0306364503059,1.2239697836392196,ols
93464,3301898.0,-116.0306364503059,1.0073031169725795,ols
93468,3301898.0,-116.0306364503059,2.0731364503059098,ols
93478,3301898.0,-116.02494222414063,-2.0750577758593636,ols
106040,3301898.0,-116.41157911442785,2.102204114427849,ols
106052,3301898.0,-116.03555625104936,0.1572229177160409,ols
106073,3301898.0,-116.58642064873276,-1.211824965302327,ols
106074,3301898.0,-116.69400313521476,-0.4838814801698419,ols
106118,3301898.0,-116.77766507329744,-1.3306682600358783,ols
106124,3301898.0,-116.77766507329744,-1.2656682600358948,ols
106129,3301898.0,-116.77766507329744,-1.3039027233127172,ols
119124,3301898.0,-116.18977887511302,1.6260288751130219,ols
119143,3301898.0,-115.99256431033433,-1.1099356896656758,ols
119290,3301898.0,-117.08454947431815,-0.2752066232428234,ols
119297,3301898.0,-117.28508033935415,-2.522390925013667,ols
146081,3301898.0,-116.21448184644282,0.6882318464428181,ols
172956,3301898.0,-116.7762108596396,-0.9696224736937324,ols
172973,3301898.0,-116.7762108596396,-0.8146224736937313,ols
172999,3301898.0,-116.7762108596396,-1.071289140360392,ols
173008,3301898.0,-116.7762108596396,-1.1571224736937324,ols
173030,3301898.0,-116.7749112644825,-1.1284220688508384,ols
173069,3301898.0,-116.7749112644825,-1.052588735517503,ols
173074,3301898.0,-116.7749112644825,-0.9125887355175024,ols
173098,3301898.0,-116.7749112644825,-0.8234220688508174,ols
173129,3301898.0,-116.77188154161881,-1.000618458381183,ols
173133,3301898.0,-116.77188154161881,-1.0972851250478755,ols
179184,3301898.0,-116.2695406948063,0.6079715458701287,ols
179190,3301898.0,-115.99382391794813,0.6496572512814538,ols
179192,3301898.0,-116.00698648428288,-3.194680182383806,ols
179200,3301898.0,-116.10773243377947,-3.8972675662205205,ols
179209,3301898.0,-116.10485066482599,-4.262649335174018,ols
179225,3301898.0,-116.10485066482599,-4.502649335174013,ols
179232,3301898.0,-116.10485066482599,-4.519316001840693,ols
179234,3301898.0,-116.10485066482599,-4.443482668507329,ols
179238,3301898.0,-116.10485066482599,-4.938482668507348,ols
179241,3301898.0,-116.10485066482599,-4.860982668507347,ols
195062,3301898.0,-116.16144370193389,-0.4767774519122696,ols
195065,3301898.0,-115.9873219434083,-4.702678056591694,ols
201725,3301898.0,-117.08905473752944,1.9728782669411942,ols
201776,3301898.0,-116.4980788351664,-1.1310878315002668,ols
201787,3301898.0,-116.49808283392073,-0.9535838327459487,ols
201797,3301898.0,-116.49808283392073,-0.9860838327459476,ols
201800,3301898.0,-116.49808283392073,-1.0310838327459493,ols
201804,3301898.0,-116.49808283392073,-0.9110838327459305,ols
201811,3301898.0,-116.49808283392073,-1.045250499412603,ols
201842,3301898.0,-116.49808283392073,-1.0019171660792665,ols
201844,3301898.0,-116.49808283392073,-1.0252504994125928,ols
201846,3301898.0,-116.4980788351664,-0.9769211648335983,ols
201856,3301898.0,-116.4980788351664,-1.4410878315002833,ols
201868,3301898.0,-116.97229644277925,-1.0341690744621275,ols
134038,3301907.0,-113.47384737934378,0.3488473793437805,ols
134047,3301907.0,-113.4761472237659,0.4417722237659092,ols
134063,3301907.0,-113.48215303510656,0.26090303510656554,ols
134080,3301907.0,-113.12589164294042,-0.6228583570595845,ols
134099,3301907.0,-112.114258004517,1.2273830045169944,ols
134132,3301907.0,-109.4169575676044,-0.8649174323956004,ols
134136,3301907.0,-108.98943674722963,-1.778063252770366,ols
134148,3301907.0,-107.67179272144872,1.017417721448723,ols
134151,3301907.0,-107.2156013016977,-1.1806486983022921,ols
134173,3301907.0,-104.57944336079488,-4.529931639205117,ols
134194,3301907.0,-100.76321498920628,-4.743660010793718,ols
134202,3301907.0,-99.28327106171943,-0.6911039382805626,ols
134256,3301907.0,-89.61890772974701,-2.9923422702529905,ols
134279,3301907.0,-89.511530019448,-3.630344980551996,ols
134282,3301907.0,-89.511530019448,-3.6497199805519926,ols
134298,3301907.0,-89.511530019448,-3.5215949805519955,ols
134341,3301907.0,-88.6291047388952,-2.527145261104806,ols
134355,3301907.0,-85.46118225220471,0.6536822522047032,ols
134371,3301907.0,-79.56752705507223,10.813152055072237,ols
134400,3301907.0,-83.71256168126968,0.1419366812696694,ols
134417,3301907.0,-91.93717473982679,1.0846747398267809,ols
134451,3301907.0,-101.4826015579279,8.278851557927894,ols
134456,3301907.0,-102.1412269519947,6.24185195199469,ols
134479,3301907.0,-105.47559621012635,-0.6669037898736434,ols
134487,3301907.0,-106.55888251440571,-1.2252669701303773,ols
148430,3301907.0,-113.96011552096749,3.612615520967495,ols
148437,3301907.0,-113.60010049671342,3.1513504967134196,ols
148457,3301907.0,-111.73870413504821,2.6805791350482053,ols
148461,3301907.0,-111.34475151020249,2.219751510202485,ols
148472,3301907.0,-110.09780684689012,-0.1628181531098818,ols
148480,3301907.0,-109.19119149288187,-1.482558507118128,ols
148484,3301907.0,-108.71620808010658,-1.449416919893423,ols
148511,3301907.0,-105.38724881869845,-6.160876181301546,ols
148515,3301907.0,-104.98532419427553,-6.109675805724464,ols
148543,3301907.0,-103.66770400107933,-5.301045998920671,ols
148587,3301907.0,-103.61938343563016,-4.865616564369844,ols
148652,3301907.0,-103.254947466917,-7.894427533083004,ols
148658,3301907.0,-103.254947466917,-6.213177533082998,ols
148673,3301907.0,-103.254947466917,-4.4381775330829925,ols
148674,3301907.0,-103.254947466917,-4.800677533083004,ols
148741,3301907.0,-103.254947466917,-3.920677533082994,ols
148766,3301907.0,-102.60708248483556,-3.2447925151644483,ols
148772,3301907.0,-102.28695129105212,-2.218048708947876,ols
148798,3301907.0,-99.80785008322454,-3.1402749167754678,ols
148841,3301907.0,-96.70476414317002,-4.670235856829976,ols
148849,3301907.0,-96.02839538980513,-4.074729610194879,ols
148851,3301907.0,-95.67699584491476,-3.2792541550852405,ols
148857,3301907.0,-95.29403004160888,-2.289094958391118,ols
148875,3301907.0,-92.8368428953993,-1.9300321046006985,ols
148928,3301907.0,-89.64293097510965,-2.109569024890348,ols
148945,3301907.0,-89.64293097510965,-0.828319024890348,ols
148950,3301907.0,-89.66067433440774,-0.6199506655922562,ols
148960,3301907.0,-89.66067433440774,-1.0693256655922596,ols
148981,3301907.0,-89.66067433440774,-0.5255756655922568,ols
149002,3301907.0,-89.66067433440774,-1.61120066559225,ols
149006,3301907.0,-89.66067433440774,-1.3605756655922505,ols
149019,3301907.0,-89.66067433440774,-0.6662006655922568,ols
149037,3301907.0,-89.66067433440774,-1.453700665592251,ols
149073,3301907.0,-87.7279351304875,-0.4989398695125118,ols
149082,3301907.0,-84.76115965853978,1.3449096585397768,ols
149093,3301907.0,-81.61625944865516,10.541259448655154,ols
149131,3301907.0,-88.63052277768396,0.8205227776839621,ols
149144,3301907.0,-93.78026767645379,4.478392676453794,ols
149167,3301907.0,-100.22720824334465,11.155958243344642,ols
149173,3301907.0,-100.99868092589568,9.399930925895688,ols
149175,3301907.0,-101.7254555958697,7.391705595869709,ols
149179,3301907.0,-102.41664821690878,5.851023216908786,ols
149182,3301907.0,-103.04707966329302,4.762704663293022,ols
149186,3301907.0,-103.69835270498444,4.505227704984449,ols
149190,3301907.0,-104.29369067041979,1.503690670419786,ols
174428,3301907.0,-80.402644655025,2.3645196550250063,ols
174440,3301907.0,-75.83607118720873,-5.198928812791266,ols
174445,3301907.0,-78.82554719606908,-6.550702803930918,ols
174480,3301907.0,-99.38981463155443,9.897314631554423,ols
174483,3301907.0,-99.92084036721688,10.222090367216879,ols
174490,3301907.0,-102.22885936588203,4.490734365882034,ols
174500,3301907.0,-104.86933100461286,-1.5406689953871364,ols
181766,3301907.0,-89.33326228600299,-2.1761127139970142,ols
181772,3301907.0,-83.77804170769215,6.50054170769215,ols
181790,3301907.0,-86.6520250111682,-0.8885999888317997,ols
181792,3301907.0,-88.63444323786467,-1.6380567621353208,ols
181799,3301907.0,-93.33770849514266,2.3702084951426627,ols
181808,3301907.0,-98.60251711277246,10.756267112772463,ols
181835,3301907.0,-105.90708515585122,-1.1998736070353857,ols
196283,3301907.0,-100.42908215192031,-5.245292848079686,ols
196284,3301907.0,-100.09672484219338,-4.6351501578066205,ols
196286,3301907.0,-99.80848164671869,-6.756518353281308,ols
196303,3301907.0,-97.9402334169565,-2.4791415830435,ols
196324,3301907.0,-85.74588630885366,2.5515113088536623,ols
196340,3301907.0,-82.80670896997135,-3.662666030028646,ols
196342,3301907.0,-85.42809070836935,-1.4287842916306488,ols
196369,3301907.0,-102.43756130997001,5.345061309970006,ols
196377,3301907.0,-105.0167951223523,-0.6450798776476887,ols
202970,3301907.0,-99.62605512724612,-4.395819872753876,ols
202979,3301907.0,-98.79660968244842,-2.640265317551581,ols
202986,3301907.0,-98.51043992184134,-0.7151850781586546,ols
202992,3301907.0,-97.12893648539654,-4.489813514603469,ols
203002,3301907.0,-92.53982930876047,-1.7820456912395315,ols
203017,3301907.0,-77.51580367211132,1.7258036721113115,ols
203018,3301907.0,-75.72508284032995,-3.6730421596700467,ols
203025,3301907.0,-80.76718787036924,-5.99656212963076,ols
203028,3301907.0,-85.98711973103687,-1.157880268963126,ols
203030,3301907.0,-88.13493609544837,-0.9700639045516368,ols
203057,3301907.0,-102.47970923598571,5.110959235985703,ols
203061,3301907.0,-103.49015124517487,4.391401245174876,ols
203063,3301907.0,-103.87801464463354,4.588014644633532,ols
203065,3301907.0,-104.24254594368544,2.5081709436854425,ols
203069,3301907.0,-104.95651059939118,-1.8053644006088234,ols
12426,3428105.0,-81.86312327390124,-0.9710113414833756,ols
12437,3428105.0,-81.45392152634358,-0.737745140323085,ols
12443,3428105.0,-81.28109680876855,2.044027843251314,ols
12467,3428105.0,-79.93820470056515,6.384633271993721,ols
12471,3428105.0,-79.6833401223237,6.444703758687339,ols
12508,3428105.0,-76.87729582437197,-2.692148620072473,ols
12537,3428105.0,-75.42454879668028,-7.367117869986387,ols
12555,3428105.0,-74.17348278973402,1.1830981743494107,ols
12594,3428105.0,-69.3897441209748,3.1546250733557457,ols
12610,3428105.0,-65.85963452217369,-0.8554390072380755,ols
12616,3428105.0,-62.98575643155589,-5.505314997015539,ols
12622,3428105.0,-61.039772684091126,-10.198322554004115,ols
12649,3428105.0,-65.42360799013969,3.842086251009249,ols
12683,3428105.0,-72.88874745504111,-2.270036328742677,ols
12700,3428105.0,-75.3444676404178,-2.328326477229254,ols
27116,3428105.0,-81.28363802749338,2.404888027493385,ols
27130,3428105.0,-80.41027430620339,2.5033993062033915,ols
27175,3428105.0,-76.54696651586097,-3.381783484139021,ols
27188,3428105.0,-75.29619176607517,-5.451933233924834,ols
27204,3428105.0,-74.31964291427093,2.6940179142709297,ols
27230,3428105.0,-72.7892976976095,-0.2932023023904975,ols
27232,3428105.0,-72.46876919254726,3.2031441925472564,ols
27243,3428105.0,-71.70398614066863,1.883361140668626,ols
27260,3428105.0,-68.53181702918803,-2.9925579708119727,ols
27264,3428105.0,-67.6462641957337,0.20251419573371265,ols
27323,3428105.0,-71.97248883544759,-3.750636164552404,ols
27325,3428105.0,-72.9693528741924,-3.3443971258076033,ols
27341,3428105.0,-75.96836960379247,-0.7785053962075352,ols
42027,3428105.0,-81.58469599138033,-0.6528040086196683,ols
42031,3428105.0,-81.56800695608723,-0.810118043912766,ols
42035,3428105.0,-81.55284702088642,0.7340970208864235,ols
42105,3428105.0,-81.47802305636984,2.699273056369833,ols
42110,3428105.0,-81.45122739760953,3.398727397609534,ols
42139,3428105.0,-81.30057463137287,2.0155746313728713,ols
42146,3428105.0,-81.28917191354171,1.4554219135417128,ols
42147,3428105.0,-81.28134437735494,2.0394693773549477,ols
42153,3428105.0,-81.27970605582746,1.752831055827457,ols
42170,3428105.0,-81.28068904874394,1.7088140487439318,ols
42188,3428105.0,-81.28068904874394,0.5775640487439375,ols
42228,3428105.0,-81.27905072721649,1.8346757272164922,ols
42231,3428105.0,-81.25682052444603,1.1130705244460302,ols
42243,3428105.0,-81.18184364992024,1.6080936499202352,ols
42253,3428105.0,-81.12614071798643,2.8361407179864244,ols
42257,3428105.0,-81.09480872895229,2.6260587289522874,ols
42301,3428105.0,-81.008873303765,0.37574830376499335,ols
42317,3428105.0,-81.009535913805,3.233285913804991,ols
42326,3428105.0,-80.99231533419407,3.2491903341940684,ols
42329,3428105.0,-80.96487162825179,3.7136216282517864,ols
42356,3428105.0,-80.7805713785555,0.9880713785555031,ols
42390,3428105.0,-80.7805713785555,0.23869637855550252,ols
42422,3428105.0,-80.64440137462164,1.0262763746216308,ols
42442,3428105.0,-80.56886383006199,0.6963638300619834,ols
42479,3428105.0,-80.56670852707475,2.681708527074747,ols
42496,3428105.0,-80.56670852707475,2.468583527074756,ols
42511,3428105.0,-80.48429731352877,-1.3113276864712304,ols
42524,3428105.0,-80.41595382083193,1.5640788208319236,ols
42568,3428105.0,-80.36566827208227,-1.3343317279177285,ols
42594,3428105.0,-80.3091935086733,1.2641935086733014,ols
42611,3428105.0,-80.29378600488613,1.2619110048861302,ols
42639,3428105.0,-80.29267194624745,-0.2642030537525528,ols
42653,3428105.0,-80.23568020137871,-1.872444798621288,ols
42663,3428105.0,-80.17601617206294,1.3197661720629412,ols
42718,3428105.0,-80.07553245171177,1.9261574517117594,ols
42732,3428105.0,-80.07553245171177,0.3055324517117697,ols
42737,3428105.0,-80.07553245171177,0.22740745171176968,ols
42744,3428105.0,-80.0622656880538,2.4097656880537954,ols
42793,3428105.0,-80.03193125479416,3.31255625479416,ols
42822,3428105.0,-79.97211431546917,3.4283643154691674,ols
42831,3428105.0,-79.95679418883012,2.221794188830117,ols
42845,3428105.0,-79.89264479924361,2.0407697992436056,ols
42847,3428105.0,-79.86383218464726,0.6582071846472672,ols
42879,3428105.0,-79.62262756723035,1.9132525672303586,ols
42896,3428105.0,-79.53760232066944,3.1144773206694367,ols
42904,3428105.0,-79.50024130841423,1.5183663084142296,ols
42935,3428105.0,-79.3569136597626,5.1119136597625925,ols
42970,3428105.0,-79.18872721246755,2.128102212467553,ols
42979,3428105.0,-79.14160180390866,1.0828518039086532,ols
42989,3428105.0,-79.0921172123502,1.1552422123502026,ols
42998,3428105.0,-79.02800422990873,-0.00012077009127153815,ols
43001,3428105.0,-78.99298055636605,-0.9801444436339466,ols
43013,3428105.0,-78.9183750347198,-2.0603749652802037,ols
43040,3428105.0,-78.85421836370428,-2.722031636295725,ols
43066,3428105.0,-78.83740554411798,-3.2357194558820197,ols
43071,3428105.0,-78.83740554411798,-3.040094455882013,ols
43082,3428105.0,-78.83740554411798,-1.1244694558820214,ols
43083,3428105.0,-78.83388133247668,-2.29236866752332,ols
43087,3428105.0,-78.81564135280423,-0.30248364719577125,ols
43107,3428105.0,-78.5597792187883,1.512904218788293,ols
43147,3428105.0,-78.09035277188103,1.7353527718810255,ols
43166,3428105.0,-77.94559796314324,-1.7462770368567533,ols
43190,3428105.0,-77.68687422752598,-3.5981257724740203,ols
43211,3428105.0,-77.46527121700657,-3.8178537829934243,ols
43245,3428105.0,-77.37191601565713,-4.003708984342865,ols
43251,3428105.0,-77.30391475012382,0.30516475012382216,ols
43257,3428105.0,-77.25338163278778,0.20588163278777927,ols
43265,3428105.0,-77.1434538990094,1.2034538990094035,ols
43290,3428105.0,-76.79920249822948,-6.18892250177052,ols
43319,3428105.0,-76.42700497290551,-3.109245027094488,ols
43330,3428105.0,-76.3178781963183,-2.2314968036816936,ols
43333,3428105.0,-76.25043031938984,-2.0983196806101603,ols
43378,3428105.0,-75.59066731813621,-2.199332681863794,ols
43430,3428105.0,-74.05340474391437,5.421529743914377,ols
43448,3428105.0,-73.17164553497474,2.6391455349747446,ols
43453,3428105.0,-72.99413885854568,2.62163885854568,ols
43470,3428105.0,-72.2374964443013,0.6256214443013022,ols
43498,3428105.0,-71.09027817790928,1.7465281779092834,ols
43501,3428105.0,-70.97188214219116,4.913757142191159,ols
43508,3428105.0,-70.71990100983805,3.1099010098380546,ols
43512,3428105.0,-70.56352504039879,2.4210250403987885,ols
43517,3428105.0,-70.35527617068547,3.9840261706854676,ols
43547,3428105.0,-67.72307599037026,0.9087009903702636,ols
43552,3428105.0,-67.42687473963363,0.6981247396336272,ols
43618,3428105.0,-59.11000467903375,-14.78124532096625,ols
43620,3428105.0,-58.30728538200805,-12.175839617991954,ols
43637,3428105.0,-57.474275340296764,-3.577599659703239,ols
43648,3428105.0,-58.2225805183236,-5.364919481676395,ols
43666,3428105.0,-58.96505327171267,-3.8718217282873297,ols
43680,3428105.0,-59.75015879196088,-2.1229662080391236,ols
43689,3428105.0,-60.39771811819214,-1.7510318818078616,ols
43747,3428105.0,-64.39830268967809,4.279552689678091,ols
43758,3428105.0,-64.40572246584026,4.105722465840259,ols
43764,3428105.0,-64.40572246584026,4.191972465840259,ols
43787,3428105.0,-64.40572246584026,4.935722465840257,ols
43796,3428105.0,-64.40572246584026,3.8738474658402566,ols
43811,3428105.0,-64.86153992192604,2.301539921926036,ols
43840,3428105.0,-66.26662271531201,4.36912271531201,ols
43851,3428105.0,-66.83811295266582,4.144362952665823,ols
43875,3428105.0,-67.69904727463413,4.924672274634126,ols
43923,3428105.0,-69.16272372727124,6.765848727271241,ols
43950,3428105.0,-69.74560940102721,6.749359401027206,ols
43969,3428105.0,-70.40530686941975,6.145306869419741,ols
43971,3428105.0,-70.53161781847278,6.415367818472788,ols
43979,3428105.0,-70.75962848652182,6.185253486521816,ols
44003,3428105.0,-71.5045842072036,3.881459207203605,ols
44020,3428105.0,-71.99981603852571,2.2460660385257114,ols
44024,3428105.0,-72.11355924110583,1.5166842411058354,ols
44031,3428105.0,-72.32212121226661,0.1514962122666077,ols
44037,3428105.0,-72.41107843049346,-0.3045465695065417,ols
44054,3428105.0,-72.74653386502816,-2.109091134971848,ols
44085,3428105.0,-73.43500025944297,-1.6443747405570264,ols
44089,3428105.0,-73.53892809571633,-2.3898219042836644,ols
44100,3428105.0,-73.8316925119598,-3.951432488040197,ols
44113,3428105.0,-74.09844038234712,-6.2278096176528805,ols
44129,3428105.0,-74.27664607596124,-6.188978924038764,ols
44132,3428105.0,-74.33873482113765,-6.360015178862355,ols
44136,3428105.0,-74.43222836963832,-6.1321466303616745,ols
44145,3428105.0,-74.67124127692291,1.6231162769229144,ols
44160,3428105.0,-75.15241995025386,-3.598830049746141,ols
44165,3428105.0,-75.24853481319846,-2.2395901868015358,ols
44196,3428105.0,-75.75903580115653,-2.4678391988434782,ols
44231,3428105.0,-76.28258510990221,-1.4442898900977923,ols
44245,3428105.0,-76.38278485452196,6.3052848545219575,ols
44270,3428105.0,-76.63154759525223,3.717797595252236,ols
44333,3428105.0,-76.8264714498755,4.291471449875502,ols
44336,3428105.0,-76.90484875174943,5.27771806993124,ols
64084,3428105.0,-81.56637591598877,1.872000915988778,ols
64094,3428105.0,-81.20736505860363,3.154865058603633,ols
64116,3428105.0,-80.0691029498951,5.986602949895101,ols
64140,3428105.0,-78.92023908054661,-0.7697609194533896,ols
64158,3428105.0,-78.22275827701623,1.5733832770162195,ols
64168,3428105.0,-77.69418478225299,-0.1964402177470106,ols
64191,3428105.0,-76.76079296019668,-1.7328294887829117,ols
64215,3428105.0,-75.73733714270386,-2.823146728263879,ols
64222,3428105.0,-75.4705601466005,-5.131002353399495,ols
64227,3428105.0,-75.33621778134838,-6.788782218651619,ols
64239,3428105.0,-74.91780502609187,-4.877194973908132,ols
64269,3428105.0,-73.16619174464554,4.252129244645545,ols
64286,3428105.0,-71.59342492256629,4.663937743079103,ols
64295,3428105.0,-70.29251753404004,3.6395570077242496,ols
64345,3428105.0,-60.38324263731836,-1.1323823626816392,ols
64384,3428105.0,-68.44395930674185,5.714584306741848,ols
64410,3428105.0,-70.97433598376786,4.568085983767858,ols
64427,3428105.0,-71.57986690174789,3.1848669017478954,ols
64454,3428105.0,-72.51426356100771,-3.4794864389922964,ols
64456,3428105.0,-72.69878953500333,-4.19371046499667,ols
64471,3428105.0,-73.24805685101572,-4.145068148984279,ols
64522,3428105.0,-74.19342662379503,2.4303016237950317,ols
64545,3428105.0,-75.3637488644388,-2.900626135561197,ols
64550,3428105.0,-75.57150987840839,-2.5909901215916022,ols
64555,3428105.0,-75.78377081550673,-1.3687291844932759,ols
76185,3428105.0,-80.56916236865143,-1.1283376313485718,ols
76246,3428105.0,-75.52163937111234,-3.3852356288876564,ols
76285,3428105.0,-71.21926141140935,4.3042614114093425,ols
76304,3428105.0,-65.45439387199801,-0.3156061280019884,ols
76312,3428105.0,-60.46798390814786,-11.390141091852144,ols
76333,3428105.0,-65.85828017637766,3.8939051763776646,ols
76340,3428105.0,-69.07214275037497,6.333392750374962,ols
76342,3428105.0,-70.3280436261845,4.684293626184498,ols
76362,3428105.0,-74.86549524007717,-2.0532547599228366,ols
76373,3428105.0,-76.14914564184744,1.7797706418474348,ols
76380,3428105.0,-77.2250059039321,-4.482468322872023,ols
88876,3428105.0,-83.03527315322674,-6.963476846773261,ols
88893,3428105.0,-83.03366395741534,-5.226961042584662,ols
88907,3428105.0,-83.03238242590939,-7.003867574090606,ols
88914,3428105.0,-83.03366395741534,-6.442586042584651,ols
88935,3428105.0,-83.03286300022413,-9.649636999775879,ols
88978,3428105.0,-83.03286300022413,-9.334636999775881,ols
88991,3428105.0,-83.03333629310984,-8.90416370689016,ols
89001,3428105.0,-83.03333629310984,-7.781663706890157,ols
89031,3428105.0,-83.03333629310984,-8.242288706890164,ols
89044,3428105.0,-83.03333629310984,-7.971038706890155,ols
89059,3428105.0,-83.03333629310984,-8.895413706890153,ols
89067,3428105.0,-83.03333629310984,-9.386038706890162,ols
89068,3428105.0,-83.03333629310984,-6.1260387068901565,ols
89138,3428105.0,-82.06015874293766,-7.988591257062339,ols
89158,3428105.0,-81.32228785268353,3.546662852683525,ols
89185,3428105.0,-79.99089312088842,3.2440181208884127,ols
89201,3428105.0,-79.05698431737234,1.426359317372345,ols
89220,3428105.0,-77.6910683306363,-0.2789316693637005,ols
89238,3428105.0,-76.59575937166338,-3.38111562833663,ols
89257,3428105.0,-75.46836115503919,-4.836013844960803,ols
89269,3428105.0,-74.78676842961073,1.1792684296107296,ols
89278,3428105.0,-74.42141544755705,5.363915447557048,ols
89288,3428105.0,-73.79604991695118,-3.660200083048821,ols
89300,3428105.0,-72.80209844981076,-5.84727655018925,ols
89335,3428105.0,-68.79866683958151,-3.3182081604184788,ols
89345,3428105.0,-65.51182978403642,-0.7250452159635756,ols
89377,3428105.0,-65.074878510518,2.3542535105180065,ols
89382,3428105.0,-66.87632589211532,4.7944508921153215,ols
89387,3428105.0,-68.38927577486959,6.124900774869587,ols
89399,3428105.0,-71.66471011258353,-0.7284148874164629,ols
101352,3428105.0,-81.29894359127441,3.6195685912744153,ols
101354,3428105.0,-81.15669359411639,2.283568594116389,ols
101361,3428105.0,-81.0058223850094,2.8339473850093952,ols
101391,3428105.0,-79.61939461274949,2.329394612749482,ols
101639,3428105.0,-74.02652898943494,1.13215398943494,ols
101643,3428105.0,-74.66953742253435,0.4470374225343505,ols
114031,3428105.0,-80.44363781393159,4.48801281393159,ols
114037,3428105.0,-80.0940345628286,4.203409562828597,ols
114042,3428105.0,-79.91733612501976,3.637961125019757,ols
114049,3428105.0,-79.58217194764549,4.310921947645497,ols
114055,3428105.0,-79.4188058063557,3.8375558063557094,ols
114059,3428105.0,-79.2574129323279,1.4530379323279021,ols
114129,3428105.0,-76.54134525266451,-2.937404747335492,ols
114144,3428105.0,-76.23481165416133,-3.107063345838668,ols
114152,3428105.0,-76.03336363914426,-1.9691363608557424,ols
114156,3428105.0,-75.93054986150956,-3.3775751384904424,ols
114157,3428105.0,-75.81901293191976,-0.902862068080239,ols
114187,3428105.0,-74.76875417423761,-2.082495825762379,ols
114214,3428105.0,-72.97211253578755,4.239612535787543,ols
114245,3428105.0,-69.19756536508868,2.2288153650886784,ols
114260,3428105.0,-66.8294553335718,0.9400803335717995,ols
114293,3428105.0,-58.97323031649197,-2.6442696835080284,ols
114297,3428105.0,-60.91729904812686,-0.07895095187314638,ols
114302,3428105.0,-62.89040611865743,1.5791561186574299,ols
114323,3428105.0,-69.47059710871244,5.4137221087124345,ols
114347,3428105.0,-73.99954401352034,0.8164190135203313,ols
114350,3428105.0,-74.56145189029573,1.2595768902957332,ols
114359,3428105.0,-75.56849536679783,-2.8771296332021734,ols
114368,3428105.0,-76.46389269227498,1.7345176922749772,ols
114372,3428105.0,-76.87498032994648,-5.235019670053518,ols
140641,3428105.0,-79.75553549096733,4.903660490967326,ols
140698,3428105.0,-78.93204227697336,0.9307922769733636,ols
140786,3428105.0,-77.77087279259636,-3.9791272074036357,ols
140850,3428105.0,-76.48060357185514,-4.609396428144862,ols
140857,3428105.0,-76.3616104589581,-4.682764541041905,ols
140883,3428105.0,-75.35959844990256,-6.018526550097434,ols
140897,3428105.0,-74.7953896415597,-2.7358603584403056,ols
140927,3428105.0,-73.51011548111998,2.030115481119978,ols
140945,3428105.0,-72.9752071431172,2.0514571431172044,ols
141014,3428105.0,-70.61676684932688,2.9736418493268815,ols
141027,3428105.0,-69.66035114873793,4.299726148737932,ols
141030,3428105.0,-69.32018462963316,0.9570596296331644,ols
141052,3428105.0,-67.0228646509608,3.917239650960795,ols
141057,3428105.0,-66.45736702968298,-0.7145079703170154,ols
141075,3428105.0,-63.210650647988246,-10.04497435201175,ols
141084,3428105.0,-61.3369278020282,-7.111822197971804,ols
141099,3428105.0,-57.535701475433186,-8.029298524566812,ols
141150,3428105.0,-67.47820881416087,5.0707088141608665,ols
141196,3428105.0,-72.78637056314709,-5.023004436852915,ols
141224,3428105.0,-75.04113058925041,-0.3882444107495786,ols
141231,3428105.0,-75.65028765887791,-2.57908734112209,ols
141245,3428105.0,-76.44663570551901,0.5603857055190105,ols
12726,3428106.0,-88.82251683632589,8.46251683632589,ols
12751,3428106.0,-73.39954876446319,-3.4117012355368104,ols
12780,3428106.0,-87.2927041319956,-0.561045868004399,ols
12790,3428106.0,-91.05360740107672,-4.72951759892328,ols
12804,3428106.0,-96.49316121962754,-5.329338780372467,ols
12836,3428106.0,-102.67269824907586,-0.859176750924135,ols
12869,3428106.0,-107.45431118112312,2.131811181123112,ols
12882,3428106.0,-109.19187097358912,1.175620973589119,ols
12884,3428106.0,-109.76043404560191,2.1748090456019185,ols
27354,3428106.0,-89.06561447741987,9.084989477419867,ols
27365,3428106.0,-81.01796846400354,5.617968464003539,ols
27376,3428106.0,-69.99783415210453,-5.1702908478954726,ols
27425,3428106.0,-96.20149412191952,-1.4135058780804712,ols
27471,3428106.0,-106.38415580845968,-0.3102191915403125,ols
44365,3428106.0,-89.85789747948577,15.57727247948577,ols
44370,3428106.0,-89.69203528872907,15.902035288729067,ols
44387,3428106.0,-88.86990961022815,11.220534610228142,ols
44455,3428106.0,-82.71315516094415,4.6862801609441505,ols
44459,3428106.0,-82.08736024469442,4.228610244694423,ols
44506,3428106.0,-72.559672702076,-4.930952297923994,ols
44518,3428106.0,-69.95869067508595,-6.251309324914047,ols
44528,3428106.0,-68.88283965738144,-6.676535342618564,ols
44546,3428106.0,-69.38643482222236,-6.741690177777642,ols
44602,3428106.0,-74.50475426045631,-1.6471207395436949,ols
44610,3428106.0,-74.86110135360884,-1.7270236463911601,ols
44614,3428106.0,-74.88849052141079,-0.22588447858920802,ols
44623,3428106.0,-74.76953290640996,-1.446092093590039,ols
44635,3428106.0,-74.76953290640996,-1.1104670935900316,ols
44642,3428106.0,-74.76953290640996,-0.8273420935900333,ols
44664,3428106.0,-74.76953290640996,-0.4910920935900407,ols
44676,3428106.0,-74.76953290640996,-0.34796709359004296,ols
44685,3428106.0,-74.77895888600541,-0.43729111399458986,ols
44704,3428106.0,-75.13541864026864,-1.0614563597313662,ols
44707,3428106.0,-75.7615265040481,-0.2640984959518988,ols
44712,3428106.0,-76.62359680524371,0.18922180524370447,ols
44787,3428106.0,-81.26934043778357,2.3493404377835674,ols
44799,3428106.0,-81.26934043778357,1.1424654377835708,ols
44811,3428106.0,-81.26934043778357,1.3343404377835668,ols
44831,3428106.0,-81.24896129464757,2.3027112946475654,ols
44850,3428106.0,-81.6472058030803,3.5328308030803015,ols
44852,3428106.0,-81.96751385870917,3.2506388587091664,ols
44866,3428106.0,-83.26511949598009,5.563869495980086,ols
44869,3428106.0,-83.65352493407812,7.517274934078117,ols
44894,3428106.0,-85.22927833577272,8.377403335772712,ols
44902,3428106.0,-85.79295942632173,4.286084426321736,ols
44920,3428106.0,-86.75836500183405,3.3252400018340467,ols
44971,3428106.0,-88.37738027003847,-3.180744729961532,ols
44975,3428106.0,-88.44955848829532,-1.43231651170467,ols
44993,3428106.0,-89.81476079198784,-2.372739208012163,ols
44995,3428106.0,-90.08024044040806,-4.609134559591936,ols
45034,3428106.0,-92.1506762612969,-5.798698738703109,ols
45077,3428106.0,-94.28937219737034,-7.148127802629659,ols
45096,3428106.0,-95.16904266763792,-8.339082332362082,ols
45104,3428106.0,-95.50722628616495,-9.129648713835053,ols
45442,3428106.0,-102.22600946304097,-3.9846155369590264,ols
45454,3428106.0,-103.30490233073445,-4.486972669265555,ols
45458,3428106.0,-103.59561806795209,-4.344381932047909,ols
45462,3428106.0,-103.81778577825773,-1.298837933082467,ols
64604,3428106.0,-83.14424664209731,6.02424664209731,ols
64627,3428106.0,-70.73749189757109,-4.4162581024289125,ols
64663,3428106.0,-88.17221186954774,-1.9983962385603888,ols
64674,3428106.0,-92.63339156695424,-5.486028075902894,ols
64686,3428106.0,-96.11702332469491,-5.9524211197495305,ols
64724,3428106.0,-103.94992474321077,-3.527753828217783,ols
64729,3428106.0,-104.42993618221126,-1.6469868947118158,ols
76393,3428106.0,-82.56822290097577,5.375722900975774,ols
76404,3428106.0,-70.28321726341557,-5.853657736584438,ols
76439,3428106.0,-92.69127434205303,-5.282475657946961,ols
76463,3428106.0,-100.09280888558958,-6.771566114410419,ols
76475,3428106.0,-102.07113798952837,-2.1951120104716324,ols
76479,3428106.0,-102.66965639908688,-1.8228436009131315,ols
76483,3428106.0,-103.3038007554298,-1.1543242445701907,ols
76487,3428106.0,-104.0330060534034,2.538006053403393,ols
76493,3428106.0,-104.66787644801529,1.6385014480152904,ols
76494,3428106.0,-105.24572780271045,-0.2136471972895464,ols
76511,3428106.0,-107.12998487921251,2.252484879212517,ols
76522,3428106.0,-108.22654050548394,2.515915505483946,ols
76534,3428106.0,-109.25661355853958,2.127238558539588,ols
76545,3428106.0,-109.93525905361007,4.704009053610065,ols
89483,3428106.0,-76.24449216772925,0.031367167729243306,ols
89486,3428106.0,-79.65215278315276,3.11840278315276,ols
89496,3428106.0,-87.4456228129227,-3.278752187077302,ols
89507,3428106.0,-91.18634722528684,-5.809277774713166,ols
89539,3428106.0,-100.51038103345842,-5.714618966541579,ols
89550,3428106.0,-103.60866172099121,-2.048838279008791,ols
89552,3428106.0,-104.51105218191718,-1.1264478180828235,ols
89581,3428106.0,-109.22749692037354,-1.026253079626457,ols
101684,3428106.0,-74.35975941098198,-1.9189905890180228,ols
101690,3428106.0,-70.22244285314207,-5.468807146857927,ols
101718,3428106.0,-90.65960646114713,-3.6872685388528623,ols
114381,3428106.0,-86.33219305584825,8.049068055848252,ols
114396,3428106.0,-78.33210254904964,2.393352549049638,ols
114417,3428106.0,-78.03380096371134,1.9863009637113436,ols
114424,3428106.0,-81.16754486531312,5.203794865313114,ols
114432,3428106.0,-86.27861643875853,0.15049143875853588,ols
114468,3428106.0,-99.16513226426146,-4.237367735738545,ols
114471,3428106.0,-100.11236184724709,-6.727638152752917,ols
114488,3428106.0,-103.41500978959452,-2.750615210405485,ols
114491,3428106.0,-104.14019684128638,-1.4716781587136154,ols
114504,3428106.0,-105.93951995821983,1.6882699582198342,ols
114528,3428106.0,-108.25277802637646,1.962778026376455,ols
114529,3428106.0,-108.57596519927884,2.1728401992788378,ols
44348,3428116.0,-82.70289939981976,0.9303993998197626,ols
126659,3428116.0,-85.84299932277018,0.23487432277018172,ols
126667,3428116.0,-85.46952348020602,2.3263984802060236,ols
126691,3428116.0,-84.20685009089061,3.7112250908906077,ols
126720,3428116.0,-82.53204989072844,-0.32357510927155886,ols
126738,3428116.0,-81.51607974259602,-6.0551702574039865,ols
126748,3428116.0,-81.23270796414312,-8.33416703585688,ols
126765,3428116.0,-80.80044789288202,-1.2058021071179752,ols
126792,3428116.0,-79.9112760919881,2.4819010919881066,ols
126839,3428116.0,-75.00464347928956,4.048393479289558,ols
126949,3428116.0,-82.19313142513502,7.127506425135024,ols
140406,3428116.0,-86.07435159653367,-3.095023403466328,ols
140439,3428116.0,-85.89718791593774,0.06406291593773972,ols
140464,3428116.0,-85.79268548112736,0.3051854811273671,ols
140513,3428116.0,-85.48860116047072,3.5548511604707187,ols
140540,3428116.0,-85.32221212115792,1.6203371211579167,ols
140543,3428116.0,-85.2989829214024,2.6414829214023996,ols
140553,3428116.0,-85.24877206318881,3.3593970631888084,ols
140563,3428116.0,-85.18429156356265,2.4755415635626576,ols
140571,3428116.0,-85.13524570539222,-0.4453792946077755,ols
140583,3428116.0,-85.04994324366878,1.5305682436687817,ols
140604,3428116.0,-84.86536475616833,1.5734897561683283,ols
140623,3428116.0,-84.65814278716613,3.963767787166134,ols
155075,3428116.0,-85.89660863414832,2.474733634148322,ols
155165,3428116.0,-82.22378186825937,3.59378186825937,ols
155166,3428116.0,-82.02764349082796,2.8007684908279487,ols
155170,3428116.0,-81.84218320771474,-4.904066792285263,ols
155181,3428116.0,-81.5338508206024,-5.63114917939761,ols
155185,3428116.0,-81.41417763937369,-8.410822360626312,ols
155378,3428116.0,-77.88411808871808,2.0434930887180798,ols
155404,3428116.0,-81.22786774296932,1.5691177429693255,ols
155406,3428116.0,-81.66003126726551,5.4244062672655105,ols
168203,3428116.0,-87.39685835823127,-0.5437666417687268,ols
168207,3428116.0,-87.39685835823127,-1.0931416417687245,ols
168218,3428116.0,-87.39685835823127,-0.687516641768724,ols
168239,3428116.0,-87.39759855162885,-1.9942764483711528,ols
168270,3428116.0,-87.39639493279972,-1.8898550672002727,ols
168274,3428116.0,-87.39639493279972,-0.6736050672002705,ols
168302,3428116.0,-87.39639493279972,-2.245480067200276,ols
168331,3428116.0,-87.39639493279972,-2.3073550672002767,ols
168344,3428116.0,-87.39639493279972,-1.1473550672002801,ols
168371,3428116.0,-87.39639493279972,-0.9161050672002773,ols
168381,3428116.0,-87.39639493279972,-1.8011050672002824,ols
168404,3428116.0,-87.38884496014435,-4.32553003985565,ols
168480,3428116.0,-86.0132051854288,-2.3374198145711915,ols
168514,3428116.0,-84.71248585547752,1.2362358554775312,ols
168532,3428116.0,-84.05104903539542,1.3066740353954174,ols
168549,3428116.0,-83.17978991472307,-3.3033350852769274,ols
168550,3428116.0,-82.95007250289859,-3.2530524971014074,ols
168560,3428116.0,-82.49496298327726,-0.15503701672274417,ols
168565,3428116.0,-82.27254452199941,2.888794521999401,ols
168566,3428116.0,-82.05619564658176,5.376195646581749,ols
168583,3428116.0,-81.29534763497179,-8.54840236502821,ols
168596,3428116.0,-80.73680413361835,-5.465070866381652,ols
168599,3428116.0,-80.5407043749729,-3.6436706250270987,ols
168615,3428116.0,-79.88408203020725,-2.0527929697927476,ols
168643,3428116.0,-78.50200579116488,3.41513079116487,ols
168651,3428116.0,-77.97624320262796,6.738118202627959,ols
168656,3428116.0,-77.68692413113706,6.9412991311370575,ols
168686,3428116.0,-73.89121882478463,-0.39128117521536865,ols
168751,3428116.0,-74.39467262796475,8.632797627964749,ols
168794,3428116.0,-80.94802958343186,-1.426970416568139,ols
168803,3428116.0,-81.75095919881062,5.137209198810623,ols
177490,3428116.0,-85.62460365169659,3.480228651696592,ols
177495,3428116.0,-85.38039132220811,2.7928913222081064,ols
177504,3428116.0,-84.7485364921721,4.464786492172095,ols
177512,3428116.0,-84.19731768722258,0.0810676872225855,ols
177515,3428116.0,-84.0456424053609,1.2450174053608976,ols
177517,3428116.0,-83.88874071446581,0.00749071446581695,ols
177536,3428116.0,-81.87780260129941,-1.7878223987005981,ols
177542,3428116.0,-81.10407522457146,-1.0715497754285366,ols
177547,3428116.0,-80.5207191532381,-3.296780846761891,ols
177553,3428116.0,-79.55324132734398,0.22011632734398745,ols
177561,3428116.0,-77.92796972017675,-5.417655279823251,ols
177568,3428116.0,-75.20631721604205,2.2788172160420572,ols
177572,3428116.0,-72.97241354213,0.17491354212999966,ols
177576,3428116.0,-69.69130355870743,-1.3655714412925732,ols
177595,3428116.0,-75.19479594489702,6.687295944897031,ols
177606,3428116.0,-80.01742626166615,-0.876323738333852,ols
193081,3428116.0,-79.14978443394546,-2.159590566054547,ols
193089,3428116.0,-80.4059441213621,0.16656912136210167,ols
193092,3428116.0,-80.74512004552861,3.1532450455286067,ols
193105,3428116.0,-81.52946758839582,3.6582175883958143,ols
193114,3428116.0,-82.188207529925,8.175707529924992,ols
199917,3428116.0,-86.14164483107066,-8.13114162726265,ols
199919,3428116.0,-85.96981697940167,-4.000808020598328,ols
199921,3428116.0,-85.78426014932356,-0.4132398506764474,ols
199923,3428116.0,-85.58736226910158,2.1911122691015805,ols
199929,3428116.0,-84.96037340609664,-1.0765015939033589,ols
199943,3428116.0,-83.30566784756283,-2.282457152437175,ols
199956,3428116.0,-81.34861581374062,-5.473884186259383,ols
199960,3428116.0,-80.76725504634857,-1.0577449536514365,ols
199967,3428116.0,-80.01068728351595,-5.923062716484054,ols
199975,3428116.0,-78.91622445291787,-1.9962755470821207,ols
199977,3428116.0,-78.57578054527897,1.2389055452789677,ols
199984,3428116.0,-76.8249528284883,3.0568278284883093,ols
199994,3428116.0,-72.25763774217147,-2.7373622578285364,ols
200001,3428116.0,-67.42800455221476,-11.226995447785242,ols
200008,3428116.0,-67.24681164495024,0.03618664495024859,ols
200030,3428116.0,-78.21354276942945,1.6716677694294475,ols
200043,3428116.0,-81.033956382195,-0.7479186178049986,ols
206112,3428116.0,-84.54043916402144,3.1210641640214334,ols
206118,3428116.0,-83.82414435848177,-4.268355641518227,ols
206122,3428116.0,-83.29482884163644,-3.565796158363554,ols
206127,3428116.0,-82.70743067070583,-3.78944432929417,ols
206144,3428116.0,-79.00830451157745,4.963304511577448,ols
206149,3428116.0,-77.70980576181893,2.117305761818926,ols
206156,3428116.0,-73.47770817410759,-4.6910418258924125,ols
206160,3428116.0,-69.46071722419882,-1.7955327758011776,ols
206167,3428116.0,-66.4167265865766,-1.8020234134233988,ols
206169,3428116.0,-69.13626793041212,-0.5793570695878856,ols
206174,3428116.0,-74.80623302995076,5.8756080299507545,ols
206177,3428116.0,-76.06124059025292,6.254990590252916,ols
206182,3428116.0,-78.88915268395922,-1.1395973160407777,ols
126963,3428117.0,-82.52350212222807,2.3560021222280625,ols
126992,3428117.0,-85.963588523057,6.594838523056993,ols
127019,3428117.0,-101.35213729939066,-0.6616127006093393,ols
127024,3428117.0,-102.76840992447171,-2.4522150755282865,ols
127041,3428117.0,-107.48322020261595,-3.0086547973840396,ols
141281,3428117.0,-89.04521808980033,6.334593089800336,ols
141291,3428117.0,-87.88832558242002,3.4952005824200256,ols
141311,3428117.0,-85.25719286754027,2.308442867540265,ols
141339,3428117.0,-81.1001335421308,0.8594157203486219,ols
141359,3428117.0,-71.8929911746384,-7.494508825361606,ols
141373,3428117.0,-72.77201556460977,-6.003609435390231,ols
141410,3428117.0,-84.22027977493285,4.855279774932853,ols
141502,3428117.0,-103.7190753133123,-1.004674686687693,ols
155443,3428117.0,-71.91413089866369,-7.494619101336312,ols
155457,3428117.0,-75.85773382359625,-3.2572661764037463,ols
155484,3428117.0,-89.55029009464864,9.749665094648648,ols
155489,3428117.0,-90.34066689627568,10.759416896275681,ols
155493,3428117.0,-91.04629221847122,11.781292218471222,ols
155525,3428117.0,-95.69719445916266,4.410944459162664,ols
155539,3428117.0,-97.50718148187539,1.3140564818753973,ols
155553,3428117.0,-98.7449738020813,-1.8825261979186934,ols
155583,3428117.0,-101.0045688305178,0.0739438305177913,ols
155606,3428117.0,-102.28080374627079,-2.657321253729208,ols
155627,3428117.0,-103.4525251700837,-0.23372482991629795,ols
155645,3428117.0,-104.33599379075419,-1.436506209245806,ols
155664,3428117.0,-105.3797509986382,-2.9602490013618024,ols
155671,3428117.0,-105.78256125510065,-5.435563744899355,ols
155695,3428117.0,-106.9371723907221,-3.8247026092779066,ols
155698,3428117.0,-107.11651191353238,-3.8353630864676234,ols
168855,3428117.0,-88.02981507377645,6.4816900737764485,ols
168897,3428117.0,-107.12436338776743,-4.371261612232573,ols
177625,3428117.0,-82.38734570771054,-0.09640429228946346,ols
177630,3428117.0,-71.28253164581251,-10.360593354187486,ols
177634,3428117.0,-79.22268309740603,-2.527941902593966,ols
177653,3428117.0,-103.19827073178925,-4.049229268210752,ols
177654,3428117.0,-104.63077961302427,-3.057345386975726,ols
177660,3428117.0,-108.47662427667937,-3.3871257233206222,ols
177664,3428117.0,-111.04445633230185,-2.625543667698153,ols
177666,3428117.0,-111.13852588209907,-2.2160659546356243,ols
193128,3428117.0,-87.92127214600254,3.3756471460025352,ols
193151,3428117.0,-76.2318195356403,-4.922555464359704,ols
193155,3428117.0,-82.49165180221799,1.1410268022179935,ols
193161,3428117.0,-90.13937287381194,8.30249787381193,ols
193165,3428117.0,-94.11365580467049,4.961780804670482,ols
193167,3428117.0,-95.88231148188174,1.112311481881747,ols
193173,3428117.0,-100.26667839344692,-2.6914466065530718,ols
193176,3428117.0,-102.68091783610913,-4.2547071638908704,ols
193182,3428117.0,-105.78244274228202,-3.4275572577179787,ols
200061,3428117.0,-86.44621716287496,2.0749671628749553,ols
200062,3428117.0,-85.09173415861346,1.681734158613466,ols
200067,3428117.0,-83.12516207426978,0.9770370742697878,ols
200076,3428117.0,-79.57090338678142,-3.1547216132185696,ols
200080,3428117.0,-79.43624319659925,-2.253756803400748,ols
200082,3428117.0,-79.40606687015249,-2.703462832817806,ols
200086,3428117.0,-74.9109052872592,-6.6884697127407975,ols
200088,3428117.0,-72.10283293414669,-8.792792065853305,ols
200092,3428117.0,-74.98469433096629,-5.603058194286234,ols
200096,3428117.0,-85.51878028648824,4.124405286488241,ols
200097,3428117.0,-87.64892968876282,6.186429688762814,ols
200102,3428117.0,-95.51800307737568,4.3905030773756835,ols
200106,3428117.0,-99.74871811957128,-4.886281880428726,ols
200112,3428117.0,-104.42224149452103,-7.955258505478966,ols
200114,3428117.0,-105.64954543027713,-4.745454569722867,ols
200116,3428117.0,-106.879575160862,-8.84515888169119,ols
206200,3428117.0,-84.36612461237439,0.9686246123743985,ols
206219,3428117.0,-95.44693982849736,0.6206898284973619,ols
206225,3428117.0,-101.94378291825709,-5.01934208174292,ols
206236,3428117.0,-110.36909622116706,-0.15465377883295162,ols
206239,3428117.0,-111.16713191369884,1.4790069136988393,ols
603,3430149.0,-101.32079421452883,3.008919214528831,ols
642,3430149.0,-101.19188964132258,0.8756396413225787,ols
664,3430149.0,-101.12322523332676,3.8288502333267616,ols
696,3430149.0,-101.07625485845898,2.8631298584589757,ols
729,3430149.0,-101.07655187860009,3.2815518786000837,ols
778,3430149.0,-101.00060794777879,6.569982947778783,ols
794,3430149.0,-100.72380613390106,4.286931133901064,ols
805,3430149.0,-100.41433860859327,1.1393386085932633,ols
819,3430149.0,-100.18850935338236,1.9435093533823533,ols
920,3430149.0,-100.10561616300681,-3.46750883699319,ols
931,3430149.0,-100.10561616300681,-2.435008836993191,ols
940,3430149.0,-100.10561616300681,1.726866163006818,ols
946,3430149.0,-100.10396123326687,3.2977112332668668,ols
949,3430149.0,-100.10396123326687,1.0733362332668719,ols
971,3430149.0,-100.09770068464806,-1.0754243153519383,ols
984,3430149.0,-100.09569164330439,-1.6399333566956074,ols
1015,3430149.0,-100.42545843562752,-2.446416564372484,ols
1030,3430149.0,-100.76738932287755,-2.3401106771224534,ols
1044,3430149.0,-101.06791227814553,-2.1683377218544706,ols
1076,3430149.0,-101.24005387816868,-0.6174461218313212,ols
1086,3430149.0,-101.16520986134921,-3.9879151386507914,ols
1092,3430149.0,-101.05900384194281,-2.2428711580571843,ols
1097,3430149.0,-100.9931716041002,-2.155578395899809,ols
1104,3430149.0,-100.83878978501981,-0.9243352149801893,ols
1154,3430149.0,-100.4474538249571,-2.696296175042903,ols
1172,3430149.0,-100.4474538249571,-3.9881711750429076,ols
1181,3430149.0,-100.43920446994338,-1.9345455300566243,ols
49092,3430149.0,-101.5634799047546,2.5541049047545954,ols
49107,3430149.0,-101.50092139255474,0.06467139255474308,ols
49112,3430149.0,-101.48895458837849,-1.2072954116215158,ols
49125,3430149.0,-101.46717238868791,-3.543452611312091,ols
49129,3430149.0,-101.46564465005461,-4.049980349945386,ols
49131,3430149.0,-101.46615413715796,-3.6400958628420454,ols
49137,3430149.0,-101.4666636242613,-3.588336375738706,ols
49153,3430149.0,-101.4666636242613,-3.7083363757386962,ols
49158,3430149.0,-101.4666636242613,-3.726461375738694,ols
49181,3430149.0,-101.4666636242613,-3.3364613757386934,ols
49188,3430149.0,-101.4666636242613,-3.9014613757387053,ols
49223,3430149.0,-101.46717238868791,-3.766577611312087,ols
49233,3430149.0,-101.46717238868791,-3.64907761131208,ols
49241,3430149.0,-101.46717238868791,-2.9565776113120847,ols
49245,3430149.0,-101.46717238868791,-2.782202611312087,ols
49271,3430149.0,-101.41171128477448,-1.9032887152255142,ols
49287,3430149.0,-101.24208026375418,0.19145526375417887,ols
49306,3430149.0,-100.91044462937539,-0.29080537062461076,ols
49315,3430149.0,-100.5269301996949,-1.4968198003051043,ols
67955,3430149.0,-101.4237799863714,-1.5349700136285946,ols
67958,3430149.0,-101.34530957765891,-0.9078154223410877,ols
68035,3430149.0,-101.31824099759818,-2.923634002401812,ols
68039,3430149.0,-101.3739564837249,-3.579793516275103,ols
68043,3430149.0,-101.425915496145,-2.955334503854999,ols
80495,3430149.0,-101.5671402624545,2.562765262454505,ols
80498,3430149.0,-101.53792677782253,0.1479267778225335,ols
80510,3430149.0,-101.46745423261741,-1.5931707673825883,ols
80527,3430149.0,-101.426644676978,-1.0721053230220008,ols
80595,3430149.0,-101.42556572060171,-1.1231842793982878,ols
80608,3430149.0,-101.42610556012822,-0.4474063446336771,ols
80611,3430149.0,-101.42610556012822,-0.8759777732050935,ols
80633,3430149.0,-101.42610556012822,-0.6198503222247211,ols
80644,3430149.0,-101.42610556012822,-2.018747381048243,ols
80649,3430149.0,-101.42556572060171,-2.6299898349538466,ols
80658,3430149.0,-101.36170422223543,-0.025795777764571426,ols
80662,3430149.0,-101.32617526555222,0.17438955126650058,ols
80673,3430149.0,-101.21997069149931,0.1748318026104272,ols
67937,3430163.0,-115.24060367194576,21.162478671945763,ols
80482,3430163.0,-115.24060367194576,21.46747867194577,ols
130514,3430163.0,-115.24060367194576,21.475603671945763,ols
130526,3430163.0,-115.24060367194576,20.89122867194577,ols
130536,3430163.0,-115.24060367194576,21.553728671945763,ols
130540,3430163.0,-115.24060367194576,17.944353671945763,ols
130572,3430163.0,-115.24060367194576,12.083103671945764,ols
130579,3430163.0,-115.24060367194576,14.520603671945764,ols
130583,3430163.0,-115.24060367194576,14.27622867194576,ols
130602,3430163.0,-115.24060367194576,14.466853671945756,ols
130621,3430163.0,-115.24060367194576,20.520603671945764,ols
130641,3430163.0,-115.24060367194576,27.48372867194577,ols
145476,3430163.0,-115.24060367194576,21.204978671945767,ols
145480,3430163.0,-115.24060367194576,21.128728671945765,ols
145496,3430163.0,-115.24060367194576,12.536228671945764,ols
145502,3430163.0,-115.24060367194576,12.425603671945765,ols
145525,3430163.0,-115.24060367194576,11.787478671945763,ols
145582,3430163.0,-115.24060367194576,11.919353671945757,ols
145602,3430163.0,-115.24060367194576,12.02435367194576,ols
145608,3430163.0,-115.24060367194576,11.988728671945765,ols
145616,3430163.0,-115.24060367194576,11.83747867194576,ols
145633,3430163.0,-115.24060367194576,11.594978671945768,ols
145635,3430163.0,-115.24060367194576,11.551228671945765,ols
145646,3430163.0,-115.24060367194576,11.519978671945765,ols
145651,3430163.0,-115.24060367194576,11.584978671945763,ols
145655,3430163.0,-115.24060367194576,11.63997867194577,ols
145690,3430163.0,-115.24060367194576,12.710603671945762,ols
145729,3430163.0,-115.24060367194576,20.579978671945767,ols
145732,3430163.0,-115.24060367194576,23.191228671945765,ols
145735,3430163.0,-115.24060367194576,22.07060367194576,ols
145739,3430163.0,-115.24060367194576,22.059978671945757,ols
145756,3430163.0,-115.24060367194576,17.57747867194577,ols
145761,3430163.0,-115.24060367194576,16.122478671945757,ols
145774,3430163.0,-115.24060367194576,11.387478671945757,ols
159288,3430163.0,-115.24060367194576,20.788103671945763,ols
159326,3430163.0,-115.24060367194576,12.922478671945768,ols
159348,3430163.0,-115.24060367194576,11.661228671945764,ols
159351,3430163.0,-115.24060367194576,11.520603671945764,ols
159409,3430163.0,-115.24060367194576,11.044353671945757,ols
159420,3430163.0,-115.24060367194576,11.232478671945756,ols
159429,3430163.0,-115.24060367194576,11.286228671945764,ols
159438,3430163.0,-115.24060367194576,13.699978671945757,ols
159449,3430163.0,-115.24060367194576,11.598103671945765,ols
159470,3430163.0,-115.24060367194576,12.363103671945765,ols
159509,3430163.0,-115.24060367194576,16.518103671945767,ols
159544,3430163.0,-115.24060367194576,17.68685367194577,ols
159564,3430163.0,-115.24060367194576,11.491228671945763,ols
160886,3430163.0,-115.24060367194576,12.880603671945764,ols
160950,3430163.0,-115.24060367194576,12.374978671945769,ols
160957,3430163.0,-115.24060367194576,14.129353671945765,ols
160958,3430163.0,-115.24060367194576,15.02497867194576,ols
160963,3430163.0,-115.24060367194576,16.449353671945758,ols
160979,3430163.0,-115.24060367194576,22.944978671945762,ols
161005,3430163.0,-115.24060367194576,17.91435367194576,ols
161008,3430163.0,-115.24060367194576,15.13935367194577,ols
161012,3430163.0,-115.24060367194576,12.99372867194576,ols
161016,3430163.0,-115.24060367194576,11.81122867194577,ols
172210,3430163.0,-115.24060367194576,29.91435367194576,ols
172227,3430163.0,-115.24060367194576,19.144353671945765,ols
172232,3430163.0,-115.24060367194576,17.887478671945757,ols
172240,3430163.0,-115.24060367194576,19.003728671945765,ols
172242,3430163.0,-115.24060367194576,19.97997867194576,ols
172277,3430163.0,-115.24060367194576,13.499978671945769,ols
172285,3430163.0,-115.24060367194576,12.741853671945762,ols
172303,3430163.0,-115.24060367194576,12.364978671945764,ols
172338,3430163.0,-115.24060367194576,11.966853671945756,ols
172344,3430163.0,-115.24060367194576,13.972478671945765,ols
172350,3430163.0,-115.24060367194576,17.207478671945765,ols
172355,3430163.0,-115.24060367194576,18.86747867194576,ols
172376,3430163.0,-115.24060367194576,26.091853671945756,ols
172379,3430163.0,-115.24060367194576,18.113728671945765,ols
172393,3430163.0,-115.24060367194576,12.53997867194576,ols
172396,3430163.0,-115.24060367194576,11.35310367194576,ols
172405,3430163.0,-115.24060367194576,8.995603671945759,ols
172407,3430163.0,-115.24060367194576,9.59310367194577,ols
178856,3430163.0,-115.24060367194576,17.42185367194577,ols
178859,3430163.0,-115.24060367194576,16.81247867194577,ols
178864,3430163.0,-115.24060367194576,16.864978671945764,ols
178869,3430163.0,-115.24060367194576,16.803103671945763,ols
178874,3430163.0,-115.24060367194576,16.957478671945765,ols
178880,3430163.0,-115.24060367194576,16.96810367194577,ols
178885,3430163.0,-115.24060367194576,16.691228671945765,ols
178907,3430163.0,-115.24060367194576,13.324978671945757,ols
178911,3430163.0,-115.24060367194576,14.390603671945769,ols
178914,3430163.0,-115.24060367194576,12.519353671945765,ols
178918,3430163.0,-115.24060367194576,15.064978671945767,ols
178934,3430163.0,-115.24060367194576,20.41560367194576,ols
178942,3430163.0,-115.24060367194576,11.908728671945767,ols
178947,3430163.0,-115.24060367194576,9.656853671945768,ols
178949,3430163.0,-115.24060367194576,9.82247867194576,ols
194753,3430163.0,-115.24060367194576,28.96185367194576,ols
194764,3430163.0,-115.24060367194576,12.558728671945758,ols
194785,3430163.0,-115.24060367194576,12.341853671945756,ols
194787,3430163.0,-115.24060367194576,12.30685367194576,ols
194817,3430163.0,-115.24060367194576,12.362478671945766,ols
194818,3430163.0,-115.24060367194576,12.605603671945758,ols
194826,3430163.0,-115.24060367194576,12.464978671945758,ols
194828,3430163.0,-115.24060367194576,12.454978671945767,ols
194848,3430163.0,-115.24060367194576,12.67060367194577,ols
194861,3430163.0,-115.24060367194576,12.221228671945767,ols
194877,3430163.0,-115.24060367194576,14.236228671945767,ols
194881,3430163.0,-115.24060367194576,14.140603671945769,ols
194885,3430163.0,-115.24060367194576,17.879353671945765,ols
194892,3430163.0,-115.24060367194576,21.28060367194577,ols
194897,3430163.0,-115.24060367194576,27.06310367194577,ols
194901,3430163.0,-115.24060367194576,17.725603671945763,ols
194907,3430163.0,-115.24060367194576,13.163103671945763,ols
194909,3430163.0,-115.24060367194576,11.959353671945763,ols
194913,3430163.0,-115.24060367194576,11.017478671945767,ols
194914,3430163.0,-115.24060367194576,9.032478671945768,ols
16115,3499534.0,-89.09267402773811,10.99743593250001,ols
16130,3499534.0,-88.18868168768495,-7.880068312315046,ols
16140,3499534.0,-88.25884018480978,-17.473034815190218,ols
16145,3499534.0,-88.41428926719789,-18.41315638497602,ols
16157,3499534.0,-89.0315529436213,-19.232439593692135,ols
29282,3499534.0,-91.44762442089288,-3.294875579107128,ols
29290,3499534.0,-90.73451256407182,9.013887564071823,ols
29323,3499534.0,-88.27874201870247,-7.033132981297527,ols
29338,3499534.0,-88.0761812370225,-16.9756937629775,ols
29375,3499534.0,-89.66290271130723,-20.159362913692775,ols
46060,3499534.0,-93.6827593585662,6.6627593585662055,ols
46071,3499534.0,-92.48379589950098,7.878795899500972,ols
46101,3499534.0,-88.96974150156639,12.228024634096514,ols
46128,3499534.0,-82.99980498526236,8.203554985262357,ols
46148,3499534.0,-75.00173631303142,-3.590763686968586,ols
46189,3499534.0,-86.39395327465292,10.380828274652913,ols
46226,3499534.0,-87.64323615676284,4.917611156762845,ols
46232,3499534.0,-87.7763218259436,3.7381968259436036,ols
46253,3499534.0,-87.80720662703354,4.425956627033543,ols
46258,3499534.0,-87.80720662703354,4.077831627033532,ols
46260,3499534.0,-87.80720662703354,4.164706627033539,ols
46278,3499534.0,-87.80720662703354,3.9128316270335404,ols
46282,3499534.0,-87.80720662703354,3.599706627033541,ols
46329,3499534.0,-87.80720662703354,2.8609566270335307,ols
46345,3499534.0,-87.80720662703354,3.3347066270335404,ols
46353,3499534.0,-87.80720662703354,3.753456627033543,ols
46370,3499534.0,-87.80720662703354,3.1940816270335404,ols
46446,3499534.0,-88.96124800693384,6.189998006933848,ols
46496,3499534.0,-88.9879767137701,7.095476713770097,ols
46500,3499534.0,-88.9879767137701,7.464851713770102,ols
46518,3499534.0,-88.9879767137701,5.519226713770095,ols
46520,3499534.0,-89.02432859186489,5.911828591864889,ols
46535,3499534.0,-89.24762800493828,3.243253004938282,ols
46539,3499534.0,-89.33724901726791,3.097249017267913,ols
46552,3499534.0,-89.58690755161471,0.2944075516147109,ols
46581,3499534.0,-90.39027499220347,2.177149992203468,ols
46608,3499534.0,-90.86489258800015,1.3448925880001497,ols
46611,3499534.0,-90.87063162419275,1.2012566241927516,ols
46629,3499534.0,-90.87063162419275,0.936256624192751,ols
46647,3499534.0,-90.87063162419275,1.659381624192747,ols
46690,3499534.0,-90.87063162419275,1.619381624192755,ols
46728,3499534.0,-90.87063162419275,0.34688162419274704,ols
46739,3499534.0,-90.93623654825103,4.774361548251036,ols
46744,3499534.0,-91.00670884443865,4.193583844438649,ols
46749,3499534.0,-91.08380578750715,3.132555787507144,ols
46763,3499534.0,-90.98387821929336,0.7357532192933576,ols
46790,3499534.0,-89.95493109244168,-2.071943907558321,ols
46806,3499534.0,-89.36575591879324,-0.11861908120675935,ols
46835,3499534.0,-88.9564782611796,-3.861021738820398,ols
46872,3499534.0,-89.44288075511176,-0.2739942448882431,ols
46875,3499534.0,-89.45016089336822,-5.522964106631775,ols
46890,3499534.0,-89.60325996944175,-8.244240030558245,ols
46894,3499534.0,-89.67511995481809,-5.854255045181915,ols
46899,3499534.0,-89.69170946527032,-5.303290534729683,ols
46946,3499534.0,-89.69530072121103,-6.50094927878898,ols
46950,3499534.0,-89.69530072121103,-6.014074278788968,ols
46966,3499534.0,-89.69530072121103,-5.55844927878897,ols
46974,3499534.0,-89.69530072121103,-5.3315742787889775,ols
46996,3499534.0,-89.69530072121103,-5.352824278788972,ols
47021,3499534.0,-89.69530072121103,-5.170949278788967,ols
47030,3499534.0,-89.69530072121103,-5.798449278788979,ols
47070,3499534.0,-89.69530072121103,-9.731574278788969,ols
47076,3499534.0,-89.77662349165827,-8.774626508341726,ols
47095,3499534.0,-90.40033050883741,-8.857794491162593,ols
47122,3499534.0,-90.55075880622105,-11.669241193778944,ols
47125,3499534.0,-90.57401480342922,-11.202235196570783,ols
47173,3499534.0,-90.5988676892013,-9.525507310798702,ols
47191,3499534.0,-90.61367203165196,-9.643827968348035,ols
47199,3499534.0,-90.6204849579705,-9.7038900420295,ols
47208,3499534.0,-90.62447369272405,-9.652401307275952,ols
47219,3499534.0,-90.63245813554364,-8.683791864456353,ols
47225,3499534.0,-90.63643292367217,-8.782942076327828,ols
47301,3499534.0,-91.10390984746252,-5.417965152537477,ols
47326,3499534.0,-91.98765168799767,-7.8430774786690165,ols
65324,3499534.0,-96.23804604671147,6.236171046711476,ols
65331,3499534.0,-96.01874931501663,8.363124315016634,ols
65362,3499534.0,-93.9016865046982,4.194186504698209,ols
65411,3499534.0,-88.05848994319427,13.057864943194275,ols
65416,3499534.0,-86.38709850845933,9.277098508459332,ols
65420,3499534.0,-85.20496165247155,8.216211652471557,ols
65447,3499534.0,-75.61567371938938,-2.805576280610623,ols
65452,3499534.0,-80.33143208820412,3.0264320882041176,ols
65474,3499534.0,-86.41736965804873,9.709869658048731,ols
65494,3499534.0,-87.33770046930388,6.252700469303889,ols
65520,3499534.0,-87.32605503741854,6.681680037418545,ols
65535,3499534.0,-87.32605503741854,6.877930037418537,ols
65546,3499534.0,-87.32605503741854,5.4429300374185345,ols
65548,3499534.0,-87.32605503741854,5.753555037418536,ols
65571,3499534.0,-88.36793068565672,4.644180685656721,ols
65587,3499534.0,-89.33213060588835,2.239630605888351,ols
65591,3499534.0,-89.4958360902838,1.1808360902838047,ols
65593,3499534.0,-89.64610400147981,1.2736040014798107,ols
65599,3499534.0,-89.7937638937985,1.1968888937985014,ols
65611,3499534.0,-90.04727866996123,-0.6720963300387695,ols
65614,3499534.0,-90.08622462030834,-1.690650379691661,ols
65618,3499534.0,-90.12719980459474,-0.9634251954052644,ols
65658,3499534.0,-90.1795972747663,-1.8754027252337124,ols
65666,3499534.0,-90.1795972747663,-1.6497777252337045,ols
65702,3499534.0,-90.22757366480892,-1.3999263351910827,ols
65711,3499534.0,-90.3483165708537,-0.430433429146305,ols
65751,3499534.0,-91.0845379853203,1.6664129853202923,ols
65767,3499534.0,-90.51459520756393,0.9689702075639275,ols
65806,3499534.0,-88.98430177807933,-2.6488232219206793,ols
65822,3499534.0,-88.76644154876077,-2.7485584512392336,ols
65839,3499534.0,-88.70983917114799,-3.1639108288520106,ols
65840,3499534.0,-88.70983917114799,-2.9057858288520038,ols
65863,3499534.0,-88.70983917114799,-3.281410828852003,ols
65874,3499534.0,-88.70983917114799,-3.2232858288520134,ols
65894,3499534.0,-88.70983917114799,-3.8132858288520026,ols
65947,3499534.0,-89.23828376617999,-0.8479662338200171,ols
65960,3499534.0,-89.40709371532995,-3.558531284670053,ols
65978,3499534.0,-89.43283221179033,-0.16716778820966738,ols
65981,3499534.0,-89.43467316629196,-1.0703268337080374,ols
65994,3499534.0,-89.43467316629196,-1.635326833708035,ols
66011,3499534.0,-89.45352202999621,-1.7546029700037877,ols
66016,3499534.0,-89.57553407891712,-6.601965921082879,ols
66021,3499534.0,-89.66831400181204,-8.74356099818796,ols
66027,3499534.0,-89.77177006615396,-9.284479933846043,ols
66051,3499534.0,-90.14756187711285,-3.8636881228871545,ols
66064,3499534.0,-90.14895653961408,-4.163543460385924,ols
66069,3499534.0,-90.14895653961408,-4.10541846038592,ols
66079,3499534.0,-90.14895653961408,-4.301043460385927,ols
66090,3499534.0,-90.14895653961408,-4.804793460385923,ols
66094,3499534.0,-90.14895653961408,-4.507918460385923,ols
66136,3499534.0,-90.14895653961408,-4.419168460385919,ols
66151,3499534.0,-90.14895653961408,-4.518543460385928,ols
66167,3499534.0,-90.14895653961408,-4.354168460385921,ols
66232,3499534.0,-90.55805289110253,-10.445697108897463,ols
66254,3499534.0,-91.38026919539553,-7.645980804604477,ols
77612,3499534.0,-103.57305729929081,5.0249322992908105,ols
77618,3499534.0,-103.5496478892075,4.005272889207504,ols
77622,3499534.0,-103.54291166932651,3.160411669326521,ols
77626,3499534.0,-103.53968302563615,1.3896830256361454,ols
77682,3499534.0,-103.43495781841813,1.4080828184181229,ols
77691,3499534.0,-103.43005557972626,2.4425555797262604,ols
77713,3499534.0,-103.42813094547455,3.966880945474543,ols
77732,3499534.0,-103.42813094547455,1.200005945474544,ols
77737,3499534.0,-103.42813094547455,2.2968809454745553,ols
77994,3499534.0,-99.24961749207462,-2.623507507925382,ols
78001,3499534.0,-99.04949736977181,0.17637236977181203,ols
78002,3499534.0,-98.83106532882775,-0.9520596711722504,ols
78006,3499534.0,-98.61680332876239,7.813678328762393,ols
78013,3499534.0,-98.3990128325689,4.527762832568897,ols
78017,3499534.0,-98.17126444611654,4.729389446116542,ols
78057,3499534.0,-95.8819538435826,3.1507038435825905,ols
78072,3499534.0,-94.74604307619839,0.9235430761983849,ols
78093,3499534.0,-92.92481607564281,7.357941075642813,ols
78162,3499534.0,-79.31703129124037,1.9782812912403642,ols
78168,3499534.0,-81.20269169935321,3.5664416993532058,ols
78172,3499534.0,-82.58978118321058,5.032281183210571,ols
78176,3499534.0,-83.57381320420984,6.567563204209847,ols
78193,3499534.0,-84.92479487591012,8.502294875910124,ols
78209,3499534.0,-84.84099657952318,6.664746579523182,ols
78220,3499534.0,-84.81260125099794,6.48760125099794,ols
78229,3499534.0,-84.81260125099794,6.677601250997938,ols
78270,3499534.0,-84.81145065443442,6.5725617655455295,ols
78317,3499534.0,-85.12552167640096,9.522396676400959,ols
78330,3499534.0,-86.64873022037926,7.0774802203792575,ols
78351,3499534.0,-88.26128781749946,6.026287817499465,ols
78397,3499534.0,-88.37593604841382,6.98531104841382,ols
78406,3499534.0,-88.3746808521627,6.194055852162691,ols
78412,3499534.0,-88.3746808521627,6.126555852162696,ols
78457,3499534.0,-88.3746808521627,7.110930852162696,ols
78536,3499534.0,-90.06713169066637,-0.4253683093336349,ols
78564,3499534.0,-90.58171334043607,2.6510883404360612,ols
78610,3499534.0,-90.25211972483072,-1.0059447912983188,ols
78637,3499534.0,-89.10331530262258,-1.5704346973774221,ols
78639,3499534.0,-88.98720267608192,-1.6440473239180733,ols
78644,3499534.0,-88.87187803385444,-2.837496966145551,ols
78679,3499534.0,-89.18398258169424,-3.4460174183057575,ols
78682,3499534.0,-89.22575272360635,-2.2223722763936564,ols
78701,3499534.0,-89.40410913757731,-1.436515862422695,ols
90051,3499534.0,-99.30966468606547,0.14528968606546755,ols
90056,3499534.0,-99.11413300339174,-0.4521169966082539,ols
90073,3499534.0,-98.60108548237343,3.037335482373436,ols
90085,3499534.0,-98.18491819200368,0.8980431920036835,ols
90098,3499534.0,-97.82490001393381,-3.532599986066188,ols
90162,3499534.0,-97.26734183918845,7.112341839188446,ols
90194,3499534.0,-96.90986194687085,3.9267369468708466,ols
90200,3499534.0,-96.74853436204,5.470409362040002,ols
90259,3499534.0,-95.03849682939571,-1.1546281706042834,ols
90260,3499534.0,-94.93686777293043,2.513742772930428,ols
90273,3499534.0,-94.6772931881998,5.864793188199798,ols
90316,3499534.0,-93.67607195187276,4.9523219518727615,ols
90331,3499534.0,-93.1017499338625,9.826124933862488,ols
90334,3499534.0,-92.87585644853681,7.052731448536804,ols
90352,3499534.0,-91.55341654492437,16.71841654492438,ols
90420,3499534.0,-75.0606817236463,-6.6605682763537,ols
90424,3499534.0,-75.41877526746444,-6.032474732535562,ols
90432,3499534.0,-79.02593733398174,0.7284373339817449,ols
90454,3499534.0,-85.47104233777046,11.14916733777045,ols
90484,3499534.0,-87.95366013628865,2.9242851362886455,ols
90504,3499534.0,-87.98967032207064,4.5996703220706365,ols
90520,3499534.0,-87.98004017749957,4.175040177499568,ols
90552,3499534.0,-87.98967032207064,4.063420322070641,ols
90566,3499534.0,-87.98967032207064,3.0027953220706394,ols
90579,3499534.0,-87.98840117919451,4.319026179194509,ols
90603,3499534.0,-88.62493211807254,5.701182118072538,ols
90612,3499534.0,-89.06204026589839,3.625790265898388,ols
90656,3499534.0,-89.96730872214019,-1.3295662778598114,ols
90663,3499534.0,-89.96508423545072,-1.34991576454928,ols
90670,3499534.0,-89.96747608164033,-2.1081489183596744,ols
90703,3499534.0,-89.9743099278964,-1.525065072103601,ols
90706,3499534.0,-89.9743099278964,-1.8513150721036027,ols
90724,3499534.0,-89.99195240853709,-1.6367975914629085,ols
90736,3499534.0,-90.12272991127827,-0.9003950887217229,ols
90756,3499534.0,-90.35557578917265,3.4593257891726523,ols
90805,3499534.0,-90.9124366326674,2.4580616326673947,ols
90824,3499534.0,-90.81856887302149,0.8873188730214849,ols
90829,3499534.0,-90.6704347954524,-0.20769020454760323,ols
90845,3499534.0,-90.02725828975595,-0.9558667102440523,ols
90848,3499534.0,-89.91119447640284,-1.669430523597157,ols
90859,3499534.0,-89.73290082224443,-2.3577241777555713,ols
90867,3499534.0,-89.65160594504721,-2.0815190549527927,ols
90880,3499534.0,-89.6219902868334,-2.57613471316661,ols
90886,3499534.0,-89.6199889461441,-2.2500110538559,ols
90890,3499534.0,-89.57812815116941,-2.281246848830591,ols
90932,3499534.0,-88.80489239391993,-3.726982606080071,ols
90961,3499534.0,-89.38798683906299,-7.691388160937009,ols
90974,3499534.0,-89.71376605272744,-11.390608947272568,ols
91010,3499534.0,-89.84439014259348,-11.964396986119382,ols
91027,3499534.0,-89.84439014259348,-12.268109857406515,ols
91071,3499534.0,-90.54455255809054,-9.82669744190946,ols
91081,3499534.0,-90.95193347470249,-8.613691525297511,ols
91090,3499534.0,-91.26617882948167,-6.201946170518326,ols
91099,3499534.0,-91.6906443617338,-8.224128365538917,ols
102432,3499534.0,-96.21644969787978,6.852699697879785,ols
102440,3499534.0,-96.05807182423906,10.497446824239063,ols
102444,3499534.0,-95.9728997852884,5.935399785288411,ols
102468,3499534.0,-95.53125201102101,-0.49062298897898415,ols
102497,3499534.0,-94.95782955032405,1.3940795503240508,ols
102522,3499534.0,-93.94075797467043,4.259507974670427,ols
102601,3499534.0,-85.71910398355334,6.905978983553339,ols
102603,3499534.0,-84.56737077009257,5.846120770092568,ols
102616,3499534.0,-79.74841434949863,-0.8772106505013681,ols
102647,3499534.0,-83.50030751708204,6.92843251708203,ols
102721,3499534.0,-86.97541596466951,3.8491659646695098,ols
102730,3499534.0,-86.97541596466951,4.452915964669515,ols
102792,3499534.0,-87.6991063365625,3.1203563365624944,ols
102794,3499534.0,-87.9442601110303,4.1905101110303065,ols
102800,3499534.0,-88.18602485562009,4.406024855620089,ols
102803,3499534.0,-88.40766462031701,4.734539620317008,ols
102807,3499534.0,-88.60714319786923,4.311518197869233,ols
102849,3499534.0,-89.45290837849566,0.5791583784956629,ols
102856,3499534.0,-89.45099769086897,0.9284976908689799,ols
102883,3499534.0,-89.45099769086897,0.4266226908689674,ols
102902,3499534.0,-89.45099769086897,0.1409976908689714,ols
102908,3499534.0,-89.45099769086897,-0.12962730913102405,ols
102916,3499534.0,-89.45099769086897,0.35099769086897936,ols
102923,3499534.0,-89.52220218486973,-0.09529781513028013,ols
102927,3499534.0,-89.63846822428553,0.0728432242855348,ols
102942,3499534.0,-90.21605375254869,1.3591787525486865,ols
102960,3499534.0,-90.87305833694491,4.113683336944902,ols
102980,3499534.0,-91.0289327913959,0.959557791395909,ols
103002,3499534.0,-90.01457383430719,-1.5773011656928162,ols
103022,3499534.0,-89.43362019610353,-2.145754803896466,ols
103079,3499534.0,-88.99140061021063,-4.770474389789371,ols
115115,3499534.0,-97.44090758746765,4.686532587467653,ols
115159,3499534.0,-95.67774736015116,3.1546223601511656,ols
115168,3499534.0,-95.2545788640252,0.650203864025201,ols
115186,3499534.0,-93.56847373990217,6.490348739902174,ols
115209,3499534.0,-90.60619664064531,16.60432164064531,ols
115220,3499534.0,-89.37402626742558,17.351526267425584,ols
115253,3499534.0,-81.06330912897937,5.865809128979365,ols
115281,3499534.0,-78.02487648384235,-3.4419985161576534,ols
115296,3499534.0,-81.9866314912997,2.736631491299704,ols
115304,3499534.0,-84.30725924029898,8.307884240298975,ols
115306,3499534.0,-85.23691337037494,8.861913370374936,ols
115321,3499534.0,-86.8037539307045,9.331878930704505,ols
115374,3499534.0,-87.64776880989187,3.2577688098918713,ols
115412,3499534.0,-87.64912860583058,3.1441286058305877,ols
115416,3499534.0,-87.64912860583058,3.242878605830583,ols
115435,3499534.0,-87.64912860583058,3.6060036058305798,ols
115443,3499534.0,-87.64912860583058,2.1310036058305855,ols
115450,3499534.0,-87.64912860583058,-0.13212139416941682,ols
115457,3499534.0,-87.64912860583058,-0.28274639416942193,ols
115480,3499534.0,-87.64912860583058,1.2053786058305889,ols
115515,3499534.0,-88.96974150156639,4.144116501566387,ols
115529,3499534.0,-89.43315995747813,1.359409957478121,ols
115536,3499534.0,-89.55786370502642,1.0066137050264246,ols
115546,3499534.0,-89.99646414172858,-1.0985358582714184,ols
115552,3499534.0,-90.12177456746493,-0.4269754325350732,ols
115585,3499534.0,-90.42053916848036,-0.5700858315196342,ols
115597,3499534.0,-90.43840479512124,2.944654795121238,ols
115635,3499534.0,-91.10477453821328,2.196649538213279,ols
115652,3499534.0,-90.52172193294527,0.3804719329452695,ols
115653,3499534.0,-90.33801001496954,-0.4544899850304631,ols
115664,3499534.0,-89.97009804714267,-2.1717769528573285,ols
115672,3499534.0,-89.63417266378171,-1.8377023362182854,ols
115674,3499534.0,-89.52216034499469,-2.015339655005306,ols
115685,3499534.0,-89.26825506333161,-1.7329949366683906,ols
115702,3499534.0,-89.1250720376419,-3.564927962358098,ols
115706,3499534.0,-89.05926488752092,-3.088235112479069,ols
115722,3499534.0,-88.91928958558407,-4.182585414415939,ols
115779,3499534.0,-90.05403580977975,-6.74471419022025,ols
115785,3499534.0,-90.18492488552103,-10.253200114478972,ols
115834,3499534.0,-90.18824418227398,-11.31988081772603,ols
115856,3499534.0,-90.18824418227398,-10.772380817726017,ols
115858,3499534.0,-90.18824418227398,-11.423630817726021,ols
115894,3499534.0,-90.18824418227398,-12.33550581772603,ols
115900,3499534.0,-90.18824418227398,-8.921130817726024,ols
115931,3499534.0,-90.84430039616936,-9.794449603830643,ols
115939,3499534.0,-91.02055086976344,-8.961949130236562,ols
115958,3499534.0,-91.52232254445926,-6.22017745554075,ols
142903,3499534.0,-87.48568113399787,2.588181133997878,ols
142917,3499534.0,-88.61539262656407,5.719559293230745,ols
142949,3499534.0,-89.7776694885342,0.5214194885342067,ols
142955,3499534.0,-89.92818146566793,-1.5324435343320602,ols
142996,3499534.0,-90.16411652100254,-2.389633478997453,ols
143024,3499534.0,-90.16411652100254,-1.5990084789974617,ols
143031,3499534.0,-90.26924618034595,-0.7307538196540548,ols
143044,3499534.0,-90.7025329529184,1.2144079529184069,ols
143048,3499534.0,-90.83924474460235,4.086744744602356,ols
143103,3499534.0,-90.28905038786354,-2.022199612136461,ols
143111,3499534.0,-89.90004414970542,-2.3730808502945706,ols
143119,3499534.0,-89.55978136596562,-2.000843634034382,ols
143154,3499534.0,-88.99472688027609,-5.750273119723914,ols
143160,3499534.0,-89.02673438467953,-5.565140615320473,ols
143242,3499534.0,-89.38444439630985,-2.444305603690154,ols
143320,3499534.0,-90.45947117220246,-11.754903827797548,ols
143342,3499534.0,-90.98724632923386,-9.777753670766145,ols
143366,3499534.0,-91.28113658480746,-7.958863415192539,ols
143375,3499534.0,-91.56541064243504,-6.605214357564961,ols
156342,3499534.0,-103.5110157379232,3.7242889337994853,ols
206385,3499534.0,-97.41585944894541,5.052734448945415,ols
206394,3499534.0,-95.66232936619997,1.939829366199973,ols
206411,3499534.0,-91.76208594835977,9.645835948359775,ols
206417,3499534.0,-89.61043550801062,14.814810508010623,ols
206449,3499534.0,-85.6515325853683,10.994032585368302,ols
206465,3499534.0,-89.04812153413603,5.81374653413603,ols
206478,3499534.0,-89.79639980592584,-1.2129751940741613,ols
206506,3499534.0,-89.77453149790641,1.1220314979064057,ols
206515,3499534.0,-89.77453149790641,0.32265649790640794,ols
206519,3499534.0,-89.77652586528319,-1.182849134716804,ols
206552,3499534.0,-90.37855982719307,-0.6458151728069339,ols
206556,3499534.0,-89.99393282928884,-1.7298171707111578,ols
206595,3499534.0,-89.67854385125864,-7.530831148741356,ols
206597,3499534.0,-89.77352036759302,-7.823354632406975,ols
206599,3499534.0,-89.85531034997818,-10.211564650021813,ols
206603,3499534.0,-89.99173623584939,-10.123263764150607,ols
206606,3499534.0,-90.05854754297124,-12.20770245702876,ols
206628,3499534.0,-90.10098712288396,-12.81088787711603,ols
206634,3499534.0,-90.10098712288396,-12.56526287711604,ols
206643,3499534.0,-90.10098712288396,-9.680262877116036,ols
206661,3499534.0,-90.41827284191585,-11.614227158084148,ols
206662,3499534.0,-90.52034819038154,-11.478401809618461,ols
206667,3499534.0,-90.67396329158052,-12.646661708419487,ols
206672,3499534.0,-90.8745018126337,-13.5992481873663,ols
206678,3499534.0,-90.85022073848711,-13.517279261512897,ols
206680,3499534.0,-90.84544401942037,-13.531430980579628,ols
206695,3499534.0,-90.84833794411044,-14.148537055889562,ols
206702,3499534.0,-90.84927934129878,-13.765095658701213,ols
206705,3499534.0,-90.84927934129878,-14.110095658701212,ols
206710,3499534.0,-90.84927934129878,-13.993845658701218,ols
206722,3499534.0,-90.84927934129878,-13.110095658701212,ols
206725,3499534.0,-90.84927934129878,-13.005720658701222,ols
206727,3499534.0,-90.84927934129878,-12.838845658701217,ols
157269,3499539.0,-84.42078743523427,0.4401624352342708,ols
157294,3499539.0,-84.44031863823511,0.625943638235114,ols
157312,3499539.0,-84.44031863823511,0.610318638235114,ols
157315,3499539.0,-84.44031863823511,0.52094363823511,ols
157319,3499539.0,-84.44031863823511,0.449693638235118,ols
157322,3499539.0,-84.44031863823511,0.36344363823511117,ols
157330,3499539.0,-84.44031863823511,0.4165686382351055,ols
157341,3499539.0,-84.44031863823511,0.5078186382351078,ols
157344,3499539.0,-84.44031863823511,0.6890686382351134,ols
157453,3499539.0,-84.75227693456202,-3.1202230654379832,ols
157474,3499539.0,-87.54582973986683,-0.5647952601331667,ols
157491,3499539.0,-91.24640193234278,-2.2201822260730637,ols
157500,3499539.0,-92.72129247032055,0.7076205953205488,ols
78718,3499540.0,-90.25531393202624,-6.903436067973757,ols
78729,3499540.0,-90.44219017813066,-6.110309821869336,ols
78735,3499540.0,-90.65246412713617,-8.642535872863832,ols
78784,3499540.0,-90.91409959674249,-8.014025403257506,ols
78796,3499540.0,-90.91409959674249,-7.562775403257518,ols
78819,3499540.0,-90.91409959674249,-7.2534004032575154,ols
78852,3499540.0,-90.91409959674249,-7.732775403257506,ols
78864,3499540.0,-90.91409959674249,-7.244650403257509,ols
78877,3499540.0,-90.91409959674249,-7.528400403257507,ols
78884,3499540.0,-90.91409959674249,-8.43152540325751,ols
78895,3499540.0,-90.91409959674249,-7.475900403257512,ols
78911,3499540.0,-90.91409959674249,-6.377150403257517,ols
78951,3499540.0,-91.55032371015292,-8.746551289847076,ols
78958,3499540.0,-91.90681512508169,-4.686309874918308,ols
127553,3499540.0,-100.34103264141817,-4.403342358581838,ols
127582,3499540.0,-99.16182622379668,0.6674512237966752,ols
127591,3499540.0,-98.88042849300791,1.600428493007911,ols
127620,3499540.0,-97.81248840462682,1.0143634046268204,ols
127624,3499540.0,-97.61887204957605,4.605122049576053,ols
127637,3499540.0,-96.96757539480019,1.1425753948001898,ols
127667,3499540.0,-95.20687280340053,0.9543728034005312,ols
127681,3499540.0,-94.40879882467672,2.8906738246767247,ols
127689,3499540.0,-93.79709213021673,7.882092130216719,ols
127693,3499540.0,-93.44420707347282,8.439832073472829,ols
127721,3499540.0,-89.76450021647753,13.475750216477536,ols
127730,3499540.0,-87.80208877676145,8.697088776761447,ols
127744,3499540.0,-85.19051105111663,5.941136051116629,ols
127750,3499540.0,-82.65646275556328,3.060837755563284,ols
127756,3499540.0,-81.07320607444993,-0.1549189255500778,ols
127790,3499540.0,-83.54844746476272,6.489072464762714,ols
127857,3499540.0,-87.35983002080677,4.074830020806772,ols
127924,3499540.0,-87.35983002080677,4.597330020806766,ols
127927,3499540.0,-87.35983002080677,5.052330020806764,ols
127937,3499540.0,-87.41090070607007,4.676525706070066,ols
127946,3499540.0,-88.1220803568352,5.300205356835193,ols
127951,3499540.0,-88.36833790797172,6.386462907971719,ols
127960,3499540.0,-88.86330329796309,5.088928297963079,ols
127979,3499540.0,-89.67341058877557,0.5784105887755686,ols
127987,3499540.0,-90.01861032172629,0.8629853217262848,ols
127998,3499540.0,-90.30744616627138,1.877446166271369,ols
128037,3499540.0,-90.34219371821803,2.5159437182180255,ols
128056,3499540.0,-90.54669458577436,6.474194585774356,ols
128077,3499540.0,-91.13728663473256,5.472911634732554,ols
128133,3499540.0,-89.29547006770686,-1.0920299322931442,ols
128138,3499540.0,-89.28851910314084,-1.4527308968591512,ols
128165,3499540.0,-89.71300054909143,3.339875549091431,ols
128181,3499540.0,-89.66804467679887,2.2949196767988695,ols
128186,3499540.0,-89.66804467679887,2.2180446767988684,ols
128253,3499540.0,-90.15048960551128,-4.888260394488711,ols
128256,3499540.0,-90.2256632693691,-5.868086730630907,ols
128288,3499540.0,-90.57031768606203,-8.88718231393797,ols
128291,3499540.0,-90.57031768606203,-8.10530731393797,ols
128342,3499540.0,-90.56937247121519,-7.438752528784818,ols
128359,3499540.0,-90.56937247121519,-6.3206275287848115,ols
128392,3499540.0,-90.91996719967635,-6.2950328003236535,ols
128410,3499540.0,-91.10722880260295,-8.44339619739705,ols
128432,3499540.0,-91.11278375754901,-8.287216242450995,ols
128447,3499540.0,-91.1134672205921,-8.104657779407901,ols
128450,3499540.0,-91.1134672205921,-8.337157779407903,ols
128492,3499540.0,-91.12115981526873,-8.736262059731274,ols
128608,3499540.0,-91.77216563470711,-8.519084365292898,ols
128621,3499540.0,-92.1568971609062,-4.838727839093806,ols
128624,3499540.0,-92.30325277361479,-2.919872226385209,ols
142610,3499540.0,-100.5435049324955,-6.874764298273746,ols
142689,3499540.0,-99.08681979025792,2.1118197902579254,ols
142723,3499540.0,-97.65899278438286,-0.8357988822838252,ols
142753,3499540.0,-95.84996790165918,4.59699171118298,ols
142762,3499540.0,-94.93867172605039,7.24804672605039,ols
142792,3499540.0,-92.04404577907653,15.419045779076527,ols
142817,3499540.0,-87.39469390688842,5.491916129110649,ols
142851,3499540.0,-75.29197396493349,-2.18813967143015,ols
142860,3499540.0,-77.65432034811597,-0.3144296518840264,ols
142873,3499540.0,-81.99636833182834,4.505983716443723,ols
156719,3499540.0,-101.16242434332526,-1.4132006566747464,ols
156766,3499540.0,-99.49660678078183,-1.5833932192181663,ols
156804,3499540.0,-98.02836093387901,7.592110933879013,ols
156813,3499540.0,-97.68151798127147,4.963392981271468,ols
156837,3499540.0,-96.31555892256404,6.704308922564039,ols
156866,3499540.0,-93.54860241786498,7.102977417864977,ols
156880,3499540.0,-92.1609543138642,16.472204313864196,ols
156893,3499540.0,-90.62761224754762,15.44761224754761,ols
156896,3499540.0,-90.07026267766457,11.689012677664579,ols
156932,3499540.0,-82.22429598581951,2.6436709858195115,ols
156938,3499540.0,-78.61719617082869,-1.949053829171305,ols
156942,3499540.0,-76.74156272493629,-2.3446872750637198,ols
156951,3499540.0,-76.39210225429133,-1.3053977457086745,ols
156974,3499540.0,-83.79298908740805,7.257989087408049,ols
156987,3499540.0,-85.59216192307423,10.079661923074227,ols
156995,3499540.0,-86.31836321902074,10.403363219020733,ols
157045,3499540.0,-86.88706990883279,10.206444908832779,ols
157081,3499540.0,-87.07388071698627,6.1120057169862605,ols
157107,3499540.0,-88.17746994686024,6.288094946860241,ols
157151,3499540.0,-90.01025607665687,0.7315060766568706,ols
157202,3499540.0,-90.44431327609433,3.0430632760943297,ols
157233,3499540.0,-90.50001551410716,3.5568905141071667,ols
157246,3499540.0,-90.53482123312133,8.615446233121332,ols
157256,3499540.0,-90.69720914380906,6.534084143809068,ols
157538,3499540.0,-89.21990377614344,-2.0413462238565643,ols
157544,3499540.0,-89.32228508582347,-2.566464914176535,ols
157576,3499540.0,-90.46430093466336,-6.595699065336646,ols
157589,3499540.0,-90.93491613602336,-7.073208863976646,ols
157600,3499540.0,-91.156067326651,-9.453307673349002,ols
157668,3499540.0,-91.21949851375766,-6.974876486242337,ols
157686,3499540.0,-91.21949851375766,-7.496410577151437,ols
157694,3499540.0,-91.21949851375766,-6.888001486242345,ols
157700,3499540.0,-91.21949851375766,-7.432016637757499,ols
157720,3499540.0,-91.50831981653587,-6.537305183464127,ols
157722,3499540.0,-91.64601580707068,-8.501080152525276,ols
157736,3499540.0,-91.98305760880478,-5.850067391195211,ols
157743,3499540.0,-92.08066921894999,-8.617350583030202,ols
169305,3499540.0,-100.18326174171307,10.014511741713065,ols
169308,3499540.0,-100.08357065890482,8.397320658904817,ols
169325,3499540.0,-99.59162995642336,1.8191299564233674,ols
169327,3499540.0,-99.44984772939682,-2.715152270603184,ols
169330,3499540.0,-99.30427737209945,-0.9557226279005562,ols
169339,3499540.0,-99.02170175819384,3.779826758193849,ols
169361,3499540.0,-98.37219374074354,1.861568740743536,ols
169364,3499540.0,-98.2637048889762,3.5274548889762087,ols
169384,3499540.0,-97.7320651629273,1.1539401629272987,ols
169405,3499540.0,-97.03035947328092,3.6941094732809177,ols
169412,3499540.0,-96.66481580847275,3.1191908084727515,ols
169441,3499540.0,-94.77698909105607,10.963864091056067,ols
169484,3499540.0,-91.05767773197803,10.260802731978032,ols
169517,3499540.0,-86.29374400770217,5.008744007702177,ols
169568,3499540.0,-85.8050606610006,4.126935661000601,ols
169577,3499540.0,-87.30470218258549,2.1459521825854893,ols
169582,3499540.0,-87.86618888514434,2.671188885144346,ols
169586,3499540.0,-87.97040972833399,1.543534728333995,ols
169634,3499540.0,-87.9264645088392,0.7114645088391995,ols
169640,3499540.0,-87.9264645088392,0.5958395088392052,ols
169648,3499540.0,-87.9264645088392,0.05708950883919783,ols
169674,3499540.0,-87.97290364135297,3.5822786413529712,ols
169688,3499540.0,-88.55828973777011,3.4751647377701147,ols
169720,3499540.0,-89.65858525744699,-1.093914742553011,ols
169739,3499540.0,-90.51145261375399,7.672702613753984,ols
169765,3499540.0,-90.73765706837054,4.457032068370538,ols
169773,3499540.0,-90.72013423928674,3.8270092392867383,ols
169785,3499540.0,-90.72282446615853,4.1865744661585325,ols
169800,3499540.0,-90.79026191003909,3.6127619100390973,ols
169802,3499540.0,-90.8779851187096,4.271110118709601,ols
169810,3499540.0,-91.0841946438737,4.912319643873701,ols
169826,3499540.0,-91.34305990689043,3.358059906890432,ols
169839,3499540.0,-91.13020479426469,3.6633297942646834,ols
169852,3499540.0,-90.61244518469749,4.09932018469749,ols
169869,3499540.0,-89.88401172753575,-0.78786327246425,ols
169870,3499540.0,-89.70422459278265,-0.09640040721734522,ols
169875,3499540.0,-89.53333701935676,0.7202120193567652,ols
169879,3499540.0,-89.40060704220963,-0.08189295779037309,ols
169892,3499540.0,-89.08685388012505,-2.2875211198749525,ols
169924,3499540.0,-89.27616587218094,-5.514459127819066,ols
169940,3499540.0,-89.758189089654,-7.09493591034601,ols
169955,3499540.0,-90.16464601556362,-8.075353984436376,ols
169963,3499540.0,-90.28783659364109,-9.190913406358916,ols
170029,3499540.0,-90.28239070194658,-10.16760929805342,ols
170072,3499540.0,-90.28239070194658,-10.499484298053417,ols
170082,3499540.0,-90.28239070194658,-10.290109298053423,ols
170098,3499540.0,-90.28239070194658,-10.360917378861501,ols
170109,3499540.0,-90.28239070194658,-7.685109298053419,ols
170129,3499540.0,-90.59703091181052,-9.122344088189479,ols
170152,3499540.0,-91.14820750165532,-11.423762195314382,ols
170166,3499540.0,-92.05978724171818,-4.0420877582818235,ols
177821,3499540.0,-101.13371162463153,-3.1037883753684667,ols
177822,3499540.0,-100.93142837652354,-3.1641966234764567,ols
177827,3499540.0,-100.49851997666917,6.2135199766691755,ols
177833,3499540.0,-99.80124225503607,2.114367255036072,ols
177835,3499540.0,-99.55156738868405,1.20656738868405,ols
177838,3499540.0,-99.02564257701684,2.1300175770168437,ols
177852,3499540.0,-96.98947529571322,0.7888502957132175,ols
177857,3499540.0,-96.38710441558666,3.720229415586658,ols
177863,3499540.0,-95.45507168041479,6.575696680414794,ols
177868,3499540.0,-94.4225117108394,1.4687617108394022,ols
177871,3499540.0,-94.03856544005153,6.744190440051526,ols
177872,3499540.0,-93.62536113431213,7.34286113431213,ols
177892,3499540.0,-87.32130888035618,6.411933880356187,ols
177894,3499540.0,-86.17456695728208,8.743316957282076,ols
177918,3499540.0,-85.46702274823556,7.205147748235561,ols
177943,3499540.0,-88.659006015143,3.5108810151430134,ols
177946,3499540.0,-88.99838177046047,1.9883817704604638,ols
177962,3499540.0,-90.12603762451178,0.2916626245117868,ols
177964,3499540.0,-90.27490169200621,0.6949016920062121,ols
177974,3499540.0,-90.61999236170537,3.8787423617053776,ols
177976,3499540.0,-90.64068529596781,4.840060295967817,ols
177990,3499540.0,-90.65975682322374,5.406006823223748,ols
178018,3499540.0,-90.79741645934135,5.226166459341343,ols
178038,3499540.0,-89.19213627229655,-1.941613727703455,ols
178043,3499540.0,-89.08557420464008,-2.7494257953599117,ols
178069,3499540.0,-90.9684712630863,-7.084653736913694,ols
178081,3499540.0,-91.15003976428153,-8.945585235718468,ols
178094,3499540.0,-91.14256529610802,-8.926809703891976,ols
178102,3499540.0,-91.14256529610802,-9.364309703891976,ols
178134,3499540.0,-91.14256529610802,-8.35930970389198,ols
178143,3499540.0,-91.14256529610802,-8.183059703891985,ols
178147,3499540.0,-91.14256529610802,-8.145559703891976,ols
178159,3499540.0,-91.57015140928632,-12.084223590713677,ols
178164,3499540.0,-92.00778588337491,-8.316589116625096,ols
178172,3499540.0,-92.61642426502439,-6.384825734975607,ols
193563,3499540.0,-100.93931728505297,0.7230672850529629,ols
193564,3499540.0,-100.7997163230576,-4.152158676942406,ols
193581,3499540.0,-99.54563434779925,0.7706343477992448,ols
193582,3499540.0,-99.36781035157424,4.230310351574232,ols
193590,3499540.0,-98.59823823592447,8.018238235924471,ols
193595,3499540.0,-98.19906673521898,4.916566735218979,ols
193603,3499540.0,-97.3970373959053,0.2601623959052972,ols
193614,3499540.0,-96.12482910823786,4.066079108237858,ols
193626,3499540.0,-94.45439453471178,2.0356445347117784,ols
193641,3499540.0,-91.26587947920393,13.87712947920393,ols
193651,3499540.0,-87.44998170454534,7.71185670454534,ols
193664,3499540.0,-75.52579830539229,-5.0935766946077194,ols
193670,3499540.0,-79.91941139444168,-0.36433860555831643,ols
193672,3499540.0,-81.73760486117973,1.2319798611797381,ols
193686,3499540.0,-86.64538574337831,8.295385743378318,ols
193720,3499540.0,-88.62651970794533,4.035894707945332,ols
193725,3499540.0,-89.08112442397649,4.139249423976494,ols
193728,3499540.0,-89.35504768659176,2.3356726865917636,ols
193744,3499540.0,-90.25642637719214,0.9970513771921361,ols
193746,3499540.0,-90.32328942128117,1.5151644212811703,ols
193757,3499540.0,-90.379224327564,1.2123493275639987,ols
193780,3499540.0,-91.09353045820714,4.874780458207141,ols
193797,3499540.0,-91.27538252385642,4.517882523856429,ols
193799,3499540.0,-91.14087118026714,5.318371180267135,ols
193803,3499540.0,-90.78712815927763,2.7771281592776234,ols
193812,3499540.0,-89.91754504194839,0.3319200419483934,ols
193839,3499540.0,-89.70029831572654,-3.20407668427346,ols
193847,3499540.0,-90.35427065560732,-5.6744793443926795,ols
193848,3499540.0,-90.52392217884888,-1.0392028211511217,ols
193850,3499540.0,-90.63015705675066,-4.254217943249344,ols
193863,3499540.0,-90.8078647188407,-8.892760281159298,ols
193866,3499540.0,-90.84315758704514,-8.799967412954857,ols
193876,3499540.0,-90.84315758704514,-8.756217412954854,ols
193880,3499540.0,-90.84315758704514,-8.471842412954857,ols
193906,3499540.0,-90.84315758704514,-9.376842412954858,ols
193913,3499540.0,-90.84315758704514,-5.748717412954861,ols
200294,3499540.0,-98.0838959415728,-0.9792290584271939,ols
200323,3499540.0,-95.72185493549469,3.279979935494694,ols
200326,3499540.0,-95.2748555635389,0.7629805635389033,ols
200328,3499540.0,-95.04356876139971,4.707318761399705,ols
200331,3499540.0,-94.80111388230088,5.25611388230088,ols
200345,3499540.0,-92.8760311581517,5.357906158151707,ols
200357,3499540.0,-90.25068965016014,11.553881139521849,ols
200360,3499540.0,-89.0470966894901,6.697721689490109,ols
200362,3499540.0,-88.37070094508883,7.406950945088823,ols
200373,3499540.0,-82.71771994852219,-0.45040505147781573,ols
200377,3499540.0,-78.9323816969504,-4.131368303049598,ols
200391,3499540.0,-83.3233409135452,5.174590913545188,ols
200392,3499540.0,-84.50771692929055,7.550841929290556,ols
200400,3499540.0,-87.3355598118932,4.0468693357027234,ols
200405,3499540.0,-88.00162363093014,3.3891236309301433,ols
200429,3499540.0,-88.37866256245262,2.493662562452613,ols
200436,3499540.0,-88.38913263460228,2.984757634602275,ols
200447,3499540.0,-88.38913263460228,2.9160076346022805,ols
200455,3499540.0,-88.37866256245262,3.5286625624526238,ols
200468,3499540.0,-88.37866256245262,3.2467875624526243,ols
200471,3499540.0,-88.37866256245262,2.6117875624526192,ols
200473,3499540.0,-88.37866256245262,3.4292875624526147,ols
200475,3499540.0,-88.38913263460228,4.539757634602282,ols
200479,3499540.0,-88.67356959466781,4.368569594667804,ols
200490,3499540.0,-89.50048716798725,0.030487167987246266,ols
200499,3499540.0,-90.12914956262293,0.32789956262293174,ols
200501,3499540.0,-90.29909919208541,1.0834741920854043,ols
200509,3499540.0,-90.75947698956574,6.6894769895657475,ols
200510,3499540.0,-90.77265183035405,6.611401830354055,ols
200520,3499540.0,-90.76751131576391,6.606261315763916,ols
200535,3499540.0,-90.76082210300163,6.668322103001628,ols
200546,3499540.0,-91.17119803508393,5.124323035083933,ols
200556,3499540.0,-91.15941920391558,6.048794203915577,ols
200570,3499540.0,-89.91659982710155,-0.6834001728984447,ols
200580,3499540.0,-89.18290225033122,-0.9202227496687811,ols
200584,3499540.0,-89.07662374712882,-1.9465012528711725,ols
200586,3499540.0,-89.1015992317358,-2.734025768264189,ols
200596,3499540.0,-89.77516660248,-5.165458397519998,ols
200600,3499540.0,-90.15058412699597,-5.818790873004033,ols
200609,3499540.0,-90.95984799532971,-8.012027004670287,ols
200611,3499540.0,-91.14918907091936,-11.111435929080642,ols
200621,3499540.0,-91.49249837417639,-10.512996131318133,ols
200690,3499540.0,-91.63768337465157,-8.042316625348434,ols
200696,3499540.0,-91.96167394061581,-4.8120760593841965,ols
206366,3499540.0,-101.18089965813931,-2.2634753418606834,ols
206374,3499540.0,-100.22325887150143,-0.32549112849856954,ols
206380,3499540.0,-99.39370923837774,3.235107087840092,ols
1666,3538707.0,-99.3946077014838,-10.146642298516198,ols
1674,3538707.0,-101.12846390265568,-9.904036097344317,ols
1679,3538707.0,-101.9692689563666,-10.05135604363339,ols
1682,3538707.0,-102.50314346808537,-10.861856531914626,ols
1691,3538707.0,-103.47575394171818,-10.341121058281814,ols
1710,3538707.0,-103.9046174671088,-8.200382532891197,ols
1738,3538707.0,-103.89840713996037,-10.495759526706294,ols
1786,3538707.0,-103.9611360217963,-12.872197311537008,ols
1799,3538707.0,-103.97579971808537,-9.201700281914626,ols
1805,3538707.0,-103.9810334827338,-10.27229985059951,ols
1815,3538707.0,-103.9810334827338,-9.65313318393288,ols
1822,3538707.0,-103.98623672980412,-9.386263270195883,ols
1828,3538707.0,-103.98623672980412,-9.460429936862568,ols
1843,3538707.0,-103.98623672980412,-10.689596603529196,ols
1853,3538707.0,-103.98623672980412,-11.23376327019588,ols
1861,3538707.0,-103.9810334827338,-10.583966517266191,ols
1903,3538707.0,-103.9810334827338,-11.755633183932858,ols
1967,3538707.0,-106.51271072882756,-10.688955937839125,ols
1968,3538707.0,-106.51271072882756,-10.962289271172438,ols
1975,3538707.0,-106.51271072882756,-9.816455937839123,ols
2043,3538707.0,-106.51271072882756,-10.05640691823126,ols
2054,3538707.0,-103.9810334827338,-11.55229985059951,ols
2069,3538707.0,-106.51271072882756,-9.15228927117245,ols
2080,3538707.0,-103.9810334827338,-13.068133183932858,ols
2166,3538707.0,-103.9810334827338,-10.072299850599506,ols
2212,3538707.0,-103.9810334827338,-11.453133183932877,ols
2261,3538707.0,-103.9810334827338,-10.2614665172662,ols
2270,3538707.0,-103.9810334827338,-10.204799850599514,ols
2294,3538707.0,-104.35342422980412,-10.688242436862566,ols
2353,3538707.0,-109.38485733527287,-11.661809331393812,ols
18084,3538707.0,-97.4412385608588,-13.2393864391412,ols
18089,3538707.0,-98.18714920539006,-12.142850794609942,ols
18099,3538707.0,-99.76742569464787,-12.820074305352136,ols
18104,3538707.0,-103.36375442999943,-11.214995570000568,ols
34085,3538707.0,-99.3485871936713,-9.735162806328688,ols
34095,3538707.0,-102.15203873175726,-10.299836268242743,ols
34107,3538707.0,-104.70858780402287,-12.294129587281475,ols
34117,3538707.0,-103.74171463507756,-11.072452031589123,ols
34149,3538707.0,-110.70957962531193,-8.403753708021384,ols
34153,3538707.0,-108.37529007453068,-13.062209925469318,ols
34158,3538707.0,-108.796264805976,-12.117068527357333,ols
49532,3538707.0,-66.68710342902287,-10.149771570977137,ols
49550,3538707.0,-77.09840408820256,-6.589095911797443,ols
49558,3538707.0,-81.28038040656193,-4.303994593438063,ols
49573,3538707.0,-87.4880372669135,-6.2444627330865075,ols
49583,3538707.0,-90.69134537238224,-4.156779627617752,ols
49642,3538707.0,-103.4079133655463,-13.086617884453688,ols
49664,3538707.0,-107.0495912219916,-11.536658778008402,ols
49674,3538707.0,-108.34556595343693,-15.648184046563074,ols
68274,3538707.0,-95.69659439581974,-10.04903060418026,ols
81720,3538707.0,-103.91496292609318,-9.794412073906813,ols
81736,3538707.0,-106.24208084601506,-11.30791915398494,ols
81747,3538707.0,-107.30873123664006,-14.087102096693258,ols
93271,3538707.0,-98.18937698859318,-12.01124801140682,ols
93282,3538707.0,-100.64694229621037,-12.54055770378963,ols
93285,3538707.0,-101.32945267218693,-12.909922327813064,ols
93311,3538707.0,-105.18910233039006,-13.912564336276617,ols
93314,3538707.0,-108.45158401984318,-9.485915980156818,ols
105899,3538707.0,-102.96250931281193,-10.530615687188075,ols
105908,3538707.0,-104.93206802863224,-11.668626415812199,ols
105925,3538707.0,-108.46315018195256,-9.103256068047443,ols
119037,3538707.0,-103.3311311389838,-12.942306361016193,ols
119038,3538707.0,-106.51583878058537,-10.206661219414627,ols
130731,3538707.0,-97.41200272101506,3.47075272101506,ols
130770,3538707.0,-92.82594315070256,-9.094056849297445,ols
130823,3538707.0,-92.518432774726,-6.868442225274009,ols
130827,3538707.0,-92.518432774726,-7.040942225274009,ols
130846,3538707.0,-92.518432774726,-6.575317225274006,ols
130851,3538707.0,-92.518432774726,-7.00781722527401,ols
130939,3538707.0,-68.05668655890568,-13.043938441094312,ols
130951,3538707.0,-77.77244583624943,-1.031304163750562,ols
130955,3538707.0,-80.2868959094916,-3.6262290905083887,ols
130962,3538707.0,-84.46385208624943,-4.5761479137505745,ols
130985,3538707.0,-92.04637161749943,-2.1542533825005705,ols
130995,3538707.0,-94.61207596320256,-10.417299036797445,ols
131013,3538707.0,-99.66432205695256,-9.15255294304744,ols
131020,3538707.0,-101.3336946155463,-10.181305384453694,ols
131034,3538707.0,-102.25599686164006,-14.483169805026606,ols
131049,3538707.0,-106.7434541370307,-8.775712529635967,ols
131055,3538707.0,-105.25723282355413,-14.650301423021205,ols
145823,3538707.0,-97.2800599719916,3.6481849719916113,ols
145832,3538707.0,-95.17201248664006,-3.938612513359942,ols
145863,3538707.0,-84.36808792609318,-8.776912073906814,ols
145927,3538707.0,-86.3762208606635,-5.252529139336502,ols
145937,3538707.0,-89.629028477851,-4.255346522149011,ols
145959,3538707.0,-96.6457521106635,-11.073622889336505,ols
145972,3538707.0,-99.76322952765568,-11.743645472344312,ols
145977,3538707.0,-100.8533021594916,-13.66794784050839,ols
159622,3538707.0,-94.98390213507756,-4.561722864922444,ols
159629,3538707.0,-94.09913651007756,-5.087113489922444,ols
159637,3538707.0,-92.173950352851,-6.521049647148999,ols
159643,3538707.0,-89.97506729621037,-5.261182703789629,ols
159726,3538707.0,-84.05026260871037,-3.9409873912896245,ols
159747,3538707.0,-91.35714737433537,-2.7247276256646273,ols
159754,3538707.0,-93.7749025012885,-7.921972498711511,ols
159778,3538707.0,-99.49461380499943,-11.848511195000569,ols
159801,3538707.0,-103.2657777454291,-11.922972254570894,ols
161103,3538707.0,-95.9241181995307,-4.597756800469298,ols
161110,3538707.0,-93.9469758655463,-6.441774134453695,ols
161137,3538707.0,-86.2815705921088,-11.788429407891186,ols
161160,3538707.0,-75.0585481311713,-10.267076868828696,ols
161233,3538707.0,-88.5353547717963,-4.409020228203687,ols
161250,3538707.0,-94.3114778186713,-4.814147181328693,ols
161311,3538707.0,-104.47843948859318,-16.311101327733354,ols
172474,3538707.0,-95.54896561164006,-2.2266593883599484,ols
172491,3538707.0,-92.95864883917912,-6.852601160820882,ols
172528,3538707.0,-91.49850479621037,-3.9858702037896308,ols
172555,3538707.0,-91.41415421027287,-8.818970789727132,ols
172602,3538707.0,-91.4004670764838,-7.975782923516192,ols
172607,3538707.0,-91.40048233527287,-8.008267664727128,ols
172622,3538707.0,-91.0416719104682,-5.786453089531804,ols
172630,3538707.0,-89.7240754749213,-4.8984245250786955,ols
172682,3538707.0,-63.51441971320256,-4.953080286797444,ols
172701,3538707.0,-76.86334244269476,-7.751657557305236,ols
172712,3538707.0,-84.70414749640568,-3.743977503594323,ols
172740,3538707.0,-95.55018631476506,-9.039188685234947,ols
172746,3538707.0,-97.87203995246037,-10.022335047539627,ols
172765,3538707.0,-100.05137650031193,-13.82174849968807,ols
172781,3538707.0,-105.15101639289006,-12.683150273776604,ols
178993,3538707.0,-95.82664505499943,0.6672700549994346,ols
178999,3538707.0,-94.77548233527287,-6.346392664727134,ols
179054,3538707.0,-94.45350662726506,-4.23774337273494,ols
179075,3538707.0,-89.65386978644474,-6.377380213555256,ols
179084,3538707.0,-83.22972122687443,-11.636528773125562,ols
179087,3538707.0,-81.3959504749213,-11.559674525078691,ols
179110,3538707.0,-79.98667923468693,-3.0889457653130705,ols
179113,3538707.0,-82.79301468390568,-2.4476103160943126,ols
179121,3538707.0,-90.82308975714787,-1.736910242852133,ols
179124,3538707.0,-93.58554092902287,-9.205084070977136,ols
194939,3538707.0,-97.34001175421818,4.394386754218175,ols
194954,3538707.0,-87.76405350226506,-8.107821497734946,ols
194963,3538707.0,-79.03314224738224,-10.92998275261776,ols
194970,3538707.0,-64.93917862433537,-13.95207137566463,ols
194978,3538707.0,-72.13761917609318,-13.987380823906818,ols
194982,3538707.0,-78.44622818488224,-2.2425218151177546,ols
195002,3538707.0,-94.72695938605413,-8.621165613945863,ols
195015,3538707.0,-100.1794892932807,-11.553010706719306,ols
195022,3538707.0,-103.1827699329291,-13.771331629570895,ols
201564,3538707.0,-96.55511490363224,-0.911135096367758,ols
201582,3538707.0,-85.19427505988224,-10.977599940117756,ols
201589,3538707.0,-78.0213166858588,-10.523683314141195,ols
201592,3538707.0,-71.237915196601,-10.323959803399006,ols
201626,3538707.0,-94.814575352851,-9.069174647149012,ols
201633,3538707.0,-97.6260530139838,-12.220196986016191,ols
201636,3538707.0,-99.33888260382756,-13.479867396172438,ols
201638,3538707.0,-100.08343521613224,-12.289689783867757,ols
201641,3538707.0,-100.9665986682807,-13.207151331719302,ols
17449,3556102.0,-109.37151139796363,0.18777645820459554,ols
30927,3556102.0,-109.37151139796363,3.4946363979636317,ols
30947,3556102.0,-109.37151139796363,2.8221363979636322,ols
48665,3556102.0,-109.37151139796363,5.4333863979636305,ols
48684,3556102.0,-109.37151139796363,5.427136397963636,ols
48720,3556102.0,-109.37151139796363,5.665886397963632,ols
48763,3556102.0,-109.37151139796363,5.544636397963629,ols
48779,3556102.0,-109.37151139796363,5.300261397963624,ols
48821,3556102.0,-109.37151139796363,2.3908863979636266,ols
48830,3556102.0,-109.37151139796363,4.799011397963625,ols
48840,3556102.0,-109.37151139796363,1.2815113979636266,ols
48846,3556102.0,-109.37151139796363,1.7727613979636345,ols
67455,3556102.0,-109.37151139796363,4.5641660371388895,ols
67467,3556102.0,-109.37151139796363,4.2771363979636305,ols
104797,3556102.0,-109.37151139796363,7.749636397963627,ols
104817,3556102.0,-109.37151139796363,5.305261397963633,ols
104824,3556102.0,-109.37151139796363,4.752761397963624,ols
104837,3556102.0,-109.37151139796363,3.997761397963629,ols
104853,3556102.0,-109.37151139796363,-2.270363602036369,ols
117044,3556102.0,-109.37151139796363,1.6715113979636271,ols
117056,3556102.0,-109.37151139796363,1.0458863979636277,ols
48924,3684372.0,-97.26117454702106,4.681174547021058,ols
48940,3684372.0,-97.94043590686405,-1.4933140931359503,ols
130175,3684372.0,-91.17545237925214,2.961702379252131,ols
130198,3684372.0,-89.84719259272592,3.263442592725923,ols
130205,3684372.0,-89.45842371124719,0.19342371124719193,ols
130216,3684372.0,-88.69600243110021,-2.445247568899788,ols
130239,3684372.0,-91.38256232130956,-3.0143126786904304,ols
130296,3684372.0,-96.70591886293222,3.973315770148716,ols
130305,3684372.0,-97.10847709335813,9.875352093358131,ols
130348,3684372.0,-98.55586640896021,-4.9183603951635035,ols
144992,3684372.0,-90.57636702905921,4.683867029059215,ols
145002,3684372.0,-89.6523051254416,0.24730512544159922,ols
145026,3684372.0,-89.1596773164687,1.0690523164686994,ols
145033,3684372.0,-89.14548126520856,1.3536062652085548,ols
145049,3684372.0,-89.13861441773534,1.2823644177353373,ols
145055,3684372.0,-89.13861441773534,1.3248644177353412,ols
145064,3684372.0,-89.13861441773534,1.3611144177353367,ols
145109,3684372.0,-89.13861441773534,1.318614417735347,ols
145120,3684372.0,-89.13861441773534,1.2442394177353435,ols
145134,3684372.0,-89.13861441773534,1.306114417735344,ols
145141,3684372.0,-89.13861441773534,1.3604894177353373,ols
145216,3684372.0,-89.13861441773534,0.45923941773534693,ols
145268,3684372.0,-92.97394566107764,-2.5235543389223665,ols
145311,3684372.0,-96.91084545573071,12.093345455730713,ols
145343,3684372.0,-98.14398827395249,-1.6828867260475135,ols
158856,3684372.0,-92.15533096451315,3.2484559645131554,ols
158865,3684372.0,-91.77232869372423,3.737328693724237,ols
158892,3684372.0,-91.56104470161294,5.159169701612939,ols
158907,3684372.0,-91.56104470161294,5.179794701612948,ols
158937,3684372.0,-91.56104470161294,4.996044701612945,ols
158943,3684372.0,-91.56104470161294,5.040419701612947,ols
158968,3684372.0,-91.56104470161294,5.04854470161294,ols
158972,3684372.0,-91.56104470161294,5.073544701612946,ols
158982,3684372.0,-91.56104470161294,5.179794701612948,ols
159015,3684372.0,-90.00716787725199,0.6877928772519937,ols
159021,3684372.0,-89.47134400156777,0.9257190015677708,ols
159026,3684372.0,-88.67567159653015,-2.014953403469846,ols
159043,3684372.0,-90.29534001189401,-2.831534988105986,ols
159111,3684372.0,-96.9160426831824,11.539167683182399,ols
159124,3684372.0,-97.40959520478262,3.518970204782619,ols
171780,3684372.0,-90.7408031957967,0.6362239878758942,ols
171788,3684372.0,-89.77830578306768,-0.22544421693231698,ols
171813,3684372.0,-89.15899662522914,0.745246625229143,ols
171840,3684372.0,-89.15899662522914,0.8527466252291305,ols
171866,3684372.0,-89.15899662522914,0.8152466252291362,ols
171875,3684372.0,-89.15899662522914,0.7358716252291373,ols
171898,3684372.0,-89.15899662522914,0.7289966252291293,ols
171902,3684372.0,-89.15899662522914,0.6139966252291345,ols
171913,3684372.0,-89.15899662522914,0.687121625229139,ols
171916,3684372.0,-89.15899662522914,0.6846216252291413,ols
171933,3684372.0,-89.15899662522914,0.8864966252291424,ols
171957,3684372.0,-88.9102917392503,-3.060333260749701,ols
171966,3684372.0,-89.43896193530372,-0.05166306469627102,ols
171985,3684372.0,-91.47780772192336,-4.878442278076648,ols
172049,3684372.0,-97.10204263465971,9.444542634659712,ols
172053,3684372.0,-97.26392299844113,4.455797998441128,ols
172068,3684372.0,-97.77223667346261,-3.140888326537379,ols
172073,3684372.0,-97.89338687087226,-4.157863129127733,ols
178723,3684372.0,-89.30133387260452,-2.591166127395482,ols
178725,3684372.0,-88.71712098383429,-3.979754016165714,ols
178731,3684372.0,-90.238654271624,-3.4525957283759965,ols
178763,3684372.0,-97.40102448867202,1.6235244886720182,ols
194513,3684372.0,-92.315152130268,0.34607996531954655,ols
194517,3684372.0,-91.4623744394165,-0.2857505605835087,ols
194536,3684372.0,-89.20219697301742,-2.930303026982571,ols
194544,3684372.0,-89.20225262701814,-2.790872372981866,ols
194552,3684372.0,-89.20225262701814,-2.685872372981862,ols
194557,3684372.0,-89.20225262701814,-2.630247372981856,ols
194560,3684372.0,-89.20225262701814,-2.707122372981857,ols
194577,3684372.0,-89.20219697301742,-2.621553026982582,ols
194579,3684372.0,-89.20219697301742,-2.3890530269825803,ols
194611,3684372.0,-89.20219697301742,-2.5921780269825803,ols
194620,3684372.0,-89.20219697301742,-2.7415530269825723,ols
194622,3684372.0,-89.20219697301742,-2.589053026982583,ols
194649,3684372.0,-92.06279976670362,-4.216575233296382,ols
194655,3684372.0,-93.56695616303831,-1.3692938369616883,ols
201256,3684372.0,-91.91203735983491,1.9782873598349084,ols
201275,3684372.0,-88.67464841913232,-3.8797265808676684,ols
201288,3684372.0,-92.08604601469594,-3.834578985304063,ols
201293,3684372.0,-93.05654904137444,-2.745325958625557,ols
201327,3684372.0,-97.80416922664395,-4.306455773356049,ols
201328,3684372.0,-97.95010257868111,-3.6461474213188865,ols
132690,3725845.0,-101.0171811946667,0.28388911545879125,ols
132774,3725845.0,-101.0171811946667,0.2284311946667117,ols
132790,3725845.0,-101.0171811946667,-1.0315688053332934,ols
132819,3725845.0,-101.0171811946667,-1.510943805333298,ols
132839,3725845.0,-101.0171811946667,-0.9084438053332917,ols
133334,3725845.0,-101.0171811946667,4.5365561946667015,ols
147490,3725845.0,-101.0171811946667,-0.5684438053332883,ols
147527,3725845.0,-101.0171811946667,4.195306194666699,ols
147544,3725845.0,-101.0171811946667,4.013431194666708,ols
147555,3725845.0,-101.0171811946667,4.110931194666705,ols
147590,3725845.0,-101.0171811946667,4.977181194666699,ols
147612,3725845.0,-101.0171811946667,0.696556194666698,ols
147645,3725845.0,-101.0171811946667,-0.8715688053332968,ols
148015,3725845.0,-101.0171811946667,3.7565561946667003,ols
148019,3725845.0,-101.0171811946667,5.587181194666698,ols
148055,3725845.0,-101.0171811946667,7.341556194666708,ols
148074,3725845.0,-101.0171811946667,-3.2221938053332906,ols
162632,3725845.0,-101.0171811946667,0.6759311946667026,ols
163201,3725845.0,-101.0171811946667,3.445306194666699,ols
163234,3725845.0,-101.0171811946667,1.1103061946667054,ols
163239,3725845.0,-101.0171811946667,1.1840561946667094,ols
173803,3725845.0,-101.0171811946667,-1.1909438053332906,ols
173808,3725845.0,-101.0171811946667,-2.2428188053333002,ols
173810,3725845.0,-101.0171811946667,-3.6340688053332997,ols
173815,3725845.0,-101.0171811946667,-4.151568805333298,ols
173820,3725845.0,-101.0171811946667,-3.904693805333295,ols
173822,3725845.0,-101.0171811946667,-4.130318805333289,ols
173997,3725845.0,-101.0171811946667,-2.1021938053333002,ols
174002,3725845.0,-101.0171811946667,-3.9353188053332957,ols
174005,3725845.0,-101.0171811946667,-3.0134438053332957,ols
174009,3725845.0,-101.0171811946667,-3.784068805333291,ols
174015,3725845.0,-101.0171811946667,-3.823443805333298,ols
174027,3725845.0,-101.0171811946667,-3.057818805333298,ols
174031,3725845.0,-101.0171811946667,-0.2128188053332991,ols
174042,3725845.0,-101.0171811946667,5.773431194666699,ols
174055,3725845.0,-101.0171811946667,1.7478061946667083,ols
174056,3725845.0,-101.0171811946667,3.243431194666698,ols
174071,3725845.0,-101.0171811946667,-0.14281880533329172,ols
180842,3725845.0,-101.0171811946667,-1.0343651970858758,ols
180845,3725845.0,-101.0171811946667,0.8778061946667037,ols
180847,3725845.0,-101.0171811946667,1.0890561946667106,ols
180865,3725845.0,-101.0171811946667,1.8515561946666992,ols
180869,3725845.0,-101.0171811946667,0.023431194666699184,ols
180874,3725845.0,-101.0171811946667,-0.23844380533329002,ols
180882,3725845.0,-101.0171811946667,1.5140561946667077,ols
180889,3725845.0,-101.0171811946667,3.034681194666703,ols
180908,3725845.0,-101.0171811946667,-0.1521938053332974,ols
180910,3725845.0,-101.0171811946667,0.6640561946666992,ols
180931,3725845.0,-101.0171811946667,2.4184311946667094,ols
180947,3725845.0,-101.0171811946667,-0.2521938053332917,ols
180954,3725845.0,-101.0171811946667,-2.0940688053332934,ols
180978,3725845.0,-101.0171811946667,-3.018443805333291,ols
180982,3725845.0,-101.0171811946667,-0.865943805333302,ols
180993,3725845.0,-101.0171811946667,-2.807818805333298,ols
180994,3725845.0,-101.0171811946667,-2.7790688053332957,ols
180996,3725845.0,-101.0171811946667,-2.8728188053332957,ols
181033,3725845.0,-101.0171811946667,-2.7590688053332997,ols
181045,3725845.0,-101.0171811946667,-2.7515688053332923,ols
181051,3725845.0,-101.0171811946667,-2.999693805333294,ols
181094,3725845.0,-101.0171811946667,-0.2440688053332991,ols
181100,3725845.0,-101.0171811946667,-0.3353188053333014,ols
181102,3725845.0,-101.0171811946667,-0.3040688053333014,ols
181105,3725845.0,-101.0171811946667,-0.3215688053332997,ols
181106,3725845.0,-101.0171811946667,-0.499693805333294,ols
181108,3725845.0,-101.0171811946667,-1.0209438053332889,ols
181110,3725845.0,-101.0171811946667,-0.9984438053332951,ols
181112,3725845.0,-101.0171811946667,-1.4209438053332946,ols
181117,3725845.0,-101.0171811946667,-1.9253188053332906,ols
181505,3725845.0,-101.0171811946667,3.0040561946667026,ols
181516,3725845.0,-101.0171811946667,0.65218119466671,ols
195846,3725845.0,-101.0171811946667,1.9939853183780656,ols
195972,3725845.0,-101.0171811946667,2.2814138679340203,ols
195977,3725845.0,-101.0171811946667,2.762806194666709,ols
202562,3725845.0,-101.0171811946667,-0.20677713866660952,ols
202694,3725845.0,-101.0171811946667,2.9559311946667037,ols
202705,3725845.0,-101.0171811946667,1.5865561946666986,ols
202720,3725845.0,-101.0171811946667,0.3928061946667043,ols
13690,3950085.0,-101.77163624730156,3.666636247301554,ols
13711,3950085.0,-100.37346445217297,-0.3752855478270334,ols
13730,3950085.0,-98.70623077334068,2.989980773340676,ols
13745,3950085.0,-97.14193308427865,10.677558084278644,ols
13760,3950085.0,-95.27270024873823,12.398950248738231,ols
13764,3950085.0,-94.74691489766232,11.645664897662328,ols
13842,3950085.0,-75.62433082104872,-0.05441917895127801,ols
13863,3950085.0,-85.71698159969989,5.798856599699889,ols
13871,3950085.0,-87.88726848362379,10.36664348362379,ols
13879,3950085.0,-89.60242420737606,11.07242420737606,ols
13902,3950085.0,-93.23604230305779,6.77416730305778,ols
13907,3950085.0,-93.62494653774252,5.69994653774252,ols
13914,3950085.0,-94.2352719701347,3.9146469701346973,ols
14114,3950085.0,-74.88544918630257,-14.392050813697438,ols
14164,3950085.0,-92.78021602083932,-5.84603397916068,ols
14177,3950085.0,-94.9557494211644,-3.9055005788356,ols
14196,3950085.0,-97.7813212384389,-3.8036787615610876,ols
14201,3950085.0,-98.2613112870477,-2.9605637129522933,ols
14220,3950085.0,-100.3487627937226,-4.414987206277402,ols
14227,3950085.0,-100.71581206024403,-4.210437939755963,ols
14239,3950085.0,-101.72757874995153,-6.349296250048468,ols
14248,3950085.0,-102.61372695547924,-7.218773044520759,ols
14266,3950085.0,-103.68144269469529,-7.146682305304708,ols
14288,3950085.0,-105.10296728049289,-7.7951577195071025,ols
14305,3950085.0,-105.93669169832104,-6.804558301678952,ols
13925,3950087.0,-88.21475938879543,0.2585093887954315,ols
13929,3950087.0,-88.08461257376538,1.8496125737653841,ols
13968,3950087.0,-88.06496093839692,1.2118359383969164,ols
14051,3950087.0,-90.21128739314932,4.629412393149323,ols
11800,3952905.0,-69.04745773336461,-14.726292266635397,ols
11812,3952905.0,-71.65365890523961,-17.77009109476039,ols
11824,3952905.0,-77.61044601461461,-17.690803985385386,ols
11829,3952905.0,-79.99801925680211,-18.724480743197887,ols
41531,3952905.0,-69.62071517965367,-19.52740982034632,ols
41555,3952905.0,-68.72337631246617,-20.08662368753383,ols
41561,3952905.0,-69.37654403707555,-18.685330962924454,ols
41572,3952905.0,-75.43963912984898,-20.577860870151014,ols
63339,3952905.0,-78.61658004781773,-19.509669952182264,ols
63342,3952905.0,-80.86815170309117,-18.340181630242142,ols
88438,3952905.0,-74.17315963766148,-19.350590362338522,ols
100840,3952905.0,-70.06064132711461,-19.343733672885392,ols
100857,3952905.0,-74.77652267477086,-17.679102325229138,ols
113357,3952905.0,-68.87271408102086,-20.505410918979138,ols
125644,3952916.0,-108.29158254237177,7.755957542371775,ols
125647,3952916.0,-107.6535150848552,8.437265084855198,ols
125711,3952916.0,-91.01449912750452,3.233874127504521,ols
125728,3952916.0,-95.88716141625653,1.182161416256534,ols
125730,3952916.0,-96.80977289307845,-0.8427271069215578,ols
125738,3952916.0,-97.884985016237,-0.7556399837630039,ols
125757,3952916.0,-98.05599758014085,-2.1977524198591425,ols
125795,3952916.0,-100.61856471634515,-7.231435283654847,ols
125809,3952916.0,-103.01582144802823,-7.291053551971771,ols
125861,3952916.0,-112.39496504671328,6.117465046713278,ols
125869,3952916.0,-113.18790983691348,2.7504098369134766,ols
139619,3952916.0,-111.05330751635599,5.560807516355979,ols
139625,3952916.0,-110.83962274872016,5.1939977487201645,ols
139627,3952916.0,-110.56406015261835,5.565310152618352,ols
139639,3952916.0,-109.38879915237892,7.288174152378929,ols
139642,3952916.0,-108.86628919224226,6.826914192242256,ols
139652,3952916.0,-107.62917125056757,9.00042125056757,ols
139658,3952916.0,-106.28725263232646,11.033346382326457,ols
139691,3952916.0,-99.14917254970644,1.5172975497064414,ols
139694,3952916.0,-97.88266655582865,-1.499833444171344,ols
139707,3952916.0,-94.7691830977278,-0.6901919022721899,ols
139745,3952916.0,-90.41049841706914,14.05612341706913,ols
139791,3952916.0,-103.01936179973288,-6.753763200267116,ols
139844,3952916.0,-111.5566014082433,6.755976408243299,ols
139851,3952916.0,-112.35618827420794,2.983063274207936,ols
139854,3952916.0,-112.67363981039026,2.7792648103902593,ols
154451,3952916.0,-109.82725970095538,5.054759700955387,ols
154481,3952916.0,-105.50460514826422,9.682440199810614,ols
154546,3952916.0,-90.19416099653365,9.024785996533652,ols
154562,3952916.0,-94.94165775378107,4.644782753781072,ols
154597,3952916.0,-105.20729915319765,-7.637075846802347,ols
154634,3952916.0,-111.33742335153183,7.805548351531826,ols
154659,3952916.0,-113.74466408389232,0.175914083892323,ols
167655,3952916.0,-107.92858683573542,7.804836835735415,ols
167663,3952916.0,-106.79120446568099,8.988704465680996,ols
167714,3952916.0,-95.07478124398459,-2.518343756015412,ols
167740,3952916.0,-91.2958787616579,3.8777537616578996,ols
167752,3952916.0,-95.35301738001675,-0.11385761998324995,ols
167764,3952916.0,-100.12458644015261,-9.100413559847382,ols
177181,3952916.0,-90.66206181488997,5.87206181488996,ols
177183,3952916.0,-92.14086358886163,4.222113588861632,ols
177221,3952916.0,-112.3705689948489,3.968068994848892,ols
177226,3952916.0,-113.58904526161865,-0.8234547383813435,ols
199341,3952916.0,-111.5140023091188,4.599939809118794,ols
199342,3952916.0,-111.03956385015157,6.46831385015156,ols
199355,3952916.0,-107.56761717107753,7.23824217107753,ols
199357,3952916.0,-106.80873912795853,7.6931141279585376,ols
199395,3952916.0,-96.61672451177995,-1.288900488220051,ols
199413,3952916.0,-100.89357380613325,-7.951426193866752,ols
199418,3952916.0,-100.92532209280608,-6.2246779071939216,ols
199423,3952916.0,-100.9875027832173,-6.358747216782703,ols
199432,3952916.0,-101.50447768021691,-4.71614731978309,ols
199450,3952916.0,-102.23347682591125,-6.978398174088753,ols
199456,3952916.0,-102.23347682591125,-5.808398174088751,ols
199458,3952916.0,-102.26094327128938,-6.264681728710627,ols
199485,3952916.0,-103.2001599375224,-7.170465062477604,ols
199493,3952916.0,-104.18817915099956,-7.127445849000438,ols
199497,3952916.0,-104.64324488898714,-8.038005111012865,ols
199539,3952916.0,-113.1659262370956,2.4646762370956026,ols
125612,3952917.0,-106.87859213917525,3.002342139175255,mean_fallback
125622,3952917.0,-106.87859213917525,-1.4739078608247524,mean_fallback
154429,3952917.0,-106.87859213917525,2.4623421391752487,mean_fallback
51208,3996429.0,-80.00851246957806,3.5110897891656947,mean_fallback
69916,3996429.0,-80.00851246957806,1.3203874695780655,mean_fallback
82902,3996429.0,-80.00851246957806,1.9835124695780593,mean_fallback
82906,3996429.0,-80.00851246957806,-2.9339875304219305,mean_fallback
82911,3996429.0,-80.00851246957806,-6.11197722114359,mean_fallback
120134,3996429.0,-80.00851246957806,3.5046464901966203,mean_fallback
132677,3996435.0,-15.388463965411432,-81.80403603458856,ols
147483,3996435.0,-20.592931738848932,-82.19019326115107,ols
162575,3996435.0,-6.132925024981745,-72.47769997501825,ols
162590,3996435.0,-9.918691626544245,-85.25943337345575,ols
162610,3996435.0,-18.154729834552043,-78.60152016544795,ols
162621,3996435.0,-21.103673926348932,-81.42016627983662,ols
173775,3996435.0,-8.000417700762995,-85.569582299237,ols
180661,3996435.0,-6.407629004473932,-70.76799599552606,ols
180683,3996435.0,-6.063528052325495,-72.5670969476745,ols
180696,3996435.0,-6.063528052325495,-72.2695969476745,ols
180698,3996435.0,-6.063528052325495,-72.0670969476745,ols
180703,3996435.0,-6.063528052325495,-72.01209694767451,ols
180707,3996435.0,-6.063528052325495,-72.2858469476745,ols
180718,3996435.0,-6.063528052325495,-72.1852219476745,ols
180743,3996435.0,-6.063528052325495,-72.30897194767451,ols
180746,3996435.0,-6.063528052325495,-72.29241706962573,ols
180756,3996435.0,-6.063528052325495,-72.16647194767451,ols
180766,3996435.0,-6.063528052325495,-72.09747738245711,ols
180787,3996435.0,-6.063528052325495,-72.2689719476745,ols
180789,3996435.0,-6.063528052325495,-72.2827219476745,ols
180805,3996435.0,-6.063528052325495,-71.88647194767451,ols
180809,3996435.0,-6.063528052325495,-75.05772194767451,ols
180816,3996435.0,-7.38271140193487,-86.42666359806513,ols
180832,3996435.0,-17.673009863848932,-78.85761513615107,ols
180835,3996435.0,-18.783269873614543,-80.91235512638546,ols
195809,3996435.0,-6.999685278887995,-69.55968972111201,ols
195816,3996435.0,-6.364751807208307,-80.6314981927917,ols
195818,3996435.0,-7.169317236895807,-86.7338077631042,ols
202413,3996435.0,-6.271978369708307,-70.40794587271594,ols
202420,3996435.0,-6.044744482989557,-72.15525551701045,ols
202425,3996435.0,-6.050222388262995,-72.05602761173701,ols
202433,3996435.0,-6.050222388262995,-71.910402611737,ols
202449,3996435.0,-6.053045264239572,-71.94382973576043,ols
202472,3996435.0,-6.053045264239572,-71.99882973576042,ols
202475,3996435.0,-6.053045264239572,-71.86898443873072,ols
202479,3996435.0,-6.053045264239572,-71.80820473576043,ols
202526,3996435.0,-5.992406836505182,-73.87196816349481,ols
162534,3996436.0,-72.4180183220567,-25.020106677943303,ols
162566,3996436.0,-60.781543712681696,-13.121581287318307,ols
173744,3996436.0,-70.04774854666607,-22.43662645333393,ols
173751,3996436.0,-66.82867811209577,-22.915071887904233,ols
173758,3996436.0,-61.70303724295513,-19.375087757044867,ols
173763,3996436.0,-60.7913551140489,-11.453644885951107,ols
180363,3996436.0,-72.92322156912701,-23.236778430872988,ols
180366,3996436.0,-72.90199659354107,-23.50425340645893,ols
180397,3996436.0,-72.87295911795513,-23.963915882044873,ols
180418,3996436.0,-72.86507032400984,-23.777429675990163,ols
180432,3996436.0,-72.83591077811138,-23.652214221888613,ols
180442,3996436.0,-72.83591077811138,-23.72221422188862,ols
180445,3996436.0,-72.83591077811138,-24.214089221888614,ols
180446,3996436.0,-72.83591077811138,-23.631589221888618,ols
180452,3996436.0,-72.83591077811138,-23.595339221888622,ols
180461,3996436.0,-72.83591077811138,-22.73408922188861,ols
180464,3996436.0,-72.83591077811138,-23.94096422188862,ols
180495,3996436.0,-63.87085340506451,-21.47477159493549,ols
180507,3996436.0,-63.64245985037701,-23.996290149622993,ols
180510,3996436.0,-63.64245985037701,-24.386915149622993,ols
180535,3996436.0,-62.0403785515489,-20.4789964484511,ols
180539,3996436.0,-62.078357677525446,-20.310392322474556,ols
180548,3996436.0,-62.1408424187364,-20.621032581263606,ols
180556,3996436.0,-62.093311290806696,-20.3154387091933,ols
180569,3996436.0,-62.093311290806696,-20.641063709193304,ols
180579,3996436.0,-62.093311290806696,-20.529715024982778,ols
180581,3996436.0,-62.093311290806696,-20.641266631271222,ols
180589,3996436.0,-62.093311290806696,-20.621063709193308,ols
180591,3996436.0,-62.093311290806696,-20.637938709193307,ols
180595,3996436.0,-62.093311290806696,-20.2860637091933,ols
180605,3996436.0,-62.093311290806696,-20.185438709193306,ols
180606,3996436.0,-62.093311290806696,-20.272938709193298,ols
180611,3996436.0,-62.093311290806696,-20.2866887091933,ols
180625,3996436.0,-62.093311290806696,-20.348136077614356,ols
180637,3996436.0,-62.078357677525446,-19.828517322474553,ols
180657,3996436.0,-61.34004590994732,-19.95495409005268,ols
195663,3996436.0,-79.75648878104107,-18.067261218958933,ols
195664,3996436.0,-78.84842298514263,-19.027827014857365,ols
195672,3996436.0,-73.00064466483013,-19.326855335169867,ols
195676,3996436.0,-69.01536939627545,-20.36400560372455,ols
195688,3996436.0,-60.97133253104107,-16.24679246895893,ols
195691,3996436.0,-60.64570997244732,-12.834290027552683,ols
195708,3996436.0,-61.62703321463482,-17.437966785365177,ols
195724,3996436.0,-61.62703321463482,-17.565466785365174,ols
195735,3996436.0,-61.62703321463482,-17.30796678536518,ols
195745,3996436.0,-61.62703321463482,-17.206716785365174,ols
195754,3996436.0,-61.62703321463482,-17.52671678536518,ols
195776,3996436.0,-61.62703321463482,-17.91318955764241,ols
195780,3996436.0,-61.62703321463482,-18.352966785365183,ols
195783,3996436.0,-61.62703321463482,-18.124216785365178,ols
195799,3996436.0,-61.75870130545513,-17.34067369454486,ols
195801,3996436.0,-61.75870130545513,-17.12629869454487,ols
202326,3996436.0,-79.04053113943951,-19.28821886056049,ols
202328,3996436.0,-79.06268690115827,-19.227938098841733,ols
202338,3996436.0,-79.06268690115827,-21.271063098841722,ols
202359,3996436.0,-79.06268690115827,-19.463828250356883,ols
202371,3996436.0,-79.06268690115827,-19.830438098841725,ols
202372,3996436.0,-79.06268690115827,-20.040438098841733,ols
202374,3996436.0,-79.06268690115827,-18.29543809884173,ols
202378,3996436.0,-78.99217603690045,-17.815373468050055,ols
202385,3996436.0,-75.82594678885357,-22.28217821114643,ols
202390,3996436.0,-70.54481885916607,-20.902681140833934,ols
202399,3996436.0,-62.761157970494196,-19.4763420295058,ols
202406,3996436.0,-60.835895519322335,-13.21535448067766,ols
69675,3996941.0,-63.9366369351867,-29.53501254934939,ols
82652,3996941.0,-61.74349118323357,-20.254575827075712,ols
82659,3996941.0,-61.04909421057732,-26.045905789422676,ols
82673,3996941.0,-68.98108578772576,-26.09516421227424,ols
94133,3996941.0,-61.745703707647635,-21.805635578066656,ols
50729,3996942.0,17.449820948790645,-96.74919594879064,ols
69654,3996942.0,17.067405177306256,-92.94990517730625,ols
82638,3996942.0,15.839209986876583,-97.00545998687659,ols
69606,3996943.0,-85.45348128261212,3.545981282612118,ols
69622,3996943.0,-93.94241552130416,1.483665521304161,ols
82586,3996943.0,-85.55507640041856,2.9763264004185572,ols
82597,3996943.0,-91.68082470288414,-2.2729252971158616,ols
94039,3996943.0,-85.42631409649462,8.530064096494627,ols
94042,3996943.0,-85.117651255955,2.9520262559549906,ols
94057,3996943.0,-87.740430619036,-1.5595693809639926,ols
94075,3996943.0,-96.2584645933368,-0.5640354066632085,ols
94080,3996943.0,-97.65421129898448,-1.7732887010155167,ols
119793,3996943.0,-94.97009826583157,0.8007232658315644,ols
162363,3996947.0,-89.35282347351078,-13.265926526489224,ols
162408,3996947.0,-90.00629637390142,-11.646550160752042,ols
162428,3996947.0,-90.00629637390142,-11.869953626098578,ols
162476,3996947.0,-89.98441527038578,-11.421209729614219,ols
162494,3996947.0,-89.98441527038578,-11.626834729614217,ols
162505,3996947.0,-89.98441527038578,-13.830584729614216,ols
173687,3996947.0,-82.95115111022953,-13.322598889770475,ols
180076,3996947.0,-73.10642454772953,-4.0173254522704696,ols
180086,3996947.0,-71.71280882507328,-6.6096911749267235,ols
180100,3996947.0,-71.6231176629639,-8.125007337036095,ols
180106,3996947.0,-71.45029661804203,-9.09532838195797,ols
180113,3996947.0,-71.42444822937016,-9.311176770629842,ols
180114,3996947.0,-71.42444822937016,-9.317426770629837,ols
180116,3996947.0,-71.42444822937016,-8.522426770629849,ols
180144,3996947.0,-71.42444822937016,-8.20930177062985,ols
180150,3996947.0,-71.42444822937016,-7.587426770629847,ols
180195,3996947.0,-78.65235350280766,-13.14764649719234,ols
180216,3996947.0,-78.65767882019047,-13.090446179809533,ols
180221,3996947.0,-78.65767882019047,-13.028571179809532,ols
180223,3996947.0,-78.65767882019047,-12.586071179809537,ols
180231,3996947.0,-78.65767882019047,-13.424196179809528,ols
180234,3996947.0,-78.65767882019047,-12.809196179809533,ols
180239,3996947.0,-78.72541258483892,-12.614587415161083,ols
180241,3996947.0,-78.8607122674561,-12.683037732543909,ols
180276,3996947.0,-80.77556822448736,-12.77318177551264,ols
180282,3996947.0,-80.78122923522953,-12.929395764770462,ols
180288,3996947.0,-80.78122923522953,-12.863770764770464,ols
180294,3996947.0,-80.78122923522953,-13.725020764770463,ols
180298,3996947.0,-80.78122923522953,-12.963145764770474,ols
180322,3996947.0,-81.45850584655766,-13.523994153442345,ols
195615,3996947.0,-85.51145384460453,-14.528546155395475,ols
195619,3996947.0,-85.96998045593266,-12.664394544067349,ols
195624,3996947.0,-86.3681585565186,-17.37684144348141,ols
195642,3996947.0,-87.11850950866703,-13.462115491332966,ols
195657,3996947.0,-87.11850950866703,-14.44274049133297,ols
195659,3996947.0,-87.14338133483892,-13.551280123494394,ols
202298,3996947.0,-72.32290098815922,-9.148349011840779,ols
202305,3996947.0,-76.18436644226078,-16.008758557739213,ols
202306,3996947.0,-79.41623900085453,-15.197510999145464,ols
162294,3996948.0,-22.79446681668915,-72.20240818331085,ols
162313,3996948.0,-11.724428974892277,-61.54557102510772,ols
173670,3996948.0,-15.614931904579777,-74.42131809542022,ols
179838,3996948.0,-25.8268764846579,-73.7174985153421,ols
179853,3996948.0,-23.495119892861027,-76.17175510713898,ols
179861,3996948.0,-22.8239467971579,-73.4354282028421,ols
179862,3996948.0,-22.48599513700165,-73.42587986299834,ols
179874,3996948.0,-22.066897236611027,-73.29122776338897,ols
179901,3996948.0,-22.091112934853214,-73.28513706514678,ols
179903,3996948.0,-22.091112934853214,-73.34763706514678,ols
179907,3996948.0,-22.091112934853214,-73.14013706514679,ols
179910,3996948.0,-22.091112934853214,-73.15638706514679,ols
179914,3996948.0,-22.091112934853214,-73.00263706514679,ols
179916,3996948.0,-22.091112934853214,-72.83326206514678,ols
179918,3996948.0,-22.091112934853214,-73.07263706514678,ols
179921,3996948.0,-22.091112934853214,-74.30826206514679,ols
179932,3996948.0,-22.091112934853214,-73.13013706514678,ols
179934,3996948.0,-22.091112934853214,-72.77138706514678,ols
179943,3996948.0,-22.091112934853214,-73.15888706514679,ols
179950,3996948.0,-22.091112934853214,-72.93638706514679,ols
179952,3996948.0,-22.091112934853214,-72.98326206514679,ols
179954,3996948.0,-22.091112934853214,-73.16513706514678,ols
179962,3996948.0,-22.091112934853214,-72.81326206514679,ols
179983,3996948.0,-22.091112934853214,-74.13638706514679,ols
179990,3996948.0,-22.091112934853214,-73.77138706514678,ols
179992,3996948.0,-22.091112934853214,-73.32513706514679,ols
180004,3996948.0,-22.091112934853214,-72.04826206514679,ols
180021,3996948.0,-20.61055263211884,-76.76132236788116,ols
180023,3996948.0,-20.586001240517277,-76.79837375948273,ols
180027,3996948.0,-20.46377834012665,-77.37559665987335,ols
180034,3996948.0,-18.5707729690329,-74.3673520309671,ols
180037,3996948.0,-17.8168667190329,-74.81438328096709,ols
180049,3996948.0,-13.582400166298527,-75.45197483370147,ols
180051,3996948.0,-13.040835224892277,-72.69041477510773,ols
195527,3996948.0,-28.2785366409079,-76.6145883590921,ols
195549,3996948.0,-22.254397236611027,-81.05178963207584,ols
195552,3996948.0,-22.254397236611027,-82.23060276338897,ols
202286,3996948.0,-23.780215107704777,-73.08790989229523,ols
162282,3996949.0,-97.729489971926,0.08886497192600018,ols
173654,3996949.0,-88.16346297740877,-1.7996620225912352,ols
173657,3996949.0,-91.2783889898102,-1.7478610101898084,ols
173663,3996949.0,-98.98790614734119,-0.9233438526588031,ols
179651,3996949.0,-86.89906007939352,5.810310079393517,ols
179656,3996949.0,-87.60400552165119,-1.839119478348806,ols
179658,3996949.0,-89.62628971481594,-1.8599602851840586,ols
179668,3996949.0,-94.34191420639678,-3.203085793603222,ols
179670,3996949.0,-94.597737372335,-5.3435126276649925,ols
179672,3996949.0,-94.76009917855013,-4.795525821449871,ols
179677,3996949.0,-94.85162400473001,-5.693375995269989,ols
179697,3996949.0,-98.07782984707846,-0.504670152921534,ols
179712,3996949.0,-98.7842158813622,-0.17828411863780502,ols
179734,3996949.0,-98.7842158813622,0.3242158813622069,ols
179757,3996949.0,-99.10969521419956,1.6859452141995632,ols
179765,3996949.0,-99.12608490052877,0.5485849005287662,ols
179766,3996949.0,-99.12608490052877,-0.4157900994712378,ols
179781,3996949.0,-99.12608490052877,1.0329599005287662,ols
179786,3996949.0,-99.12608490052877,1.2360849005287662,ols
179796,3996949.0,-99.12608490052877,0.8498349005287622,ols
179823,3996949.0,-99.12608490052877,1.0848349005287616,ols
179832,3996949.0,-99.9312813780422,-0.7743436219577973,ols
195512,3996949.0,-87.25124940536969,-3.3918755946303065,ols
195516,3996949.0,-92.25266610028322,-5.468583899716776,ols
202272,3996949.0,-86.71399123657099,-3.0128837634290164,ols
50656,3997709.0,20.30800196995959,-110.45253321995959,ols
50666,3997709.0,27.46655604710803,-102.33905604710803,ols
69593,3997709.0,22.667956803943966,-108.25420680394397,ols
69597,3997709.0,26.09479091038928,-104.75979091038928,ols
50625,3997710.0,40.7723594016237,-142.21860940162372,ols
69405,3997710.0,43.11995461646745,-138.83932961646747,ols
82463,3997710.0,47.01033547584245,-127.84783547584246,ols
82475,3997710.0,46.41582253638933,-137.24082253638932,ols
82479,3997710.0,46.3416953391237,-139.7404453391237,ols
82481,3997710.0,46.3416953391237,-140.7841953391237,ols
50568,3997711.0,-86.24062669560499,-3.408123304395019,mean_fallback
50582,3997711.0,-86.24062669560499,4.569376695604987,mean_fallback
50594,3997711.0,-86.24062669560499,6.641876695604992,mean_fallback
50604,3997711.0,-86.24062669560499,2.571812262615296,mean_fallback
69387,3997711.0,-86.24062669560499,5.821251695604985,mean_fallback
119712,3997711.0,-86.24062669560499,1.6737516956049916,mean_fallback
160747,3997715.0,-47.133680345477586,-57.68694465452242,ols
173633,3997715.0,-48.470945360126024,-62.46333299038946,ols
173639,3997715.0,-39.638990404071336,-55.967884595928666,ols
173640,3997715.0,-35.91494560426665,-54.92942939573335,ols
179632,3997715.0,-49.67703056520415,-59.44671943479585,ols
179636,3997715.0,-44.191099168719774,-55.608275831280224,ols
179638,3997715.0,-40.83103752321196,-54.990212476788045,ols
179640,3997715.0,-37.106077196063524,-55.771422803936474,ols
179646,3997715.0,-30.670667650165086,-43.56745734983491,ols
179648,3997715.0,-33.21059990114165,-47.10705473803361,ols
195499,3997715.0,-32.508497240008836,-51.26275275999116,ols
202246,3997715.0,-48.373914720477586,-56.826710279522416,ols
202249,3997715.0,-46.615491868915086,-59.30013313108492,ols
202251,3997715.0,-44.56382560914946,-53.18679939085054,ols
202255,3997715.0,-39.67930412477446,-56.52194587522554,ols
160715,3997716.0,-13.13506016774646,-81.03181483225354,ols
160726,3997716.0,-22.217472887473036,-86.45377711252696,ols
160735,3997716.0,-26.886113024191772,-83.88076197580823,ols
162167,3997716.0,-10.316258287863647,-73.33874171213635,ols
173616,3997716.0,-10.015202379660522,-71.28569968219514,ols
173621,3997716.0,-12.523487902121474,-78.84588709787853,ols
179622,3997716.0,-13.568547106223022,-81.92832789377698,ols
195438,3997716.0,-15.975193834738647,-82.03980616526135,ols
195445,3997716.0,-21.395390367941772,-87.33960963205823,ols
195448,3997716.0,-23.48961339040271,-85.51476160959729,ols
195454,3997716.0,-24.708775377707397,-86.1987246222926,ols
195456,3997716.0,-24.809712267355835,-88.15619682355326,ols
202228,3997716.0,-16.255314684348022,-86.54468531565198,ols
202235,3997716.0,-22.266255236105835,-83.45811976389416,ols
202236,3997716.0,-23.771382189230835,-82.82486781076916,ols
202241,3997716.0,-26.49803624196521,-87.03869056215851,ols
160698,3997717.0,-84.15781342047129,2.3271884204712876,mean_fallback
179614,3997717.0,-84.15781342047129,-4.610872146539023,mean_fallback
195424,3997717.0,-84.15781342047129,0.26156342047129044,mean_fallback
202200,3997717.0,-84.15781342047129,-2.9800731774668634,mean_fallback
202203,3997717.0,-84.15781342047129,3.2234384204712825,mean_fallback
202207,3997717.0,-84.15781342047129,2.475313420471281,mean_fallback
5136,3998477.0,-30.78366163774679,-47.43508836225321,ols
5149,3998477.0,-36.18270948930929,-61.22729051069071,ols
5154,3998477.0,-39.377014909231164,-62.44173509076883,ols
34735,3998477.0,-42.70767286821554,-60.767952131784455,ols
34740,3998477.0,-39.32994154497334,-60.136308455026665,ols
34761,3998477.0,-33.242371354543664,-51.73575364545634,ols
34764,3998477.0,-36.329346452199914,-55.39377854780008,ols
34769,3998477.0,-39.31045607134054,-60.944543928659456,ols
50497,3998477.0,-42.75943068071554,-59.17806931928446,ols
69312,3998477.0,-42.66212538286398,-61.39662461713603,ols
82378,3998477.0,-30.411255631887414,-49.80686936811259,ols
119666,3998477.0,-37.05662611528585,-57.30149888471415,ols
119679,3998477.0,-47.81738356157493,-63.006366438425076,ols
5066,3998478.0,-16.18847327283686,-63.53465172716314,ols
5070,3998478.0,-16.530376959360296,-64.8008730406397,ols
5087,3998478.0,-26.66747717908686,-79.63377282091314,ols
34691,3998478.0,-16.16828589490717,-64.63358910509282,ols
34713,3998478.0,-29.49396948865717,-80.96040551134283,ols
34726,3998478.0,-37.09919409803217,-77.65145023186473,ols
50469,3998478.0,-19.60985999158686,-76.24889000841314,ols
69269,3998478.0,-16.82874732068842,-66.89278733277692,ols
82310,3998478.0,-26.26856665662592,-75.07268334337408,ols
82333,3998478.0,-24.299541998422796,-78.3110830015772,ols
119597,3998478.0,-30.023968267954046,-77.21443379390163,ols
119613,3998478.0,-15.860195684946234,-60.81042931505377,ols
119618,3998478.0,-23.58349280408686,-79.64900719591314,ols
119626,3998478.0,-31.67486243299311,-80.70455675892609,ols
119631,3998478.0,-34.81786780408686,-80.20661673199562,ols
179552,3998478.0,-25.680965948618123,-79.54028405138187,ols
4045,3998479.0,-49.24707405989592,-44.68855094010408,ols
4099,3998479.0,-53.69917672102875,-48.182698278971245,ols
4125,3998479.0,-56.99510567610686,-49.23801932389314,ols
4161,3998479.0,-57.0606421751303,-49.3187328248697,ols
4202,3998479.0,-57.06116097395842,-49.18633902604158,ols
4228,3998479.0,-57.06116097395842,-50.009464026041584,ols
4244,3998479.0,-57.0606421751303,-48.0849828248697,ols
4256,3998479.0,-57.06116097395842,-49.144464026041575,ols
4300,3998479.0,-57.08230965559905,-49.900190344400954,ols
4304,3998479.0,-57.08230965559905,-49.742065344400956,ols
4332,3998479.0,-57.08282845442716,-49.77717154557284,ols
4345,3998479.0,-57.08230965559905,-49.96831534440095,ols
4362,3998479.0,-57.08282845442716,-49.66654654557284,ols
4368,3998479.0,-57.08282845442716,-50.517796545572835,ols
4397,3998479.0,-57.08230965559905,-49.31394034440095,ols
4401,3998479.0,-57.08282845442716,-49.65217154557284,ols
4407,3998479.0,-57.08230965559905,-49.76269034440095,ols
4447,3998479.0,-57.08230965559905,-50.17269034440095,ols
4449,3998479.0,-57.08282845442716,-49.82154654557284,ols
4467,3998479.0,-57.08230965559905,-49.664565344400955,ols
4474,3998479.0,-57.08282845442716,-49.61279654557285,ols
4528,3998479.0,-57.08282845442716,-47.224671545572846,ols
4533,3998479.0,-57.08230965559905,-49.31081534440095,ols
4546,3998479.0,-57.08282845442716,-47.68342154557284,ols
4557,3998479.0,-57.08230965559905,-48.84456534440095,ols
4570,3998479.0,-57.08230965559905,-49.26519034440095,ols
4635,3998479.0,-57.08282845442716,-50.521546545572846,ols
4636,3998479.0,-57.08230965559905,-51.70956534440096,ols
4640,3998479.0,-57.08282845442716,-51.705296545572835,ols
4655,3998479.0,-57.08282845442716,-50.51092154557284,ols
4668,3998479.0,-57.08230965559905,-50.117065344400956,ols
4686,3998479.0,-57.08282845442716,-50.36842154557284,ols
4778,3998479.0,-57.08230965559905,-49.08206534440096,ols
4784,3998479.0,-57.08230965559905,-49.37269034440095,ols
4808,3998479.0,-57.08230965559905,-50.19206534440096,ols
4831,3998479.0,-57.08230965559905,-50.21394034440095,ols
4880,3998479.0,-57.08230965559905,-50.00706534440096,ols
4894,3998479.0,-57.08230965559905,-49.88019034440096,ols
4898,3998479.0,-57.08230965559905,-50.06081534440095,ols
4900,3998479.0,-57.08230965559905,-50.16894034440095,ols
4907,3998479.0,-57.08230965559905,-50.19206534440096,ols
4963,3998479.0,-57.08230965559905,-49.696440344400955,ols
4970,3998479.0,-57.08282845442716,-50.39092154557284,ols
4987,3998479.0,-57.08230965559905,-48.23644034440095,ols
5006,3998479.0,-57.08230965559905,-48.91706534440095,ols
5021,3998479.0,-59.358051232747485,-54.38257376725251,ols
5025,3998479.0,-60.21007149641936,-52.159928503580645,ols
5036,3998479.0,-63.115009240559985,-52.69124075944002,ols
34643,3998479.0,-40.6216773313803,-40.3345726686197,ols
50394,3998479.0,-52.000690392903735,-43.217434607096266,ols
50415,3998479.0,-42.274799279622485,-45.742075720377514,ols
50427,3998479.0,-53.792987756184985,-50.91888724381502,ols
50433,3998479.0,-56.718036584309985,-48.83821341569002,ols
82244,3998479.0,-55.87408822005216,-42.51716177994784,ols
82257,3998479.0,-46.02026741927092,-43.65785758072907,ols
82299,3998479.0,-60.24805062239592,-52.72569937760407,ols
93762,3998479.0,-49.13484566634125,-42.87452933365876,ols
93782,3998479.0,-41.300617150716235,-43.026257849283766,ols
160621,3998483.0,-38.02206779095401,-50.92668220904599,ols
162092,3998483.0,-34.2165715751337,-41.65217842486631,ols
162107,3998483.0,-46.74771476361026,-55.32103523638973,ols
162112,3998483.0,-49.98306632611026,-52.706933673889736,ols
173597,3998483.0,-47.41150260540714,-55.31099739459286,ols
179584,3998483.0,-40.865222698180574,-56.39790230181943,ols
179593,3998483.0,-37.62048698040714,-51.26388801959287,ols
179594,3998483.0,-41.48837638470401,-51.952873615295985,ols
195388,3998483.0,-41.81555533978214,-53.15381966021786,ols
195398,3998483.0,-41.790454631774324,-50.39204536822568,ols
195400,3998483.0,-45.36447501751651,-51.55489998248349,ols
195407,3998483.0,-53.37713981243839,-55.403485187561614,ols
202162,3998483.0,-43.63269401165714,-59.631680988342865,ols
202173,3998483.0,-39.54947257611026,-54.73365242388974,ols
202179,3998483.0,-49.9437902030634,-55.642459796936606,ols
160566,3998484.0,-17.556533021044032,-72.14284197895597,ols
162023,3998484.0,-24.442687195848734,-75.62168780415126,ols
162045,3998484.0,-20.559233826708095,-75.43389117329191,ols
162061,3998484.0,-33.48181073100497,-76.93160072732834,ols
173559,3998484.0,-16.99877850444247,-69.66934649555753,ols
173561,3998484.0,-15.70690838725497,-63.679341612745034,ols
173565,3998484.0,-21.68157879741122,-73.66404620258878,ols
173571,3998484.0,-32.274565857958095,-79.83043414204191,ols
173573,3998484.0,-34.91990582377841,-81.2657191762216,ols
179561,3998484.0,-16.138625306200282,-63.77824969379972,ols
179568,3998484.0,-29.418608826708095,-78.84451617329191,ols
195358,3998484.0,-33.37103192241122,-75.5658170359221,ols
146530,3998485.0,-47.60660493259928,-36.02589506740071,ols
146535,3998485.0,-51.012229322247705,-41.8090206777523,ols
160486,3998485.0,-57.04215180759928,-38.934723192400725,ols
160527,3998485.0,-65.5553354013493,-48.56216459865071,ols
173540,3998485.0,-60.49404084568522,-44.36220915431478,ols
179540,3998485.0,-63.48134553318522,-48.45927946681478,ols
195335,3998485.0,-60.814566968732095,-39.6135580312679,ols
195341,3998485.0,-48.631614087872705,-36.149010912127295,ols
195348,3998485.0,-56.36008393650553,-43.45304106349447,ols
195351,3998485.0,-60.20626008396647,-43.66873991603353,ols
195356,3998485.0,-68.9045327890446,-44.18484221095541,ols
202100,3998485.0,-66.8210366952946,-37.995369554705405,ols
202116,3998485.0,-48.39156281834147,-38.940937181658526,ols
202125,3998485.0,-63.20468842869303,-48.95656157130696,ols
3975,4000013.0,-32.26367495147288,-71.96632504852712,ols
4001,4000013.0,-16.512194848933788,-62.041555151066206,ols
4014,4000013.0,-23.479083276668177,-74.52466672333182,ols
18444,4000013.0,-34.532656885066615,-73.60032183833762,ols
18448,4000013.0,-32.291873193660365,-73.80062680633964,ols
18455,4000013.0,-29.823779321590052,-74.66997067840995,ols
50210,4000013.0,-16.49850771514474,-58.78586728485526,ols
50214,4000013.0,-16.49850771514474,-58.61274228485526,ols
50219,4000013.0,-16.49850771514474,-58.74774228485526,ols
50236,4000013.0,-16.49850771514474,-58.99774228485526,ols
50242,4000013.0,-16.49850771514474,-58.965867284855264,ols
50268,4000013.0,-16.49850771514474,-59.117742284855254,ols
50321,4000013.0,-16.49850771514474,-59.620867284855265,ols
50326,4000013.0,-16.496768213191615,-59.74073178680838,ols
50332,4000013.0,-16.496768213191615,-59.08698178680838,ols
50339,4000013.0,-16.496768213191615,-58.89823178680838,ols
50358,4000013.0,-18.292407251277552,-73.79134274872244,ols
50373,4000013.0,-27.806948877254115,-73.71992612274589,ols
68979,4000013.0,-17.53366396514474,-62.441336034855254,ols
68981,4000013.0,-16.57760927764474,-59.317390722355256,ols
69001,4000013.0,-21.89621279326974,-73.17816220673026,ols
69006,4000013.0,-23.06637880889474,-74.42424619110525,ols
82203,4000013.0,-31.482180810847865,-74.14469418915213,ols
82219,4000013.0,-17.198306299129115,-58.95294370087089,ols
82226,4000013.0,-20.231250024715052,-75.46499997528495,ols
119507,4000013.0,-28.139849878230677,-73.23390012176932,ols
119524,4000013.0,-17.124331689754115,-66.84816831024588,ols
119537,4000013.0,-29.393511987605677,-72.94711301239433,ols
146452,4000013.0,-32.51901552764474,-74.67848447235527,ols
146454,4000013.0,-29.760501123347865,-72.70512387665214,ols
160434,4000013.0,-25.456790185847865,-71.63814652301289,ols
195316,4000013.0,-24.03027651397288,-67.73669879466908,ols
2869,4000014.0,-40.44028588388103,-60.395964116118975,ols
2912,4000014.0,-21.801903925873205,-54.76497107412679,ols
2918,4000014.0,-24.085808955170094,-59.83169104482991,ols
2920,4000014.0,-26.74089928720136,-65.73910071279865,ols
2950,4000014.0,-37.39994164559978,-70.89630835440022,ols
2954,4000014.0,-37.94489403817791,-69.79323096182209,ols
2980,4000014.0,-39.47577782724041,-67.8948471727596,ols
2999,4000014.0,-39.50412865731853,-68.85274634268147,ols
3006,4000014.0,-39.50412865731853,-68.04087134268147,ols
3009,4000014.0,-39.50412865731853,-68.65024634268147,ols
3021,4000014.0,-39.50412865731853,-69.79649634268146,ols
3024,4000014.0,-39.50412865731853,-69.38649634268147,ols
3035,4000014.0,-39.50412865731853,-69.52212134268147,ols
3052,4000014.0,-39.50412865731853,-69.41212134268147,ols
3063,4000014.0,-39.50412865731853,-69.11149634268146,ols
3079,4000014.0,-39.50412865731853,-69.45962134268147,ols
3118,4000014.0,-39.50412865731853,-68.95962134268147,ols
3149,4000014.0,-39.50412865731853,-69.36462134268147,ols
3181,4000014.0,-39.50412865731853,-67.94274634268147,ols
3205,4000014.0,-39.50412865731853,-68.37712134268146,ols
3209,4000014.0,-39.50412865731853,-67.84712134268146,ols
3228,4000014.0,-39.50412865731853,-68.18524634268147,ols
3246,4000014.0,-39.50412865731853,-67.60587134268147,ols
3279,4000014.0,-39.50412865731853,-69.21837134268146,ols
3324,4000014.0,-39.50412865731853,-69.21524634268147,ols
3374,4000014.0,-39.50412865731853,-69.82399634268147,ols
3392,4000014.0,-39.50412865731853,-68.64149634268146,ols
3409,4000014.0,-39.50412865731853,-69.18149634268147,ols
3440,4000014.0,-39.50412865731853,-69.20274634268146,ols
3455,4000014.0,-39.50412865731853,-69.17524634268146,ols
3463,4000014.0,-39.50412865731853,-69.28087134268146,ols
3464,4000014.0,-39.50412865731853,-68.30774634268147,ols
3479,4000014.0,-39.50412865731853,-67.57524634268147,ols
3483,4000014.0,-39.50412865731853,-69.44087134268146,ols
3503,4000014.0,-39.50412865731853,-69.00462134268147,ols
3531,4000014.0,-39.50100060556073,-69.35962439443927,ols
3536,4000014.0,-39.50100060556073,-69.81149939443927,ols
3540,4000014.0,-39.50100060556073,-69.54149939443927,ols
3582,4000014.0,-39.50100060556073,-68.82087439443927,ols
3584,4000014.0,-39.50100060556073,-68.44024939443926,ols
3632,4000014.0,-39.50100060556073,-69.40524939443927,ols
3647,4000014.0,-39.50100060556073,-68.23274939443927,ols
3669,4000014.0,-39.50100060556073,-71.08774939443927,ols
3707,4000014.0,-39.50100060556073,-70.16087439443926,ols
3711,4000014.0,-39.50100060556073,-69.14524939443926,ols
3723,4000014.0,-39.47882958505291,-70.15054541494709,ols
3738,4000014.0,-39.47882958505291,-71.71492041494709,ols
3757,4000014.0,-39.47882958505291,-70.0211704149471,ols
3786,4000014.0,-39.47882958505291,-69.38554541494709,ols
3792,4000014.0,-39.47882958505291,-68.6392954149471,ols
3810,4000014.0,-39.47882958505291,-68.31867041494709,ols
3832,4000014.0,-39.47882958505291,-69.46054541494709,ols
3876,4000014.0,-39.47882958505291,-69.55992041494709,ols
3889,4000014.0,-39.47882958505291,-69.37117041494709,ols
3902,4000014.0,-39.47882958505291,-69.9561704149471,ols
3931,4000014.0,-39.47882958505291,-69.4042954149471,ols
3940,4000014.0,-40.028191767670094,-68.09368323232991,ols
3954,4000014.0,-43.17759057138103,-67.37240942861897,ols
3960,4000014.0,-45.95682641122478,-67.86504858877522,ols
18360,4000014.0,-38.42286034677166,-59.29963965322834,ols
18377,4000014.0,-28.99759789559978,-58.46552710440022,ols
18383,4000014.0,-26.233529292084157,-56.68084570791585,ols
18399,4000014.0,-22.757149897552907,-55.09097510244709,ols
18408,4000014.0,-31.331246577240407,-70.20312842275959,ols
34467,4000014.0,-43.21793480966228,-58.77956519033772,ols
49949,4000014.0,-44.17441674325603,-58.54401109179551,ols
49957,4000014.0,-41.46201439950603,-57.432360600493965,ols
49979,4000014.0,-29.73629113290447,-57.852458867095535,ols
50004,4000014.0,-21.444695673920094,-57.0453043260799,ols
50009,4000014.0,-21.960396967865407,-56.3777280321346,ols
50017,4000014.0,-22.61185570809978,-55.77626929190022,ols
50019,4000014.0,-22.856942378021657,-53.374307621978346,ols
50030,4000014.0,-22.96140404794353,-52.83234595205647,ols
50033,4000014.0,-22.901513300873205,-52.690986699126796,ols
50052,4000014.0,-22.809014521576344,-50.60891477135294,ols
50073,4000014.0,-22.72824975106853,-55.6675835822648,ols
68922,4000014.0,-23.285531245209157,-66.15009375479084,ols
82130,4000014.0,-41.516030512787296,-59.295219487212705,ols
82167,4000014.0,-28.11580773446697,-70.02037647605935,ols
82177,4000014.0,-38.079507075287296,-69.3742429247127,ols
202020,4000014.0,-38.96854516122478,-67.17957983877521,ols
202026,4000014.0,-38.96854516122478,-67.16957983877522,ols
202035,4000014.0,-38.96854516122478,-67.71082983877521,ols
202037,4000014.0,-38.96854516122478,-66.85020483877521,ols
202050,4000014.0,-38.983315669037296,-69.11918433096271,ols
202055,4000014.0,-39.055077753998205,-69.3811722460018,ols
202057,4000014.0,-39.335992060638844,-68.03588293936116,ols
202059,4000014.0,-39.80512353036541,-70.2886264696346,ols
202067,4000014.0,-43.26975365731853,-70.97649634268147,ols
2838,4000015.0,-96.0930957617227,8.61372076172269,ols
34398,4000015.0,-117.73720381809078,-0.13529618190922577,ols
34443,4000015.0,-95.17822415090276,9.476974150902763,ols
34455,4000015.0,-102.92976704078777,-2.5227329592122345,ols
68744,4000015.0,-105.16995919719238,-2.0644158028076163,ols
68765,4000015.0,-100.84848753720316,-7.168387462796844,ols
68771,4000015.0,-100.55945967896523,-4.60179032103477,ols
68790,4000015.0,-100.0947688752144,-1.6558561247856005,ols
68804,4000015.0,-100.0947688752144,-1.0039811247855965,ols
68811,4000015.0,-100.0947688752144,-1.1096061247856,ols
68818,4000015.0,-100.0947688752144,-1.1696061247856022,ols
68827,4000015.0,-100.0947688752144,-1.4777311247856062,ols
68838,4000015.0,-100.0947688752144,-1.077106124785601,ols
68857,4000015.0,-98.6057880296337,-0.8060869703662945,ols
68866,4000015.0,-95.52551454182895,12.025514541828954,ols
68878,4000015.0,-98.89624018202443,-4.547509817975566,ols
82100,4000015.0,-95.3728925215172,11.261333381732257,ols
82105,4000015.0,-95.15249783776768,13.323747837767684,ols
119373,4000015.0,-111.42517722477128,4.432677224771268,ols
119391,4000015.0,-100.56996384834217,-2.643786151657835,ols
119394,4000015.0,-97.85401293570763,0.47588793570763244,ols
119398,4000015.0,-95.62625368034524,6.472503680345241,ols
173247,4000015.0,-108.49823790435471,-1.6411370956452913,ols
173256,4000015.0,-103.99193440524387,-2.128065594756137,ols
173263,4000015.0,-98.53185826126455,-0.5965019537892147,ols
179321,4000015.0,-110.38157019349394,2.9509451934939364,ols
179353,4000015.0,-98.88309513390581,-3.533779866094193,ols
179356,4000015.0,-98.88309513390581,-3.508779866094187,ols
179371,4000015.0,-98.88309513390581,-3.2012798660941826,ols
179388,4000015.0,-98.91416255011391,-2.2577124498860854,ols
201913,4000015.0,-111.09833138949683,2.4758313894968325,ols
146469,4000019.0,-35.1967994734471,-51.96695052655289,ols
146478,4000019.0,-39.1921150252049,-55.7472599747951,ols
160444,4000019.0,-34.67069168536115,-51.805558314638844,ols
160471,4000019.0,-52.197699742001774,-56.43696520645183,ols
173506,4000019.0,-34.47856827227521,-47.71455672772478,ols
195321,4000019.0,-34.74893875567365,-48.82856124432635,ols
195324,4000019.0,-42.28441544024396,-64.15803505480554,ols
34560,4000020.0,-75.27414558654979,-43.03835441345021,ols
131680,4000020.0,-55.93182991272167,-33.766920087278336,ols
131683,4000020.0,-52.10184334045604,-32.23893046906777,ols
131687,4000020.0,-48.72481392151073,-30.252686078489276,ols
131711,4000020.0,-59.91998909240917,-41.54775284307472,ols
146427,4000020.0,-66.21491096740917,-44.954464032590835,ols
160345,4000020.0,-65.27316902404979,-34.6562059759502,ols
160361,4000020.0,-53.97913215881542,-34.02336784118458,ols
160364,4000020.0,-50.761587603151355,-31.82528739684865,ols
160378,4000020.0,-51.18707893615917,-38.00917106384084,ols
160393,4000020.0,-60.34421394592479,-42.67078605407521,ols
160395,4000020.0,-62.887503130495105,-44.004371869504894,ols
160398,4000020.0,-65.19010017639354,-43.00364982360645,ols
160402,4000020.0,-67.27831123596384,-44.06168876403616,ols
160406,4000020.0,-69.20180366760448,-44.40507133239552,ols
160417,4000020.0,-72.54671333557323,-39.480161664426774,ols
173315,4000020.0,-55.96991585022167,-35.35394778614197,ols
173323,4000020.0,-49.85262153869823,-32.310503461301764,ols
173353,4000020.0,-55.09015510803417,-39.67609489196583,ols
173366,4000020.0,-56.75154731994823,-36.81470268005177,ols
173383,4000020.0,-56.745901567995105,-37.6253484320049,ols
173396,4000020.0,-56.77278755432323,-35.95783744567677,ols
173422,4000020.0,-56.790335161745105,-35.82403983825489,ols
173428,4000020.0,-56.790335161745105,-36.09091483825489,ols
173462,4000020.0,-56.790335161745105,-36.740289838254895,ols
173484,4000020.0,-64.15689705139354,-43.49935294860646,ols
173496,4000020.0,-75.06712959533884,-44.37037040466116,ols
179416,4000020.0,-68.64951179748729,-34.290488202512705,ols
179421,4000020.0,-65.1209931207295,-37.97088187927051,ols
179427,4000020.0,-60.97510383850293,-38.94677116149707,ols
179431,4000020.0,-58.89954231506542,-41.17170768493459,ols
179438,4000020.0,-56.11670540100293,-35.88391959899707,ols
179444,4000020.0,-55.01624153381542,-35.72813346618459,ols
179456,4000020.0,-55.04836128479198,-34.58677385034315,ols
179460,4000020.0,-55.03140877014354,-34.53929830056353,ols
195290,4000020.0,-47.55380867248729,-25.608066327512702,ols
195299,4000020.0,-59.75028084045604,-41.59284415954396,ols
195300,4000020.0,-63.20569465881542,-43.098598270477495,ols
195309,4000020.0,-73.07721565490917,-43.11028434509083,ols
201939,4000020.0,-68.2280793023701,-39.0408600915693,ols
201942,4000020.0,-63.44530342346384,-39.22907157653616,ols
201948,4000020.0,-53.91634224182323,-34.656157758176775,ols
201950,4000020.0,-50.32599495178417,-30.470880048215832,ols
201956,4000020.0,-49.42960212951854,-31.196022870481457,ols
2801,4000021.0,-67.14282209256736,-44.09155290743264,ols
2804,4000021.0,-65.41574079373925,-43.72550920626075,ols
2814,4000021.0,-61.48553449491111,-46.80196550508889,ols
34418,4000021.0,-66.76928693631736,-42.92883806368265,ols
34419,4000021.0,-64.58668500760642,-44.74018999239358,ols
34425,4000021.0,-62.21069318631736,-46.03243181368265,ols
34428,4000021.0,-59.48941022733298,-47.91433977266702,ols
49895,4000021.0,-64.69338971952048,-43.80223528047952,ols
49899,4000021.0,-62.86512739041892,-45.717372609581076,ols
49906,4000021.0,-60.720565622840795,-45.6919343771592,ols
49912,4000021.0,-55.55598432401267,-41.99237877122543,ols
82093,4000021.0,-57.23582441190331,-44.49020298535697,ols
93615,4000021.0,-57.417556589637655,-41.457443410362345,ols
93655,4000021.0,-68.86373884061423,-42.44876115938577,ols
131606,4000021.0,-71.74113447049704,-43.094539686806314,ols
131616,4000021.0,-68.33276349881736,-42.54348650118264,ols
131619,4000021.0,-66.31826764920798,-43.95298235079201,ols
146301,4000021.0,-50.93926984647361,-30.275730153526396,ols
146321,4000021.0,-63.33145124295798,-43.077298757042016,ols
160312,4000021.0,-52.061248606239246,-34.10790900245641,ols
160317,4000021.0,-50.87289411405173,-30.51460588594827,ols
173282,4000021.0,-57.54832441190331,-36.51355058809669,ols
173287,4000021.0,-60.933059519325184,-44.926940480674816,ols
179307,4000021.0,-74.64407331327048,-46.27459107029115,ols
179314,4000021.0,-71.25314313748925,-44.22185686251075,ols
179407,4000021.0,-54.034408396278295,-37.9549666037217,ols
179410,4000021.0,-59.00512678006736,-42.30924821993264,ols
179414,4000021.0,-64.58711225370016,-43.74471764320707,ols
195259,4000021.0,-62.640609568153295,-44.0218904318467,ols
195266,4000021.0,-51.15982038358298,-28.226429616417022,ols
132754,4001555.0,-101.09616973943689,0.9411697394368872,mean_fallback
132769,4001555.0,-101.09616973943689,-3.130080260563105,mean_fallback
147522,4001555.0,-101.09616973943689,0.12000994562244216,mean_fallback
173796,4001555.0,-101.09616973943689,-2.329732322418792,mean_fallback
202551,4001555.0,-101.09616973943689,-0.2344552605631094,mean_fallback
202554,4001555.0,-101.09616973943689,-3.067580260563105,mean_fallback
202557,4001555.0,-101.09616973943689,-0.9650802605631128,mean_fallback
132862,4002324.0,-101.17425876967567,4.50738376967567,ols
132878,4002324.0,-93.28864558721308,0.055520587213081285,ols
147664,4002324.0,-101.57755656151394,6.018806561513941,ols
147666,4002324.0,-100.02485102848786,2.7667260284878523,ols
147680,4002324.0,-94.05271903214442,0.9914690321444226,ols
147703,4002324.0,-90.89292058466603,-1.688954415333967,ols
147724,4002324.0,-90.89292058466603,-1.9783294153339739,ols
147752,4002324.0,-90.93700869452648,-3.300491305473514,ols
147771,4002324.0,-90.8928904698369,-0.8708595301631021,ols
147784,4002324.0,-90.8928904698369,-1.117734530163105,ols
147791,4002324.0,-90.8928904698369,-1.4996095301630987,ols
147821,4002324.0,-90.8928904698369,-0.6508595301631033,ols
147831,4002324.0,-90.8928904698369,-0.09585953016309645,ols
147841,4002324.0,-90.8928904698369,-0.8927345301630965,ols
147867,4002324.0,-90.93700869452648,-2.0967413054735147,ols
147875,4002324.0,-90.93700869452648,-1.1204913054735215,ols
147881,4002324.0,-90.93700869452648,-0.01799130547351524,ols
147901,4002324.0,-90.93700869452648,-0.9936163054735232,ols
147908,4002324.0,-90.93700869452648,-1.2048663054735158,ols
147923,4002324.0,-89.3301566987073,2.3314066987072977,ols
147926,4002324.0,-89.06770596275521,4.662705962755211,ols
162749,4002324.0,-104.68510578043504,8.486980780435033,ols
162767,4002324.0,-94.99657800703952,-1.0209219929604814,ols
162782,4002324.0,-92.42436504831952,0.3306150483195154,ols
162789,4002324.0,-92.47681002326624,-0.3088149767337569,ols
162840,4002324.0,-92.74260350525283,-1.1611464947471717,ols
162845,4002324.0,-92.53065533776794,2.03003033776794,ols
162858,4002324.0,-92.27067401780529,-0.6549509821947055,ols
162871,4002324.0,-92.27067401780529,-1.2987009821947026,ols
162881,4002324.0,-92.27067401780529,-1.3705759821947083,ols
162889,4002324.0,-92.27067401780529,2.748799017805297,ols
162910,4002324.0,-92.27067401780529,-1.514950982194705,ols
162927,4002324.0,-92.27070413263442,1.6944541326344194,ols
162933,4002324.0,-92.32259198324205,-0.4774080167579484,ols
162940,4002324.0,-92.3226220980712,-1.943002901928807,ols
162944,4002324.0,-92.3226220980712,-1.1298779019288077,ols
162946,4002324.0,-92.32259198324205,-1.7355330167579552,ols
162990,4002324.0,-92.3226220980712,-0.9005029019288031,ols
163007,4002324.0,-92.27070413263442,0.9350791326344279,ols
163011,4002324.0,-92.27067401780529,0.12442401780529622,ols
163053,4002324.0,-90.9211381795699,-1.703861820430106,ols
163073,4002324.0,-90.23045457325188,11.649204573251879,ols
173853,4002324.0,-100.72048852419934,3.779238524199343,ols
173856,4002324.0,-96.94548928964149,1.2004892896414816,ols
173858,4002324.0,-95.00073385346079,0.9451088534607806,ols
173864,4002324.0,-90.81703121523411,-1.4442187847658943,ols
173877,4002324.0,-89.2907363873635,4.6069863873634915,ols
173885,4002324.0,-93.30942481931943,11.854424819319433,ols
173889,4002324.0,-94.91702968586712,3.1058183456609214,ols
181160,4002324.0,-94.90180663973702,-0.16319336026298004,ols
181164,4002324.0,-94.95529057628904,0.18841557628904582,ols
181168,4002324.0,-94.95529057628904,-0.17095942371095418,ols
181179,4002324.0,-94.95529057628904,-0.03595942371094907,ols
181183,4002324.0,-94.95529057628904,1.0759155762890487,ols
181190,4002324.0,-94.95529057628904,-1.3990844237109599,ols
181205,4002324.0,-94.0187043326312,-6.348170667368791,ols
181220,4002324.0,-93.96348879340363,-3.3090112065963666,ols
181232,4002324.0,-93.85325346133791,-1.7654965386620916,ols
181244,4002324.0,-93.85325346133791,-2.317371538662087,ols
181258,4002324.0,-93.79821861108519,-4.153031388914812,ols
181260,4002324.0,-93.52405320659777,-1.6646967934022285,ols
181268,4002324.0,-89.86109619385401,-1.9857788061459871,ols
181273,4002324.0,-89.05952978664378,3.5957797866437744,ols
195848,4002324.0,-102.33901001631014,6.725260016310145,ols
195860,4002324.0,-93.83357342049514,-3.2070515795048635,ols
195866,4002324.0,-93.61183793353986,-2.10691206646014,ols
195872,4002324.0,-93.61183793353986,-2.4144120664601445,ols
195885,4002324.0,-93.61183793353986,-2.136912066460141,ols
195890,4002324.0,-93.61183793353986,-2.5506620664601343,ols
195918,4002324.0,-91.51031975427269,-4.190305245727316,ols
195923,4002324.0,-89.15884849314637,2.237598493146365,ols
124759,4051731.0,-84.23853727946474,-11.23833772053527,ols
124765,4051731.0,-84.00809362404571,-11.148156375954287,ols
124766,4051731.0,-83.74865828121098,-9.885091718789027,ols
124781,4051731.0,-82.90679522235351,-11.116329777646484,ols
124782,4051731.0,-82.66449549519737,-11.064254504802634,ols
124797,4051731.0,-82.12677756088195,-3.93822243911805,ols
124800,4051731.0,-81.98393094137992,-4.181069058620082,ols
124810,4051731.0,-81.70567727890713,-3.819322721092874,ols
124826,4051731.0,-81.62209173208541,-3.3385332679145847,ols
124862,4051731.0,-81.64831587774552,-4.055434122254482,ols
124866,4051731.0,-81.64831587774552,-4.04168412225448,ols
124877,4051731.0,-81.64831587774552,-3.607934122254477,ols
124904,4051731.0,-81.64831587774552,-3.7479341222544775,ols
124915,4051731.0,-81.64831587774552,-3.884809122254481,ols
124973,4051731.0,-81.64831587774552,-1.6054341222544792,ols
124986,4051731.0,-81.45600065473687,16.459125654736866,ols
125003,4051731.0,-80.65921381168674,6.6042138116867335,ols
125034,4051731.0,-78.56101697630709,2.4866419763070837,ols
125056,4051731.0,-76.04155110640656,1.4534261064065532,ols
125076,4051731.0,-79.51647942768109,2.9664794276810937,ols
125089,4051731.0,-81.29810612962625,5.349356129626244,ols
125113,4051731.0,-83.38539672902812,11.667271729028116,ols
125115,4051731.0,-83.68831719223579,9.638317192235789,ols
125147,4051731.0,-85.04901718625354,8.468392186253539,ols
125150,4051731.0,-85.09944526852212,7.603195268522114,ols
125175,4051731.0,-85.41069728600459,2.445697286004588,ols
125180,4051731.0,-85.49344871309856,4.911573713098562,ols
138261,4051731.0,-81.4669551057278,-3.8317948942721927,ols
138279,4051731.0,-81.22617897298767,-4.851946027012332,ols
138299,4051731.0,-81.22884526321565,-4.648029736784352,ols
138328,4051731.0,-81.24424031691903,-4.129509683080968,ols
138364,4051731.0,-81.23891737946569,-4.521707620534315,ols
138372,4051731.0,-81.24156920518972,-4.444055794810282,ols
138378,4051731.0,-81.25427386115854,-4.741976138841466,ols
138406,4051731.0,-81.26948569781189,-4.5717643021881145,ols
138420,4051731.0,-81.26959177084085,-4.293533229159152,ols
138455,4051731.0,-81.02180517518661,5.384305175186611,ols
138466,4051731.0,-80.99940930157177,11.890659301571773,ols
138474,4051731.0,-81.08043463119446,15.18293463119447,ols
138479,4051731.0,-81.07518401626086,10.571434016260866,ols
138524,4051731.0,-81.23485767535725,16.12360767535725,ols
138569,4051731.0,-78.20046510786406,1.8117151078640603,ols
138599,4051731.0,-77.18875502213254,1.1343800221325466,ols
138603,4051731.0,-77.703160997583,2.447535997583003,ols
138607,4051731.0,-78.26948007770753,0.892605077707529,ols
138626,4051731.0,-80.70753007637873,3.183155076378725,ols
138681,4051731.0,-84.33769627553853,16.96644627553853,ols
138702,4051731.0,-84.84279193194696,6.180291931946968,ols
138748,4051731.0,-84.86284937742333,9.326599377423335,ols
138772,4051731.0,-84.85031829550192,9.360318295501926,ols
138793,4051731.0,-84.85031829550192,9.174693295501925,ols
138803,4051731.0,-84.85031829550192,9.182818295501917,ols
138858,4051731.0,-84.90633449779625,3.9813344977962544,ols
153420,4051731.0,-83.41573361531113,-8.146766384688874,ols
153435,4051731.0,-82.37675311813385,-11.397621881866158,ols
153443,4051731.0,-81.94698377679208,-3.143641223207922,ols
153501,4051731.0,-81.5838909771553,-4.653609022844691,ols
153528,4051731.0,-81.5838909771553,-3.051109022844699,ols
153533,4051731.0,-81.5838909771553,-3.1498590228446943,ols
153557,4051731.0,-81.5838909771553,-4.803609022844697,ols
153567,4051731.0,-81.56806198833345,-3.271938011666549,ols
153576,4051731.0,-81.28340055061112,0.20527555061111968,ols
153586,4051731.0,-81.00412955136056,7.392879551360565,ols
153615,4051731.0,-80.92710124632919,17.120851246329188,ols
153623,4051731.0,-80.85673143461582,16.608606434615822,ols
153631,4051731.0,-80.61643263050601,8.015182630506018,ols
153656,4051731.0,-78.88128520125129,4.458785201251288,ols
153658,4051731.0,-78.42231202643589,2.537937026435884,ols
153697,4051731.0,-77.0590132432086,1.3890132432085949,ols
153706,4051731.0,-78.14980559353229,2.7748055935322924,ols
153789,4051731.0,-84.06253319540959,11.06815819540958,ols
153795,4051731.0,-84.50644882161376,16.314573821613763,ols
153807,4051731.0,-84.93566369030414,7.426288690304133,ols
153813,4051731.0,-85.03568091361227,9.151930913612262,ols
153829,4051731.0,-85.21968386835138,9.637808868351385,ols
153857,4051731.0,-85.31833660678697,5.486461606786975,ols
153880,4051731.0,-85.37510014178534,4.4049296872398855,ols
153888,4051731.0,-85.3880555158226,3.869305515822603,ols
153896,4051731.0,-85.38667174494479,4.403546744944791,ols
153931,4051731.0,-85.39382685289839,4.260701852898379,ols
153939,4051731.0,-85.39216825644553,4.254043256445527,ols
153946,4051731.0,-85.39216825644553,4.365918256445525,ols
166771,4051731.0,-81.22887901372486,-12.18799598627514,ols
166780,4051731.0,-80.74513778664694,-8.632987213353061,ols
166793,4051731.0,-80.20918934331463,-3.147060656685369,ols
166806,4051731.0,-80.04731225811665,0.007937258116641033,ols
166815,4051731.0,-80.04879728052211,-0.07682771947789035,ols
166828,4051731.0,-80.06620290027443,-0.252547099725561,ols
166869,4051731.0,-80.06585093067834,-0.36227406932165707,ols
166883,4051731.0,-80.06585093067834,-0.2478990693216616,ols
166919,4051731.0,-80.06585093067834,0.05335093067833441,ols
166959,4051731.0,-80.06585093067834,-0.556649069321665,ols
166966,4051731.0,-80.06585093067834,1.6439759306783372,ols
167011,4051731.0,-79.95616177572944,0.6042867757294346,ols
167024,4051731.0,-80.10050788214087,1.916757882140871,ols
167027,4051731.0,-80.09820320451162,0.5332032045116222,ols
167057,4051731.0,-79.70918037079505,0.15480537079506007,ols
167066,4051731.0,-77.94995918546736,2.1768341854673707,ols
167073,4051731.0,-77.40827315556851,2.775148155568502,ols
167076,4051731.0,-77.01915389182562,0.14727889182562137,ols
167143,4051731.0,-84.84048725431771,6.333612254317714,ols
167146,4051731.0,-84.93951124835465,7.912011248354645,ols
176204,4051731.0,-83.73614166379352,-9.15698333620648,ols
176206,4051731.0,-83.54784757288277,-8.359652427117226,ols
176221,4051731.0,-82.03841872775695,-4.984081272243046,ols
176225,4051731.0,-81.9956905830907,-6.295559416909299,ols
176236,4051731.0,-81.63930449178508,-1.8300705082149165,ols
176243,4051731.0,-80.90572270949212,-2.0161522905078755,ols
176247,4051731.0,-80.38365054694853,0.600525546948532,ols
176250,4051731.0,-80.32074924077432,1.2713742407743212,ols
176252,4051731.0,-80.32438947426823,1.1231394742682284,ols
176261,4051731.0,-80.32952437317023,1.0088993731702232,ols
176273,4051731.0,-80.32952437317023,0.9676493731702323,ols
176277,4051731.0,-80.32952437317023,0.9309587993997326,ols
176291,4051731.0,-80.32907115204648,0.4453211520464748,ols
176296,4051731.0,-80.32952437317023,0.7820243731702305,ols
176302,4051731.0,-80.32952437317023,0.7601493731702362,ols
176313,4051731.0,-80.32952437317023,0.708899373170226,ols
176317,4051731.0,-80.32952437317023,0.8701493731702357,ols
176321,4051731.0,-80.32952437317023,1.1120243731702288,ols
176322,4051731.0,-80.32907115204648,1.0471961520464816,ols
176338,4051731.0,-80.32907115204648,0.047821152046481075,ols
176342,4051731.0,-80.46088617653649,7.380886176536492,ols
176359,4051731.0,-80.01017705497746,3.286427054977466,ols
176367,4051731.0,-79.7503222415282,0.039072241528188556,ols
176377,4051731.0,-77.59137448956146,1.485124489561457,ols
176380,4051731.0,-76.67352939145829,-0.8202206085417174,ols
176389,4051731.0,-78.6215702113402,0.016570211340194874,ols
176394,4051731.0,-81.01202717051689,3.2620271705168875,ols
176396,4051731.0,-81.66913029892856,4.517255298928561,ols
176398,4051731.0,-82.26969650290371,5.131571502903711,ols
176404,4051731.0,-83.79229768962603,7.892922689626019,ols
176410,4051731.0,-84.80282650753503,6.455951507535033,ols
176412,4051731.0,-84.97607269283718,4.859197692837185,ols
176417,4051731.0,-85.14917905460115,8.810429054601144,ols
183731,4051731.0,-84.26204691988366,-11.746703080116347,ols
183735,4051731.0,-83.64100862131892,-9.562116378681083,ols
183750,4051731.0,-82.28411761334118,-8.822132386658822,ols
183761,4051731.0,-82.2589541979707,-6.694170802029305,ols
183763,4051731.0,-82.2589541979707,-7.222920802029307,ols
183769,4051731.0,-82.2589541979707,-9.53229580202931,ols
183771,4051731.0,-82.22983233001943,-10.23516766998057,ols
183778,4051731.0,-82.2160621222597,-8.317062877740298,ols
183788,4051731.0,-82.2160621222597,-8.460187877740296,ols
183794,4051731.0,-82.16987696114955,-6.430123038850439,ols
183804,4051731.0,-82.13673396110039,-6.885141038899604,ols
183814,4051731.0,-81.53679937379768,-3.605700626202321,ols
183825,4051731.0,-81.04358871813426,-0.06266128186574349,ols
183851,4051731.0,-80.8603041670913,1.0340541670912984,ols
183853,4051731.0,-80.8603041670913,0.3721791670913035,ols
183854,4051731.0,-80.8603041670913,0.6984291670913052,ols
183866,4051731.0,-80.8603041670913,0.7553041670912961,ols
183876,4051731.0,-80.8603041670913,0.36155416709129895,ols
183878,4051731.0,-80.8603041670913,0.6621791670912955,ols
183896,4051731.0,-80.86007273502811,0.2981977350281113,ols
183901,4051731.0,-80.79611069856429,8.616110698564285,ols
183909,4051731.0,-80.19943544615148,6.485060446151479,ols
183921,4051731.0,-79.30818574930977,-0.6943142506902262,ols
183931,4051731.0,-76.87212220918093,3.393997209180924,ols
183940,4051731.0,-78.41126114541862,0.37938614541862137,ols
183952,4051731.0,-82.811830932425,6.291205932425001,ols
183954,4051731.0,-83.32872480255475,9.560599802554748,ols
198722,4051731.0,-84.10631242736281,-15.069312572637187,ols
198740,4051731.0,-83.33038822050891,-11.523361779491097,ols
198754,4051731.0,-82.70699220780043,-10.554765217942133,ols
198763,4051731.0,-82.58055315727825,-12.555071842721759,ols
198791,4051731.0,-82.56795939583971,-12.383915604160293,ols
198792,4051731.0,-82.56795939583971,-12.65266560416029,ols
198809,4051731.0,-82.5553704559025,-14.289004544097494,ols
198811,4051731.0,-82.53441621118128,-13.238479828422683,ols
198814,4051731.0,-82.2825120534028,-13.093737946597201,ols
198819,4051731.0,-81.9235753879008,-9.95331855149314,ols
198825,4051731.0,-81.4734930615129,-5.082131938487109,ols
198826,4051731.0,-81.35152354271102,-5.694268536496907,ols
198848,4051731.0,-80.87739156775675,-4.417431664566493,ols
198888,4051731.0,-80.88038572007426,-4.145604378935644,ols
198900,4051731.0,-80.88038572007426,-4.012739279925739,ols
198916,4051731.0,-80.85676518512504,-2.7731853099244574,ols
198921,4051731.0,-80.67707747406413,-1.968343318015073,ols
198925,4051731.0,-80.52990596788126,9.21990596788126,ols
198926,4051731.0,-80.56411451972139,9.09378623689311,ols
198936,4051731.0,-80.41113792595353,11.90551292595353,ols
198966,4051731.0,-79.507945370351,-1.4326796296490016,ols
198969,4051731.0,-79.21542006398155,-0.34270493601844976,ols
199000,4051731.0,-83.2319620926352,8.431337092635204,ols
199008,4051731.0,-84.75116412092943,8.530539120929433,ols
199015,4051731.0,-85.17819002802213,9.531940028022134,ols
199016,4051731.0,-85.24625034060494,7.544375340604944,ols
199025,4051731.0,-85.39256361955347,5.079438619553471,ols
199037,4051731.0,-85.67363303879506,1.264258038795063,ols
199038,4051731.0,-85.685730185598,0.9507041439313326,ols
205221,4051731.0,-85.21132338506868,-12.779926614931313,ols
205263,4051731.0,-81.74085977401316,-3.636640225986838,ols
205289,4051731.0,-81.46754815038972,-4.755576849610279,ols
205292,4051731.0,-81.46748547087262,-5.036889529127379,ols
205295,4051731.0,-81.46754815038972,-5.024326849610276,ols
205297,4051731.0,-81.46754815038972,-4.959326849610278,ols
205316,4051731.0,-81.46754815038972,-5.075576849610286,ols
205328,4051731.0,-81.47642453431328,9.942674534313284,ols
205335,4051731.0,-81.27432648513359,12.098693573741187,ols
205357,4051731.0,-78.64343571981023,3.067185719810226,ols
205382,4051731.0,-82.37057195344617,6.649946953446175,ols
205389,4051731.0,-83.7109975344283,8.707872534428304,ols
205390,4051731.0,-84.06636628895615,13.565747477074964,ols
205394,4051731.0,-84.55109110230264,8.126848678060213,ols
205401,4051731.0,-84.87246827254961,8.554398965618915,ols
205409,4051731.0,-85.00467866014759,5.1699014324248225,ols
205429,4051731.0,-85.18585139361396,2.4358513936139587,ols
205438,4051731.0,-85.22357964141506,1.9667046414150633,ols
125196,4051733.0,-85.18874258925061,5.335617589250603,ols
125236,4051733.0,-82.49373804603016,-1.5856369539698392,ols
125247,4051733.0,-82.55724349902101,-2.9458815009789845,ols
125258,4051733.0,-82.54078393303271,-2.8454660669672904,ols
125262,4051733.0,-82.55156474093224,-3.749060259067761,ols
125285,4051733.0,-83.20424264452507,-0.40075735547493707,ols
125288,4051733.0,-83.02101047479357,-2.219614525206424,ols
125291,4051733.0,-82.7730207196839,-3.831979280316105,ols
125314,4051733.0,-83.85802720454322,-3.124472795456782,ols
125324,4051733.0,-84.81844911464454,-1.2034258853554576,ols
125346,4051733.0,-87.24652085427255,0.3902708542725435,ols
125371,4051733.0,-89.0543973943983,3.7012723943982877,ols
125426,4051733.0,-90.2780372754905,8.889287275490503,ols
125517,4051733.0,-92.27761476456519,-0.08363523543481222,ols
125536,4051733.0,-92.71884335736516,-3.307406642634845,ols
138980,4051733.0,-83.80546362212417,-1.4226613778758406,ols
138995,4051733.0,-83.82748764365964,0.923737643659635,ols
139039,4051733.0,-83.91117269081036,-2.6357023091896394,ols
139064,4051733.0,-86.62086511062454,2.469615110624531,ols
139081,4051733.0,-87.2066552451096,-0.288344754890403,ols
139082,4051733.0,-87.22804540709629,-0.3725795929037048,ols
139109,4051733.0,-87.40146834053172,0.9489683405317209,ols
139110,4051733.0,-87.51469020354213,0.42406520354212773,ols
139121,4051733.0,-87.88705671060697,0.5976817106069632,ols
139126,4051733.0,-88.2761217798834,0.8473717798834031,ols
139137,4051733.0,-88.63477717752804,2.290402177528037,ols
139194,4051733.0,-90.88619433913581,5.4955693391358125,ols
139213,4051733.0,-91.27755065481404,2.839425654814036,ols
139245,4051733.0,-92.23600344385804,0.30162844385803567,ols
139281,4051733.0,-92.82137273716727,-1.5305022628327407,ols
139293,4051733.0,-92.83241851914048,-1.8513314808595283,ols
139298,4051733.0,-92.82742557630121,-1.8425744236987924,ols
139318,4051733.0,-92.82527980586146,-2.30909519413855,ols
139328,4051733.0,-92.82527980586146,-2.297845194138546,ols
139344,4051733.0,-92.820920722571,-2.3347042774289974,ols
139370,4051733.0,-92.82527980586146,-1.6028451941385384,ols
139421,4051733.0,-92.8256279090563,-1.9331220909437121,ols
139449,4051733.0,-92.8256279090563,-3.0931220909437087,ols
139456,4051733.0,-92.8256279090563,-4.531247090943708,ols
139465,4051733.0,-92.89565899805763,-3.957466001942379,ols
139470,4051733.0,-93.0722927937976,-7.900319565752966,ols
153969,4051733.0,-86.94374900832302,8.815624008323027,ols
153976,4051733.0,-86.38577076043372,4.665145760433717,ols
153984,4051733.0,-85.6261524380476,5.291777438047603,ols
153987,4051733.0,-85.20489561660466,5.357395616604663,ols
154003,4051733.0,-83.31369771923323,0.8155727192332307,ols
154012,4051733.0,-82.46304781361448,-0.8913271863855243,ols
154043,4051733.0,-82.70019441398378,-1.7198055860162214,ols
154065,4051733.0,-83.10372395034085,-1.6025260496591471,ols
154091,4051733.0,-84.04748886279111,-2.6856361372088884,ols
154128,4051733.0,-87.81599170316127,0.9222417031612764,ols
154135,4051733.0,-88.41352902157928,1.0191540215792827,ols
154138,4051733.0,-88.6994152647946,2.3787902647945884,ols
154159,4051733.0,-89.92044177414057,6.511691774140573,ols
154229,4051733.0,-92.40985760960945,-0.8288923903905498,ols
154232,4051733.0,-92.48964597920613,-1.142229020793863,ols
154234,4051733.0,-92.55894449282732,-2.2516805071726793,ols
154248,4051733.0,-92.76865328764603,-3.3313467123539624,ols
154258,4051733.0,-92.91543853332198,-5.530186466678032,ols
154301,4051733.0,-92.97559284361634,-5.276907156383658,ols
167209,4051733.0,-84.19676278653158,0.6848877865315757,ols
167232,4051733.0,-82.61885256893554,-2.762397431064457,ols
167255,4051733.0,-82.9072067079351,-3.9227932920648954,ols
167259,4051733.0,-82.95352521512754,-4.331474784872455,ols
167341,4051733.0,-86.31836343431875,2.686488434318761,ols
167400,4051733.0,-90.3682219808014,7.2013469808013895,ols
167414,4051733.0,-91.10733338811306,0.6917083881130566,ols
167453,4051733.0,-92.48700143403944,-4.1029985659605615,ols
176456,4051733.0,-83.81377133866938,1.113146338669381,ols
176467,4051733.0,-83.94569205836916,1.448192058369159,ols
176473,4051733.0,-83.94569205836916,1.4775670583691607,ols
176480,4051733.0,-83.94569205836916,1.4756920583691624,ols
176487,4051733.0,-83.94569205836916,1.6238170583691556,ols
176517,4051733.0,-83.94569205836916,1.7144420583691584,ols
176531,4051733.0,-83.94530758618383,1.7809325861838232,ols
176534,4051733.0,-83.94569205836916,1.6856920583691561,ols
176537,4051733.0,-83.94569205836916,1.7475670583691567,ols
176549,4051733.0,-83.94569205836916,1.858817058369155,ols
176553,4051733.0,-83.94569205836916,1.905692058369155,ols
176559,4051733.0,-83.94569205836916,1.942567058369164,ols
176562,4051733.0,-83.94530758618383,1.92968258618383,ols
176567,4051733.0,-83.94530758618383,1.940932586183834,ols
176568,4051733.0,-83.94530758618383,2.029057586183825,ols
176580,4051733.0,-83.94152521117137,2.1221502111713733,ols
176602,4051733.0,-83.94152521117137,2.054025211171364,ols
176605,4051733.0,-83.94152521117137,1.8884002111713727,ols
176606,4051733.0,-83.94152521117137,1.8115252111713716,ols
176614,4051733.0,-83.94152521117137,1.8771502111713687,ols
176623,4051733.0,-83.94152521117137,1.8927752111713687,ols
176631,4051733.0,-83.94152521117137,1.930275211171363,ols
176636,4051733.0,-83.94152521117137,1.8709002111713602,ols
176651,4051733.0,-83.94152521117137,1.8459002111713687,ols
176657,4051733.0,-83.94152521117137,1.8196502111713642,ols
176682,4051733.0,-83.94152521117137,1.7459002111713602,ols
176688,4051733.0,-83.94152521117137,1.7871502111713653,ols
176703,4051733.0,-83.94152521117137,1.9990252111713716,ols
176709,4051733.0,-83.94152521117137,2.0021502111713687,ols
176712,4051733.0,-83.94152521117137,2.367775211171363,ols
176718,4051733.0,-83.94152521117137,2.317775211171366,ols
176732,4051733.0,-83.94152521117137,1.9315252111713619,ols
176734,4051733.0,-83.94152521117137,1.8965252111713653,ols
176737,4051733.0,-83.94152521117137,1.9346502111713733,ols
176753,4051733.0,-83.94152521117137,2.0021502111713687,ols
176771,4051733.0,-83.94152521117137,1.9152752111713625,ols
176775,4051733.0,-83.9419096833567,1.933159683356692,ols
176799,4051733.0,-83.9419096833567,1.8700346833566925,ols
176809,4051733.0,-83.94152521117137,2.005275211171366,ols
176830,4051733.0,-83.9419096833567,1.9481596833566925,ols
176839,4051733.0,-83.9419096833567,1.9262846833566982,ols
176846,4051733.0,-83.9419096833567,1.954409683356701,ols
176853,4051733.0,-83.9419096833567,2.1225346833567045,ols
176857,4051733.0,-83.9419096833567,2.238159683356699,ols
176862,4051733.0,-83.9419096833567,0.7450346833566925,ols
176864,4051733.0,-83.85294593701275,0.5648209370127546,ols
176896,4051733.0,-82.8991899433139,-4.050810056686103,ols
176913,4051733.0,-83.48682970074461,-2.8825452992553977,ols
176914,4051733.0,-83.50851081465534,-2.2483641853446557,ols
176927,4051733.0,-82.93185449235696,-4.928145507643038,ols
176937,4051733.0,-82.9876808927813,-7.3891941072186995,ols
176940,4051733.0,-83.27889259532047,-5.09485740467953,ols
176948,4051733.0,-84.32306709498346,-3.188807905016546,ols
176956,4051733.0,-85.73756624267294,1.0606912426729451,ols
176962,4051733.0,-86.76984808244097,2.247348082440979,ols
176965,4051733.0,-87.06168325338881,1.4098082533888032,ols
176982,4051733.0,-89.12519223220023,3.135817232200239,ols
176996,4051733.0,-90.45525297507854,8.549002975078537,ols
177004,4051733.0,-91.1041485036589,2.8047735036589074,ols
177010,4051733.0,-91.51037454088336,1.9584995408833663,ols
177030,4051733.0,-92.87984887832835,-5.055151121671656,ols
177035,4051733.0,-93.0273978728049,-5.013227127195108,ols
177039,4051733.0,-93.09211389362252,-5.4722611063774735,ols
177045,4051733.0,-93.08921996109237,-4.915155038907628,ols
177053,4051733.0,-93.07531142000946,-4.83593857999054,ols
177069,4051733.0,-93.07531142000946,-4.775938579990537,ols
177089,4051733.0,-93.07531142000946,-4.780313579990548,ols
177095,4051733.0,-93.07531142000946,-4.8215635799905385,ols
177097,4051733.0,-93.07531142000946,-4.7034385799905465,ols
177098,4051733.0,-93.07531142000946,-4.510938579990551,ols
177100,4051733.0,-93.07531142000946,-4.469688579990546,ols
183994,4051733.0,-83.91093369458704,0.45530869458704615,ols
184017,4051733.0,-83.02767639119604,-3.7385736088039607,ols
184025,4051733.0,-83.05101489195974,-0.179610108040265,ols
199047,4051733.0,-86.69944810796451,2.5894481079645146,ols
199071,4051733.0,-83.72139929835816,0.5263992983581716,ols
199083,4051733.0,-81.5787046360784,-3.9225453639216,ols
199098,4051733.0,-83.05534799739985,-2.4027770026001463,ols
199148,4051733.0,-87.89759852228318,-0.999276477716819,ols
199159,4051733.0,-88.03521358678194,-0.9866614132180587,ols
199160,4051733.0,-88.03521358678194,-1.3447864132180598,ols
199162,4051733.0,-88.04209771712743,-0.8672772828725641,ols
199176,4051733.0,-89.27959418360183,1.8664691836018363,ols
199179,4051733.0,-89.50458834557256,3.3358383455725544,ols
199192,4051733.0,-90.95898947141549,3.6696144714154855,ols
199197,4051733.0,-91.269113049017,1.5297380490169985,ols
199198,4051733.0,-91.40417189304031,2.15792189304031,ols
199202,4051733.0,-91.65903538735533,2.5215353873553283,ols
199205,4051733.0,-91.78945458730428,1.8494545873042796,ols
199225,4051733.0,-92.89704101969681,-4.34295898030318,ols
199227,4051733.0,-92.9696127424634,-5.207887257536598,ols
199232,4051733.0,-93.0953143647869,-3.953435635213097,ols
205477,4051733.0,-84.69105893204761,1.5202668528396828,ols
205478,4051733.0,-84.30651400873387,1.4201503723702302,ols
205514,4051733.0,-82.80701013909533,-4.9584601579343826,ols
2684,4078344.0,-93.93882079061977,-24.50334338848471,ols
2688,4078344.0,-93.86999441676139,-23.940190768423818,ols
2703,4078344.0,-93.95501354267155,-21.958589398504913,ols
2708,4078344.0,-93.88545504970443,-20.184857450295567,ols
6745,4078344.0,-103.77845495722394,9.646579957223949,ols
6820,4078344.0,-90.13166863894499,3.2772936389449825,ols
6855,4078344.0,-90.09275148396948,2.9365014839694794,ols
6866,4078344.0,-90.09275148396948,3.1627514839694726,ols
6874,4078344.0,-90.09440592960243,4.007530929602424,ols
6920,4078344.0,-90.09532825612665,2.8528282561266423,ols
6943,4078344.0,-90.09532825612665,2.201578256126652,ols
6954,4078344.0,-90.09532825612665,1.387828256126653,ols
6967,4078344.0,-90.09790143946466,2.268526439464665,ols
6995,4078344.0,-90.09790143946466,1.9310264394646595,ols
7024,4078344.0,-90.09790143946466,2.322276439464659,ols
7029,4078344.0,-90.09790143946466,2.512276439464671,ols
7032,4078344.0,-90.09790143946466,2.3372764394646595,ols
7039,4078344.0,-90.09790143946466,2.5335264394646657,ols
7059,4078344.0,-90.09790143946466,4.869151439464659,ols
7094,4078344.0,-88.91583412850372,0.8014591285037227,ols
7164,4078344.0,-88.2080400360488,2.601790036048797,ols
7174,4078344.0,-88.89659446898474,6.604094468984741,ols
7176,4078344.0,-89.23963533725195,6.115885337251953,ols
7193,4078344.0,-92.96625797578623,9.364382975786228,ols
7206,4078344.0,-98.86909389854573,14.440343898545734,ols
7208,4078344.0,-94.01680583097554,9.00368083097554,ols
7214,4078344.0,-93.94294075501593,9.973565755015926,ols
7230,4078344.0,-93.90266702639778,11.878917026397772,ols
7265,4078344.0,-89.92661786739565,4.069742867395647,ols
18235,4078344.0,-93.89855065082078,-20.453235063464945,ols
18243,4078344.0,-93.81125980238207,-21.905845460775808,ols
18258,4078344.0,-93.57272534806607,-19.86576671542599,ols
18290,4078344.0,-93.81660714293108,-19.94339285706893,ols
18301,4078344.0,-93.94231630048202,-14.939149216759361,ols
18310,4078344.0,-94.98156655295435,-17.790754875617097,ols
18319,4078344.0,-95.0447764248267,-20.14999101703377,ols
21051,4078344.0,-90.05067975695195,4.015054756951955,ols
21069,4078344.0,-89.95135200904922,2.2682270090492125,ols
21123,4078344.0,-89.95573036842492,1.8332303684249212,ols
21134,4078344.0,-89.95573036842492,0.9413553684249223,ols
21141,4078344.0,-89.95573036842492,0.7188553684249257,ols
21156,4078344.0,-89.95573036842492,0.830105368424924,ols
21196,4078344.0,-89.95573036842492,1.6307303684249206,ols
21239,4078344.0,-89.95573036842492,2.0951053684249246,ols
21249,4078344.0,-89.95573036842492,2.9388553684249246,ols
21252,4078344.0,-89.95573036842492,3.5551053684249183,ols
21319,4078344.0,-88.78917752269443,1.9979275226944253,ols
21332,4078344.0,-99.99815435050738,11.676279350507372,ols
21345,4078344.0,-96.97449525383811,7.647620253838113,ols
21372,4078344.0,-83.673538316314,-0.9933366836860102,ols
21380,4078344.0,-83.58389679132522,-2.3217282086747844,ols
21408,4078344.0,-85.40757678060392,2.4194517806039215,ols
21418,4078344.0,-85.87648830328429,3.211488303284284,ols
21432,4078344.0,-85.99611800117748,3.054868001177482,ols
21443,4078344.0,-86.01812464026914,2.6768746402691335,ols
21447,4078344.0,-86.02640045725305,2.325150457253045,ols
21463,4078344.0,-86.02640045725305,2.497025457253045,ols
21467,4078344.0,-86.02640045725305,2.4432754572530513,ols
21472,4078344.0,-86.02640045725305,3.98702545725304,ols
21501,4078344.0,-86.04812716845018,2.6381271684501826,ols
21535,4078344.0,-93.9536677354864,11.759292735486412,ols
21586,4078344.0,-90.2917838057868,2.298033805786801,ols
36434,4078344.0,-103.9822819414396,10.077281941439594,ols
36511,4078344.0,-90.27247236988462,3.4880973698846276,ols
36546,4078344.0,-90.21836015458392,2.68648515458392,ols
36567,4078344.0,-90.21836015458392,2.801485154583915,ols
36588,4078344.0,-90.21836015458392,3.347110154583916,ols
36606,4078344.0,-90.21836015458392,4.325860154583921,ols
36664,4078344.0,-89.63357283885215,4.621697838852143,ols
36701,4078344.0,-92.89261899543374,3.885118995433743,ols
36706,4078344.0,-99.0243175048719,8.536192504871906,ols
36729,4078344.0,-84.44985014417952,-3.402649855820485,ols
36774,4078344.0,-97.47534367822699,14.615968678226992,ols
36781,4078344.0,-93.76015501753778,12.601405017537786,ols
36793,4078344.0,-93.4121974670208,11.965947467020797,ols
36796,4078344.0,-89.37561569524,6.221865695239998,ols
49698,4078344.0,-93.98527446583216,-25.026392200834522,ols
49797,4078344.0,-93.94409276596642,-23.12295268857902,ols
49818,4078344.0,-93.89947656616417,-21.583856767169152,ols
49826,4078344.0,-93.86582420889698,-19.937509124436332,ols
49831,4078344.0,-93.78333161167573,-22.92106028021614,ols
52332,4078344.0,-103.78456312743498,8.722688127434978,ols
52395,4078344.0,-90.24979462160998,0.9872946216099763,ols
52425,4078344.0,-90.20867393166996,3.814298931669967,ols
52442,4078344.0,-90.20867393166996,4.280548931669969,ols
52455,4078344.0,-90.20701948603703,1.0638944860370287,ols
52469,4078344.0,-90.01642806688497,4.058928066884974,ols
52473,4078344.0,-89.83799915586758,4.168624155867576,ols
52500,4078344.0,-99.78094107082339,11.777816070823391,ols
52523,4078344.0,-85.71352002520995,-1.3871049747900486,ols
52550,4078344.0,-88.96182484604441,5.811199846044403,ols
52558,4078344.0,-89.61110683090797,6.261731830907976,ols
52560,4078344.0,-92.77042329184084,9.471048291840845,ols
52576,4078344.0,-93.77494095247869,11.848690952478691,ols
52592,4078344.0,-92.8548538514087,10.7511038514087,ols
52605,4078344.0,-89.87587196446742,3.9708719644674204,ols
52610,4078344.0,-89.9979133488364,3.292288348836408,ols
52614,4078344.0,-89.92583191599952,2.857706915999529,ols
71219,4078344.0,-104.02791377706424,9.693538777064248,ols
71291,4078344.0,-90.21585874762911,-0.6091412523708897,ols
71318,4078344.0,-90.20106204623073,0.5704370462307367,ols
71322,4078344.0,-90.20106204623073,0.6423120462307281,ols
71339,4078344.0,-90.20106204623073,0.8904370462307298,ols
71348,4078344.0,-90.20106204623073,1.102312046230736,ols
71351,4078344.0,-90.20106204623073,1.0660620462307264,ols
71383,4078344.0,-90.20106204623073,0.904812046230731,ols
71403,4078344.0,-90.20106204623073,0.5641870462307281,ols
71424,4078344.0,-89.9313192204958,3.2538192204957994,ols
71427,4078344.0,-89.81309275089431,4.826842750894315,ols
71459,4078344.0,-88.55611960641723,1.653619606417223,ols
71486,4078344.0,-92.70865971409013,3.065534714090134,ols
71510,4078344.0,-84.84471714994226,-2.742157850057751,ols
71528,4078344.0,-83.60119848849756,-1.8594265115024342,ols
71562,4078344.0,-93.91010305969814,11.533853059698146,ols
71567,4078344.0,-93.76149005826545,12.850865058265455,ols
71602,4078344.0,-89.91258917329759,2.649464173297588,ols
83876,4078344.0,-90.43598973729051,0.8991147372905175,ols
83885,4078344.0,-90.17173421605185,2.246109216051849,ols
83921,4078344.0,-88.62058197617657,0.16995697617656447,ols
83938,4078344.0,-92.68823215542906,3.022828115025021,ols
83941,4078344.0,-92.74391627352203,3.032041273522026,ols
83975,4078344.0,-91.07375161264915,3.4268766126491528,ols
83996,4078344.0,-83.9397676880909,-1.5733573119091062,ols
84017,4078344.0,-85.52696602761337,1.503607441754781,ols
93522,4078344.0,-93.94909557987603,-23.216474595562573,ols
95479,4078344.0,-90.15406287050597,1.6161164419345369,ols
95495,4078344.0,-90.15987675754585,0.12193032897441469,ols
95514,4078344.0,-90.15987675754585,0.5710609680721603,ols
95568,4078344.0,-90.15987675754585,0.7406059242125167,ols
95593,4078344.0,-90.15987675754585,0.6748767575458459,ols
95604,4078344.0,-90.15987675754585,-0.45032061087519537,ols
95614,4078344.0,-90.09697911294045,2.4744791129404433,ols
95631,4078344.0,-89.71252686038123,3.7303840032383704,ols
95670,4078344.0,-92.66808811348167,2.6228294927920217,ols
95682,4078344.0,-94.75492544533596,6.192425445335957,ols
95710,4078344.0,-83.52726163615473,-1.0494429092998132,ols
95733,4078344.0,-85.33976245374876,2.6695038330591103,ols
95776,4078344.0,-89.71882523800775,5.506325238007747,ols
95780,4078344.0,-89.87253077382907,4.501697440495732,ols
95793,4078344.0,-89.9934093807901,3.8513639262446446,ols
106411,4078344.0,-93.71217968300138,-23.791412271021613,ols
106416,4078344.0,-93.73942240924808,-19.11245259075193,ols
106423,4078344.0,-93.81171199359628,-15.295163006403726,ols
106433,4078344.0,-93.88803541068077,-20.36946458931922,ols
106448,4078344.0,-95.02706560227006,-17.880434397729942,ols
106468,4078344.0,-95.07204786162666,-22.03878547170666,ols
106472,4078344.0,-95.10211498855261,-22.831218344780723,ols
108078,4078344.0,-104.21075334682979,8.502845183564489,ols
108087,4078344.0,-103.78590534580097,7.612925547821163,ols
108258,4078344.0,-90.28381662725069,2.8100666272506913,ols
108282,4078344.0,-89.55506383089896,2.7063138308989636,ols
108285,4078344.0,-89.1853472698124,5.573472269812399,ols
108319,4078344.0,-99.67747900324787,10.969979003247872,ols
108341,4078344.0,-97.09927131840735,7.321771318407343,ols
108355,4078344.0,-85.605798029291,-1.6560769707090088,ols
108406,4078344.0,-85.32160661761623,2.4672316176162212,ols
108429,4078344.0,-93.97891866709907,11.764543667099062,ols
108438,4078344.0,-93.57810139916836,12.636851399168364,ols
108443,4078344.0,-93.8329506253876,12.796075625387601,ols
131231,4078344.0,-93.95996611311293,-25.531353331331516,ols
131551,4078344.0,-93.87347916016614,-20.629020839833856,ols
131574,4078344.0,-93.58434235568832,-20.837086215740257,ols
146228,4078344.0,-93.66349735109038,-20.900877648909614,ols
160200,4078344.0,-93.93622248554763,-23.61089289906775,ols
160216,4078344.0,-93.95212095442827,-23.27338580232849,ols
160239,4078344.0,-93.75258619792848,-20.24616380207152,ols
160242,4078344.0,-93.72222119901222,-19.618403800987778,ols
160279,4078344.0,-93.81476966752095,-16.743980332479055,ols
160289,4078344.0,-93.88876394097034,-18.22436105902966,ols
173160,4078344.0,-93.99159078755449,-24.343825879112174,ols
195225,4078344.0,-93.86610772561065,-21.448058941056033,ols
195226,4078344.0,-93.82653740554794,-21.86179592778538,ols
195228,4078344.0,-93.78701374013431,-21.566319593199026,ols
201890,4078344.0,-93.72985820618558,-21.15373554381442,ols
201893,4078344.0,-93.67119895700864,-22.758801042991365,ols
7281,4078345.0,-76.53769988938905,-4.432300110610953,ols
7310,4078345.0,-64.37765505374307,-0.2517199462569266,ols
7313,4078345.0,-64.05354708803196,-0.31582791196804294,ols
7345,4078345.0,-87.42104492398491,7.041669923984912,ols
7380,4078345.0,-83.47827052412947,-2.3186044758705293,ols
7390,4078345.0,-79.49407059549156,-7.7159294045084295,ols
7412,4078345.0,-86.85570853526534,0.6363335352653365,ols
7559,4078345.0,-87.39090764833037,-8.429717351669638,ols
21606,4078345.0,-75.18179512839568,2.4649201283956756,ols
21609,4078345.0,-74.56246719587591,3.7393421958759063,ols
21634,4078345.0,-74.36528086501018,10.65903086501018,ols
21648,4078345.0,-70.34711444435385,5.1571144443538515,ols
21686,4078345.0,-64.57836540306909,-0.3541345969309191,ols
21698,4078345.0,-66.47377460222097,-0.21810039777902546,ols
21736,4078345.0,-87.52250491505896,7.166254915058957,ols
21753,4078345.0,-87.35456468196924,4.609564681969232,ols
21787,4078345.0,-83.693732105463,-2.5200178945370055,ols
36865,4078345.0,-65.3687954189599,-0.7043295810400991,ols
36873,4078345.0,-66.49939901820755,-2.7437259817924513,ols
36881,4078345.0,-75.53707804263357,-1.2479219573664295,ols
36885,4078345.0,-84.63991478482632,4.516164784826316,ols
36915,4078345.0,-83.3421034274576,-1.1797715725423927,ols
36939,4078345.0,-87.01971375005127,0.3022137500512656,ols
36948,4078345.0,-89.96697328140488,-2.024276718595118,ols
36954,4078345.0,-88.53200191685121,-3.9998730831487848,ols
52640,4078345.0,-76.56456951282232,-3.133555487177688,ols
52658,4078345.0,-76.56459799795999,-1.9485270020400094,ols
52669,4078345.0,-76.56378006757834,-2.6274699324216613,ols
52698,4078345.0,-76.56945267927998,-2.6349223207200225,ols
52703,4078345.0,-76.56760521463683,-1.1030197853631734,ols
52708,4078345.0,-76.79564094959883,-1.5456090504011684,ols
52749,4078345.0,-64.20175932863275,-0.05011567136725148,ols
52751,4078345.0,-64.36935367076505,-0.730021329234944,ols
52790,4078345.0,-81.81168650518359,1.7748115051835924,ols
52797,4078345.0,-84.18860440219852,3.507979402198515,ols
52826,4078345.0,-83.25258277837253,-0.20179222162747124,ols
52845,4078345.0,-83.60478115913133,-3.4908438408686635,ols
52861,4078345.0,-79.28671913978312,-6.150155860216884,ols
71624,4078345.0,-76.73093085542406,-0.6453191445759359,ols
71668,4078345.0,-73.81615251962467,1.9986525196246703,ols
71698,4078345.0,-71.37304737058153,-1.180077629418463,ols
71719,4078345.0,-71.0242834835646,6.223658483564606,ols
71786,4078345.0,-88.20451642767357,6.118891427673574,ols
71806,4078345.0,-83.4832920469701,-2.885457953029899,ols
71811,4078345.0,-83.63259893071847,-3.1192760692815256,ols
71845,4078345.0,-87.7460928992391,-6.557657100760892,ols
84100,4078345.0,-76.94279924010584,-0.22220075989416443,ols
84121,4078345.0,-71.08022015533712,6.827095155337119,ols
84136,4078345.0,-64.59196502165366,0.0719650216536678,ols
84175,4078345.0,-78.75583349042236,-1.3985415095776403,ols
84177,4078345.0,-84.60941534099284,3.628790340992836,ols
84200,4078345.0,-83.36571353728039,1.163838537280384,ols
84237,4078345.0,-88.66286670861115,-0.5677582913888557,ols
84263,4078345.0,-93.41462308759114,0.5718395824364961,ols
95797,4078345.0,-74.98353450090926,-7.2541028617281,ols
95807,4078345.0,-76.66687185011031,1.5199968501103172,ols
95834,4078345.0,-72.4494111984007,5.951286198400695,ols
95904,4078345.0,-79.2892380398142,-6.72201196018581,ols
95912,4078345.0,-79.13591475165441,-8.632210248345586,ols
95915,4078345.0,-78.55661657617131,-9.489633423828693,ols
95947,4078345.0,-87.35928100690626,0.8242810069062614,ols
108529,4078345.0,-65.22775329444113,-0.7828717055588754,ols
108543,4078345.0,-75.06621871695361,1.7812187169536173,ols
108548,4078345.0,-74.93175258993115,-0.09887241006885006,ols
108633,4078345.0,-83.42954466149278,-4.8354553385072165,ols
108637,4078345.0,-83.53409325535131,-5.098406744648685,ols
108651,4078345.0,-83.59265055978943,-3.3404744402105706,ols
108659,4078345.0,-83.63032418901028,-4.309675810989717,ols
108668,4078345.0,-85.48427123563124,-3.706978764368756,ols
108675,4078345.0,-85.43862176786288,0.6998717678628879,ols
108704,4078345.0,-85.39430296295421,-1.1188220370457884,ols
108743,4078345.0,-85.69949679725266,-0.31112820274734077,ols
108753,4078345.0,-85.38907390553914,-0.302801094460861,ols
108776,4078345.0,-85.39473430932465,-0.8346406906753572,ols
108797,4078345.0,-85.39473430932465,-2.188390690675348,ols
108809,4078345.0,-87.73411286419632,-1.005262135803676,ols
108818,4078345.0,-88.67507869406069,-1.858046305939311,ols
108824,4078345.0,-89.38359766192963,-3.0307773380703793,ols
108841,4078345.0,-93.79977063402302,-1.4952293659769822,ols
108845,4078345.0,-93.83399756158583,-0.5228774384141701,ols
121798,4078345.0,-87.649145767833,-3.4852292321670006,ols
2755,4078355.0,-93.59837223795158,-25.239127762048426,ols
68680,4078355.0,-93.63964643764815,-26.455941797645963,ols
82032,4078355.0,-93.57665078673513,-25.91501587993153,ols
121424,4078355.0,-92.40648207713028,-1.0597679228697245,ols
121427,4078355.0,-92.38914304719422,-2.6727319528057762,ols
121432,4078355.0,-92.3761122948553,-0.293887705144698,ols
121456,4078355.0,-92.36037265008746,-3.9483773499125476,ols
121458,4078355.0,-92.36037265008746,-2.2908773499125488,ols
121472,4078355.0,-92.3274912505409,-0.10500874945910255,ols
121481,4078355.0,-92.2739767231291,-0.6203982768709011,ols
121483,4078355.0,-92.24320312257905,-1.3836718774209515,ols
121492,4078355.0,-92.17544374001437,-1.4783062599856294,ols
121500,4078355.0,-92.00180717770584,0.9705571777058424,ols
121513,4078355.0,-91.83767821878543,-1.642946781214576,ols
121530,4078355.0,-93.26600596565966,-1.1902440343403384,ols
121551,4078355.0,-90.46849594727033,-0.07587905272967532,ols
121564,4078355.0,-90.15075848849116,-2.229866511508831,ols
121573,4078355.0,-92.4915990255518,3.0284740255518017,ols
121585,4078355.0,-91.36715975661288,2.2996597566128827,ols
121594,4078355.0,-91.76089978674578,4.395899786745787,ols
121654,4078355.0,-92.14452714807511,0.05327714807511086,ols
121664,4078355.0,-92.1403287620086,-0.007171237991400403,ols
134571,4078355.0,-92.45177327566816,-4.159476724331839,ols
134638,4078355.0,-95.94818018870777,2.0650551887077597,ols
134667,4078355.0,-95.48387655598847,1.4132515559884666,ols
134689,4078355.0,-90.7322621005888,-0.47273789941120015,ols
134698,4078355.0,-90.44174993751635,4.361124937516351,ols
134702,4078355.0,-90.37918988074267,1.7510648807426747,ols
134719,4078355.0,-93.07001375884363,0.7712637588436309,ols
134733,4078355.0,-89.87408074232478,1.367205742324785,ols
134735,4078355.0,-89.78330769006338,1.243307690063375,ols
134764,4078355.0,-90.47912762185695,2.8441276218569413,ols
134780,4078355.0,-95.36394385228301,7.058943852283008,ols
134785,4078355.0,-93.59414737199818,6.7172723719981775,ols
134812,4078355.0,-91.98961848577005,3.8596184857700564,ols
134814,4078355.0,-91.98712805240797,1.8927530524079685,ols
149206,4078355.0,-97.62155280886873,-5.211572191131268,ols
149286,4078355.0,-96.49572599385674,0.07760099385673414,ols
149291,4078355.0,-92.40855677626816,-2.4176932237318454,ols
149296,4078355.0,-92.38754763400905,-2.7449523659909403,ols
149315,4078355.0,-92.34111647634052,-1.2363835236594838,ols
149337,4078355.0,-92.19416104806308,-3.3552139519369177,ols
149356,4078355.0,-91.82047688426121,-1.074523115738785,ols
149369,4078355.0,-95.85806516163561,2.0980651616356027,ols
149373,4078355.0,-96.85916244143189,2.451037441431893,ols
149384,4078355.0,-94.03995083174127,0.2087008317412682,ols
149394,4078355.0,-90.53594816314705,2.346573163147056,ols
149399,4078355.0,-90.65833687636163,1.8595868763616323,ols
149416,4078355.0,-89.872886499426,1.0153864994260005,ols
149420,4078355.0,-89.76544038638387,1.7852423665818975,ols
149424,4078355.0,-91.49846954372094,2.3639998467512413,ols
149473,4078355.0,-93.37623379081967,9.369358790819675,ols
164110,4078355.0,-92.28078999802608,2.7876649980260737,ols
164122,4078355.0,-92.28078999802608,1.042039998026084,ols
164127,4078355.0,-92.26612278867731,-0.6770022113226872,ols
164138,4078355.0,-92.16908591917192,-0.8652890808280773,ols
164152,4078355.0,-91.95029055775994,-1.772834442240054,ols
164212,4078355.0,-90.5543543325248,-2.836895667475204,ols
164238,4078355.0,-91.92705445701334,3.528929457013348,ols
164268,4078355.0,-93.27590811936244,8.115908119362444,ols
164278,4078355.0,-93.37493495236768,8.348684952367677,ols
164298,4078355.0,-92.12151612636708,-1.0472338736329192,ols
164302,4078355.0,-92.17186630729545,-2.6062586927045572,ols
174554,4078355.0,-92.24392205150812,2.335172051508124,ols
174562,4078355.0,-92.244417225393,3.2144172253929923,ols
174569,4078355.0,-92.244417225393,3.2031672253929884,ols
174583,4078355.0,-92.244417225393,3.3325422253929986,ols
174585,4078355.0,-92.244417225393,3.110042225392988,ols
174595,4078355.0,-92.244417225393,2.9119172253929975,ols
174599,4078355.0,-92.244417225393,2.8975422253929963,ols
174617,4078355.0,-92.244417225393,3.0300422253929895,ols
174626,4078355.0,-92.244417225393,3.4231672253929872,ols
174635,4078355.0,-92.244417225393,-0.32683277460701277,ols
174642,4078355.0,-92.15135631090423,-2.201768689095772,ols
174644,4078355.0,-92.01441557584886,-2.3099594241511454,ols
174680,4078355.0,-89.78412194658527,-0.4077530534147229,ols
181885,4078355.0,-92.41106309756236,-1.5333119024376316,ols
181894,4078355.0,-92.41089362628627,-1.8328563737137387,ols
181910,4078355.0,-92.41089362628627,-1.7022313737137296,ols
181917,4078355.0,-92.41089362628627,-1.5897313737137324,ols
181921,4078355.0,-92.41089362628627,-1.6903563737137262,ols
181924,4078355.0,-92.41089362628627,-1.2109813737137358,ols
181926,4078355.0,-92.41089362628627,-2.8241063737137324,ols
181928,4078355.0,-92.40067371394079,-2.2337012860592154,ols
181937,4078355.0,-92.29474754640619,0.01412254640618471,ols
181940,4078355.0,-92.21372438849795,0.17622438849795685,ols
181974,4078355.0,-94.81981130455426,-0.6964386954457353,ols
181978,4078355.0,-90.9592635789482,-3.551986421051808,ols
181981,4078355.0,-90.5207169322075,-0.959283067792498,ols
181983,4078355.0,-90.38149363090217,-0.6753813690978347,ols
181985,4078355.0,-90.21905938474275,-3.75031561525725,ols
181993,4078355.0,-89.82021006043429,0.09333506043428486,ols
182009,4078355.0,-92.45243394884608,3.163683948846085,ols
182015,4078355.0,-93.56299113708255,5.777366137082552,ols
182020,4078355.0,-93.61971502678551,5.03409002678552,ols
182025,4078355.0,-93.52625956198209,8.084384561982091,ols
196381,4078355.0,-97.6653214139104,-7.6168950809349525,ols
196453,4078355.0,-92.32515175253411,0.3064017525341143,ols
196473,4078355.0,-92.26815114801315,-2.6643488519868583,ols
196482,4078355.0,-92.26815114801315,-1.9374738519868515,ols
196491,4078355.0,-92.26815114801315,-1.956848851986848,ols
196515,4078355.0,-92.26815114801315,-1.2949738519868532,ols
196535,4078355.0,-92.26815114801315,-2.0299738519868527,ols
196539,4078355.0,-92.26815114801315,-1.7130988519868566,ols
196541,4078355.0,-92.26815114801315,-1.6137238519868475,ols
196544,4078355.0,-92.26815114801315,-1.2230988519868475,ols
196547,4078355.0,-92.26815114801315,-1.2430988519868578,ols
196577,4078355.0,-92.26815114801315,-2.274973851986857,ols
196579,4078355.0,-92.26815114801315,-2.2455988519868555,ols
196597,4078355.0,-92.01227864897679,-1.4277213510232087,ols
196599,4078355.0,-91.96020330341749,-3.692296696582517,ols
196605,4078355.0,-91.80959497474348,-1.8491550252565219,ols
196624,4078355.0,-90.52822927611841,-0.04114572388158422,ols
196630,4078355.0,-92.66252404744273,0.7231490474427318,ols
196633,4078355.0,-89.89609612028572,0.04234612028571405,ols
196637,4078355.0,-91.4488157838178,0.9231907838178017,ols
196655,4078355.0,-93.62773048854733,7.743980488547322,ols
196661,4078355.0,-93.30943695214347,10.583811952143478,ols
196668,4078355.0,-91.99139131419739,1.9195163141973808,ols
196679,4078355.0,-92.1989088917826,-2.9467161082174016,ols
203130,4078355.0,-92.38690549675196,-0.8930945032480366,ols
203132,4078355.0,-92.37420177101613,-0.7007982289838708,ols
203134,4078355.0,-92.35347861153545,0.08910361153544955,ols
203142,4078355.0,-92.22313534029891,0.48313534029891514,ols
203144,4078355.0,-92.06734886974341,-2.0276511302565865,ols
203154,4078355.0,-91.85627901533182,-1.583720984668176,ols
203179,4078355.0,-93.81133805226456,-0.5374119477354355,ols
203180,4078355.0,-91.9985858994656,1.041710899465599,ols
203184,4078355.0,-89.7736081074953,0.007983107495306285,ols
203188,4078355.0,-91.59612207059655,2.3037833609191267,ols
203191,4078355.0,-91.77616411754394,4.2424141175439445,ols
203195,4078355.0,-90.60883537580811,1.2525853758081098,ols
203198,4078355.0,-93.42232070995863,4.524820709958632,ols
203202,4078355.0,-93.6889466910613,5.214571691061309,ols
203219,4078355.0,-92.14438283269156,-0.764992167308435,ols
121707,4078356.0,-75.30665060596945,7.640400605969447,ols
121714,4078356.0,-69.22206543760164,1.952690437601646,ols
121730,4078356.0,-80.00330869371038,2.0320586937103826,ols
121734,4078356.0,-80.0862872131689,-1.4924627868310978,ols
121751,4078356.0,-92.72693070184545,6.147555701845448,ols
134845,4078356.0,-82.76555544502077,0.023680445020772822,ols
134881,4078356.0,-76.71819670222652,8.670071702226522,ols
134921,4078356.0,-92.80862031429876,4.636120314298765,ols
134927,4078356.0,-93.47537108712518,5.3984960871251815,ols
134963,4078356.0,-84.95848704637822,-9.930262953621778,ols
134977,4078356.0,-84.53764659478459,-9.821889487689631,ols
149507,4078356.0,-81.66812912128722,-2.9412458787127775,ols
149519,4078356.0,-84.74111329043237,4.979238290432363,ols
149535,4078356.0,-76.59287717716748,2.5135021771674815,ols
149557,4078356.0,-75.45396364610436,8.162088646104351,ols
149584,4078356.0,-75.21280257775376,6.150927577753762,ols
149611,4078356.0,-69.84042883534138,1.1285538353413784,ols
149617,4078356.0,-69.80358415611013,2.2610841561101296,ols
149663,4078356.0,-87.29825142634316,1.0688764263431523,ols
149701,4078356.0,-88.55881889661933,-2.198056103380665,ols
164320,4078356.0,-82.79865244241844,-0.443847557581563,ols
164326,4078356.0,-85.47600373296007,6.759128732960065,ols
164335,4078356.0,-76.44662317527249,5.613498175272497,ols
164342,4078356.0,-69.96583045638802,0.5402054563880228,ols
164367,4078356.0,-71.81603183354615,-3.4695931664538477,ols
164412,4078356.0,-88.37237480399874,-3.9445001960012576,ols
164426,4078356.0,-88.96312111151256,-7.01750388848744,ols
164442,4078356.0,-84.32122925709419,-11.909440845998589,ols
174732,4078356.0,-76.82135441543512,1.7132294154351229,ols
174742,4078356.0,-69.46344406031936,1.484694060319356,ols
174753,4078356.0,-71.27066408317376,-2.2799609168262407,ols
174755,4078356.0,-80.2412433897486,5.059993389748598,ols
174757,4078356.0,-80.42756023358845,1.1313102335884508,ols
174758,4078356.0,-83.29215605262968,1.1427810526296724,ols
174763,4078356.0,-90.49549197750801,4.767366977508004,ols
174780,4078356.0,-89.14562459672875,-0.8250004032712468,ols
182057,4078356.0,-82.80168999395934,-2.4658100060406554,ols
182077,4078356.0,-80.24910408056054,9.436604080560542,ols
182087,4078356.0,-69.0521267432864,2.4596267432863925,ols
196691,4078356.0,-85.86770010895856,6.857700108958554,ols
196699,4078356.0,-69.75660062241128,1.881600622411284,ols
196716,4078356.0,-90.5693660519426,3.2762410519425913,ols
196736,4078356.0,-84.50545265325043,-9.980797346749569,ols
196752,4078356.0,-84.45297689798169,-11.205773102018313,ols
196758,4078356.0,-83.97628654602929,-6.206838453970718,ols
196782,4078356.0,-84.13148901057178,-7.298510989428223,ols
203237,4078356.0,-84.2477779769957,4.469027976995704,ols
203244,4078356.0,-75.5532341143005,5.398234114300493,ols
203246,4078356.0,-69.62273900984331,1.780864009843313,ols
203256,4078356.0,-71.37678135673505,-1.1519686432649507,ols
203258,4078356.0,-71.06257538342454,-1.7711746165754505,ols
203262,4078356.0,-79.93644151181677,5.638316511816768,ols
203268,4078356.0,-80.05389624126451,-0.4542287587354963,ols
203287,4078356.0,-87.21166478822997,3.4491647882299645,ols
203298,4078356.0,-90.47752116582416,2.4262711658241614,ols
203336,4078356.0,-92.88313884223594,3.177513842235939,ols
203340,4078356.0,-92.88487106757412,2.734871067574119,ols
203360,4078356.0,-92.88487106757412,3.559246067574122,ols
203366,4078356.0,-92.88487106757412,2.979246067574124,ols
203375,4078356.0,-92.88487106757412,2.9242460675741313,ols
203384,4078356.0,-92.88487106757412,2.9754960675741273,ols
203400,4078356.0,-83.66800790302293,-6.033242096977077,ols
203414,4078356.0,-84.31146393937013,-6.883536060629865,ols
203417,4078356.0,-84.10685610949483,-10.30251889050517,ols
203424,4078356.0,-84.37387330913751,-10.743001690862485,ols
5415,4080392.0,-67.10557949179878,3.9649544917987782,ols
5423,4080392.0,-60.68328521296549,2.9145352129654896,ols
5424,4080392.0,-58.96158615426505,2.0865861542650492,ols
5442,4080392.0,-70.03340922583365,-3.9659657741663494,ols
5447,4080392.0,-72.67635478707098,-5.599895212929027,ols
5451,4080392.0,-74.97617828425074,-2.9675717157492585,ols
5460,4080392.0,-80.43358585594153,-0.9857891440584723,ols
5470,4080392.0,-83.23090259044662,0.35902759044661536,ols
5480,4080392.0,-86.47856942239224,0.6091944223922354,ols
5520,4080392.0,-92.63400372268276,1.7540037226827678,ols
5597,4080392.0,-94.67063576990309,-0.4143642300969077,ols
5625,4080392.0,-94.66975685159666,-0.5664931484033389,ols
5678,4080392.0,-94.66975685159666,0.09100685159666,ols
5680,4080392.0,-94.70365252715287,-1.7338474728471311,ols
5691,4080392.0,-95.05589496088282,0.7715199608828271,ols
5692,4080392.0,-95.26382919905618,-0.35117080094381947,ols
5698,4080392.0,-95.48181367699424,-0.3150613230057644,ols
5702,4080392.0,-95.7018999160998,1.7168999160998055,ols
5704,4080392.0,-95.91350268285647,-1.5664973171435292,ols
19128,4080392.0,-67.15789423795034,1.9903942379503405,ols
19154,4080392.0,-63.330905600557244,2.486530600557245,ols
19159,4080392.0,-66.15690819051237,0.36815819051237497,ols
19178,4080392.0,-76.34298541635549,-1.9063895836445113,ols
19195,4080392.0,-81.38470284295013,0.04282784295013187,ols
19209,4080392.0,-85.2723113675931,-0.02518863240689484,ols
19220,4080392.0,-87.15411367547274,1.2891136754727484,ols
19239,4080392.0,-88.97902831441814,0.6484033144181467,ols
19262,4080392.0,-90.976389272672,1.5795142726720002,ols
19267,4080392.0,-91.20858929887036,1.9810892988703586,ols
19293,4080392.0,-92.09388931646942,2.6288893164694116,ols
19304,4080392.0,-92.08809355082565,1.8162185508256528,ols
19309,4080392.0,-92.08809355082565,0.7843435508256533,ols
19320,4080392.0,-92.08809355082565,0.42746855082565105,ols
19332,4080392.0,-92.08809355082565,2.467468550825643,ols
19337,4080392.0,-92.08809355082565,2.640593550825642,ols
19368,4080392.0,-92.08229778518186,1.2879227851818627,ols
19376,4080392.0,-92.08229778518186,2.189172785181867,ols
19391,4080392.0,-92.08229778518186,1.09229778518187,ols
19414,4080392.0,-92.48756829006571,2.814443290065711,ols
19439,4080392.0,-94.41670480702719,-0.3345451929728114,ols
19442,4080392.0,-94.75661690857437,1.0409919085743695,ols
19454,4080392.0,-95.58688899742378,0.009388997423783962,ols
34878,4080392.0,-66.7869779746956,4.3369779746956,ols
34879,4080392.0,-63.101953750708674,5.116953750708674,ols
34884,4080392.0,-59.810188148084535,2.686438148084534,ols
34905,4080392.0,-72.45317322697323,-6.406826773026765,ols
34910,4080392.0,-75.03231441434323,-3.2426855856567727,ols
34927,4080392.0,-83.32395328940865,0.82332828940865,ols
34947,4080392.0,-87.7153348589866,1.1590848589865885,ols
34980,4080392.0,-91.8716631023569,0.9391631023569005,ols
35001,4080392.0,-92.87518400114237,-0.1323159988576208,ols
35010,4080392.0,-92.93630066830457,1.6381756683045694,ols
35053,4080392.0,-92.92446711603411,-0.2586578839658955,ols
35066,4080392.0,-92.92446711603411,-0.0592828839658921,ols
35078,4080392.0,-92.92446711603411,-0.8761578839658881,ols
35088,4080392.0,-92.92446711603411,-0.18553288396589096,ols
35106,4080392.0,-92.92446711603411,-0.32365788396589323,ols
35117,4080392.0,-92.92446711603411,-1.044907883965891,ols
35163,4080392.0,-92.94631269422985,-0.27868730577014844,ols
35180,4080392.0,-93.63142314510918,1.3039231451091808,ols
106869,4080392.0,-59.22628068190792,1.111280681907921,ols
106884,4080392.0,-64.32314067877043,0.5831406787704267,ols
106908,4080392.0,-77.24574915856466,-5.098625841435336,ols
106924,4080392.0,-82.4308066967842,0.17643169678420634,ols
106932,4080392.0,-84.48439295075585,-0.7231070492441489,ols
106935,4080392.0,-85.38609944340801,0.6973494434080152,ols
106969,4080392.0,-91.19652646356346,2.7171514635634537,ols
106996,4080392.0,-93.39603863229335,1.422288632293359,ols
107035,4080392.0,-94.44197689282332,3.4688518928233236,ols
107044,4080392.0,-94.4313024936816,4.546302493681594,ols
107119,4080392.0,-96.043493426581,-0.4552565734190068,ols
107127,4080392.0,-96.40425754649928,-0.885117453500726,ols
132313,4080392.0,-70.10842299259443,7.054299281254224,ols
132355,4080392.0,-72.37514056689912,-8.554859433100887,ols
132361,4080392.0,-74.49070966839291,-3.073040331607089,ols
132374,4080392.0,-80.89099277572633,-0.895882224273663,ols
132407,4080392.0,-88.13182749471034,0.8968274947103367,ols
132455,4080392.0,-93.23388457373254,0.0026345737325357277,ols
132464,4080392.0,-93.46488723296272,-0.1351127670372705,ols
132505,4080392.0,-93.7069209538358,0.7425459538358012,ols
132519,4080392.0,-93.70174934756906,0.5479993475690605,ols
132530,4080392.0,-93.70174934756906,-0.3101256524309406,ols
132554,4080392.0,-93.70174934756906,-0.8213756524309304,ols
132571,4080392.0,-93.70174934756906,-0.8120006524309389,ols
132576,4080392.0,-93.70174934756906,-1.2095006524309326,ols
132579,4080392.0,-93.70174934756906,-0.9676256524309395,ols
132593,4080392.0,-93.70174934756906,-0.40137565243094286,ols
132641,4080392.0,-95.22872341858535,0.29434841858534355,ols
132650,4080392.0,-95.94807346957556,-0.27567653042443396,ols
132657,4080392.0,-96.16175252160681,0.5180025216068174,ols
146790,4080392.0,-66.9111984286693,3.7680734286692967,ols
146804,4080392.0,-59.68815862090365,1.2100336209036513,ols
146817,4080392.0,-62.35427450676957,1.7430245067695722,ols
146830,4080392.0,-72.19289876675538,-7.860226233244617,ols
146852,4080392.0,-78.25011076181713,-3.8036392381828676,ols
146873,4080392.0,-80.94418644018431,-1.8620635598156952,ols
146918,4080392.0,-84.65362930755389,-0.6926206924461127,ols
146938,4080392.0,-85.08966195316235,-0.4628380468376463,ols
146951,4080392.0,-85.07864362946594,-0.7232313705340516,ols
146972,4080392.0,-85.07864362946594,-0.49323137053406185,ols
146984,4080392.0,-85.07864362946594,-0.17823137053404992,ols
146991,4080392.0,-85.07864362946594,-0.22510637053404992,ols
147012,4080392.0,-85.06934492854298,-0.7656550714570187,ols
147014,4080392.0,-85.06934492854298,1.3343449285429756,ols
147044,4080392.0,-85.06934492854298,-1.0000300714570187,ols
147060,4080392.0,-85.06934492854298,-0.8269050714570199,ols
147085,4080392.0,-85.06934492854298,-1.2187800714570187,ols
147087,4080392.0,-85.06934492854298,-1.4512800714570204,ols
147104,4080392.0,-85.27251517473663,-1.3693598252633734,ols
147128,4080392.0,-87.36232814846844,0.6279531484684355,ols
147130,4080392.0,-87.79860281505981,0.6704778150598116,ols
147176,4080392.0,-91.41439629998327,0.4368962999832604,ols
147184,4080392.0,-91.65677394541102,0.6355239454110233,ols
147196,4080392.0,-91.94204025660265,-0.3523347433973498,ols
147202,4080392.0,-92.12983580140724,-1.5101641985927614,ols
147272,4080392.0,-92.22284828652988,-2.4302767134701213,ols
147325,4080392.0,-92.22382910840805,-3.1711708915919417,ols
147338,4080392.0,-92.22382910840805,-4.073045891591946,ols
147348,4080392.0,-92.22382910840805,-3.873045891591943,ols
147352,4080392.0,-92.22382910840805,-2.6480458915919485,ols
147387,4080392.0,-92.22382910840805,-0.45054589159194336,ols
147398,4080392.0,-92.82489458847951,-0.8907304115204937,ols
147435,4080392.0,-95.3395053390334,0.6507553390333953,ols
5172,4080393.0,-85.75360282535506,0.739852825355058,ols
5178,4080393.0,-84.65678878342676,0.525538783426768,ols
5186,4080393.0,-82.17463338022479,0.052133380224788084,ols
5256,4080393.0,-58.68156305100314,-0.5415619489968648,ols
5300,4080393.0,-58.804850364330974,-0.5101496356690234,ols
5305,4080393.0,-58.804850364330974,-0.8645246356690279,ols
5325,4080393.0,-58.804850364330974,-0.8770246356690237,ols
5355,4080393.0,-58.804850364330974,0.26360036433097633,ols
5360,4080393.0,-58.618538292004914,-0.04646170799508553,ols
5374,4080393.0,-58.50561608332464,1.2343660833246375,ols
5401,4080393.0,-71.95340951247141,5.629659512471406,ols
19049,4080393.0,-84.04567151191672,-0.14307848808327606,ols
19062,4080393.0,-79.48845771140046,-2.0009172885995383,ols
19070,4080393.0,-75.69746854653326,-2.814406453466745,ols
19090,4080393.0,-61.90624556168234,1.1174955616823397,ols
19100,4080393.0,-59.80635467091159,2.3507296709115906,ols
34779,4080393.0,-88.03450016760326,3.116375167603252,ols
34784,4080393.0,-87.17106507161174,1.6916900716117311,ols
34823,4080393.0,-72.05116694403539,1.281166944035391,ols
34840,4080393.0,-60.10941775046845,1.648792750468452,ols
34852,4080393.0,-61.27111625354813,2.878616253548131,ols
34857,4080393.0,-64.61077211498825,1.4038971149882542,ols
34861,4080393.0,-67.90074931523495,4.565749315234946,ols
106533,4080393.0,-112.53345057317757,-1.5907160934891067,ols
106554,4080393.0,-111.79523086406972,-5.548935802596958,ols
106642,4080393.0,-103.99378033170534,-2.240594668294662,ols
106678,4080393.0,-101.02249591367013,-0.42875408632987444,ols
106690,4080393.0,-99.8157953533409,0.34579535334090394,ols
106701,4080393.0,-98.42728155898253,-2.2302184410174704,ols
106716,4080393.0,-96.85796642735477,0.8423414273547678,ols
106721,4080393.0,-95.737769365707,1.191519365706995,ols
106745,4080393.0,-91.90149098369896,1.2989909836989568,ols
106779,4080393.0,-84.4598928179645,-0.0013571820355053887,ols
106781,4080393.0,-83.2045118189211,-0.15111318107889815,ols
106792,4080393.0,-80.2986451589782,-2.6919798410217908,ols
106810,4080393.0,-69.25916601812985,-5.196458981870151,ols
106817,4080393.0,-62.66210509268383,0.5558550926838279,ols
106851,4080393.0,-73.97383915903764,6.06508915903764,ols
131997,4080393.0,-100.0409013595524,-0.8572236404476001,ols
132058,4080393.0,-91.5357450021573,2.8107450021573044,ols
132091,4080393.0,-84.5207980634794,-0.2279519365205971,ols
132094,4080393.0,-83.2566108277697,0.568485827769706,ols
132103,4080393.0,-80.41609355451645,-2.016406445483554,ols
132113,4080393.0,-77.16149171802077,-4.1485082819792325,ols
132116,4080393.0,-75.38644703570344,-5.474802964296558,ols
132125,4080393.0,-71.42198594793507,-6.507389052064923,ols
132165,4080393.0,-58.09724736934699,-2.7402526306530106,ols
132179,4080393.0,-58.08466703125231,-3.0453329687476938,ols
132189,4080393.0,-58.08466703125231,-3.3790829687476887,ols
132209,4080393.0,-58.08217831219444,-3.315946687805557,ols
132213,4080393.0,-58.08217831219444,-3.0940716878055596,ols
132226,4080393.0,-58.08217831219444,-2.515321687805553,ols
132239,4080393.0,-58.08217831219444,-2.0515716878055557,ols
132253,4080393.0,-58.07870504493789,-2.180044955062108,ols
132256,4080393.0,-58.07870504493789,-1.9362949550621096,ols
132276,4080393.0,-59.64492978916411,2.4274297891641083,ols
132278,4080393.0,-61.007284684853886,1.5722846848538836,ols
146573,4080393.0,-102.71723154638958,0.4103565463895791,ols
146584,4080393.0,-101.54031356907146,0.3828135690714589,ols
146590,4080393.0,-100.67764423279006,1.8401442327900526,ols
146605,4080393.0,-99.27691930591152,0.7544193059115258,ols
146639,4080393.0,-94.23452835763737,1.2051533576373714,ols
146649,4080393.0,-92.94118755582134,2.8111875558213484,ols
146670,4080393.0,-88.78672233998174,3.6779723399817357,ols
146686,4080393.0,-85.31966320677193,-0.25596179322806734,ols
146696,4080393.0,-83.33158690795788,-0.60091309204212,ols
146701,4080393.0,-82.24785915250413,0.9816091525041344,ols
146729,4080393.0,-71.9349765823066,-5.870023417693403,ols
146764,4080393.0,-63.02951933645109,1.819519336451087,ols
146776,4080393.0,-70.68849753989323,5.828497539893235,ols
146780,4080393.0,-72.83590655553247,5.9221565555324815,ols
2034,51447561.0,-106.0103915286039,-11.263358471396103,ols
2037,51447561.0,-106.0103915286039,-10.90210847139609,ols
17619,51447561.0,-97.9522989494345,-3.6987427172321787,ols
17621,51447561.0,-97.94267904197469,-3.577057800130575,ols
17655,51447561.0,-98.09030862863176,2.2943527462788182,ols
17671,51447561.0,-98.24060168626579,-1.3728242396601331,ols
17721,51447561.0,-98.71119839738313,0.8972779428376896,ols
17744,51447561.0,-98.72191772283836,0.48233438950504137,ols
17770,51447561.0,-98.78306630467813,-1.0109151768033513,ols
17779,51447561.0,-98.87599984606369,-0.6644413304069019,ols
17801,51447561.0,-99.25411456247215,4.875208312472154,ols
31281,51447561.0,-97.85498736853151,-3.5993876314684883,ols
31291,51447561.0,-97.813654487228,-3.427595512771987,ols
31319,51447561.0,-97.93675003778517,2.0336250377851712,ols
31339,51447561.0,-98.17186188493392,-2.4037631150660843,ols
31375,51447561.0,-98.66084767085539,-1.4660273291446089,ols
31383,51447561.0,-98.73550993222204,-0.052615067777949776,ols
31397,51447561.0,-98.76929740311661,-0.894452596883383,ols
31401,51447561.0,-98.76509605577701,0.44822105577701166,ols
31423,51447561.0,-98.75912778665909,1.0316277866590866,ols
31496,51447561.0,-99.53110899992211,3.9911089999221048,ols
31500,51447561.0,-99.56971951285604,3.047844512856045,ols
31528,51447561.0,-99.75212473777259,-0.784750262227405,ols
31541,51447561.0,-99.76085464018851,-0.9947703598114828,ols
31551,51447561.0,-99.76085464018851,0.1158546401885161,ols
31558,51447561.0,-99.76085464018851,0.41147964018851724,ols
31567,51447561.0,-99.76085464018851,0.157104640188507,ols
31575,51447561.0,-99.76085464018851,0.4952296401885121,ols
31589,51447561.0,-99.76085464018851,0.5152296401885081,ols
31597,51447561.0,-99.76085464018851,0.32022964018851496,ols
31620,51447561.0,-99.76085464018851,-0.16602035981148333,ols
31649,51447561.0,-99.76085464018851,-0.452270359811493,ols
31669,51447561.0,-99.72542458645557,-1.6120754135444315,ols
31826,51447561.0,-99.09263100024202,3.707550355080727,ols
31833,51447561.0,-99.05138973710478,1.0257647371047796,ols
31839,51447561.0,-99.03876606262182,2.277516062621814,ols
31842,51447561.0,-99.07748782618623,0.6118628261862256,ols
31845,51447561.0,-99.07011910795512,-0.8630058920448818,ols
31910,51447561.0,-99.06114707181402,6.313647071814017,ols
31946,51447561.0,-98.7981309488771,14.087505948877109,ols
31998,51447561.0,-96.92790968805929,20.226659688059286,ols
32005,51447561.0,-96.5954731716981,17.3635981716981,ols
32015,51447561.0,-96.26221209184034,17.22908709184034,ols
32017,51447561.0,-96.09843153129837,14.99843153129838,ols
32042,51447561.0,-95.0098899210602,10.136764921060205,ols
32044,51447561.0,-94.84188838071444,11.701888380714436,ols
32052,51447561.0,-94.5084767852978,10.232226785297797,ols
32057,51447561.0,-94.35218928192691,8.894064281926916,ols
32065,51447561.0,-94.05551002703538,7.680510027035382,ols
32074,51447561.0,-93.79589686456043,6.21027186456044,ols
32082,51447561.0,-93.52490341700206,6.677403417002068,ols
32094,51447561.0,-93.01031689775897,6.672816897758963,ols
32115,51447561.0,-91.95860579036696,6.912980790366959,ols
32116,51447561.0,-91.730895382223,6.413395382223001,ols
32121,51447561.0,-91.5014900380028,5.278990038002803,ols
32140,51447561.0,-90.13255757400745,7.595682574007455,ols
32150,51447561.0,-89.44306543117364,4.7843154311736384,ols
32168,51447561.0,-87.6230312930152,7.9067812930152,ols
32207,51447561.0,-83.63677068708509,3.5473956870850856,ols
32220,51447561.0,-82.13963168768485,0.3146316876848516,ols
32233,51447561.0,-81.7475452009181,0.8781702009180918,ols
32237,51447561.0,-81.64157570330127,1.3422007033012733,ols
32245,51447561.0,-81.32793399933774,-1.242691000662262,ols
32250,51447561.0,-81.18500965993485,-0.7956153400651544,ols
32263,51447561.0,-81.05331509005644,-2.508559909943557,ols
32293,51447561.0,-80.33339917186163,-2.2409758281383745,ols
32316,51447561.0,-80.39557518599473,-1.8019248140052753,ols
32335,51447561.0,-80.39557518599473,-3.0081748140052724,ols
32353,51447561.0,-80.40777349041997,-2.13910150958003,ols
32361,51447561.0,-80.40777349041997,-2.9453515095800356,ols
32376,51447561.0,-80.40777349041997,-2.3647265095800236,ols
32394,51447561.0,-80.40777349041997,-2.7009765095800304,ols
32404,51447561.0,-80.40776694626523,-2.7759830537347767,ols
32415,51447561.0,-80.40776694626523,-2.938483053734771,ols
32450,51447561.0,-80.40776694626523,-3.9209830537347727,ols
32465,51447561.0,-80.40777349041997,-2.7434765095800344,ols
32479,51447561.0,-79.90570593918409,-3.1236690608159137,ols
32484,51447561.0,-79.65992711981802,-2.4000728801819804,ols
32488,51447561.0,-79.56487981645319,-2.5057451835468214,ols
32493,51447561.0,-79.48922938772161,-3.0863956122783947,ols
32518,51447561.0,-79.306850339424,-3.931274660575994,ols
32542,51447561.0,-79.62646685666019,-5.043533143339815,ols
32556,51447561.0,-81.6974300639608,-7.505694936039205,ols
32575,51447561.0,-84.03671670368806,-6.645783296311947,ols
32618,51447561.0,-85.67813468252126,-4.988115317478744,ols
32653,51447561.0,-85.70552851424016,-6.111346485759839,ols
32676,51447561.0,-85.70552197008541,-6.30572802991459,ols
32683,51447561.0,-85.70552851424016,-5.473846485759836,ols
32688,51447561.0,-85.70552197008541,-5.371353029914587,ols
32701,51447561.0,-85.70552851424016,-5.899471485759847,ols
32732,51447561.0,-85.70552851424016,-4.8013464857598365,ols
32769,51447561.0,-85.70552197008541,-4.855103029914588,ols
32774,51447561.0,-85.70552851424016,-4.204471485759839,ols
32793,51447561.0,-85.70552851424016,-4.6932214857598495,ols
32803,51447561.0,-80.8655894673407,-1.2406605326593052,ols
32833,51447561.0,-80.8655894673407,-2.9481605326593012,ols
32856,51447561.0,-83.59115138443043,-1.866973615569563,ols
32874,51447561.0,-86.37814328201353,6.645643282013523,ols
32909,51447561.0,-88.06196083937198,15.936960839371977,ols
32939,51447561.0,-88.21742377924632,15.981173779246319,ols
32951,51447561.0,-88.21742377924632,15.860548779246315,ols
32982,51447561.0,-88.49910383148622,7.8509788314862305,ols
32996,51447561.0,-89.7537426330424,10.63999263304241,ols
33002,51447561.0,-89.99310163661386,10.265601636613852,ols
33003,51447561.0,-90.16812505498982,10.068125054989821,ols
33008,51447561.0,-90.26834224059496,10.262092240594967,ols
33642,51447561.0,-97.95756699399583,0.7300669939958198,ols
33665,51447561.0,-98.1227872685794,2.1601584026000182,ols
33667,51447561.0,-98.16986591773987,3.5079909177398747,ols
33679,51447561.0,-98.27450040779084,-0.9986245922091541,ols
33710,51447561.0,-98.66652145301026,-1.7216035469897406,ols
33730,51447561.0,-98.78804640643114,-1.9994535935688589,ols
33734,51447561.0,-98.81990989583373,-1.1775901041662706,ols
33742,51447561.0,-98.87255107651858,-1.1186989234814178,ols
33746,51447561.0,-98.8789905247774,-0.13788447522260583,ols
33766,51447561.0,-98.90840650030927,-0.35159349969073617,ols
33790,51447561.0,-99.21194402936263,1.199444029362624,ols
33826,51447561.0,-100.11228883774415,-1.81458616225585,ols
33830,51447561.0,-100.22302902416246,-3.3463459758375365,ols
33834,51447561.0,-100.32969220218115,-3.9834327978188497,ols
80682,51447561.0,-99.43717420286217,6.177663333296948,ols
80697,51447561.0,-99.73570545354357,0.022580453543568524,ols
80711,51447561.0,-100.18641447842256,-3.8867105215774416,ols
81178,51447561.0,-99.60527390552895,3.076523905528944,ols
81181,51447561.0,-99.6204694328226,3.2998444328225958,ols
81187,51447561.0,-99.64285044201482,2.335350442014814,ols
81192,51447561.0,-99.71581776730523,0.25644276730523075,ols
81198,51447561.0,-99.76875997910787,-0.19186502089212354,ols
81206,51447561.0,-99.84408974425745,-2.120910255742558,ols
92572,51447561.0,-98.08229858323665,-4.29270141676335,ols
92591,51447561.0,-97.96921558942336,-3.203284410576643,ols
92679,51447561.0,-98.52821728684995,-1.7561577131500457,ols
92682,51447561.0,-98.54311178302581,-1.5056382169741909,ols
92732,51447561.0,-98.56329395622721,-3.0042060437727827,ols
92813,51447561.0,-99.557763342156,2.6821383421559943,ols
92823,51447561.0,-99.72673341740247,1.5142334174024654,ols
92863,51447561.0,-99.76086772849797,1.5052427284979757,ols
92901,51447561.0,-99.76086772849797,0.30836772849797,ols
92909,51447561.0,-99.76086772849797,0.257117728497974,ols
92923,51447561.0,-99.76086772849797,0.3839927284979723,ols
92941,51447561.0,-99.91584640092196,-1.1210285990780307,ols
105202,51447561.0,-98.08786765891577,-5.762132341084225,ols
105210,51447561.0,-98.01319885339439,-1.0511761466056129,ols
105226,51447561.0,-97.9370772455219,-4.199172754478099,ols
105241,51447561.0,-97.94308477956824,-1.2081652204317663,ols
105246,51447561.0,-97.97071420085757,0.966964200857575,ols
105252,51447561.0,-97.99251278027842,0.7543877802784209,ols
105312,51447561.0,-98.61080451960015,-2.2935704803998505,ols
105318,51447561.0,-98.6335127365291,-0.2627372634708962,ols
105344,51447561.0,-98.63878732524516,-2.5487126747548388,ols
105346,51447561.0,-98.63878732524516,-3.054962674754833,ols
105385,51447561.0,-98.79773829959302,-0.5191367004069747,ols
105391,51447561.0,-98.90798113025151,-0.33826886974848946,ols
105401,51447561.0,-99.04402756302841,1.4302775630284117,ols
105446,51447561.0,-99.92297298542789,-2.23327701457211,ols
105456,51447561.0,-100.21198903512524,-3.1780109648747583,ols
105465,51447561.0,-100.39592559224968,-1.5635158971120404,ols
118397,51447561.0,-97.89632024983503,-5.057429750164971,ols
118421,51447561.0,-97.99194343881649,-0.2874315611835101,ols
118430,51447561.0,-98.0975857286966,1.8457107286966021,ols
118461,51447561.0,-98.3181499198704,-1.5708806923745016,ols
118491,51447561.0,-98.55676943395684,-1.7301055660431501,ols
118517,51447561.0,-98.58629666011922,0.961296660119217,ols
118528,51447561.0,-98.60966583667636,0.001540836676355184,ols
118537,51447561.0,-98.663445700285,-0.002804299715009506,ols
118557,51447561.0,-98.90864863403445,0.18364863403445497,ols
118588,51447561.0,-99.50647680150121,3.982726801501201,ols
146192,51447561.0,-107.49609788968284,-12.754735443650475,ols
146197,51447561.0,-107.53594524786162,-12.41905475213838,ols
201874,51447561.0,-107.49111124377511,-10.288055422891574,ols
201879,51447561.0,-107.56165723181373,-12.245842768186279,ols
33061,51447562.0,-94.42087671145396,6.043376711453959,ols
33095,51447562.0,-93.09569495678586,1.3619449567858624,ols
33116,51447562.0,-92.24433728987344,0.42121228987343784,ols
33140,51447562.0,-93.01009050821362,-1.1799094917863755,ols
33152,51447562.0,-93.49586782245751,-3.1491321775424836,ols
33175,51447562.0,-94.07233946484428,-1.9557855351557265,ols
33186,51447562.0,-94.12580087843965,-1.9173241215603554,ols
33217,51447562.0,-94.12822489999678,-1.2980251000032155,ols
33264,51447562.0,-94.12614454077243,-1.4563554592275665,ols
33267,51447562.0,-94.12614454077243,-1.59323045922757,ols
33324,51447562.0,-94.54395025403699,-2.6129247459630136,ols
33327,51447562.0,-94.57193964180657,-3.21868535819344,ols
33373,51447562.0,-94.90763551400626,-0.7704894859937355,ols
33446,51447562.0,-95.34840154814592,8.454651548145918,ols
33450,51447562.0,-95.34439922550492,8.048149225504915,ols
33467,51447562.0,-95.32566892124437,0.17941892124437686,ols
33483,51447562.0,-95.30658646916136,-1.030913530838646,ols
33503,51447562.0,-95.22676205332189,-3.020112946678111,ols
33535,51447562.0,-95.02435625330189,-4.241893746698111,ols
33543,51447562.0,-94.98464981850734,-4.062225181492664,ols
33552,51447562.0,-94.95589815091319,-5.273476849086819,ols
33569,51447562.0,-94.97259193764616,-4.450533062353841,ols
33589,51447562.0,-95.0742707322034,-8.872157839225153,ols
33606,51447562.0,-95.1836981931034,-8.338801806896598,ols
33612,51447562.0,-95.24652617307733,-4.181407500392055,ols
117375,51447562.0,-92.15164887165146,-3.9077261283485427,ols
117377,51447562.0,-91.98489344235026,-2.3176065576497393,ols
117381,51447562.0,-91.88171837310956,1.0867183731095622,ols
117424,51447562.0,-92.25012439384763,-2.1123756061523693,ols
117436,51447562.0,-92.29289126192667,-1.0927337380733348,ols
117461,51447562.0,-92.80463983164024,-2.0209851683597577,ols
117471,51447562.0,-93.02496132890977,1.5043363289097726,ols
117487,51447562.0,-93.23343001131914,-1.300944988680854,ols
117488,51447562.0,-93.23350213798157,-3.124622862018427,ols
117496,51447562.0,-93.24107402328896,-2.9776759767110406,ols
117736,51447562.0,-94.11504410599888,5.466919105998883,ols
117742,51447562.0,-94.1589126734904,6.385953489816941,ols
117762,51447562.0,-94.20095968919338,6.004709689193376,ols
117770,51447562.0,-94.21752760782917,8.845652607829166,ols
117783,51447562.0,-94.23835382804516,5.9846038280451666,ols
117794,51447562.0,-94.2432867260564,6.385786726056395,ols
117801,51447562.0,-94.2432867260564,6.618911726056396,ols
117813,51447562.0,-94.2432867260564,5.698286726056395,ols
117817,51447562.0,-94.2432867260564,5.046411726056391,ols
117842,51447562.0,-94.2432867260564,5.61016172605639,ols
117853,51447562.0,-94.2432867260564,5.587661726056396,ols
117857,51447562.0,-94.2432867260564,4.929536726056398,ols
117882,51447562.0,-94.24194319018751,7.351943190187512,ols
117895,51447562.0,-94.24459773421478,7.457097734214784,ols
117905,51447562.0,-94.24764826776129,5.2291533698021055,ols
117942,51447562.0,-94.24539395599813,6.9022689559981245,ols
117946,51447562.0,-94.24539395599813,4.947268955998126,ols
118014,51447562.0,-92.65446080646453,-3.0430391935354777,ols
118029,51447562.0,-93.18037307273272,-0.5777519272672862,ols
118052,51447562.0,-93.9772340963066,-2.4521409036933903,ols
118106,51447562.0,-94.73317808855563,-3.547446911444368,ols
118112,51447562.0,-94.77695897265362,-3.0867910273463792,ols
118139,51447562.0,-95.13094956064268,4.31032456064267,ols
118189,51447562.0,-95.3379304538583,5.907305453858299,ols
118208,51447562.0,-95.33083234172574,6.810832341725742,ols
118244,51447562.0,-95.31702362149016,-0.3592263785098311,ols
118306,51447562.0,-95.05113645878947,-4.678238541210533,ols
118321,51447562.0,-94.96408240572713,-6.199667594272867,ols
118359,51447562.0,-95.10188251568141,-10.749758898459987,ols
31236,51447567.0,-112.26218016198284,1.433430161982841,ols
105159,51447567.0,-113.4554331752981,2.4798081752981034,ols
105164,51447567.0,-113.24844307013294,1.3059430701329404,ols
105174,51447567.0,-112.36257949058648,1.4332044905864905,ols
105178,51447567.0,-112.08092605492716,1.056551054927155,ols
105191,51447567.0,-112.45961288425218,-0.33311670758453715,ols
81846,51480339.0,-121.03873693472654,1.2637369347265377,mean_fallback
81866,51480339.0,-121.03873693472654,1.0662369347265468,mean_fallback
81874,51480339.0,-121.03873693472654,0.6770702680598788,mean_fallback
81889,51480339.0,-121.03873693472654,1.3437369347265502,mean_fallback
81919,51480339.0,-121.03873693472654,0.9870702680598811,mean_fallback
81926,51480339.0,-121.03873693472654,1.1870702680598697,mean_fallback
81959,51480339.0,-121.03873693472654,-0.8170963986067932,mean_fallback
137147,51629588.0,-102.66367840145085,-3.7575715985491485,ols
137167,51629588.0,-99.90731799540757,-2.0989320045924273,ols
137171,51629588.0,-99.24009104324334,-0.914908956756662,ols
137216,51629588.0,-87.599475347873,3.1607253478729973,ols
137245,51629588.0,-72.20074631604606,-1.2505036839539372,ols
137255,51629588.0,-70.93452878699934,-1.8924914150208707,ols
137293,51629588.0,-78.76197237545476,5.287962474464663,ols
152087,51629588.0,-93.88963458708712,3.719634587087114,ols
152092,51629588.0,-92.50017558889843,4.612050588898427,ols
152134,51629588.0,-71.65596910320245,-1.6996558967975517,ols
152148,51629588.0,-70.3569685918916,-2.1061564081084043,ols
152150,51629588.0,-70.81873494583799,-3.0481400541620047,ols
152174,51629588.0,-73.52555185187344,-0.16882314812654897,ols
152187,51629588.0,-78.60706171345839,5.3001867134583875,ols
165768,51629588.0,-105.93868893623288,-0.9788110637671252,ols
165773,51629588.0,-105.9388902234756,-0.6998597765244057,ols
165778,51629588.0,-105.9428488725824,-0.8052761274175992,ols
165787,51629588.0,-105.9428488725824,-1.0950299152963794,ols
165806,51629588.0,-105.9428488725824,-1.070146176922563,ols
165813,51629588.0,-105.9428488725824,-1.3090450668115352,ols
165819,51629588.0,-105.9428488725824,-1.3083887511799759,ols
165825,51629588.0,-105.9428488725824,-1.410055167821639,ols
165837,51629588.0,-105.9428488725824,-1.6437847907839398,ols
165884,51629588.0,-105.9428488725824,-1.7571511274176004,ols
165886,51629588.0,-105.94674042594163,-1.3551345740583685,ols
165937,51629588.0,-103.32293437880338,-3.3119666112956168,ols
165952,51629588.0,-101.17757468845815,-3.2830503115418423,ols
165978,51629588.0,-95.5712553085073,-0.09311969149270283,ols
166002,51629588.0,-86.06317059654623,2.3512955965462226,ols
166021,51629588.0,-74.43005620575452,0.3656812057545267,ols
175635,51629588.0,-80.93418378397868,3.1191837839786842,ols
175643,51629588.0,-71.10854831790448,-2.3802016820955174,ols
175652,51629588.0,-74.21575238800662,-1.3042476119933752,ols
175657,51629588.0,-76.39555903515578,1.7805590351557896,ols
175659,51629588.0,-77.45720162985265,2.924701629852649,ols
183055,51629588.0,-94.82316456136823,0.9275395613682349,ols
183084,51629588.0,-90.9466003921464,1.4516003921463891,ols
183088,51629588.0,-90.84708397934624,4.2958339793462414,ols
183092,51629588.0,-90.32858146125218,4.148581461252178,ols
183096,51629588.0,-89.74577437868425,1.8745243786842423,ols
183110,51629588.0,-87.45633328000092,0.853833280000913,ols
183121,51629588.0,-86.06880663934236,0.81380663934236,ols
183123,51629588.0,-86.04398121274038,0.8433562127403746,ols
183141,51629588.0,-85.8946797552411,-0.6396952447588973,ols
183147,51629588.0,-85.21499983232738,0.4981248323273775,ols
183149,51629588.0,-84.76260004474219,3.51885004474218,ols
183151,51629588.0,-84.14533258622079,2.903457586220796,ols
183156,51629588.0,-81.13286771169163,1.2666177116916373,ols
183160,51629588.0,-78.3533055961376,2.739555596137606,ols
183171,51629588.0,-71.89869467962227,-3.036930320377735,ols
183175,51629588.0,-70.51335536033459,-4.779144639665418,ols
183196,51629588.0,-71.44248385357491,-2.526266146425087,ols
183198,51629588.0,-71.44248385357491,-2.451266146425084,ols
183205,51629588.0,-71.4424704344254,-2.6494045655745992,ols
183217,51629588.0,-71.57674244446834,-2.9070075555316635,ols
197971,51629588.0,-99.69702650336448,-3.09109849663551,ols
197977,51629588.0,-99.70413865260721,-3.2002363473927886,ols
197981,51629588.0,-99.70413865260721,-3.0896113473927898,ols
197982,51629588.0,-99.70413865260721,-3.189611347392784,ols
197985,51629588.0,-99.70413865260721,-3.5508613473927824,ols
197990,51629588.0,-99.70413865260721,-3.493361347392792,ols
197994,51629588.0,-99.70413865260721,-3.351486347392793,ols
198008,51629588.0,-99.47561053637384,-2.194389463626166,ols
198012,51629588.0,-98.8478090454835,-2.547190954516495,ols
198015,51629588.0,-98.38058109768468,-1.5262939023153166,ols
198016,51629588.0,-97.87237106726832,-2.037003932731679,ols
198022,51629588.0,-95.89280496917578,1.4990549691757877,ols
198028,51629588.0,-92.57991217531409,2.7436621753140855,ols
198045,51629588.0,-77.7333811460123,2.4702561460123036,ols
198049,51629588.0,-73.10229845703392,-0.8864515429660713,ols
198064,51629588.0,-77.71393679836568,2.9008117983656803,ols
204678,51629588.0,-104.36266350234293,-4.7987948309903885,ols
204698,51629588.0,-99.10811370776742,1.3493637077674094,ols
204716,51629588.0,-89.62598163096756,4.885981630967564,ols
204727,51629588.0,-79.24869834749828,3.9799483474982793,ols
204735,51629588.0,-71.9889921367059,-2.1372578632940957,ols
204745,51629588.0,-71.11539208415692,-6.410857915843081,ols
204746,51629588.0,-71.16297638833564,-6.23202361166436,ols
204766,51629588.0,-70.59068991898712,-3.773060081012872,ols
137341,51629589.0,-76.86245199996593,6.489951999965925,ols
137356,51629589.0,-81.4755953408624,8.538720340862398,ols
137363,51629589.0,-83.0413357825281,5.895085782528099,ols
137370,51629589.0,-84.68551208750046,2.8855120875004587,ols
152216,51629589.0,-70.16504693217247,-2.270578067827529,ols
152225,51629589.0,-74.12354272786528,3.3260427278652855,ols
152268,51629589.0,-86.71382566771102,0.3250756677110189,ols
152271,51629589.0,-87.41371402197994,-2.1150359780200603,ols
152287,51629589.0,-89.97380614057559,-4.589318859424409,ols
166065,51629589.0,-67.00702846637488,-0.06547153362512859,ols
166101,51629589.0,-82.03559602129633,7.968096021296333,ols
166116,51629589.0,-86.58456456494187,-0.5216854350581315,ols
175678,51629589.0,-71.28549827813431,-1.948251721865688,ols
175681,51629589.0,-72.80969009612136,-0.9340599038786479,ols
175684,51629589.0,-75.50106248136947,3.655437481369475,ols
175686,51629589.0,-76.67907730512434,2.4984523051243315,ols
175702,51629589.0,-83.34020665149441,5.649581651494415,ols
175706,51629589.0,-84.0697247934908,5.7953497934908,ols
175724,51629589.0,-84.26530677626685,3.5878067762668593,ols
175729,51629589.0,-84.26530677626685,3.5059317762668485,ols
175732,51629589.0,-84.26530677626685,3.3015567762668496,ols
175750,51629589.0,-85.81044020824356,-1.2583097917564317,ols
175763,51629589.0,-87.81147776891059,-3.4378972310894085,ols
175773,51629589.0,-88.95051696067812,-5.126983039321885,ols
175785,51629589.0,-90.30531823597535,-5.780931764024658,ols
175786,51629589.0,-90.57705154235013,-5.4460734576498595,ols
175789,51629589.0,-90.80512475652829,-6.784250243471718,ols
183227,51629589.0,-73.24877170514398,0.008146705143985855,ols
183234,51629589.0,-66.88234798110096,-1.905152018899031,ols
183237,51629589.0,-67.9384168443839,-2.4272081556161,ols
183239,51629589.0,-70.10387203554816,-3.4398779644518385,ols
183251,51629589.0,-80.87933047708442,8.38245547708442,ols
183261,51629589.0,-85.882737813345,-0.6272621866550026,ols
183266,51629589.0,-88.50260872096564,-4.167391279034362,ols
198085,51629589.0,-72.90026401888652,7.777764018886515,ols
198103,51629589.0,-69.44490924867391,-3.924465751326096,ols
198112,51629589.0,-68.6045678546827,-5.091057145317308,ols
198121,51629589.0,-68.58705305025501,-4.9510719497449855,ols
198134,51629589.0,-67.51757693878696,-1.339298061213043,ols
198137,51629589.0,-67.20694876698019,-2.0924262330198076,ols
198142,51629589.0,-67.0158781732234,-1.6072468267766027,ols
198147,51629589.0,-67.01055911865082,-1.5469408813491867,ols
198149,51629589.0,-67.01055911865082,-1.5369408813491816,ols
198165,51629589.0,-67.02251256883994,-1.5612374311600519,ols
198179,51629589.0,-67.02251256883994,-1.6131124311600615,ols
198190,51629589.0,-67.02251256883994,-1.2624874311600536,ols
198193,51629589.0,-67.02251256883994,-1.368112431160057,ols
198194,51629589.0,-67.02251256883994,-1.3199874311600581,ols
198196,51629589.0,-67.02251256883994,-1.4687374311600507,ols
198214,51629589.0,-75.2412018586285,1.5168268586285052,ols
198219,51629589.0,-79.22916590893816,8.854165908938157,ols
198221,51629589.0,-80.89435305637616,6.533728056376162,ols
204780,51629589.0,-71.9887903658065,-1.4793346341935063,ols
204782,51629589.0,-70.11127948248004,0.6400294824800454,ols
204792,51629589.0,-67.20544881666689,-1.4095511833331074,ols
204806,51629589.0,-67.26640448978385,-1.5104705102161518,ols
204822,51629589.0,-67.26640448978385,-1.0810955102161444,ols
204839,51629589.0,-67.27374270823974,-1.3231322917602597,ols
204871,51629589.0,-72.97193856770397,0.8138135677039742,ols
204877,51629589.0,-78.41631975799781,8.24569475799781,ols
204883,51629589.0,-82.49635768138592,4.402607681385916,ols
204884,51629589.0,-83.67927618885737,1.0499011888573762,ols
204905,51629589.0,-91.3992435375503,-7.198881462449691,ols
5733,51708426.0,-96.78922180928825,-1.7514031907117555,ols
5740,51708426.0,-96.5225121801654,-4.899362819834593,ols
5809,51708426.0,-93.34835435805428,-0.9260206419457262,ols
5821,51708426.0,-93.35695371800361,-1.8130462819963924,ols
5839,51708426.0,-93.35695371800361,-1.354921281996397,ols
5841,51708426.0,-93.35695371800361,-1.4580462819963884,ols
5892,51708426.0,-93.35695371800361,1.9763287180036144,ols
5899,51708426.0,-93.22795496581574,-3.145170034184261,ols
5914,51708426.0,-91.88300504620368,5.338630046203676,ols
5924,51708426.0,-90.0257061796351,7.821331179635095,ols
5934,51708426.0,-88.51786959786487,7.440369597864873,ols
5949,51708426.0,-88.93444781971311,-0.8493021802868839,ols
5988,51708426.0,-95.02170878059755,7.676708780597551,ols
6005,51708426.0,-95.98363009393833,3.221130093938328,ols
6028,51708426.0,-96.9426236990108,-7.104598523211422,ols
19641,51708426.0,-94.98804222374883,-4.2709783948078694,ols
19653,51708426.0,-94.13348970379187,-4.423385296208139,ols
19664,51708426.0,-92.91759700700355,3.1582220070035447,ols
19707,51708426.0,-87.79572800934716,2.6169780093471644,ols
19736,51708426.0,-89.08654664955017,-2.997203350449823,ols
19751,51708426.0,-89.08662600255602,-4.895248997443986,ols
19752,51708426.0,-89.1019494856323,-4.743050514367695,ols
19772,51708426.0,-89.08662600255602,-5.971498997443987,ols
19776,51708426.0,-89.08662600255602,-5.14024899744399,ols
19805,51708426.0,-89.08662600255602,-5.400873997443981,ols
19808,51708426.0,-89.08662600255602,-3.5571239974439806,ols
19844,51708426.0,-89.36406916983805,-1.8771808301619473,ols
19860,51708426.0,-89.36406916983805,-2.9296808301619564,ols
19864,51708426.0,-89.36406916983805,-2.864055830161959,ols
19884,51708426.0,-89.36406916983805,-2.207805830161959,ols
19926,51708426.0,-91.01767304687361,3.5551730468736054,ols
19978,51708426.0,-95.5927371871403,-1.7260128128596932,ols
35309,51708426.0,-94.97413874182979,2.3735137418297967,ols
35349,51708426.0,-95.002914647634,0.6010396476339963,ols
35363,51708426.0,-95.002914647634,2.1666646476339935,ols
35380,51708426.0,-94.71021899733356,-3.4429060026664473,ols
35401,51708426.0,-93.47235804734783,-0.6770169526521812,ols
35759,51708426.0,-95.32635332298884,3.0241626013393557,ols
35765,51708426.0,-95.61350679230202,1.740381792302017,ols
35767,51708426.0,-95.8673487050558,-1.0745262949441923,ols
35777,51708426.0,-96.22708093940027,-1.5647940605997377,ols
35802,51708426.0,-96.79931634692667,-6.6819336530733295,ols
107137,51708426.0,-97.16647017555474,-0.895404824445265,ols
107144,51708426.0,-97.03227588972095,-0.41897411027905207,ols
147456,51708426.0,-97.35391450478527,3.0136367270075084,ols
20004,51709193.0,-96.3498401422888,-4.348909857711206,ols
35412,51709193.0,-91.35710016365715,3.465991916234472,ols
35416,51709193.0,-90.98537549791837,3.7303754979183736,ols
35446,51709193.0,-89.05445956031852,2.437584560318527,ols
35450,51709193.0,-88.60640483315592,4.369529833155923,ols
35466,51709193.0,-86.36146164718123,2.610211647181231,ols
35468,51709193.0,-85.67924606312909,2.64237106312909,ols
35497,51709193.0,-86.84833058641968,1.0052055864196774,ols
35504,51709193.0,-88.50553685508967,0.33741185508966964,ols
35527,51709193.0,-91.13786478356496,-1.8677602164350304,ols
35560,51709193.0,-91.3730221907939,-0.4276028092060926,ols
35581,51709193.0,-91.3730221907939,-0.8838528092060898,ols
35588,51709193.0,-91.3730221907939,-0.8888528092060994,ols
35632,51709193.0,-91.35979939143354,-0.7377006085664561,ols
35646,51709193.0,-91.35979939143354,-1.1845756085664618,ols
35653,51709193.0,-91.35979939143354,-0.8002006085664561,ols
35664,51709193.0,-91.35979939143354,-1.0220756085664533,ols
35692,51709193.0,-91.35979939143354,-0.8814506085664533,ols
35715,51709193.0,-91.35979939143354,-2.562700608566459,ols
35734,51709193.0,-91.5461998614862,0.5974498614861972,ols
35749,51709193.0,-92.90721428556972,4.83158928556972,ols
35756,51709193.0,-93.74534728843597,3.5965972884359587,ols
107205,51709193.0,-93.42836455648316,-0.9022604435168375,ols
107231,51709193.0,-93.25396824709011,-0.1954067529098893,ols
107236,51709193.0,-93.25396824709011,-0.34290675290988304,ols
107248,51709193.0,-93.25396824709011,-0.354156752909887,ols
107256,51709193.0,-93.25396824709011,-0.06353175290988133,ols
107273,51709193.0,-93.25396824709011,0.14771824709011128,ols
107283,51709193.0,-93.25396824709011,0.5220932470901118,ols
107320,51709193.0,-91.4406167766713,4.309366776671311,ols
107377,51709193.0,-89.53714868270491,-0.07222631729509033,ols
107383,51709193.0,-90.48718005225109,0.4084300522510915,ols
107390,51709193.0,-92.0624926613168,-0.2937573386832071,ols
107393,51709193.0,-92.71996532408525,1.5624653240852524,ols
107399,51709193.0,-93.30997437616377,4.493724376163769,ols
107443,51709193.0,-96.53655950845005,-6.034690491549952,ols
132910,51709204.0,-93.75740276467317,1.6167777646731736,ols
132922,51709204.0,-90.56567755911031,-4.894322440889681,ols
132928,51709204.0,-90.78661713535212,-2.475882864647886,ols
132955,51709204.0,-97.99589571726747,5.001520717267468,ols
132974,51709204.0,-99.81184003868646,-1.9594099613135398,ols
132981,51709204.0,-99.90093350006364,-3.944066499936355,ols
133008,51709204.0,-99.81872764541268,-3.718147354587316,ols
133033,51709204.0,-99.81872764541268,-2.612522354587327,ols
133058,51709204.0,-99.81872764541268,-2.603147354587321,ols
133079,51709204.0,-99.81872764541268,-2.520647354587325,ols
133121,51709204.0,-99.79794109577188,-2.1739339042281216,ols
133124,51709204.0,-99.79794109577188,-2.3170589042281193,ols
133137,51709204.0,-99.79794109577188,-2.040808904228129,ols
133141,51709204.0,-99.79794109577188,-2.088933904228128,ols
133142,51709204.0,-99.79794109577188,-2.118933904228129,ols
133154,51709204.0,-99.79794109577188,-2.1214339042281267,ols
133184,51709204.0,-99.79794109577188,-2.6783089042281176,ols
133218,51709204.0,-99.79794109577188,-2.556433904228129,ols
133237,51709204.0,-99.79794109577188,-1.9095589042281205,ols
133241,51709204.0,-99.79794109577188,-3.231433904228126,ols
133250,51709204.0,-99.79794109577188,-2.6283089042281205,ols
133257,51709204.0,-99.81872764541268,-2.7400223545873246,ols
133265,51709204.0,-100.17725438356277,-2.2177456164372273,ols
133268,51709204.0,-100.66206765941162,-1.4210573405883764,ols
133270,51709204.0,-101.18122823395268,-1.295021766047313,ols
133283,51709204.0,-103.01729096591691,0.346040965916913,ols
133300,51709204.0,-105.23166890134404,7.296043901344035,ols
147958,51709204.0,-91.19098976354331,0.5047397635433128,ols
147967,51709204.0,-94.87165256035996,2.309152560359962,ols
147976,51709204.0,-98.18903740768006,5.3671624076800555,ols
147984,51709204.0,-100.6298897506224,7.488014750622398,ols
147989,51709204.0,-101.64895034676354,5.820825346763542,ols
163082,51709204.0,-96.14593404238863,5.386559042388626,ols
173924,51709204.0,-91.60194479912079,-2.556805200879211,ols
173928,51709204.0,-93.19308093644818,-2.773169063551819,ols
173939,51709204.0,-97.04854871738715,-2.5158262826128492,ols
173947,51709204.0,-99.13748972408891,1.2118647240889118,ols
173961,51709204.0,-99.71586721921386,5.62524221921386,ols
173967,51709204.0,-100.16475770788584,0.9672577078858353,ols
173969,51709204.0,-100.35455045418965,-3.7048245458103537,ols
181148,51709204.0,-103.31929808575791,7.443673085757908,ols
181290,51709204.0,-95.396149999035,5.452399999035009,ols
181306,51709204.0,-94.61895575550025,5.012705755500249,ols
181312,51709204.0,-94.61895575550025,4.587080755500253,ols
181321,51709204.0,-94.61895575550025,4.467080755500248,ols
181325,51709204.0,-94.61895575550025,4.5170807555002455,ols
181327,51709204.0,-94.61895575550025,4.478955755500252,ols
181335,51709204.0,-94.61895575550025,4.673955755500259,ols
181348,51709204.0,-91.56118006565852,0.756180065658512,ols
181352,51709204.0,-90.61614268240497,-1.6651073175950302,ols
181361,51709204.0,-91.93330054738323,1.0239255473832287,ols
181374,51709204.0,-98.18209206053817,4.2677170605381605,ols
181392,51709204.0,-100.2490669633933,-4.3890580366066985,ols
181408,51709204.0,-100.26722219980579,-3.45527780019421,ols
181411,51709204.0,-100.26722219980579,-3.602777800194218,ols
181419,51709204.0,-100.26722219980579,-3.9615278001942187,ols
181421,51709204.0,-100.26722219980579,-4.138402800194214,ols
181438,51709204.0,-100.26722219980579,-4.098402800194208,ols
181456,51709204.0,-100.26722219980579,-4.496527800194215,ols
181465,51709204.0,-100.26722219980579,-3.3465278001942096,ols
181483,51709204.0,-103.67844347121871,4.450943471218707,ols
181488,51709204.0,-105.38713909484807,5.218324661858389,ols
195938,51709204.0,-90.90717912326886,-3.0565708767311435,ols
195943,51709204.0,-91.40719462570027,-0.9003053742997338,ols
195958,51709204.0,-102.86391592463858,3.9045409246385816,ols
82042,51839253.0,-109.38331872058698,1.662068720586987,ols
82046,51839253.0,-111.2851284129698,-7.080462984879659,ols
195241,51839253.0,-110.05980187488386,-6.452073125116144,ols
223,51842565.0,-98.40484465313338,1.857969653133381,ols
227,51842565.0,-98.37940118827262,0.6344011882726193,ols
235,51842565.0,-98.28547165320077,1.4567216532007734,ols
236,51842565.0,-98.23595361164723,1.2440786116472395,ols
265,51842565.0,-97.69396912414349,0.9027191241434878,ols
273,51842565.0,-97.64555809649968,-2.546316903500312,ols
320,51842565.0,-97.85839044817689,-1.7459845518231134,ols
343,51842565.0,-98.06183103668447,-0.14379396331553096,ols
355,51842565.0,-97.98539946341157,0.5410244634115742,ols
357,51842565.0,-97.98345326153802,-0.05217173846197909,ols
369,51842565.0,-98.04664232970794,-0.938982670292063,ols
373,51842565.0,-98.09958854336904,-1.3316614566309681,ols
391,51842565.0,-98.59184072856252,-0.7062842714374824,ols
411,51842565.0,-98.5531190484727,-1.3618809515273114,ols
414,51842565.0,-98.55292859446672,-0.33894640553327804,ols
437,51842565.0,-98.44956563441141,-0.10605936558859241,ols
457,51842565.0,-98.43013337411426,1.6063833741142588,ols
476,51842565.0,-98.49075131320353,-0.6786236867964703,ols
499,51842565.0,-98.56923621872835,-1.9232637812716575,ols
502,51842565.0,-98.58422852001121,-1.7076464799887958,ols
511,51842565.0,-98.60674375453007,-0.1845062454699331,ols
514,51842565.0,-98.61436191476908,1.6806119147690737,ols
521,51842565.0,-98.63740684949207,0.09428184949206297,ols
527,51842565.0,-98.65287528578986,0.9903752857898667,ols
550,51842565.0,-99.42381524691416,0.030065246914162458,ols
559,51842565.0,-99.9385945700019,1.0410945700019028,ols
567,51842565.0,-100.56891995783965,1.8107949578396472,ols
570,51842565.0,-100.90953504415083,1.9257850441508282,ols
575,51842565.0,-101.25079291273215,0.8614179127321506,ols
1261,51842565.0,-99.8993669964587,1.0543669964586968,ols
1265,51842565.0,-99.14051491302614,1.0155149130261378,ols
1313,51842565.0,-92.97688762777892,1.4937626277789207,ols
1319,51842565.0,-93.00140858104822,1.9532835810482254,ols
1325,51842565.0,-93.00971713705889,2.2190921370588796,ols
1348,51842565.0,-92.91762072179455,-1.4598792782054488,ols
1400,51842565.0,-97.77611431759564,-0.2232606824043586,ols
1408,51842565.0,-99.80565172214355,0.7125267221435507,ols
1412,51842565.0,-100.46597361592242,0.44972361592242294,ols
1444,51842565.0,-101.21383293219759,1.0069579321975937,ols
1467,51842565.0,-101.20799432657692,0.9086193265769253,ols
1468,51842565.0,-101.20799432657692,0.7373693265769248,ols
1481,51842565.0,-101.21383293219759,1.4388329321975846,ols
1490,51842565.0,-101.21383293219759,0.3788329321975965,ols
1530,51842565.0,-101.21383293219759,0.9300829321975925,ols
1532,51842565.0,-101.21383293219759,0.13383293219759196,ols
1548,51842565.0,-101.72820158883493,1.688826588834928,ols
49392,51842565.0,-98.73020556390345,1.2258305639034575,ols
49395,51842565.0,-97.68310134242753,0.46372634242753463,ols
49406,51842565.0,-95.05655014602442,-0.04469985397557252,ols
49419,51842565.0,-91.97684340084191,-6.95065659915808,ols
49437,51842565.0,-95.86325379845823,1.5338787984582325,ols
49473,51842565.0,-100.85623172922853,1.1256067292285223,ols
49487,51842565.0,-102.76822925365136,1.839479253651362,ols
68057,51842565.0,-99.52297036377496,1.2542203637749623,ols
68118,51842565.0,-98.42376506828947,1.4618900682894633,ols
68143,51842565.0,-100.36687801593848,2.360628015938488,ols
68164,51842565.0,-102.34157657014094,1.5778265701409424,ols
68175,51842565.0,-102.96967602678387,2.44155102678387,ols
68184,51842565.0,-103.83359920463784,-3.3507757953621677,ols
68203,51842565.0,-104.94603510185092,-6.106849513533675,ols
17836,51842568.0,-101.88237031863149,3.734898408519129,ols
17844,51842568.0,-101.12303680986668,4.053036809866683,ols
17872,51842568.0,-97.1230238859783,2.7055238859782946,ols
17902,51842568.0,-87.16137231778677,-3.0698776822132317,ols
17948,51842568.0,-98.67797300237004,4.436723002370044,ols
17954,51842568.0,-99.29011132425683,5.191986324256831,ols
17958,51842568.0,-99.80574039565883,3.6044903956588286,ols
17982,51842568.0,-101.86130603337716,-1.7605689666228415,ols
18011,51842568.0,-103.55093633922431,-1.9440636607756971,ols
18023,51842568.0,-104.17598502949278,-3.8071399705072224,ols
18031,51842568.0,-104.56186631426944,-5.0175086857305615,ols
18036,51842568.0,-104.95391966112331,-2.9998303388766914,ols
18064,51842568.0,-106.1537911787017,-8.641208821298306,ols
31706,51842568.0,-103.60191955383684,6.730669553836833,ols
31724,51842568.0,-103.60206111489366,4.308936114893655,ols
31748,51842568.0,-103.60194078799536,5.514440787995355,ols
31752,51842568.0,-103.60194078799536,6.620690787995358,ols
31771,51842568.0,-103.8177293849539,2.890229384953912,ols
33849,51842568.0,-100.73916569209682,4.763540692096825,ols
33869,51842568.0,-98.62726583181828,2.352265831818272,ols
33887,51842568.0,-95.12287232395087,2.98474732395087,ols
33899,51842568.0,-91.05482515615638,-0.7245498438436186,ols
33917,51842568.0,-86.43752108791308,-5.436228912086918,ols
33934,51842568.0,-92.48076260341821,0.1382626034182124,ols
33945,51842568.0,-95.6582987091487,1.4345487091487001,ols
33989,51842568.0,-101.97224035555158,-0.34775964444841634,ols
33999,51842568.0,-102.83816934009936,-0.7868306599006445,ols
34027,51842568.0,-104.53947135508103,-3.8499036449189674,ols
34031,51842568.0,-104.73721799534829,-3.513407004651711,ols
34038,51842568.0,-104.95085486424321,-3.6897701357567882,ols
34052,51842568.0,-105.68371645538329,-7.735658544616712,ols
80730,51842568.0,-100.84445880615709,4.992583806157086,ols
80740,51842568.0,-100.01159848448168,1.6172234844816842,ols
80749,51842568.0,-99.0762125674068,0.9505875674067994,ols
80773,51842568.0,-95.16216967332319,2.3384196733231875,ols
80786,51842568.0,-91.39043810965742,-1.2089368903425708,ols
80822,51842568.0,-89.7718785323851,-2.7118714676148983,ols
80860,51842568.0,-89.77304641110385,-2.308828588896148,ols
80892,51842568.0,-89.78868182982924,-2.344443170170763,ols
80894,51842568.0,-89.78870306398778,-2.45879693601222,ols
80934,51842568.0,-89.7718785323851,-2.0343714676149034,ols
80938,51842568.0,-89.78867475177643,-2.270075248223577,ols
80946,51842568.0,-89.78867475177643,-1.9507002482235691,ols
80978,51842568.0,-88.37495402371786,-3.343795976282138,ols
81244,51842568.0,-100.86403670031484,3.981536700314848,ols
81268,51842568.0,-97.79003835154009,3.7675383515400966,ols
81284,51842568.0,-95.0928755360114,2.6553755360114053,ols
81288,51842568.0,-94.2918027496442,2.2343027496442005,ols
81311,51842568.0,-90.3924043468883,-1.0838456531116947,ols
81320,51842568.0,-87.01041160679745,-3.607713393202559,ols
81339,51842568.0,-86.68993860832295,-5.740686391677059,ols
81340,51842568.0,-87.4890083057362,-4.886616694263793,ols
81405,51842568.0,-95.6291442094973,2.436019209497303,ols
81419,51842568.0,-96.66302830990526,1.0730283099052542,ols
81421,51842568.0,-96.80229607760154,0.2854210776015407,ols
81424,51842568.0,-96.84875641644877,-1.2812435835512304,ols
81445,51842568.0,-96.75034316974981,1.4934681697498178,ols
81467,51842568.0,-96.74252192136068,1.6562719213606698,ols
81478,51842568.0,-96.74252192136068,1.483146921360671,ols
81490,51842568.0,-96.74039142745559,0.14289142745559502,ols
81534,51842568.0,-96.74820559779187,1.1388305977918662,ols
81548,51842568.0,-96.74820559779187,0.9438305977918731,ols
81555,51842568.0,-96.76595027626385,2.575325276263854,ols
81575,51842568.0,-98.34152483863377,3.25652483863378,ols
81577,51842568.0,-98.82722790262471,5.005977902624707,ols
81589,51842568.0,-100.17986503466688,2.809240034666871,ols
81651,51842568.0,-104.76897014039227,-3.3716548596077303,ols
81662,51842568.0,-105.5039551473846,-7.371044852615398,ols
81666,51842568.0,-105.72631925543229,-7.4605557445677135,ols
81680,51842568.0,-106.48857600002036,-10.071423999979643,ols
92988,51842568.0,-99.76138223850532,0.301382238505326,ols
93019,51842568.0,-95.84514514804107,2.330145148041069,ols
93022,51842568.0,-95.09858044660112,2.3085804466011126,ols
93033,51842568.0,-93.02912766920909,0.2453776692090912,ols
93052,51842568.0,-90.03869281227324,-1.4763071877267606,ols
93062,51842568.0,-88.31447206219292,-2.895527937807074,ols
93083,51842568.0,-86.96884220246322,-8.584282797536773,ols
93089,51842568.0,-89.54269118139887,-1.5635588186011375,ols
93098,51842568.0,-92.22612257441632,0.23987257441632437,ols
93111,51842568.0,-95.302881363799,0.5285063637989964,ols
93122,51842568.0,-97.57169457750601,2.284194577506014,ols
93124,51842568.0,-98.15603738588683,2.654162385886835,ols
93154,51842568.0,-101.00014057839127,1.4282655783912617,ols
93158,51842568.0,-101.3299282944043,-0.4950717055957057,ols
93161,51842568.0,-101.65256009899525,-0.5968149010047483,ols
93173,51842568.0,-102.51184986997833,-0.49690013002167177,ols
93176,51842568.0,-102.79480211034355,-2.1301978896564435,ols
93218,51842568.0,-104.92253557482704,-2.6130894251729586,ols
93247,51842568.0,-106.09381175892845,-10.495563241071551,ols
105492,51842568.0,-99.64915971071387,0.17790971071387673,ols
105495,51842568.0,-99.20797052103893,0.6635955210389284,ols
105535,51842568.0,-92.04818740405057,-0.1836875959494364,ols
105565,51842568.0,-87.14222618485232,-4.658398815147677,ols
105616,51842568.0,-95.9600007114893,3.2925007114892964,ols
105645,51842568.0,-96.27332487659456,4.283949876594562,ols
105658,51842568.0,-96.27345228154569,4.167202281545684,ols
105669,51842568.0,-96.27345228154569,3.6378272815456825,ols
105673,51842568.0,-96.27332487659456,3.8170748765945604,ols
105707,51842568.0,-96.26508602308782,2.505086023087813,ols
105718,51842568.0,-96.29424760079206,1.804247600792067,ols
105737,51842568.0,-97.00023382529548,1.5077338252954746,ols
105746,51842568.0,-98.09329752550568,3.4932975255056817,ols
105766,51842568.0,-99.98646431884387,3.997714318843876,ols
105818,51842568.0,-103.45676992422983,-3.3563550757701677,ols
105829,51842568.0,-103.93492070583962,-2.2075792941603822,ols
105845,51842568.0,-104.87659901189002,-4.428400988109985,ols
105846,51842568.0,-105.09807128527976,-6.213178714720243,ols
105851,51842568.0,-105.3165990886877,-6.211525911312307,ols
105857,51842568.0,-105.53123396303319,-7.104391036966817,ols
105867,51842568.0,-106.14609025721086,-10.611409742789135,ols
118614,51842568.0,-101.92350796174242,1.2696101122800627,ols
118638,51842568.0,-100.29405526114806,1.791555261148062,ols
118710,51842568.0,-89.35515817138094,-4.096091828619066,ols
118719,51842568.0,-91.90900457298838,0.9396295729883803,ols
118728,51842568.0,-93.57769799853233,2.9683229985323294,ols
118764,51842568.0,-96.57642833339764,2.5251783333976476,ols
118778,51842568.0,-96.7984243826976,0.31967438269759896,ols
118817,51842568.0,-96.81564528525935,0.9931452852593452,ols
118821,51842568.0,-96.81564528525935,0.990020285259348,ols
118830,51842568.0,-96.81564528525935,1.5737702852593571,ols
118845,51842568.0,-96.81564528525935,0.9262702852593492,ols
118855,51842568.0,-96.81564528525935,2.0656452852593503,ols
118864,51842568.0,-96.81564528525935,1.881895285259347,ols
118881,51842568.0,-97.20277230733599,1.7708973073359857,ols
118911,51842568.0,-100.27374124949486,4.19686624949486,ols
118915,51842568.0,-100.66633960641747,1.441339606417472,ols
118921,51842568.0,-101.06245575560197,1.6468307556019681,ols
118950,51842568.0,-103.69372897723531,-2.1975210227646897,ols
118986,51842568.0,-105.92829857129837,-9.302326428701633,ols
118991,51842568.0,-106.14472419301259,-9.449650806987407,ols
119007,51842568.0,-106.88985204972583,-13.48431461694085,ols
130696,51842579.0,-101.02702151249228,0.40077151249228393,ols
130707,51842579.0,-99.97514806081034,2.103273060810338,ols
130724,51842579.0,-101.46081149092,1.9158114909199924,ols
145790,51842579.0,-101.29317765158487,1.0075526515848736,ols
145795,51842579.0,-100.71188030682694,0.4387553068269483,ols
159572,51842579.0,-101.9875804107261,-0.2115175274182235,ols
159579,51842579.0,-100.99448903893146,0.5076140389314645,ols
159608,51842579.0,-101.7569443609696,2.569444360969598,ols
161038,51842579.0,-102.2217029982322,-0.16079700176779,ols
161053,51842579.0,-101.25439780721476,-0.4124771927852464,ols
161058,51842579.0,-100.40369640047193,-1.7700535995280688,ols
161064,51842579.0,-100.07146761019092,0.20646761019092708,ols
161067,51842579.0,-99.98881812850287,1.1725681285028742,ols
161073,51842579.0,-100.20850353113059,2.156003531130594,ols
161079,51842579.0,-101.02495088769754,-3.718799112302463,ols
172420,51842579.0,-101.60269661792658,-0.3073033820734139,ols
172422,51842579.0,-101.15330990473544,-1.0191900952645625,ols
172435,51842579.0,-99.96574742424221,0.5782474242422069,ols
172439,51842579.0,-100.05962363636499,2.651498636364991,ols
178965,51842579.0,-99.99114708839105,0.3161470883910482,ols
178982,51842579.0,-102.0351259000606,0.5026259000606075,ols
194919,51842579.0,-101.50620747451521,0.947457474515204,ols
194928,51842579.0,-100.1917078060098,2.659207806009803,ols
201545,51842579.0,-101.2491502523778,3.2054002523777996,ols
201549,51842579.0,-100.27523681022971,1.0858618102297157,ols
