_row,cell_id,pred,residual,method
12909,26347520.0,-101.09747448647657,-0.5387755135234329,ols
12913,26347520.0,-100.78813200899974,-2.5687429910002635,ols
12921,26347520.0,-100.12011768784505,-0.3130073121549515,ols
12931,26347520.0,-99.36621674183502,0.22309174183502023,ols
12946,26347520.0,-97.21282012491086,-1.5203048750891384,ols
12972,26347520.0,-98.6344044274442,-0.21372057255580046,ols
27400,26347520.0,-101.48385875448648,0.8782337544864731,ols
27419,26347520.0,-100.67357655020824,-2.8207984497917664,ols
27424,26347520.0,-100.15178605162944,1.2317860516294417,ols
27431,26347520.0,-99.85348267792077,-1.388392322079227,ols
27450,26347520.0,-98.20843209868308,-0.31969290131692674,ols
27455,26347520.0,-98.07761246458065,0.06761246458064818,ols
27470,26347520.0,-98.79880524453918,3.2175552445391844,ols
45632,26347520.0,-101.86866898598177,1.2349189859817642,ols
45638,26347520.0,-101.72861622046986,0.46924122046985417,ols
45647,26347520.0,-101.26275613857477,3.5183811385747674,ols
45670,26347520.0,-100.13960290476538,-2.4003970952346236,ols
45678,26347520.0,-99.53182154050245,0.027446540502452876,ols
45688,26347520.0,-98.38591513979037,-1.2484598602096355,ols
45696,26347520.0,-97.38944839122215,-1.0043016087778511,ols
45700,26347520.0,-96.8092230900481,-0.804526909951889,ols
45706,26347520.0,-96.24678909232667,1.123039092326664,ols
45736,26347520.0,-98.63532695877893,2.9690769587789276,ols
64740,26347520.0,-99.43415048995315,-0.9039745100468508,ols
64747,26347520.0,-99.04120426177133,-2.070670738228671,ols
64766,26347520.0,-96.39825101654891,1.33762601654891,ols
64802,26347520.0,-98.22498033025244,2.0006053302524407,ols
64812,26347520.0,-98.58306060722694,5.176185607226941,ols
64828,26347520.0,-98.75187081137946,6.4518708113794645,ols
64858,26347520.0,-99.19215801195325,-0.8978419880467499,ols
64870,26347520.0,-99.43141416819759,-3.659835831802411,ols
64878,26347520.0,-99.58255815789204,-6.37306684210796,ols
64893,26347520.0,-99.83567052630241,-6.638704473697587,ols
76576,26347520.0,-102.04127095028127,5.102495440077192,ols
76657,26347520.0,-100.36287894195722,-2.2827460580427754,ols
76679,26347520.0,-99.68489659155013,0.7705215915501213,ols
76687,26347520.0,-99.48350591636137,-1.1171190836386273,ols
76696,26347520.0,-99.31995987406239,-0.2681651259376139,ols
76702,26347520.0,-99.19449561253873,-2.3555043874612664,ols
76729,26347520.0,-99.1182330222008,-0.24301697779920062,ols
76764,26347520.0,-99.09492737890557,-0.7944476210944345,ols
76792,26347520.0,-98.9728300961516,-1.0477949038483985,ols
76799,26347520.0,-98.95399377839044,0.8383687783904463,ols
76805,26347520.0,-98.94182105560925,-0.45630394439073996,ols
76832,26347520.0,-98.93550406138499,-1.6851209386150146,ols
76853,26347520.0,-98.84164561914842,1.2135206191484258,ols
76856,26347520.0,-98.76492436916386,2.0067993691638577,ols
76868,26347520.0,-98.52493592109732,-0.4981890789026693,ols
76870,26347520.0,-98.44263518075213,-0.47986481924786517,ols
76881,26347520.0,-98.2935056450739,-0.12399435492609712,ols
76889,26347520.0,-98.1836722958263,-1.1082027041737064,ols
76900,26347520.0,-97.90071577813526,-0.5392842218647331,ols
76906,26347520.0,-97.69736537536537,1.4504903753653622,ols
76911,26347520.0,-97.62228591843413,-0.6514640815658765,ols
76986,26347520.0,-96.95483189173416,0.9773318917341527,ols
76997,26347520.0,-96.92149306866852,1.4808680686685278,ols
77028,26347520.0,-96.47106844749554,-0.8233065525044623,ols
77031,26347520.0,-96.38612520214069,0.22675020214069264,ols
77048,26347520.0,-96.25715323672844,0.2096532367284425,ols
77052,26347520.0,-96.26338162624826,1.4002566262482645,ols
77070,26347520.0,-96.1602353261671,2.9696103261671,ols
77079,26347520.0,-96.14195930286066,1.3025843028606516,ols
77146,26347520.0,-96.06200137514236,1.9201263751423596,ols
77159,26347520.0,-96.22859124964181,1.178591249641812,ols
77185,26347520.0,-96.68961976912277,4.473369769122769,ols
77197,26347520.0,-96.7468271359591,1.214952135959095,ols
77233,26347520.0,-96.74432275004757,1.95057275004757,ols
77251,26347520.0,-96.74182618219821,0.9537011821982162,ols
77266,26347520.0,-96.75055374558809,-0.023196254411914197,ols
77282,26347520.0,-97.50999509164797,-0.4831299083520406,ols
77302,26347520.0,-98.51613278310657,4.201757783106572,ols
77321,26347520.0,-98.9956119292822,-2.9368880707177993,ols
77348,26347520.0,-99.23042221417892,-1.4427027858210835,ols
77352,26347520.0,-99.23042221417892,-1.8833277858210806,ols
77377,26347520.0,-99.23042221417892,-0.7864527858210835,ols
77393,26347520.0,-99.23042221417892,-2.375202785821088,ols
127172,26347520.0,-99.61365319711813,-0.24447180288187553,ols
127194,26347520.0,-96.44365571554623,3.878030715546231,ols
127235,26347520.0,-98.62230727926388,7.019182279263873,ols
127252,26347520.0,-99.1556242074854,-2.9368757925145985,ols
141830,26347520.0,-101.77552459342238,1.6573995934223689,ols
141840,26347520.0,-101.46395657425101,0.5264565742510143,ols
141853,26347520.0,-100.88822926483897,-0.8405207351610358,ols
141862,26347520.0,-100.18488251476816,-1.1319924852318337,ols
141867,26347520.0,-99.90845147295896,0.6415764729589597,ols
141905,26347520.0,-96.43557965733623,1.1099546573362318,ols
141920,26347520.0,-95.961487155988,1.484612155987989,ols
141973,26347520.0,-98.44548095537792,1.753605955377921,ols
141993,26347520.0,-99.16145648185584,-2.312293518144159,ols
156034,26347520.0,-99.37358135638857,-0.5039186436114278,ols
156056,26347520.0,-97.64623003680568,0.1749800368056782,ols
156064,26347520.0,-96.93485153087711,-1.473273469122887,ols
156093,26347520.0,-96.16845210949595,0.12220210949594446,ols
156109,26347520.0,-97.14308301045479,-0.5981669895452058,ols
156119,26347520.0,-97.79594853316652,-1.3046764668334703,ols
156141,26347520.0,-98.52912900843513,1.5703790084351397,ols
156149,26347520.0,-98.69691765246559,9.56754265246559,ols
156165,26347520.0,-98.94677249497647,-1.1913525050235307,ols
156213,26347520.0,-99.3388431001965,-4.71235370831414,ols
172842,26347520.0,-101.95648927821104,7.032797417745911,ols
172878,26347520.0,-101.08496298100184,0.11246298100184049,ols
172887,26347520.0,-100.87326288784641,-3.044862112153595,ols
172916,26347520.0,-100.2658724266914,-4.457877573308593,ols
172932,26347520.0,-99.87945428041215,-2.0611707195878495,ols
172939,26347520.0,-99.61499790380944,-2.6650020961905625,ols
172971,26347520.0,-97.99495469939687,-2.1306703006031285,ols
172993,26347520.0,-96.36717161344714,-0.6784533865528601,ols
173027,26347520.0,-97.89101356299625,-1.2358614370037486,ols
173044,26347520.0,-99.1442332909201,-5.748891709079899,ols
20309,26349056.0,-182.16995659754653,85.99683159754653,ols
20318,26349056.0,-182.16995659754653,83.72558159754654,ols
20327,26349056.0,-182.16995659754653,78.13683159754653,ols
6372,26349058.0,-104.05489241397422,7.806296908356259,ols
6377,26349058.0,-103.94338735976052,-0.1534876402394758,ols
6397,26349058.0,-103.28194866933752,3.738065690614121,ols
6414,26349058.0,-102.55778083546875,2.3715308354687465,ols
6447,26349058.0,-100.3491340133249,-2.4621159866751015,ols
6450,26349058.0,-99.95053611736982,-3.3338388826301752,ols
6452,26349058.0,-99.51065784886222,-2.3343421511377755,ols
6472,26349058.0,-96.84282831528317,2.4728283152831665,ols
6547,26349058.0,-101.42385965811042,-6.81926534188959,ols
6577,26349058.0,-102.70411405900926,1.5509890590092539,ols
6582,26349058.0,-102.841589917611,1.1215899176110042,ols
6589,26349058.0,-103.10479038808853,1.9972903880885298,ols
6603,26349058.0,-103.45029351554206,1.4321685155420596,ols
6628,26349058.0,-104.06585841383952,-3.7066415861604725,ols
20394,26349058.0,-103.18276045923893,6.897135459238939,ols
20428,26349058.0,-101.76930238195928,-2.946947618040724,ols
20436,26349058.0,-101.33998925303148,-1.9856357469685264,ols
20459,26349058.0,-99.86804950396142,-3.357575496038578,ols
20460,26349058.0,-99.49116395826543,-1.9007110417345672,ols
20468,26349058.0,-98.68372151850919,1.0212215185091935,ols
20479,26349058.0,-97.70579814143795,2.652048141437959,ols
20501,26349058.0,-97.37778734877205,1.4471623487720393,ols
20511,26349058.0,-98.03883341576471,-1.3067915842352846,ols
20527,26349058.0,-99.12468979751917,0.35593979751917004,ols
20529,26349058.0,-99.35001446225263,-1.0687355377473722,ols
20539,26349058.0,-99.77516523369526,0.16454023369526283,ols
20543,26349058.0,-99.96561230797082,0.4399873079708101,ols
20558,26349058.0,-100.76934816289527,-1.7275268371047332,ols
20607,26349058.0,-102.7012970545371,0.9569220545370882,ols
20617,26349058.0,-103.09436527504683,1.87124027504683,ols
20620,26349058.0,-103.21718227704345,1.727182277043454,ols
20644,26349058.0,-103.88075156734013,-2.613623432659878,ols
20652,26349058.0,-104.07865848679195,-2.6063415132080507,ols
20660,26349058.0,-104.25405408103205,-0.11344591896795464,ols
36063,26349058.0,-103.97920120609075,0.9267012060907547,ols
36098,26349058.0,-102.88317505380525,7.974425053805248,ols
36102,26349058.0,-102.70294167995506,6.567316679955056,ols
36106,26349058.0,-102.51298607137201,0.4654860713720126,ols
36168,26349058.0,-96.95306763941727,2.5924426394172713,ols
36221,26349058.0,-100.55870431971407,0.9974543197140662,ols
36230,26349058.0,-100.93754474570653,-2.1855802542934697,ols
36240,26349058.0,-101.45853132718878,-6.774593672811221,ols
36256,26349058.0,-102.10401522912473,-0.5916097708752801,ols
36273,26349058.0,-102.70713423924256,1.874009239242568,ols
36288,26349058.0,-103.25593118943678,1.5828061894367806,ols
51916,26349058.0,-102.79400560522605,7.544005605226047,ols
51928,26349058.0,-102.29634305200011,-1.2811569479998894,ols
51953,26349058.0,-101.7061641413728,-2.7988358586272,ols
51993,26349058.0,-98.79380708801324,0.602557088013242,ols
52000,26349058.0,-97.80342684028881,2.0396768402888057,ols
52019,26349058.0,-96.9890160210488,1.3515160210487949,ols
52031,26349058.0,-98.10077731234985,-0.5473476876501451,ols
52044,26349058.0,-99.1346509010523,0.20590090105230274,ols
52081,26349058.0,-100.04100424344934,1.195379243449338,ols
52110,26349058.0,-101.1944110745493,-4.862463925450712,ols
52115,26349058.0,-101.55731867700186,-6.383306322998138,ols
52119,26349058.0,-101.72811261481377,-3.41563738518623,ols
52136,26349058.0,-102.39207727415916,0.8952022741591605,ols
52177,26349058.0,-103.60287576654713,1.477875766547129,ols
70915,26349058.0,-103.5074463080298,1.3736963080297926,ols
70933,26349058.0,-102.58660982860485,0.1728598286048566,ols
70937,26349058.0,-102.32955954332971,-2.841065456670293,ols
70947,26349058.0,-101.48116345960982,-2.1294615403901815,ols
70963,26349058.0,-100.08987350524264,-3.143251494757365,ols
70990,26349058.0,-96.61826144122642,1.388261441226419,ols
70998,26349058.0,-96.9123061887412,1.2341811887412035,ols
71029,26349058.0,-99.29184029972235,-0.5131597002776545,ols
71068,26349058.0,-101.99895139566316,-0.9047986043368468,ols
71098,26349058.0,-103.33512855200928,1.452628552009287,ols
71110,26349058.0,-103.74496151843225,-1.883163481567749,ols
120927,26349058.0,-103.6321248392975,-0.4622501607024958,ols
120979,26349058.0,-101.35449435500652,-1.628005644993479,ols
121000,26349058.0,-100.0485546940326,-2.4876953059673923,ols
121006,26349058.0,-99.37264659467368,-1.24985340532632,ols
121045,26349058.0,-97.12653855516325,2.3877885551632545,ols
121071,26349058.0,-99.75788431152395,0.5260093115239499,ols
121090,26349058.0,-100.56442893406538,2.07067893406537,ols
121132,26349058.0,-101.7216851221536,-3.266439877846395,ols
121138,26349058.0,-101.88795702647073,-0.4289179735292663,ols
121161,26349058.0,-102.3843401215251,1.6430901215251055,ols
121174,26349058.0,-102.8352283197923,1.5458533197922861,ols
121186,26349058.0,-103.16917239380744,2.3104223938074426,ols
121193,26349058.0,-103.28188002887768,1.8062550288776862,ols
121208,26349058.0,-103.7368619441702,-1.7368880558297946,ols
121211,26349058.0,-103.84909733287668,-1.225277667123322,ols
133682,26349058.0,-103.807885600784,1.8172606007840102,ols
133687,26349058.0,-103.77490523263629,-0.5063447673637143,ols
133692,26349058.0,-103.74052185348928,-1.0232281465107178,ols
133701,26349058.0,-103.67600805808746,-4.399616941912541,ols
133712,26349058.0,-103.5820804528316,-1.6472945471684,ols
133717,26349058.0,-103.55449522482795,-1.0443568159883796,ols
133721,26349058.0,-103.52819220061423,-1.5093077993857662,ols
133732,26349058.0,-103.45066417402523,-0.42808582597476175,ols
133746,26349058.0,-103.3513139724414,0.8031889724414043,ols
133769,26349058.0,-103.14742160489085,7.0905466048908465,ols
133776,26349058.0,-103.01714475771796,7.994019757717965,ols
133778,26349058.0,-102.9458739954487,7.022123995448695,ols
133830,26349058.0,-101.14540178621789,-2.5227232137821147,ols
133845,26349058.0,-100.42600858273613,-2.3277414172638657,ols
133870,26349058.0,-97.99615826906809,1.9580332690680962,ols
133880,26349058.0,-97.14305619542104,3.076181195421043,ols
133906,26349058.0,-98.11524672128579,-1.1247532787142092,ols
133912,26349058.0,-98.50552813912569,-0.6888468608743068,ols
133939,26349058.0,-100.66286209910564,0.03786209910563798,ols
133963,26349058.0,-101.86146180896945,0.28646180896944884,ols
133973,26349058.0,-102.18731454557772,-0.9670604544222812,ols
134013,26349058.0,-103.47587444211817,1.1133744421181717,ols
134033,26349058.0,-104.00938653471346,-3.8804944176675065,ols
148366,26349058.0,-103.9909112685408,5.195911268540797,ols
148376,26349058.0,-103.75767373159607,-1.1410762684039355,ols
148435,26349058.0,-100.86906902296228,-1.9678059770377274,ols
148451,26349058.0,-99.51329364252038,-2.175456357479618,ols
148469,26349058.0,-97.58407389556211,2.395948895562114,ols
148470,26349058.0,-97.07188152979558,2.526881529795574,ols
148507,26349058.0,-99.25410726613477,0.9409822661347675,ols
148537,26349058.0,-99.92110857942384,0.025483579423848823,ols
148538,26349058.0,-99.9198208843971,-0.299554115602902,ols
148583,26349058.0,-99.99196475331561,0.04196475331561089,ols
148588,26349058.0,-100.03208098366912,-0.26104401633088514,ols
148601,26349058.0,-100.06632159065963,0.2169465906596315,ols
148612,26349058.0,-100.05312889427687,0.3456288942768708,ols
148619,26349058.0,-100.05312889427687,1.2518788942768708,ols
148623,26349058.0,-100.05312889427687,0.759378894276864,ols
148635,26349058.0,-100.05312889427687,-0.26499610572312804,ols
148641,26349058.0,-100.05312889427687,-0.5162461057231269,ols
148650,26349058.0,-100.05312889427687,-0.7624961057231303,ols
148677,26349058.0,-100.05642638196795,-0.1479486180320464,ols
148714,26349058.0,-100.05430127333108,-1.0219487266689242,ols
148720,26349058.0,-100.05430127333108,-0.7931987266689191,ols
148739,26349058.0,-100.05759601540376,1.5975960154037665,ols
148757,26349058.0,-100.3951615600805,1.7132865600804905,ols
148761,26349058.0,-100.50240266892844,2.1811526689284335,ols
148767,26349058.0,-100.73857252631787,0.17919752631786423,ols
148800,26349058.0,-101.47063950430595,-5.765610495694048,ols
148819,26349058.0,-101.78903788697474,-3.8503371130252617,ols
148837,26349058.0,-102.01009586072406,0.10009586072406762,ols
148850,26349058.0,-102.32984234202428,-0.16140765797571532,ols
148858,26349058.0,-102.48074152895387,1.2963665289538682,ols
148862,26349058.0,-102.55047199930414,1.8523469993041317,ols
148870,26349058.0,-102.66896190671196,2.6702119067119554,ols
148877,26349058.0,-102.71134601785883,2.5607210178588247,ols
148893,26349058.0,-102.8019239686741,1.0156739686741076,ols
148914,26349058.0,-102.7998070968924,1.44480709689239,ols
148957,26349058.0,-102.7998070968924,1.254182096892393,ols
148961,26349058.0,-102.7998070968924,1.2454320968924009,ols
148978,26349058.0,-102.7998070968924,1.4210570968923975,ols
148986,26349058.0,-102.7998070968924,1.1798070968923895,ols
148996,26349058.0,-102.7998070968924,0.7523070968923946,ols
149012,26349058.0,-102.7998070968924,1.5023070968923946,ols
149025,26349058.0,-102.7998070968924,1.424807096892394,ols
149065,26349058.0,-103.01384177879007,1.8832167787900715,ols
149083,26349058.0,-103.38991462144146,1.7342896214414623,ols
149122,26349058.0,-104.29149333345148,0.2558683334514882,ols
165752,26349058.0,-102.69569599301352,4.616945993013516,ols
165757,26349058.0,-102.53556878266197,-1.0856812173380348,ols
165771,26349058.0,-101.77995538132767,-4.543169618672337,ols
165780,26349058.0,-101.3342866036273,-3.681338396372695,ols
165835,26349058.0,-96.57628093598346,0.8256559359834625,ols
165859,26349058.0,-99.39946030390865,-0.5349146960913487,ols
165863,26349058.0,-99.75739559144984,-0.41322940855016554,ols
165881,26349058.0,-100.84352104380689,-2.4496039561931156,ols
165891,26349058.0,-101.49900723355188,-7.159117766448119,ols
165903,26349058.0,-102.03583603316702,-2.274788966832986,ols
165933,26349058.0,-103.0744760154013,1.6669760154013034,ols
165935,26349058.0,-103.20594171533877,1.1909417153387665,ols
165962,26349058.0,-104.01372186615745,-3.924403133842546,ols
9756,26351360.0,-69.32043487057692,5.2448098705769155,ols
9766,26351360.0,-72.33799036408037,6.278615364080366,ols
9772,26351360.0,-75.63508854660094,0.261338546600939,ols
9790,26351360.0,-80.90176720588016,-1.8076400106146764,ols
24216,26351360.0,-68.97318559176551,-6.166814408234487,ols
24246,26351360.0,-68.87842565016561,-5.907824349834385,ols
24278,26351360.0,-68.87842565016561,-5.930949349834393,ols
24303,26351360.0,-68.87842565016561,-5.865949349834395,ols
24311,26351360.0,-68.87842565016561,-5.803449349834395,ols
24336,26351360.0,-68.95859521355516,4.417970213555151,ols
24357,26351360.0,-75.26132853335537,-0.7149214666446255,ols
24360,26351360.0,-76.90704395612026,-0.6860810438797387,ols
39432,26351360.0,-74.60757795643688,-0.21821991590354628,ols
39472,26351360.0,-78.69508016374215,-1.6005448362578534,ols
55507,26351360.0,-80.28720566134483,-0.7840443386551783,ols
55515,26351360.0,-80.28720566134483,-0.6752943386551777,ols
55520,26351360.0,-80.28720566134483,-0.8596693386551664,ols
55551,26351360.0,-80.28720566134483,-0.6390443386551681,ols
55593,26351360.0,-80.21532177908772,0.8265717790877147,ols
55602,26351360.0,-78.55696251027041,4.2208655714948975,ols
55607,26351360.0,-77.6442284136312,1.8329784136311957,ols
55626,26351360.0,-70.36756581585499,0.9250658158549925,ols
55672,26351360.0,-81.18412633744438,-1.7339986625556207,ols
55685,26351360.0,-83.59767117974643,-0.8851584905832368,ols
73715,26351360.0,-80.04159809047928,3.427848090479287,ols
73721,26351360.0,-78.48065155930013,3.126901559300123,ols
73727,26351360.0,-74.42897071148532,0.6695957114853144,ols
73735,26351360.0,-69.58741123030897,-0.4763513959536567,ols
73755,26351360.0,-76.71641299925508,-0.31733700074491367,ols
73764,26351360.0,-79.74245227229643,-0.07129772770356624,ols
73784,26351360.0,-84.35147867736715,-3.1810213226328443,ols
123747,26351360.0,-80.98585567250802,-0.26789432749197317,ols
123751,26351360.0,-80.69905224628233,-0.06094775371767014,ols
123758,26351360.0,-80.35573048368339,-0.7698945163166115,ols
123764,26351360.0,-80.29392378118195,-1.4260762188180536,ols
123775,26351360.0,-80.26815376252472,-1.2493462374752795,ols
123785,26351360.0,-80.26815376252472,-1.413096237475287,ols
123824,26351360.0,-80.26815376252472,-0.7812212374752789,ols
123827,26351360.0,-80.26815376252472,-1.1099712374752784,ols
123832,26351360.0,-80.26815376252472,-0.8943462374752755,ols
123852,26351360.0,-80.26877389666352,-0.8743511033364797,ols
123859,26351360.0,-80.26877389666352,-0.5431011033364825,ols
123868,26351360.0,-79.97844776401041,1.8121977640104063,ols
123889,26351360.0,-75.30306700608698,0.2080670060869778,ols
123913,26351360.0,-70.21256673304899,4.295066733048984,ols
123945,26351360.0,-82.27488199679294,-1.9228220848397086,ols
137420,26351360.0,-81.33965942464769,1.0971594246476855,ols
137432,26351360.0,-80.42954367215013,-0.5048313278498711,ols
137447,26351360.0,-80.04455234061278,-0.4323226593872249,ols
137462,26351360.0,-80.05407829002284,-0.5990467099771593,ols
137485,26351360.0,-80.05407829002284,-0.47029670997716266,ols
137492,26351360.0,-80.05407829002284,-0.2209217099771621,ols
137498,26351360.0,-80.05407829002284,-0.22404670997715925,ols
137517,26351360.0,-80.05407829002284,0.8740782900228368,ols
137519,26351360.0,-79.81477541623521,1.0285254162352118,ols
137545,26351360.0,-74.7689334141657,0.3695584141656951,ols
137553,26351360.0,-71.55052336348086,0.9398983634808644,ols
137572,26351360.0,-70.82800680094762,4.10925680094762,ols
137584,26351360.0,-75.19644699908233,1.2214469990823318,ols
137591,26351360.0,-77.77028790329274,0.06903790329273818,ols
137595,26351360.0,-78.92132576871816,-0.6667992312818427,ols
137606,26351360.0,-81.80211584569146,-2.229759154308539,ols
137616,26351360.0,-83.40501617395597,-2.1256088260440293,ols
152323,26351360.0,-80.31400923690009,2.7821342369000917,ols
152335,26351360.0,-80.29442333368266,2.8056733336826625,ols
152346,26351360.0,-80.29442333368266,2.82379833368266,ols
152351,26351360.0,-80.29442333368266,2.875048333682656,ols
152364,26351360.0,-80.29442333368266,2.853173333682662,ols
152381,26351360.0,-80.29442333368266,2.5787983336826557,ols
152389,26351360.0,-80.29442333368266,3.046923333682656,ols
152397,26351360.0,-80.29442333368266,-1.1037016663173347,ols
152427,26351360.0,-74.84688944319868,-0.05498555680132711,ols
152433,26351360.0,-73.38177086241404,0.4430208624140448,ols
152437,26351360.0,-71.75854391515517,-0.6939560848448281,ols
152450,26351360.0,-69.81796332236007,4.372338322360065,ols
152492,26351360.0,-82.55219392550518,-1.9953060744948203,ols
168713,26351360.0,-80.52852397108362,-1.693351028916382,ols
168719,26351360.0,-80.51466569567603,-1.6853343043239732,ols
168726,26351360.0,-80.5102127880404,-1.540412211959591,ols
168762,26351360.0,-79.18456409766907,2.262064097669068,ols
168816,26351360.0,-75.582489113466,2.8499891134659947,ols
168820,26351360.0,-77.12432345500598,1.0705734550059844,ols
168840,26351360.0,-82.30791275265875,-2.295403573871866,ols
9496,26351361.0,-91.16089807445411,-5.372226925545888,ols
9515,26351361.0,-91.16395213336509,-4.404172866634909,ols
9523,26351361.0,-91.16395213336509,-4.444797866634914,ols
9526,26351361.0,-91.16395213336509,-5.064797866634919,ols
9550,26351361.0,-91.16395213336509,-2.9447978666349144,ols
9576,26351361.0,-91.16395213336509,-2.9666728666349087,ols
9591,26351361.0,-91.16395213336509,-2.71979786663492,ols
9601,26351361.0,-91.16395213336509,-4.386047866634911,ols
9668,26351361.0,-76.32079309826807,-1.5617069017319238,ols
9687,26351361.0,-78.35051898617371,1.3530189861737085,ols
24063,26351361.0,-91.04010879627154,5.647608796271541,ols
24110,26351361.0,-83.30632456983051,-5.630550430169492,ols
24119,26351361.0,-80.82350782217938,-1.1714921778206246,ols
24131,26351361.0,-76.4336102008737,-0.47138979912629964,ols
24148,26351361.0,-79.91245791614097,2.6393329161409724,ols
39203,26351361.0,-91.53418396156638,-7.360478959781929,ols
39235,26351361.0,-91.54357914551872,-2.888295854481285,ols
39257,26351361.0,-91.54357914551872,-5.032670854481282,ols
39273,26351361.0,-91.54357914551872,-4.1701708544812846,ols
39286,26351361.0,-91.54357914551872,-3.1076708544812846,ols
39312,26351361.0,-90.75942663548481,7.7863016354848185,ols
39379,26351361.0,-76.19710787321623,-0.26851712678377737,ols
55369,26351361.0,-88.28097877319682,0.053478773196815155,ols
55374,26351361.0,-87.28092010936021,-0.3003298906397873,ols
55378,26351361.0,-86.73090656804447,0.03028156804447235,ols
55383,26351361.0,-86.13345941421477,0.1928344142147722,ols
55396,26351361.0,-83.73212861985084,-1.1284963801491585,ols
55418,26351361.0,-75.99712110550811,0.5952461055081102,ols
55459,26351361.0,-84.64114803440621,1.7867730344062096,ols
73626,26351361.0,-89.8393476996959,6.0168476996959015,ols
73631,26351361.0,-89.25803629580736,1.2430362958073573,ols
73639,26351361.0,-87.94566474115496,0.21191474115495623,ols
73651,26351361.0,-85.58619202941301,-1.060057970586982,ols
73655,26351361.0,-84.62798312651198,-2.7107668734880264,ols
73663,26351361.0,-82.20316853311041,-2.481831466889588,ols
73669,26351361.0,-80.77193833152164,-0.9918116684783627,ols
73685,26351361.0,-75.23545379214313,0.6210787921431375,ols
73686,26351361.0,-75.79210803921082,0.2508580392108115,ols
123667,26351361.0,-82.68466963024585,-4.475330369754147,ols
123674,26351361.0,-81.06095050040074,-0.6546744995992668,ols
123680,26351361.0,-80.1018761421135,-1.3474988578865066,ols
137331,26351361.0,-86.09917406622219,-0.9920759337778122,ols
137338,26351361.0,-84.49500257774469,-2.9081224222553175,ols
137360,26351361.0,-79.17642139690633,-1.387328603093664,ols
137384,26351361.0,-77.23972364133294,0.9534736413329483,ols
152171,26351361.0,-92.05131019820575,-0.6894792754784618,ols
152193,26351361.0,-90.1748198437795,9.1148198437795,ols
152259,26351361.0,-75.220200140961,0.38270014096099203,ols
152262,26351361.0,-75.72186468425808,1.0049896842580779,ols
152286,26351361.0,-84.11461829212811,4.563993292128117,ols
168412,26351361.0,-91.150421071269,-2.8545789287310015,ols
168425,26351361.0,-90.65245967842256,-6.5475403215774435,ols
168461,26351361.0,-89.1837153145157,4.999965314515691,ols
168487,26351361.0,-83.9386312680148,-2.6057437319852,ols
168494,26351361.0,-82.45262772650197,-4.2154972734980305,ols
168507,26351361.0,-80.8542148450174,-7.375785154982609,ols
168511,26351361.0,-80.41961477246596,-5.669135227534042,ols
168518,26351361.0,-79.7018027464604,-4.424447253539597,ols
168567,26351361.0,-79.88994775441282,-3.8888022455871862,ols
168588,26351361.0,-79.26190175966838,-3.702473240331628,ols
168620,26351361.0,-78.2249197732485,3.222419773248504,ols
168631,26351361.0,-81.83619048429385,4.551815484293854,ols
9820,26351362.0,-86.14684767122787,2.575597671227868,ols
9836,26351362.0,-86.14684767122787,1.9837226712278806,ols
9846,26351362.0,-86.14684767122787,-0.007527328772127362,ols
9872,26351362.0,-86.14684767122787,-0.20065232877212225,ols
9879,26351362.0,-86.14684767122787,0.5999726712278743,ols
9896,26351362.0,-86.14684767122787,0.13684767122786923,ols
24421,26351362.0,-86.14684767122787,1.3018476712278755,ols
24424,26351362.0,-86.14684767122787,1.791222671227871,ols
24467,26351362.0,-86.14684767122787,3.1043476712278704,ols
24482,26351362.0,-86.14684767122787,3.7480976712278675,ols
24496,26351362.0,-86.14684767122787,1.313722671227879,ols
39510,26351362.0,-86.14684767122787,1.0430976712278692,ols
39514,26351362.0,-86.14684767122787,1.173097671227879,ols
39547,26351362.0,-86.14684767122787,0.8318476712278766,ols
55728,26351362.0,-86.14684767122787,0.3099726712278681,ols
55751,26351362.0,-86.14684767122787,1.3955976712278755,ols
55780,26351362.0,-86.14684767122787,2.0518476712278755,ols
55784,26351362.0,-86.14684767122787,0.45559767122787775,ols
55788,26351362.0,-86.14684767122787,2.219972671227879,ols
55803,26351362.0,-86.14684767122787,3.601222671227873,ols
73801,26351362.0,-86.14684767122787,1.552472671227875,ols
73822,26351362.0,-86.14684767122787,1.6687226712278687,ols
73856,26351362.0,-86.14684767122787,0.49059767122787434,ols
123957,26351362.0,-86.14684767122787,3.7493476712278806,ols
124000,26351362.0,-86.14684767122787,0.9049726712278812,ols
124021,26351362.0,-86.14684767122787,0.9955976712278698,ols
124027,26351362.0,-86.14684767122787,2.9268476712278755,ols
137621,26351362.0,-86.14684767122787,2.217991288249152,ols
137632,26351362.0,-86.14684767122787,2.139347671227881,ols
137685,26351362.0,-86.14684767122787,3.21872267122788,ols
152507,26351362.0,-86.14684767122787,1.907472671227879,ols
152529,26351362.0,-86.14684767122787,1.9812226712278687,ols
152587,26351362.0,-86.14684767122787,1.306847671227871,ols
152616,26351362.0,-86.14684767122787,2.228722671227871,ols
152620,26351362.0,-86.14684767122787,2.12497267122788,ols
152649,26351362.0,-86.14684767122787,3.118097671227872,ols
168854,26351362.0,-86.14684767122787,1.6787226712278738,ols
168868,26351362.0,-86.14684767122787,2.8768476712278783,ols
168888,26351362.0,-86.14684767122787,4.508097671227873,ols
15154,26353152.0,-92.06727857828187,-4.654388088384792,mean_fallback
66773,26353152.0,-92.06727857828187,-0.4203757427057866,mean_fallback
66779,26353152.0,-92.06727857828187,1.2272785782818687,mean_fallback
79573,26353152.0,-92.06727857828187,2.1779107621899243,mean_fallback
144113,26353152.0,-92.06727857828187,2.519484460634814,mean_fallback
158265,26353152.0,-92.06727857828187,2.404778578281878,mean_fallback
77592,26353154.0,-106.26276108957795,-0.21532332600646953,mean_fallback
77595,26353154.0,-106.26276108957795,1.4002610895779526,mean_fallback
77599,26353154.0,-106.26276108957795,2.014636089577948,mean_fallback
156329,26353154.0,-106.26276108957795,1.2977885621054241,mean_fallback
46874,26353920.0,-108.24578866991654,13.494882872815097,ols
46887,26353920.0,-108.24578866991654,11.25641366991654,ols
46909,26353920.0,-108.24578866991654,10.472038669916529,ols
46929,26353920.0,-108.24578866991654,10.665163669916538,ols
46938,26353920.0,-108.24578866991654,10.797663669916531,ols
46963,26353920.0,-108.24578866991654,11.230788669916535,ols
46976,26353920.0,-108.24578866991654,10.870788669916536,ols
46986,26353920.0,-108.24578866991654,11.121622003249854,ols
46999,26353920.0,-108.24578866991654,11.168913669916535,ols
47018,26353920.0,-108.24578866991654,11.04891366991653,ols
47071,26353920.0,-108.24578866991654,10.012038669916535,ols
47103,26353920.0,-108.24578866991654,14.411622003249875,ols
47109,26353920.0,-108.24578866991654,15.911622003249875,ols
47117,26353920.0,-108.24578866991654,19.22641366991654,ols
47121,26353920.0,-108.24578866991654,17.15828866991653,ols
47123,26353920.0,-108.24578866991654,17.769538669916543,ols
65928,26353920.0,-108.24578866991654,6.922663669916531,ols
65958,26353920.0,-108.24578866991654,5.451413669916533,ols
66054,26353920.0,-108.24578866991654,7.755788669916541,ols
66081,26353920.0,-108.24578866991654,8.322038669916537,ols
66100,26353920.0,-108.24578866991654,7.784538669916529,ols
66104,26353920.0,-108.24578866991654,7.719538669916531,ols
66122,26353920.0,-108.24578866991654,7.891413669916531,ols
66126,26353920.0,-108.24578866991654,7.487038669916529,ols
66138,26353920.0,-108.24578866991654,8.197663669916537,ols
66145,26353920.0,-108.24578866991654,8.480788669916535,ols
66179,26353920.0,-108.24578866991654,8.065788669916529,ols
78716,26353920.0,-108.24578866991654,9.469538669916531,ols
78753,26353920.0,-108.24578866991654,8.197663669916537,ols
78757,26353920.0,-108.24578866991654,8.237663669916529,ols
78785,26353920.0,-108.24578866991654,8.290163669916538,ols
78828,26353920.0,-108.24578866991654,10.157038669916531,ols
78839,26353920.0,-108.24578866991654,10.47516366991654,ols
78851,26353920.0,-108.24578866991654,10.123288669916533,ols
78872,26353920.0,-108.24578866991654,9.638288669916534,ols
78889,26353920.0,-108.24578866991654,10.52141366991654,ols
78910,26353920.0,-108.24578866991654,8.800788669916543,ols
78965,26353920.0,-108.24578866991654,16.40703866991653,ols
128228,26353920.0,-108.24578866991654,9.128288669916529,ols
128234,26353920.0,-108.24578866991654,12.292663669916536,ols
128259,26353920.0,-108.24578866991654,10.513913669916533,ols
128277,26353920.0,-108.24578866991654,10.47016366991653,ols
128293,26353920.0,-108.24578866991654,10.297038669916532,ols
128321,26353920.0,-108.24578866991654,9.511413669916536,ols
128358,26353920.0,-108.24578866991654,8.125163669916532,ols
128363,26353920.0,-108.24578866991654,9.168288669916535,ols
128469,26353920.0,-108.24578866991654,11.449538669916535,ols
128471,26353920.0,-108.24578866991654,11.431413669916537,ols
128479,26353920.0,-108.24578866991654,12.012663669916535,ols
128524,26353920.0,-108.24578866991654,11.038913669916539,ols
128555,26353920.0,-108.24578866991654,11.838288669916537,ols
128572,26353920.0,-108.24578866991654,11.85078866991654,ols
128575,26353920.0,-108.24578866991654,10.39703866991654,ols
128580,26353920.0,-108.24578866991654,10.629538669916542,ols
128582,26353920.0,-108.24578866991654,10.409538669916529,ols
128590,26353920.0,-108.24578866991654,10.887038669916535,ols
128604,26353920.0,-108.24578866991654,14.766413669916531,ols
143189,26353920.0,-108.24578866991654,7.798288669916531,ols
143209,26353920.0,-108.24578866991654,5.610163669916531,ols
143220,26353920.0,-108.24578866991654,4.11578866991654,ols
143234,26353920.0,-108.24578866991654,10.97516366991654,ols
143247,26353920.0,-108.24578866991654,10.401413669916536,ols
143254,26353920.0,-108.24578866991654,11.164538669916539,ols
143274,26353920.0,-108.24578866991654,7.715163669916535,ols
143325,26353920.0,-108.24578866991654,9.249538669916532,ols
143330,26353920.0,-108.24578866991654,9.713913669916536,ols
143335,26353920.0,-108.24578866991654,11.743288669916538,ols
143384,26353920.0,-108.24578866991654,16.852663669916538,ols
157572,26353920.0,-108.24578866991654,10.807663669916536,ols
157637,26353920.0,-108.24578866991654,7.795163669916533,ols
157653,26353920.0,-108.24578866991654,7.686413669916533,ols
157689,26353920.0,-108.24578866991654,10.87766366991653,ols
157704,26353920.0,-108.24578866991654,9.583288669916541,ols
157725,26353920.0,-108.24578866991654,13.71016366991654,ols
157755,26353920.0,-108.24578866991654,13.27203866991654,ols
157758,26353920.0,-108.24578866991654,12.577663669916532,ols
157775,26353920.0,-108.24578866991654,15.136413669916536,ols
157780,26353920.0,-108.24578866991654,16.64641366991654,ols
13594,26356992.0,-96.73622851365016,2.1524785136501663,mean_fallback
13620,26356992.0,-96.73622851365016,-1.303771486349845,mean_fallback
13669,26356992.0,-96.73622851365016,-1.6481464863498445,mean_fallback
13674,26356992.0,-96.73622851365016,-2.1025214863498434,mean_fallback
13252,26356993.0,-110.16560031543871,14.484975315438703,ols
13283,26356993.0,-110.16560031543871,8.926850315438713,ols
13286,26356993.0,-110.16560031543871,8.637475315438707,ols
13323,26356993.0,-110.16560031543871,11.548100315438703,ols
13325,26356993.0,-110.16560031543871,11.764350315438705,ols
13335,26356993.0,-110.16560031543871,11.296225315438704,ols
13368,26356993.0,-110.16560031543871,8.620600315438708,ols
13379,26356993.0,-110.16560031543871,8.839350315438708,ols
13402,26356993.0,-110.16560031543871,9.204350315438703,ols
13432,26356993.0,-110.16560031543871,9.029350315438705,ols
13451,26356993.0,-110.16560031543871,9.080600315438716,ols
13459,26356993.0,-110.16560031543871,8.860600315438703,ols
13483,26356993.0,-110.16560031543871,9.05497531543871,ols
13493,26356993.0,-110.16560031543871,9.388100315438706,ols
13496,26356993.0,-110.16560031543871,9.751225315438703,ols
13502,26356993.0,-110.16560031543871,9.566225315438714,ols
13513,26356993.0,-110.16560031543871,14.215600315438707,ols
13699,26356993.0,-110.16560031543871,13.756850315438712,ols
13709,26356993.0,-110.16560031543871,14.158100315438716,ols
13718,26356993.0,-110.16560031543871,16.192475315438713,ols
13738,26356993.0,-110.16560031543871,15.256850315438712,ols
13771,26356993.0,-110.16560031543871,20.093725315438704,ols
14454,26356993.0,-110.16560031543871,11.392475315438716,ols
46102,26356993.0,-110.16560031543871,13.704975315438716,ols
46103,26356993.0,-110.16560031543871,21.411225315438713,ols
46107,26356993.0,-110.16560031543871,21.15060031543871,ols
46122,26356993.0,-110.16560031543871,10.338100315438709,ols
46133,26356993.0,-110.16560031543871,8.549350315438716,ols
46138,26356993.0,-110.16560031543871,7.9456003154387105,ols
46152,26356993.0,-110.16560031543871,8.108100315438705,ols
46165,26356993.0,-110.16560031543871,9.527475315438707,ols
46180,26356993.0,-110.16560031543871,10.468725315438704,ols
46193,26356993.0,-110.16560031543871,9.198725315438708,ols
46213,26356993.0,-110.16560031543871,10.099975315438712,ols
46256,26356993.0,-110.16560031543871,9.393725315438715,ols
46263,26356993.0,-110.16560031543871,9.499975315438704,ols
46281,26356993.0,-110.16560031543871,9.501225315438703,ols
46303,26356993.0,-110.16560031543871,9.396850315438712,ols
46309,26356993.0,-110.16560031543871,9.677475315438713,ols
46311,26356993.0,-110.16560031543871,9.80497531543871,ols
46335,26356993.0,-110.16560031543871,10.038725315438711,ols
46346,26356993.0,-110.16560031543871,9.631225315438712,ols
46364,26356993.0,-110.16560031543871,9.596850315438715,ols
46379,26356993.0,-110.16560031543871,8.324350315438707,ols
46388,26356993.0,-110.16560031543871,9.734975315438703,ols
46432,26356993.0,-110.16560031543871,8.684975315438706,ols
46515,26356993.0,-110.16560031543871,10.949350315438707,ols
46528,26356993.0,-110.16560031543871,11.471850315438715,ols
46577,26356993.0,-110.16560031543871,12.238100315438714,ols
46580,26356993.0,-110.16560031543871,13.061850315438704,ols
46628,26356993.0,-110.16560031543871,5.263100315438706,ols
46637,26356993.0,-110.16560031543871,1.882475315438711,ols
46650,26356993.0,-110.16560031543871,2.7324753154387054,ols
46687,26356993.0,-110.16560031543871,7.843100315438704,ols
46741,26356993.0,-110.16560031543871,7.882475315438711,ols
46746,26356993.0,-110.16560031543871,7.872475315438706,ols
46754,26356993.0,-110.16560031543871,7.926850315438713,ols
46764,26356993.0,-110.16560031543871,7.846225315438716,ols
46789,26356993.0,-110.16560031543871,7.55560031543871,ols
46798,26356993.0,-110.16560031543871,6.7624753154387065,ols
46801,26356993.0,-110.16560031543871,6.468725315438704,ols
46807,26356993.0,-110.16560031543871,4.6956003154387105,ols
46840,26356993.0,-110.16560031543871,6.922475315438703,ols
46850,26356993.0,-110.16560031543871,9.735600315438703,ols
65499,26356993.0,-110.16560031543871,9.692475315438713,ols
65503,26356993.0,-110.16560031543871,8.888100315438706,ols
65506,26356993.0,-110.16560031543871,9.096850315438715,ols
65580,26356993.0,-110.16560031543871,13.451225315438705,ols
65630,26356993.0,-110.16560031543871,10.998725315438705,ols
65703,26356993.0,-110.16560031543871,12.767475315438716,ols
65704,26356993.0,-110.16560031543871,12.463100315438709,ols
65762,26356993.0,-110.16560031543871,3.652475315438707,ols
65766,26356993.0,-110.16560031543871,1.6506003154387088,ols
65792,26356993.0,-110.16560031543871,4.707475315438714,ols
65815,26356993.0,-110.16560031543871,5.520600315438713,ols
65824,26356993.0,-110.16560031543871,5.7824753154387025,ols
65838,26356993.0,-110.16560031543871,6.217475315438705,ols
65865,26356993.0,-110.16560031543871,6.072475315438709,ols
65872,26356993.0,-110.16560031543871,6.168100315438707,ols
65903,26356993.0,-110.16560031543871,8.682475315438708,ols
78099,26356993.0,-110.16560031543871,21.329975315438716,ols
78120,26356993.0,-110.16560031543871,9.940600315438715,ols
78135,26356993.0,-110.16560031543871,5.951850315438705,ols
78149,26356993.0,-110.16560031543871,9.923725315438716,ols
78166,26356993.0,-110.16560031543871,9.886225315438708,ols
78174,26356993.0,-110.16560031543871,10.088725315438708,ols
78181,26356993.0,-110.16560031543871,10.03997531543871,ols
78191,26356993.0,-110.16560031543871,9.533100315438716,ols
78197,26356993.0,-110.16560031543871,9.652475315438707,ols
78221,26356993.0,-110.16560031543871,10.701225315438705,ols
78237,26356993.0,-110.16560031543871,10.240600315438712,ols
78288,26356993.0,-110.16560031543871,11.428725315438712,ols
78295,26356993.0,-110.16560031543871,12.44560031543871,ols
78324,26356993.0,-110.16560031543871,9.050600315438714,ols
78378,26356993.0,-110.16560031543871,15.428100315438712,ols
78401,26356993.0,-110.16560031543871,11.660600315438714,ols
78416,26356993.0,-110.16560031543871,11.468725315438704,ols
78449,26356993.0,-110.16560031543871,11.85185031543871,ols
78453,26356993.0,-110.16560031543871,11.82060031543871,ols
78474,26356993.0,-110.16560031543871,11.520600315438713,ols
78480,26356993.0,-110.16560031543871,11.677475315438713,ols
78502,26356993.0,-110.16560031543871,11.956225315438715,ols
78508,26356993.0,-110.16560031543871,12.108725315438704,ols
78514,26356993.0,-110.16560031543871,11.792475315438708,ols
78523,26356993.0,-110.16560031543871,13.179350315438711,ols
78635,26356993.0,-110.16560031543871,5.8518503154387105,ols
127732,26356993.0,-110.16560031543871,22.363725315438714,ols
127782,26356993.0,-110.16560031543871,9.608100315438705,ols
127809,26356993.0,-110.16560031543871,9.982475315438705,ols
127822,26356993.0,-110.16560031543871,10.163100315438712,ols
127835,26356993.0,-110.16560031543871,9.256850315438712,ols
127867,26356993.0,-110.16560031543871,9.72747531543871,ols
127965,26356993.0,-110.16560031543871,14.953100315438704,ols
127969,26356993.0,-110.16560031543871,15.538100315438712,ols
127975,26356993.0,-110.16560031543871,13.88435031543871,ols
128009,26356993.0,-110.16560031543871,12.488725315438714,ols
128011,26356993.0,-110.16560031543871,13.407475315438703,ols
128051,26356993.0,-110.16560031543871,13.050600315438714,ols
128116,26356993.0,-110.16560031543871,5.709350315438712,ols
128187,26356993.0,-110.16560031543871,7.299350315438716,ols
128195,26356993.0,-110.16560031543871,9.324350315438707,ols
128204,26356993.0,-110.16560031543871,9.296850315438704,ols
128211,26356993.0,-110.16560031543871,11.39872531543871,ols
142823,26356993.0,-110.16560031543871,12.779975315438705,ols
142887,26356993.0,-110.16560031543871,9.606225315438707,ols
142904,26356993.0,-110.16560031543871,10.099350315438713,ols
142920,26356993.0,-110.16560031543871,11.864975315438713,ols
142922,26356993.0,-110.16560031543871,13.044975315438705,ols
142954,26356993.0,-110.16560031543871,14.376697254214235,ols
142965,26356993.0,-110.16560031543871,15.267475315438716,ols
143016,26356993.0,-110.16560031543871,13.439350315438716,ols
143026,26356993.0,-110.16560031543871,12.067475315438713,ols
143041,26356993.0,-110.16560031543871,11.678725315438712,ols
143042,26356993.0,-110.16560031543871,10.826225315438705,ols
143046,26356993.0,-110.16560031543871,12.025600315438709,ols
143076,26356993.0,-110.16560031543871,4.1106003154387025,ols
143084,26356993.0,-110.16560031543871,1.7893503154387105,ols
143125,26356993.0,-110.16560031543871,5.873725315438705,ols
143135,26356993.0,-110.16560031543871,9.306850315438709,ols
143143,26356993.0,-110.16560031543871,6.821850315438709,ols
143152,26356993.0,-110.16560031543871,8.656225315438704,ols
143156,26356993.0,-110.16560031543871,10.449975315438707,ols
143164,26356993.0,-110.16560031543871,12.329350315438703,ols
156909,26356993.0,-110.16560031543871,19.47747531543871,ols
156966,26356993.0,-110.16560031543871,9.872475315438706,ols
156975,26356993.0,-110.16560031543871,14.435600315438705,ols
156990,26356993.0,-110.16560031543871,9.731225315438707,ols
157041,26356993.0,-110.16560031543871,8.468725315438704,ols
157046,26356993.0,-110.16560031543871,9.681850315438709,ols
157068,26356993.0,-110.16560031543871,9.683725315438707,ols
157070,26356993.0,-110.16560031543871,9.442475315438713,ols
157091,26356993.0,-110.16560031543871,9.58622531543871,ols
157099,26356993.0,-110.16560031543871,11.239975315438713,ols
157128,26356993.0,-110.16560031543871,15.136850315438707,ols
157156,26356993.0,-110.16560031543871,17.297475315438703,ols
157165,26356993.0,-110.16560031543871,17.776225315438708,ols
157170,26356993.0,-110.16560031543871,16.277475315438707,ols
157179,26356993.0,-110.16560031543871,14.198725315438708,ols
157183,26356993.0,-110.16560031543871,13.313100315438703,ols
157219,26356993.0,-110.16560031543871,15.715600315438707,ols
157235,26356993.0,-110.16560031543871,13.373718872139747,ols
157240,26356993.0,-110.16560031543871,12.782475315438703,ols
157244,26356993.0,-110.16560031543871,11.849975315438712,ols
157281,26356993.0,-110.16560031543871,14.351225315438711,ols
157313,26356993.0,-110.16560031543871,5.136225315438708,ols
157328,26356993.0,-110.16560031543871,2.1306003154387128,ols
157336,26356993.0,-110.16560031543871,2.5237253154387105,ols
157343,26356993.0,-110.16560031543871,2.158100315438716,ols
157358,26356993.0,-110.16560031543871,1.6643503154387105,ols
157546,26356993.0,-110.16560031543871,11.499975315438704,ols
13049,26356994.0,-98.38424605138987,-2.102628948610132,ols
13052,26356994.0,-98.9832536806552,-3.0879963193448106,ols
28789,26356994.0,-106.21872617525436,12.106226175254363,ols
28817,26356994.0,-106.24164822746177,4.728523227461764,ols
45782,26356994.0,-100.15111093668453,-7.310739712666106,ols
45795,26356994.0,-98.45941077808138,2.1500357780813744,ols
64998,26356994.0,-100.46326411847494,-3.8229858815250566,ols
65014,26356994.0,-100.24261196640512,-10.736554700261564,ols
65035,26356994.0,-99.95394237414921,-3.481057625850795,ols
65040,26356994.0,-99.75948544581185,-8.50370899863259,ols
65091,26356994.0,-97.79357035535949,1.251070355359488,ols
65094,26356994.0,-97.6446595225923,1.9790345225923005,ols
65099,26356994.0,-97.4959826637114,3.9284826637114065,ols
65129,26356994.0,-97.92568925174008,-0.4830607482599163,ols
65134,26356994.0,-98.19600051401277,-0.5664994859872365,ols
77438,26356994.0,-101.91196638742605,4.481966387426041,ols
77500,26356994.0,-101.19984100422991,-5.762658995770096,ols
77544,26356994.0,-100.39443392689438,-5.719316073105617,ols
77553,26356994.0,-100.22829276456416,-7.361707235435844,ols
77616,26356994.0,-98.42439843316029,2.9287734331602877,ols
77620,26356994.0,-98.32806030120102,3.15681030120102,ols
77630,26356994.0,-97.98779330981057,-2.452831690189427,ols
77642,26356994.0,-97.6332711515375,2.418271151537496,ols
77698,26356994.0,-97.41665320184393,3.0960282018439216,ols
77714,26356994.0,-97.4169561364546,3.3744561364545973,ols
77759,26356994.0,-97.29792746329119,-1.4808225367088141,ols
127270,26356994.0,-101.9619703012508,-0.3155296987492022,ols
127285,26356994.0,-101.70844112383267,1.0009411238326749,ols
127334,26356994.0,-100.07420248881941,-5.137672511180597,ols
127348,26356994.0,-99.3147897517625,-6.920210248237495,ols
127360,26356994.0,-98.25508015174256,2.846955151742563,ols
127372,26356994.0,-97.13789425083466,2.486644250834658,ols
127393,26356994.0,-99.08492641722188,-3.851948582778121,ols
142029,26356994.0,-101.81003504814294,2.0137850481429354,ols
142095,26356994.0,-98.76950006390642,-5.405499936093577,ols
142115,26356994.0,-97.06347085193025,2.9578458519302444,ols
156294,26356994.0,-100.14409910874485,-5.416467901564431,ols
156304,26356994.0,-99.89452285856353,-9.006518808103152,ols
156356,26356994.0,-98.34623391495825,-1.7643910850417512,ols
156372,26356994.0,-97.87554741646657,2.3180474164665696,ols
156375,26356994.0,-97.767185489635,3.126560489634997,ols
156384,26356994.0,-97.4694549507721,-0.4661700492278982,ols
156433,26356994.0,-97.76817064284043,2.03504564284043,ols
156461,26356994.0,-97.84544359739157,3.2479435973915685,ols
156498,26356994.0,-97.8552803521478,2.336530352147804,ols
156503,26356994.0,-97.86959955398878,2.5458495539887736,ols
156521,26356994.0,-97.97764130602859,0.35201630602858813,ols
156533,26356994.0,-98.46823775080206,-3.0773872491979404,ols
173063,26356994.0,-101.54802616450904,-2.238223835490956,ols
173100,26356994.0,-98.9344738196882,-6.507401180311803,ols
173132,26356994.0,-98.6003123152884,-4.9171876847115925,ols
31145,26357760.0,-55.51856179609753,-40.691897387575935,ols
49038,26357760.0,-54.35698647871472,-39.76301352128529,ols
130472,26357760.0,-54.670630887894404,-41.17874411210559,ols
130483,26357760.0,-59.62073464766003,-48.243640352339966,ols
159263,26357760.0,-60.94330544844128,-46.00856955155872,ols
15823,26357763.0,-106.54551296900087,1.0742629690008698,ols
15825,26357763.0,-106.56641392553736,0.22016392553736353,ols
15845,26357763.0,-106.91205784132914,-3.2404421586708594,ols
15849,26357763.0,-107.02319164071865,-3.8555583592813463,ols
118560,26357763.0,-108.76998019145842,-2.0856448085415877,ols
7381,26358784.0,-76.55172997540927,-12.821163283017697,ols
7420,26358784.0,-74.31986586390036,-2.412009136099641,ols
7439,26358784.0,-74.40003328966269,-2.3693417103373093,ols
7470,26358784.0,-74.40699216815817,-1.9205078318418316,ols
7504,26358784.0,-74.41387086204547,-0.8998791379545281,ols
7522,26358784.0,-74.07855028558754,-0.5289497144124624,ols
7560,26358784.0,-70.70764663248873,1.8913966324887355,ols
7633,26358784.0,-70.66231369150788,0.6329386915078743,ols
7642,26358784.0,-70.66231369150788,0.32731369150788225,ols
7674,26358784.0,-70.66231369150788,-0.19831130849212286,ols
7750,26358784.0,-67.97691398119804,3.363163981198042,ols
7752,26358784.0,-67.7706104392991,3.2499854392991097,ols
7840,26358784.0,-67.45264410303976,2.9645191030397626,ols
7851,26358784.0,-67.45264410303976,2.9413941030397552,ols
7867,26358784.0,-67.45264410303976,2.8651441030397535,ols
7890,26358784.0,-67.45264410303976,2.9376441030397586,ols
7901,26358784.0,-67.45264410303976,2.7938941030397615,ols
7905,26358784.0,-67.45264410303976,2.8095191030397615,ols
7908,26358784.0,-67.45264410303976,2.818894103039753,ols
7924,26358784.0,-67.45264410303976,2.800144103039756,ols
7959,26358784.0,-68.18142482435698,-2.558575175643014,ols
7963,26358784.0,-68.7674311233406,-2.964443876659402,ols
7970,26358784.0,-70.4340452944401,4.6484202944401005,ols
7979,26358784.0,-72.23699620933087,6.934496209330874,ols
21775,26358784.0,-76.23461703247983,-4.498507967520169,ols
21780,26358784.0,-75.19539587312804,0.7335208731280289,ols
21788,26358784.0,-74.11912369732579,2.5528736973257935,ols
21796,26358784.0,-73.0180630226524,3.850563022652395,ols
21845,26358784.0,-71.2242245157339,4.714224515733889,ols
21869,26358784.0,-71.2242245157339,4.533599515733897,ols
21896,26358784.0,-71.02641481482985,4.528289814829847,ols
21927,26358784.0,-67.99372411155542,-0.7344008884445827,ols
21955,26358784.0,-67.52701532712521,0.7332653271252099,ols
21957,26358784.0,-67.52701532712521,0.692015327125219,ols
21960,26358784.0,-67.52701532712521,0.6526403271252121,ols
21991,26358784.0,-67.52701532712521,0.6663903271252138,ols
22005,26358784.0,-67.52701532712521,0.6126403271252059,ols
22036,26358784.0,-67.52701532712521,0.6188903271252144,ols
22076,26358784.0,-67.52701532712521,0.7688903271252059,ols
22089,26358784.0,-67.52701532712521,0.9963903271252121,ols
22110,26358784.0,-67.51607012810885,2.918570128108854,ols
22119,26358784.0,-67.33256765229265,2.7638176522926585,ols
22131,26358784.0,-67.91954762151842,-0.8217023784815751,ols
22142,26358784.0,-69.45082735642885,-2.2654226435711564,ols
22145,26358784.0,-69.84007780935877,-3.808672190641232,ols
22215,26358784.0,-70.1470302169376,-2.91109478306241,ols
22270,26358784.0,-70.1470302169376,-1.9267197830624099,ols
22295,26358784.0,-70.1470302169376,-1.8210947830624065,ols
22299,26358784.0,-70.1470302169376,-1.2517197830624127,ols
22312,26358784.0,-70.1470302169376,-0.1342197830624059,ols
22320,26358784.0,-70.1470302169376,0.12640521693759865,ols
22354,26358784.0,-74.4952467844025,4.008404679139332,ols
36923,26358784.0,-75.57079729873112,-3.929827701268877,ols
36938,26358784.0,-73.98393244793704,2.4489324479370396,ols
36952,26358784.0,-71.34568701470809,3.3244370147080957,ols
36987,26358784.0,-67.49681436720202,3.0624393672020176,ols
36999,26358784.0,-67.4728849891328,3.0716349891327894,ols
37018,26358784.0,-67.4728849891328,3.1353849891327883,ols
37040,26358784.0,-67.4728849891328,3.1410099891327974,ols
37056,26358784.0,-67.4728849891328,3.093509989132798,ols
37092,26358784.0,-67.4728849891328,2.8703849891327877,ols
37165,26358784.0,-67.40498580842174,1.5962358084217385,ols
37172,26358784.0,-67.71718458036425,-0.41156541963574966,ols
37228,26358784.0,-67.6598010382686,-3.917073961731404,ols
37259,26358784.0,-67.4486176902148,-3.93388230978519,ols
37264,26358784.0,-67.45704852901756,-3.9429514709824502,ols
37329,26358784.0,-68.5524733712304,-3.0850266287695973,ols
37364,26358784.0,-68.7983651996814,-2.5272598003186033,ols
37394,26358784.0,-71.47547153051681,5.49984653051682,ols
52837,26358784.0,-74.4477774963609,-0.32784750363910575,ols
52847,26358784.0,-72.51161703739778,3.297867037397779,ols
52850,26358784.0,-71.77440547727781,3.0269054772778077,ols
52885,26358784.0,-69.73671984941684,3.332969849416841,ols
52887,26358784.0,-69.78495089123614,3.3512008912361324,ols
52893,26358784.0,-69.80231085890675,3.2641858589067567,ols
52934,26358784.0,-69.80231085890675,3.402935858906744,ols
52939,26358784.0,-69.80231085890675,3.1260608589067544,ols
52953,26358784.0,-69.80231085890675,1.6648108589067476,ols
52998,26358784.0,-68.34108383418416,-2.5276661658158446,ols
53003,26358784.0,-68.4334335929176,-2.605316407082398,ols
53007,26358784.0,-68.44654950382677,-2.5628254961732324,ols
53096,26358784.0,-68.5908588886598,-2.449141111340211,ols
53120,26358784.0,-68.5908588886598,-2.7753911113401983,ols
53124,26358784.0,-68.5908588886598,-2.504766111340203,ols
53131,26358784.0,-68.5908588886598,-2.4897661113402023,ols
53179,26358784.0,-70.79327806655122,4.78640306655123,ols
53190,26358784.0,-73.53298566648589,10.661110666485882,ols
71794,26358784.0,-76.11145920178987,-3.8066657982101333,ols
71807,26358784.0,-74.24068356332421,0.8625585633242139,ols
71901,26358784.0,-69.48742017511826,1.1742951751182602,ols
71948,26358784.0,-69.02259572898024,1.0494707289802392,ols
71955,26358784.0,-68.14346886732855,-0.7059061326714442,ols
71958,26358784.0,-67.81503271222992,1.7494077122299245,ols
71966,26358784.0,-67.49116135232545,2.0161613523254545,ols
71982,26358784.0,-67.93753188363843,-1.588093116361577,ols
72020,26358784.0,-68.04295173350494,-1.182048266495059,ols
72061,26358784.0,-68.01413109433682,-0.8902439056631835,ols
72078,26358784.0,-68.01413109433682,-0.9433689056631778,ols
72087,26358784.0,-68.01413109433682,-0.932118905663188,ols
72093,26358784.0,-68.01413109433682,-0.9246189056631806,ols
72104,26358784.0,-68.02736155468625,-0.9426384453137473,ols
72106,26358784.0,-68.04080393150016,-0.9516960684998423,ols
72113,26358784.0,-68.04080393150016,-0.9479460684998315,ols
72120,26358784.0,-68.03314630141912,-0.7562286985808839,ols
72131,26358784.0,-68.02558031089029,-0.8605583029710999,ols
72134,26358784.0,-68.02558031089029,-0.8312946891097113,ols
72184,26358784.0,-71.66884816808299,6.503848168082982,ols
121772,26358784.0,-76.89689607625712,-7.658103923742885,ols
121785,26358784.0,-74.7908988897002,2.0265238897002007,ols
121796,26358784.0,-72.33439187090752,4.01564187090753,ols
121829,26358784.0,-69.62533770118506,2.680337701185067,ols
121841,26358784.0,-69.60456416019485,2.724564160194859,ols
121852,26358784.0,-69.60456416019485,2.5801891601948483,ols
121856,26358784.0,-69.60456416019485,2.5151891601948506,ols
121867,26358784.0,-69.60456416019485,2.5558141601948563,ols
121882,26358784.0,-69.60456416019485,2.8770641601948483,ols
121904,26358784.0,-69.60456416019485,1.4014391601948546,ols
121923,26358784.0,-68.31177635989496,0.4749013598949574,ols
121930,26358784.0,-67.66594088826625,-0.6659341117337476,ols
121934,26358784.0,-67.52470715590408,0.7034571559040756,ols
121938,26358784.0,-67.44643552337796,1.9758105233779588,ols
121947,26358784.0,-67.44189363807185,3.3681436380718424,ols
121970,26358784.0,-67.50165408105279,1.276654081052797,ols
121975,26358784.0,-67.50438608520287,0.651886085202861,ols
121979,26358784.0,-67.50438608520287,0.5600110852028735,ols
122006,26358784.0,-67.45109768559632,0.5892226855963258,ols
122052,26358784.0,-67.44533584875151,0.6353358487515095,ols
122065,26358784.0,-67.44533584875151,0.5728358487515095,ols
122067,26358784.0,-67.44533584875151,0.593460848751505,ols
122084,26358784.0,-67.44533584875151,0.4715858487515163,ols
122104,26358784.0,-67.44533584875151,0.672835848751518,ols
122108,26358784.0,-67.44533584875151,0.655960848751505,ols
122114,26358784.0,-67.44533584875151,0.6865858487515055,ols
122157,26358784.0,-67.83648782238964,-1.1891371776103625,ols
122181,26358784.0,-69.6220673146658,-3.8254326853342064,ols
122377,26358784.0,-72.72515437644881,9.715154376448815,ols
122381,26358784.0,-73.55602155892113,12.282271558921131,ols
134957,26358784.0,-75.91247536912321,-5.454399630876779,ols
134989,26358784.0,-73.51511595380613,2.7444909538061353,ols
135053,26358784.0,-72.34650547421448,0.9477554742144747,ols
135054,26358784.0,-72.34650547421448,0.7477554742144861,ols
135078,26358784.0,-72.34650547421448,1.1621304742144787,ols
135103,26358784.0,-72.34650547421448,0.6971304742144753,ols
135109,26358784.0,-72.34650547421448,0.7540054742144804,ols
135116,26358784.0,-72.34650547421448,0.6608804742144798,ols
135134,26358784.0,-72.34650547421448,0.9190054742144866,ols
135147,26358784.0,-72.29147592311607,2.2989759231160605,ols
135161,26358784.0,-71.39408988068777,1.6140898806877715,ols
135220,26358784.0,-68.39908021578518,-1.5902947842148194,ols
135246,26358784.0,-68.39908021578518,-1.4259197842148268,ols
135280,26358784.0,-68.39908021578518,-1.5209197842148257,ols
135284,26358784.0,-68.39908021578518,-1.5771697842148171,ols
135291,26358784.0,-68.39908021578518,-1.647794784214824,ols
135302,26358784.0,-68.39908021578518,-1.585294784214824,ols
135358,26358784.0,-68.36506475950151,1.061939759501513,ols
135367,26358784.0,-67.83885326833091,2.3519782683309103,ols
135376,26358784.0,-67.63029310245895,-0.4178318975410491,ols
135390,26358784.0,-68.63381492875536,-2.17181007124465,ols
135404,26358784.0,-69.33543025031614,-2.7820697496838704,ols
135407,26358784.0,-69.37080311746683,-2.5729468825331594,ols
135436,26358784.0,-69.39161675076113,-3.0646332492388666,ols
135454,26358784.0,-69.39161675076113,-2.869008249238874,ols
135472,26358784.0,-69.39161675076113,-2.7977582492388677,ols
135478,26358784.0,-69.37080311746683,-2.714196882533159,ols
135514,26358784.0,-69.3707859350508,-2.4992140649492,ols
135582,26358784.0,-70.99579574944974,3.957670749449747,ols
135597,26358784.0,-73.27026079778943,10.955260797789435,ols
135599,26358784.0,-73.9716412929977,11.3722662929977,ols
149732,26358784.0,-71.22313056857945,3.1743805685794513,ols
149752,26358784.0,-68.58649455498609,-0.5235054450139103,ols
149754,26358784.0,-68.62950214232976,-0.2929978576702439,ols
149758,26358784.0,-68.65425627636883,0.9486312763688289,ols
149764,26358784.0,-68.57096737835954,1.155342378359535,ols
149778,26358784.0,-67.38609087825171,2.5910908782517055,ols
149788,26358784.0,-67.51855012349037,1.0004251234903734,ols
149790,26358784.0,-67.75081629602306,-0.02168370397693309,ols
149827,26358784.0,-68.21363612695664,0.25613612695664756,ols
149849,26358784.0,-68.21363612695664,0.08988612695664244,ols
149855,26358784.0,-68.21363612695664,0.05863612695664244,ols
149865,26358784.0,-68.19744456357662,0.09931956357662841,ols
149892,26358784.0,-68.19744456357662,-0.013180436423368747,ols
149899,26358784.0,-68.19744456357662,-0.04130543642337159,ols
149921,26358784.0,-68.19744456357662,-0.07255543642337159,ols
149972,26358784.0,-68.19745601852065,0.13370601852065533,ols
150025,26358784.0,-69.95420914415666,-1.0782908558433348,ols
150044,26358784.0,-69.64807576507565,-1.0381742349243552,ols
150050,26358784.0,-69.59437498748419,-1.275000012515818,ols
150067,26358784.0,-69.54151042080659,-1.4372395791934167,ols
150079,26358784.0,-69.56436876160944,-0.7212562383905521,ols
150098,26358784.0,-69.53938552868985,-1.2849894713101548,ols
150115,26358784.0,-69.15806189702558,-1.8363131029744295,ols
150176,26358784.0,-68.30677627682783,-2.6425987231721706,ols
150191,26358784.0,-68.24995975446144,-2.343790245538557,ols
150195,26358784.0,-68.24995975446144,-2.4256652455385534,ols
150237,26358784.0,-72.92304998943304,10.36679998943304,ols
150238,26358784.0,-73.71458089412185,6.145205894121858,ols
166733,26358784.0,-70.01205661148535,1.6033066114853511,ols
166766,26358784.0,-69.33772123912124,4.713971239121236,ols
166779,26358784.0,-69.3801388968476,3.8770138968476004,ols
166817,26358784.0,-67.89978211560245,-4.192092884397553,ols
166877,26358784.0,-67.95122054174888,-4.4819044582511225,ols
166884,26358784.0,-67.96384389006496,-4.013656109935042,ols
166893,26358784.0,-67.95201093288664,-4.161739067113359,ols
166913,26358784.0,-67.98380413002937,-4.646195869970626,ols
166920,26358784.0,-67.9947894213498,-4.197710578650202,ols
166942,26358784.0,-67.99556263007153,-3.9925623699284642,ols
166963,26358784.0,-67.99556263007153,-4.336312369928464,ols
167015,26358784.0,-67.98380413002937,1.1469291300293634,ols
167036,26358784.0,-69.58989037689821,9.222390376898211,ols
167044,26358784.0,-71.3850633847957,1.547053180714073,ols
7997,26358785.0,-76.35125616938285,8.884381169382848,ols
8007,26358785.0,-74.647750995655,7.043375995654998,ols
8014,26358785.0,-72.55406396538689,1.179063965386888,ols
8034,26358785.0,-70.23006464714534,-3.1636853528546567,ols
8069,26358785.0,-77.00638566830847,-0.5667393316915366,ols
8077,26358785.0,-78.01915541743489,-2.220844582565107,ols
8085,26358785.0,-78.58379593260966,-3.8980790673903414,ols
8152,26358785.0,-78.87778135802948,0.513406358029485,ols
8167,26358785.0,-78.87778135802948,-0.3765936419705156,ols
8177,26358785.0,-78.87778135802948,0.48965635802947816,ols
8213,26358785.0,-78.87778135802948,-0.11971864197052184,ols
8216,26358785.0,-78.87778135802948,-0.15659364197051673,ols
8230,26358785.0,-78.87778135802948,0.24590635802948668,ols
8238,26358785.0,-78.87778135802948,-1.4584686419705264,ols
8269,26358785.0,-79.05404686631258,-3.9909531336874267,ols
8277,26358785.0,-79.49554081118319,-2.7994591888168117,ols
22374,26358785.0,-72.25675784331568,1.611132843315687,ols
22381,26358785.0,-70.2120999224301,-1.9316500775698984,ols
22452,26358785.0,-72.52006955426248,1.1200695542624715,ols
22467,26358785.0,-72.52006955426248,0.2006945542624834,ols
22468,26358785.0,-72.52006955426248,0.7819445542624806,ols
22486,26358785.0,-72.57568511895175,-1.3755648810482484,ols
22495,26358785.0,-72.63138003852424,-1.3417449614757544,ols
22498,26358785.0,-72.99414783502502,0.6391478350250139,ols
22528,26358785.0,-77.17900085196374,-1.5509991480362686,ols
22557,26358785.0,-78.78456378714046,-0.9654362128595437,ols
22560,26358785.0,-78.78499108266547,-0.9950089173345305,ols
22579,26358785.0,-78.78828736242971,-1.53608763757029,ols
22596,26358785.0,-78.78828736242971,-1.282962637570293,ols
22649,26358785.0,-78.78828736242971,-1.9654626375702833,ols
22657,26358785.0,-78.78828736242971,-1.39546263757029,ols
22688,26358785.0,-78.78828736242971,-1.3435876375702804,ols
22704,26358785.0,-78.78828736242971,-1.217962637570281,ols
22727,26358785.0,-78.78828736242971,1.4945373624297105,ols
22736,26358785.0,-79.02004635096638,-0.6305786490336232,ols
22746,26358785.0,-79.48193450082293,-0.5380654991770655,ols
22751,26358785.0,-79.67548106098127,0.8636060609812688,ols
22754,26358785.0,-79.86521858674536,-1.6916564132546483,ols
22758,26358785.0,-80.05668971149657,-2.4045602885034327,ols
37446,26358785.0,-69.4061412074023,-2.1638587925976935,ols
37455,26358785.0,-72.34909640626756,-3.7071535937324427,ols
37461,26358785.0,-73.4339936400135,-1.4791313599864964,ols
37494,26358785.0,-76.38692924149834,-0.28557075850166314,ols
37504,26358785.0,-77.42343220492745,-1.6184427950725535,ols
37516,26358785.0,-78.2991621749655,1.6460371749654996,ols
37532,26358785.0,-78.39278872871417,2.6902887287141652,ols
37563,26358785.0,-78.50983718145446,2.164837181454459,ols
37573,26358785.0,-78.50983718145446,2.706087181454464,ols
37593,26358785.0,-78.50118749918414,2.8724374991841444,ols
37607,26358785.0,-78.50118749918414,2.185562499184144,ols
37647,26358785.0,-78.50118749918414,2.598062499184138,ols
37651,26358785.0,-78.50118749918414,2.604937499184146,ols
37665,26358785.0,-78.50118749918414,3.415562499184148,ols
37673,26358785.0,-78.50118749918414,3.1749374991841393,ols
37679,26358785.0,-78.50118749918414,2.5811874991841393,ols
37687,26358785.0,-78.50118749918414,1.9986874991841432,ols
37708,26358785.0,-78.50118749918414,3.696812499184148,ols
37720,26358785.0,-78.58852670449356,0.7266517044935625,ols
37731,26358785.0,-79.19333299901808,0.24708299901807607,ols
37786,26358785.0,-80.0176471089554,-0.8742278910445975,ols
53207,26358785.0,-75.41893395916983,7.073308959169836,ols
53234,26358785.0,-70.93842296004202,-2.5072020399579884,ols
53245,26358785.0,-73.50282484486874,-1.063425155131256,ols
53248,26358785.0,-74.57947527498224,-1.3230247250177598,ols
72218,26358785.0,-73.47061286650575,1.9862378665057463,ols
72223,26358785.0,-72.29985975334432,1.0198597533443206,ols
72246,26358785.0,-71.7874713766549,-2.678778623345096,ols
72261,26358785.0,-75.12305012077466,-1.0544498792253307,ols
72266,26358785.0,-76.81273533637976,0.12586033637975902,ols
72270,26358785.0,-77.50488083621369,-0.9332441637863127,ols
72291,26358785.0,-79.34349075072386,-1.1090092492761414,ols
72345,26358785.0,-79.25891675788336,-1.1229582421166384,ols
72350,26358785.0,-79.25891675788336,-0.35608324211663955,ols
72414,26358785.0,-79.25891675788336,0.24766675788335135,ols
72441,26358785.0,-79.25891675788336,0.22266675788335988,ols
72445,26358785.0,-79.25891675788336,0.0707917578833559,ols
72448,26358785.0,-79.25891675788336,0.025791757883354194,ols
72456,26358785.0,-79.25891675788336,-0.5354582421166469,ols
72469,26358785.0,-79.25891675788336,-0.8223332421166418,ols
72516,26358785.0,-80.01487579226472,-3.9626242077352885,ols
72541,26358785.0,-80.17502615503363,-5.183098844966366,ols
122199,26358785.0,-80.47774672182875,7.08837172182875,ols
122216,26358785.0,-80.47774672182875,5.7877467218287535,ols
122222,26358785.0,-80.47774672182875,5.868996721828751,ols
122280,26358785.0,-80.47774672182875,6.628371721828756,ols
122300,26358785.0,-80.47988319945374,6.222383199453745,ols
122338,26358785.0,-80.47988319945374,7.383008199453741,ols
122391,26358785.0,-76.61799234875141,10.477367348751415,ols
122431,26358785.0,-73.35932069490934,-0.6156793050906515,ols
122446,26358785.0,-77.25532193695,-0.5990530630500075,ols
122477,26358785.0,-80.18886442582175,-3.018635574178248,ols
122487,26358785.0,-80.37056269149411,-8.820062308505882,ols
135607,26358785.0,-77.2417705645858,10.913020564585807,ols
135613,26358785.0,-76.6277652078303,10.3083902078303,ols
135633,26358785.0,-71.88845962187708,-0.0896653781229304,ols
135650,26358785.0,-70.78464540481734,-2.487854595182654,ols
135667,26358785.0,-75.31904447386907,-0.7840805261309356,ols
135680,26358785.0,-77.22630246658092,-0.8043225334190822,ols
135711,26358785.0,-78.92244594883525,2.610570948835246,ols
135715,26358785.0,-79.07050384824676,1.5830038482467614,ols
135724,26358785.0,-79.27776659475751,1.2571415947575133,ols
135735,26358785.0,-79.36696148348977,-0.13803851651022114,ols
135741,26358785.0,-79.36463577498944,0.055260774989434935,ols
135777,26358785.0,-79.37583702196613,-1.4429129780338599,ols
135789,26358785.0,-79.39394214378245,-1.1898078562175414,ols
135797,26358785.0,-79.40297639202524,-1.28702360797476,ols
135812,26358785.0,-79.41200453604625,-1.3748704639537408,ols
135849,26358785.0,-79.41426920232874,-0.7026057976712536,ols
135856,26358785.0,-79.41426920232874,-0.6482307976712605,ols
135869,26358785.0,-79.40524716252952,-0.9503778374704837,ols
135885,26358785.0,-79.40524716252952,-2.2822528374704802,ols
135887,26358785.0,-79.40524716252952,-1.6547528374704825,ols
135899,26358785.0,-79.40524716252952,-2.2753778374704865,ols
135913,26358785.0,-79.40524716252952,-1.0628778374704808,ols
135917,26358785.0,-79.40524716252952,-0.9160028374704865,ols
135948,26358785.0,-80.03216905258353,-1.3684559474164786,ols
150268,26358785.0,-71.19213273011997,-0.010367269880035224,ols
150283,26358785.0,-70.20846791046763,-1.9421570895323725,ols
150287,26358785.0,-71.0863648792396,0.08636487923959635,ols
150313,26358785.0,-72.86906622641479,1.9303162264147886,ols
150325,26358785.0,-72.93063340734508,1.9175084073450819,ols
150329,26358785.0,-72.93063340734508,2.024383407345084,ols
150336,26358785.0,-72.93063340734508,2.026883407345082,ols
150356,26358785.0,-72.93063340734508,1.9406334073450893,ols
150367,26358785.0,-72.93063340734508,2.026883407345082,ols
150413,26358785.0,-75.91147751083402,2.3602275108340223,ols
150417,26358785.0,-76.21167703403165,-0.9158229659683457,ols
150440,26358785.0,-77.89846274428855,0.450962744288546,ols
150453,26358785.0,-78.59934338549778,-0.4069066145022191,ols
150461,26358785.0,-78.85185672810573,2.419981728105725,ols
150481,26358785.0,-79.04360864705907,-0.21451635294093307,ols
150488,26358785.0,-79.03704050441769,-0.5373344955823143,ols
150499,26358785.0,-79.03241350430416,-0.7807114956958401,ols
150517,26358785.0,-79.03241350430416,0.5267885043041645,ols
150522,26358785.0,-79.03241350430416,-0.6625864956958338,ols
150541,26358785.0,-79.03241350430416,0.4392885043041588,ols
150555,26358785.0,-79.03241350430416,0.5480385043041593,ols
150563,26358785.0,-79.03241350430416,2.581788504304157,ols
150582,26358785.0,-79.80999369225037,0.9437436922503792,ols
167058,26358785.0,-77.68491264933856,8.496787649338557,ols
167107,26358785.0,-71.76104620054471,-4.718953799455292,ols
167132,26358785.0,-76.32447084418732,-1.449904155812689,ols
167140,26358785.0,-77.3893218135891,0.6999468135891078,ols
167155,26358785.0,-78.48913776537924,-1.2277372346207613,ols
167165,26358785.0,-78.4795663456193,-0.8435586543807005,ols
167200,26358785.0,-78.47026351161793,-1.2078614883820649,ols
167214,26358785.0,-78.47026351161793,-2.5097364883820745,ols
167218,26358785.0,-78.47026351161793,-2.1916114883820654,ols
167223,26358785.0,-78.47026351161793,-1.8572364883820711,ols
167226,26358785.0,-78.47026351161793,-1.6253614883820688,ols
167247,26358785.0,-78.47026351161793,-1.1141114883820649,ols
167257,26358785.0,-78.47026351161793,-2.0016114883820677,ols
167258,26358785.0,-78.47026351161793,-2.2109864883820762,ols
167270,26358785.0,-78.47026351161793,-1.2216114883820666,ols
167274,26358785.0,-78.47026351161793,-2.07723648838207,ols
167290,26358785.0,-78.47026351161793,-2.830361488382067,ols
167328,26358785.0,-78.47026351161793,-3.984736488382069,ols
167347,26358785.0,-78.65842004393951,-1.4622049560604893,ols
167351,26358785.0,-78.88154766287124,-4.592202337128754,ols
167368,26358785.0,-79.29742218890738,-4.62882781109262,ols
167374,26358785.0,-79.43422390334611,-6.1720260966538945,ols
7375,26359552.0,-97.90450958145341,8.176568404982817,ols
7379,26359552.0,-97.90450958145341,7.116384581453417,ols
8831,26359552.0,-97.90450958145341,-0.6444034620248686,ols
21762,26359552.0,-97.90450958145341,6.985610771929615,ols
23320,26359552.0,-97.90450958145341,1.359509581453409,ols
52808,26359552.0,-97.90450958145341,7.551487603431454,ols
52815,26359552.0,-97.90450958145341,8.365945751666175,ols
123117,26359552.0,-97.90450958145341,1.3307595814534068,ols
134940,26359552.0,-97.90450958145341,7.836801248120082,ols
136455,26359552.0,-97.90450958145341,4.243259581453415,ols
136473,26359552.0,-97.90450958145341,3.152009581453413,ols
136474,26359552.0,-97.90450958145341,2.6113845814534073,ols
136503,26359552.0,-97.90450958145341,3.1157595814534176,ols
136525,26359552.0,-97.90450958145341,3.8063845814534147,ols
136537,26359552.0,-97.90450958145341,4.003259581453406,ols
136538,26359552.0,-97.90450958145341,2.5151345814534096,ols
136565,26359552.0,-97.90450958145341,0.460134581453417,ols
136573,26359552.0,-97.90450958145341,1.020134581453405,ols
136600,26359552.0,-97.90450958145341,2.793884581453412,ols
136613,26359552.0,-97.90450958145341,0.605134581453413,ols
136641,26359552.0,-97.90450958145341,4.020134581453405,ols
136651,26359552.0,-97.90450958145341,0.46513458145341247,ols
167739,26359552.0,-97.90450958145341,-1.2389114711781701,ols
8322,26359553.0,-84.86474856880051,-0.11739428834235355,ols
8335,26359553.0,-83.77484102080595,1.598591020805955,ols
8349,26359553.0,-81.68662858999656,-2.039621410003434,ols
8358,26359553.0,-80.6083063814356,-1.1816936185644096,ols
8423,26359553.0,-79.8561485596568,0.584898559656807,ols
8432,26359553.0,-79.82911850109018,0.0734935010901836,ols
22788,26359553.0,-83.91764887018826,1.8613988701882533,ols
22795,26359553.0,-83.47999449223784,-1.3368805077621602,ols
22800,26359553.0,-82.73948321274234,-0.5992667872576618,ols
22815,26359553.0,-81.60325950818684,-1.6942404918131615,ols
22863,26359553.0,-82.74214013645334,-0.4447348635466568,ols
37813,26359553.0,-84.77249067311213,-0.24500932688786747,ols
37830,26359553.0,-83.70414452905412,1.934144529054123,ols
37862,26359553.0,-81.06225871824739,-1.4614912817526147,ols
37867,26359553.0,-80.72404097023971,-1.5322090297602813,ols
37878,26359553.0,-80.56110458363764,-0.6007704163623515,ols
37881,26359553.0,-80.57422719464927,-0.3057728053507276,ols
37883,26359553.0,-80.5799046590019,-0.5950953409980997,ols
37891,26359553.0,-80.61025047195582,-1.5384995280441842,ols
37904,26359553.0,-80.4868295252615,-0.17754547473850835,ols
37914,26359553.0,-79.89491156452985,0.34491156452985194,ols
53347,26359553.0,-84.53689570339984,0.8600207033998402,ols
53389,26359553.0,-81.54317271044084,-2.383702289559153,ols
53407,26359553.0,-79.9259774110098,-1.1133975889902104,ols
53413,26359553.0,-79.81886882384734,-0.7636311761526571,ols
53426,26359553.0,-79.85004987569145,0.6175498756914521,ols
53465,26359553.0,-83.94415690444853,0.23478190444853908,ols
72630,26359553.0,-80.76107589465032,-1.5945491053496852,ols
72634,26359553.0,-80.76107589465032,-1.5251741053496772,ols
72641,26359553.0,-80.76107589465032,-1.4307991053496778,ols
72693,26359553.0,-79.85580654373194,-1.6016934562680518,ols
72695,26359553.0,-79.77718968319394,-0.4703103168060636,ols
122495,26359553.0,-84.6240413610535,0.2696663610534955,ols
122517,26359553.0,-82.91875716004971,-0.9637428399502852,ols
122530,26359553.0,-81.36874098859593,-0.8462590114040722,ols
122575,26359553.0,-79.82389825802656,-0.08485174197343781,ols
122623,26359553.0,-80.359225183781,0.6923501837810022,ols
122668,26359553.0,-82.7087773830254,2.5919023830254133,ols
122685,26359553.0,-82.87977454495123,1.4703995449512348,ols
122694,26359553.0,-83.0517365518019,1.0473615518018988,ols
135979,26359553.0,-84.34695085923691,-0.7249241407630933,ols
136077,26359553.0,-79.78973266721712,1.0234826672171238,ols
136110,26359553.0,-83.9725334257088,0.1575334257088059,ols
150650,26359553.0,-84.00490253287083,-1.1413474671291652,ols
150654,26359553.0,-83.78674317499099,0.5298681749909946,ols
150673,26359553.0,-83.01080624601555,-1.3748187539844565,ols
150679,26359553.0,-82.70149424390976,-1.4028807560902408,ols
150698,26359553.0,-82.08600238553637,-0.7896226144636245,ols
150707,26359553.0,-82.0062658728654,-0.6399841271345963,ols
150712,26359553.0,-81.99612060048383,-0.8851293995161598,ols
150718,26359553.0,-81.99612060048383,-1.070129399516162,ols
150740,26359553.0,-81.99612060048383,-1.2832543995161672,ols
150747,26359553.0,-81.99612060048383,-0.9413793995161654,ols
150759,26359553.0,-81.99612060048383,-0.6382543995161711,ols
150763,26359553.0,-81.99612060048383,-0.9401293995161666,ols
150799,26359553.0,-81.99612060048383,-1.0582543995161586,ols
150824,26359553.0,-81.9886358519809,-1.2451141480190984,ols
150886,26359553.0,-81.57174364075314,-0.7695063592468614,ols
150899,26359553.0,-80.67523709784638,-0.791012902153625,ols
150909,26359553.0,-80.0702937306291,0.9559187306291079,ols
150910,26359553.0,-79.8718164891829,0.26806648918289966,ols
150945,26359553.0,-79.94168494237982,1.4329349423798163,ols
150949,26359553.0,-80.04716985394111,1.100294853941108,ols
150950,26359553.0,-80.25476992016192,1.4641449201619139,ols
150954,26359553.0,-80.58189555170134,0.9375205517013399,ols
167389,26359553.0,-84.35255992040457,-3.0271443806706912,ols
167402,26359553.0,-82.48623662113977,-2.1406383788602312,ols
167431,26359553.0,-79.97524930519504,1.1321243051950347,ols
167437,26359553.0,-80.03809743151331,1.026222431513304,ols
167474,26359553.0,-79.95989099008513,0.14301599008513222,ols
167502,26359553.0,-80.14854697423648,1.4985469742364756,ols
8528,26359554.0,-72.87987751947252,-0.6301224805274899,ols
8550,26359554.0,-71.91480532403965,-1.9945696759603493,ols
8566,26359554.0,-72.0754511912044,-1.093298808795609,ols
8585,26359554.0,-73.75092062526429,1.223420625264282,ols
8592,26359554.0,-76.10196785437095,3.576967854370949,ols
8605,26359554.0,-80.65697445884905,2.6544744588490516,ols
8614,26359554.0,-83.53492354028162,-0.22070145971837007,ols
8665,26359554.0,-90.6176700506321,-0.2820552240931846,ols
8673,26359554.0,-90.60163509244147,0.5322600924414758,ols
8676,26359554.0,-90.60163509244147,0.7141350924414667,ols
8709,26359554.0,-90.60163509244147,1.2591350924414684,ols
8713,26359554.0,-90.60163509244147,1.3122600924414627,ols
8718,26359554.0,-90.60163509244147,0.24663509244146553,ols
8723,26359554.0,-90.60163509244147,0.4591350924414712,ols
8739,26359554.0,-90.60163509244147,0.2028850924414627,ols
8772,26359554.0,-90.60163509244147,1.1735100924414752,ols
8791,26359554.0,-90.89469676734002,1.9078217673400246,ols
8793,26359554.0,-91.12761253476081,1.0301125347608178,ols
22899,26359554.0,-82.79419854259339,3.232948542593391,ols
22934,26359554.0,-73.79647744661295,0.4127274466129478,ols
22937,26359554.0,-73.81063988196979,-0.32561011803021245,ols
22941,26359554.0,-73.81873439523231,0.5956093952323158,ols
22955,26359554.0,-73.899869150423,0.8342441504230038,ols
22959,26359554.0,-73.899869150423,0.607369150422997,ols
22973,26359554.0,-73.899869150423,-0.6563808495770047,ols
22991,26359554.0,-73.87566857050781,-0.3868314294921902,ols
23000,26359554.0,-73.87566857050781,-0.3968314294921811,ols
23004,26359554.0,-73.87566857050781,-0.8493314294921817,ols
23035,26359554.0,-73.87566857050781,-0.5480814294921856,ols
23044,26359554.0,-73.87566857050781,-0.37620642949218563,ols
23070,26359554.0,-73.87566857050781,-0.4324564294921913,ols
23073,26359554.0,-73.87566857050781,-0.5593314294921896,ols
23088,26359554.0,-73.87566857050781,0.2181685705078138,ols
23127,26359554.0,-72.02418199007163,-0.27081800992837657,ols
23138,26359554.0,-71.9612628525742,-0.30498714742580546,ols
23146,26359554.0,-71.93537937239066,-0.722745627609342,ols
23205,26359554.0,-72.16190722963795,-0.6074677703620495,ols
23209,26359554.0,-72.80777353896124,1.4390235389612371,ols
23214,26359554.0,-73.79542267109265,0.7491726710926514,ols
23259,26359554.0,-86.21457482389785,-0.5460501761021561,ols
23268,26359554.0,-87.97212712597566,0.4871271259756611,ols
23286,26359554.0,-89.4646463386101,-0.8597286613899087,ols
23298,26359554.0,-90.34908153808657,0.7584565380865627,ols
37952,26359554.0,-87.55961508625576,2.7707261973668693,ols
37956,26359554.0,-86.22712546744837,4.233375467448369,ols
37977,26359554.0,-77.68442742007903,-0.3068225799209614,ols
38039,26359554.0,-71.80933962342002,0.0955896234200111,ols
38048,26359554.0,-73.11787754192935,0.335377541929347,ols
38070,26359554.0,-79.99215774439138,2.975907744391378,ols
38082,26359554.0,-83.0941340354894,0.8491340354893993,ols
38084,26359554.0,-83.95784111828044,-0.20778388171956408,ols
38115,26359554.0,-87.90110162380537,1.4967266238053725,ols
38138,26359554.0,-89.10563156516696,-1.0199934348330402,ols
38158,26359554.0,-91.12662886770255,4.932878867702556,ols
38197,26359554.0,-92.03445875119107,0.7650837511910709,ols
38207,26359554.0,-92.03445875119107,1.0819587511910669,ols
38241,26359554.0,-92.03445875119107,-0.04679124880892971,ols
38278,26359554.0,-92.03445875119107,1.0194587511910669,ols
38365,26359554.0,-92.03445875119107,2.702583751191071,ols
38438,26359554.0,-92.03445875119107,2.1013337511910635,ols
38448,26359554.0,-92.03445875119107,2.4350837511910726,ols
38473,26359554.0,-92.03445875119107,1.748208751191072,ols
38486,26359554.0,-92.03445875119107,1.8438337511910703,ols
38509,26359554.0,-92.03445875119107,1.5869587511910623,ols
38523,26359554.0,-92.03445875119107,0.8513337511910635,ols
38530,26359554.0,-92.03445875119107,1.1738337511910686,ols
38531,26359554.0,-92.03445875119107,1.5957087511910686,ols
38565,26359554.0,-92.03445875119107,-0.02741624880893312,ols
38582,26359554.0,-92.03445875119107,-3.2780412488089326,ols
53495,26359554.0,-77.98811981005296,-1.164380189947039,ols
53520,26359554.0,-73.28587128350517,-2.285378716494833,ols
53547,26359554.0,-72.32250569116133,-0.9562443088386772,ols
53587,26359554.0,-72.39899469349857,-1.6860053065014284,ols
53602,26359554.0,-72.37884729591981,-1.484277704080185,ols
53663,26359554.0,-72.39008243292255,-0.8142925670774446,ols
53666,26359554.0,-72.39008243292255,-0.8761675670774451,ols
53685,26359554.0,-72.41754215068137,1.5831671506813763,ols
53690,26359554.0,-72.8903067605721,0.5971817605720986,ols
53703,26359554.0,-76.00178788276317,4.736162882763168,ols
53722,26359554.0,-78.60984479651276,7.061719796512762,ols
53783,26359554.0,-88.83547866645648,-1.610771333543525,ols
53793,26359554.0,-90.19324734352004,2.731372343520036,ols
53822,26359554.0,-92.50869293596402,0.43431793596401747,ols
53835,26359554.0,-92.57445641194315,0.26320641194314476,ols
53863,26359554.0,-92.60605227191078,0.10105227191078825,ols
53869,26359554.0,-92.63361865236266,0.576118652362652,ols
53882,26359554.0,-92.6135305118356,-0.3045944881643976,ols
53918,26359554.0,-92.6135305118356,-0.898969488164397,ols
53943,26359554.0,-92.6135305118356,-0.22334448816440045,ols
53960,26359554.0,-92.6135305118356,-0.1830256106133703,ols
53978,26359554.0,-92.6135305118356,-0.8127194881643902,ols
53986,26359554.0,-92.6135305118356,0.003530511835606376,ols
54054,26359554.0,-92.6135305118356,-1.1683444881643936,ols
54073,26359554.0,-92.6135305118356,-1.0577194881643948,ols
54153,26359554.0,-92.6135305118356,-0.6908444881643874,ols
54158,26359554.0,-92.6135305118356,-0.43209448816439533,ols
54164,26359554.0,-92.6135305118356,-0.8683444881643965,ols
54203,26359554.0,-92.6135305118356,-1.259594488164396,ols
54252,26359554.0,-92.59972361878899,0.1134736187889871,ols
54259,26359554.0,-92.60605227191078,-0.4114477280892146,ols
54273,26359554.0,-92.60605227191078,0.1335522719107871,ols
54293,26359554.0,-92.60605227191078,-0.04332272808922255,ols
54310,26359554.0,-92.60605227191078,-0.6014477280892123,ols
54315,26359554.0,-92.61238092503258,-0.38699407496741856,ols
54324,26359554.0,-92.61238092503258,-0.5376190749674237,ols
54326,26359554.0,-92.61238092503258,-0.6963690749674214,ols
54338,26359554.0,-92.61238092503258,-0.1494940749674214,ols
54344,26359554.0,-92.61238092503258,-0.6588690749674129,ols
54351,26359554.0,-92.61238092503258,-0.45324407496741514,ols
54386,26359554.0,-92.61870957815438,-0.6837904218456146,ols
54400,26359554.0,-92.61870957815438,-0.8637904218456214,ols
72761,26359554.0,-79.9872394091001,0.014739409100101852,ols
72772,26359554.0,-76.942351361612,-1.497648638388,ols
72781,26359554.0,-74.63902976194629,-2.765345238053712,ols
72782,26359554.0,-73.72410088366385,0.6328508836638491,ols
72791,26359554.0,-72.89415846893274,-0.593341531067253,ols
72804,26359554.0,-72.91460215177001,0.08210215177001601,ols
72810,26359554.0,-72.70924091339077,-1.642009086609221,ols
72827,26359554.0,-72.58904390971796,1.6427939097179518,ols
72845,26359554.0,-72.57682510565697,0.9380751056569636,ols
72858,26359554.0,-72.55426002036876,1.4423850203687607,ols
72878,26359554.0,-72.55426002036876,-0.17073997963123588,ols
72887,26359554.0,-72.58150641274143,1.6002564127414303,ols
72905,26359554.0,-76.24897274823385,4.169597748233855,ols
72942,26359554.0,-91.58721022776331,-3.845289772236697,ols
122764,26359554.0,-80.0272379189991,1.946612918999108,ols
122775,26359554.0,-75.49663336841199,-1.6114916315880095,ols
122782,26359554.0,-73.40476463204052,0.35413963204052834,ols
122802,26359554.0,-72.60018423543798,0.005184235437980078,ols
122830,26359554.0,-72.55298006805198,0.2142300680519753,ols
122879,26359554.0,-72.55298006805198,-0.5876449319480201,ols
122911,26359554.0,-72.55298006805198,0.19610506805197758,ols
122924,26359554.0,-72.55298006805198,0.5461050680519861,ols
122953,26359554.0,-71.88471459318525,-1.7877854068147485,ols
123009,26359554.0,-71.92429830372234,2.996173303722344,ols
123025,26359554.0,-74.84017189824434,2.9407968982443293,ols
123048,26359554.0,-81.57842161281873,2.307796612818734,ols
123051,26359554.0,-82.6545770773726,1.0414520773725968,ols
123062,26359554.0,-85.97077946178453,1.4020294617845366,ols
123068,26359554.0,-86.76638834075936,2.230763340759367,ols
123070,26359554.0,-87.51095319539789,0.15592742220201217,ols
123095,26359554.0,-91.7785156934788,-4.130234306521203,ols
123098,26359554.0,-92.4859500795207,-4.822799920479298,ols
123103,26359554.0,-93.20004495817395,-6.50620504182605,ols
136141,26359554.0,-78.10728574102615,1.9741607410261395,ols
136167,26359554.0,-74.03268790610839,-3.8766870938916043,ols
136176,26359554.0,-73.99284346454381,-2.9752815354561903,ols
136186,26359554.0,-73.99424193096398,-2.897008069036019,ols
136191,26359554.0,-73.99424193096398,-2.7238830690360203,ols
136224,26359554.0,-73.89068430740916,-2.8124406925908403,ols
136226,26359554.0,-73.89068430740916,-2.7874406925908346,ols
136263,26359554.0,-72.09589487404166,-1.5634801259583355,ols
136290,26359554.0,-72.04520639201557,-1.604168607984434,ols
136295,26359554.0,-72.0533601623298,0.0758601623297892,ols
136311,26359554.0,-72.82534918049612,1.4972241804961186,ols
136321,26359554.0,-75.42611747688633,3.740492476886331,ols
136330,26359554.0,-79.65188005069649,2.890630050696487,ols
136370,26359554.0,-89.05463494647202,-2.2728650535279797,ols
136381,26359554.0,-90.34883265846942,3.636957658469413,ols
136385,26359554.0,-90.88802442331836,0.9605244233183612,ols
136397,26359554.0,-92.11937410628036,-3.217500893719645,ols
136416,26359554.0,-92.99117570233392,-3.588824297666079,ols
136420,26359554.0,-92.99880801059317,-4.109316989406835,ols
136422,26359554.0,-93.01006685041659,-4.479308149583403,ols
151002,26359554.0,-83.89815741580595,3.9494074158059504,ols
151006,26359554.0,-82.17146618625465,2.710216186254641,ols
151093,26359554.0,-73.32501649185967,-2.216233508140334,ols
151108,26359554.0,-72.6488579777062,-4.909892022293803,ols
151116,26359554.0,-72.648537989627,-2.119587010372996,ols
151128,26359554.0,-72.63246747720535,-2.421282522794641,ols
151149,26359554.0,-72.63246747720535,-2.154407522794642,ols
151173,26359554.0,-72.6162428964493,-2.4175071035507045,ols
151177,26359554.0,-72.6162428964493,-2.3987571035507074,ols
151181,26359554.0,-72.6162428964493,-2.4231321035507136,ols
151213,26359554.0,-72.6162428964493,-2.784382103550712,ols
151231,26359554.0,-72.6162428964493,-2.544382103550703,ols
151240,26359554.0,-72.6162428964493,-3.006257103550709,ols
151289,26359554.0,-72.6162428964493,-0.11688210355070794,ols
151292,26359554.0,-72.42494928214414,1.0774492821441441,ols
151301,26359554.0,-72.0062152519955,-0.7950347480044968,ols
151303,26359554.0,-71.96019622564356,0.07769622564356382,ols
151311,26359554.0,-72.00407014672388,-2.0640548532761187,ols
151328,26359554.0,-72.02502344020579,-0.6074765597942076,ols
151331,26359554.0,-72.02502344020579,-0.48560155979421893,ols
151342,26359554.0,-72.02502344020579,0.13314844020578676,ols
151357,26359554.0,-72.0283655379218,-0.7316344620782047,ols
151361,26359554.0,-72.0283655379218,-0.27725946207820584,ols
151374,26359554.0,-72.0283655379218,0.02086553792180723,ols
151387,26359554.0,-72.0283655379218,-1.0628844620782019,ols
151448,26359554.0,-78.30557168743215,6.728696687432148,ols
151465,26359554.0,-84.78335110554421,0.8821011055442085,ols
151475,26359554.0,-88.09137601682123,0.058251016821230905,ols
151478,26359554.0,-88.9737846251295,-0.2199653748704975,ols
151497,26359554.0,-91.42055569555596,1.1311806955559547,ols
151505,26359554.0,-92.20751304498226,-3.8441451182830377,ols
151510,26359554.0,-93.03673252368259,-4.838267476317412,ols
167544,26359554.0,-84.82844572188961,3.856570721889611,ols
167554,26359554.0,-78.9764207697531,1.620170769753102,ols
167575,26359554.0,-72.51678586087226,-0.5894641391277418,ols
167599,26359554.0,-72.34047242923745,1.4642224292374522,ols
167604,26359554.0,-72.33421488457769,1.0004648845776956,ols
167642,26359554.0,-72.31678145996689,1.7474064599668964,ols
167646,26359554.0,-72.19927472644137,0.8767747264413686,ols
167650,26359554.0,-72.44111460584851,1.086739605848507,ols
167654,26359554.0,-73.35407615001444,1.6734511500144293,ols
167671,26359554.0,-79.40738545537309,1.8561354553730922,ols
167728,26359554.0,-92.98173012829258,-8.053509233409542,ols
32186,26360321.0,-85.34741303621688,9.653038036216884,ols
32327,26360321.0,-84.22148576886295,-0.18413923113705266,ols
32371,26360321.0,-84.22240381733735,0.016778817337353757,ols
32377,26360321.0,-84.22501065412284,0.36063565412284504,ols
32387,26360321.0,-84.22766484011332,0.3857898401133184,ols
32420,26360321.0,-84.23036637530878,0.2703663753087824,ols
32427,26360321.0,-84.23199992288072,-0.2948750771192863,ols
32433,26360321.0,-84.23474354625839,-1.45713145374161,ols
32453,26360321.0,-84.36508801604447,-2.7449119839555323,ols
32816,26360321.0,-85.90071743207716,-0.3211575679228389,ols
32821,26360321.0,-86.3072024653284,1.160952465328407,ols
32837,26360321.0,-87.5801647972252,-0.9423352027747995,ols
32868,26360322.0,-92.46103319341428,3.364783193414283,ols
32889,26360322.0,-92.46103319341428,0.657743719730064,ols
32901,26360322.0,-92.46103319341428,1.903533193414276,ols
32908,26360322.0,-92.46103319341428,1.7135331934142783,ols
32914,26360322.0,-92.46103319341428,1.9997831934142738,ols
32918,26360322.0,-92.46103319341428,0.8079081934142778,ols
32923,26360322.0,-92.46103319341428,1.8822831934142812,ols
32930,26360322.0,-92.46103319341428,1.154783193414275,ols
32968,26360322.0,-92.46103319341428,3.4710331934142857,ols
32973,26360322.0,-92.46103319341428,3.1316581934142818,ols
32994,26360322.0,-92.46103319341428,2.7760331934142783,ols
33006,26360322.0,-92.46103319341428,1.8979081934142812,ols
15168,26363650.0,-86.23524177088694,-3.3344950712183135,ols
15180,26363650.0,-85.60944622187898,0.6456962218789783,ols
15197,26363650.0,-84.28601252929519,7.729762529295186,ols
15231,26363650.0,-82.60529841378477,0.9987410367355807,ols
15245,26363650.0,-83.05551448139397,1.2117644813939705,ols
29812,26363650.0,-86.09218770264052,-4.218317616508401,ols
29817,26363650.0,-85.95689889631664,-2.7249761036833604,ols
29840,26363650.0,-84.6825152592553,0.5100152592552973,ols
29844,26363650.0,-84.35652688251429,4.621526882514289,ols
29856,26363650.0,-83.15520889455469,10.411458894554684,ols
29871,26363650.0,-82.2453429457815,3.7472179457815002,ols
29887,26363650.0,-82.52499549932146,0.43312049932146124,ols
29895,26363650.0,-82.81310837275686,0.06498337275685628,ols
29938,26363650.0,-84.37385176967216,-2.3505232303278376,ols
48103,26363650.0,-83.62099467325375,8.139119673253745,ols
48117,26363650.0,-82.26919560292207,0.06982060292206427,ols
48122,26363650.0,-82.36703171568645,-1.275468284313547,ols
48148,26363650.0,-85.18526285971105,2.022762859711051,ols
66837,26363650.0,-84.51304898803939,1.2867989880393935,ols
66846,26363650.0,-83.63317365642841,6.695048656428412,ols
66863,26363650.0,-82.1811109266437,0.4948609266436961,ols
66870,26363650.0,-82.49775005177915,-1.275999948220857,ols
66894,26363650.0,-83.41327133871744,-0.780478661282558,ols
66902,26363650.0,-83.53662659776805,-1.5414984022319516,ols
66957,26363650.0,-83.70142958685729,-2.3185704131427087,ols
67002,26363650.0,-84.16865085620657,-2.283224143793433,ols
67010,26363650.0,-84.55563727314924,1.4912622731492462,ols
79627,26363650.0,-84.5169409001902,1.0744409001902113,ols
79673,26363650.0,-82.54324438046109,-0.5811306195389108,ols
79674,26363650.0,-82.64474759434054,-0.9283774056594609,ols
79694,26363650.0,-82.69079260693573,-1.5854573930642744,ols
79702,26363650.0,-82.69079260693573,-0.5635823930642658,ols
79713,26363650.0,-82.68869712058425,-0.7231778794157435,ols
79733,26363650.0,-83.11304754416406,-2.071952455835941,ols
129378,26363650.0,-85.0967161864418,0.38648891371452976,ols
129385,26363650.0,-84.85489994896267,-0.8016594569779301,ols
129422,26363650.0,-82.22438189480704,-0.13249310519296387,ols
129460,26363650.0,-82.88393622393406,-1.2210637760659466,ols
129463,26363650.0,-82.90411559249983,-0.9108844075001628,ols
129469,26363650.0,-82.97026572414441,-1.6934842758555817,ols
129475,26363650.0,-83.31846501871912,-3.3115854863313814,ols
129488,26363650.0,-84.28741089518721,-2.156339104812787,ols
129514,26363650.0,-85.65631416661415,2.306939166614157,ols
129525,26363650.0,-85.92791271011228,-1.153917186794942,ols
144187,26363650.0,-83.53395774015111,7.21954447484498,ols
144203,26363650.0,-82.23795305641404,1.4279530564140401,ols
144213,26363650.0,-82.35927676619673,-0.5169732338032702,ols
144214,26363650.0,-82.56921108633223,-0.7789139136677647,ols
144265,26363650.0,-83.33051612772667,-2.914483872273337,ols
144269,26363650.0,-83.33051612772667,-2.8669838722733374,ols
144275,26363650.0,-83.33051612772667,-2.855108872273334,ols
144324,26363650.0,-83.329206448757,-2.336418551243,ols
144340,26363650.0,-83.83040718428794,-3.4864678157120608,ols
144367,26363650.0,-85.40001308597911,2.473138085979116,ols
144371,26363650.0,-85.57706312029973,2.435813120299727,ols
158364,26363650.0,-83.35629308483371,-1.1443319151662905,ols
158372,26363650.0,-83.67003647882991,-2.243713521170079,ols
158382,26363650.0,-83.87445983485996,-2.090540165140041,ols
158418,26363650.0,-83.84726182450868,-2.3064881754913245,ols
158446,26363650.0,-83.84726182450868,-3.1489881754913256,ols
158487,26363650.0,-83.91276227288482,-3.935987727115176,ols
158499,26363650.0,-84.32077574037208,-1.51297425962791,ols
158509,26363650.0,-84.65138614950841,1.1032611495084126,ols
158514,26363650.0,-84.98867282766024,1.9461728276602344,ols
158525,26363650.0,-85.34770842665488,2.8558334266548826,ols
14953,26365185.0,-92.35877588091068,9.83690088091069,ols
15027,26365185.0,-92.35877588091068,4.342525880910685,ols
15057,26365185.0,-92.35877588091068,2.9600258809106776,ols
15081,26365185.0,-92.35877588091068,4.963150880910689,ols
15098,26365185.0,-92.35877588091068,3.49315088091069,ols
15158,26365185.0,-92.35877588091068,-1.846165979554442,ols
29413,26365185.0,-92.35877588091068,7.880650880910679,ols
29425,26365185.0,-92.35877588091068,2.286900880910679,ols
29429,26365185.0,-92.35877588091068,2.8687758809106896,ols
29433,26365185.0,-92.35877588091068,3.7181508809106845,ols
29438,26365185.0,-92.35877588091068,4.641275880910683,ols
29440,26365185.0,-92.35877588091068,4.619400880910689,ols
29446,26365185.0,-92.35877588091068,5.721900880910681,ols
29452,26365185.0,-92.35877588091068,5.714400880910688,ols
29460,26365185.0,-92.35877588091068,5.820025880910691,ols
29485,26365185.0,-92.35877588091068,5.345650880910682,ols
29532,26365185.0,-92.35877588091068,2.1700258809106856,ols
29542,26365185.0,-92.35877588091068,1.5425258809106879,ols
29547,26365185.0,-92.35877588091068,2.3419008809106856,ols
29550,26365185.0,-92.35877588091068,2.155025880910685,ols
29555,26365185.0,-92.35877588091068,2.4312758809106896,ols
29563,26365185.0,-92.35877588091068,3.1256508809106833,ols
29568,26365185.0,-92.35877588091068,2.24315088091069,ols
29654,26365185.0,-92.35877588091068,2.281275880910684,ols
29661,26365185.0,-92.35877588091068,1.1969008809106896,ols
29676,26365185.0,-92.35877588091068,3.5012758809106828,ols
29689,26365185.0,-92.35877588091068,4.979400880910688,ols
29693,26365185.0,-92.35877588091068,4.302525880910679,ols
29788,26365185.0,-92.35877588091068,3.9137758809106913,ols
47606,26365185.0,-92.35877588091068,8.04002588091069,ols
47636,26365185.0,-92.35877588091068,9.00440088091068,ols
47648,26365185.0,-92.35877588091068,8.646900880910678,ols
47652,26365185.0,-92.35877588091068,8.99252588091069,ols
47656,26365185.0,-92.35877588091068,6.288150880910678,ols
47677,26365185.0,-92.35877588091068,7.002525880910682,ols
47709,26365185.0,-92.35877588091068,3.620650880910688,ols
47718,26365185.0,-92.35877588091068,5.486275880910682,ols
47729,26365185.0,-92.35877588091068,4.47815088091069,ols
47753,26365185.0,-92.35877588091068,4.224400880910679,ols
47769,26365185.0,-92.35877588091068,4.403150880910687,ols
47787,26365185.0,-92.35877588091068,4.4412758809106805,ols
47793,26365185.0,-92.35877588091068,4.683150880910688,ols
47806,26365185.0,-92.35877588091068,4.7069008809106805,ols
47809,26365185.0,-92.35877588091068,4.500650880910683,ols
47838,26365185.0,-92.35877588091068,3.911900880910679,ols
47841,26365185.0,-92.35877588091068,3.7637758809106856,ols
47893,26365185.0,-92.35877588091068,5.011900880910687,ols
47898,26365185.0,-92.35877588091068,4.908150880910682,ols
47915,26365185.0,-92.35877588091068,2.5731508809106884,ols
47934,26365185.0,-92.35877588091068,2.2437758809106896,ols
47952,26365185.0,-92.35877588091068,-1.3287241190893155,ols
47959,26365185.0,-92.35877588091068,-0.9368491190893167,ols
47964,26365185.0,-92.35877588091068,-1.4987241190893172,ols
47985,26365185.0,-92.35877588091068,-0.15559911908931667,ols
47987,26365185.0,-92.35877588091068,-0.5218491190893104,ols
47995,26365185.0,-92.35877588091068,-1.2180991190893167,ols
47999,26365185.0,-92.35877588091068,-2.83497411908931,ols
48008,26365185.0,-92.35877588091068,1.4737758809106793,ols
48012,26365185.0,-92.35877588091068,1.0562758809106896,ols
48024,26365185.0,-92.35877588091068,-0.1424741190893144,ols
66521,26365185.0,-92.35877588091068,8.60315088091069,ols
66539,26365185.0,-92.35877588091068,11.15002588091069,ols
66565,26365185.0,-92.35877588091068,6.101900880910691,ols
66571,26365185.0,-92.35877588091068,5.8944008809106805,ols
66575,26365185.0,-92.35877588091068,5.8744008809106845,ols
66577,26365185.0,-92.35877588091068,5.748150880910686,ols
66581,26365185.0,-92.35877588091068,5.3631508809106805,ols
66596,26365185.0,-92.35877588091068,5.980650880910687,ols
66612,26365185.0,-92.35877588091068,3.044400880910686,ols
66647,26365185.0,-92.35877588091068,2.761275880910688,ols
66651,26365185.0,-92.35877588091068,3.517525880910682,ols
66652,26365185.0,-92.35877588091068,4.666275880910689,ols
66695,26365185.0,-92.35877588091068,1.3287758809106833,ols
66711,26365185.0,-92.35877588091068,2.2906508809106896,ols
66715,26365185.0,-92.35877588091068,2.003150880910681,ols
66721,26365185.0,-92.35877588091068,1.393775880910681,ols
66741,26365185.0,-92.35877588091068,1.8094008809106867,ols
66748,26365185.0,-92.35877588091068,-0.7462241190893195,ols
66752,26365185.0,-92.35877588091068,-1.6012241190893093,ols
79215,26365185.0,-92.35877588091068,12.264017816394556,ols
79233,26365185.0,-92.35877588091068,8.391275880910683,ols
79236,26365185.0,-92.35877588091068,9.436900880910684,ols
79265,26365185.0,-92.35877588091068,10.057525880910688,ols
79271,26365185.0,-92.35877588091068,9.52377588091069,ols
79300,26365185.0,-92.35877588091068,2.5887758809106884,ols
79322,26365185.0,-92.35877588091068,3.328150880910684,ols
79368,26365185.0,-92.35877588091068,2.388150880910686,ols
79396,26365185.0,-92.35877588091068,2.408150880910682,ols
79401,26365185.0,-92.35877588091068,2.3294008809106828,ols
79409,26365185.0,-92.35877588091068,2.1981508809106884,ols
79443,26365185.0,-92.35877588091068,1.9437758809106782,ols
79448,26365185.0,-92.35877588091068,2.125025880910684,ols
79484,26365185.0,-92.35877588091068,3.260025880910689,ols
79540,26365185.0,-92.35877588091068,0.5531508809106782,ols
79556,26365185.0,-92.35877588091068,-0.4705991190893144,ols
79560,26365185.0,-92.35877588091068,-1.1555991190893167,ols
128935,26365185.0,-92.35877588091068,8.143775880910681,ols
128943,26365185.0,-92.35877588091068,9.06627588091068,ols
128975,26365185.0,-92.35877588091068,6.198775880910688,ols
129001,26365185.0,-92.35877588091068,2.990650880910678,ols
129016,26365185.0,-92.35877588091068,2.392525880910682,ols
129031,26365185.0,-92.35877588091068,2.1487758809106907,ols
129093,26365185.0,-92.35877588091068,2.7737758809106907,ols
129113,26365185.0,-92.35877588091068,2.3006508809106805,ols
129115,26365185.0,-92.35877588091068,2.048775880910682,ols
129143,26365185.0,-92.35877588091068,2.006275880910678,ols
129159,26365185.0,-92.35877588091068,2.0225258809106776,ols
129170,26365185.0,-92.35877588091068,2.3162758809106805,ols
129179,26365185.0,-92.35877588091068,2.396275880910679,ols
129194,26365185.0,-92.35877588091068,2.987525880910681,ols
129210,26365185.0,-92.35877588091068,3.1756508809106805,ols
129216,26365185.0,-92.35877588091068,2.994400880910689,ols
129236,26365185.0,-92.35877588091068,3.780025880910685,ols
129239,26365185.0,-92.35877588091068,3.330025880910682,ols
129280,26365185.0,-92.35877588091068,0.21127588091069072,ols
129308,26365185.0,-92.35877588091068,-0.35059911908930985,ols
143801,26365185.0,-92.35877588091068,9.231802196700158,ols
143807,26365185.0,-92.35877588091068,7.301900880910679,ols
143810,26365185.0,-92.35877588091068,7.8119008809106845,ols
143837,26365185.0,-92.35877588091068,8.431900880910689,ols
143867,26365185.0,-92.35877588091068,3.00440088091068,ols
143892,26365185.0,-92.35877588091068,3.8287758809106833,ols
143937,26365185.0,-92.35877588091068,2.62940088091068,ols
143949,26365185.0,-92.35877588091068,4.246900880910687,ols
143963,26365185.0,-92.35877588091068,4.341900880910686,ols
143969,26365185.0,-92.35877588091068,4.95752588091068,ols
144002,26365185.0,-92.35877588091068,1.846900880910681,ols
144018,26365185.0,-92.35877588091068,1.7669008809106828,ols
144040,26365185.0,-92.35877588091068,14.705650880910682,ols
144079,26365185.0,-92.35877588091068,9.080650880910682,ols
158054,26365185.0,-92.35877588091068,7.570025880910691,ols
158068,26365185.0,-92.35877588091068,5.950650880910686,ols
158075,26365185.0,-92.35877588091068,4.19690088091069,ols
158105,26365185.0,-92.35877588091068,4.491275880910678,ols
158117,26365185.0,-92.35877588091068,4.193775880910678,ols
158153,26365185.0,-92.35877588091068,1.6106508809106828,ols
158202,26365185.0,-92.35877588091068,0.6106508809106828,ols
158239,26365185.0,-92.35877588091068,-2.0505991190893127,ols
158244,26365185.0,-92.35877588091068,-0.6343491190893218,ols
14354,26365186.0,-92.4952841118232,-1.689090888176807,ols
14378,26365186.0,-91.97024955501062,-5.081000444989371,ols
14470,26365186.0,-88.57862512356373,-0.46324987643627935,ols
14477,26365186.0,-88.153949716468,-5.112300283531994,ols
14486,26365186.0,-87.74570723446355,-0.8361677655364446,ols
14488,26365186.0,-87.55289338001049,-0.3446066199895057,ols
14506,26365186.0,-86.81129263160739,-0.5668323683926104,ols
14553,26365186.0,-84.46557057921936,1.3424455792193584,ols
14559,26365186.0,-84.37008670395602,0.8344617039560234,ols
14567,26365186.0,-84.18099755918543,-0.1933774408145723,ols
14569,26365186.0,-84.05817314478685,0.31317314478684466,ols
14576,26365186.0,-83.73272582373475,2.8721008237347547,ols
14587,26365186.0,-83.30911647665286,2.475366476652866,ols
14615,26365186.0,-81.45698671103527,3.0213617110352686,ols
14634,26365186.0,-79.24751882907373,4.068768829073733,ols
14640,26365186.0,-77.83586035978121,2.935860359781202,ols
14645,26365186.0,-77.02595376610157,4.004703766101571,ols
14675,26365186.0,-68.09096027077571,-11.257164729224286,ols
14688,26365186.0,-71.08706343635883,-3.046686563641174,ols
14722,26365186.0,-78.41904068990922,3.817165689909217,ols
14737,26365186.0,-79.88936496179223,4.011239961792228,ols
14746,26365186.0,-80.22461483467883,4.124614834678837,ols
14830,26365186.0,-80.29636587390252,4.7569908739025095,ols
14834,26365186.0,-80.29636587390252,4.731365873902519,ols
14838,26365186.0,-80.29636587390252,4.68261587390252,ols
14857,26365186.0,-80.29636587390252,4.613240873902512,ols
14884,26365186.0,-81.10460837390202,-2.065391626097977,ols
14897,26365186.0,-81.89632694368713,-0.6280480563128776,ols
14920,26365186.0,-83.46496925038244,-1.0387807496175583,ols
28777,26365186.0,-92.29272620882905,-7.806023791170944,ols
28784,26365186.0,-92.1796068407759,-6.202337603668539,ols
28879,26365186.0,-90.91960840918296,-2.157266590817045,ols
28912,26365186.0,-89.92953767316561,-2.4404623268343926,ols
28931,26365186.0,-89.39833426907788,-4.377290730922127,ols
28933,26365186.0,-89.25327210280538,-3.2698528971946104,ols
28936,26365186.0,-89.10856095629354,-3.2433140437064623,ols
28971,26365186.0,-87.74067595122753,-6.105574048772468,ols
29022,26365186.0,-84.75752801495887,1.1725280149588713,ols
29028,26365186.0,-84.2587484361699,1.6724984361698887,ols
29036,26365186.0,-83.74315891106525,1.5375339110652533,ols
29050,26365186.0,-83.08408680861105,2.226586808611046,ols
29052,26365186.0,-82.9882389128552,2.1563639128551984,ols
29077,26365186.0,-82.9882389128552,2.394488912855195,ols
29084,26365186.0,-82.9882389128552,2.4007389128551893,ols
29102,26365186.0,-82.9882389128552,2.43136391285519,ols
29138,26365186.0,-82.9882389128552,2.2563639128551927,ols
29156,26365186.0,-82.9882389128552,2.523863912855191,ols
29185,26365186.0,-82.68617990844803,4.64992990844803,ols
29192,26365186.0,-82.22809262043097,5.097467620430976,ols
29207,26365186.0,-81.32030351645687,1.6896785164568797,ols
29220,26365186.0,-79.51968265053202,5.085307650532016,ols
29243,26365186.0,-76.13195843864791,-0.6824165613520847,ols
29245,26365186.0,-75.19291557524389,-0.6577094247561064,ols
29271,26365186.0,-67.26425023114633,-14.26137476885367,ols
29281,26365186.0,-70.53169167171362,-5.447683328286388,ols
29288,26365186.0,-73.37085000208957,0.5877250020895701,ols
29321,26365186.0,-79.92396640968022,2.4039664096802227,ols
29337,26365186.0,-81.70238202556085,-2.5119929744391527,ols
29343,26365186.0,-82.04521132513116,0.1608363251311573,ols
29367,26365186.0,-83.58981527858774,-1.3589347214122682,ols
47143,26365186.0,-84.32251052565577,-1.7018644743442337,ols
47165,26365186.0,-84.11595489760977,-7.497956392712808,ols
47172,26365186.0,-84.1249579044339,-6.051292095566097,ols
47240,26365186.0,-80.84783741898494,0.47596241898493474,ols
47248,26365186.0,-80.23075768049024,4.220132680490238,ols
47254,26365186.0,-79.98651943110163,3.355109174691364,ols
47274,26365186.0,-79.36129473408661,3.0581697340866185,ols
47310,26365186.0,-79.36890666260001,2.388281662600008,ols
47317,26365186.0,-79.36890666260001,2.0018013994421153,ols
47324,26365186.0,-79.36890666260001,2.6039066626000107,ols
47345,26365186.0,-79.36890666260001,2.5976566626000164,ols
47352,26365186.0,-79.36890666260001,2.659531662600017,ols
47357,26365186.0,-79.36890666260001,2.443906662600014,ols
47360,26365186.0,-79.36890666260001,2.554531662600013,ols
47414,26365186.0,-79.36890666260001,3.0832816626000152,ols
47416,26365186.0,-79.36890666260001,3.1351566626000107,ols
47432,26365186.0,-79.33867346062236,4.272423460622363,ols
47468,26365186.0,-74.32865942195662,-1.1613405780433794,ols
47480,26365186.0,-70.97518563819986,-5.342939361800134,ols
47497,26365186.0,-68.28066044994448,-9.341839550055525,ols
47511,26365186.0,-73.94901855007937,3.4715185500793666,ols
47519,26365186.0,-75.94220625655166,2.8922062565516597,ols
66249,26365186.0,-85.79323131986101,-7.974268680138991,ols
66282,26365186.0,-83.73738008574637,-2.0794949142536296,ols
66286,26365186.0,-83.5663554579175,-0.8598945420825004,ols
66290,26365186.0,-83.41632701206836,-0.4461729879316323,ols
66306,26365186.0,-83.13904090225094,-1.0790840977490603,ols
66336,26365186.0,-82.75720940705258,0.5109594070525816,ols
66348,26365186.0,-82.01034336223972,2.0234683622397256,ols
66389,26365186.0,-75.88894225805565,0.8595672580556482,ols
66443,26365186.0,-75.56665411484943,3.3835291148494235,ols
66452,26365186.0,-78.14607082307462,0.8191958230746224,ols
66485,26365186.0,-81.90716305370577,-0.33908694629423053,ols
66489,26365186.0,-82.209111551892,0.2897365518919912,ols
78980,26365186.0,-85.12488319521327,-2.4316644238343486,ols
78982,26365186.0,-84.92246830026977,-0.09253169973023034,ols
78998,26365186.0,-84.16338156749345,-0.38099343250655693,ols
79020,26365186.0,-83.39764496036253,-1.269855039637477,ols
79060,26365186.0,-79.58400377148857,2.287128771488568,ols
79070,26365186.0,-77.30549550289948,3.506745502899477,ols
79100,26365186.0,-68.0994952512523,-8.93425474874769,ols
79105,26365186.0,-67.26525128750079,-10.593498712499212,ols
79109,26365186.0,-67.80567221048861,-9.339327789511387,ols
79158,26365186.0,-79.79759929584543,1.1169742958454236,ols
79180,26365186.0,-81.87842493589386,-0.12095006410613962,ols
79197,26365186.0,-83.1535237175608,1.237898717560796,ols
128640,26365186.0,-85.03747927481086,-1.2700207251891413,ols
128659,26365186.0,-83.84072940379468,-1.3711455962053236,ols
128717,26365186.0,-82.95909777235511,-2.960902227644894,ols
128721,26365186.0,-82.95909777235511,-3.6021522276448934,ols
128727,26365186.0,-82.94057172943181,-1.2025532705681883,ols
128743,26365186.0,-82.16669016378057,2.556690163780573,ols
128747,26365186.0,-81.88622537501948,2.05622537501948,ols
128777,26365186.0,-78.62620735235339,2.600582352353385,ols
128819,26365186.0,-68.29172407277096,-9.933275927229033,ols
128854,26365186.0,-78.33756510324227,1.9294401032422712,ols
128864,26365186.0,-79.459814280243,4.104814280242991,ols
128886,26365186.0,-81.96839650084178,0.08402150084177151,ols
128905,26365186.0,-83.16814304055538,3.4293930405553823,ols
143431,26365186.0,-83.64952113972831,-0.5529788602716934,ols
143435,26365186.0,-83.55322471872272,-0.9505252812772795,ols
143444,26365186.0,-83.27803172673734,-2.362593273262661,ols
143471,26365186.0,-81.46953241729562,-0.15984258270437124,ols
143498,26365186.0,-77.65491617353094,3.532416173530933,ols
143508,26365186.0,-75.93348926582878,2.372864265828781,ols
143519,26365186.0,-72.32148942835168,-1.3947605716483196,ols
143541,26365186.0,-68.37258862503973,-8.693661374960271,ols
143576,26365186.0,-78.13516320903065,1.7182882090306464,ols
143581,26365186.0,-78.66868074339231,3.357430743392314,ols
143609,26365186.0,-80.72212684210989,1.5246268421098819,ols
143615,26365186.0,-80.7001491048735,1.608899104873501,ols
143647,26365186.0,-80.68628382432773,1.0337838243277275,ols
143658,26365186.0,-80.68628382432773,1.1837838243277332,ols
143662,26365186.0,-80.68628382432773,0.9575338243277258,ols
143673,26365186.0,-80.68628382432773,0.8562838243277326,ols
143676,26365186.0,-80.68628382432773,0.8931588243277275,ols
143679,26365186.0,-80.68628382432773,0.8606588243277287,ols
143687,26365186.0,-80.68628382432773,1.1187838243277355,ols
143754,26365186.0,-81.46064641705837,-2.391228582941636,ols
143763,26365186.0,-81.93415907344631,0.5410340734463119,ols
143787,26365186.0,-83.42494649730216,1.3111964973021628,ols
143791,26365186.0,-83.67126486379092,1.140014863790924,ols
157830,26365186.0,-84.17335962920828,-0.22789037079172658,ols
157858,26365186.0,-82.23146631035279,1.9289663103527914,ols
157863,26365186.0,-81.81233571540218,1.3417107154021863,ols
157911,26365186.0,-69.94305753456362,-6.925067465436385,ols
157917,26365186.0,-68.18632713945217,-8.533672860547824,ols
157928,26365186.0,-69.93029731622732,-5.443452683772676,ols
157944,26365186.0,-75.60403771935887,3.6315377193588745,ols
157949,26365186.0,-76.45364854818784,3.1305235481878384,ols
157955,26365186.0,-77.72882533424604,0.7150753342460376,ols
157970,26365186.0,-79.80922845050851,1.9786034505085155,ols
157981,26365186.0,-80.68685585653029,-0.2106441434697075,ols
157982,26365186.0,-81.08382020363229,-2.478054796367715,ols
11807,26366722.0,-109.02029834872074,7.470075134435021,ols
26274,26366722.0,-109.02029834872074,8.170298348720749,ols
26279,26366722.0,-109.02029834872074,4.845923348720746,ols
26287,26366722.0,-109.02029834872074,-0.3928266512792504,ols
41567,26366722.0,-109.02029834872074,1.0321733487207467,ols
75491,26366722.0,-109.02029834872074,7.472798348720744,ols
75495,26366722.0,-109.02029834872074,3.354048348720738,ols
75500,26366722.0,-109.02029834872074,-0.0503266512792635,ols
125765,26366722.0,-109.02029834872074,5.30529834872074,ols
125775,26366722.0,-109.02029834872074,1.3477983487207439,ols
139754,26366722.0,-109.02029834872074,3.6452983487207433,ols
139759,26366722.0,-109.02029834872074,7.719673348720747,ols
154563,26366722.0,-109.02029834872074,2.5877983487207388,ols
154579,26366722.0,-109.02029834872074,4.499673348720748,ols
32123,26367488.0,-86.18219509167575,8.315320091675758,ols
32124,26367488.0,-85.97769254265947,5.000817542659462,ols
32131,26367488.0,-85.76191483937563,5.426914839375641,ols
32173,26367488.0,-82.70381280769053,3.2819378076905252,ols
32177,26367488.0,-82.55133431459505,2.7444593145950478,ols
32213,26367488.0,-83.50328188852083,0.7595318885208258,ols
32271,26367488.0,-83.9144796896119,-2.7492703103880984,ols
32291,26367488.0,-84.1446180537719,-4.067881946228113,ols
32306,26367488.0,-84.16602849362359,-3.189596506376418,ols
671,26367489.0,-102.39595959668759,10.126584596687593,ols
673,26367489.0,-102.23559295402565,7.6349679540256545,ols
693,26367489.0,-101.58007034298521,8.736945342985209,ols
707,26367489.0,-101.37202378040239,7.157648780402383,ols
31172,26367489.0,-96.73375931443363,-11.488534499999375,ols
31184,26367489.0,-96.89477440400648,-8.03835059599352,ols
31194,26367489.0,-96.97386585517127,-7.739884144828736,ols
31199,26367489.0,-96.98941904504946,-6.828705954950536,ols
31211,26367489.0,-97.04668262887446,-6.872067371125539,ols
31213,26367489.0,-97.10208669582254,-7.192288304177467,ols
31217,26367489.0,-97.17999568497328,-6.207504315026725,ols
31248,26367489.0,-98.63341314793794,0.5209131479379465,ols
31265,26367489.0,-99.71979058735157,2.833540587351564,ols
31283,26367489.0,-100.54514907315023,5.143274073150224,ols
31302,26367489.0,-100.71051257141988,3.108239844147164,ols
31312,26367489.0,-100.71343058251904,6.592894868233316,ols
31340,26367489.0,-100.05070830357054,9.361333303570547,ols
31379,26367489.0,-98.26864268857513,1.2455176885751342,ols
31417,26367489.0,-98.19295558369271,0.3660805836927068,ols
31428,26367489.0,-98.07648307530994,1.243358075309942,ols
31472,26367489.0,-95.70246171851262,6.144961718512619,ols
31481,26367489.0,-94.86629896285989,6.563798962859892,ols
31486,26367489.0,-94.39902621165112,7.282151211651126,ols
31510,26367489.0,-91.22826385699166,12.113263856991665,ols
31531,26367489.0,-88.20827494510607,12.195774945106066,ols
31532,26367489.0,-87.50199229131783,8.756992291317829,ols
31559,26367489.0,-82.56313453819979,6.857509538199793,ols
31573,26367489.0,-78.95613906020007,-2.941360939799921,ols
31646,26367489.0,-80.5761787713203,-0.8475712286796977,ols
31668,26367489.0,-81.6780521847082,-3.651322815291792,ols
31685,26367489.0,-81.7042189247608,-1.0745310752392072,ols
31715,26367489.0,-82.05826140214141,4.519511402141418,ols
31720,26367489.0,-82.05826140214141,1.1488864021414145,ols
31728,26367489.0,-82.05826140214141,1.173886402141406,ols
31737,26367489.0,-82.05826140214141,1.1607614021414179,ols
31793,26367489.0,-82.05826140214141,1.3388864021414122,ols
31796,26367489.0,-82.05828047410938,1.303905474109385,ols
31805,26367489.0,-82.05828047410938,1.3607804741093759,ols
31834,26367489.0,-82.05828047410938,2.2876554741093855,ols
31847,26367489.0,-82.05828047410938,2.0945304741093764,ols
31870,26367489.0,-82.05826140214141,2.0313864021414076,ols
31933,26367489.0,-82.05826140214141,2.0407614021414133,ols
31961,26367489.0,-82.05826140214141,2.163886402141415,ols
31965,26367489.0,-82.05826140214141,2.190761402141405,ols
31971,26367489.0,-82.05826140214141,2.1576364021414065,ols
32013,26367489.0,-82.05826140214141,2.0638864021414065,ols
32019,26367489.0,-82.05826140214141,2.620136402141412,ols
32030,26367489.0,-82.05826140214141,2.768886402141405,ols
32040,26367489.0,-83.58461960660107,4.573369606601062,ols
32045,26367489.0,-84.4066214260373,5.800996426037301,ols
32084,26367489.0,-91.22262809045702,8.086378090457018,ols
32106,26367489.0,-93.71538198384134,4.536631983841346,ols
33692,26367489.0,-97.37387177535562,-7.587378224644382,ols
33735,26367489.0,-97.93381521892263,-4.537434781077366,ols
33741,26367489.0,-97.93381521892263,-4.339934781077375,ols
33761,26367489.0,-98.19046669187283,-0.4864083081271673,ols
33765,26367489.0,-98.31370021290037,-1.1656747870996327,ols
49063,26367489.0,-97.60133360133025,-4.854916398669744,ols
49073,26367489.0,-97.89993386782685,-2.918191132173149,ols
49110,26367489.0,-97.89431717326016,-2.8931828267398316,ols
49146,26367489.0,-97.89120844248133,-2.8025415575186656,ols
49152,26367489.0,-97.89120844248133,-2.720666557518669,ols
49189,26367489.0,-97.89120844248133,-2.4325415575186753,ols
49202,26367489.0,-97.89120844248133,-2.59441655751867,ols
49213,26367489.0,-97.89120844248133,-3.18816655751867,ols
49240,26367489.0,-97.89120844248133,-3.5181665575186685,ols
49284,26367489.0,-99.56868338513826,3.7636833851382505,ols
49290,26367489.0,-99.8314569598063,4.708956959806301,ols
67776,26367489.0,-97.19262132776834,-6.454253672231658,ols
67780,26367489.0,-97.19262132776834,-6.298003672231658,ols
67784,26367489.0,-97.19262132776834,-6.364253672231669,ols
67821,26367489.0,-97.19262132776834,-6.197378672231665,ols
67826,26367489.0,-97.19262132776834,-6.254878672231669,ols
67871,26367489.0,-97.19262132776834,-5.416128672231665,ols
67885,26367489.0,-97.33063562397136,-5.595614376028635,ols
67897,26367489.0,-97.67300605695534,-3.8144939430446527,ols
67904,26367489.0,-98.00156838513023,-0.3515566148697786,ols
67931,26367489.0,-99.54582563152819,4.101450631528195,ols
67946,26367489.0,-100.67890078451232,5.307025784512319,ols
67957,26367489.0,-101.56466019286678,5.748609056503142,ols
80481,26367489.0,-96.9441326571086,-6.742742342891404,ols
80530,26367489.0,-97.88532474036309,-2.9503002596369043,ols
80545,26367489.0,-97.87898331101361,-2.8272666889863842,ols
80550,26367489.0,-97.87898331101361,-2.6485166889863905,ols
80565,26367489.0,-97.87898331101361,-2.5503916889863802,ols
80567,26367489.0,-97.87898331101361,-2.386641688986387,ols
80597,26367489.0,-97.87898331101361,-2.7553916889863928,ols
80616,26367489.0,-97.87898331101361,-3.018516688986381,ols
80657,26367489.0,-98.30568998635367,-0.6330600136463289,ols
80696,26367489.0,-101.40460823767633,2.968358237676327,ols
130493,26367489.0,-96.93120186282604,-7.2231731371739585,ols
130501,26367489.0,-97.0215171671402,-7.6372328328597945,ols
130509,26367489.0,-97.11347266069964,-8.362152339300351,ols
130554,26367489.0,-98.41161569644993,0.24161569644992653,ols
130565,26367489.0,-98.83665357459276,0.2616535745927564,ols
130588,26367489.0,-100.3835713605223,3.8210713605222963,ols
145467,26367489.0,-96.84556872664812,-10.42135835668519,ols
145507,26367489.0,-99.27116068483187,4.673660684831873,ols
145518,26367489.0,-99.90887961377385,6.285129613773847,ols
145537,26367489.0,-100.37046891852803,5.3342189185280375,ols
145538,26367489.0,-100.43682029508996,4.814945295089956,ols
145556,26367489.0,-100.60647498615249,4.363349986152485,ols
145578,26367489.0,-100.60748580045481,5.046860800454809,ols
145612,26367489.0,-100.60748580045481,5.4868608004548065,ols
145631,26367489.0,-100.60748580045481,5.023735800454816,ols
145660,26367489.0,-100.60748580045481,5.196235800454815,ols
145666,26367489.0,-100.60698992928764,5.090739929287636,ols
145685,26367489.0,-100.9097669567693,7.0878919567692975,ols
145689,26367489.0,-101.02997757087387,7.9868525708738645,ols
159271,26367489.0,-96.96381492805195,-7.760560071948049,ols
159347,26367489.0,-97.89257208819106,-2.721802911808936,ols
159370,26367489.0,-97.89257208819106,-1.9336779118089424,ols
159379,26367489.0,-97.89257208819106,-1.5118029118089424,ols
159384,26367489.0,-97.89257208819106,-1.9036779118089413,ols
159416,26367489.0,-97.88954918126808,-2.443575818731915,ols
159426,26367489.0,-97.88954918126808,-2.7704508187319163,ols
159447,26367489.0,-98.08376856707385,1.0187685670738489,ols
159454,26367489.0,-98.36068400599042,0.9056840059904232,ols
159504,26367489.0,-101.52454230824534,5.512667308245341,ols
162745,26367489.0,-96.76470358246229,-5.554046417537705,ols
162763,26367489.0,-96.71706180647732,-5.914813193522676,ols
162783,26367489.0,-96.6971315999504,-6.317868400049605,ols
162837,26367489.0,-98.08511314081562,-4.903636859184374,ols
162865,26367489.0,-99.51038037905899,2.5860053790589888,ols
162876,26367489.0,-99.95582526292796,4.580825262927959,ols
162879,26367489.0,-100.05558119138647,3.2393311913864693,ols
162900,26367489.0,-100.43253863828106,2.709413638281063,ols
162906,26367489.0,-100.71322079087139,3.8038457908713923,ols
49017,26367490.0,-103.00514022359731,-2.1498597764026925,mean_fallback
67668,26367490.0,-103.00514022359731,1.2220152235973103,mean_fallback
80418,26367490.0,-103.00514022359731,2.1088902235973137,mean_fallback
130444,26367490.0,-103.00514022359731,-4.629234776402697,mean_fallback
9308,26367744.0,-91.99298341341346,1.3419417467467696,ols
9340,26367744.0,-80.19485962194386,-2.0338903780561424,ols
9353,26367744.0,-82.64523326560212,-0.8910167343978799,ols
9365,26367744.0,-87.7319384025731,-2.624311597426896,ols
9374,26367744.0,-89.77459007948954,-1.9897849205104592,ols
9382,26367744.0,-91.04084417734359,-0.6204058226564086,ols
9388,26367744.0,-91.83410343359041,2.8803534335904146,ols
9420,26367744.0,-92.57158690668015,0.46721190668014856,ols
9442,26367744.0,-93.2036518352551,1.3161518352550985,ols
9463,26367744.0,-95.11525356523084,-0.11787143476915674,ols
23948,26367744.0,-91.68393532031266,1.7564353203126615,ols
23981,26367744.0,-79.91132721387658,-2.5855477861234277,ols
23985,26367744.0,-79.81543055765417,-0.9539444423458292,ols
24010,26367744.0,-88.88271480829792,-2.687285191702074,ols
24015,26367744.0,-90.05604784002092,-2.1114521599790805,ols
24043,26367744.0,-94.69382735301268,-0.1261726469873139,ols
24045,26367744.0,-95.13641331699168,-1.184836683008328,ols
39018,26367744.0,-87.85256551866598,0.7394405186659867,ols
39037,26367744.0,-80.34249021811593,-2.407509781884073,ols
39039,26367744.0,-79.69767157978825,-2.683578420211745,ols
39093,26367744.0,-89.70501913004773,-2.561855869952268,ols
39126,26367744.0,-89.89724224995017,-1.6777577500498353,ols
39153,26367744.0,-93.14371022597008,1.2268352259700777,ols
39180,26367744.0,-95.89274219399343,-1.5710078060065769,ols
39215,26367744.0,-96.27057601137304,-3.1019239886269645,ols
39227,26367744.0,-96.27060080795712,-2.6312741920428806,ols
55003,26367744.0,-91.64753393486158,1.562533934861591,ols
55014,26367744.0,-88.35690324256893,0.5650282425689284,ols
55024,26367744.0,-85.22265634063379,2.3126563406337937,ols
55038,26367744.0,-79.71813702719444,-3.262487972805559,ols
55068,26367744.0,-88.66518264156278,-1.990442358437221,ols
55085,26367744.0,-90.01481112067137,-1.4314388793286383,ols
55107,26367744.0,-90.67044933519239,-1.5645506648076122,ols
55130,26367744.0,-90.7719500194202,-1.3699249805797962,ols
55135,26367744.0,-90.88601430625602,-1.1989856937439782,ols
55165,26367744.0,-92.90054665680901,0.6192966568090128,ols
55205,26367744.0,-95.82699818403023,-0.7948768159697721,ols
55242,26367744.0,-95.95281605172696,-1.6634339482730383,ols
55261,26367744.0,-95.95281605172696,-2.0171839482730434,ols
55281,26367744.0,-95.95281605172696,-1.6384339482730468,ols
55303,26367744.0,-95.95281605172696,-1.4434339482730394,ols
73311,26367744.0,-93.63857565474885,1.8467006547488438,ols
73314,26367744.0,-92.99894776802498,1.4326977680249797,ols
73326,26367744.0,-91.32218622048251,1.331561220482513,ols
73333,26367744.0,-91.21776780485956,0.7933928048595646,ols
73351,26367744.0,-91.1839617952104,1.9627117952103958,ols
73364,26367744.0,-91.1839617952104,0.9683367952103907,ols
73386,26367744.0,-91.1839617952104,1.9602117952103981,ols
73412,26367744.0,-91.1839617952104,2.2264617952103976,ols
73424,26367744.0,-91.1839617952104,1.8495867952103993,ols
73431,26367744.0,-90.74738487011035,5.188634870110349,ols
73452,26367744.0,-84.70025843798183,2.5940084379818273,ols
73463,26367744.0,-80.01251380803917,-1.5937361919608293,ols
73467,26367744.0,-81.47952105072423,-2.023603949275767,ols
73493,26367744.0,-91.70141691209946,-1.1442080879005374,ols
73505,26367744.0,-94.03091547382387,0.23529047382386636,ols
73512,26367744.0,-95.02849031748335,-0.6840096825166597,ols
73522,26367744.0,-95.74326838507032,-1.2742316149296755,ols
73560,26367744.0,-95.89141144398033,0.260161443980337,ols
73566,26367744.0,-95.89141144398033,-0.04608855601966866,ols
73583,26367744.0,-95.89141144398033,0.07578644398033418,ols
73589,26367744.0,-95.89141144398033,-0.16733855601967207,ols
123481,26367744.0,-92.11607365685975,1.7332611568597542,ols
123494,26367744.0,-87.53440881367439,1.230033813674396,ols
123515,26367744.0,-79.6711970935031,-1.3838029064969106,ols
123522,26367744.0,-82.08774819645612,-1.6347518035438782,ols
123529,26367744.0,-84.04161157125732,1.3728615712573173,ols
123542,26367744.0,-89.83085352880052,-1.8278964711994803,ols
123552,26367744.0,-91.68219955942604,0.8121995594260341,ols
123595,26367744.0,-95.40142267674022,-0.2704523232597751,ols
137154,26367744.0,-92.08739227459017,1.5042672745901768,ols
137190,26367744.0,-79.8255640950209,-2.0806859049791058,ols
137211,26367744.0,-86.94009255161967,-2.451782448380328,ols
137222,26367744.0,-90.70415615850519,-0.1964688414948199,ols
137247,26367744.0,-94.51962308421909,0.9508730842190971,ols
137267,26367744.0,-95.41144876224253,0.8764487622425321,ols
152080,26367744.0,-79.78931148907438,-2.379438510925624,ols
152086,26367744.0,-81.52028663497599,-1.5934633650240073,ols
152096,26367744.0,-85.34087818806948,0.7821281880694784,ols
152099,26367744.0,-86.95694596327606,-1.8399290367239445,ols
152118,26367744.0,-92.2057298394183,-0.45739516058169727,ols
152127,26367744.0,-93.36203588339626,2.139097739066358,ols
152165,26367744.0,-95.14929100966489,0.6836660096648899,ols
168217,26367744.0,-93.32746944516819,1.4355944451681921,ols
168220,26367744.0,-93.04639189892626,1.5551418989262658,ols
168235,26367744.0,-91.67365300344137,1.49427800344138,ols
168241,26367744.0,-91.40464312812556,0.01714312812555363,ols
168255,26367744.0,-91.07791507056521,0.48104007056521425,ols
168284,26367744.0,-90.96152817035252,1.025903170352521,ols
168299,26367744.0,-90.30503034091623,2.9131553409162336,ols
168304,26367744.0,-89.70663917354193,3.921014173541934,ols
168356,26367744.0,-86.32249229709998,-0.058757702900010145,ols
168360,26367744.0,-87.71691167261169,-2.0874633273883063,ols
168382,26367744.0,-93.42382897096034,1.5407039709603367,ols
9914,26368257.0,-63.97634967988604,-20.58982679070219,ols
9953,26368257.0,-68.42150959199542,-16.22224040800458,ols
10010,26368257.0,-82.27255329316729,-12.410571706832712,ols
10042,26368257.0,-87.3110817355501,-23.767668264449895,ols
10046,26368257.0,-87.72204670137042,-25.200453298629583,ols
10051,26368257.0,-88.02363666719073,-25.592613332809265,ols
24540,26368257.0,-63.45076069062823,-19.571739309371765,ols
24570,26368257.0,-70.74067768281573,-14.627447317184277,ols
24608,26368257.0,-82.65805134004229,-15.106948659957709,ols
39573,26368257.0,-68.20973285859698,-13.670892141403016,ols
39589,26368257.0,-75.51011738008135,-16.26738261991865,ols
55824,26368257.0,-71.7369850558626,-13.507389944137401,ols
73859,26368257.0,-64.6609352511751,-19.1548542225091,ols
73869,26368257.0,-69.65254291719073,-15.854957082809264,ols
137694,26368257.0,-64.55642780488604,-20.329210492986306,ols
39646,26368258.0,-91.00814154513472,7.666266545134718,ols
39677,26368258.0,-91.00386594755868,7.515740947558683,ols
39691,26368258.0,-91.00386594755868,7.400740947558674,ols
39707,26368258.0,-91.00386594755868,5.673240947558682,ols
39711,26368258.0,-91.00386594755868,4.068240947558678,ols
39770,26368258.0,-85.38133872026836,-3.0755362797316366,ols
39800,26368258.0,-85.27048009499828,-2.9163949050017237,ols
39845,26368258.0,-85.27048009499828,-2.6970199050017243,ols
39855,26368258.0,-85.27048009499828,-2.7863949050017283,ols
39860,26368258.0,-85.27048009499828,-3.0226449050017266,ols
39898,26368258.0,-85.27048009499828,-3.08139490500173,ols
39920,26368258.0,-85.27048009499828,-2.7982699050017175,ols
39957,26368258.0,-85.27048009499828,-2.497644905001721,ols
39967,26368258.0,-85.27048009499828,-2.817019905001729,ols
40020,26368258.0,-85.21864376596983,-0.943231234030165,ols
40029,26368258.0,-85.21864376596983,0.11864376596983561,ols
40082,26368258.0,-78.2712845303563,-2.0649654696437096,ols
40092,26368258.0,-76.23948669609827,-1.9055133039017278,ols
40120,26368258.0,-82.21527988152849,4.758404881528492,ols
40135,26368258.0,-84.98470296295358,5.646577962953572,ols
40173,26368258.0,-89.70050717557656,3.4436321755765675,ols
40179,26368258.0,-90.59029713053675,3.397797130536759,ols
40208,26368258.0,-94.19994921779174,-2.4119257822082574,ols
40212,26368258.0,-94.562475442959,-2.2500245570410016,ols
40223,26368258.0,-95.66242583520926,-3.957574164790742,ols
55851,26368258.0,-90.01785388081274,1.1522288808127428,ols
55875,26368258.0,-87.51125305236688,-0.0637469476331205,ols
55899,26368258.0,-87.52151871981432,-0.6747312801856822,ols
55933,26368258.0,-87.52151871981432,-0.8172312801856805,ols
55945,26368258.0,-87.52151871981432,-0.6816062801856759,ols
55986,26368258.0,-87.21422601877926,-0.31014898122074896,ols
56012,26368258.0,-86.55870494486715,-1.486920055132856,ols
56023,26368258.0,-85.50749001508645,-2.0406349849135523,ols
56031,26368258.0,-85.41476034686531,-2.8852396531346898,ols
56061,26368258.0,-85.57170864402573,-2.383291355974265,ols
56078,26368258.0,-85.57170864402573,-2.5614163559742735,ols
56090,26368258.0,-85.57170864402573,-2.972666355974269,ols
56103,26368258.0,-85.57170864402573,-2.9532913559742724,ols
56122,26368258.0,-85.57170864402573,-2.687041355974273,ols
56129,26368258.0,-85.57170864402573,-2.488291355974269,ols
56134,26368258.0,-85.57170864402573,-2.309541355974261,ols
56161,26368258.0,-85.57170864402573,-2.460166355974266,ols
56171,26368258.0,-85.57170864402573,-2.5757913559742605,ols
56203,26368258.0,-85.57170864402573,-2.24829135597426,ols
56215,26368258.0,-85.57170864402573,-2.386416355974262,ols
56234,26368258.0,-85.55821511207161,-2.489909887928391,ols
56249,26368258.0,-85.2219351294504,-2.280564870549597,ols
56269,26368258.0,-83.76948076674705,1.8082307667470445,ols
56293,26368258.0,-78.70449569663849,-1.81237930336151,ols
56305,26368258.0,-78.25159984844677,-2.129025151553222,ols
56389,26368258.0,-88.1987987754501,1.7131737754501017,ols
56399,26368258.0,-90.47098255857543,3.8359825585754237,ols
56412,26368258.0,-92.57851350237358,1.1053885023735859,ols
56493,26368258.0,-95.60511801126296,-4.340506988737047,ols
56506,26368258.0,-96.84835383812246,-8.36664616187754,ols
56513,26368258.0,-97.2172405438422,-7.412134456157801,ols
56525,26368258.0,-98.16179836379263,-8.248826636207369,ols
73902,26368258.0,-88.224272447147,0.7855224471470024,ols
73906,26368258.0,-87.44709792240151,0.9658479224015082,ols
73922,26368258.0,-85.47497854044877,-2.8256464595512227,ols
73929,26368258.0,-85.37347543066687,-2.132149569333123,ols
73940,26368258.0,-85.48810166172179,-2.53252333827821,ols
73956,26368258.0,-85.54136671766302,-2.7517582823369793,ols
73959,26368258.0,-85.54136671766302,-2.53238328233698,ols
74075,26368258.0,-79.82719988787021,-0.1671751121297973,ols
74089,26368258.0,-78.55710399505028,-1.764771004949722,ols
74094,26368258.0,-77.83823211150889,-2.0530178884911123,ols
74127,26368258.0,-80.29966400318597,2.3865390031859732,ols
74141,26368258.0,-82.76241879015268,5.458668790152686,ols
74173,26368258.0,-87.11108251883823,3.4235825188382307,ols
74184,26368258.0,-88.44820157861143,1.6313265786114357,ols
74201,26368258.0,-90.50721930634867,3.794719306348668,ols
74208,26368258.0,-91.27892233617631,3.6020473361763123,ols
74220,26368258.0,-92.93772719773563,0.46085219773561903,ols
74255,26368258.0,-96.78180691347346,-7.902568086526543,ols
124074,26368258.0,-91.85994853053938,9.39557353053938,ols
124127,26368258.0,-85.67634436985345,-3.41428063014655,ols
124133,26368258.0,-85.72934484673675,-3.3137801532632523,ols
124135,26368258.0,-85.72934484673675,-3.1775301532632483,ols
124160,26368258.0,-85.72934484673675,-3.086280153263246,ols
124171,26368258.0,-85.72934484673675,-2.7631551532632557,ols
124188,26368258.0,-85.72934484673675,-1.8919051532632523,ols
124250,26368258.0,-85.72934484673675,-1.5944051532632528,ols
124256,26368258.0,-85.72934484673675,-1.8687801532632449,ols
124296,26368258.0,-82.83541086065271,1.5410358606527126,ols
124315,26368258.0,-77.88876671157233,-1.816233288427668,ols
124331,26368258.0,-76.7177292180391,-0.8403957819609076,ols
124359,26368258.0,-79.16960451414397,2.1452295141439635,ols
124407,26368258.0,-85.98632519411701,8.078825194117016,ols
124432,26368258.0,-89.002632286072,3.0076322860719955,ols
124469,26368258.0,-92.71390389789437,0.005778897894373358,ols
124471,26368258.0,-93.09503532241483,0.3031603224148256,ols
124533,26368258.0,-95.0122386751049,1.541613675104898,ols
124579,26368258.0,-95.0122386751049,1.5247386751048992,ols
124582,26368258.0,-95.0122386751049,1.725988675104901,ols
124601,26368258.0,-95.0122386751049,1.3772386751048913,ols
124640,26368258.0,-95.0122386751049,-0.9065113248951064,ols
124645,26368258.0,-95.0122386751049,-1.739636324895102,ols
124676,26368258.0,-97.01295376163804,-8.552046238361953,ols
137786,26368258.0,-84.72302369150458,-1.5563513084954224,ols
137807,26368258.0,-84.74964034473172,-1.067859655268279,ols
137822,26368258.0,-84.74964034473172,-1.3753596552682836,ols
137828,26368258.0,-84.74964034473172,-1.1022346552682905,ols
137885,26368258.0,-84.76424510872911,-1.692629891270883,ols
137904,26368258.0,-84.76424510872911,-1.4788798912708927,ols
137918,26368258.0,-84.70216427857785,-1.6309607214221415,ols
137928,26368258.0,-84.29111425418738,-0.45638574581262503,ols
137934,26368258.0,-83.98180016914976,2.8986751691497687,ols
138027,26368258.0,-79.43788767887875,2.0660126788787494,ols
138044,26368258.0,-83.81054343653683,5.338043436536836,ols
138048,26368258.0,-84.61869487738404,7.803694877384046,ols
138050,26368258.0,-85.51197727590883,6.593227275908831,ols
138113,26368258.0,-95.06959941486278,-1.9141505851372216,ols
138118,26368258.0,-95.96950687299798,-4.514243127002018,ols
138126,26368258.0,-96.6568620991595,-7.991262900840496,ols
138144,26368258.0,-98.0918013282283,-7.684794416452533,ols
152714,26368258.0,-92.96762463128103,7.1738746312810235,ols
152718,26368258.0,-92.64104940850446,7.958549408504453,ols
152726,26368258.0,-92.12618914494698,7.9249391449469755,ols
152742,26368258.0,-91.61353017915143,6.652905179151432,ols
152747,26368258.0,-91.59313642536665,6.096886425366648,ols
152785,26368258.0,-91.60112671291596,5.929251712915956,ols
152786,26368258.0,-91.60112671291596,5.71737671291595,ols
152794,26368258.0,-91.60112671291596,5.743001712915955,ols
152817,26368258.0,-91.06941805494989,6.220668054949897,ols
152820,26368258.0,-90.65584923792797,2.205849237927964,ols
152840,26368258.0,-87.29394898051287,0.5033239805128602,ols
152891,26368258.0,-85.27883021006635,-0.3499197899336508,ols
152894,26368258.0,-85.27883021006635,-0.08554478993364967,ols
152906,26368258.0,-85.27883021006635,-0.23679478993365422,ols
152912,26368258.0,-85.27883021006635,-0.3161697899336531,ols
152920,26368258.0,-85.27883021006635,-0.6617947899336514,ols
152932,26368258.0,-85.27883021006635,-0.1780447899336508,ols
152938,26368258.0,-85.27883021006635,-0.47991978993366047,ols
152971,26368258.0,-85.27883021006635,-0.7542947899336525,ols
152981,26368258.0,-85.27883021006635,-0.4830447899336576,ols
152992,26368258.0,-85.27883021006635,-0.8486697899336519,ols
153004,26368258.0,-85.27883021006635,-0.46554478993365933,ols
153065,26368258.0,-81.93589497952323,0.9271449795232201,ols
153070,26368258.0,-78.86913795280333,-0.5289870471966651,ols
153149,26368258.0,-84.06879376339513,5.827543763395141,ols
153155,26368258.0,-85.7332500336317,8.22825003363171,ols
153178,26368258.0,-89.21361821002279,4.36674321002279,ols
153183,26368258.0,-89.8172606222572,4.881010622257193,ols
153246,26368258.0,-96.01373390832053,-3.820016091679463,ols
6683,26369024.0,-100.09733764133153,0.8173376413315339,ols
6684,26369024.0,-99.98677739789679,0.29740239789678924,ols
6696,26369024.0,-99.64210300650835,0.9296030065083443,ols
6708,26369024.0,-99.25033793736206,2.8378379373620675,ols
6721,26369024.0,-98.78622636328389,3.0631013632838915,ols
6727,26369024.0,-98.61304629835743,1.1549212983574364,ols
6822,26369024.0,-93.76822020156844,0.21009520156843564,ols
6845,26369024.0,-93.76822020156844,0.19322020156843678,ols
6851,26369024.0,-93.76822020156844,-0.7130297984315632,ols
6899,26369024.0,-93.76822020156844,-0.1461547984315672,ols
6900,26369024.0,-93.76822020156844,-0.37740479843155583,ols
6906,26369024.0,-93.76822020156844,0.3500952015684362,ols
6908,26369024.0,-93.76822020156844,0.5432202015684453,ols
6976,26369024.0,-93.76822020156844,-1.5686547984315666,ols
7044,26369024.0,-93.76822020156844,0.7475952015684442,ols
7071,26369024.0,-94.1357139368038,-0.620536063196198,ols
7087,26369024.0,-95.21560404710107,1.6268540471010624,ols
7128,26369024.0,-97.97944513409884,2.208195134098844,ols
7134,26369024.0,-98.12301065167804,-1.8419893483219596,ols
7160,26369024.0,-98.96948235926061,0.4932323592606167,ols
7175,26369024.0,-99.3091820346911,0.3085570346911055,ols
7192,26369024.0,-99.70867180097719,0.1180468009771829,ols
7198,26369024.0,-99.76188118686463,1.0562561868646299,ols
7223,26369024.0,-100.09857513286337,2.328575132863378,ols
7227,26369024.0,-100.1573587306064,-0.5340072487750405,ols
20671,26369024.0,-101.04659814552898,-3.200276854471028,ols
20688,26369024.0,-100.61898157171501,1.1858565717150071,ols
20703,26369024.0,-100.33508726440763,1.2657122644076395,ols
20714,26369024.0,-100.02682812382913,-0.09317187617087086,ols
20724,26369024.0,-99.69718512958063,0.5953101295806249,ols
20730,26369024.0,-99.57417022137332,-0.12270477862668372,ols
20737,26369024.0,-99.30721854812727,2.232218548127264,ols
20786,26369024.0,-97.37051680100372,-3.206358198996284,ols
20798,26369024.0,-96.69502242342095,-3.4443525765790497,ols
20812,26369024.0,-95.64310512170539,-1.3762698782946075,ols
20868,26369024.0,-94.12758499243029,2.567584992430284,ols
20895,26369024.0,-94.13609618418808,1.9979711841880743,ols
20918,26369024.0,-94.13609618418808,1.1292211841880828,ols
20930,26369024.0,-94.13609618418808,1.1504711841880777,ols
20947,26369024.0,-94.13609618418808,1.2223461841880834,ols
20956,26369024.0,-94.13609618418808,1.2635961841880743,ols
20971,26369024.0,-94.13609618418808,2.6629711841880805,ols
21005,26369024.0,-94.41574727053188,-0.5567527294681156,ols
21073,26369024.0,-98.22337946485288,-2.8934955351471103,ols
21087,26369024.0,-98.54456626696722,-3.849183733032774,ols
21091,26369024.0,-98.64759156196372,-2.599283438036281,ols
21099,26369024.0,-98.84054949154998,-0.9982005084500258,ols
21144,26369024.0,-99.45188955814157,1.168764558141575,ols
21152,26369024.0,-99.4578680172309,1.3359930172308907,ols
21157,26369024.0,-99.4578680172309,1.1022430172308901,ols
21162,26369024.0,-99.4578680172309,0.2934930172308867,ols
21171,26369024.0,-99.4578680172309,2.0278680172308867,ols
21208,26369024.0,-99.45700177315862,1.3245017731586302,ols
21223,26369024.0,-99.45700177315862,1.3838767731586188,ols
21225,26369024.0,-99.45700177315862,1.1763767731586228,ols
21267,26369024.0,-99.45700177315862,1.159501773158624,ols
21284,26369024.0,-99.45700177315862,1.6870017731586273,ols
21288,26369024.0,-99.45700177315862,1.784501773158624,ols
21308,26369024.0,-99.45700177315862,1.7313767731586296,ols
21315,26369024.0,-99.45700177315862,2.050126773158624,ols
21317,26369024.0,-99.45700177315862,2.0782517731586267,ols
21323,26369024.0,-99.45700177315862,2.0070017731586205,ols
21351,26369024.0,-99.45700177315862,1.2901267731586188,ols
21419,26369024.0,-99.4646219710135,1.0089969710135023,ols
21434,26369024.0,-99.4646219710135,0.8571219710134983,ols
21462,26369024.0,-99.4646219710135,1.2308719710134994,ols
21494,26369024.0,-99.5326180057157,1.2351180057157052,ols
21499,26369024.0,-99.57569096096688,0.18069096096688497,ols
21516,26369024.0,-99.87507866225276,-1.3280463377472387,ols
21528,26369024.0,-100.0887577000442,1.7075077000442036,ols
36334,26369024.0,-101.02772227469681,-2.7635277253031916,ols
36354,26369024.0,-100.66936947690989,0.42311947690988916,ols
36359,26369024.0,-100.49649190991344,0.15149190991344597,ols
36371,26369024.0,-100.19066925266205,1.7306692526620537,ols
36395,26369024.0,-99.45624552833361,0.39937052833360553,ols
36464,26369024.0,-96.02270702408438,-2.9441679759156187,ols
36481,26369024.0,-94.93547996399398,3.1092299639939824,ols
36529,26369024.0,-94.0517707612281,3.8655207612280975,ols
36536,26369024.0,-94.0517707612281,3.079270761228102,ols
36565,26369024.0,-94.0517707612281,2.5630207612281026,ols
36575,26369024.0,-94.0517707612281,2.996770761228092,ols
36594,26369024.0,-94.0517707612281,3.0261457612280935,ols
36613,26369024.0,-94.0517707612281,1.6180207612280952,ols
36616,26369024.0,-94.0517707612281,2.2148957612280924,ols
36621,26369024.0,-94.0517707612281,2.8723957612281055,ols
36634,26369024.0,-93.97500778651818,1.2306327865181714,ols
36649,26369024.0,-93.95185294496707,-3.181897055032934,ols
36665,26369024.0,-95.09911759421945,2.5084925942194474,ols
36670,26369024.0,-95.48483545474687,3.656085454746872,ols
36688,26369024.0,-97.04671751676663,1.00421751676663,ols
36717,26369024.0,-98.3090193788178,-4.051605621182205,ols
36723,26369024.0,-98.57502780851848,-2.677472191481513,ols
36737,26369024.0,-98.9935309446958,1.1304059446958092,ols
36757,26369024.0,-99.6332370671781,-1.0286379328218942,ols
36777,26369024.0,-100.13178940557765,2.0576914674333295,ols
52235,26369024.0,-100.68569611518649,1.9313644320181709,ols
52262,26369024.0,-100.2417749029454,1.5669011655716503,ols
52272,26369024.0,-99.92634106146346,0.648216061463458,ols
52299,26369024.0,-98.87763848774946,3.9538884877494667,ols
52346,26369024.0,-96.11170466507232,-2.97767033492768,ols
52394,26369024.0,-93.8634685497827,-2.274031450217308,ols
52400,26369024.0,-93.84654241560847,0.19341741560846515,ols
52403,26369024.0,-93.84654241560847,-0.07033258439153656,ols
52406,26369024.0,-93.84654241560847,1.1852924156084725,ols
52440,26369024.0,-93.84654241560847,2.830917415608468,ols
52462,26369024.0,-93.69164972554125,-2.885850274458747,ols
52468,26369024.0,-93.84199944669606,-3.9348755533039395,ols
52470,26369024.0,-94.06557291677976,-1.1681770832202432,ols
52497,26369024.0,-97.23519022704531,0.4401902270453064,ols
52502,26369024.0,-97.48376377605312,0.8412637760531254,ols
52505,26369024.0,-97.69916705204557,0.6054170520455671,ols
52524,26369024.0,-98.69064526734662,-1.9987297326533735,ols
52531,26369024.0,-98.94662451567714,0.8672495156771447,ols
52543,26369024.0,-99.47200842046792,0.3557584204679216,ols
71140,26369024.0,-100.92188924891366,0.02876424891366014,ols
71150,26369024.0,-100.5772313574123,1.2359813574122995,ols
71170,26369024.0,-99.93342776296907,-0.02407223703092143,ols
71178,26369024.0,-99.64630222777302,0.6000522277730198,ols
71250,26369024.0,-95.00795021807905,-0.2757997819209521,ols
71265,26369024.0,-94.19145880534091,2.2295838053409085,ols
71273,26369024.0,-93.8428271910318,0.6340771910318068,ols
71290,26369024.0,-93.73229444740886,-2.0770805525911413,ols
71297,26369024.0,-93.73229444740886,-1.981455552591143,ols
71300,26369024.0,-93.73229444740886,-2.162080552591135,ols
71308,26369024.0,-93.72922821839111,-2.0370217816088854,ols
71324,26369024.0,-93.72922821839111,-2.2207717816088888,ols
71333,26369024.0,-93.726186739204,-2.2431882607960034,ols
71373,26369024.0,-93.726186739204,-2.516313260796011,ols
71377,26369024.0,-93.726186739204,-2.7075632607960074,ols
71393,26369024.0,-93.71627305704347,-1.813726942956535,ols
71395,26369024.0,-93.71627305704347,-0.013306150877340883,ols
71431,26369024.0,-94.30520627696541,1.4108312769654106,ols
71441,26369024.0,-94.9626910277883,1.0189410277883013,ols
71471,26369024.0,-97.53219369464654,0.7634436946465399,ols
71524,26369024.0,-99.25745213867948,1.771827138679484,ols
71527,26369024.0,-99.37942205403769,-0.4662029459623085,ols
121252,26369024.0,-100.71488441545056,2.0136344154505537,ols
121279,26369024.0,-100.07048132510968,0.6067313251096778,ols
121287,26369024.0,-99.86060551129273,0.18373051129273676,ols
121330,26369024.0,-98.43406652311847,0.48219152311847324,ols
121350,26369024.0,-97.54356761681463,-1.036432383185371,ols
121387,26369024.0,-95.33886920359592,-0.14738079640407875,ols
121409,26369024.0,-94.0695961392488,1.4002211392487993,ols
121453,26369024.0,-93.81690311843059,-1.4399718815694058,ols
121480,26369024.0,-93.59716587209556,-1.6447091279044344,ols
121489,26369024.0,-93.80584819407957,-0.8904018059204333,ols
121511,26369024.0,-96.00729062957899,3.692915629578991,ols
121532,26369024.0,-97.40297757887417,1.51422757887417,ols
121545,26369024.0,-97.89683569939632,2.6005856993963192,ols
121561,26369024.0,-98.35413832006826,-3.2964866799317463,ols
121565,26369024.0,-98.44465395066857,-3.076596049331428,ols
121575,26369024.0,-98.74806487442348,-0.5863101255765173,ols
121598,26369024.0,-99.43543367074943,0.5223086707494389,ols
121602,26369024.0,-99.54302943447016,0.17865443447016105,ols
121629,26369024.0,-100.11510801972861,0.24135801972860804,ols
134076,26369024.0,-100.41719620253505,2.0365712025350575,ols
134086,26369024.0,-100.09176617945712,0.9630161794571279,ols
134094,26369024.0,-99.88483284550476,-0.8726671544952325,ols
134102,26369024.0,-99.67859525679138,-0.30202974320862097,ols
134161,26369024.0,-97.58840605998455,-1.381593940015449,ols
134179,26369024.0,-96.43663144159396,-2.388368558406043,ols
134224,26369024.0,-93.8893651225721,-1.2218848774278968,ols
134228,26369024.0,-93.83921921572122,-3.4282807842787832,ols
134274,26369024.0,-94.33368783206575,-1.1113121679342441,ols
134286,26369024.0,-95.31827734450628,3.196402344506282,ols
134331,26369024.0,-97.79225941501326,-0.13961558498674265,ols
134334,26369024.0,-97.91636606574976,1.5544910657497581,ols
134394,26369024.0,-98.322920533692,-4.814579466308004,ols
134408,26369024.0,-98.32945173899887,-4.234298261001129,ols
134412,26369024.0,-98.33108522782088,-5.272039772179127,ols
134415,26369024.0,-98.32831599677077,-4.576059003229233,ols
134422,26369024.0,-98.32341553030473,-4.109709469695275,ols
134441,26369024.0,-98.3212842948888,-3.755590705111203,ols
134448,26369024.0,-98.322920533692,-4.320204466307999,ols
134488,26369024.0,-98.32491977001119,-4.868830229988802,ols
134508,26369024.0,-98.32441377347374,-3.9955862265262567,ols
134512,26369024.0,-98.32441377347374,-3.4649612265262704,ols
134535,26369024.0,-98.32655875879557,-3.04781624120443,ols
134576,26369024.0,-98.32441377347374,-4.2849612265262635,ols
134580,26369024.0,-98.32441377347374,-4.58621122652626,ols
134585,26369024.0,-98.32441377347374,-4.348711226526262,ols
134586,26369024.0,-98.32441377347374,-4.10121122652626,ols
134604,26369024.0,-98.32278028465171,-4.06346971534829,ols
134610,26369024.0,-98.32113854588616,-3.355111454113839,ols
134640,26369024.0,-98.32000555363925,-3.359369446360745,ols
134643,26369024.0,-98.32000555363925,-3.936244446360746,ols
134665,26369024.0,-98.32113854588616,-3.468861454113849,ols
134705,26369024.0,-98.32227703809545,-4.207097961904552,ols
134716,26369024.0,-98.40331623354312,-4.130433766456875,ols
134721,26369024.0,-98.46163783444761,-4.26773716555239,ols
134750,26369024.0,-99.20140752219356,2.483282522193562,ols
134784,26369024.0,-99.96611678927762,1.0217417892776268,ols
149140,26369024.0,-100.80706378466587,0.6133137846658769,ols
149245,26369024.0,-96.57661373369322,-3.2902612663067714,ols
149252,26369024.0,-95.95765346924675,-1.6423465307532439,ols
149266,26369024.0,-94.68142020252839,2.232670202528382,ols
149311,26369024.0,-93.6450897941515,-0.06741020584850332,ols
149321,26369024.0,-93.70524838248546,-2.8147516175145313,ols
149348,26369024.0,-95.7634827979593,4.331607797959293,ols
149391,26369024.0,-98.19612165137848,-2.008878348621522,ols
149396,26369024.0,-98.30813388487724,-3.3562411151227707,ols
149400,26369024.0,-98.4164941433665,-3.257255856633492,ols
149409,26369024.0,-98.64820755774845,-1.8924174422515563,ols
149421,26369024.0,-99.02861795459492,1.0048679545949142,ols
149428,26369024.0,-99.28939867006893,1.8125236700689271,ols
165989,26369024.0,-100.8592006778924,0.03232567789240193,ols
165996,26369024.0,-100.63572620713126,0.5338512071312493,ols
165998,26369024.0,-100.52626870615042,0.03501870615042435,ols
166006,26369024.0,-100.32928755409513,1.1642875540951252,ols
166010,26369024.0,-100.23779293019409,1.9190429301940952,ols
166023,26369024.0,-99.95868084016192,0.09180584016192483,ols
166026,26369024.0,-99.89413878182411,-1.8458612181758838,ols
166036,26369024.0,-99.84114664445002,-2.1132283555499782,ols
166073,26369024.0,-99.1279362749583,4.142311274958303,ols
166074,26369024.0,-98.96551138643403,3.6011363864340353,ols
166082,26369024.0,-98.62107074344604,0.255445743446046,ols
166161,26369024.0,-94.31887368343916,1.0032486834391676,ols
166163,26369024.0,-94.23070653676815,0.8619565367681474,ols
166175,26369024.0,-94.10224116585843,0.600366165858432,ols
166191,26369024.0,-94.09586670947893,1.0577417094789325,ols
166200,26369024.0,-94.09586670947893,1.2064917094789251,ols
166231,26369024.0,-94.09586670947893,1.6852417094789303,ols
166240,26369024.0,-94.09586670947893,0.0552417094789206,ols
166244,26369024.0,-94.09586670947893,0.20649170947892515,ols
166255,26369024.0,-94.09586670947893,1.4227417094789274,ols
166282,26369024.0,-94.09586670947893,1.2708667094789234,ols
166301,26369024.0,-94.09586670947893,1.2108667094789212,ols
166304,26369024.0,-94.09586670947893,1.1783667094789223,ols
166318,26369024.0,-94.09586670947893,1.9083667094789263,ols
166331,26369024.0,-94.09586670947893,1.3571167094789303,ols
166357,26369024.0,-94.09586670947893,0.4696167094789274,ols
166358,26369024.0,-94.09586670947893,1.3958667094789234,ols
166383,26369024.0,-94.04415056337322,-3.035224436626777,ols
166389,26369024.0,-94.19562502683141,-0.10124997316859208,ols
166409,26369024.0,-95.92278095787982,3.324655957879827,ols
166447,26369024.0,-97.92845498302513,3.3022049830251348,ols
166473,26369024.0,-98.49627934739527,-3.6943456526047243,ols
166475,26369024.0,-98.58609923275657,-2.0945257672434394,ols
166481,26369024.0,-98.68000559015408,-1.0912444098459133,ols
166494,26369024.0,-99.10212495158554,3.8483749515855408,ols
166537,26369024.0,-100.02994385250815,3.7680688525081507,ols
7228,26369025.0,-96.9264180515839,1.5276680515838876,ols
7232,26369025.0,-96.56070666683598,-0.9574183331640143,ols
7259,26369025.0,-93.41411695365576,-0.6265080463442416,ols
7264,26369025.0,-91.706975889695,0.9532258896950054,ols
7287,26369025.0,-84.17572904382675,0.9801040438267421,ols
7303,26369025.0,-82.0485398182897,0.707289818289695,ols
7312,26369025.0,-87.32719810837825,3.2303231083782578,ols
7348,26369025.0,-95.65997040475571,0.9905954047557088,ols
7359,26369025.0,-96.76634333085828,3.593218330858278,ols
7365,26369025.0,-97.6781901159791,2.312565115979112,ols
21541,26369025.0,-96.479101514885,-1.8690234851149938,ols
21560,26369025.0,-93.73196270134483,-0.7455372986551794,ols
21570,26369025.0,-92.12136880304257,0.6157438030425766,ols
21581,26369025.0,-88.86929711193868,1.918672111938676,ols
21601,26369025.0,-82.2546404206391,0.2552654206391054,ols
21618,26369025.0,-80.72063634099304,0.43126134099303215,ols
21626,26369025.0,-80.7028946994495,0.6072696994495033,ols
21636,26369025.0,-80.721988161291,0.3332381612909927,ols
21640,26369025.0,-80.721988161291,-0.8217618387090084,ols
21655,26369025.0,-80.64482241919424,-0.26767758080575277,ols
21674,26369025.0,-84.01936582971798,1.923115829717986,ols
21684,26369025.0,-86.98378775907821,4.04816275907821,ols
21697,26369025.0,-89.49892541331769,-3.5016995866823066,ols
21748,26369025.0,-96.99944034448336,3.3581903444833614,ols
21756,26369025.0,-97.80567716869372,2.5359067605304375,ols
36791,26369025.0,-95.47888247738678,-3.3954925226132247,ols
36814,26369025.0,-91.85067678704837,1.016301787048377,ols
36819,26369025.0,-89.48518324011127,1.8614332401112677,ols
36840,26369025.0,-80.83055772877094,-0.14006727122905716,ols
36862,26369025.0,-88.68491362265993,-2.3644613773400636,ols
36895,26369025.0,-97.24472773760006,3.4834777376000545,ols
36903,26369025.0,-98.13080994769304,3.5720599476930346,ols
36909,26369025.0,-98.5041923127116,6.8284570185939515,ols
52568,26369025.0,-96.47794166906723,-1.8976833309327645,ols
52577,26369025.0,-95.31453632447707,-3.3167136755229194,ols
52587,26369025.0,-93.0582762567639,-0.31547374323609745,ols
52613,26369025.0,-87.52918725727709,0.6848122572770876,ols
52618,26369025.0,-86.24802956590491,0.6811545659049187,ols
52625,26369025.0,-85.9732740900802,1.0707740900801923,ols
52656,26369025.0,-86.20264359921507,1.5720185992150704,ols
52660,26369025.0,-86.20264359921507,1.705143599215063,ols
52668,26369025.0,-86.20264359921507,1.622643599215067,ols
52674,26369025.0,-86.20264359921507,0.6120185992150624,ols
52696,26369025.0,-84.31294280353728,1.6385678035372848,ols
52707,26369025.0,-81.1024735820763,-0.418776417923695,ols
52720,26369025.0,-82.54394596227434,0.7976959622743323,ols
52724,26369025.0,-84.08866861706392,1.2317936170639143,ols
52730,26369025.0,-86.79061343839444,2.5362384383944487,ols
52744,26369025.0,-89.73790164539837,-3.021473354601639,ols
52793,26369025.0,-96.91480359553285,3.8366785955328453,ols
52796,26369025.0,-97.32958845677746,3.0377134567774533,ols
71560,26369025.0,-96.8684577564421,0.7134577564420965,ols
71569,26369025.0,-95.80546306392412,-3.31703693607588,ols
71581,26369025.0,-93.73196270134483,-0.8330372986551708,ols
71597,26369025.0,-89.57421140529598,1.7085864052959892,ols
71605,26369025.0,-86.96724595803582,2.2166209580358185,ols
71617,26369025.0,-83.12230107957123,0.5648010795712253,ols
71663,26369025.0,-80.7183166493575,-2.3054333506425024,ols
71673,26369025.0,-80.71832464829419,-2.249800351705815,ols
71683,26369025.0,-80.71832464829419,-2.6410503517058146,ols
71718,26369025.0,-84.42967928536167,1.608429285361666,ols
71726,26369025.0,-87.2023667026395,1.8679917026395003,ols
121644,26369025.0,-95.60326594267177,-2.459859057328231,ols
121655,26369025.0,-93.6786737852208,0.023673785220793775,ols
121661,26369025.0,-92.87950002209382,0.7770000220938158,ols
121684,26369025.0,-85.23112474650414,2.188624746504132,ols
121697,26369025.0,-80.65107758767354,0.40545258767353687,ols
121724,26369025.0,-90.40226932875376,-3.39398067124624,ols
121726,26369025.0,-91.5064985398276,-3.775376460172396,ols
134799,26369025.0,-96.46495939484488,-2.0887906051551113,ols
134825,26369025.0,-92.21832391447148,1.105823914471486,ols
134851,26369025.0,-82.05628278899039,0.126907788990394,ols
134882,26369025.0,-89.67403813499095,-3.0015868650090454,ols
134935,26369025.0,-98.3895675501692,4.2557360284300785,ols
149471,26369025.0,-95.55349655868443,-2.77525344131557,ols
149491,26369025.0,-91.51142588481896,1.3776758848189559,ols
149512,26369025.0,-84.70784230820965,0.8390923082096435,ols
149531,26369025.0,-80.71370926183312,-0.058165738166877645,ols
149538,26369025.0,-81.08361208939837,-1.4007629106016282,ols
149550,26369025.0,-81.13401338938297,-1.2016116106170216,ols
149621,26369025.0,-84.89569733600503,2.586947336005025,ols
149632,26369025.0,-88.42733986281155,1.4460898628115473,ols
149645,26369025.0,-91.20059520459324,-3.2444047954067514,ols
149656,26369025.0,-93.35674857982787,-2.4426264201721324,ols
149667,26369025.0,-95.14625469472365,-0.32812030527634306,ols
149686,26369025.0,-97.53396128880522,3.292711288805222,ols
166553,26369025.0,-96.14971330157496,-3.497786698425031,ols
166570,26369025.0,-92.9216704162406,0.4110454162405972,ols
166574,26369025.0,-91.97361244479534,1.2373624447953375,ols
166590,26369025.0,-86.77878301105318,3.4262830110531723,ols
166619,26369025.0,-85.21431898055148,2.726818980551485,ols
166633,26369025.0,-89.69990669619555,-3.9413433038044445,ols
166635,26369025.0,-90.90265881028647,-5.073591189713525,ols
166654,26369025.0,-95.13344039817147,0.25969039817147177,ols
166670,26369025.0,-97.45264409857452,2.297644098574523,ols
166674,26369025.0,-97.94953804478058,2.730163044780582,ols
12992,26370049.0,-102.93917912404645,-1.815222284404257,ols
27533,26370049.0,-99.56826837041635,-0.5929816295836474,ols
27541,26370049.0,-98.24434369049223,-3.7231563095077718,ols
27562,26370049.0,-95.37474411514296,-1.1296308848570362,ols
27581,26370049.0,-92.45886421804859,-0.5992607819514149,ols
27609,26370049.0,-91.15690225342667,0.6837772534266691,ols
27614,26370049.0,-91.11159805236166,0.08909805236166335,ols
27618,26370049.0,-91.07545718418106,0.3910821841810588,ols
27623,26370049.0,-91.01424831678473,0.5354983167847251,ols
27644,26370049.0,-90.949110563651,-1.130889436348994,ols
27680,26370049.0,-90.93961779003706,-1.7016322099629377,ols
27699,26370049.0,-90.93961779003706,-1.8291322099629355,ols
27704,26370049.0,-90.93961779003706,-1.4710072099629343,ols
27715,26370049.0,-90.93961779003706,-0.4041322099629383,ols
27733,26370049.0,-90.93961779003706,-0.7491322099629372,ols
27806,26370049.0,-104.34249901978795,6.95249901978795,ols
64944,26370049.0,-102.69215348368513,0.7571534836851299,ols
64957,26370049.0,-102.5997941650852,-5.5421329182481145,ols
77475,26370049.0,-102.86135180207145,1.0532268020714497,ols
77481,26370049.0,-102.8255769791459,0.5180769791458886,ols
127307,26370049.0,-102.63943686620564,-2.5861881337943515,ols
127311,26370049.0,-102.5517751283787,-4.615136636327193,ols
156254,26370049.0,-102.8487110392642,5.358711039264207,ols
156258,26370049.0,-102.7314118372878,2.7557868372878005,ols
5802,26607105.0,-97.6782907227331,3.784540722733098,ols
5810,26607105.0,-97.68443713412441,3.852562134124412,ols
5816,26607105.0,-97.68443713412441,2.1663121341244107,ols
5865,26607105.0,-97.68443713412441,4.331978117730969,ols
5883,26607105.0,-97.65980668964235,5.484181689642355,ols
5891,26607105.0,-97.37983137892033,5.506081378920328,ols
5896,26607105.0,-96.96025816341385,3.4746331634138556,ols
5903,26607105.0,-96.69380764568768,3.804432645687683,ols
5917,26607105.0,-95.17759726481134,-0.04302773518865877,ols
5926,26607105.0,-94.07708947302594,1.0302144730259357,ols
5931,26607105.0,-93.38821652868188,-0.7411584713181156,ols
5932,26607105.0,-92.60546297419492,-0.6637201941219217,ols
5973,26607105.0,-93.1061894275683,-1.4850605724317063,ols
6003,26607105.0,-96.3144683374008,6.2950933374008,ols
6014,26607105.0,-96.91137806524296,-5.874871934757039,ols
6041,26607105.0,-98.41599896633122,-3.3221260336687806,ols
19687,26607105.0,-94.39134939481036,3.1107243948103616,ols
19702,26607105.0,-92.55995623446255,0.7443312344625497,ols
19705,26607105.0,-92.16685917881217,1.076859178812171,ols
19709,26607105.0,-91.83514559902446,1.2270205990244563,ols
19755,26607105.0,-91.36813033057786,0.4106303305778596,ols
19761,26607105.0,-91.36813033057786,1.03063033057785,ols
19792,26607105.0,-91.36813033057786,0.22875533057785447,ols
19804,26607105.0,-91.35195792159638,1.404457921596375,ols
19827,26607105.0,-91.15730214800794,-0.28332285199205387,ols
19839,26607105.0,-91.15924194110738,0.190491941107382,ols
19847,26607105.0,-91.15924194110738,0.2023669411073854,ols
19849,26607105.0,-91.15924194110738,0.20111694110738654,ols
19873,26607105.0,-91.15924194110738,0.5061169411073791,ols
19876,26607105.0,-91.15924194110738,0.4429919411073797,ols
19901,26607105.0,-90.42850888886223,-2.796491111137769,ols
19916,26607105.0,-89.23754312418099,-1.0343318758190065,ols
19956,26607105.0,-94.44328029921849,-0.21609470078151105,ols
19983,26607105.0,-96.54304585082517,-1.8600791491748367,ols
35391,26607105.0,-97.53738916946843,5.714889169468421,ols
35410,26607105.0,-96.7910392148107,5.3485392148107,ols
35429,26607105.0,-96.08800085295987,3.8236258529598643,ols
35445,26607105.0,-95.44983132270234,2.3110813227023357,ols
35452,26607105.0,-94.90922935344415,2.78047935344415,ols
35462,26607105.0,-94.13858494618071,3.0454599461807135,ols
35471,26607105.0,-92.57856122462877,0.5641862246287701,ols
35486,26607105.0,-90.25825060538824,-4.649874394611757,ols
35524,26607105.0,-91.40801928613772,-0.7938557138622855,ols
35545,26607105.0,-91.32290134412993,-0.3845986558700645,ols
35553,26607105.0,-91.32290134412993,0.06352634412992586,ols
35579,26607105.0,-91.32290134412993,-0.6289736558700696,ols
35613,26607105.0,-91.32290134412993,-0.3789736558700696,ols
35627,26607105.0,-91.32290134412993,-0.48397365587007357,ols
35652,26607105.0,-91.32175449185867,1.4592544918586725,ols
35663,26607105.0,-91.33924398899542,-0.8095060110045864,ols
35687,26607105.0,-91.35557767407755,0.2943276740775502,ols
35695,26607105.0,-91.35557767407755,0.2430776740775542,ols
35712,26607105.0,-91.35557767407755,-0.20067232592245432,ols
35716,26607105.0,-91.35557767407755,-1.1725473259224515,ols
35723,26607105.0,-91.65383094287283,-2.0342940571271697,ols
35745,26607105.0,-94.27963881576268,-0.5316111842373203,ols
35766,26607105.0,-96.13703774733972,2.190787747339712,ols
35821,26607105.0,-98.63263308852439,-3.2717419114756154,ols
35843,26607105.0,-99.75211322159416,-5.052053445072502,ols
51431,26607105.0,-97.35899988258686,6.055249882586864,ols
51444,26607105.0,-96.58047534585018,5.093600345850177,ols
51455,26607105.0,-95.39256038740615,1.7294353874061557,ols
51491,26607105.0,-89.30592867074671,1.498428670746705,ols
51550,26607105.0,-96.42624163493207,6.0537416349320665,ols
51567,26607105.0,-97.12824066191206,-4.672384338087937,ols
51579,26607105.0,-97.65011668392853,-1.0473833160714747,ols
51614,26607105.0,-98.49524377034047,-2.9085062296595368,ols
51628,26607105.0,-99.06852654943795,-3.5808484505620584,ols
51634,26607105.0,-99.20701344108461,-4.366736558915392,ols
51638,26607105.0,-99.34236888844373,-3.262006111556275,ols
51640,26607105.0,-99.46802985019733,-0.9638451498026797,ols
51650,26607105.0,-99.73816731877993,-4.0824576812200775,ols
70128,26607105.0,-96.29999380736777,4.626868807367771,ols
70133,26607105.0,-95.90647564189905,3.0652256418990476,ols
70139,26607105.0,-94.88685229447947,2.013727294479466,ols
70143,26607105.0,-94.20703321123003,2.6532832112300326,ols
70148,26607105.0,-93.44103893153525,1.2554139315352444,ols
70191,26607105.0,-91.4982622242327,-1.6348627757673029,ols
70195,26607105.0,-92.15665398555461,-1.4245960144453846,ols
70205,26607105.0,-93.44414349647268,-0.7446065035273222,ols
70211,26607105.0,-94.52147232868185,0.5058473286818526,ols
70221,26607105.0,-95.41917990379616,2.2579299037961675,ols
70241,26607105.0,-96.75414282689616,-5.110232173103839,ols
70252,26607105.0,-97.31926324334427,-2.426361756655737,ols
70254,26607105.0,-97.5039826171762,-1.2616423828237942,ols
70267,26607105.0,-98.22901276730684,-2.2222372326931605,ols
70277,26607105.0,-98.67917020334423,-3.6264547966557785,ols
70284,26607105.0,-99.12496870477247,-4.17128129522753,ols
120344,26607105.0,-97.13315958298176,5.303159582981763,ols
120386,26607105.0,-90.98130960317764,-0.059940396822369735,ols
120435,26607105.0,-95.55505501859069,4.400055018590692,ols
120490,26607105.0,-98.63864510316515,-2.9632298968348607,ols
120499,26607105.0,-98.96337901170821,-3.117245988291785,ols
120503,26607105.0,-99.1000560271143,-2.276193972885693,ols
120512,26607105.0,-99.3325892848962,-1.5099107151037998,ols
120523,26607105.0,-99.72766197277949,-2.871088027220509,ols
132876,26607105.0,-96.85801359549576,4.621763595495764,ols
132879,26607105.0,-96.51986241135725,5.182362411357246,ols
132882,26607105.0,-96.16069157543451,3.598816575434512,ols
132906,26607105.0,-92.94679936132118,-0.0019506386788208374,ols
132916,26607105.0,-91.53055328349545,0.2024282834954505,ols
132939,26607105.0,-89.58677756034724,-2.722597439652759,ols
132954,26607105.0,-91.07985826045591,-1.9707667395440893,ols
133026,26607105.0,-91.46267396469008,1.3657989646900859,ols
133039,26607105.0,-91.46355650335195,1.523556503351955,ols
133048,26607105.0,-91.46355650335195,1.7016815033519492,ols
133063,26607105.0,-91.46355650335195,0.9929315033519543,ols
133098,26607105.0,-91.46355650335195,1.194181503351956,ols
133115,26607105.0,-91.46355650335195,0.6648065033519543,ols
133123,26607105.0,-91.46355650335195,0.2966815033519481,ols
133175,26607105.0,-91.44728105686173,0.3616560568617331,ols
133207,26607105.0,-91.44728105686173,-1.1858439431382806,ols
133212,26607105.0,-91.44728105686173,-0.36334394313827545,ols
133231,26607105.0,-91.44728105686173,-0.2158439431382675,ols
133240,26607105.0,-91.44728105686173,-0.2508439431382783,ols
133311,26607105.0,-96.8170181066898,-6.906731893310194,ols
133332,26607105.0,-97.78055321021793,-2.4594467897820635,ols
147670,26607105.0,-97.13049852732111,5.6554985273211145,ols
147691,26607105.0,-95.79260127516768,1.719476275167679,ols
147738,26607105.0,-93.26957555719808,2.350200557198079,ols
147747,26607105.0,-93.07725380717733,0.5678788071773226,ols
147761,26607105.0,-93.02153291440402,-0.19596708559598142,ols
147769,26607105.0,-93.02153291440402,-1.1822170855959797,ols
147818,26607105.0,-93.02153291440402,-0.737842085595986,ols
147877,26607105.0,-91.91297027736968,0.8254702773696749,ols
147906,26607105.0,-90.03159944538824,-1.653400554611764,ols
147941,26607105.0,-89.40007807439069,3.5919530743906876,ols
147953,26607105.0,-90.51764081381944,-0.016734186180556776,ols
147956,26607105.0,-91.00624916018592,0.8237491601859119,ols
147964,26607105.0,-91.9795817868283,-0.7910432131716902,ols
147998,26607105.0,-95.76532321470003,5.116573214700026,ols
148006,26607105.0,-96.34754785760002,7.3156728576000205,ols
148011,26607105.0,-96.57739318037116,-1.6144818196288355,ols
148014,26607105.0,-96.75042003690623,-3.2739549630937717,ols
148021,26607105.0,-96.88602187830801,-4.925228121691987,ols
148034,26607105.0,-97.42702255792612,-2.9961024420738767,ols
148045,26607105.0,-97.79089280022603,-0.6616071997739681,ols
148056,26607105.0,-98.39186578982617,-1.018759210173826,ols
148077,26607105.0,-99.21964673563524,-3.5003532643647617,ols
164868,26607105.0,-97.76298755492255,5.806592206085341,ols
164885,26607105.0,-96.65333630420884,6.617711304208839,ols
164900,26607105.0,-95.18239522880556,1.768020228805554,ols
164943,26607105.0,-92.90583523175702,1.09771023175702,ols
164948,26607105.0,-92.90583523175702,0.9458352317570302,ols
164989,26607105.0,-91.94570932580089,0.7188343258008842,ols
165043,26607105.0,-90.52072745919014,-4.2455225408098585,ols
165046,26607105.0,-90.7395791277672,-4.464170872232799,ols
165089,26607105.0,-91.48355025994042,-3.6364497400595894,ols
165091,26607105.0,-91.50114279458592,-3.2832322054140803,ols
165117,26607105.0,-91.4982622242327,-3.826737775767299,ols
165145,26607105.0,-91.48071000861236,-3.6786649913876346,ols
165166,26607105.0,-91.46317123266707,-3.386828767332929,ols
165264,26607105.0,-96.0895643351578,4.525189335157805,ols
165270,26607105.0,-96.54299657201663,-2.810128427983372,ols
165274,26607105.0,-96.70756987294286,-6.179930127057148,ols
165281,26607105.0,-96.84603436513109,-6.308340634868912,ols
165330,26607105.0,-99.37579336030268,-1.9754566396973132,ols
165338,26607105.0,-99.60054504622839,-2.4732049537716136,ols
5786,26681600.0,-94.6268414918117,-1.9237835081882935,mean_fallback
19652,26681600.0,-94.6268414918117,0.632466491811698,mean_fallback
51298,26681600.0,-94.6268414918117,-2.671908508188295,mean_fallback
51311,26681600.0,-94.6268414918117,-1.345033508188294,mean_fallback
51316,26681600.0,-94.6268414918117,-0.7594085081883009,mean_fallback
51343,26681600.0,-94.6268414918117,-0.9644085081882992,mean_fallback
51408,26681600.0,-94.6268414918117,-3.2225335081882918,mean_fallback
69990,26681600.0,-94.6268414918117,0.565591491811702,mean_fallback
69997,26681600.0,-94.6268414918117,0.3487164918117003,mean_fallback
70009,26681600.0,-94.6268414918117,1.1230914918117065,mean_fallback
70031,26681600.0,-94.6268414918117,1.4112164918117003,mean_fallback
70086,26681600.0,-94.6268414918117,-0.8312835081882923,mean_fallback
70090,26681600.0,-94.6268414918117,-0.39815850818830256,mean_fallback
70097,26681600.0,-94.6268414918117,-0.8100335081882974,mean_fallback
70106,26681600.0,-94.6268414918117,-2.3099791603622037,mean_fallback
120259,26681600.0,-94.6268414918117,1.9105914918117008,mean_fallback
120329,26681600.0,-94.6268414918117,0.8137164918117037,mean_fallback
120337,26681600.0,-94.6268414918117,0.3809533339169633,mean_fallback
147665,26681600.0,-94.6268414918117,-2.654072486682921,mean_fallback
8838,26720002.0,-97.77596584650067,0.16971584650066518,ols
8849,26720002.0,-96.60693638922399,-0.28618861077600855,ols
8859,26720002.0,-95.59684509890201,-3.6375299010979916,ols
8886,26720002.0,-90.95895851948137,-0.9754164805186321,ols
8888,26720002.0,-90.44873136810055,2.4593563681005577,ols
8904,26720002.0,-92.2928032217792,-1.0065717782208026,ols
8917,26720002.0,-95.06571046911674,3.1094604691167405,ols
8934,26720002.0,-96.9440316756783,-1.421593324321691,ols
8950,26720002.0,-97.86887005140693,-1.3261299485930635,ols
9002,26720002.0,-99.46242011165806,0.27992011165805764,ols
9021,26720002.0,-99.44547436855396,0.1598493685539637,ols
9024,26720002.0,-99.44547436855396,0.052974368553961426,ols
9094,26720002.0,-99.44547436855396,0.8417243685539546,ols
9098,26720002.0,-99.46400278962793,-1.3128722103720776,ols
23356,26720002.0,-98.40866404664516,-0.01571095335484074,ols
23364,26720002.0,-98.40817513020224,1.7494251302022406,ols
23374,26720002.0,-98.40817513020224,2.036925130202235,ols
23393,26720002.0,-98.38243897187698,3.979938971876976,ols
23412,26720002.0,-98.38243897187698,2.5474389718769856,ols
23437,26720002.0,-97.5384381416283,-0.8059368583716946,ols
23451,26720002.0,-96.87634447040018,-0.6749055295998119,ols
23474,26720002.0,-94.6581154477436,-1.947509552256406,ols
23505,26720002.0,-91.35384675371427,-0.6267782462857383,ols
23529,26720002.0,-91.01187742395786,0.7937524239578551,ols
23547,26720002.0,-90.3942197049028,1.3717197049028016,ols
23589,26720002.0,-94.2827838712275,4.056533871227501,ols
23639,26720002.0,-99.06119108479429,0.19431608479429485,ols
23645,26720002.0,-99.69489231970311,-1.9369826802968788,ols
38647,26720002.0,-95.45339096609834,-2.4547340339016586,ols
38661,26720002.0,-93.6717492058425,-3.1888757941574966,ols
38724,26720002.0,-96.89875398076332,-2.1099960192366893,ols
38727,26720002.0,-97.56001599000089,-2.06310900999911,ols
38735,26720002.0,-98.6740851906425,1.9222101906425024,ols
38745,26720002.0,-99.54134231437195,-2.3692826856280504,ols
54463,26720002.0,-98.40845739124146,2.4323935614542194,ols
54466,26720002.0,-98.08640762625228,1.2607826262522792,ols
54471,26720002.0,-97.72889881821212,0.254523818212121,ols
54478,26720002.0,-96.82304249737047,0.25429249737047144,ols
54483,26720002.0,-96.27833413582454,-2.591665864175468,ols
54496,26720002.0,-94.02977717257978,-2.08584782742021,ols
54500,26720002.0,-93.1976565078565,-3.0885934921435023,ols
54510,26720002.0,-91.03169114083539,0.616066140835386,ols
54523,26720002.0,-90.27274161015204,1.590866610152034,ols
54548,26720002.0,-90.16737759651487,0.9198775965148656,ols
54577,26720002.0,-90.16737759651487,0.8905025965148639,ols
54581,26720002.0,-90.16737759651487,3.0392525965148707,ols
54585,26720002.0,-90.15939868178143,3.924398681781426,ols
54586,26720002.0,-90.1610519250111,3.411051925011094,ols
54593,26720002.0,-90.36905814940735,1.8440581494073456,ols
54621,26720002.0,-95.58274716806852,1.0689971680685204,ols
54625,26720002.0,-96.32228117155466,-1.4752188284453354,ols
54642,26720002.0,-99.11360595170076,1.4729809517007624,ols
54648,26720002.0,-99.49728943075212,-1.2445855692478744,ols
54655,26720002.0,-100.18119280763503,-1.8692104181714058,ols
73050,26720002.0,-90.3536850035217,0.0030600035217105415,ols
73067,26720002.0,-90.24988854672729,0.7823885467272902,ols
73088,26720002.0,-93.80512258724575,2.678872587245749,ols
73113,26720002.0,-97.90561943063716,-1.5243805693628474,ols
73125,26720002.0,-99.29761494738831,-0.9880100526116848,ols
73131,26720002.0,-99.99858503639214,-2.6982899636078628,ols
123127,26720002.0,-98.03428510113642,1.6036601011364127,ols
123147,26720002.0,-96.22276903410543,-1.5641059658945693,ols
123153,26720002.0,-95.83669137659648,-2.3270586234035164,ols
123158,26720002.0,-94.91668672116435,-2.244563278835642,ols
136680,26720002.0,-97.46071554833108,0.3825905483310805,ols
136695,26720002.0,-96.17947220684061,-2.224902793159387,ols
136740,26720002.0,-91.8501423066597,-3.1667326933402933,ols
136744,26720002.0,-91.85822202890714,-2.8455279710928636,ols
136796,26720002.0,-90.28907746779642,4.518452467796422,ols
136801,26720002.0,-90.16996330924907,4.634338309249074,ols
136836,26720002.0,-95.42791186693378,0.8910368669337885,ols
136857,26720002.0,-97.80180785271565,-1.4138171472843482,ols
136882,26720002.0,-100.01976469508443,-2.436279260959523,ols
151549,26720002.0,-98.11005202866195,1.7144270286619587,ols
151559,26720002.0,-97.51675444536599,0.5398794453659832,ols
151569,26720002.0,-96.97230314298076,0.09667814298076394,ols
151578,26720002.0,-96.00908734667074,-2.2202876533292653,ols
151592,26720002.0,-94.77873667862531,-2.4156383213746864,ols
151598,26720002.0,-93.70547435965261,-1.9407756403473826,ols
151602,26720002.0,-93.07300297641461,-2.408247023585389,ols
151670,26720002.0,-90.33573118527755,0.7488561852775462,ols
151685,26720002.0,-90.33573118527755,-0.03739381472244929,ols
151687,26720002.0,-90.33573118527755,2.3594811852775592,ols
151690,26720002.0,-90.29493438436006,3.9624343843600656,ols
151710,26720002.0,-92.32683079813131,-0.7969192018686897,ols
151737,26720002.0,-95.68946704276905,2.6107170427690534,ols
151741,26720002.0,-96.1093605808507,1.1356105808507095,ols
151752,26720002.0,-97.31793178549555,-1.0208182145044589,ols
151757,26720002.0,-97.7115800873062,-0.6796699126937966,ols
151776,26720002.0,-99.46895747894123,-0.7685425210587624,ols
151780,26720002.0,-99.75583550229436,-0.04228949770563872,ols
167776,26720002.0,-96.65063644654481,-1.3624885534551936,ols
167787,26720002.0,-95.96682379642448,-2.036301203575519,ols
167797,26720002.0,-95.12431491738307,-0.6800600826169187,ols
167799,26720002.0,-94.57966704034553,-2.510957959654476,ols
167827,26720002.0,-91.1525442289993,1.580669228999298,ols
167833,26720002.0,-90.79412311295741,1.8391231129574095,ols
167847,26720002.0,-90.24621915321754,-1.2731558467824584,ols
167912,26720002.0,-90.22085598269409,-1.3985190173059152,ols
167928,26720002.0,-90.22085598269409,-1.290394017305914,ols
167941,26720002.0,-90.22085598269409,-1.2878940173059163,ols
167967,26720002.0,-90.16711045660276,2.3077354566027566,ols
168012,26720002.0,-96.47181399745277,-2.831311002547224,ols
168019,26720002.0,-97.58347893888538,-1.6458960611146267,ols
168023,26720002.0,-98.06090836558491,0.16090836558490196,ols
168042,26720002.0,-99.88481367608702,-2.2436585461352223,ols
6088,26722816.0,-94.7975586010526,-2.2018163989474004,ols
6092,26722816.0,-94.41803662232513,-0.045088377674872504,ols
6100,26722816.0,-93.6728576859619,0.7516076859619005,ols
6104,26722816.0,-93.27831902081769,0.46581902081769044,ols
6123,26722816.0,-91.46514099343857,5.254515993438574,ols
6170,26722816.0,-80.91943812050752,-2.635561879492485,ols
6190,26722816.0,-83.69240373554226,-3.203846264457738,ols
6199,26722816.0,-83.77100006856142,-4.290249931438581,ols
6200,26722816.0,-83.77682273403148,-3.927552265968515,ols
6206,26722816.0,-83.76923718420915,-3.978262815790856,ols
6216,26722816.0,-83.74968460922182,-4.457930333306919,ols
6241,26722816.0,-83.75745030781007,-4.433174692189922,ols
6282,26722816.0,-83.75745030781007,-2.5862996921899253,ols
6288,26722816.0,-83.88688719612702,-0.42186280387298325,ols
6294,26722816.0,-84.17677872992243,-1.4038462700775654,ols
6308,26722816.0,-86.7150426723797,-1.207457327620304,ols
6321,26722816.0,-89.28186019423603,3.969985194236031,ols
6330,26722816.0,-90.78850222862519,4.450377228625186,ols
6333,26722816.0,-91.43923174056789,6.517356740567891,ols
6351,26722816.0,-93.81008600840508,-3.8717889915949257,ols
6353,26722816.0,-94.3637925421283,-4.4924574578717085,ols
20060,26722816.0,-94.93283102260861,-2.172793977391393,ols
20082,26722816.0,-93.1705707571412,1.0855707571412125,ols
20095,26722816.0,-91.97551531507239,5.598640315072387,ols
20098,26722816.0,-91.48188839478507,5.410638394785067,ols
20105,26722816.0,-90.24224613314988,4.867871133149876,ols
20147,26722816.0,-81.40837473899629,-3.210375261003719,ols
20161,26722816.0,-80.669288691252,-1.310086308747998,ols
20189,26722816.0,-80.65619573629998,-2.4563042637000194,ols
20201,26722816.0,-81.45655809999667,-5.469066900003327,ols
20256,26722816.0,-92.0321978374937,7.461572837493691,ols
20272,26722816.0,-93.5004617508564,-0.18016324914360382,ols
20278,26722816.0,-93.78105632155321,-1.8345686784467858,ols
35861,26722816.0,-94.62199076088994,-1.1448842391100555,ols
35867,26722816.0,-93.80057029323356,1.075570293233568,ols
35889,26722816.0,-91.4349146040702,5.372414604070201,ols
35919,26722816.0,-84.75205164448063,2.2733016444806253,ols
35962,26722816.0,-82.71943955243616,-3.37806044756384,ols
35963,26722816.0,-83.47112957991067,-0.06699542008932724,ols
35968,26722816.0,-84.18921542865573,0.5248404286557218,ols
36021,26722816.0,-93.24487568920067,-0.24824931079933776,ols
36046,26722816.0,-95.38020474724473,-9.092295252755264,ols
51671,26722816.0,-94.0827282978632,0.878978297863199,ols
51680,26722816.0,-93.2218295149313,1.631204514931298,ols
51710,26722816.0,-89.21935500634464,3.912480006344637,ols
51758,26722816.0,-80.95586034064681,-3.7435146593531954,ols
51768,26722816.0,-80.67473819142123,-2.3002618085787674,ols
51771,26722816.0,-80.66300921998263,-2.9394907800173797,ols
51785,26722816.0,-80.65676835202024,-0.21260664797976858,ols
51787,26722816.0,-80.63875347542776,-1.1924965245722348,ols
51793,26722816.0,-80.74531790435674,-3.4453070956432583,ols
51808,26722816.0,-83.40875950359373,-1.0481154964062682,ols
51838,26722816.0,-89.7286741709209,4.431799170920897,ols
51870,26722816.0,-94.64732096415587,-5.342054035844129,ols
51875,26722816.0,-95.63172459389818,-7.4557754061018215,ols
70330,26722816.0,-91.11091061467002,5.087160614670012,ols
70360,26722816.0,-86.31502877152828,2.6300287715282735,ols
70408,26722816.0,-85.43379891358487,3.925673913584859,ols
70429,26722816.0,-85.44631925281664,4.044444252816632,ols
70460,26722816.0,-85.42897993409638,3.476479934096375,ols
70462,26722816.0,-85.42897993409638,3.530854934096382,ols
70472,26722816.0,-85.44151957498164,4.034644574981641,ols
70498,26722816.0,-85.43679066987612,4.060540669876119,ols
70516,26722816.0,-85.43679066987612,4.048665669876115,ols
70526,26722816.0,-85.43679066987612,2.829915669876115,ols
70544,26722816.0,-83.55368275189569,2.1555577518956994,ols
70546,26722816.0,-82.69845222120591,-0.8202977787940853,ols
70557,26722816.0,-81.03328570668747,0.1889107066874658,ols
70569,26722816.0,-81.8323419918312,-5.4801580081688,ols
70572,26722816.0,-82.7935450340762,-4.137079965923803,ols
70587,26722816.0,-84.20528727213002,-0.0203377278699719,ols
70629,26722816.0,-84.29882951883644,0.4572891147960405,ols
70645,26722816.0,-84.29882951883644,0.6238295188364447,ols
70672,26722816.0,-84.29882951883644,0.7744545188364356,ols
70699,26722816.0,-84.29882951883644,0.5313295188364435,ols
70708,26722816.0,-84.29882951883644,0.46695451883644523,ols
70710,26722816.0,-84.29882951883644,0.5494545188364413,ols
70719,26722816.0,-84.29882951883644,0.4882045188364401,ols
70739,26722816.0,-84.29882951883644,0.36007951883644296,ols
70743,26722816.0,-84.29882951883644,0.5582045188364475,ols
70770,26722816.0,-84.29882951883644,0.5219545188364378,ols
70778,26722816.0,-84.29882951883644,0.11320451883644012,ols
70787,26722816.0,-84.29882951883644,-1.253670481163553,ols
70800,26722816.0,-84.29882951883644,-0.8792954811635525,ols
70812,26722816.0,-84.34032163995961,-0.47780336004038304,ols
70815,26722816.0,-84.74251019377112,2.6568851937711315,ols
70871,26722816.0,-93.1995489729171,-1.291701027082894,ols
70876,26722816.0,-93.6215989281718,-3.889026071828198,ols
70884,26722816.0,-94.44355984212598,-5.4951901578740205,ols
120530,26722816.0,-95.59237495631263,-3.610750043687375,ols
120537,26722816.0,-95.36461544510775,-2.9910095548922584,ols
120573,26722816.0,-95.09262941186836,-3.8042455881316357,ols
120612,26722816.0,-90.66435399336505,5.369978993365052,ols
120614,26722816.0,-89.92917331351063,5.726048313510631,ols
120656,26722816.0,-81.05424086849521,-4.635759131504784,ols
120659,26722816.0,-81.79174418065315,-4.99575581934684,ols
120669,26722816.0,-83.1983972160696,-3.1359777839304,ols
120681,26722816.0,-83.92064578808441,-0.28935421191557964,ols
120684,26722816.0,-83.94319655324749,-0.054303446752513196,ols
120698,26722816.0,-83.9798246576907,0.032324657690693925,ols
120702,26722816.0,-83.9798246576907,-0.09080034230930778,ols
120761,26722816.0,-83.9798246576907,-0.5026753423093027,ols
120807,26722816.0,-83.9798246576907,1.9548246576906934,ols
120842,26722816.0,-88.3970595303966,5.1670595303966,ols
120894,26722816.0,-95.0374781539574,-7.241896846042607,ols
120901,26722816.0,-95.43123831907742,-8.023136680922576,ols
133399,26722816.0,-94.51157886903157,-1.594671130968436,ols
133412,26722816.0,-93.45496131969142,1.426836319691418,ols
133435,26722816.0,-90.98707763975025,4.727702639750248,ols
133447,26722816.0,-89.30962240584194,5.095872405841931,ols
133485,26722816.0,-82.1012011572049,-2.9900488427951046,ols
133496,26722816.0,-80.72368075079228,-1.8438192492077121,ols
133526,26722816.0,-87.68704820669568,1.8195482066956714,ols
133549,26722816.0,-91.15178508288145,5.961785082881448,ols
133566,26722816.0,-93.17138142658786,0.28763142658785057,ols
133635,26722816.0,-96.32695728490879,-6.44241771509121,ols
148104,26722816.0,-95.32777502247615,-2.8040999775238475,ols
148121,26722816.0,-94.17092398655237,-0.22407601344762895,ols
148124,26722816.0,-93.84441721608275,1.2169172160827486,ols
148130,26722816.0,-93.17741641024634,1.6649164102463345,ols
148138,26722816.0,-92.4231399612039,3.8237649612039064,ols
148153,26722816.0,-91.12375264812667,5.577502648126668,ols
148159,26722816.0,-89.95227739274048,5.356652392740486,ols
148184,26722816.0,-85.19108705480824,3.0973370548082357,ols
148197,26722816.0,-82.45274860613804,1.545873606138045,ols
148222,26722816.0,-82.38451082715954,-5.086739172840453,ols
148228,26722816.0,-83.07114784848174,-4.518227151518261,ols
148231,26722816.0,-83.65967456510441,-2.9490754348955903,ols
148245,26722816.0,-84.68086714640236,-1.2060078535976402,ols
148249,26722816.0,-84.76560140523196,-1.0100235947680432,ols
148252,26722816.0,-84.81090881986205,-1.5415911801379565,ols
148271,26722816.0,-85.13838067300625,2.727755673006257,ols
148284,26722816.0,-86.63925151300134,0.5648765130013373,ols
148288,26722816.0,-87.1559953802875,0.21349538028749748,ols
148311,26722816.0,-90.69698665553543,4.140111655535421,ols
148315,26722816.0,-91.2603633176581,6.299113317658097,ols
148318,26722816.0,-91.79415054497764,7.346650544977635,ols
148322,26722816.0,-92.29575548204161,8.473255482041608,ols
165363,26722816.0,-94.47387630587731,-1.295498694122685,ols
165375,26722816.0,-93.30692407129274,0.353799071292741,ols
165454,26722816.0,-80.66468846383643,-1.7959365361635662,ols
165504,26722816.0,-81.42860930574034,-6.145140694259666,ols
165513,26722816.0,-81.44002301683857,-6.229351983161436,ols
165517,26722816.0,-81.44002301683857,-6.182476983161436,ols
165520,26722816.0,-81.44002301683857,-6.139351983161433,ols
165590,26722816.0,-81.44002301683857,-5.31872698316144,ols
165633,26722816.0,-87.30925694289797,0.791756942897976,ols
9199,26795520.0,-83.66732479007928,1.1479497900792808,ols
9209,26795520.0,-82.58589795844223,-1.8303520415577736,ols
9214,26795520.0,-82.43765038149135,-0.5779746185086481,ols
9227,26795520.0,-82.36220639600808,-2.4046686039919223,ols
9228,26795520.0,-82.38532257281736,-1.6384274271826484,ols
9232,26795520.0,-82.39132346830749,-0.11617653169250275,ols
9270,26795520.0,-88.42692959272159,3.700679592721599,ols
9282,26795520.0,-91.29956917456906,-2.1523058254309433,ols
9293,26795520.0,-93.46320113580371,0.20507613580370787,ols
9299,26795520.0,-94.08010773981519,-0.4661422601848102,ols
23660,26795520.0,-91.091436297533,0.9639362975329959,ols
23689,26795520.0,-86.70542178976207,-1.0852032102379354,ols
23710,26795520.0,-83.70143897171413,-0.3473110282858727,ols
23733,26795520.0,-82.34243617304784,-0.8456888269521556,ols
23737,26795520.0,-82.34069045799617,-1.1511845420038185,ols
23755,26795520.0,-82.32086931834694,-1.3897556816530567,ols
23787,26795520.0,-82.32086931834694,-0.652880681653059,ols
23794,26795520.0,-82.32086931834694,-0.929755681653063,ols
23819,26795520.0,-82.32086931834694,-1.6109488634712505,ols
23824,26795520.0,-82.3208984135978,-1.114726586402199,ols
23855,26795520.0,-82.32086931834694,-0.9416306816530664,ols
23871,26795520.0,-82.32086931834694,-0.7385056816530664,ols
23872,26795520.0,-82.32513904641084,0.722014046410834,ols
23910,26795520.0,-88.89964740727734,1.0121474072773395,ols
23913,26795520.0,-89.64223094738406,-0.8633940526159307,ols
23916,26795520.0,-90.40788702142378,-2.170862978576224,ols
38757,26795520.0,-92.19347711440525,-2.266522885594739,ols
38779,26795520.0,-87.34380796272188,0.8888079627218843,ols
38806,26795520.0,-86.02352366913924,-0.6652263308607615,ols
38817,26795520.0,-85.88743063323565,-2.481319366764353,ols
38844,26795520.0,-85.88743063323565,-1.6013193667643435,ols
38859,26795520.0,-85.51141088491734,0.6970358849173408,ols
38864,26795520.0,-85.14750930858274,-0.07686569141725386,ols
38878,26795520.0,-84.24094493462191,0.9965699346219026,ols
38894,26795520.0,-83.19612720238104,0.24925220238102952,ols
38903,26795520.0,-83.12778245810793,-1.2384675418920637,ols
38936,26795520.0,-82.71330606196372,0.7751810619637212,ols
38942,26795520.0,-83.60434084577736,2.9143408457773603,ols
38968,26795520.0,-91.59815918653283,-1.756215813467179,ols
38971,26795520.0,-92.24797979308111,-0.5726452069188923,ols
38980,26795520.0,-93.37397327522493,1.0408482752249313,ols
38987,26795520.0,-94.42314074746955,-0.7949842525304547,ols
54662,26795520.0,-91.52770503657227,-2.6822949634277222,ols
54669,26795520.0,-90.7325827472228,0.6382077472228076,ols
54779,26795520.0,-83.77320968177617,1.083209681776168,ols
54834,26795520.0,-82.51809147631005,-1.4125335236899588,ols
54882,26795520.0,-82.50414757733478,-1.9521024226652202,ols
54887,26795520.0,-82.50414757733478,-2.3214774226652253,ols
54899,26795520.0,-82.50414757733478,-1.453352422665219,ols
54948,26795520.0,-84.27593197378258,3.3603069737825706,ols
54967,26795520.0,-90.084078700776,-0.6496712992239964,ols
54991,26795520.0,-94.42303164027882,-0.3775933597211747,ols
73155,26795520.0,-88.48589111859195,0.6765161185919482,ols
73197,26795520.0,-84.47095016649294,1.6259501664929417,ols
73199,26795520.0,-84.65051150718327,1.8892615071832637,ols
73223,26795520.0,-83.3241826752342,0.6116826752341922,ols
73227,26795520.0,-82.6829015248137,2.8022765248137063,ols
73255,26795520.0,-86.67845776602638,7.011582766026379,ols
73282,26795520.0,-91.10719137587435,-3.2634336241256534,ols
73296,26795520.0,-92.6312951755529,-0.2987048244470998,ols
73299,26795520.0,-93.1267363810313,0.6179863810312867,ols
123348,26795520.0,-82.85123937248429,2.4218643724842934,ols
123374,26795520.0,-82.47540146948384,-2.5389735305161594,ols
123399,26795520.0,-82.52167019216598,-2.5720798078340152,ols
123444,26795520.0,-86.99083165308568,5.843331653085684,ols
136949,26795520.0,-83.53961846023645,2.647118460236456,ols
136973,26795520.0,-82.21315869965852,1.3244086996585196,ols
136977,26795520.0,-82.23801331770676,-1.1682366822932408,ols
136991,26795520.0,-82.31881082934851,-0.3380641706514922,ols
137003,26795520.0,-82.31881082934851,-0.07681417065148821,ols
137014,26795520.0,-82.31881082934851,0.13568582934850326,ols
137063,26795520.0,-82.31881082934851,-0.15743917065148594,ols
137118,26795520.0,-87.24713899173531,5.407763991735308,ols
137136,26795520.0,-92.10364552737107,-0.5932294726289342,ols
137149,26795520.0,-94.52264650541508,-0.7592284945849173,ols
151786,26795520.0,-92.71516950997322,-5.393654019438543,ols
151800,26795520.0,-90.72272673099356,1.9427267309935559,ols
151816,26795520.0,-87.72835989335526,0.0014848933552542576,ols
151850,26795520.0,-86.01781372615773,-1.2021862738422726,ols
151876,26795520.0,-85.96184173731335,-0.3950332626866526,ols
151884,26795520.0,-85.65773817531138,-0.43288682468862305,ols
151903,26795520.0,-83.54710321352053,2.5577282135205337,ols
151917,26795520.0,-82.23078314786773,1.7320331478677247,ols
151927,26795520.0,-82.366628874139,1.9185038741389917,ols
151951,26795520.0,-82.40238693744749,0.9905119374474936,ols
151954,26795520.0,-82.40238693744749,0.9386369374474839,ols
151962,26795520.0,-82.40238693744749,0.9592619374474936,ols
151982,26795520.0,-82.48354086591229,0.8191658659122822,ols
152000,26795520.0,-84.9733014940509,3.613926494050901,ols
152003,26795520.0,-86.16315905183518,5.190034051835184,ols
152027,26795520.0,-92.3471800508926,0.0671800508926026,ols
152040,26795520.0,-94.49379856418614,-0.6212014358138589,ols
168050,26795520.0,-92.46534313845294,-2.189656861547064,ols
168055,26795520.0,-91.81433690043207,-1.1487880995679376,ols
168081,26795520.0,-87.71856934144044,2.196069341440449,ols
168086,26795520.0,-87.10410673850132,-0.8383932614986804,ols
168106,26795520.0,-85.89801403073645,-1.906985969263559,ols
168138,26795520.0,-82.21550814116557,0.08425814116557717,ols
168183,26795520.0,-92.79884745145023,-0.47990254854977366,ols
168192,26795520.0,-93.56905693224972,0.16093193224972424,ols
11815,26917120.0,-111.01503202098276,2.9398005395012774,ols
11852,26917120.0,-106.32732175127114,1.2148217512711454,ols
11892,26917120.0,-101.92334039364208,-2.048953420790923,ols
26324,26917120.0,-107.88121703343579,1.0938458994151716,ols
41615,26917120.0,-99.49212126715523,-8.103503732844771,ols
63394,26917120.0,-104.61575723955563,0.7960733315096746,ols
75568,26917120.0,-104.99453727305392,-0.15108772694607353,ols
125843,26917120.0,-104.59241124870422,-3.475713751295771,ols
154647,26917120.0,-104.42282053917158,3.361740993717021,ols
171824,26917120.0,-95.9356022667878,-2.821272733212197,ols
171846,26917120.0,-94.35950517847188,-6.126744821528121,ols
171850,26917120.0,-94.2837289462851,-4.7693960537149,ols
171871,26917120.0,-93.75165994587591,-2.1020900541240906,ols
171880,26917120.0,-92.82869295582603,-1.8069320441739762,ols
171912,26917120.0,-90.49356222930881,0.9791872293088062,ols
171942,26917120.0,-89.79281844499816,4.865318444998167,ols
171948,26917120.0,-89.7672187570101,4.6409687570101,ols
171978,26917120.0,-90.44553825481111,0.2299132548111089,ols
172001,26917120.0,-91.58030943537622,3.9121844353762185,ols
172013,26917120.0,-98.82064665206795,11.995646652067947,ols
11539,26947072.0,-99.05212966182133,0.3021296618213256,ols
11558,26947072.0,-99.05212966182133,2.8284454512950106,ols
11591,26947072.0,-99.05212966182133,-1.0750633206348112,ols
11593,26947072.0,-99.05212966182133,-0.11736186360239742,ols
11646,26947072.0,-99.05212966182133,6.968796328488011,ols
11687,26947072.0,-99.05212966182133,-0.8242907927241134,ols
11710,26947072.0,-99.05212966182133,-1.5710046665368793,ols
11716,26947072.0,-99.05212966182133,-2.307824041882398,ols
11724,26947072.0,-99.05212966182133,-4.567435555569972,ols
11753,26947072.0,-99.05212966182133,-3.6702540591089132,ols
11768,26947072.0,-99.05212966182133,-0.8939487695512298,ols
11774,26947072.0,-99.05212966182133,-0.6068377294830185,ols
11779,26947072.0,-99.05212966182133,0.09219376438542781,ols
11783,26947072.0,-99.05212966182133,6.435353346031846,ols
11792,26947072.0,-99.05212966182133,2.1128935507102113,ols
11803,26947072.0,-99.05212966182133,-7.683981449289789,ols
25868,26947072.0,-99.05212966182133,3.1927546618213256,ols
25873,26947072.0,-99.05212966182133,3.182129661821321,ols
25876,26947072.0,-99.05212966182133,2.9058796618213307,ols
25909,26947072.0,-99.05212966182133,2.8290046618213296,ols
25979,26947072.0,-99.05212966182133,2.607754661821332,ols
25990,26947072.0,-99.05212966182133,0.5827546618213262,ols
25994,26947072.0,-99.05212966182133,-1.1066203381786721,ols
25998,26947072.0,-99.05212966182133,-0.8616203381786676,ols
26022,26947072.0,-99.05212966182133,0.9108796618213262,ols
26042,26947072.0,-99.05212966182133,6.692129661821326,ols
26054,26947072.0,-99.05212966182133,5.804629661821323,ols
26094,26947072.0,-99.05212966182133,2.0146296618213313,ols
26099,26947072.0,-99.05212966182133,-1.2403703381786784,ols
26111,26947072.0,-99.05212966182133,-0.6959953381786761,ols
26116,26947072.0,-99.05212966182133,0.41650466182132106,ols
41209,26947072.0,-99.05212966182133,-0.7141203381786738,ols
41213,26947072.0,-99.05212966182133,-0.7109953381786767,ols
41234,26947072.0,-99.05212966182133,-0.06162033817867041,ols
41257,26947072.0,-99.05212966182133,0.19150466182132675,ols
41329,26947072.0,-99.05212966182133,7.807129661821321,ols
41376,26947072.0,-99.05212966182133,3.255879661821325,ols
41389,26947072.0,-99.05212966182133,-0.9809953381786727,ols
41420,26947072.0,-99.05212966182133,-1.9484953381786738,ols
41462,26947072.0,-99.05212966182133,-6.103495338178675,ols
41464,26947072.0,-99.05212966182133,-5.205370338178668,ols
41487,26947072.0,-99.05212966182133,-0.619120338178675,ols
41515,26947072.0,-99.05212966182133,-0.6353703381786744,ols
57332,26947072.0,-99.05212966182133,-8.684120338178673,ols
57716,26947072.0,-99.05212966182133,0.6246296618213307,ols
57722,26947072.0,-99.05212966182133,-0.013495338178671545,ols
57753,26947072.0,-99.05212966182133,-0.7197453381786687,ols
57755,26947072.0,-99.05212966182133,-0.7341203381786698,ols
57758,26947072.0,-99.05212966182133,-0.16537033817867552,ols
57778,26947072.0,-99.05212966182133,-0.8884953381786715,ols
57783,26947072.0,-99.05212966182133,-0.5191203381786806,ols
57791,26947072.0,-99.05212966182133,-1.6066203381786721,ols
57814,26947072.0,-99.05212966182133,2.2408796618213245,ols
57817,26947072.0,-99.05212966182133,1.079629661821329,ols
57827,26947072.0,-99.05212966182133,-1.1678703381786733,ols
57831,26947072.0,-99.05212966182133,0.3933796618213279,ols
57833,26947072.0,-99.05212966182133,0.045254661821331865,ols
57853,26947072.0,-99.05212966182133,4.822016025457685,ols
57859,26947072.0,-99.05212966182133,7.883379661821323,ols
57869,26947072.0,-99.05212966182133,7.045879661821331,ols
57900,26947072.0,-99.05212966182133,3.200254661821319,ols
57905,26947072.0,-99.05212966182133,6.685254661821332,ols
57910,26947072.0,-99.05212966182133,4.673379661821329,ols
57956,26947072.0,-99.05212966182133,-3.758495338178676,ols
57963,26947072.0,-99.05212966182133,-1.3509953381786772,ols
57965,26947072.0,-99.05212966182133,-2.8447453381786687,ols
57986,26947072.0,-99.05212966182133,2.4427546618213256,ols
58014,26947072.0,-99.05212966182133,2.255879661821325,ols
58019,26947072.0,-99.05212966182133,2.107754661821332,ols
58029,26947072.0,-99.05212966182133,2.285879661821326,ols
58054,26947072.0,-99.05212966182133,2.2677546618213285,ols
58060,26947072.0,-99.05212966182133,2.6090046618213307,ols
58082,26947072.0,-99.05212966182133,2.4765046618213233,ols
58086,26947072.0,-99.05212966182133,2.4565046618213273,ols
58211,26947072.0,-99.05212966182133,1.7521296618213285,ols
58235,26947072.0,-99.05212966182133,2.5815046618213273,ols
58237,26947072.0,-99.05212966182133,2.4058796618213307,ols
58241,26947072.0,-99.05212966182133,2.1596296618213273,ols
58257,26947072.0,-99.05212966182133,2.4527546618213307,ols
58289,26947072.0,-99.05212966182133,2.4271296618213256,ols
58313,26947072.0,-99.05212966182133,2.662129661821325,ols
58341,26947072.0,-99.05212966182133,1.869629661821321,ols
58393,26947072.0,-99.05212966182133,2.3121296618213307,ols
58405,26947072.0,-99.05212966182133,2.4940046618213216,ols
58425,26947072.0,-99.05212966182133,1.7021296618213313,ols
58452,26947072.0,-99.05212966182133,1.4652546618213194,ols
58465,26947072.0,-99.05212966182133,1.673379661821329,ols
58486,26947072.0,-99.05212966182133,1.8402546618213194,ols
58502,26947072.0,-99.05212966182133,1.9002546618213216,ols
58531,26947072.0,-99.05212966182133,2.0290046618213324,ols
58561,26947072.0,-99.05212966182133,1.9221296618213302,ols
58572,26947072.0,-99.05212966182133,2.072754661821321,ols
58604,26947072.0,-99.05212966182133,1.6483796618213233,ols
58701,26947072.0,-99.05212966182133,1.9552546618213285,ols
58735,26947072.0,-99.05212966182133,2.0933796618213307,ols
58794,26947072.0,-99.05212966182133,2.4665046618213324,ols
58802,26947072.0,-99.05212966182133,1.9283796618213245,ols
58836,26947072.0,-99.05212966182133,2.01587966182133,ols
58857,26947072.0,-99.05212966182133,1.8252546618213188,ols
58875,26947072.0,-99.05212966182133,2.0308796618213307,ols
58886,26947072.0,-99.05212966182133,2.0821296618213267,ols
58899,26947072.0,-99.05212966182133,2.232754661821332,ols
58906,26947072.0,-99.05212966182133,2.3546296618213205,ols
58915,26947072.0,-99.05212966182133,2.107754661821332,ols
58927,26947072.0,-99.05212966182133,2.205879661821328,ols
58938,26947072.0,-99.05212966182133,2.0346296618213273,ols
58972,26947072.0,-99.05212966182133,2.1177546618213228,ols
58984,26947072.0,-99.05212966182133,2.2440046618213216,ols
59101,26947072.0,-99.05212966182133,2.032754661821329,ols
59125,26947072.0,-99.05212966182133,2.0602546618213324,ols
59130,26947072.0,-99.05212966182133,2.0021296618213285,ols
59132,26947072.0,-99.05212966182133,2.0621296618213307,ols
59162,26947072.0,-99.05212966182133,1.9990046618213313,ols
59165,26947072.0,-99.05212966182133,1.869629661821321,ols
59368,26947072.0,-99.05212966182133,1.96462966182132,ols
59386,26947072.0,-99.05212966182133,1.7340046618213307,ols
59391,26947072.0,-99.05212966182133,1.8346296618213245,ols
59413,26947072.0,-99.05212966182133,1.444629661821324,ols
59418,26947072.0,-99.05212966182133,1.5033796618213273,ols
59436,26947072.0,-99.05212966182133,2.0858796618213233,ols
59455,26947072.0,-99.05212966182133,1.66775466182132,ols
59483,26947072.0,-99.05212966182133,1.5671296618213262,ols
59488,26947072.0,-99.05212966182133,1.709004661821325,ols
59507,26947072.0,-99.05212966182133,1.8477546618213267,ols
60235,26947072.0,-99.05212966182133,1.5865046618213228,ols
60242,26947072.0,-99.05212966182133,1.8121296618213307,ols
60274,26947072.0,-99.05212966182133,1.5877546618213216,ols
60291,26947072.0,-99.05212966182133,1.615254661821325,ols
60332,26947072.0,-99.05212966182133,1.5790046618213296,ols
60370,26947072.0,-99.05212966182133,1.69900466182132,ols
60394,26947072.0,-99.05212966182133,1.7058796618213279,ols
60411,26947072.0,-99.05212966182133,1.954629661821329,ols
60469,26947072.0,-99.05212966182133,1.7633796618213324,ols
60580,26947072.0,-99.05212966182133,2.014004661821332,ols
60584,26947072.0,-99.05212966182133,2.06275466182133,ols
60606,26947072.0,-99.05212966182133,2.009004661821322,ols
60647,26947072.0,-99.05212966182133,1.6721296618213302,ols
60653,26947072.0,-99.05212966182133,1.5977546618213267,ols
60679,26947072.0,-99.05212966182133,1.8277546618213307,ols
60687,26947072.0,-99.05212966182133,1.4927546618213228,ols
60694,26947072.0,-99.05212966182133,1.4840046618213307,ols
60723,26947072.0,-99.05212966182133,1.9483796618213205,ols
60797,26947072.0,-99.05212966182133,1.9065046618213302,ols
60819,26947072.0,-99.05212966182133,1.52712966182132,ols
60839,26947072.0,-99.05212966182133,1.9421296618213262,ols
60868,26947072.0,-99.05212966182133,2.1171296618213233,ols
60890,26947072.0,-99.05212966182133,2.2521296618213285,ols
60901,26947072.0,-99.05212966182133,1.7965046618213307,ols
60909,26947072.0,-99.05212966182133,1.6502546618213216,ols
60931,26947072.0,-99.05212966182133,2.6971296618213216,ols
60943,26947072.0,-99.05212966182133,2.8727546618213324,ols
60950,26947072.0,-99.05212966182133,2.829629661821329,ols
60959,26947072.0,-99.05212966182133,2.525879661821321,ols
60973,26947072.0,-99.05212966182133,2.4908796618213245,ols
60976,26947072.0,-99.05212966182133,2.2765046618213205,ols
61006,26947072.0,-99.05212966182133,1.802754661821325,ols
61013,26947072.0,-99.05212966182133,2.0408796618213216,ols
61023,26947072.0,-99.05212966182133,2.235879661821329,ols
61051,26947072.0,-99.05212966182133,2.0133796618213324,ols
61058,26947072.0,-99.05212966182133,2.028379661821319,ols
61102,26947072.0,-99.05212966182133,1.8258796618213324,ols
61107,26947072.0,-99.05212966182133,1.8558796618213194,ols
61111,26947072.0,-99.05212966182133,1.9265046618213262,ols
61119,26947072.0,-99.05212966182133,2.127754661821328,ols
61123,26947072.0,-99.05212966182133,2.1483796618213233,ols
61129,26947072.0,-99.05212966182133,1.970254661821329,ols
61141,26947072.0,-99.05212966182133,1.9521296618213313,ols
61155,26947072.0,-99.05212966182133,1.8308796618213279,ols
61179,26947072.0,-99.05212966182133,1.87087966182132,ols
61193,26947072.0,-99.05212966182133,1.7496296618213307,ols
61211,26947072.0,-99.05212966182133,2.1727546618213296,ols
61213,26947072.0,-99.05212966182133,1.9871296618213279,ols
61277,26947072.0,-99.05212966182133,1.88650466182132,ols
61307,26947072.0,-99.05212966182133,2.0677546618213256,ols
61314,26947072.0,-99.05212966182133,1.9921296618213233,ols
61336,26947072.0,-99.05212966182133,2.1471296618213245,ols
61349,26947072.0,-99.05212966182133,2.1852546618213324,ols
61361,26947072.0,-99.05212966182133,2.1402546618213307,ols
61375,26947072.0,-99.05212966182133,1.9552546618213285,ols
61401,26947072.0,-99.05212966182133,1.9421296618213262,ols
61413,26947072.0,-99.05212966182133,1.7740046618213228,ols
61452,26947072.0,-99.05212966182133,1.6121296618213279,ols
61465,26947072.0,-99.05212966182133,1.8146296618213285,ols
61482,26947072.0,-99.05212966182133,1.892129661821329,ols
61526,26947072.0,-99.05212966182133,1.8583796618213313,ols
61564,26947072.0,-99.05212966182133,1.704629661821329,ols
61606,26947072.0,-99.05212966182133,1.7490046618213313,ols
61610,26947072.0,-99.05212966182133,1.767129661821329,ols
61619,26947072.0,-99.05212966182133,1.876504661821329,ols
61623,26947072.0,-99.05212966182133,1.9002546618213216,ols
61650,26947072.0,-99.05212966182133,1.8415046618213324,ols
61663,26947072.0,-99.05212966182133,1.802754661821325,ols
61683,26947072.0,-99.05212966182133,1.619629661821321,ols
61692,26947072.0,-99.05212966182133,1.557129661821321,ols
61711,26947072.0,-99.05212966182133,1.7058796618213279,ols
61718,26947072.0,-99.05212966182133,1.8752546618213302,ols
61723,26947072.0,-99.05212966182133,1.939004661821329,ols
61746,26947072.0,-99.05212966182133,1.9365046618213313,ols
61774,26947072.0,-99.05212966182133,2.1552546618213313,ols
61790,26947072.0,-99.05212966182133,1.9952546618213205,ols
61826,26947072.0,-99.05212966182133,1.6240046618213313,ols
61831,26947072.0,-99.05212966182133,1.6908796618213273,ols
61858,26947072.0,-99.05212966182133,2.0977546618213267,ols
61869,26947072.0,-99.05212966182133,1.8471296618213273,ols
61902,26947072.0,-99.05212966182133,1.7721296618213245,ols
61911,26947072.0,-99.05212966182133,1.849629661821325,ols
61929,26947072.0,-99.05212966182133,2.282754661821329,ols
61946,26947072.0,-99.05212966182133,2.317129661821326,ols
61954,26947072.0,-99.05212966182133,2.1502546618213216,ols
61988,26947072.0,-99.05212966182133,1.818379661821325,ols
61995,26947072.0,-99.05212966182133,1.7465046618213194,ols
62014,26947072.0,-99.05212966182133,2.001504661821329,ols
62029,26947072.0,-99.05212966182133,1.7065046618213273,ols
62035,26947072.0,-99.05212966182133,1.7583796618213228,ols
62063,26947072.0,-99.05212966182133,2.1302546618213256,ols
62083,26947072.0,-99.05212966182133,2.0590046618213194,ols
62104,26947072.0,-99.05212966182133,2.2221296618213273,ols
62110,26947072.0,-99.05212966182133,2.176504661821326,ols
62123,26947072.0,-99.05212966182133,2.2621296618213194,ols
62149,26947072.0,-99.05212966182133,2.1952546618213233,ols
62179,26947072.0,-99.05212966182133,2.0521296618213256,ols
62222,26947072.0,-99.05212966182133,2.007129661821324,ols
62248,26947072.0,-99.05212966182133,2.2508796618213296,ols
62256,26947072.0,-99.05212966182133,2.017129661821329,ols
62267,26947072.0,-99.05212966182133,2.0708796618213228,ols
62278,26947072.0,-99.05212966182133,2.299629661821328,ols
62307,26947072.0,-99.05212966182133,2.08962966182132,ols
62317,26947072.0,-99.05212966182133,2.0646296618213285,ols
62359,26947072.0,-99.05212966182133,2.1002546618213245,ols
62366,26947072.0,-99.05212966182133,2.0865046618213228,ols
62386,26947072.0,-99.05212966182133,2.0096296618213216,ols
62405,26947072.0,-99.05212966182133,1.876504661821329,ols
62420,26947072.0,-99.05212966182133,2.0208796618213256,ols
62426,26947072.0,-99.05212966182133,2.06275466182133,ols
62463,26947072.0,-99.05212966182133,1.8883796618213324,ols
62508,26947072.0,-99.05212966182133,1.8733796618213319,ols
62525,26947072.0,-99.05212966182133,1.9977546618213324,ols
62533,26947072.0,-99.05212966182133,1.9190046618213188,ols
62577,26947072.0,-99.05212966182133,2.1102546618213296,ols
62585,26947072.0,-99.05212966182133,1.882129661821324,ols
62617,26947072.0,-99.05212966182133,1.9215046618213307,ols
62643,26947072.0,-99.05212966182133,2.038379661821324,ols
62647,26947072.0,-99.05212966182133,2.0040046618213267,ols
62657,26947072.0,-99.05212966182133,1.8658796618213245,ols
62694,26947072.0,-99.05212966182133,1.8015046618213262,ols
62702,26947072.0,-99.05212966182133,1.7177546618213313,ols
62710,26947072.0,-99.05212966182133,1.7121296618213222,ols
62723,26947072.0,-99.05212966182133,1.7846296618213273,ols
62744,26947072.0,-99.05212966182133,1.6771296618213256,ols
62754,26947072.0,-99.05212966182133,1.7033796618213302,ols
62761,26947072.0,-99.05212966182133,1.8440046618213302,ols
62785,26947072.0,-99.05212966182133,1.9515046618213319,ols
62814,26947072.0,-99.05212966182133,1.9552546618213285,ols
62821,26947072.0,-99.05212966182133,2.035879661821326,ols
62879,26947072.0,-99.05212966182133,2.33962966182132,ols
62895,26947072.0,-99.05212966182133,2.409004661821328,ols
62926,26947072.0,-99.05212966182133,2.585254661821324,ols
62933,26947072.0,-99.05212966182133,2.7408796618213245,ols
62950,26947072.0,-99.05212966182133,2.866504661821324,ols
62963,26947072.0,-99.05212966182133,3.15212966182132,ols
62967,26947072.0,-99.05212966182133,2.993379661821322,ols
62973,26947072.0,-99.05212966182133,3.00025466182133,ols
62993,26947072.0,-99.05212966182133,2.8521296618213228,ols
63006,26947072.0,-99.05212966182133,2.235879661821329,ols
63032,26947072.0,-99.05212966182133,1.9071296618213296,ols
63038,26947072.0,-99.05212966182133,2.0121296618213194,ols
63065,26947072.0,-99.05212966182133,2.1290046618213267,ols
63111,26947072.0,-99.05212966182133,2.522754661821324,ols
63115,26947072.0,-99.05212966182133,2.304004661821324,ols
63134,26947072.0,-99.05212966182133,2.3502546618213245,ols
63139,26947072.0,-99.05212966182133,2.2240046618213256,ols
63158,26947072.0,-99.05212966182133,5.60962966182133,ols
63166,26947072.0,-99.05212966182133,4.7921296618213205,ols
63174,26947072.0,-99.05212966182133,1.2227546618213267,ols
63202,26947072.0,-99.05212966182133,-1.989745338178679,ols
63250,26947072.0,-99.05212966182133,-2.5997453381786784,ols
63271,26947072.0,-99.05212966182133,0.3915046618213296,ols
63286,26947072.0,-99.05212966182133,7.2833796618213285,ols
63298,26947072.0,-99.05212966182133,-8.135370338178674,ols
75333,26947072.0,-99.05212966182133,2.6002546618213245,ols
75335,26947072.0,-99.05212966182133,1.241504661821324,ols
75359,26947072.0,-99.05212966182133,7.910879661821326,ols
75367,26947072.0,-99.05212966182133,4.072129661821322,ols
75407,26947072.0,-99.05212966182133,-2.836620338178676,ols
75431,26947072.0,-99.05212966182133,-6.495995338178673,ols
75436,26947072.0,-99.05212966182133,-6.356620338178672,ols
75458,26947072.0,-99.05212966182133,-0.9909953381786778,ols
75466,26947072.0,-99.05212966182133,3.1796296618213233,ols
75487,26947072.0,-99.05212966182133,-8.457080864494458,ols
125609,26947072.0,-99.05212966182133,-0.005995338178678367,ols
125614,26947072.0,-99.05212966182133,0.7233796618213262,ols
125631,26947072.0,-99.05212966182133,-1.255370338178679,ols
125649,26947072.0,-99.05212966182133,-4.635370338178674,ols
125661,26947072.0,-99.05212966182133,-5.663495338178677,ols
125671,26947072.0,-99.05212966182133,-2.400370338178675,ols
125689,26947072.0,-99.05212966182133,1.3783796618213273,ols
139276,26947072.0,-99.05212966182133,0.8190046618213245,ols
139278,26947072.0,-99.05212966182133,0.6252546618213302,ols
139303,26947072.0,-99.05212966182133,0.9327546618213205,ols
139321,26947072.0,-99.05212966182133,0.8790046618213267,ols
139325,26947072.0,-99.05212966182133,-0.009745338178674956,ols
139339,26947072.0,-99.05212966182133,-0.7353703381786687,ols
139347,26947072.0,-99.05212966182133,0.751504661821329,ols
139443,26947072.0,-99.05212966182133,1.7308796618213194,ols
139446,26947072.0,-99.05212966182133,1.599629661821325,ols
139457,26947072.0,-99.05212966182133,1.9771296618213228,ols
139469,26947072.0,-99.05212966182133,0.17837966182132448,ols
139567,26947072.0,-99.05212966182133,7.570254661821323,ols
139571,26947072.0,-99.05212966182133,5.990254661821325,ols
139575,26947072.0,-99.05212966182133,3.9883796618213267,ols
139581,26947072.0,-99.05212966182133,3.607754661821332,ols
139609,26947072.0,-99.05212966182133,-0.603495338178675,ols
139623,26947072.0,-99.05212966182133,1.7390046618213262,ols
139631,26947072.0,-99.05212966182133,1.1783796618213245,ols
139636,26947072.0,-99.05212966182133,-0.7891203381786767,ols
139638,26947072.0,-99.05212966182133,-0.7816203381786693,ols
139653,26947072.0,-99.05212966182133,-2.1497453381786755,ols
139695,26947072.0,-99.05212966182133,-2.5747453381786727,ols
139735,26947072.0,-99.05212966182133,4.628379661821327,ols
139752,26947072.0,-99.05212966182133,-6.964745338178673,ols
154249,26947072.0,-99.05212966182133,3.2508796618213296,ols
154267,26947072.0,-99.05212966182133,3.8133796618213296,ols
154291,26947072.0,-99.05212966182133,4.074629661821319,ols
154336,26947072.0,-99.05212966182133,1.2327546618213319,ols
154361,26947072.0,-99.05212966182133,2.6971296618213216,ols
154379,26947072.0,-99.05212966182133,5.842129661821332,ols
154382,26947072.0,-99.05212966182133,6.609004661821331,ols
154401,26947072.0,-99.05212966182133,7.865254661821325,ols
154475,26947072.0,-99.05212966182133,-4.3328703381786795,ols
154493,26947072.0,-99.05212966182133,-5.679120338178677,ols
154528,26947072.0,-99.05212966182133,0.34962966182132504,ols
154552,26947072.0,-99.05212966182133,-5.960995338178677,ols
12436,26947073.0,-91.63189571900112,-1.5292153921100038,ols
26874,26947073.0,-94.17719940704475,3.970949407044756,ols
26909,26947073.0,-92.02820674779244,0.19883174779243973,ols
26917,26947073.0,-92.42576098683546,1.006385986835454,ols
42002,26947073.0,-92.40064116847849,1.5748835927209086,ols
42011,26947073.0,-92.41783531400246,3.005960314002465,ols
42032,26947073.0,-92.3565545096058,2.504054509605794,ols
42039,26947073.0,-92.3550332783699,2.487533278369895,ols
42048,26947073.0,-92.35655616943257,2.400306169432568,ols
42117,26947073.0,-92.1604326979617,0.986057697961698,ols
42125,26947073.0,-92.07508689512123,1.9494618951212317,ols
42149,26947073.0,-92.00344711184485,2.0871971118448442,ols
42164,26947073.0,-92.0029109877977,2.127910987797705,ols
42190,26947073.0,-92.00011832925499,1.7888683292549814,ols
42213,26947073.0,-92.00023451712897,0.8021095171289687,ols
42222,26947073.0,-91.94166669959002,2.375416699590019,ols
42235,26947073.0,-91.85318797371872,-0.09493702628128631,ols
42245,26947073.0,-91.77267724626309,-0.5554477537369138,ols
42255,26947073.0,-91.66789985141094,0.3116498514109338,ols
42259,26947073.0,-91.65376476662648,0.8187647666264866,ols
42270,26947073.0,-91.65089824579243,0.9290232457924361,ols
42272,26947073.0,-91.6512185923593,0.9887185923593051,ols
42278,26947073.0,-91.65243109581573,0.9349310958157275,ols
42307,26947073.0,-91.64849232688742,0.1641173268874212,ols
42312,26947073.0,-91.64558845995101,-0.6506615400489864,ols
42346,26947073.0,-91.45300207932979,-0.3707479206702118,ols
42348,26947073.0,-91.45223689918822,-0.1971381008117845,ols
42351,26947073.0,-91.45214892836934,-0.3597260716306607,ols
42360,26947073.0,-91.45202278153472,-0.5769245868863351,ols
42367,26947073.0,-91.45190493383396,-0.7930950661660461,ols
42399,26947073.0,-91.44635530302409,1.4176053030240894,ols
42414,26947073.0,-91.48917053458996,0.5191705345899607,ols
42417,26947073.0,-91.51767307990684,-1.506701920093164,ols
42436,26947073.0,-91.52924124258948,-2.8251337574105264,ols
42467,26947073.0,-91.53499835174576,-3.264376648254242,ols
42471,26947073.0,-91.5350356978481,-2.9768393021519017,ols
42480,26947073.0,-91.5273706178182,0.08799561781820842,ols
42485,26947073.0,-91.53499835174576,-0.8131266482542401,ols
42517,26947073.0,-91.76555160993385,-3.011948390066152,ols
42522,26947073.0,-91.7773903243802,-4.119484675619788,ols
42536,26947073.0,-91.794015979235,-3.586609020764996,ols
42540,26947073.0,-91.79783524063578,-3.6446647593642183,ols
42553,26947073.0,-91.80166529091058,-3.2027097090894188,ols
42593,26947073.0,-91.88209966633474,-1.0791503336652681,ols
42596,26947073.0,-91.88209966633474,-0.9229003336652681,ols
42633,26947073.0,-91.90197360218099,-1.617401397819009,ols
42667,26947073.0,-92.07906632980544,-2.3571836701945585,ols
42714,26947073.0,-92.14250324917803,-1.1793717508219714,ols
42717,26947073.0,-92.14250324917803,-1.8362467508219709,ols
42727,26947073.0,-92.15868656019828,3.633686560198271,ols
42738,26947073.0,-92.18007923754027,-0.37054576245972726,ols
42813,26947073.0,-92.28486825117982,-1.117006748820188,ols
42820,26947073.0,-92.31707055036995,0.4983205503699537,ols
42832,26947073.0,-92.39065399079553,-1.43997100920447,ols
42871,26947073.0,-92.57475450704845,3.382254507048458,ols
42881,26947073.0,-92.59369230059568,0.313692300595676,ols
42898,26947073.0,-92.61963871268476,-2.259736287315235,ols
42901,26947073.0,-92.62630872656526,-1.2318162734347453,ols
42922,26947073.0,-92.63707021343703,-3.4623047865629673,ols
63855,26947073.0,-92.51323136794318,1.6682313679431786,ols
63863,26947073.0,-92.67097217524098,-4.356527824759027,ols
63866,26947073.0,-92.74093387365157,-4.583441126348433,ols
76189,26947073.0,-92.46933143958226,0.4080814395822614,ols
126483,26947073.0,-92.52395799845276,2.6004207644102024,ols
126488,26947073.0,-93.6613418447902,4.102591844790197,ols
126500,26947073.0,-92.29374832440631,1.6268733244063043,ols
126507,26947073.0,-92.08760862828397,2.839483628283972,ols
126526,26947073.0,-91.70600117494628,0.16975117494628478,ols
126534,26947073.0,-91.58262044164132,0.8732454416413304,ols
126584,26947073.0,-92.24473115010946,1.1478561501094617,ols
140398,26947073.0,-92.37258262682293,2.3963326268229395,ols
140424,26947073.0,-92.1680446635349,1.3967946635349051,ols
140426,26947073.0,-92.10909093627161,1.4228409362716121,ols
140435,26947073.0,-92.05453989951923,2.696414899519226,ols
140444,26947073.0,-92.00348030838028,2.9309803083802706,ols
140458,26947073.0,-91.89950129020512,0.4476262902051218,ols
140480,26947073.0,-91.69950129330985,0.16637629330985249,ols
140498,26947073.0,-91.49710948603712,0.373359486037117,ols
140545,26947073.0,-91.52971678295945,0.5784667829594525,ols
140548,26947073.0,-91.55013182233314,-0.014868177666855331,ols
140562,26947073.0,-91.68232623579375,-0.6957987642062449,ols
140573,26947073.0,-91.768123511516,-1.5450014884840044,ols
140577,26947073.0,-91.81757888008048,-1.7174211199195213,ols
140631,26947073.0,-92.51033580014064,2.602835800140639,ols
155071,26947073.0,-91.94422864221153,1.411103642211529,ols
155078,26947073.0,-91.51262969626222,0.9088796962622183,ols
172309,26947073.0,-92.38695091726875,2.211325917268752,ols
172319,26947073.0,-91.97071449800129,0.11571449800128164,ols
172322,26947073.0,-91.7730117013575,-0.3882382986424915,ols
12474,26947074.0,-96.36572269466056,4.6227981663586775,ols
12518,26947074.0,-96.36572269466056,4.240722694660562,ols
12527,26947074.0,-96.36572269466056,3.482768149205995,ols
12572,26947074.0,-96.36572269466056,1.4927718749884349,ols
12603,26947074.0,-96.36572269466056,4.233100743441057,ols
12650,26947074.0,-96.36572269466056,4.469341115713206,ols
12717,26947074.0,-96.36572269466056,-1.9290886260941562,ols
12730,26947074.0,-96.36572269466056,-9.125863843800957,ols
26948,26947074.0,-96.36572269466056,4.285097694660564,ols
26971,26947074.0,-96.36572269466056,3.5650976946605653,ols
26976,26947074.0,-96.36572269466056,4.335097694660561,ols
26998,26947074.0,-96.36572269466056,2.863222694660564,ols
27000,26947074.0,-96.36572269466056,1.8007226946605641,ols
27014,26947074.0,-96.36572269466056,1.3975976946605613,ols
27069,26947074.0,-96.36572269466056,2.458222694660563,ols
27073,26947074.0,-96.36572269466056,2.041972694660558,ols
27080,26947074.0,-96.36572269466056,4.240722694660562,ols
27162,26947074.0,-96.36572269466056,-3.4030273053394353,ols
27166,26947074.0,-96.36572269466056,-4.096777305339444,ols
27187,26947074.0,-96.36572269466056,-0.33365230533944157,ols
27198,26947074.0,-96.36572269466056,-2.7630273053394347,ols
42937,26947074.0,-96.36572269466056,5.509472694660559,ols
42947,26947074.0,-96.36572269466056,2.459472694660562,ols
42981,26947074.0,-96.36572269466056,2.739472694660563,ols
42988,26947074.0,-96.36572269466056,2.2344726946605675,ols
42999,26947074.0,-96.36572269466056,1.766347694660567,ols
43008,26947074.0,-96.36572269466056,2.1807226946605596,ols
43030,26947074.0,-96.36572269466056,2.7588476946605596,ols
43057,26947074.0,-96.36572269466056,2.9900976946605624,ols
43061,26947074.0,-96.36572269466056,2.7532226946605647,ols
43085,26947074.0,-96.36572269466056,4.82134769466056,ols
43097,26947074.0,-96.36572269466056,5.548222694660566,ols
43102,26947074.0,-96.36572269466056,3.8463476946605653,ols
43103,26947074.0,-96.36572269466056,5.333222694660563,ols
43120,26947074.0,-96.36572269466056,5.0000976946605675,ols
43123,26947074.0,-96.36572269466056,5.603847694660558,ols
43128,26947074.0,-96.36572269466056,5.246972694660556,ols
43144,26947074.0,-96.36572269466056,5.36759769466056,ols
43159,26947074.0,-96.36572269466056,4.0982226946605635,ols
43163,26947074.0,-96.36572269466056,5.123222694660555,ols
43186,26947074.0,-96.36572269466056,4.412597694660562,ols
43189,26947074.0,-96.36572269466056,3.2413476946605613,ols
43197,26947074.0,-96.36572269466056,3.8194726946605613,ols
43204,26947074.0,-96.36572269466056,3.813222694660567,ols
43230,26947074.0,-96.36572269466056,4.532597694660566,ols
43238,26947074.0,-96.36572269466056,5.591972694660555,ols
43270,26947074.0,-96.36572269466056,4.435097694660556,ols
43278,26947074.0,-96.36572269466056,4.2075976946605635,ols
43304,26947074.0,-96.36572269466056,6.295722694660569,ols
43307,26947074.0,-96.36572269466056,7.279472694660555,ols
43313,26947074.0,-96.36572269466056,5.093222694660568,ols
43326,26947074.0,-96.36572269466056,3.3638476946605635,ols
43344,26947074.0,-96.36572269466056,3.9407226946605647,ols
43405,26947074.0,-96.36572269466056,0.21759769466056866,ols
43452,26947074.0,-96.36572269466056,3.6050976946605573,ols
43476,26947074.0,-96.36572269466056,4.158847694660565,ols
43488,26947074.0,-96.36572269466056,3.10197269466056,ols
43497,26947074.0,-96.36572269466056,1.921347694660568,ols
43505,26947074.0,-96.36572269466056,5.089472694660557,ols
43522,26947074.0,-96.36572269466056,5.612597694660565,ols
43548,26947074.0,-96.36572269466056,2.9363476946605687,ols
43551,26947074.0,-96.36572269466056,2.769472694660564,ols
43557,26947074.0,-96.36572269466056,3.1419726946605664,ols
43565,26947074.0,-96.36572269466056,2.662597694660562,ols
43580,26947074.0,-96.36572269466056,3.6125976946605647,ols
43612,26947074.0,-96.36572269466056,6.0157226946605675,ols
43625,26947074.0,-96.36572269466056,5.460097694660561,ols
43630,26947074.0,-96.36572269466056,5.090097694660557,ols
43652,26947074.0,-96.36572269466056,2.693847694660562,ols
43676,26947074.0,-96.36572269466056,1.0532226946605618,ols
43679,26947074.0,-96.36572269466056,1.1238476946605687,ols
43687,26947074.0,-96.36572269466056,1.978222694660559,ols
43728,26947074.0,-96.36572269466056,0.5782226946605675,ols
43739,26947074.0,-96.36572269466056,-0.5067773053394404,ols
43743,26947074.0,-96.36572269466056,-0.6830273053394365,ols
43753,26947074.0,-96.36572269466056,-0.08115230533944384,ols
43770,26947074.0,-96.36572269466056,3.0625976946605675,ols
43773,26947074.0,-96.36572269466056,2.432597694660558,ols
43825,26947074.0,-96.36572269466056,-0.9542773053394313,ols
43827,26947074.0,-96.36572269466056,-1.8405273053394353,ols
43870,26947074.0,-96.36572269466056,3.623222694660555,ols
43908,26947074.0,-96.36572269466056,2.243847694660559,ols
43935,26947074.0,-96.36572269466056,5.435722694660555,ols
43944,26947074.0,-96.36572269466056,4.386347694660557,ols
43952,26947074.0,-96.36572269466056,3.6963476946605596,ols
43967,26947074.0,-96.36572269466056,0.9844726946605675,ols
43978,26947074.0,-96.36572269466056,-0.756152305339441,ols
43985,26947074.0,-96.36572269466056,-3.145527305339442,ols
43992,26947074.0,-96.36572269466056,-1.0836523053394416,ols
44033,26947074.0,-96.36572269466056,-3.912402305339441,ols
44045,26947074.0,-96.36572269466056,-6.544902305339434,ols
44060,26947074.0,-96.36572269466056,-2.714902305339436,ols
44087,26947074.0,-96.36572269466056,-4.813652305339431,ols
44091,26947074.0,-96.36572269466056,-5.279902305339434,ols
44130,26947074.0,-96.36572269466056,-3.724902305339441,ols
44143,26947074.0,-96.36572269466056,-1.1180273053394387,ols
44188,26947074.0,-96.36572269466056,-2.7317773053394347,ols
44244,26947074.0,-96.36572269466056,0.27197269466056184,ols
44250,26947074.0,-96.36572269466056,0.6869726946605681,ols
44291,26947074.0,-96.36572269466056,-1.3642773053394421,ols
44304,26947074.0,-96.36572269466056,-0.7474023053394347,ols
44314,26947074.0,-96.36572269466056,1.6663476946605584,ols
44316,26947074.0,-96.36572269466056,1.9457226946605601,ols
44334,26947074.0,-96.36572269466056,-1.5961523053394444,ols
44345,26947074.0,-96.36572269466056,-1.4061523053394325,ols
44378,26947074.0,-96.36572269466056,-2.0555273053394387,ols
44423,26947074.0,-96.36572269466056,-3.439277305339445,ols
44429,26947074.0,-96.36572269466056,-3.0749023053394353,ols
44431,26947074.0,-96.36572269466056,-5.159902305339443,ols
44440,26947074.0,-96.36572269466056,-6.3905273053394325,ols
63881,26947074.0,-96.36572269466056,4.878847694660564,ols
63898,26947074.0,-96.36572269466056,5.823847694660557,ols
63903,26947074.0,-96.36572269466056,5.115722694660562,ols
63911,26947074.0,-96.36572269466056,6.0000976946605675,ols
63912,26947074.0,-96.36572269466056,5.942597694660563,ols
63932,26947074.0,-96.36572269466056,3.0838476946605624,ols
63964,26947074.0,-96.36572269466056,6.5157226946605675,ols
64026,26947074.0,-96.36572269466056,1.9557226946605653,ols
64028,26947074.0,-96.36572269466056,1.563222694660567,ols
64033,26947074.0,-96.36572269466056,1.645722694660563,ols
64054,26947074.0,-96.36572269466056,0.4182226946605567,ols
64088,26947074.0,-96.36572269466056,2.864472694660563,ols
64156,26947074.0,-96.36572269466056,5.313847694660566,ols
64214,26947074.0,-96.36572269466056,0.2494726946605681,ols
64237,26947074.0,-96.36572269466056,-2.4161523053394376,ols
64242,26947074.0,-96.36572269466056,-1.0867773053394387,ols
64245,26947074.0,-96.36572269466056,-0.6924023053394421,ols
64257,26947074.0,-96.36572269466056,-3.8024023053394416,ols
64273,26947074.0,-96.36572269466056,-1.4561523053394438,ols
64292,26947074.0,-96.36572269466056,-0.20490230533944498,ols
64316,26947074.0,-96.36572269466056,2.723847694660563,ols
64328,26947074.0,-96.36572269466056,-1.666777305339437,ols
64351,26947074.0,-96.36572269466056,-0.8605273053394313,ols
64373,26947074.0,-96.36572269466056,-2.926777305339442,ols
64403,26947074.0,-96.36572269466056,-5.885527305339437,ols
76212,26947074.0,-96.36572269466056,5.636972694660557,ols
76229,26947074.0,-96.36572269466056,5.66509769466056,ols
76233,26947074.0,-96.36572269466056,5.089472694660557,ols
76259,26947074.0,-96.36572269466056,1.3632226946605641,ols
76276,26947074.0,-96.36572269466056,4.372597694660556,ols
76281,26947074.0,-96.36572269466056,3.0432226946605567,ols
76310,26947074.0,-96.36572269466056,0.9763476946605607,ols
76315,26947074.0,-96.36572269466056,1.6475976946605613,ols
76341,26947074.0,-96.36572269466056,-1.959277305339441,ols
126621,26947074.0,-96.36572269466056,4.573847694660557,ols
126626,26947074.0,-96.36572269466056,6.678847694660561,ols
126660,26947074.0,-96.36572269466056,6.433222694660557,ols
126666,26947074.0,-96.36572269466056,5.773222694660561,ols
126676,26947074.0,-96.36572269466056,4.778222694660556,ols
126689,26947074.0,-96.36572269466056,5.615722694660562,ols
126731,26947074.0,-96.36572269466056,1.915722694660559,ols
126740,26947074.0,-96.36572269466056,1.0688476946605618,ols
126744,26947074.0,-96.36572269466056,1.7825976946605664,ols
126773,26947074.0,-96.36572269466056,3.6363476946605573,ols
126817,26947074.0,-96.36572269466056,7.151972694660557,ols
126820,26947074.0,-96.36572269466056,6.208847694660562,ols
126844,26947074.0,-96.36572269466056,1.8569726946605556,ols
126846,26947074.0,-96.36572269466056,5.100722694660561,ols
126876,26947074.0,-96.36572269466056,-0.32740230533943304,ols
126896,26947074.0,-96.36572269466056,-0.33115230533944384,ols
126921,26947074.0,-96.36572269466056,-2.4117773053394416,ols
126923,26947074.0,-96.36572269466056,-4.396777305339441,ols
126927,26947074.0,-96.36572269466056,-7.611152305339445,ols
140722,26947074.0,-96.36572269466056,5.7813476946605675,ols
140770,26947074.0,-96.36572269466056,4.93009769466056,ols
140805,26947074.0,-96.36572269466056,6.646972694660562,ols
140829,26947074.0,-96.36572269466056,5.533847694660565,ols
140844,26947074.0,-96.36572269466056,5.897597694660561,ols
140848,26947074.0,-96.36572269466056,7.153847694660556,ols
140884,26947074.0,-96.36572269466056,2.2388476946605635,ols
140887,26947074.0,-96.36572269466056,2.3782226946605647,ols
140905,26947074.0,-96.36572269466056,2.006347694660562,ols
140910,26947074.0,-96.36572269466056,1.6550976946605687,ols
140943,26947074.0,-96.36572269466056,1.6738476946605658,ols
140978,26947074.0,-96.36572269466056,4.453847694660567,ols
141070,26947074.0,-96.36572269466056,4.686429765367649,ols
141080,26947074.0,-96.36572269466056,3.9863035027413645,ols
141137,26947074.0,-96.36572269466056,5.266347694660567,ols
141149,26947074.0,-96.36572269466056,5.701347694660555,ols
141198,26947074.0,-96.36572269466056,-0.963652305339437,ols
141204,26947074.0,-96.36572269466056,-1.6574023053394313,ols
141222,26947074.0,-96.36572269466056,-2.1755273053394433,ols
141261,26947074.0,-96.36572269466056,-2.4186523053394353,ols
141269,26947074.0,-96.36572269466056,-3.4105273053394427,ols
141276,26947074.0,-96.36572269466056,-4.385527305339437,ols
141300,26947074.0,-96.36572269466056,-3.036152305339442,ols
141303,26947074.0,-96.36572269466056,-4.373652305339434,ols
141334,26947074.0,-96.36572269466056,-9.140136680339438,ols
155136,26947074.0,-96.36572269466056,5.208222694660563,ols
155143,26947074.0,-96.36572269466056,6.157597694660566,ols
155168,26947074.0,-96.36572269466056,5.070097694660561,ols
155204,26947074.0,-96.36572269466056,3.4432226946605624,ols
155403,26947074.0,-96.36572269466056,-1.6374023053394353,ols
155424,26947074.0,-96.36572269466056,-4.804902305339439,ols
172384,26947074.0,-96.36572269466056,5.171347694660568,ols
172390,26947074.0,-96.36572269466056,4.495097694660558,ols
172412,26947074.0,-96.36572269466056,4.19634769466056,ols
172425,26947074.0,-96.36572269466056,3.7307226946605567,ols
172429,26947074.0,-96.36572269466056,4.090097694660557,ols
172430,26947074.0,-96.36572269466056,4.490722694660562,ols
172457,26947074.0,-96.36572269466056,1.6632226946605613,ols
172477,26947074.0,-96.36572269466056,0.1775976946605624,ols
172489,26947074.0,-96.36572269466056,-0.3992773053394387,ols
172523,26947074.0,-96.36572269466056,3.296347694660568,ols
172544,26947074.0,-96.36572269466056,2.7575976946605607,ols
172571,26947074.0,-96.36572269466056,1.3925976946605658,ols
172609,26947074.0,-96.36572269466056,0.5188476946605647,ols
172639,26947074.0,-96.36572269466056,0.29197269466055786,ols
172651,26947074.0,-96.36572269466056,-4.957402305339443,ols
172661,26947074.0,-96.36572269466056,-9.16365230533944,ols
171400,26947075.0,-99.99977446530946,-1.7902255346905491,ols
171402,26947075.0,-99.87299657035922,-2.722003429640779,ols
171418,26947075.0,-101.34431806364113,-5.833806936358869,ols
75063,26947081.0,-102.78567189277581,7.291428471723165,ols
75084,26947081.0,-101.1802465083828,-6.930578233885242,ols
75251,26947081.0,-101.75236132163087,5.771383060761309,ols
139256,26947081.0,-101.89662100143279,3.440778610128447,ols
170071,26947081.0,-104.15649847544269,-1.7766265245573152,ols
170091,26947081.0,-103.57233185415032,-2.6132931458496813,ols
170334,26947081.0,-104.23025260626505,-0.3634973937349457,ols
170362,26947081.0,-104.23025260626505,0.53650260626506,ols
63338,26961922.0,-108.70981491490981,-1.0795600850901934,ols
63343,26961922.0,-108.69451624395542,-0.7648587560445748,ols
75539,26961922.0,-108.7528894473888,-1.5658605526111984,ols
139792,26961922.0,-108.56722144072465,0.9953464407246457,ols
139798,26961922.0,-108.53666071987548,-1.025839280124515,ols
154586,26961922.0,-108.57571382617012,1.4081880529742392,ols
40275,28650241.0,-95.41723856307729,-3.6327614369227064,ols
40298,28650241.0,-95.03624551066873,-0.13500448933126563,ols
40311,28650241.0,-94.91321376276895,-2.8817862372310543,ols
40339,28650241.0,-94.7769840494473,-3.456140950552708,ols
40354,28650241.0,-94.80665590385107,-3.410844096148935,ols
40377,28650241.0,-94.79734662466959,-3.5420283753304176,ols
40409,28650241.0,-94.79734662466959,-4.160778375330409,ols
40411,28650241.0,-94.79734662466959,-4.136403375330417,ols
40427,28650241.0,-94.79734662466959,-3.7907783753304187,ols
40464,28650241.0,-94.66146650031297,-2.738533499687037,ols
40526,28650241.0,-91.76301653520834,3.6205165352083384,ols
40554,28650241.0,-90.3739228186264,-0.9198271813736056,ols
40584,28650241.0,-89.59288607919738,0.26038607919738865,ols
40592,28650241.0,-89.63941676324121,-0.4055832367587868,ols
40618,28650241.0,-89.39924914425657,-2.5507508557434306,ols
40619,28650241.0,-89.38241388241191,-2.786961117588092,ols
40632,28650241.0,-89.38241388241191,-2.569461117588091,ols
40650,28650241.0,-89.382409954446,-2.340715045553992,ols
40662,28650241.0,-89.38241388241191,-1.4488361175880868,ols
40683,28650241.0,-89.33416667727005,0.4122916772700478,ols
40709,28650241.0,-89.30513508130787,-0.8417399186921273,ols
40725,28650241.0,-89.56319458496411,6.073194584964114,ols
40731,28650241.0,-89.49904697386164,1.1584219738616355,ols
40858,28650241.0,-108.82769122822326,1.1564412282232581,ols
40872,28650241.0,-112.32735172591825,-2.2701482740817482,ols
56527,28650241.0,-95.91151807998932,-3.396327664691512,ols
56540,28650241.0,-95.65779505068598,-2.9272049493140173,ols
56591,28650241.0,-93.88235053620875,-3.477649463791252,ols
56627,28650241.0,-91.65903934988634,2.497164349886347,ols
56643,28650241.0,-91.35970870852552,0.2615837085255208,ols
56653,28650241.0,-91.30027072853638,0.29527072853638003,ols
56670,28650241.0,-91.21589802101809,-0.5453519789819126,ols
56684,28650241.0,-91.19081010281887,0.5051851028188707,ols
56699,28650241.0,-91.07731545612273,-0.2264345438772608,ols
56702,28650241.0,-91.04019617837376,0.06707117837376586,ols
56717,28650241.0,-90.93368152708078,-0.8719434729192272,ols
56731,28650241.0,-90.83694358291132,-0.39493141708868507,ols
56750,28650241.0,-90.66136743517576,0.049492435175764626,ols
56811,28650241.0,-89.73846435135951,-1.7446606486404903,ols
56814,28650241.0,-89.72917078404163,-0.9814542159583652,ols
56840,28650241.0,-89.27608777348209,-2.9457872265179077,ols
56884,28650241.0,-89.22919571657552,-4.4445542834244804,ols
56887,28650241.0,-89.22918786064372,-4.415812139356277,ols
56905,28650241.0,-89.22918786064372,-4.388937139356287,ols
56921,28650241.0,-89.22919571657552,-3.7814292834244867,ols
56931,28650241.0,-89.22918786064372,-3.5520621393562806,ols
56981,28650241.0,-89.22835905983895,-4.172265940161054,ols
57048,28650241.0,-89.3848767170308,-1.8519982829691912,ols
57055,28650241.0,-89.39884456376893,0.2169695637689273,ols
57060,28650241.0,-89.40484256769726,2.5698425676972647,ols
57077,28650241.0,-89.62320997594045,2.9282099759404616,ols
57080,28650241.0,-89.56475398742616,1.587253987426152,ols
57089,28650241.0,-89.99104041462024,2.467290414620237,ols
57099,28650241.0,-91.70653631354142,2.895286313541419,ols
57127,28650241.0,-94.86583463809085,0.8495846380908461,ols
57132,28650241.0,-95.14859319132228,1.7804681913222709,ols
57137,28650241.0,-102.68359446420354,8.814219464203532,ols
57155,28650241.0,-95.60948107012383,3.5982310701238305,ols
57182,28650241.0,-108.3956896106456,-0.8393103893543952,ols
57191,28650241.0,-114.30958007720145,0.9033300772014456,ols
57202,28650241.0,-114.7692856382673,-1.519117976190529,ols
74357,28650241.0,-94.61583532046009,-6.486664679539913,ols
74384,28650241.0,-94.6379654803371,-6.085784519662894,ols
74406,28650241.0,-94.62237931164843,-5.810120688351574,ols
74419,28650241.0,-94.61583532046009,-5.649789679539907,ols
74425,28650241.0,-94.61911124402016,-5.7590137559798364,ols
74427,28650241.0,-94.61911124402016,-5.501513755979843,ols
74433,28650241.0,-94.61911124402016,-5.476513755979838,ols
74451,28650241.0,-94.61911124402016,-5.008388755979837,ols
74478,28650241.0,-93.57628736129641,-3.5005876387035926,ols
74495,28650241.0,-92.09074637002155,4.7082463700215555,ols
74519,28650241.0,-90.45944642015318,-1.7536785798468202,ols
74555,28650241.0,-90.18063154468473,-2.6668684553152673,ols
74578,28650241.0,-87.86171759633775,2.275467596337748,ols
74604,28650241.0,-89.30048436968303,3.1836093696830403,ols
74621,28650241.0,-90.35047286220721,2.4717228622072156,ols
74624,28650241.0,-90.85458014979945,3.1395801497994427,ols
74640,28650241.0,-92.3124761170746,2.952476117074596,ols
74650,28650241.0,-93.22226372275287,2.414138722752867,ols
74702,28650241.0,-101.58440819878986,7.784408198789862,ols
74741,28650241.0,-100.23123573035758,-4.893139269642418,ols
74751,28650241.0,-105.61168878795065,-2.9814362120493456,ols
74790,28650241.0,-111.39224052408679,-2.936509475913212,ols
74808,28650241.0,-110.78800545775394,-3.5969945422460654,ols
124719,28650241.0,-94.43523137637337,-3.0172686236266344,ols
124741,28650241.0,-93.26646119505249,-2.3391638049475176,ols
124751,28650241.0,-92.2337832482468,3.8331582482467894,ols
124762,28650241.0,-91.02618512401074,0.48868512401074327,ols
124776,28650241.0,-90.09328536698062,-1.952964633019377,ols
124799,28650241.0,-89.57883574517537,-0.7699142548246272,ols
124811,28650241.0,-89.42101007533903,1.1316350753390196,ols
124820,28650241.0,-89.35828438789213,1.188284387892125,ols
124827,28650241.0,-89.35836294721011,1.189612947210108,ols
124843,28650241.0,-89.35837473110782,0.8833747311078213,ols
124852,28650241.0,-89.35837080314192,1.2164958031419246,ols
124858,28650241.0,-89.35836294721011,1.1971129472101154,ols
124900,28650241.0,-89.35837080314192,1.1333708031419292,ols
124916,28650241.0,-89.35836294721011,1.247737947210112,ols
124925,28650241.0,-89.35836294721011,1.111487947210108,ols
124940,28650241.0,-89.35837080314192,0.6271208031419206,ols
124949,28650241.0,-89.35836294721011,0.32648794721011143,ols
124950,28650241.0,-89.35837080314192,0.32274580314192747,ols
124963,28650241.0,-89.35837080314192,5.668995803141925,ols
125000,28650241.0,-88.81826763604793,1.223267636047936,ols
125019,28650241.0,-90.09046508746488,2.6442150874648718,ols
125022,28650241.0,-90.42136871872478,2.8838687187247842,ols
125026,28650241.0,-90.77077306937068,3.48077306937067,ols
125031,28650241.0,-91.08647547260004,3.169600472600038,ols
125040,28650241.0,-91.67708835319391,2.918338353193903,ols
125067,28650241.0,-93.43140433909848,1.8926543390984847,ols
125088,28650241.0,-94.41945273735563,0.6769527373556201,ols
125090,28650241.0,-94.59709892312014,1.1089739231201463,ols
125101,28650241.0,-100.3392430086923,6.713618008692308,ols
125123,28650241.0,-102.93302815474479,9.305528154744792,ols
125143,28650241.0,-95.69972608666166,-2.116523913338341,ols
125171,28650241.0,-116.73583747764616,1.1170874776461517,ols
138192,28650241.0,-94.11694829954811,-3.6280517004518913,ols
138203,28650241.0,-93.37595717246309,-3.282792827536909,ols
138232,28650241.0,-90.60093175184818,-0.9953182481518184,ols
138240,28650241.0,-89.87786393316195,-1.2658860668380498,ols
138242,28650241.0,-89.63577553885251,-1.8954744611474865,ols
138265,28650241.0,-89.26544691386073,1.711071913860735,ols
138276,28650241.0,-89.48350401279787,2.09912901279786,ols
138289,28650241.0,-89.46809460257467,2.549969602574663,ols
138294,28650241.0,-89.46809460257467,2.3305946025746636,ols
138314,28650241.0,-89.46808674664288,1.9149617466428879,ols
138341,28650241.0,-89.46809460257467,1.8262196025746675,ols
138343,28650241.0,-89.46808674664288,1.9499617466428845,ols
138396,28650241.0,-89.46808674664288,1.1987117466428856,ols
138423,28650241.0,-89.46809460257467,1.1687196025746687,ols
138433,28650241.0,-89.46796890766589,5.714843907665895,ols
138444,28650241.0,-89.37030396354417,2.601553963544177,ols
138452,28650241.0,-89.35393220167563,1.7826822016756267,ols
138459,28650241.0,-89.36016588355793,0.5164158835579258,ols
138468,28650241.0,-89.33883702872438,0.755712028724389,ols
138471,28650241.0,-89.3295198936111,1.0863948936111,ols
138500,28650241.0,-89.28846872199688,0.2759687219968754,ols
138517,28650241.0,-89.18173803257943,1.4954880325794306,ols
138525,28650241.0,-89.09215291431269,5.495902914312694,ols
138546,28650241.0,-89.19522273951193,0.6114727395119388,ols
138558,28650241.0,-89.7348899023911,3.2848899023911002,ols
138636,28650241.0,-94.77592349865446,1.0509234986544698,ols
138695,28650241.0,-105.78782663480982,7.16032663480982,ols
138704,28650241.0,-102.42898371460694,5.544608714606937,ols
138720,28650241.0,-100.86931807884523,-1.1688069211547685,ols
138747,28650241.0,-100.75348236447306,-0.9040176355269409,ols
138751,28650241.0,-100.75348236447306,-0.9540176355269381,ols
138827,28650241.0,-104.75501513716355,-1.930609862836448,ols
138852,28650241.0,-112.44827808409599,-0.6479719159040087,ols
138861,28650241.0,-114.8000887468501,-0.9277338337950596,ols
153292,28650241.0,-95.64325372092654,-2.1029962790734658,ols
153311,28650241.0,-95.01768587179426,-1.7616891282057452,ols
153341,28650241.0,-94.8107449163523,-4.738630083647692,ols
153361,28650241.0,-94.6957851383757,-3.9998398616243094,ols
153406,28650241.0,-91.79926773249355,3.601767732493542,ols
153431,28650241.0,-89.5546708989625,-2.1278291010375057,ols
153450,28650241.0,-89.3350426136656,-1.8799573863343966,ols
153469,28650241.0,-89.36101825215809,-1.4358567478419104,ols
153484,28650241.0,-89.36101039622628,-1.6427396037737196,ols
153493,28650241.0,-89.36101039622628,-1.4596146037737299,ols
153497,28650241.0,-89.36101825215809,-1.2739817478419155,ols
153518,28650241.0,-89.36101039622628,-1.4427396037737168,ols
153536,28650241.0,-89.36101825215809,-1.4071067478419081,ols
153592,28650241.0,-89.60606833275564,2.8791933327556336,ols
153598,28650241.0,-89.62856772142717,1.4610677214271703,ols
153602,28650241.0,-89.62876019175626,2.4393851917562586,ols
153607,28650241.0,-89.65528967344054,1.8177896734405294,ols
153626,28650241.0,-89.7065535563931,3.9953035563930968,ols
153652,28650241.0,-89.97772068225551,3.27334568225551,ols
153694,28650241.0,-92.25506889545544,2.696318895455434,ols
153720,28650241.0,-93.02625822437474,2.976258224374746,ols
153723,28650241.0,-93.10491966947535,2.119919669475351,ols
153753,28650241.0,-94.11432834629323,2.563703346293238,ols
153826,28650241.0,-108.3760340692852,3.6172840692851906,ols
153852,28650241.0,-112.51446038153432,-0.5336646184656786,ols
169374,28650241.0,-95.8975855849443,-2.6186644150557044,ols
169391,28650241.0,-95.65654202956408,-2.337832970435926,ols
169402,28650241.0,-95.55278873829835,-1.8309612617016597,ols
169420,28650241.0,-94.98864641990028,-4.890728580099719,ols
169445,28650241.0,-93.98449728942164,-3.532377710578359,ols
169461,28650241.0,-93.6981642872218,-3.302460712778199,ols
169469,28650241.0,-93.27555050814361,-1.820699491856388,ols
169471,28650241.0,-93.01822946207645,-0.6786455379235576,ols
169496,28650241.0,-91.56138226169642,-0.22486773830357265,ols
169505,28650241.0,-91.07972722718493,-1.4996477728150666,ols
169507,28650241.0,-90.8849826058605,-1.6037673941394957,ols
169529,28650241.0,-90.3228042704121,-0.42157072958789854,ols
169530,28650241.0,-90.3142020250925,0.41420202509249293,ols
169537,28650241.0,-90.3296192912475,1.302119291247493,ols
169560,28650241.0,-90.271171158665,1.0517961586649989,ols
169583,28650241.0,-90.25672802805305,1.2748530280530446,ols
169588,28650241.0,-90.25672802805305,1.313603028053052,ols
169606,28650241.0,-90.25672802805305,0.7892280280530457,ols
169661,28650241.0,-89.66490533396217,0.8911553339621605,ols
169699,28650241.0,-89.58255552888207,1.4606805288820652,ols
169712,28650241.0,-89.96335218299565,2.076477182995646,ols
169728,28650241.0,-91.18981632744634,1.8210663274463315,ols
169755,28650241.0,-93.01571556390086,0.8475905639008516,ols
169760,28650241.0,-93.17275956852322,1.800884568523216,ols
169768,28650241.0,-93.6255636935039,1.613688693503903,ols
169772,28650241.0,-93.84214387726288,1.8096438772628858,ols
169780,28650241.0,-94.19068014744502,-0.20494485255497352,ols
169789,28650241.0,-94.53547306612506,-0.0226519338749398,ols
169793,28650241.0,-94.67021408037085,0.3308390803708505,ols
169818,28650241.0,-102.03817860338178,8.528178603381775,ols
169847,28650241.0,-95.41869191046005,0.26494191046005255,ols
169862,28650241.0,-94.62650367584276,-2.9859963241572416,ols
169874,28650241.0,-100.82253993294972,-0.4630850670502724,ols
169878,28650241.0,-104.67044995931619,0.7691999593161825,ols
169890,28650241.0,-110.57759610842284,4.678846108422832,ols
170442,28650244.0,-105.1150900172351,2.8650900172351044,ols
170446,28650244.0,-105.10388963633021,5.247014636330206,ols
170484,28650244.0,-100.55124965177886,2.5268746517788543,ols
170538,28650244.0,-101.9028098587988,6.7821848587988,ols
170565,28650244.0,-99.81441949605397,2.180669496053966,ols
170567,28650244.0,-97.6979274279953,0.1673024279952955,ols
170591,28650244.0,-97.69770073362916,-0.2747992663708345,ols
170623,28650244.0,-97.69770283265107,-3.8666721673489235,ols
170662,28650244.0,-97.69770073362916,-4.012924266370831,ols
170683,28650244.0,-97.69766714927863,2.468292149278625,ols
170704,28650244.0,-100.60891398165501,4.8889139816550085,ols
170795,28650244.0,-91.02028594056735,1.2396609405673473,ols
170814,28650244.0,-91.07388656402824,1.3763865640282376,ols
170833,28650244.0,-91.29157822520271,2.130953225202717,ols
170850,28650244.0,-92.09723740833618,2.1741124083361854,ols
170857,28650244.0,-92.33184718609488,2.277472186094883,ols
170861,28650244.0,-92.43865381689781,0.8992788168978052,ols
170891,28650244.0,-92.61659210214319,1.0922171021431808,ols
170898,28650244.0,-92.65609779348706,1.2323477934870652,ols
170940,28650244.0,-92.72074347023158,1.2551184702315794,ols
170965,28650244.0,-92.77011666356832,1.1451166635683165,ols
170969,28650244.0,-92.76901047902243,1.1252604790224296,ols
170976,28650244.0,-92.76791269056417,1.1910376905641726,ols
170987,28650244.0,-92.75479800167854,1.2635480016785436,ols
171003,28650244.0,-92.70362594656604,1.199250946566039,ols
171016,28650244.0,-92.68029951609451,1.168424516094504,ols
171024,28650244.0,-92.6494354979488,1.203810497948794,ols
171037,28650244.0,-92.61833638934932,1.0402113893493237,ols
171055,28650244.0,-92.68653990822912,0.9752899082291151,ols
171058,28650244.0,-92.70240851385898,1.4092835138589805,ols
171068,28650244.0,-92.76381330077646,0.1863133007764617,ols
171079,28650244.0,-92.8728889742627,0.4416389742626876,ols
171089,28650244.0,-92.81855999019949,-0.3689400098005109,ols
171159,28650244.0,-92.55115509413906,-1.0794699058609325,ols
171185,28650244.0,-93.32417868463588,-3.016446315364121,ols
171198,28650244.0,-93.88105549408301,-3.42206950591698,ols
171209,28650244.0,-93.9294778304951,-1.6005221695048988,ols
171223,28650244.0,-97.51683011477732,1.8274551147773224,ols
171236,28650244.0,-100.9982195750639,3.0682195750638925,ols
171239,28650244.0,-100.87963323330929,2.355883233309285,ols
171264,28650244.0,-105.12064193018364,4.850641930183642,ols
171384,28650244.0,-98.76602312233128,-4.576476877668725,ols
74834,28650250.0,-104.217686661891,-1.4529482587439304,ols
74855,28650250.0,-104.22678395979786,-1.5825910402021464,ols
74861,28650250.0,-104.22678395979786,-1.539466040202143,ols
74867,28650250.0,-104.22678395979786,-1.1269660402021486,ols
74877,28650250.0,-104.2267732652726,-1.1888517347274075,ols
74909,28650250.0,-104.2267732652726,-0.32572673472739666,ols
74937,28650250.0,-104.1521008815953,-4.977274118404694,ols
74947,28650250.0,-103.8972979354425,-5.647702064557507,ols
74954,28650250.0,-103.81535487877163,-6.280270121228369,ols
74959,28650250.0,-103.88147271169868,-6.860402288301316,ols
74982,28650250.0,-103.5438572439719,1.4226072439718962,ols
74999,28650250.0,-104.19153266565736,3.0265326656573563,ols
75010,28650250.0,-103.57942723496494,-1.1205727650350639,ols
125183,28650250.0,-106.55716699898746,-2.5653330010125472,ols
125191,28650250.0,-107.33573111107135,-2.923884273544047,ols
125228,28650250.0,-105.1506636768471,3.3894136768470986,ols
125263,28650250.0,-104.45818568051727,0.9506856805172816,ols
125270,28650250.0,-104.53448577093815,-0.8705142290618539,ols
138866,28650250.0,-107.52667597748317,1.8408426441498449,ols
138890,28650250.0,-106.94214210234671,-3.776967093055589,ols
138908,28650250.0,-105.1067070391503,0.9058737058169584,ols
138916,28650250.0,-104.98507713399006,1.870702133990065,ols
138933,28650250.0,-105.13190815318383,3.279408153183823,ols
138937,28650250.0,-105.1293543005533,4.4599793005533,ols
138945,28650250.0,-104.66959986826423,1.1783498682642346,ols
138952,28650250.0,-104.15866732010093,3.1442923201009307,ols
138975,28650250.0,-103.61280645245981,-1.9953185475401938,ols
139002,28650250.0,-103.67732652331398,-2.790798476686021,ols
169964,28650250.0,-106.42188981015127,-3.961235189848736,ols
169998,28650250.0,-104.50851197745506,0.6647619774550577,ols
170004,28650250.0,-104.5092033785127,0.9548283785127012,ols
170036,28650250.0,-105.06433960790615,3.1449646079061466,ols
170108,28650250.0,-103.69048078937575,1.4622831149571596,ols
170151,28650250.0,-103.68633612611377,0.7882111261137794,ols
170159,28650250.0,-103.68155620805173,0.6490562080517321,ols
170168,28650250.0,-103.67262093220246,0.5107459322024681,ols
170191,28650250.0,-103.66221462440457,1.1797146244045678,ols
170201,28650250.0,-103.65244677976432,1.4980717797643166,ols
170221,28650250.0,-103.64831334575385,1.1983133457538457,ols
170251,28650250.0,-103.6385668901641,0.988566890164094,ols
170395,28650250.0,-103.6196370457392,-0.7309879542607973,ols
170416,28650250.0,-104.11817945167009,-0.48057054832990787,ols
10254,28792065.0,-107.99628350759218,-2.7430457607004968,ols
10295,28792065.0,-98.96614779471427,-3.2960804661552885,ols
10304,28792065.0,-97.76006557735879,-7.562302843693857,ols
10311,28792065.0,-98.1634907849086,-5.983143830475996,ols
10313,28792065.0,-97.6607200574538,-4.834345732019884,ols
10320,28792065.0,-96.99848081790103,-2.2691473872271786,ols
10327,28792065.0,-97.34846375497511,-1.6899977834864046,ols
10351,28792065.0,-96.9794335793185,-4.565377741436222,ols
10355,28792065.0,-97.03830240351213,-5.2516975964878725,ols
10404,28792065.0,-100.11989827582812,8.00058009400992,ols
10429,28792065.0,-97.09367146840029,2.0410398894529322,ols
10445,28792065.0,-95.12285155527579,4.0069978967392075,ols
10470,28792065.0,-89.93255786494426,4.259938817325207,ols
10475,28792065.0,-89.98763265577668,3.5360701557766845,ols
10515,28792065.0,-87.19486326588422,-2.648886734115777,ols
10517,28792065.0,-86.95452193740263,-2.8686923483116544,ols
10545,28792065.0,-87.13882858110813,-0.19692723284535418,ols
10548,28792065.0,-87.15924909861735,-1.8192665263826484,ols
10553,28792065.0,-87.2056252884933,-0.16777214740413626,ols
10593,28792065.0,-93.74706779586101,5.29033702663024,ols
10636,28792065.0,-99.26365185851887,10.32615185851887,ols
24713,28792065.0,-107.7463327298864,0.421957729886401,ols
24737,28792065.0,-100.3250142991879,-2.3324857008121,ols
24803,28792065.0,-97.21348304822786,-5.89901695177214,ols
24827,28792065.0,-97.07870553070954,-5.12316946929046,ols
24828,28792065.0,-97.01605668620496,-4.517068313795036,ols
24832,28792065.0,-97.02267434919602,-3.904200650803972,ols
24854,28792065.0,-97.22230426337423,3.2279292633742216,ols
24858,28792065.0,-97.01615828081944,3.9724082808194368,ols
24879,28792065.0,-91.14898171340064,-1.3466432865993596,ols
24898,28792065.0,-88.67784685988156,2.223471859881556,ols
24907,28792065.0,-89.75905878626119,4.939058786261199,ols
24915,28792065.0,-89.91797378287343,2.9060987828734284,ols
24929,28792065.0,-86.58248245920004,-2.6725175407999586,ols
24937,28792065.0,-86.744343699632,-1.7912813003679986,ols
24954,28792065.0,-86.92918283924786,0.6079328392478516,ols
24957,28792065.0,-86.92037563715176,0.3097506371517653,ols
24992,28792065.0,-86.91116205659777,0.006787056597772789,ols
25033,28792065.0,-86.91275954432881,-0.2797404556711882,ols
25051,28792065.0,-86.91111301092182,-0.4332619890781757,ols
25056,28792065.0,-86.91255635509987,-0.25306864490013936,ols
25079,28792065.0,-86.91272451170313,-0.5304004882968627,ols
25130,28792065.0,-87.01225920778678,-0.6146157922132147,ols
25168,28792065.0,-93.35174563463111,-0.20012936536888049,ols
10652,28792066.0,-102.10104627159919,13.383716726144641,ols
10672,28792066.0,-102.10104627159919,13.814161025697544,ols
10678,28792066.0,-102.10104627159919,12.864344143939618,ols
10690,28792066.0,-102.10104627159919,12.377362061072873,ols
10704,28792066.0,-102.10104627159919,12.421559092112005,ols
10731,28792066.0,-102.10104627159919,13.20729627159919,ols
10736,28792066.0,-102.10104627159919,15.668480482125503,ols
10757,28792066.0,-102.10104627159919,15.00417127159919,ols
10773,28792066.0,-102.10104627159919,14.938546271599193,ols
10778,28792066.0,-102.10104627159919,13.20068395275861,ols
10795,28792066.0,-102.10104627159919,14.67604627159919,ols
10810,28792066.0,-102.10104627159919,14.713225758778677,ols
10814,28792066.0,-102.10104627159919,14.743091726144641,ols
10827,28792066.0,-102.10104627159919,15.85365043826586,ols
10828,28792066.0,-102.10104627159919,15.283444230782862,ols
10835,28792066.0,-102.10104627159919,15.31458793826586,ols
10896,28792066.0,-102.10104627159919,10.990848903178147,ols
10910,28792066.0,-102.10104627159919,10.906601827154745,ols
10916,28792066.0,-102.10104627159919,10.768546271599192,ols
10926,28792066.0,-102.10104627159919,10.882296271599188,ols
10946,28792066.0,-102.10104627159919,7.477735460788381,ols
10975,28792066.0,-102.10104627159919,4.229872802211432,ols
10995,28792066.0,-102.10104627159919,6.025248399258743,ols
11025,28792066.0,-102.10104627159919,3.7072962715991906,ols
11044,28792066.0,-102.10104627159919,3.713546271599185,ols
11051,28792066.0,-102.10104627159919,3.9563094294939276,ols
11056,28792066.0,-102.10104627159919,3.952110101386424,ols
11106,28792066.0,-102.10104627159919,2.954664692651832,ols
11110,28792066.0,-102.10104627159919,4.293233771599191,ols
11116,28792066.0,-102.10104627159919,2.6075117888405686,ols
11182,28792066.0,-102.10104627159919,-3.7355765354183745,ols
11223,28792066.0,-102.10104627159919,1.4939034144563266,ols
11224,28792066.0,-102.10104627159919,2.1211355573134654,ols
11262,28792066.0,-102.10104627159919,-2.196123539721569,ols
11286,28792066.0,-102.10104627159919,-0.4579815061785695,ols
11295,28792066.0,-102.10104627159919,-0.8868569542072464,ols
11308,28792066.0,-102.10104627159919,-2.27733210677917,ols
11366,28792066.0,-102.10104627159919,4.9932337715991935,ols
11369,28792066.0,-102.10104627159919,5.7295184938214305,ols
11394,28792066.0,-102.10104627159919,8.928944822323828,ols
11417,28792066.0,-102.10104627159919,8.228887180690094,ols
11432,28792066.0,-102.10104627159919,8.188255573924764,ols
11437,28792066.0,-102.10104627159919,5.348442104932502,ols
11459,28792066.0,-102.10104627159919,5.266586812139749,ols
11483,28792066.0,-102.10104627159919,-2.2815756796203175,ols
11622,28792066.0,-102.10104627159919,2.7284501177530274,ols
25232,28792066.0,-102.10104627159919,11.287296271599189,ols
25257,28792066.0,-102.10104627159919,13.060421271599182,ols
25267,28792066.0,-102.10104627159919,14.090421271599183,ols
25275,28792066.0,-102.10104627159919,12.217921271599181,ols
25367,28792066.0,-102.10104627159919,11.84917127159919,ols
25384,28792066.0,-102.10104627159919,10.16042127159919,ols
25395,28792066.0,-102.10104627159919,7.778546271599183,ols
25426,28792066.0,-102.10104627159919,5.812921271599194,ols
25431,28792066.0,-102.10104627159919,5.627296271599192,ols
25436,28792066.0,-102.10104627159919,8.284171271599192,ols
25444,28792066.0,-102.10104627159919,8.547921271599193,ols
25450,28792066.0,-102.10104627159919,8.666046271599186,ols
25463,28792066.0,-102.10104627159919,8.789796271599187,ols
25465,28792066.0,-102.10104627159919,8.928546271599188,ols
25530,28792066.0,-102.10104627159919,-3.9889537284008156,ols
25547,28792066.0,-102.10104627159919,-3.957078728400816,ols
25551,28792066.0,-102.10104627159919,-3.179578728400813,ols
25595,28792066.0,-102.10104627159919,-0.17832872840081393,ols
25608,28792066.0,-102.10104627159919,-2.5539537284008134,ols
25614,28792066.0,-102.10104627159919,-0.6064537284008082,ols
25624,28792066.0,-102.10104627159919,-1.7827037284008185,ols
25642,28792066.0,-102.10104627159919,-6.227703728400812,ols
25691,28792066.0,-102.10104627159919,-1.3608287284008185,ols
25699,28792066.0,-102.10104627159919,0.02792127159918323,ols
25730,28792066.0,-102.10104627159919,7.034796271599191,ols
25756,28792066.0,-102.10104627159919,9.826046271599182,ols
25785,28792066.0,-102.10104627159919,5.479171271599185,ols
25797,28792066.0,-102.10104627159919,3.7154212715991832,ols
25809,28792066.0,-102.10104627159919,-2.868953728400811,ols
41049,28792066.0,-102.10104627159919,-1.5820787284008162,ols
41066,28792066.0,-102.10104627159919,1.1941712715991883,ols
41103,28792066.0,-102.10104627159919,5.227296271599187,ols
41107,28792066.0,-102.10104627159919,5.663546271599188,ols
41153,28792066.0,-102.10104627159919,-0.0783287284008054,ols
41291,28792066.0,-102.10104627159919,4.652921271599183,ols
41295,28792066.0,-102.10104627159919,1.806046271599186,ols
57481,28792066.0,-102.10104627159919,-2.361453728400818,ols
57487,28792066.0,-102.10104627159919,-3.0483287284008185,ols
57504,28792066.0,-102.10104627159919,1.47354627159919,ols
57521,28792066.0,-102.10104627159919,4.089796271599184,ols
57580,28792066.0,-102.10104627159919,6.4585462715991895,ols
57594,28792066.0,-102.10104627159919,9.401046271599185,ols
57603,28792066.0,-102.10104627159919,7.863546271599191,ols
57607,28792066.0,-102.10104627159919,8.174796271599192,ols
57634,28792066.0,-102.10104627159919,8.861671271599192,ols
57643,28792066.0,-102.10104627159919,7.443546271599189,ols
57655,28792066.0,-102.10104627159919,7.346671271599192,ols
57843,28792066.0,-102.10104627159919,8.528546271599183,ols
57849,28792066.0,-102.10104627159919,3.097296271599191,ols
125557,28792066.0,-102.10104627159919,6.0054212715991895,ols
139485,28792066.0,-102.10104627159919,10.752296271599192,ols
139488,28792066.0,-102.10104627159919,9.422296271599194,ols
139498,28792066.0,-102.10104627159919,8.203546271599194,ols
139519,28792066.0,-102.10104627159919,2.2685462715991918,ols
154117,28792066.0,-102.10104627159919,-1.2377037284008168,ols
154119,28792066.0,-102.10104627159919,-2.4308287284008117,ols
154122,28792066.0,-102.10104627159919,-0.9120787284008145,ols
154126,28792066.0,-102.10104627159919,-0.19395372840081393,ols
154150,28792066.0,-102.10104627159919,4.799171271599192,ols
154183,28792066.0,-102.10104627159919,6.923546271599193,ols
154191,28792066.0,-102.10104627159919,5.502921271599192,ols
171455,28792066.0,-102.10104627159919,-2.233953728400806,ols
171459,28792066.0,-102.10104627159919,-3.056453728400811,ols
171476,28792066.0,-102.10104627159919,1.923546271599193,ols
171497,28792066.0,-102.10104627159919,2.9685462715991946,ols
171498,28792066.0,-102.10104627159919,3.6691712715991827,ols
171522,28792066.0,-102.10104627159919,13.174171271599192,ols
171551,28792066.0,-102.10104627159919,11.231671271599183,ols
171567,28792066.0,-102.10104627159919,10.144171271599191,ols
171591,28792066.0,-102.10104627159919,9.782296271599193,ols
171612,28792066.0,-102.10104627159919,13.91104627159919,ols
171642,28792066.0,-102.10104627159919,14.860421271599193,ols
171665,28792066.0,-102.10104627159919,13.991046271599188,ols
171681,28792066.0,-102.10104627159919,14.014171271599182,ols
171693,28792066.0,-102.10104627159919,13.398546271599187,ols
171700,28792066.0,-102.10104627159919,14.140421271599195,ols
171729,28792066.0,-102.10104627159919,14.206046271599192,ols
171770,28792066.0,-102.10104627159919,9.798546271599193,ols
171795,28792066.0,-102.10104627159919,5.752296271599192,ols
171803,28792066.0,-102.10104627159919,4.462296271599186,ols
171812,28792066.0,-102.10104627159919,-0.32895372840081905,ols
75039,28792072.0,-102.50413521849936,-2.84573591552126,ols
75090,28792072.0,-101.1661632265895,1.369913226589503,ols
75148,28792072.0,-94.76552856261385,-3.3219714373861535,ols
75178,28792072.0,-94.05448431708776,0.20010931708775104,ols
75217,28792072.0,-93.97804981881723,2.6080498188172214,ols
75220,28792072.0,-94.13321463977223,0.6244646397722278,ols
75229,28792072.0,-94.49712083121425,1.1258708312142431,ols
75241,28792072.0,-95.25959937919119,0.10022437919118943,ols
125321,28792072.0,-97.37479961149039,0.30876187564135193,ols
125374,28792072.0,-93.62577632677781,-1.9485986732221932,ols
125414,28792072.0,-93.2346603064624,-0.4522146935375986,ols
125424,28792072.0,-93.20266607353726,-0.6004589264627356,ols
125441,28792072.0,-98.29531236916087,7.330937369160864,ols
125454,28792072.0,-94.21886691224269,1.2244919122426836,ols
125484,28792072.0,-94.87961301415764,1.808363014157635,ols
125492,28792072.0,-95.07540374098801,1.3466537409880033,ols
139042,28792072.0,-99.91772995393958,-1.0935200460604193,ols
139078,28792072.0,-97.40733763354294,0.9579626335429339,ols
139083,28792072.0,-98.28400092846466,1.4390009284646652,ols
139111,28792072.0,-94.6639199186875,-1.2848300813125064,ols
139115,28792072.0,-95.03761431442273,-1.3973856855772766,ols
139157,28792072.0,-93.43492671556326,-0.49507328443674226,ols
139162,28792072.0,-93.24666284515625,-1.3683371548437435,ols
139173,28792072.0,-93.29746246577251,0.2587124657725184,ols
139206,28792072.0,-94.46482571208604,1.6160757120860438,ols
139221,28792072.0,-94.88055328354218,-0.02819671645781341,ols
139233,28792072.0,-95.53649931024897,0.6027493102489672,ols
170305,28792072.0,-103.12082029705402,0.4641536303873437,ols
170309,28792072.0,-103.11876737556442,0.16710070889773476,ols
28751,28904449.0,-100.98260989010988,0.7907348901098885,mean_fallback
28758,28904449.0,-100.98260989010988,0.4507348901098851,mean_fallback
28763,28904449.0,-100.98260989010988,1.05010989010988,mean_fallback
30670,29127680.0,-97.99512119429264,2.2894961942926386,ols
30691,29127680.0,-97.83003824912313,0.30753824912314087,ols
30695,29127680.0,-97.79795548589772,1.15358048589772,ols
31134,29127680.0,-99.26019165130185,-6.15268713657693,ols
33029,29127680.0,-92.43845412896977,13.01282912896977,ols
33042,29127680.0,-90.68213694705976,12.991511947059763,ols
33056,29127680.0,-87.29108110384044,0.7717061038404438,ols
33122,29127680.0,-85.50194002711096,-1.3899349728890371,ols
33129,29127680.0,-87.26084293480454,-3.0260320651954515,ols
33136,29127680.0,-88.69789709560311,-2.3789779043968906,ols
33197,29127680.0,-91.40852002235562,1.316020022355616,ols
33229,29127680.0,-91.41711714884622,1.2377421488462232,ols
33245,29127680.0,-91.41711714884622,1.1671171488462164,ols
33297,29127680.0,-92.24030847991165,0.5609334799116539,ols
33306,29127680.0,-92.60270535979487,-0.8410446402051264,ols
33323,29127680.0,-93.35294463762258,4.034194637622591,ols
33328,29127680.0,-93.47924993083403,5.482374930834027,ols
33400,29127680.0,-96.83146224373138,0.9070872437313824,ols
67689,29127680.0,-99.73080197870704,-4.3522946122020585,ols
130458,29127680.0,-99.68490946344642,-7.367288338751379,ols
144908,29127680.0,-98.03281185324613,1.9340618532461349,ols
144916,29127680.0,-98.04944614013408,1.7356961401340811,ols
145438,29127680.0,-99.25904701472888,-5.9678279852711285,ols
30736,29127681.0,-93.74598943621086,2.0797394362108577,ols
30796,29127681.0,-93.75210717055607,2.325857170556077,ols
30856,29127681.0,-93.75210717055607,2.229607170556079,ols
30863,29127681.0,-93.75210717055607,1.8521071705560672,ols
30875,29127681.0,-93.75210717055607,-1.6322678294439328,ols
30881,29127681.0,-93.70022866107618,-2.433521338923825,ols
30904,29127681.0,-93.12719069136978,1.22781569136977,ols
30925,29127681.0,-92.47871696239963,0.499341962399626,ols
30938,29127681.0,-92.07434144496587,1.4855914449658627,ols
30972,29127681.0,-89.48093851471444,1.2478135147144371,ols
30999,29127681.0,-89.47002621234344,-6.759973787656563,ols
31009,29127681.0,-90.7652807507896,-7.437219249210401,ols
31032,29127681.0,-92.56954484348996,-0.3329551565100388,ols
31041,29127681.0,-92.98949583143201,1.717620831432015,ols
31052,29127681.0,-93.52537819079701,4.0422531907970125,ols
31079,29127681.0,-94.55935780204523,3.7674828020452225,ols
31096,29127681.0,-95.26504854294336,-0.7730764570566322,ols
33350,29127681.0,-93.01845269989118,7.311577699891188,ols
33380,29127681.0,-92.96939776010909,-0.6638439981326769,ols
33435,29127681.0,-90.58891154226389,3.1139115422638923,ols
33465,29127681.0,-89.47580169581619,2.0614266958161807,ols
33504,29127681.0,-89.26344114107772,-4.1484338589222745,ols
33509,29127681.0,-89.58243117745553,-6.472568822544474,ols
33512,29127681.0,-89.88675943092208,-7.298240569077919,ols
33516,29127681.0,-90.14844994846516,-5.259050051534842,ols
33537,29127681.0,-91.49155849282843,-6.4546915071715745,ols
33609,29127681.0,-95.08621023883777,0.5005852388377718,ols
33633,29127681.0,-95.78972829785803,-4.809021702141962,ols
48885,29127681.0,-89.37148851918867,0.6508635191886754,ols
48889,29127681.0,-88.90764691266506,1.5301469126650602,ols
48909,29127681.0,-89.39964782088256,-6.6359771791174325,ols
48920,29127681.0,-90.90242862049371,-9.279576874011767,ols
49013,29127681.0,-95.919853913054,-4.146512066327446,ols
67475,29127681.0,-92.54617094238779,2.4417959423877846,ols
67499,29127681.0,-91.49355088183597,3.6460508818359756,ols
67500,29127681.0,-91.26632380482503,4.862573804825033,ols
67545,29127681.0,-88.77380848666517,-2.508691513334824,ols
67576,29127681.0,-91.92045078481348,-4.663924215186512,ols
67600,29127681.0,-93.49612185282444,3.11487185282445,ols
67659,29127681.0,-95.68172370110614,-4.308901298893858,ols
80216,29127681.0,-93.08510911311404,-1.494678120928512,ols
80244,29127681.0,-91.88063356277644,2.538133562776437,ols
80273,29127681.0,-89.53243810358553,2.576813103585536,ols
80294,29127681.0,-88.50683141546713,-2.5956685845328735,ols
80354,29127681.0,-93.56340470737638,3.330279707376377,ols
130188,29127681.0,-93.6374928538298,1.3384337140448537,ols
130217,29127681.0,-92.96757038491506,-0.11088706189345032,ols
130221,29127681.0,-92.82337887002328,-0.16537112997671954,ols
130252,29127681.0,-91.51912191130688,4.8897469113068865,ols
130269,29127681.0,-90.49197815007378,3.5876031500737753,ols
130279,29127681.0,-89.4306581945765,1.4875331945764998,ols
130302,29127681.0,-88.97737747211734,-3.795122527882654,ols
130309,29127681.0,-89.3179140344033,-5.748335965596695,ols
130329,29127681.0,-91.27535067158615,-8.406100941317092,ols
130396,29127681.0,-94.86679075985481,0.36866575985480665,ols
130402,29127681.0,-95.11980888475466,-1.5520661152453386,ols
130427,29127681.0,-95.77642635100253,-6.53857364899747,ols
145227,29127681.0,-93.12428461476523,0.9231628198934345,ols
145238,29127681.0,-92.71500146428531,2.175626464285301,ols
145253,29127681.0,-92.24154016359648,3.101540163596482,ols
145256,29127681.0,-92.07321996219629,2.1057199621962894,ols
145294,29127681.0,-89.0672886097993,1.5585386097992995,ols
145309,29127681.0,-88.42395781135014,-1.4860421886498614,ols
145318,29127681.0,-89.24916133458662,-5.856463665413386,ols
145354,29127681.0,-93.00258692730358,2.360086927303584,ols
145368,29127681.0,-93.75569774890553,3.92151407543615,ols
158894,29127681.0,-93.85658230518573,-2.7396676948142726,ols
158905,29127681.0,-93.85658230518573,-2.7277926948142692,ols
158909,29127681.0,-93.85658230518573,-2.6059176948142806,ols
158914,29127681.0,-93.85658230518573,-2.8690426948142687,ols
158920,29127681.0,-93.85658230518573,-2.954667694814276,ols
158928,29127681.0,-93.85658230518573,-2.8646676948142726,ols
158932,29127681.0,-93.85658230518573,-2.8177926948142726,ols
158967,29127681.0,-93.85675648643333,-2.811368513566677,ols
159001,29127681.0,-93.7304995284207,0.8574732126312199,ols
159029,29127681.0,-92.89146845877457,-0.715406541225434,ols
159046,29127681.0,-92.1582693040025,3.3276443040025043,ols
159127,29127681.0,-90.56452922341249,-5.451720776587507,ols
159136,29127681.0,-91.44545241100995,-7.355797588990043,ols
159144,29127681.0,-92.14400172075685,-3.2766232792431538,ols
159146,29127681.0,-92.44607784125016,-0.5545471587498412,ols
159159,29127681.0,-93.23696460289983,3.802589602899829,ols
159175,29127681.0,-94.09069106938219,4.725691069382194,ols
159189,29127681.0,-94.61622339566667,2.839973395666661,ols
29991,29127682.0,-87.57936566645488,6.360615666454876,ols
30063,29127682.0,-75.52758316564567,-2.8311668343543346,ols
30076,29127682.0,-80.74217308865963,4.870923088659623,ols
30141,29127682.0,-85.03655513789285,-2.053444862107156,ols
30164,29127682.0,-85.94056140549243,-3.2919385945075703,ols
30195,29127682.0,-86.10030758465918,-1.5959424153408293,ols
30229,29127682.0,-86.08621008317687,-4.65316491682313,ols
30253,29127682.0,-86.08621008317687,-4.7819149168231405,ols
30272,29127682.0,-86.09099851538548,-5.217126484614525,ols
30291,29127682.0,-86.09099851538548,-4.807126484614514,ols
30296,29127682.0,-86.09099851538548,-5.124626484614524,ols
30308,29127682.0,-86.09099851538548,-4.6540014846145255,ols
30317,29127682.0,-86.09099851538548,-4.949626484614527,ols
30334,29127682.0,-86.09099851538548,-5.042126484614528,ols
30346,29127682.0,-86.09099851538548,-5.058376484614527,ols
30348,29127682.0,-86.09099851538548,-3.836501484614516,ols
30352,29127682.0,-86.09099851538548,-4.582751484614519,ols
30368,29127682.0,-86.09099851538548,-6.4977514846145255,ols
30378,29127682.0,-86.09099851538548,-5.927126484614519,ols
30383,29127682.0,-86.09099851538548,-5.7946264846145255,ols
30430,29127682.0,-86.83400889314869,-2.7803661068513037,ols
30452,29127682.0,-87.49562229944058,-4.083127700559416,ols
30504,29127682.0,-87.86119455067892,-2.711305449321088,ols
30519,29127682.0,-87.86828474590656,-2.863590254093438,ols
30582,29127682.0,-88.6801949884449,-1.575430011555099,ols
30612,29127682.0,-89.9632716577297,-1.1942283422702928,ols
30624,29127682.0,-90.43725630955765,-4.315243690442344,ols
30636,29127682.0,-90.91653310350694,-8.941591896493065,ols
30645,29127682.0,-91.23213605618497,-7.638488943815034,ols
30655,29127682.0,-91.53343109691082,-8.689693903089179,ols
48073,29127682.0,-93.9109546372658,3.9928296372657996,ols
48166,29127682.0,-88.9470974814568,7.87272248145679,ols
48167,29127682.0,-88.62173275819106,7.477982758191061,ols
48175,29127682.0,-87.90975473669847,6.616629736698471,ols
48334,29127682.0,-86.61738175028967,-6.409493249710337,ols
48398,29127682.0,-88.4230797703201,-0.3850452296799034,ols
48405,29127682.0,-88.4230797703201,-0.3869202296799017,ols
48421,29127682.0,-88.4230797703201,-0.2544202296798943,ols
48435,29127682.0,-88.4230797703201,-0.12004522967990283,ols
48455,29127682.0,-88.4230797703201,-0.2112952296799051,ols
48529,29127682.0,-88.88941950840888,-3.263705491591125,ols
48534,29127682.0,-89.05755660207166,-3.26369339792835,ols
48544,29127682.0,-89.66385755908314,1.7538575590831442,ols
66801,29127682.0,-94.20793307532156,1.168558075321556,ols
66804,29127682.0,-94.09140393145427,2.4907789314542725,ols
66808,29127682.0,-93.9698759449085,2.753000944908493,ols
67060,29127682.0,-87.68033081162552,4.969080811625517,ols
67099,29127682.0,-86.11749110636646,5.830616106366463,ols
67104,29127682.0,-85.33473227801949,3.9872322780194906,ols
67121,29127682.0,-82.87428788430523,0.3411628843052341,ols
67127,29127682.0,-81.99018772237174,2.0539377223717423,ols
67129,29127682.0,-80.96544410150716,2.178569101507165,ols
67139,29127682.0,-78.44805498335216,2.354304983352165,ols
67144,29127682.0,-75.56614566630826,-0.43510433369173995,ols
67150,29127682.0,-74.40884982549088,-0.4855251745091209,ols
67184,29127682.0,-82.24402563802622,6.8746506380262105,ols
67225,29127682.0,-87.53836112912666,-1.7166388708733393,ols
67244,29127682.0,-89.15606058235213,-0.623314417647876,ols
67257,29127682.0,-89.99991495986394,-1.3238350401360606,ols
67262,29127682.0,-90.26542109248477,-3.4733289075152243,ols
67266,29127682.0,-90.52047683843465,-5.44077316156536,ols
79590,29127682.0,-94.3119268560436,1.0563018560436035,ols
79600,29127682.0,-94.03058892958262,1.456213929582617,ols
79612,29127682.0,-93.56194105239993,3.223231374980571,ols
79817,29127682.0,-85.93125233621873,5.418752336218731,ols
79902,29127682.0,-83.34202398278507,6.12889898278506,ols
79913,29127682.0,-84.76953787553376,2.4432878755337555,ols
79917,29127682.0,-85.36677205411563,0.7142720541156251,ols
79951,29127682.0,-88.6089168477526,1.2507918477525948,ols
79964,29127682.0,-88.60657045220964,1.0940704522096354,ols
79991,29127682.0,-88.59973529997579,1.0103602999757868,ols
80002,29127682.0,-88.59916145323974,0.8891614532397512,ols
80006,29127682.0,-88.59916145323974,0.8760364532397489,ols
80023,29127682.0,-88.59916145323974,0.9704114532397483,ols
80053,29127682.0,-88.59916145323974,1.0766614532397512,ols
80075,29127682.0,-88.59916145323974,0.9072864532397489,ols
80120,29127682.0,-88.79838191177191,-2.5091180882280923,ols
80143,29127682.0,-89.90267981847762,-0.5404451815223723,ols
80158,29127682.0,-90.84854501743466,-8.341454982565338,ols
129331,29127682.0,-94.42856439318327,3.575786615405505,ols
129335,29127682.0,-94.32074496755425,4.373869967554242,ols
129339,29127682.0,-94.21634311804213,3.4007181180421355,ols
129343,29127682.0,-94.12312490380816,1.8737499038081609,ols
129350,29127682.0,-93.96019068721893,3.892065687218931,ols
129530,29127682.0,-88.74610447411771,7.843604474117711,ols
129544,29127682.0,-88.096331438813,7.666331438812989,ols
129577,29127682.0,-85.42943611769233,4.350061117692334,ols
129683,29127682.0,-77.9657941863754,-2.729830813624602,ols
129687,29127682.0,-77.9657941863754,-2.4110808136245936,ols
129692,29127682.0,-77.9657941863754,-1.8698308136245885,ols
129723,29127682.0,-77.9657941863754,-1.8810808136245925,ols
129766,29127682.0,-77.9657941863754,-2.064830813624596,ols
129793,29127682.0,-77.9657941863754,-2.47733081362459,ols
129799,29127682.0,-77.9657941863754,-1.371705813624601,ols
129810,29127682.0,-79.28782867296317,1.5315786729631782,ols
129842,29127682.0,-84.26163888160522,4.437888881605218,ols
129854,29127682.0,-85.5469216727864,0.9212966727863972,ols
129894,29127682.0,-87.48227717479,-3.180222825209995,ols
129919,29127682.0,-88.52700341421883,-0.4323715857811692,ols
129950,29127682.0,-90.07288276039017,-1.1514922396098228,ols
129954,29127682.0,-90.25528313348121,-3.1315918665187894,ols
129964,29127682.0,-90.59873040500739,-8.460644594992615,ols
129967,29127682.0,-90.74543113504126,-9.783318864958744,ols
144144,29127682.0,-94.01418966508126,4.6254396650812595,ols
144401,29127682.0,-88.09144736548171,8.107697365481712,ols
144403,29127682.0,-87.8958038849376,7.520178884937607,ols
144490,29127682.0,-76.90124473025344,1.1056197302534372,ols
144501,29127682.0,-75.40590852937845,-0.5534664706215437,ols
144509,29127682.0,-74.40305397345676,0.24430397345676624,ols
144521,29127682.0,-73.9511560448919,-1.4975939551081012,ols
144576,29127682.0,-84.04983205132902,3.967957051329023,ols
144580,29127682.0,-84.64112372815535,2.987998728155347,ols
144601,29127682.0,-86.90781195947962,-4.514063040520384,ols
144607,29127682.0,-87.6296920252065,-1.5684329747935095,ols
144610,29127682.0,-87.94876993867506,-0.10123006132494083,ols
144640,29127682.0,-88.508072848004,-0.6775521519959966,ols
144661,29127682.0,-88.49535895476308,-0.4871410452369247,ols
144674,29127682.0,-88.49535895476308,-0.33776604523691844,ols
144696,29127682.0,-88.49535895476308,-0.5115160452369167,ols
144703,29127682.0,-88.49535895476308,-0.39276604523692527,ols
144706,29127682.0,-88.49535895476308,-0.3777660452369247,ols
144760,29127682.0,-88.49592642542427,-0.2940735745757337,ols
144813,29127682.0,-89.41000051520413,1.0793755152041342,ols
144849,29127682.0,-91.04688557763822,-8.301864422361774,ols
158281,29127682.0,-94.3839701257173,4.746470125717295,ols
158288,29127682.0,-94.16476704862089,2.1397670486208824,ols
158541,29127682.0,-89.0701174695163,5.729327995832094,ols
158572,29127682.0,-86.45701709186295,6.281392091862955,ols
158576,29127682.0,-85.9834277566754,6.247802756675398,ols
158607,29127682.0,-80.51197765853044,2.9082276585304356,ols
158611,29127682.0,-79.51007313776066,2.575073137760654,ols
158615,29127682.0,-78.43748982733399,2.4737398273339863,ols
158635,29127682.0,-74.05740058003423,-1.4682244199657788,ols
158641,29127682.0,-73.92073579180638,-0.2711392081936168,ols
158644,29127682.0,-74.08546168542708,-1.4720383145729272,ols
158667,29127682.0,-76.27666356666134,-0.7770864333386527,ols
158678,29127682.0,-78.0425429992847,-0.12370700071529939,ols
158706,29127682.0,-83.58671223103696,5.719212231036948,ols
158771,29127682.0,-89.86591537092133,0.12154037092132342,ols
158802,29127682.0,-91.5053062307695,-8.079068769230489,ols
15540,29127683.0,-93.89319942325523,-7.094925576744771,ols
117715,29127683.0,-90.50294210311445,6.904817103114453,ols
117737,29127683.0,-90.45646041703871,7.26146041703872,ols
117746,29127683.0,-90.06123799316835,1.9087379931683444,ols
117750,29127683.0,-89.89373898262032,1.1106139826203218,ols
117756,29127683.0,-89.72140054246879,-0.08234945753120826,ols
117776,29127683.0,-88.67972998985047,-4.389645010149522,ols
117824,29127683.0,-85.22851129796024,-2.8983637020397595,ols
117845,29127683.0,-87.27906430255467,-1.2271856974453215,ols
117860,29127683.0,-88.76080008649339,-4.002324913506612,ols
117862,29127683.0,-89.0608657781672,-3.216009221832806,ols
117867,29127683.0,-89.33707824067854,-2.029171759321457,ols
117959,29127683.0,-90.89860319899384,-1.280146801006154,ols
117975,29127683.0,-90.89860319899384,-0.9457718010061598,ols
117985,29127683.0,-90.89860319899384,-1.1013968010061603,ols
117993,29127683.0,-90.89860319899384,-1.182021801006158,ols
118015,29127683.0,-90.89860319899384,-0.8063968010061586,ols
118044,29127683.0,-91.08884296648945,-1.1086570335105534,ols
118050,29127683.0,-91.27826855873633,2.727018558736333,ols
15574,29127684.0,-92.38986710713303,-1.126382892866971,ols
15587,29127684.0,-92.44395366395548,0.5027036639554865,ols
15600,29127684.0,-92.45885674769957,-0.6042682523004288,ols
15612,29127684.0,-92.25832205409503,1.3239470540950293,ols
15616,29127684.0,-92.16554754234394,-0.6638274576560548,ols
15654,29127684.0,-91.92748110282665,-4.17439389717336,ols
15656,29127684.0,-92.26792459520772,-4.638950404792283,ols
15783,29127684.0,-102.73044496452503,-0.25018003547496903,ols
118066,29127684.0,-85.4449474960219,1.6018224960218959,ols
118111,29127684.0,-89.74534680510733,-6.730278194892662,ols
118118,29127684.0,-90.62631801242887,-6.663681987571138,ols
118133,29127684.0,-91.73262985224189,-1.3248701477581193,ols
118156,29127684.0,-92.33051003908221,-0.47573996091779236,ols
118176,29127684.0,-92.07921476653867,0.5029647665386676,ols
118199,29127684.0,-92.007071828656,1.414571828655994,ols
118220,29127684.0,-92.007071828656,1.566446828655998,ols
118224,29127684.0,-92.007071828656,0.6176968286559941,ols
118226,29127684.0,-92.007071828656,0.6226968286559895,ols
118275,29127684.0,-91.49341471155944,-3.2015852884405547,ols
118279,29127684.0,-91.484562955522,-7.811687044478006,ols
118301,29127684.0,-92.34810844124654,-5.609391558753458,ols
118303,29127684.0,-92.7252352924053,-6.854764707594697,ols
118370,29127684.0,-99.02207722654357,3.2945772265435664,ols
118388,29127684.0,-100.23765832621135,5.9420333262113445,ols
118419,29127684.0,-102.10264599243521,3.024520992435214,ols
118429,29127684.0,-102.457579636769,2.020704636768997,ols
118500,29127684.0,-103.96981093537735,-3.9470640646226514,ols
118521,29127684.0,-103.9984533859989,-0.18967161400109944,ols
118532,29127684.0,-104.18157737370794,-1.5071726262920606,ols
118539,29127684.0,-104.35422790961698,-2.19202209038302,ols
15261,29127685.0,-85.8840862767716,4.196586276771598,ols
15281,29127685.0,-85.11387100217433,4.189496002174337,ols
15297,29127685.0,-83.26994528918259,2.744320289182582,ols
15303,29127685.0,-82.59190870291191,1.7156587029119095,ols
15357,29127685.0,-73.98462005173589,0.48462005173588807,ols
15371,29127685.0,-78.60550500563272,4.4673800056327195,ols
15376,29127685.0,-80.59631752886219,2.359442528862189,ols
15383,29127685.0,-81.38976909083587,2.3553940908358726,ols
15392,29127685.0,-83.26529177488135,6.015916774881347,ols
15412,29127685.0,-85.12704944183412,-0.2592005581658867,ols
15428,29127685.0,-86.61747230961342,-1.4494026903865773,ols
15446,29127685.0,-88.06487949897794,1.9336294989779503,ols
15477,29127685.0,-90.31989431903085,1.2842693190308552,ols
15487,29127685.0,-90.78632505163068,1.7638250516306897,ols
15521,29127685.0,-92.42588718699014,-5.349623017091503,ols
65049,30625794.0,-108.55960459566619,2.3077295956661885,ols
65055,30625794.0,-108.20518533095853,0.8495603309585249,ols
65150,30625794.0,-96.9288804907603,0.4745054907603077,ols
65157,30625794.0,-99.49465340443459,2.0376221544345867,ols
156551,30625794.0,-97.73812046582049,2.6843704658204928,ols
156555,30625794.0,-98.5472563647469,2.3104142594837356,ols
5550,30827264.0,-77.45883624971498,-6.489288750285027,ols
5553,30827264.0,-77.49407496783454,-6.178425032165464,ols
5607,30827264.0,-77.49407496783454,-6.9234250321654685,ols
5630,30827264.0,-77.49407496783454,-5.922800032165469,ols
5639,30827264.0,-77.49407496783454,-6.607175032165458,ols
5644,30827264.0,-77.49407496783454,-7.195300032165463,ols
5661,30827264.0,-77.47689696057783,-5.302478039422169,ols
5668,30827264.0,-77.33719175837354,-3.395933241626466,ols
5672,30827264.0,-76.94186947705441,-2.3681305229455916,ols
5681,30827264.0,-76.19536009472353,-2.679639905276474,ols
5695,30827264.0,-76.34259307262519,-4.082406927374805,ols
5699,30827264.0,-76.70114926104557,-4.167600738954434,ols
5730,30827264.0,-85.75593277091647,3.7190577709164785,ols
5734,30827264.0,-86.6125023995104,1.2337523995104078,ols
19458,30827264.0,-76.7185653007354,0.14169030073540512,ols
19477,30827264.0,-81.42447642150049,-2.1223985784995136,ols
19506,30827264.0,-86.4921869225872,5.0484369225872,ols
19516,30827264.0,-87.2332909850827,6.44516598508271,ols
19522,30827264.0,-87.29296769966905,6.019217699669042,ols
19552,30827264.0,-87.30001941050017,5.545019410500174,ols
19557,30827264.0,-87.30001941050017,5.401269410500163,ols
19596,30827264.0,-87.77627271907947,3.006272719079476,ols
19623,30827264.0,-89.91694798020178,2.0238229802017855,ols
19628,30827264.0,-90.93899973990311,-1.1997502600968915,ols
19640,30827264.0,-92.53060360394802,-4.2251953651241365,ols
35202,30827264.0,-76.99144964926933,3.228324649269325,ols
35218,30827264.0,-76.25678238048607,-1.7457176195139255,ols
35234,30827264.0,-77.7860614191262,-0.9883135808738075,ols
35237,30827264.0,-78.79489246077142,-5.215107539228583,ols
35242,30827264.0,-80.08325292304178,-3.4517470769582133,ols
35304,30827264.0,-90.8450166008936,-1.910608399106394,ols
35316,30827264.0,-90.7978663431001,-3.4877586568998993,ols
35346,30827264.0,-90.79225274488573,-2.6908722551142716,ols
35350,30827264.0,-90.79225274488573,-2.138997255114276,ols
51000,30827264.0,-76.29726773015226,2.9735177301522526,ols
51015,30827264.0,-76.29726773015226,2.678517730152251,ols
51025,30827264.0,-76.29726773015226,2.8922677301522555,ols
51052,30827264.0,-76.29726773015226,2.8441427301522566,ols
51091,30827264.0,-76.29726773015226,2.7585177301522634,ols
51095,30827264.0,-76.29726773015226,2.769767730152253,ols
51122,30827264.0,-76.29726773015226,2.9991427301522577,ols
51125,30827264.0,-76.29726773015226,3.3485177301522526,ols
51134,30827264.0,-76.29726773015226,3.350392730152251,ols
51136,30827264.0,-76.29726773015226,3.2916427301522617,ols
51147,30827264.0,-76.29726773015226,3.3422677301522583,ols
51163,30827264.0,-76.29726773015226,3.3535177301522623,ols
51184,30827264.0,-76.29726773015226,3.2547677301522526,ols
51190,30827264.0,-76.29726773015226,2.8535177301522623,ols
51197,30827264.0,-76.0600981646041,-1.7517768353959013,ols
51205,30827264.0,-75.8255172017661,-1.749482798233899,ols
51241,30827264.0,-84.02772804431584,1.985228044315832,ols
51247,30827264.0,-86.12007280349711,3.0313228034971047,ols
51263,30827264.0,-89.18893570152778,1.505185701527779,ols
51271,30827264.0,-90.57980879832772,1.297933798327719,ols
69890,30827264.0,-76.70381720790012,3.693192207900111,ols
69909,30827264.0,-76.00329767525128,-4.860452324748721,ols
69960,30827264.0,-90.43737614116061,3.2105011411606057,ols
69966,30827264.0,-91.7824279945853,-5.154447005414696,ols
119976,30827264.0,-77.06895896030345,2.136458960303443,ols
119982,30827264.0,-77.06895896030345,2.4564589603034506,ols
119992,30827264.0,-77.06895896030345,2.3727089603034415,ols
119996,30827264.0,-77.06895896030345,2.1839589603034426,ols
120000,30827264.0,-77.06895896030345,1.9914589603034472,ols
120005,30827264.0,-77.06895896030345,2.0470839603034534,ols
120019,30827264.0,-77.06895896030345,2.1514589603034437,ols
120023,30827264.0,-77.06895896030345,2.1158339603034477,ols
120033,30827264.0,-77.06895896030345,2.049583960303451,ols
120047,30827264.0,-77.06895896030345,1.9395839603034517,ols
120068,30827264.0,-77.06895896030345,1.7727089603034472,ols
120113,30827264.0,-76.49357506134845,2.5904500613484487,ols
120139,30827264.0,-77.26116023202836,-0.6444647679716411,ols
120149,30827264.0,-79.14908472125131,-5.117165278748686,ols
132669,30827264.0,-82.22066515622676,-1.1280848437732374,ols
132671,30827264.0,-83.51635503383355,1.1944800338335426,ols
132682,30827264.0,-86.47746858380606,2.103093583806057,ols
132744,30827264.0,-90.33757112555776,0.06569612555776416,ols
147445,30827264.0,-77.45581125421077,-3.422313745789225,ols
147486,30827264.0,-87.07398777921834,2.906487779218338,ols
147507,30827264.0,-87.92318832040365,2.804438320403648,ols
147513,30827264.0,-87.99100772780625,3.2522577278062528,ols
147551,30827264.0,-88.22397205370265,2.928972053702651,ols
147556,30827264.0,-88.22397205370265,3.2489720537026585,ols
147575,30827264.0,-88.22397205370265,2.150222053702649,ols
147579,30827264.0,-88.22397205370265,2.6820970537026483,ols
147627,30827264.0,-90.13868510966944,0.28243510966943575,ols
147638,30827264.0,-91.31565631125854,-2.4068436887414606,ols
164685,30827264.0,-75.86103362439096,-4.22209137560904,ols
164696,30827264.0,-77.77850388937469,-7.588996110625317,ols
164732,30827264.0,-87.72199140631048,0.1919914063104784,ols
164758,30827264.0,-91.3950897177937,-3.706160282206298,ols
164784,30827264.0,-91.96899583205975,-4.735379167940252,ols
164798,30827264.0,-91.90293191385139,-4.382068086148607,ols
164810,30827264.0,-91.88353227055225,-4.006467729447749,ols
5505,30827265.0,-73.85455748949184,-3.437942510508165,ols
5508,30827265.0,-74.06529395370586,-6.347206046294133,ols
19266,30827265.0,-75.89602865857947,1.109066292988075,ols
19283,30827265.0,-75.2289867925136,-3.24976320748641,ols
19284,30827265.0,-75.2417239487286,-3.0551510512713946,ols
19299,30827265.0,-75.2544549724659,-1.0892950275341065,ols
19319,30827265.0,-75.2544549724659,-1.3674200275341093,ols
19333,30827265.0,-75.2544549724659,-0.26199239595516133,ols
19348,30827265.0,-75.2544549724659,-1.2061700275340996,ols
19378,30827265.0,-75.2544549724659,0.15070497246588843,ols
19420,30827265.0,-74.7545783164457,-1.948546683554298,ols
34967,30827265.0,-74.58488652558125,2.2761365255812507,ols
34982,30827265.0,-73.87254404663128,3.9100440466312705,ols
34987,30827265.0,-73.85692462589,1.9356746258900017,ols
35033,30827265.0,-73.8552259295628,2.9483509295628068,ols
35037,30827265.0,-73.8552259295628,3.85085092956281,ols
35092,30827265.0,-73.85604154909898,3.7185415490989726,ols
35138,30827265.0,-73.85604154909898,3.5297915490989737,ols
35154,30827265.0,-73.85992953997058,5.74992953997058,ols
35176,30827265.0,-75.22918303180049,-3.267066968199515,ols
35179,30827265.0,-75.50978681462674,-4.833963185373264,ols
50957,30827265.0,-74.59491925912374,-3.588205740876262,ols
50963,30827265.0,-76.01081637645743,-2.1835586235425666,ols
50967,30827265.0,-76.62241451149785,-1.6325854885021442,ols
69699,30827265.0,-73.86342505226838,1.9853000522683857,ols
69728,30827265.0,-76.26560856057932,-1.1100164394206757,ols
69737,30827265.0,-76.27761595194619,-0.9417590480538109,ols
69766,30827265.0,-76.25003819965977,-0.8237118003402344,ols
69772,30827265.0,-76.2483824306766,-0.9922425693233947,ols
69777,30827265.0,-76.2483824306766,-1.1053675693234055,ols
69795,30827265.0,-76.2483824306766,-1.411617569323397,ols
69835,30827265.0,-76.25003819965977,-1.5230868003402236,ols
69846,30827265.0,-76.25003819965977,-1.1930868003402253,ols
69866,30827265.0,-76.25003819965977,-1.0099618003402355,ols
119866,30827265.0,-74.82140392611106,2.0326539261110668,ols
132136,30827265.0,-93.12715039816351,1.3671503981635027,ols
132139,30827265.0,-93.04765508953803,2.211405089538019,ols
132437,30827265.0,-74.00285919808476,4.9841091980847665,ols
132446,30827265.0,-74.06373630436613,1.3437363043661321,ols
132451,30827265.0,-74.20210953153774,0.6271095315377408,ols
132476,30827265.0,-74.37630869352307,1.0206836935230683,ols
132486,30827265.0,-74.37630869352307,0.6119336935230706,ols
132500,30827265.0,-74.37630869352307,0.4538086935230723,ols
132526,30827265.0,-74.37630869352307,1.0538086935230666,ols
132539,30827265.0,-74.36689534022983,1.2462703402298274,ols
132570,30827265.0,-74.36689534022983,0.9062703402298382,ols
132589,30827265.0,-74.36973467741208,0.8159846774120894,ols
132591,30827265.0,-74.36973467741208,1.150984677412083,ols
147166,30827265.0,-75.8527946906855,-0.8503303093145007,ols
147193,30827265.0,-74.59747036985337,-2.1687796301466307,ols
147198,30827265.0,-74.603835881722,-1.857414118278001,ols
147210,30827265.0,-74.61285675644146,-1.8377682435585427,ols
147236,30827265.0,-74.61285675644146,-1.7021432435585382,ols
147277,30827265.0,-74.61285675644146,-1.5046432435585473,ols
147301,30827265.0,-74.61285675644146,-1.5921432435585388,ols
147303,30827265.0,-74.61285675644146,-0.9096432435585342,ols
147329,30827265.0,-74.62566750238905,-1.806832497610955,ols
147386,30827265.0,-73.91502985224398,3.2075298522439795,ols
160714,30827265.0,-93.27000033406742,0.23361973705249284,ols
164485,30827265.0,-74.15668013662162,-1.270819863378378,ols
164497,30827265.0,-73.8772783194276,3.357278319427607,ols
164540,30827265.0,-74.04457844398303,2.492078443983033,ols
164549,30827265.0,-74.04457844398303,2.4145784439830322,ols
164558,30827265.0,-74.04457844398303,-2.2510465560169735,ols
164563,30827265.0,-74.04457844398303,1.988328443983022,ols
164567,30827265.0,-74.04457844398303,2.49520344398303,ols
164579,30827265.0,-74.04457844398303,2.368953443983031,ols
164584,30827265.0,-74.04457844398303,2.388953443983027,ols
164600,30827265.0,-74.04457844398303,2.313328443983025,ols
164603,30827265.0,-74.04457844398303,1.1102034439830248,ols
164606,30827265.0,-74.09046777472781,0.8442177747278095,ols
164614,30827265.0,-74.16347492193034,0.479724921930341,ols
164626,30827265.0,-74.16347492193034,1.4815999219303393,ols
164664,30827265.0,-76.97213745065503,-6.309777442962002,ols
5243,30828289.0,-84.55894571531373,-2.7573042846862705,ols
5265,30828289.0,-84.55894571531373,-1.8891792846862785,ols
5278,30828289.0,-84.55894571531373,-2.92980428468627,ols
5281,30828289.0,-84.55894571531373,-2.397304284686271,ols
5306,30828289.0,-84.54073000352993,-2.940519996470073,ols
5329,30828289.0,-84.54073000352993,-3.1405199964700756,ols
5347,30828289.0,-84.48589646521546,2.7646464652154634,ols
5358,30828289.0,-83.25419746359404,4.596230430627003,ols
5387,30828289.0,-74.78392255129272,-1.6292024487072752,ols
5405,30828289.0,-85.06285505891756,4.778132836695335,ols
19072,30828289.0,-88.36526315483282,2.6777631548328173,ols
19080,30828289.0,-85.34843475412026,7.819059754120261,ols
19113,30828289.0,-77.63639531714426,7.848270317144269,ols
50598,30828289.0,-92.4985624588051,1.8891874588050968,ols
50605,30828289.0,-90.93223907124305,0.14411407124305242,ols
69401,30828289.0,-86.83273048219431,0.030230482194312458,ols
69404,30828289.0,-85.57747221717999,-4.725027782820007,ols
69425,30828289.0,-81.64607838941495,4.097328389414955,ols
69453,30828289.0,-81.74131994784332,3.363819947843325,ols
69505,30828289.0,-81.74131994784332,2.8131949478433285,ols
69512,30828289.0,-81.74131994784332,2.9969449478433177,ols
69561,30828289.0,-79.2516701939627,-4.632079806037311,ols
119738,30828289.0,-75.31781170479655,-1.3346882952034491,ols
132157,30828289.0,-83.29872706033667,-4.772522939663332,ols
132202,30828289.0,-83.38606720427327,-6.115807795726724,ols
132206,30828289.0,-83.391027594236,-4.672722405764006,ols
132225,30828289.0,-83.391027594236,-4.167097405764011,ols
132228,30828289.0,-83.391027594236,-3.0477224057640058,ols
132281,30828289.0,-77.40560773737535,-3.7187672626246524,ols
132306,30828289.0,-80.9961016127751,2.9492266127751066,ols
132312,30828289.0,-82.85958239069292,4.0602073906929235,ols
132316,30828289.0,-84.62118359355168,0.8136835935516729,ols
146760,30828289.0,-75.6644901490182,-2.2873848509817947,ols
160727,30828289.0,-82.53856542105923,-1.1864345789407622,ols
164324,30828289.0,-81.6761099779158,-3.9526400220841964,ols
164336,30828289.0,-76.93245488268444,-3.7262951173155585,ols
164355,30828289.0,-80.50518869798799,1.933313697987984,ols
1796,30828801.0,-91.69974369399837,5.324743693998371,ols
1809,30828801.0,-86.11230480341094,12.13542980341093,ols
1812,30828801.0,-83.74096411762666,12.555964117626658,ols
1855,30828801.0,-88.30072078933031,-0.9017792106696874,ols
1858,30828801.0,-89.96457917082067,-0.9522958291793344,ols
1879,30828801.0,-94.27971414498087,1.0022141449808686,ols
1881,30828801.0,-94.6702520255393,1.2033770255392966,ols
1889,30828801.0,-94.88055189385238,-1.0400731061476165,ols
1895,30828801.0,-94.86168456953288,-0.13394043046712056,ols
2015,30828801.0,-94.89963705770862,0.19151205770862134,ols
2024,30828801.0,-94.89963705770862,-0.35161294229138207,ols
2057,30828801.0,-94.89742235575194,-0.32195264424805714,ols
2135,30828801.0,-94.95182172895026,0.13619672895026724,ols
2136,30828801.0,-94.95182172895026,-0.17255327104973617,ols
2154,30828801.0,-94.95182172895026,-0.18817827104973617,ols
2210,30828801.0,-94.95182172895026,-0.22692827104972935,ols
2222,30828801.0,-94.95182172895026,0.20432172895026213,ols
2239,30828801.0,-94.95182172895026,-0.3688032710497424,ols
2285,30828801.0,-94.95182172895026,-0.05630327104974242,ols
2303,30828801.0,-94.95182172895026,0.4480717289502678,ols
2308,30828801.0,-94.95182172895026,-0.4744282710497316,ols
2314,30828801.0,-94.95182172895026,-0.2594282710497424,ols
2325,30828801.0,-94.95182172895026,0.20869672895025815,ols
2333,30828801.0,-94.95182172895026,0.607446728950265,ols
2361,30828801.0,-94.95182172895026,0.062446728950263264,ols
2440,30828801.0,-94.95182172895026,0.143071728950261,ols
2451,30828801.0,-94.95182172895026,-0.2594282710497424,ols
2461,30828801.0,-94.95182172895026,0.361821728950261,ols
2472,30828801.0,-94.95182172895026,0.38057172895025815,ols
2513,30828801.0,-94.94958282260062,-0.2691671773993818,ols
2523,30828801.0,-94.94958282260062,0.07583282260061708,ols
2567,30828801.0,-94.94958282260062,0.03270782260061367,ols
2572,30828801.0,-94.94958282260062,0.3558328226006182,ols
2579,30828801.0,-94.94958282260062,0.5689578226006233,ols
2587,30828801.0,-94.94958282260062,0.42333282260061367,ols
2594,30828801.0,-94.94958282260062,0.8583328226006159,ols
2610,30828801.0,-94.94958282260062,0.36208282260061253,ols
2612,30828801.0,-94.94958282260062,0.47958282260061935,ols
2663,30828801.0,-94.94958282260062,-0.05109652522547492,ols
2671,30828801.0,-94.94958282260062,1.1277078226006125,ols
2674,30828801.0,-94.94958282260062,1.0858328226006222,ols
2678,30828801.0,-94.94958282260062,1.5777078226006154,ols
2689,30828801.0,-94.93710545802499,-0.3253945419750153,ols
2695,30828801.0,-94.93710545802499,-0.14539454197500845,ols
2715,30828801.0,-94.93710545802499,0.3633554580249836,ols
2718,30828801.0,-94.93710545802499,0.4433554580249819,ols
2725,30828801.0,-94.93710545802499,-0.32914454197501186,ols
2762,30828801.0,-94.92461599125286,0.9383659912528657,ols
2766,30828801.0,-94.92461599125286,1.153365991252869,ols
2779,30828801.0,-94.92461599125286,0.7933659912528697,ols
2802,30828801.0,-94.92461599125286,0.18836599125286568,ols
2806,30828801.0,-94.92461599125286,0.2808659912528668,ols
2811,30828801.0,-94.92461599125286,0.47711599125285886,ols
2826,30828801.0,-94.92461599125286,-0.15350900874713602,ols
2847,30828801.0,-94.9223891870997,0.7692641870996937,ols
2850,30828801.0,-94.9223891870997,0.28051418709969766,ols
2852,30828801.0,-94.9223891870997,0.6436391870996943,ols
2861,30828801.0,-94.9223891870997,-0.25323581290030006,ols
2880,30828801.0,-94.9223891870997,0.32676418709969823,ols
2889,30828801.0,-94.9223891870997,-0.8688608129003086,ols
2896,30828801.0,-94.9223891870997,-0.20823581290029836,ols
2907,30828801.0,-94.9223891870997,0.3711391870997005,ols
2934,30828801.0,-94.9223891870997,1.3467641870996943,ols
2939,30828801.0,-94.9223891870997,1.2936391870997,ols
2964,30828801.0,-94.9223891870997,0.1017641870996897,ols
2978,30828801.0,-94.9223891870997,0.18113918709970278,ols
2987,30828801.0,-94.9223891870997,-0.37636081290030177,ols
3004,30828801.0,-94.9223891870997,-0.17886081290029665,ols
3012,30828801.0,-94.90991182252405,-0.20383817747594435,ols
3044,30828801.0,-94.90773342715683,0.25648342715682304,ols
3048,30828801.0,-94.90773342715683,-0.16726657284317525,ols
3117,30828801.0,-94.89520765379525,-0.5247923462047481,ols
3140,30828801.0,-94.89520765379525,-0.22854234620474756,ols
3152,30828801.0,-94.89520765379525,-0.7635423462047441,ols
3156,30828801.0,-94.89520765379525,-0.5004173462047419,ols
3166,30828801.0,-94.89520765379525,-0.5079173462047493,ols
3172,30828801.0,-94.89520765379525,-1.1416673462047413,ols
3185,30828801.0,-94.89520765379525,-0.42541734620475324,ols
3216,30828801.0,-94.89520765379525,-0.6066673462047447,ols
3234,30828801.0,-94.89520765379525,-0.744792346204747,ols
3304,30828801.0,-94.88271818702313,0.9202181870231243,ols
3313,30828801.0,-94.88271818702313,0.9070931870231362,ols
3318,30828801.0,-94.88271818702313,0.9308431870231288,ols
3322,30828801.0,-94.88271818702313,0.9308431870231288,ols
3330,30828801.0,-94.88271818702313,0.8420931870231243,ols
3343,30828801.0,-94.88271818702313,0.2702181870231328,ols
3350,30828801.0,-94.88271818702313,0.31584318702313396,ols
3358,30828801.0,-94.88271818702313,-0.13915681297686433,ols
3368,30828801.0,-94.88271818702313,0.675218187023134,ols
3373,30828801.0,-94.88271818702313,0.5145931870231237,ols
3390,30828801.0,-94.88271818702313,0.10646818702312544,ols
3437,30828801.0,-94.88271818702313,-0.4122818129768717,ols
3448,30828801.0,-94.88271818702313,-1.2941568129768655,ols
3458,30828801.0,-94.88055189385238,-0.8125731061476102,ols
3478,30828801.0,-94.88055189385238,-0.4644481061476142,ols
3481,30828801.0,-94.88055189385238,-0.4738231061476199,ols
3507,30828801.0,-94.88055189385238,-0.4525731061476108,ols
3517,30828801.0,-94.88055189385238,-0.16632310614761536,ols
3520,30828801.0,-94.88055189385238,-0.3635270535160373,ols
3545,30828801.0,-94.88271818702313,-0.8147818129768751,ols
3565,30828801.0,-94.88271818702313,0.22646818702312999,ols
3609,30828801.0,-94.89520765379525,-0.5241673462047487,ols
3614,30828801.0,-94.89520765379525,-0.5441673462047447,ols
3617,30828801.0,-94.89520765379525,-0.5297923462047436,ols
3625,30828801.0,-94.89520765379525,0.20770765379525358,ols
3633,30828801.0,-94.89520765379525,0.6595826537952547,ols
3648,30828801.0,-94.89305346282099,0.041803462820993786,ols
3654,30828801.0,-94.89305346282099,-0.5663215371790074,ols
3657,30828801.0,-94.89305346282099,-0.6038215371790159,ols
3676,30828801.0,-94.89305346282099,-0.1781965371790193,ols
3772,30828801.0,-94.90556713398608,0.5593171339860845,ols
3791,30828801.0,-94.90556713398608,0.23556713398608053,ols
3834,30828801.0,-94.89305346282099,0.06930346282098299,ols
3841,30828801.0,-94.89305346282099,-0.7200715371790096,ols
3847,30828801.0,-94.89305346282099,-0.8244465371790142,ols
3872,30828801.0,-94.89305346282099,-0.517102787179013,ols
3881,30828801.0,-94.89305346282099,-0.6656965371790164,ols
3904,30828801.0,-94.89305346282099,-1.314446537179009,ols
3910,30828801.0,-94.89305346282099,-1.342571537179012,ols
3916,30828801.0,-94.89305346282099,-1.2450715371790153,ols
3948,30828801.0,-94.89305346282099,-1.5281965371790136,ols
3982,30828801.0,-94.89305346282099,-0.9938215371790164,ols
3991,30828801.0,-94.89305346282099,-0.6419465371790096,ols
3993,30828801.0,-94.89305346282099,-0.5594465371790136,ols
4000,30828801.0,-94.89305346282099,-0.5850715371790187,ols
4008,30828801.0,-94.89305346282099,-0.6919465371790068,ols
4012,30828801.0,-94.89305346282099,-1.0050715371790062,ols
4019,30828801.0,-94.89305346282099,-0.9700715371790096,ols
4053,30828801.0,-94.89305346282099,-1.3519465371790176,ols
4069,30828801.0,-94.89305346282099,-0.9688215371790108,ols
4083,30828801.0,-94.89305346282099,-0.26944653717900735,ols
4090,30828801.0,-94.89305346282099,-0.3169465371790068,ols
4131,30828801.0,-95.16992751399594,-2.0706974860040503,ols
4177,30828801.0,-95.20683921327401,-1.2025357867259885,ols
4193,30828801.0,-95.21716238687539,-1.5834626131246097,ols
4258,30828801.0,-95.25879394278245,-1.9130810572175534,ols
4275,30828801.0,-95.26236409074541,-1.273885909254588,ols
4287,30828801.0,-95.27641474086404,-1.2279602591359549,ols
4290,30828801.0,-95.27827847912268,-1.0529715208773212,ols
4310,30828801.0,-95.26989165695883,-1.1476083430411705,ols
4329,30828801.0,-95.26989165695883,-2.048858343041161,ols
4333,30828801.0,-95.26989165695883,-1.2207333430411609,ols
4347,30828801.0,-95.2679553055213,-1.5251696944787057,ols
4375,30828801.0,-95.29428968507182,-2.276960314928189,ols
4380,30828801.0,-95.30841294836935,-1.6828370516306421,ols
4400,30828801.0,-95.31442774002221,-2.6593222599777846,ols
4444,30828801.0,-95.3197042976895,-2.2202957023105085,ols
4506,30828801.0,-95.3753017883398,-1.8021982116601976,ols
4532,30828801.0,-95.36419197196693,-1.939558028033062,ols
4564,30828801.0,-95.35103688438815,-2.2745881156118486,ols
4594,30828801.0,-95.30642818814587,-2.6579468118541314,ols
4671,30828801.0,-95.24653441774353,-1.9284655822564645,ols
4690,30828801.0,-95.25869712521057,-1.6144278747894276,ols
4722,30828801.0,-95.26649093974666,-1.752259060253337,ols
4743,30828801.0,-95.2821027732118,-1.6022722267882017,ols
4770,30828801.0,-95.31037350419986,-0.6790014958001365,ols
4779,30828801.0,-95.3205756558364,-1.0837993441636087,ols
4788,30828801.0,-95.33076570527643,-0.7129842947235687,ols
4806,30828801.0,-95.34292841274346,-0.507071587256533,ols
4811,30828801.0,-95.34102836789538,-0.3983466321046194,ols
4816,30828801.0,-95.34102836789538,-0.8964716321046211,ols
4830,30828801.0,-95.36157789752626,-1.0034221024737349,ols
4834,30828801.0,-95.36157789752626,-1.2965471024737383,ols
4857,30828801.0,-95.39263213370576,-1.1792428662942456,ols
4874,30828801.0,-95.39091362180496,-1.30158637819504,ols
4917,30828801.0,-95.41323007212257,-1.1286449278774313,ols
4933,30828801.0,-95.44543401696812,-1.4501909830318738,ols
4960,30828801.0,-95.42395261820795,-1.308547381792053,ols
4999,30828801.0,-96.09023904566824,-2.9466359543317537,ols
18242,30828801.0,-92.49363568119242,3.2944690145257454,ols
18260,30828801.0,-92.49363568119242,2.4580106811924196,ols
18265,30828801.0,-92.49363568119242,2.1442606811924207,ols
18273,30828801.0,-92.49363568119242,2.14051068119241,ols
18277,30828801.0,-92.49363568119242,3.7111356811924168,ols
18283,30828801.0,-92.49363568119242,2.903010681192413,ols
18285,30828801.0,-92.49363568119242,0.2667606811924088,ols
18311,30828801.0,-92.49363568119242,1.2692606811924207,ols
18326,30828801.0,-92.49363568119242,2.439885681192422,ols
18345,30828801.0,-92.49363568119242,1.8630106811924207,ols
18366,30828801.0,-92.49363568119242,1.917385681192414,ols
18438,30828801.0,-92.49363568119242,2.091135681192412,ols
18446,30828801.0,-92.5080372950091,1.8467872950091078,ols
18477,30828801.0,-92.5080372950091,1.3511622950091038,ols
34578,30828801.0,-96.5805474340458,16.237422434045797,ols
34605,30828801.0,-82.93590180307731,10.717776803077314,ols
34616,30828801.0,-75.07674750816693,9.467372508166932,ols
34640,30828801.0,-89.1523039471665,-0.30269605283349676,ols
34660,30828801.0,-97.22374287061346,-0.6581321293865301,ols
50211,30828801.0,-94.96968457096156,4.207184570961559,ols
50221,30828801.0,-94.96968457096156,3.0446845709615644,ols
50227,30828801.0,-94.96968457096156,4.764684570961563,ols
50249,30828801.0,-94.96968457096156,4.115309570961557,ols
50273,30828801.0,-94.96968457096156,5.012809570961565,ols
50278,30828801.0,-94.96968457096156,5.670934570961563,ols
50301,30828801.0,-94.96968457096156,4.172809570961562,ols
50329,30828801.0,-94.953213481546,5.9238384815459995,ols
50337,30828801.0,-94.91382083198859,10.16194583198859,ols
50357,30828801.0,-91.55023315862748,3.3821081586274744,ols
50413,30828801.0,-91.62451644065003,-1.3729835593499757,ols
50421,30828801.0,-95.55998130669498,-3.370643693305027,ols
68901,30828801.0,-91.57046803114974,3.7117180311497435,ols
68913,30828801.0,-91.31289698336775,3.643521983367748,ols
68927,30828801.0,-91.38518340297034,3.2533084029703474,ols
68931,30828801.0,-91.38518340297034,3.592683402970337,ols
68963,30828801.0,-91.40077103204251,4.27952103204251,ols
68966,30828801.0,-91.40077103204251,4.057646032042513,ols
119533,30828801.0,-83.40382112795835,9.495696127958354,ols
119585,30828801.0,-99.23931528633962,4.873690286339624,ols
146470,30828801.0,-91.6501730971974,4.523298097197397,ols
146489,30828801.0,-82.98924828518149,10.637998285181496,ols
146513,30828801.0,-80.84665121515285,-44.29022378484716,ols
146547,30828801.0,-97.19207142241324,-1.7173035775867618,ols
160449,30828801.0,-91.17119236472944,4.319317364729429,ols
160465,30828801.0,-82.43523393450893,10.086483934508934,ols
160513,30828801.0,-93.94845282280407,2.376577822804066,ols
160515,30828801.0,-95.36157789752626,1.0128278975262646,ols
17007,30828803.0,-92.81793521274632,-2.1120647872536864,mean_fallback
17013,30828803.0,-92.81793521274632,-0.15206478725367845,mean_fallback
17023,30828803.0,-92.81793521274632,2.6235602127463267,mean_fallback
17026,30828803.0,-92.81793521274632,3.1391852127463267,mean_fallback
17042,30828803.0,-92.81793521274632,-0.34143978725367674,mean_fallback
17051,30828803.0,-92.81793521274632,-0.084564787253683,mean_fallback
17061,30828803.0,-92.81793521274632,0.9754352127463193,mean_fallback
17076,30828803.0,-92.81793521274632,-1.358939787253675,mean_fallback
17083,30828803.0,-92.81793521274632,-0.14956478725368072,mean_fallback
17085,30828803.0,-92.81793521274632,-1.8001897872536858,mean_fallback
17092,30828803.0,-92.81793521274632,6.779185212746327,mean_fallback
17097,30828803.0,-92.81793521274632,1.7635602127463272,mean_fallback
17110,30828803.0,-92.81793521274632,1.0329352127463238,mean_fallback
17120,30828803.0,-92.81793521274632,1.6985602127463153,mean_fallback
17127,30828803.0,-92.81793521274632,1.280435212746326,mean_fallback
17154,30828803.0,-92.81793521274632,1.8104352127463272,mean_fallback
17172,30828803.0,-92.81793521274632,-4.5470647872536745,mean_fallback
17205,30828803.0,-92.81793521274632,0.5654352127463227,mean_fallback
17214,30828803.0,-92.81793521274632,-0.3420647872536762,mean_fallback
17225,30828803.0,-92.81793521274632,4.362935212746322,mean_fallback
17232,30828803.0,-92.81793521274632,-0.6820647872536796,mean_fallback
17243,30828803.0,-92.81793521274632,0.9323102127463159,mean_fallback
17246,30828803.0,-92.81793521274632,4.111060212746324,mean_fallback
17254,30828803.0,-92.81793521274632,0.4291852127463187,mean_fallback
17283,30828803.0,-92.81793521274632,-0.008314787253681288,mean_fallback
17296,30828803.0,-92.81793521274632,-1.6233147872536762,mean_fallback
17307,30828803.0,-92.81793521274632,-1.9095647872536858,mean_fallback
17310,30828803.0,-92.81793521274632,-1.8295647872536733,mean_fallback
17341,30828803.0,-92.81793521274632,-0.546439787253675,mean_fallback
17346,30828803.0,-92.81793521274632,-0.05643978725368015,mean_fallback
17372,30828803.0,-92.81793521274632,-0.8089397872536779,mean_fallback
17381,30828803.0,-92.81793521274632,-0.7795647872536762,mean_fallback
17394,30828803.0,-92.81793521274632,-0.5389397872536819,mean_fallback
17430,30828803.0,-92.81793521274632,-2.1964397872536807,mean_fallback
17440,30828803.0,-92.81793521274632,-0.09018978725367788,mean_fallback
17448,30828803.0,-92.81793521274632,0.551685212746321,mean_fallback
17462,30828803.0,-92.81793521274632,-0.26331478725367674,mean_fallback
17476,30828803.0,-92.81793521274632,0.24668521274631416,mean_fallback
17492,30828803.0,-92.81793521274632,-0.6551897872536756,mean_fallback
17516,30828803.0,-92.81793521274632,-1.4551897872536728,mean_fallback
17527,30828803.0,-92.81793521274632,-2.4320647872536796,mean_fallback
17541,30828803.0,-92.81793521274632,-0.9589397872536836,mean_fallback
17569,30828803.0,-92.81793521274632,0.33606021274631814,mean_fallback
17585,30828803.0,-92.81793521274632,0.7579352127463181,mean_fallback
17606,30828803.0,-92.81793521274632,0.3466852127463227,mean_fallback
17644,30828803.0,-92.81793521274632,0.23606021274632383,mean_fallback
17691,30828803.0,-92.81793521274632,1.7948102127463272,mean_fallback
17712,30828803.0,-92.81793521274632,0.766060212746325,mean_fallback
17726,30828803.0,-92.81793521274632,-0.011439787253678446,mean_fallback
17730,30828803.0,-92.81793521274632,1.0341852127463227,mean_fallback
17734,30828803.0,-92.81793521274632,1.031685212746325,mean_fallback
17743,30828803.0,-92.81793521274632,0.7866852127463204,mean_fallback
17747,30828803.0,-92.81793521274632,0.14418521274632212,mean_fallback
17792,30828803.0,-92.81793521274632,0.8610602127463238,mean_fallback
17807,30828803.0,-92.81793521274632,1.379810212746321,mean_fallback
17817,30828803.0,-92.81793521274632,0.8791852127463216,mean_fallback
17831,30828803.0,-92.81793521274632,1.6829352127463153,mean_fallback
17849,30828803.0,-92.81793521274632,-0.8558147872536779,mean_fallback
17880,30828803.0,-92.81793521274632,-0.5320647872536739,mean_fallback
17887,30828803.0,-92.81793521274632,0.24231021274631814,mean_fallback
17888,30828803.0,-92.81793521274632,0.5923102127463267,mean_fallback
17896,30828803.0,-92.81793521274632,0.7179352127463261,mean_fallback
17933,30828803.0,-92.81793521274632,0.446685212746317,mean_fallback
17945,30828803.0,-92.81793521274632,-0.04456478725367674,mean_fallback
17961,30828803.0,-92.81793521274632,-1.1326897872536819,mean_fallback
18038,30828803.0,-92.81793521274632,-1.823314787253679,mean_fallback
18075,30828803.0,-92.81793521274632,0.8898102127463261,mean_fallback
18118,30828803.0,-92.81793521274632,-0.48831478725368527,mean_fallback
18139,30828803.0,-92.81793521274632,1.4079352127463238,mean_fallback
18142,30828803.0,-92.81793521274632,1.129810212746321,mean_fallback
18158,30828803.0,-92.81793521274632,1.2029352127463255,mean_fallback
18178,30828803.0,-92.81793521274632,0.3816852127463193,mean_fallback
18196,30828803.0,-92.81793521274632,0.5116852127463147,mean_fallback
18222,30828803.0,-92.81793521274632,1.4860602127463238,mean_fallback
1362,30829312.0,-87.81883759017268,3.75321259017268,ols
1376,30829312.0,-83.31082834112544,0.5570783411254467,ols
1381,30829312.0,-81.78017187394789,-0.27107812605210313,ols
1385,30829312.0,-80.03735328688923,3.1373532868892227,ols
1428,30829312.0,-73.9330640506929,3.8193140506929097,ols
1442,30829312.0,-73.91352483518018,3.334774835180184,ols
1466,30829312.0,-73.91352483518018,3.2747748351801818,ols
1479,30829312.0,-73.91352483518018,3.475399835180184,ols
1498,30829312.0,-73.91352483518018,3.005399835180185,ols
1507,30829312.0,-73.91352483518018,2.8397748351801795,ols
1522,30829312.0,-75.47502921120785,-2.2968457887921403,ols
1555,30829312.0,-86.07225679391591,-4.458993206084088,ols
1567,30829312.0,-89.83295448861335,-1.2907955113866478,ols
1575,30829312.0,-92.0248881778041,-0.41573682219589614,ols
34389,30829312.0,-80.91622080158547,2.655595801585463,ols
34444,30829312.0,-85.21235478541186,-2.457020214588141,ols
49853,30829312.0,-84.91710410989765,5.246479109897649,ols
49861,30829312.0,-82.09607608500122,0.48170108500121955,ols
49873,30829312.0,-76.71827937454232,1.8539043745423243,ols
49882,30829312.0,-72.553955107108,-1.1522948928920016,ols
49900,30829312.0,-75.51166937762102,-3.577080622378986,ols
49914,30829312.0,-81.27220743497514,-4.05154256502486,ols
49916,30829312.0,-82.87292263648682,-4.461452363513175,ols
49924,30829312.0,-85.62475249102994,-4.785247508970059,ols
68648,30829312.0,-91.03270203943137,-2.2091729605686226,ols
68655,30829312.0,-90.66382901207284,-3.2961709879271552,ols
68663,30829312.0,-89.75476452794787,-0.3952354720521356,ols
68666,30829312.0,-89.17995192026167,1.0043269202616756,ols
68671,30829312.0,-88.51045520894472,4.972330208944726,ols
68695,30829312.0,-81.78503737030086,3.8781623703008563,ols
68705,30829312.0,-75.83055246399249,-0.13132253600751653,ols
68711,30829312.0,-73.32140165203413,-0.01172334796586938,ols
68726,30829312.0,-74.20234334658151,-3.1232816534184877,ols
68735,30829312.0,-78.2081473156044,-5.750602684395588,ols
68747,30829312.0,-83.4946028825118,-5.881659743750831,ols
68756,30829312.0,-87.85022610972867,-5.909773890271339,ols
131569,30829312.0,-88.5181340875426,4.2362590875426065,ols
131614,30829312.0,-72.37454958285493,-3.86982541714508,ols
131621,30829312.0,-74.81887124159326,-3.9873787584067486,ols
131639,30829312.0,-85.95599239353594,-4.904632606464062,ols
146232,30829312.0,-86.90446629483279,6.481966294832787,ols
146244,30829312.0,-83.12976788614007,4.159767886140074,ols
146257,30829312.0,-77.83798344227468,-3.323891557725318,ols
146272,30829312.0,-70.89334244595855,2.681467445958546,ols
146279,30829312.0,-74.67834555667773,-1.1010294433222754,ols
146283,30829312.0,-77.24792340610821,-5.514576593891789,ols
146290,30829312.0,-81.81872072713897,-4.984404272861028,ols
146294,30829312.0,-83.77346974377622,-4.670280256223776,ols
146298,30829312.0,-85.44304109662319,-4.36883390337681,ols
146317,30829312.0,-90.14205141792115,-1.5991985820788415,ols
146318,30829312.0,-90.87062915638128,0.008754156381286293,ols
146326,30829312.0,-91.79370538737308,2.844330387373077,ols
146349,30829312.0,-92.34715835574102,3.56090835574102,ols
160235,30829312.0,-89.57920947586528,0.7492094758652854,ols
160263,30829312.0,-81.19314587745731,4.3862708774573065,ols
160285,30829312.0,-70.94870539538982,1.4212053953898192,ols
160294,30829312.0,-75.44813107037217,-0.9593689296278285,ols
16770,30829314.0,-99.05875998838445,1.1493849883844547,ols
16803,30829314.0,-92.91510523862257,2.8932302386225786,ols
16852,30829314.0,-89.40279302585058,-0.693456974149413,ols
16874,30829314.0,-97.47214368329102,0.267768683291024,ols
16877,30829314.0,-99.03722590486798,1.0791009048679854,ols
16881,30829314.0,-100.19427182988215,-0.8984913280125824,ols
119311,30829314.0,-97.4954014006645,0.4366514006645019,ols
119326,30829314.0,-94.07961268388625,2.6639876838862477,ols
119331,30829314.0,-92.86716100212568,2.7146610021256805,ols
119340,30829314.0,-89.85997556673162,3.518725566731618,ols
119346,30829314.0,-86.18523354232732,-1.8535164576726686,ols
119351,30829314.0,-84.12332520115761,-1.6191747988423941,ols
119363,30829314.0,-78.27941264707269,0.6056626470726911,ols
119372,30829314.0,-79.01713927757838,0.4727642775783778,ols
119389,30829314.0,-87.42939101530013,1.7006410153001212,ols
119390,30829314.0,-89.18808721368595,0.34121221368594945,ols
119404,30829314.0,-93.71781966935617,-3.3528053306438323,ols
119425,30829314.0,-99.91790074854296,-0.8752242514570412,ols
119460,30829314.0,-107.3524665396496,-0.6731584603504075,ols
1101,30829824.0,-97.97430883117303,1.3918088311730372,ols
1125,30829824.0,-93.21863114545442,-4.795118854545578,ols
1130,30829824.0,-92.54646146377237,-4.562913536227626,ols
1146,30829824.0,-91.62475766555978,-3.817117334440212,ols
1157,30829824.0,-91.4789850060275,-4.177889993972499,ols
1185,30829824.0,-91.43023480513472,-2.40164019486528,ols
1206,30829824.0,-91.43023480513472,-4.985390194865289,ols
1230,30829824.0,-91.43023480513472,-5.132265194865283,ols
1263,30829824.0,-90.86103319482854,-1.9202168051714636,ols
1306,30829824.0,-82.06635357082956,8.028853570829568,ols
1315,30829824.0,-84.81863697142848,10.718011971428481,ols
1323,30829824.0,-87.74092474906224,7.992174749062244,ols
1331,30829824.0,-90.42868582495012,-1.3575641750498733,ols
1341,30829824.0,-93.81623213749637,1.2118571374963665,ols
1347,30829824.0,-94.78046331684072,4.681713316840728,ols
1351,30829824.0,-95.65936252689687,2.717257263738972,ols
34156,30829824.0,-97.97190955658007,2.061284556580077,ols
34169,30829824.0,-94.88943435413043,-1.339940645869575,ols
34209,30829824.0,-83.36792658148893,-3.753323418511073,ols
34220,30829824.0,-83.45199678087165,-3.464253219128352,ols
34233,30829824.0,-83.52511252334787,-3.075512476652122,ols
34247,30829824.0,-83.52511252334787,-2.747387476652122,ols
34266,30829824.0,-83.52511252334787,-1.8355124766521271,ols
34279,30829824.0,-83.52511252334787,-2.9967624766521226,ols
34295,30829824.0,-81.90069847642337,1.7013234764233687,ols
34346,30829824.0,-93.38619801244465,1.1824480124446524,ols
34358,30829824.0,-96.33485869287512,-0.013891307124879404,ols
49647,30829824.0,-99.63324949096514,5.551374490965145,ols
49678,30829824.0,-93.2882579029648,1.2132579029647985,ols
49705,30829824.0,-88.09728871758837,-9.140836282411627,ols
49728,30829824.0,-88.01447072924819,-8.324904270751816,ols
49753,30829824.0,-88.01447072924819,-4.805529270751805,ols
49757,30829824.0,-88.01447072924819,-5.280529270751813,ols
49803,30829824.0,-86.3416888359477,5.148563835947712,ols
49825,30829824.0,-93.8569433346733,1.6631933346733092,ols
49832,30829824.0,-96.09777021586663,1.065270215866633,ols
68317,30829824.0,-99.62980830031387,5.331197189202754,ols
68322,30829824.0,-98.91501564887088,5.352515648870877,ols
68341,30829824.0,-94.75281908527563,4.0653190852756325,ols
68363,30829824.0,-89.43783321237318,-0.9702917876268202,ols
68380,30829824.0,-86.27575179952451,-6.26237320047548,ols
68416,30829824.0,-86.20428974033348,-5.026335259666524,ols
68480,30829824.0,-86.2078647550656,-5.970885244934394,ols
68488,30829824.0,-86.23050970132344,-5.8107402986765635,ols
68539,30829824.0,-86.23050970132344,-6.523203169963693,ols
131065,30829824.0,-102.1751709952803,8.64591567613138,ols
131153,30829824.0,-93.78178199553216,-3.70634300446784,ols
131156,30829824.0,-93.74279139368087,0.25341639368087954,ols
131166,30829824.0,-93.46063287800388,-6.296242121996116,ols
131173,30829824.0,-93.44722179332689,-4.625278206673116,ols
131182,30829824.0,-93.46063287800388,-5.788117121996123,ols
131211,30829824.0,-90.16679209866385,-1.6182079013361488,ols
131220,30829824.0,-87.75932556018353,-0.5125494398164676,ols
131270,30829824.0,-81.23679721116724,3.5811722111672424,ols
131283,30829824.0,-81.23679721116724,3.4792972111672498,ols
131289,30829824.0,-81.23679721116724,3.5786722111672447,ols
131294,30829824.0,-81.23679721116724,3.386172211167249,ols
131347,30829824.0,-81.23679721116724,3.748047211167247,ols
131352,30829824.0,-81.23679721116724,3.5574222111672498,ols
131368,30829824.0,-81.23679721116724,3.233672211167246,ols
131433,30829824.0,-81.23679721116724,2.7999222111672424,ols
131435,30829824.0,-81.23679721116724,2.857422211167247,ols
131447,30829824.0,-81.23679721116724,3.070547211167238,ols
131469,30829824.0,-81.23679721116724,2.581797211167242,ols
131484,30829824.0,-81.23313616666883,3.032511166668826,ols
131532,30829824.0,-87.09746033272941,6.8043353327294085,ols
131534,30829824.0,-88.55202294442577,4.1745229444257745,ols
131542,30829824.0,-91.36741395802349,-3.010086041976507,ols
131549,30829824.0,-92.65415161343077,-2.742098386569225,ols
146027,30829824.0,-98.29150057945239,8.945250579452392,ols
146041,30829824.0,-95.66228753895044,8.220412538950441,ols
146052,30829824.0,-92.40674912333145,0.931749123331457,ols
146076,30829824.0,-85.18590760254648,0.5046576025464731,ols
146090,30829824.0,-82.33774880685849,-1.4785011931415113,ols
146101,30829824.0,-82.31826784422722,-1.3842321557727786,ols
146102,30829824.0,-82.37761882409842,-1.156131175901578,ols
146118,30829824.0,-82.41820575605739,-0.9186692439426167,ols
146129,30829824.0,-82.41820575605739,-1.5536692439426076,ols
146182,30829824.0,-86.47959455129671,7.196469551296715,ols
159836,30829824.0,-99.54878737820269,3.972537378202688,ols
159852,30829824.0,-95.96019906071984,0.44769906071984167,ols
159882,30829824.0,-83.19023687866625,-3.1685131213337456,ols
159886,30829824.0,-82.10823094928276,-2.386144050717249,ols
159891,30829824.0,-81.52474839777386,0.3659983977738648,ols
159904,30829824.0,-81.17032487842052,0.34719987842051125,ols
159906,30829824.0,-81.19054187349664,0.19491687349663778,ols
159927,30829824.0,-81.20090368090209,0.33902868090208926,ols
159992,30829824.0,-81.20016764845722,-0.29733235154277793,ols
159997,30829824.0,-81.20016764845722,-0.6085823515427791,ols
160039,30829824.0,-81.20016764845722,0.21391764845722605,ols
160049,30829824.0,-81.20016764845722,0.0370426484572306,ols
160055,30829824.0,-81.20016764845722,-0.4017073515427825,ols
160128,30829824.0,-81.21069195653232,-0.3993080434676841,ols
160145,30829824.0,-81.20016764845722,2.5345426484572187,ols
160151,30829824.0,-81.17960653431598,2.0327315343159853,ols
160166,30829824.0,-81.17960653431598,4.363356534315983,ols
163328,30829824.0,-97.97210073383849,0.1939757338384851,ols
163331,30829824.0,-97.5648549379884,-0.07264506201160259,ols
163334,30829824.0,-97.19041515968027,-0.9064598403197266,ols
163344,30829824.0,-96.51027338632281,-1.1316016136771907,ols
163354,30829824.0,-95.71382892781588,-5.260546072184113,ols
961,33802241.0,-90.96624662142028,3.309371621420283,ols
972,33802241.0,-89.13334745774068,2.5795974577406895,ols
1004,33802241.0,-84.03830093558764,-4.969199064412351,ols
1014,33802241.0,-86.32828090721074,0.3676559072107466,ols
1032,33802241.0,-91.33592307149011,1.8171730714901173,ols
1041,33802241.0,-92.70548122770123,1.4523562277012303,ols
1048,33802241.0,-93.7427973036115,0.6652973036114957,ols
1075,33802241.0,-95.72906628255816,-4.831558717441837,ols
33995,33802241.0,-92.81531881272198,2.368443812721978,ols
34004,33802241.0,-92.03778579781319,1.758410797813184,ols
34030,33802241.0,-88.27074370876818,1.8488687087681797,ols
34068,33802241.0,-87.77026257105459,0.9271375710545868,ols
34090,33802241.0,-91.9106540311225,1.6475290311225024,ols
34103,33802241.0,-93.8066574264807,-0.24271757351930034,ols
34116,33802241.0,-94.85082218096368,2.164572180963674,ols
34134,33802241.0,-95.94435829831312,-5.616266701686882,ols
49495,33802241.0,-93.00986694204445,1.9836169420444492,ols
49517,33802241.0,-90.90857060164748,3.037945601647479,ols
49528,33802241.0,-89.28007659133982,2.3475765913398163,ols
49538,33802241.0,-87.85932583107142,1.310575831071418,ols
49546,33802241.0,-85.94770237547218,-0.5779226245278295,ols
49568,33802241.0,-86.13972917646083,-0.3971458235391623,ols
49603,33802241.0,-93.40446243592852,1.1544624359285223,ols
49624,33802241.0,-95.25023711532484,-2.7422628846751707,ols
49631,33802241.0,-95.81495885805057,-5.2987911419494225,ols
49638,33802241.0,-96.07090158595608,-7.027223414043917,ols
68183,33802241.0,-91.46956361937251,2.578938619372508,ols
68239,33802241.0,-86.56555464463652,1.3618046446365213,ols
68266,33802241.0,-92.60906197958778,1.6540619795877802,ols
68268,33802241.0,-93.13482742397282,1.3785774239728283,ols
130989,33802241.0,-86.0257113609631,0.32258636096310056,ols
130990,33802241.0,-87.10813232664378,1.0900073266437857,ols
130998,33802241.0,-88.97788245413987,2.4166324541398723,ols
131006,33802241.0,-90.50418910704727,2.7585641070472633,ols
145875,33802241.0,-93.27664580138057,1.9566458013805743,ols
145888,33802241.0,-91.85112125849221,2.3592462584922202,ols
145920,33802241.0,-84.28241827849091,-2.3625817215090876,ols
145957,33802241.0,-91.28387311433742,2.9288731143374207,ols
145958,33802241.0,-91.92258087802952,2.1488308780295142,ols
145985,33802241.0,-94.40239100040276,-1.4519839995972461,ols
145986,33802241.0,-94.71519805284282,3.120823052842823,ols
159686,33802241.0,-92.16999065974292,2.033740659742918,ols
159694,33802241.0,-91.11488323882932,4.186133238829328,ols
159705,33802241.0,-89.7261284902336,3.4314856330907446,ols
159713,33802241.0,-87.86462214250099,1.8496221425009907,ols
159724,33802241.0,-84.33019668945232,-2.4998033105476765,ols
159734,33802241.0,-84.41701256827824,-2.7079874317217616,ols
159745,33802241.0,-86.74181933871745,2.1130693387174517,ols
159746,33802241.0,-87.81930418273052,1.8830541827305183,ols
159784,33802241.0,-93.51549219833045,1.734242198330449,ols
163163,33802241.0,-91.74315564561468,2.308780645614675,ols
163212,33802241.0,-85.52350029777298,-1.5939997022270234,ols
163223,33802241.0,-88.75991691719393,0.42991691719393543,ols
163230,33802241.0,-90.4236537201273,1.134903720127312,ols
163243,33802241.0,-92.37702874954394,-0.15984625045605583,ols
163246,33802241.0,-92.91857152012244,0.5273215201224417,ols
163271,33802241.0,-95.12277052434838,-2.490354475651614,ols
163311,33802241.0,-96.71151176036281,-9.702863239637196,ols
267,33802242.0,-86.60423098208611,-6.814519017913895,ols
297,33802242.0,-86.57862905008078,-6.93887094991922,ols
303,33802242.0,-86.570983785348,-7.519016214651998,ols
308,33802242.0,-86.56613944799795,-7.082610552002052,ols
324,33802242.0,-86.56613675220643,-7.265738247793564,ols
331,33802242.0,-86.56128971906486,-6.491210280935135,ols
360,33802242.0,-86.56389115787555,-10.031108842124453,ols
371,33802242.0,-86.58816676045615,-9.626833239543856,ols
430,33802242.0,-86.72035759312047,-13.514017406879532,ols
436,33802242.0,-86.74246038774106,-12.857539612258932,ols
445,33802242.0,-86.61047713102329,-13.465772868976714,ols
449,33802242.0,-86.55763961735535,-13.726110382644649,ols
472,33802242.0,-86.6076600288915,-11.160464971108496,ols
513,33802242.0,-86.03964327800362,-8.11285672199638,ols
517,33802242.0,-85.89595759032501,-10.492167409674991,ols
534,33802242.0,-85.28185089192792,-15.869399108072088,ols
542,33802242.0,-85.22199892874141,-18.36612607125859,ols
561,33802242.0,-85.85869636002306,-19.466303639976942,ols
571,33802242.0,-86.11889954850552,-18.678600451494475,ols
578,33802242.0,-86.33395092492555,-18.133549075074455,ols
597,33802242.0,-86.53125321001954,-13.96624678998046,ols
661,33802242.0,-86.95357860434262,-15.327671395657376,ols
733,33802242.0,-88.07091140038803,-2.280338599611966,ols
784,33802242.0,-83.86794598408912,6.232945984089113,ols
798,33802242.0,-85.49511495857436,6.85698995857436,ols
801,33802242.0,-85.87095681982723,6.554706819827231,ols
838,33802242.0,-87.99582821514929,2.0108282151492887,ols
840,33802242.0,-88.18889541177532,6.076395411775323,ols
849,33802242.0,-88.5401893955047,8.434564395504694,ols
856,33802242.0,-88.84525055477464,12.50900055477463,ols
867,33802242.0,-89.09560601685767,8.20748101685767,ols
878,33802242.0,-89.42090987460377,5.992159874603772,ols
913,33802242.0,-90.32079743136502,-6.424827568634981,ols
936,33802242.0,-90.81511663385217,-6.102938921703384,ols
30707,33802242.0,-93.43039563817504,0.25039563817503563,ols
30712,33802242.0,-93.40836832571685,-3.0497566742831452,ols
33859,33802242.0,-83.31225708779327,4.59413208779327,ols
33885,33802242.0,-86.79239722974029,2.2517722297402827,ols
33896,33802242.0,-87.72564520648321,0.8643952064832092,ols
33906,33802242.0,-88.16907595256681,8.50595095256682,ols
33921,33802242.0,-88.90196731243074,10.783217312430736,ols
33959,33802242.0,-90.22241452007363,-5.674460479926367,ols
48593,33802242.0,-93.53279797461332,0.6386447488068825,ols
48619,33802242.0,-93.42729278214281,-2.5795822178571797,ols
48624,33802242.0,-93.425357203836,-2.508392796164003,ols
48628,33802242.0,-93.425357203836,-2.9283927961640046,ols
48642,33802242.0,-93.42508492889311,-3.0336650711068813,ols
48662,33802242.0,-93.42508492889311,-2.4074150711068825,ols
48682,33802242.0,-93.42508492889311,-2.388040071106886,ols
48714,33802242.0,-93.42508492889311,-2.3105400711068853,ols
48732,33802242.0,-93.42508492889311,-2.5299150711068847,ols
48736,33802242.0,-93.42508492889311,-2.605540071106887,ols
48744,33802242.0,-93.42508492889311,-2.403665071106886,ols
48764,33802242.0,-93.42508492889311,-2.9786650711068887,ols
48774,33802242.0,-93.42508492889311,-2.8480400711068796,ols
48780,33802242.0,-93.42508492889311,-2.9728111107108504,ols
48787,33802242.0,-93.42508492889311,-3.8111650711068847,ols
48820,33802242.0,-93.34449693738347,1.8988719373834613,ols
48823,33802242.0,-93.32439711585754,-3.7422695508091266,ols
49326,33802242.0,-87.39991002209493,4.5655350220949344,ols
49367,33802242.0,-85.2137525025011,6.193752502501098,ols
49407,33802242.0,-88.68304208360559,11.370542083605585,ols
49411,33802242.0,-88.82017969369751,12.203304693697518,ols
49420,33802242.0,-89.0592478767128,9.51902510443557,ols
49436,33802242.0,-89.50288350295145,4.6453835029514465,ols
49441,33802242.0,-89.6137236668275,2.300598666827497,ols
49448,33802242.0,-89.82732740320468,-3.17579759679532,ols
49467,33802242.0,-90.31489903953312,-6.456759376308483,ols
67323,33802242.0,-93.4882068871857,-4.759293112814305,ols
67336,33802242.0,-93.4882068871857,-4.333043112814309,ols
67965,33802242.0,-87.82276109576318,1.7908860957631845,ols
67989,33802242.0,-85.43362395414755,7.507373954147553,ols
67995,33802242.0,-84.80070871835959,8.496333718359594,ols
68004,33802242.0,-83.23533267695069,4.660957676950687,ols
68030,33802242.0,-86.37977668486641,3.677901684866413,ols
68049,33802242.0,-87.9470047350452,2.9751297350452006,ols
68071,33802242.0,-88.77087366691248,12.742748666912476,ols
68082,33802242.0,-89.2059285887631,8.089053588763107,ols
68093,33802242.0,-89.5182171650812,5.456342165081196,ols
68125,33802242.0,-89.99845085690943,-6.475299143090567,ols
68141,33802242.0,-90.3474722883928,-6.449402711607206,ols
68144,33802242.0,-90.43531735065724,-7.470307649342757,ols
68163,33802242.0,-90.76739573247718,-7.2963542675228155,ols
80189,33802242.0,-93.47343394969079,5.23468394969079,ols
80200,33802242.0,-93.39415072127375,5.911025721273745,ols
80204,33802242.0,-93.36928474035166,6.480534740351658,ols
80700,33802242.0,-88.08433105054308,-2.6852910424801735,ols
80714,33802242.0,-86.36661313490517,1.3172381349051676,ols
80739,33802242.0,-83.47873838851149,4.0237383885114895,ols
80746,33802242.0,-84.58325269590938,7.2420026959093775,ols
80758,33802242.0,-86.11251860999268,5.591893609992681,ols
80779,33802242.0,-87.16181771560758,-3.245682284392416,ols
80788,33802242.0,-87.2681909529455,0.9706909529455032,ols
80824,33802242.0,-87.28501538778231,1.5093903877823038,ols
80830,33802242.0,-87.28281562190716,1.5284406219071656,ols
80841,33802242.0,-87.28281562190716,1.1978156219071678,ols
80842,33802242.0,-87.28281562190716,1.3653156219071576,ols
80856,33802242.0,-87.28281562190716,1.460940621907156,ols
80888,33802242.0,-87.28281562190716,1.2753156219071684,ols
80891,33802242.0,-87.28281562190716,1.4146906219071553,ols
80914,33802242.0,-87.28281562190716,1.4459406219071553,ols
80937,33802242.0,-87.28281562190716,1.466565621907165,ols
80960,33802242.0,-87.29517852178884,-0.7829464782111586,ols
80996,33802242.0,-87.17084592138687,1.3652209213868645,ols
81000,33802242.0,-87.0297940220171,-1.5945809779829005,ols
129973,33802242.0,-93.69549707983785,-6.494681491590725,ols
130005,33802242.0,-93.65171203407283,2.5467120340728258,ols
130018,33802242.0,-93.65171203407283,4.0135870340728275,ols
130052,33802242.0,-93.65171203407283,4.1117120340728235,ols
130100,33802242.0,-93.65171203407283,3.792962034072829,ols
130133,33802242.0,-93.58775977199403,0.21525977199402746,ols
130161,33802242.0,-93.42413061869728,-5.338369381302726,ols
130168,33802242.0,-93.39579784988861,0.38454784988860524,ols
130206,33802242.0,-93.32009463260172,-1.3261553673982718,ols
130609,33802242.0,-88.1188857061653,-2.226660270846196,ols
130614,33802242.0,-87.60355280882908,5.6385528088290755,ols
130669,33802242.0,-84.63389044370217,6.074515443702168,ols
130673,33802242.0,-85.27166349579775,6.196038495797751,ols
130690,33802242.0,-87.40174046453271,0.45861546453271274,ols
130701,33802242.0,-87.9134583054491,4.1297083054491,ols
130717,33802242.0,-88.71650494366477,11.58462994366478,ols
130726,33802242.0,-89.19062458034,9.011249580340007,ols
130733,33802242.0,-89.31930279666201,7.834927796662015,ols
130738,33802242.0,-89.51534884291065,5.974723842910649,ols
130743,33802242.0,-89.57971356109104,4.198463561091046,ols
130791,33802242.0,-89.6785439737737,1.3872939737736942,ols
130799,33802242.0,-89.6785439737737,1.3254189737736937,ols
130824,33802242.0,-89.6785439737737,1.5772939737737062,ols
130868,33802242.0,-89.80868061330462,-2.9444443866953804,ols
130870,33802242.0,-89.86751356729896,-3.8237364327010397,ols
130877,33802242.0,-89.9314766125438,-5.694773387456195,ols
130894,33802242.0,-90.33058854614268,-6.574411453857323,ols
130916,33802242.0,-90.74863032775053,-7.7838951824535485,ols
144970,33802242.0,-93.42129734181641,1.9669223418164137,ols
145003,33802242.0,-93.33308026032307,6.234955260323076,ols
145009,33802242.0,-93.33398065468863,4.629605654688632,ols
145010,33802242.0,-93.33488374484571,4.5986337448457135,ols
145019,33802242.0,-93.33625051114315,4.475000511143151,ols
145025,33802242.0,-93.33625051114315,6.1112505111431545,ols
145032,33802242.0,-93.33625051114315,6.039375511143149,ols
145071,33802242.0,-93.33625051114315,4.291250511143147,ols
145083,33802242.0,-93.33625051114315,5.653750511143144,ols
145097,33802242.0,-93.33659287666538,4.534092876665383,ols
145098,33802242.0,-93.33659287666538,5.870967876665375,ols
145115,33802242.0,-93.33659287666538,3.884717876665377,ols
145151,33802242.0,-93.33659287666538,5.692842876665381,ols
145160,33802242.0,-93.33659287666538,5.88159287666538,ols
145184,33802242.0,-93.33659287666538,4.116592876665379,ols
145205,33802242.0,-93.33556847589018,4.073068475890182,ols
145711,33802242.0,-87.8287807982132,1.3606557982132017,ols
145718,33802242.0,-87.31479579663383,5.256045796633828,ols
145722,33802242.0,-86.99570573832675,6.640080738326745,ols
145734,33802242.0,-85.73538546460476,6.680385464604754,ols
145754,33802242.0,-83.3048301821731,6.211705182173105,ols
145775,33802242.0,-86.41569541099456,3.6269454109945656,ols
145791,33802242.0,-87.83579524773177,2.9401702477317713,ols
145803,33802242.0,-88.53519948541289,10.645199485412888,ols
145821,33802242.0,-89.26332199008914,8.126446990089136,ols
145822,33802242.0,-89.41917378486896,6.311048784868959,ols
145838,33802242.0,-89.94523323663806,-5.299141763361945,ols
145861,33802242.0,-90.4524086688539,-6.981341331146098,ols
158821,33802242.0,-93.51160635752436,1.6997313575243567,ols
158850,33802242.0,-93.41842632385435,-3.7596986761456463,ols
158854,33802242.0,-93.41676571628193,-5.944484283718069,ols
158858,33802242.0,-93.41621847060466,-4.916676266237445,ols
159008,33802242.0,-93.36707419131045,5.847074191310455,ols
159506,33802242.0,-88.07676665955572,-2.3498321776535818,ols
159553,33802242.0,-83.8245572196766,4.920807219676604,ols
159583,33802242.0,-87.86658657840091,3.386586578400909,ols
159624,33802242.0,-89.60900603167858,2.6871310316785753,ols
162948,33802242.0,-86.85230041296555,5.635425412965546,ols
162956,33802242.0,-85.99425154049645,5.226126540496452,ols
162960,33802242.0,-85.46148226364981,5.741482263649814,ols
162978,33802242.0,-83.35721749865826,3.4940924986582615,ols
163078,33802242.0,-89.3904474304993,5.196697430499299,ols
15713,33802246.0,-98.16049135493185,-0.6163836450681544,ols
118326,33802246.0,-96.63475670856155,-0.6483682914384445,ols
118342,33802246.0,-97.1598707082359,0.49737070823590557,ols
118346,33802246.0,-97.36784095969773,0.8653409596977326,ols
16287,33802247.0,-102.92578886053715,4.07516386053716,ols
16310,33802247.0,-101.21907686651885,4.863451866518844,ols
16321,33802247.0,-99.96633310203592,7.445708102035923,ols
16341,33802247.0,-95.94338832108355,5.719638321083551,ols
16344,33802247.0,-94.5006358116125,3.5106358116125023,ols
16368,33802247.0,-93.66403153919839,-2.5034684608016136,ols
16386,33802247.0,-98.28834920515112,0.18959920515112572,ols
16395,33802247.0,-99.58388409865023,0.5251340986502271,ols
16425,33802247.0,-102.48669027069815,-1.0908097293018528,ols
16459,33802247.0,-102.51811875051237,-1.520006249487622,ols
16461,33802247.0,-102.51811875051237,-0.9675062494876272,ols
16489,33802247.0,-102.51811875051237,-2.0137562494876278,ols
16494,33802247.0,-102.51811875051237,-0.06688124948762209,ols
16498,33802247.0,-102.51811875051237,-0.06250624948762606,ols
16517,33802247.0,-102.51553526751482,1.7074102675148168,ols
16555,33802247.0,-102.51553526751482,-0.33883973248518373,ols
16581,33802247.0,-102.51553526751482,-0.1038397324851843,ols
16590,33802247.0,-102.51553526751482,-0.10258973248518544,ols
16599,33802247.0,-102.51553526751482,0.24803526751482252,ols
16603,33802247.0,-102.51553526751482,0.6174102675148276,ols
16616,33802247.0,-102.5151144286555,1.928864428655487,ols
16623,33802247.0,-102.5151144286555,0.18323942865549725,ols
16667,33802247.0,-102.5151144286555,-0.42176057134450673,ols
16724,33802247.0,-102.5544862419396,-0.655513758060394,ols
16764,33802247.0,-103.61263294887088,-2.021010668150396,ols
118967,33802247.0,-102.39748996747238,3.7056149674723855,ols
118974,33802247.0,-101.77999661616596,4.094371616165958,ols
118978,33802247.0,-101.45843481274771,4.1178098127477085,ols
118983,33802247.0,-101.1158018414421,4.765801841442112,ols
118989,33802247.0,-100.74750354470143,6.231253544701431,ols
118992,33802247.0,-100.34111348620712,7.429863486207125,ols
119003,33802247.0,-98.81527452693892,7.94152452693892,ols
119115,33802247.0,-101.70518666393566,-0.7679383360643328,ols
119123,33802247.0,-101.96490853496884,-0.19821646503115176,ols
119185,33802247.0,-102.19597829366253,-0.6265217063374706,ols
119188,33802247.0,-102.19597829366253,-1.3427717063374587,ols
119196,33802247.0,-102.19597829366253,-2.6477717063374655,ols
119198,33802247.0,-102.19597829366253,-1.776521706337462,ols
119209,33802247.0,-102.19597829366253,-1.010896706337462,ols
119231,33802247.0,-102.19597829366253,-3.120271706337462,ols
119262,33802247.0,-102.43039138329426,-2.4952336167057325,ols
15914,33802248.0,-89.50055316678805,-4.9900718332119425,ols
15946,33802248.0,-85.04664565480154,9.742895654801544,ols
15968,33802248.0,-79.43815282743375,7.815027827433752,ols
15982,33802248.0,-74.55684294135352,-1.8625320586464795,ols
15987,33802248.0,-72.55434848663646,-2.6631515133635446,ols
16008,33802248.0,-71.83951977603272,-8.439230223967286,ols
16021,33802248.0,-77.92288377017623,-8.592741229823773,ols
16035,33802248.0,-81.67937036733126,7.811245367331253,ols
16102,33802248.0,-87.98375068042925,2.480625680429256,ols
16172,33802248.0,-87.98375068042925,2.330000680429251,ols
16190,33802248.0,-88.2914587867504,-1.5972912132496049,ols
16207,33802248.0,-89.23987986378066,-7.310120136219339,ols
16216,33802248.0,-90.13872971074476,-7.985020289255246,ols
16234,33802248.0,-91.47861884217485,-9.017554627212903,ols
16237,33802248.0,-91.82476876231773,-2.617731237682264,ols
16271,33802248.0,-94.4104388417177,-3.1764361582823,ols
118577,33802248.0,-90.63397908941344,-14.709770910586556,ols
118591,33802248.0,-88.77337022550051,-4.0797547744994915,ols
118595,33802248.0,-88.21923331165985,-4.120141688340155,ols
118611,33802248.0,-85.47174306313926,9.423618063139259,ols
118617,33802248.0,-84.61589674046795,8.53402174046795,ols
118628,33802248.0,-81.46527858985296,7.897778589852962,ols
118644,33802248.0,-75.21857064169573,-3.5114293583042695,ols
118648,33802248.0,-73.17223361657386,-3.452141383426138,ols
118651,33802248.0,-70.95828025321273,-3.4879697467872717,ols
118665,33802248.0,-67.43063142784945,-4.027493572150547,ols
118690,33802248.0,-80.11163681755237,-5.202113182447633,ols
118707,33802248.0,-83.63189817944664,4.860023179446642,ols
118717,33802248.0,-84.86019417797878,0.8289441779787836,ols
118721,33802248.0,-85.39780091899193,1.6040509189919305,ols
118722,33802248.0,-85.90138289353168,0.8270078935316718,ols
118738,33802248.0,-87.27505568623059,4.701305686230583,ols
118755,33802248.0,-87.79000818221935,4.216883182219348,ols
118794,33802248.0,-87.79679770478094,4.082422704780939,ols
118798,33802248.0,-87.79679770478094,3.998672704780944,ols
118816,33802248.0,-87.79679770478094,4.123672704780944,ols
118879,33802248.0,-88.71121330375414,-2.646286696245866,ols
118901,33802248.0,-90.36301541627364,-7.8213595837263625,ols
118913,33802248.0,-91.43778526472347,-8.205339735276524,ols
118932,33802248.0,-93.19600157034607,-8.290248429653928,ols
118936,33802248.0,-93.5401165625621,-9.329728798262636,ols
118943,33802248.0,-94.2050075631887,-6.338742436811302,ols
1781,34006272.0,-88.4000951242231,-1.5999048757769003,ols
34540,34006272.0,-78.1828116055993,2.3710468997169443,ols
68843,34006272.0,-76.31044612007462,-1.6839288799253893,ols
68861,34006272.0,-85.9823288651696,0.7398288651695992,ols
68864,34006272.0,-87.55585490503687,-0.5253950949631303,ols
68887,34006272.0,-92.55128265974578,4.2006576597457865,ols
146432,34006272.0,-76.24119501794715,-1.833804982052854,ols
146456,34006272.0,-88.35109889208121,0.05797389208120762,ols
160415,34006272.0,-79.60968045264134,1.9934304526413484,ols
1587,34006273.0,-82.81684681307702,5.11497181307702,ols
1604,34006273.0,-77.28724682752951,-7.00400317247049,ols
1621,34006273.0,-72.96816501831015,-0.37933498168985125,ols
1632,34006273.0,-73.42087301664262,0.7846230166426125,ols
1667,34006273.0,-73.55525463496728,1.1996296349672804,ols
1668,34006273.0,-73.55640726620818,0.6126572662081884,ols
1694,34006273.0,-73.55952006075694,0.6195200607569404,ols
1720,34006273.0,-73.83388770799075,3.0787330688154952,ols
34466,34006273.0,-85.78951039127836,-4.936649402536091,ols
34477,34006273.0,-83.81218185049872,1.112806850498714,ols
34479,34006273.0,-83.00574719889767,1.576997198897672,ols
34533,34006273.0,-76.60692521804599,-0.6299497819540107,ols
49964,34006273.0,-83.29310437903783,1.2137293790378294,ols
50021,34006273.0,-73.24860641100494,0.6479814110049489,ols
50024,34006273.0,-73.49833397722082,3.356458977220825,ols
50032,34006273.0,-73.98321212054618,4.888212120546186,ols
50042,34006273.0,-74.27863081738914,4.926755817389136,ols
50044,34006273.0,-74.27396507655774,5.220840076557749,ols
50050,34006273.0,-74.23674267965868,5.486117679658676,ols
50053,34006273.0,-74.12184536069356,6.956845360693549,ols
50065,34006273.0,-73.77315025338073,4.388150253380729,ols
68815,34006273.0,-73.06181803212871,-2.439431967871286,ols
68821,34006273.0,-74.18002908141656,0.3012790814165669,ols
131661,34006273.0,-84.68076196133939,4.1951369613393865,ols
131686,34006273.0,-76.95493702899444,-3.829437971005561,ols
131695,34006273.0,-74.00191649577268,-1.6193335042273276,ols
131708,34006273.0,-73.09926819448256,-4.487606805517444,ols
160318,34006273.0,-86.97676198130075,0.4780506410945691,ols
160337,34006273.0,-85.01520447276928,1.259579472769289,ols
160341,34006273.0,-84.27738243892712,3.91800743892712,ols
160344,34006273.0,-83.4820944906437,2.993969490643707,ols
160349,34006273.0,-82.63533154957828,4.930956549578283,ols
160353,34006273.0,-81.71747127670176,5.0887212767017616,ols
160368,34006273.0,-76.89486216479835,-4.38138783520165,ols
160370,34006273.0,-75.33358518809736,-1.9739148119026453,ols
160381,34006273.0,-72.94277952307655,-0.5772204769234435,ols
160388,34006273.0,-74.24366536908751,-0.33945963091248643,ols
160391,34006273.0,-75.73875232423055,1.063752324230549,ols
16893,34006275.0,-93.58168640634662,7.9348114063466255,ols
16908,34006275.0,-86.2129657604312,0.5848407604312058,ols
16925,34006275.0,-76.72889328075166,4.6670182807516625,ols
16930,34006275.0,-74.729794184121,-0.5589558158789885,ols
16933,34006275.0,-73.17231914622991,-1.2051808537700879,ols
16977,34006275.0,-86.9764134567212,-6.611086543278802,ols
16984,34006275.0,-90.17165249205308,-6.205222507946914,ols
16991,34006275.0,-91.56624013808698,-6.674384861913012,ols
5175,34006528.0,-87.74372073452112,-2.6983845286367796,ols
34766,34006528.0,-73.67133578964354,3.2722973281050685,ols
34771,34006528.0,-73.23138547136088,-2.62736452863912,ols
34782,34006528.0,-77.67662227499434,-0.5615027250056528,ols
34785,34006528.0,-80.07342832212079,-2.0582921079867305,ols
34791,34006528.0,-84.16739039040301,2.6567653904030095,ols
34795,34006528.0,-85.88057419712082,3.685574197120829,ols
34804,34006528.0,-88.7665780085508,0.9565780085507924,ols
34809,34006528.0,-90.01268174832443,-1.0079432516755702,ols
50529,34006528.0,-83.20034473280931,-1.3371552671906812,ols
50546,34006528.0,-86.37089293633925,2.1715179363392423,ols
50558,34006528.0,-87.91817245565213,-0.09432754434787682,ols
50561,34006528.0,-88.48168870109241,1.4598137010924148,ols
50578,34006528.0,-89.32877926418706,0.28752926418705727,ols
69331,34006528.0,-75.19469758457029,11.685082199954905,ols
69338,34006528.0,-72.63089861093886,-2.2278513890611435,ols
69356,34006528.0,-81.18465937814327,0.2577843781432705,ols
69375,34006528.0,-89.73049787070873,-2.1120021292912696,ols
119662,34006528.0,-74.0388431040509,3.1219616607519356,ols
119676,34006528.0,-76.32265703547662,0.903907035476621,ols
119681,34006528.0,-79.18200535686292,0.011380356862915164,ols
119696,34006528.0,-87.66525249047824,4.774627490478238,ols
132104,34006528.0,-90.3117664785032,-0.5101085214968037,ols
160676,34006528.0,-87.67801435874016,-0.0026106412598494444,ols
164205,34006528.0,-78.82631139348177,-3.2680636065182256,ols
164231,34006528.0,-90.62520831047664,1.988958310476633,ols
164243,34006528.0,-93.24735187270753,3.6079768727075248,ols
5052,34006529.0,-90.24661240301982,3.2547374030198313,ols
5062,34006529.0,-88.87658720133494,1.8922122013349423,ols
5068,34006529.0,-87.26751764075217,-1.5999823592478322,ols
34688,34006529.0,-90.25601876786952,0.12914376786952175,ols
34692,34006529.0,-89.40068531241728,0.12881031241728635,ols
34709,34006529.0,-85.23134099886455,6.808215998864554,ols
34718,34006529.0,-82.46081139039826,6.66643639039826,ols
34721,34006529.0,-80.81336300023423,2.807738000234238,ols
34750,34006529.0,-67.81700626972989,6.78263126972989,ols
50460,34006529.0,-84.53735791163513,6.542357911635122,ols
50473,34006529.0,-77.55888991141127,-1.3948600885887288,ols
69282,34006529.0,-83.9765599102353,-3.097190089764709,ols
69293,34006529.0,-80.88339413991045,-2.0266058600895462,ols
69298,34006529.0,-77.04202415408065,6.0001491540806455,ols
69307,34006529.0,-72.09629958019859,2.175049580198589,ols
119608,34006529.0,-88.38949032864308,2.6676153286430804,ols
119612,34006529.0,-87.16354179314007,-0.25270820685993556,ols
119617,34006529.0,-85.80973557524067,-2.1521394247593406,ols
119619,34006529.0,-84.31182040386582,0.33369540386581775,ols
119643,34006529.0,-70.38902283511521,2.901522835115216,ols
131964,34006529.0,-92.31086822785123,-1.5666317721487673,ols
131967,34006529.0,-91.69098447928336,-0.6865155207166396,ols
131979,34006529.0,-89.5917830404165,0.9505330404165022,ols
131986,34006529.0,-87.96216799871465,-0.7722070012853521,ols
131994,34006529.0,-86.06187781288234,-3.612497187117654,ols
132022,34006529.0,-75.80560377304131,7.919978773041308,ols
146564,34006529.0,-92.76846527668378,-0.054034723316220834,ols
146626,34006529.0,-72.52321293774224,4.007587937742244,ols
146641,34006529.0,-67.5263022411769,6.648802241176895,ols
146645,34006529.0,-68.46390372055492,6.418278720554923,ols
146646,34006529.0,-70.37466575192356,-74.22533424807644,ols
160550,34006529.0,-90.22250455718077,0.2525045571807709,ols
160573,34006529.0,-85.60998485257421,-0.8687651474257905,ols
160590,34006529.0,-78.63304511757765,4.586170117577652,ols
164117,34006529.0,-92.3674786158483,1.5018536158483045,ols
164120,34006529.0,-91.47210891641333,-0.18539108358666567,ols
164124,34006529.0,-90.5161467294454,-0.8857282705546083,ols
164141,34006529.0,-85.71868540747352,6.483685407473516,ols
164146,34006529.0,-82.5244819332482,2.746356933248194,ols
164175,34006529.0,-67.93892309011596,9.008923090115964,ols
5452,34006784.0,-74.98557532868683,-0.8751017546464936,mean_fallback
34913,34006784.0,-74.98557532868683,-3.284424671313161,mean_fallback
50695,34006784.0,-74.98557532868683,1.2605753286868406,mean_fallback
69638,34006784.0,-74.98557532868683,-3.1412996713131633,mean_fallback
119808,34006784.0,-74.98557532868683,-0.1675496713131679,mean_fallback
132367,34006784.0,-74.98557532868683,-5.010049671313169,mean_fallback
146875,34006784.0,-74.98557532868683,-3.3420562502605264,mean_fallback
164407,34006784.0,-74.98557532868683,-4.981299671313167,mean_fallback
5197,34006785.0,-95.39371847436867,3.183718474368675,ols
5421,34006785.0,-70.6765427077702,3.067792707770195,ols
5426,34006785.0,-67.47329106223083,3.5039160622308287,ols
5434,34006785.0,-66.20173682687415,4.462361826874151,ols
19137,34006785.0,-76.71399729312859,1.1227472931285831,ols
19144,34006785.0,-71.91903403605906,5.865284036059066,ols
19157,34006785.0,-65.41222513651621,4.213475136516216,ols
34872,34006785.0,-79.06305911420755,-1.4669408857924537,ols
34897,34006785.0,-67.63521297303721,-25.00166202696279,ols
50665,34006785.0,-75.93808013578592,4.727455135785931,ols
50669,34006785.0,-72.86587488958308,6.281499889583088,ols
50681,34006785.0,-65.29926803921894,6.180518039218946,ols
50685,34006785.0,-66.80881233363239,1.6656873336323912,ols
69602,34006785.0,-75.94838013782723,4.854630137827229,ols
69608,34006785.0,-72.95553757084876,6.746162570848767,ols
119775,34006785.0,-71.16317800040923,5.603803000409229,ols
119781,34006785.0,-68.14603673658182,-0.7727132634181828,ols
119794,34006785.0,-69.7409693951237,-29.2615306048763,ols
132332,34006785.0,-73.57048810889422,6.587363108894223,ols
132340,34006785.0,-68.04901341176462,1.6983884117646255,ols
132354,34006785.0,-69.99112104993199,6.911746049931992,ols
146797,34006785.0,-77.9057724401415,-4.319852559858489,ols
146808,34006785.0,-71.01756952922119,5.0194445292211896,ols
164259,34006785.0,-93.87835669961083,2.751481699610835,ols
164284,34006785.0,-93.39534661577588,0.24409661577587372,ols
164374,34006785.0,-73.12371786577299,7.55934286577299,ols
164385,34006785.0,-67.0766246340335,4.98599963403349,ols
5490,34007040.0,-12.65141599501149,-69.4492090049885,ols
19238,34007040.0,-8.424456766495865,-66.16929323350413,ols
19253,34007040.0,-13.612734964738053,-68.77476503526195,ols
34944,34007040.0,-7.15037839735524,-62.25399660264476,ols
34948,34007040.0,-8.129336527238053,-67.22753847276195,ols
50827,34007040.0,-7.17747800673024,-62.301271993269765,ols
50850,34007040.0,-7.108355692277115,-62.610394307722885,ols
50857,34007040.0,-7.10863035048024,-63.01324464951976,ols
50901,34007040.0,-7.10863035048024,-62.79574464951976,ols
50923,34007040.0,-9.565707376847428,-69.92741762315258,ols
119854,34007040.0,-11.043368509659928,-69.33100649034007,ols
164447,34007040.0,-7.70128171766774,-62.16244779052899,ols
5465,34007041.0,-69.87327586129251,0.5301508612925119,ols
19199,34007041.0,-72.40272613716057,-1.8416488628394347,ols
19216,34007041.0,-69.49997683076033,-21.786898169239663,ols
34937,34007041.0,-69.24406404260993,-13.631560957390064,ols
50713,34007041.0,-73.39868928145476,0.9930642814547639,ols
50767,34007041.0,-70.91645035356578,4.812075353565774,ols
50802,34007041.0,-70.93116272712204,5.140537727122037,ols
50803,34007041.0,-70.93116272712204,4.546162727122038,ols
50809,34007041.0,-70.93116272712204,0.9099127271220482,ols
69653,34007041.0,-72.02285278502116,1.3859777850211543,ols
119827,34007041.0,-70.62558320164737,1.831208201647371,ols
119831,34007041.0,-69.37067962109418,-0.10432037890581114,ols
119840,34007041.0,-69.50248545347888,-21.50813954652112,ols
132389,34007041.0,-70.41036067324214,1.61161067324214,ols
132391,34007041.0,-69.26140481397476,2.275779813974765,ols
132398,34007041.0,-69.49871253814356,-5.8906624618564365,ols
146917,34007041.0,-71.61097952133397,-2.6552704786660257,ols
146924,34007041.0,-71.32223505017743,-2.4140149498225725,ols
146939,34007041.0,-71.26265359706895,-2.6773464029310503,ols
146990,34007041.0,-71.26265359706895,-2.1735964029310537,ols
146998,34007041.0,-71.247754906706,-2.1216200932939984,ols
147065,34007041.0,-71.06966265620397,-7.2703373437960295,ols
147079,34007041.0,-71.06696771667876,-3.9886572833212455,ols
147097,34007041.0,-70.15930543040884,0.7211804304088361,ols
164423,34007041.0,-72.48204386343407,-1.53170613656593,ols
164438,34007041.0,-69.08766439174312,-31.13296060825688,ols
12734,34210561.0,-109.42265068879678,7.717522483668574,ols
44493,34210561.0,-101.40642878493152,2.0045537849315167,ols
44517,34210561.0,-96.70864663341214,-0.7269783665878577,ols
44544,34210561.0,-95.5905521156348,-2.8181978843652047,ols
44547,34210561.0,-95.42789700166128,-3.090227998338719,ols
44561,34210561.0,-95.48044495750048,-2.2989300424995207,ols
44599,34210561.0,-97.2975509751927,2.1869259751927075,ols
44608,34210561.0,-97.31537724121145,2.1547522412114546,ols
44632,34210561.0,-97.31537724121145,1.6360022412114574,ols
44649,34210561.0,-97.31537724121145,1.4478772412114438,ols
44678,34210561.0,-97.31537724121145,3.4247522412114506,ols
44777,34210561.0,-104.44159922425438,-7.361525775745619,ols
44806,34210561.0,-104.14464780576776,-8.813477194232235,ols
44826,34210561.0,-104.34393729904873,-9.099812700951261,ols
44833,34210561.0,-104.97240881068346,-12.005924522649877,ols
64432,34210561.0,-106.24845322629633,7.37782822629633,ols
64475,34210561.0,-96.97249577251061,3.6218707725106185,ols
76401,34210561.0,-96.01328199478579,0.7789069947857854,ols
76409,34210561.0,-103.86895274311321,-12.25354725688679,ols
126930,34210561.0,-110.38400667874701,7.646248946788248,ols
126950,34210561.0,-95.40509774297638,-0.7211522570236184,ols
126958,34210561.0,-100.56846676941854,-4.103408230581465,ols
126965,34210561.0,-104.20553508777023,-13.463214912229773,ols
141352,34210561.0,-106.33787783544469,7.114127835444691,ols
141357,34210561.0,-104.69607618486658,6.51795118486659,ols
141383,34210561.0,-95.86467877291001,-1.456571227089995,ols
141395,34210561.0,-95.58129469851777,0.39566969851776435,ols
141444,34210561.0,-104.38813317746141,-9.809991822538592,ols
155434,34210561.0,-109.1247556768299,8.422880676829905,ols
155453,34210561.0,-97.3804214350323,0.017921435032306476,ols
155455,34210561.0,-95.73659233359801,-1.905907666401987,ols
155470,34210561.0,-101.01967021939916,6.1584202193991615,ols
155503,34210561.0,-109.24605844409473,-4.461568674549355,ols
172662,34210561.0,-110.7229607583679,7.9176222167012185,ols
12771,34210562.0,-103.33153295197901,-11.759092048020989,ols
12779,34210562.0,-102.43922026246534,-2.3845297375346632,ols
12787,34210562.0,-101.4064693855351,-3.259155614464902,ols
12789,34210562.0,-100.89351222462128,-2.78336277537872,ols
12798,34210562.0,-99.94338624567754,0.84338624567755,ols
12805,34210562.0,-99.23103961892146,0.9872896189214515,ols
12842,34210562.0,-85.48475327285152,7.0160032728515205,ols
12857,34210562.0,-83.64848733258259,5.80536233258259,ols
12880,34210562.0,-95.13258949337879,3.3538394933787856,ols
12887,34210562.0,-96.21286865313455,5.7784936531345465,ols
12891,34210562.0,-97.17948685138632,4.728861851386313,ols
12893,34210562.0,-98.06837695278432,0.13087695278431966,ols
27263,34210562.0,-102.30493756097974,-3.6019374390202614,ols
27290,34210562.0,-99.25308384514761,0.07620884514761883,ols
27298,34210562.0,-96.50819403976084,2.181944039760836,ols
27302,34210562.0,-94.71839598348058,2.610270983480575,ols
27311,34210562.0,-90.80848132267784,3.9684813226778317,ols
27320,34210562.0,-83.97940073870892,5.387525738708916,ols
27338,34210562.0,-81.74954578626588,-3.8904542137341167,ols
45405,34210562.0,-93.82547981495406,-4.632020185045931,ols
45444,34210562.0,-89.68951915819903,-3.8004808418009617,ols
45474,34210562.0,-86.6650547684211,1.5250547684211,ols
45475,34210562.0,-86.34077101030725,2.9488960103072515,ols
45507,34210562.0,-81.7392866430476,-0.8675883569523961,ols
45519,34210562.0,-80.31690385204172,-2.906221147958277,ols
45556,34210562.0,-82.34909356439346,-4.08153143560655,ols
45582,34210562.0,-89.25701437082552,0.8145143708255205,ols
45601,34210562.0,-93.8434031416354,3.147778141635399,ols
45612,34210562.0,-96.04951550548758,1.0570155054875698,ols
45622,34210562.0,-97.30162238245633,-2.522127617543674,ols
45772,34210562.0,-108.97006151828883,5.311311518288832,ols
64572,34210562.0,-98.2043838800209,-1.005616119979095,ols
64582,34210562.0,-94.77565752067032,-1.2905924793296748,ols
64603,34210562.0,-89.30228391791725,1.653533917917244,ols
64648,34210562.0,-85.37582531103394,3.1714503110339365,ols
64668,34210562.0,-92.17004205031822,4.528167050318217,ols
64677,34210562.0,-94.20611127060964,2.5254862706096333,ols
64962,34210562.0,-108.87213411676244,4.3946341167624325,ols
76415,34210562.0,-103.3489907377076,-9.377275085077201,ols
76433,34210562.0,-101.47255033744105,-3.88744966255895,ols
76451,34210562.0,-97.91902451823522,0.24464951823522085,ols
76486,34210562.0,-83.03105933341745,5.3960593334174405,ols
76496,34210562.0,-79.71738193730042,-4.769493062699581,ols
76500,34210562.0,-80.124247487757,-5.407627512242996,ols
76505,34210562.0,-81.66845544919772,-4.700919550802283,ols
76516,34210562.0,-87.0772654187057,2.906640418705692,ols
76541,34210562.0,-94.60926973570164,2.6048947357016488,ols
77507,34210562.0,-108.82373509993269,3.613735099932697,ols
126971,34210562.0,-103.41139908876399,-9.346725911236021,ols
126995,34210562.0,-101.05129612309261,1.9575461230926123,ols
127017,34210562.0,-96.73847300993175,-1.614026990068254,ols
127084,34210562.0,-86.94307754963639,2.669327549636378,ols
127119,34210562.0,-96.20333368473169,5.098958684731684,ols
127128,34210562.0,-97.64789001889505,4.8278900188950615,ols
127133,34210562.0,-98.27788762378478,1.4560126237847726,ols
127327,34210562.0,-109.1169569311428,-1.3105430688572,ols
141467,34210562.0,-102.9485048225296,-7.933995177470393,ols
141480,34210562.0,-102.30179084898421,-7.865709151015793,ols
141510,34210562.0,-100.25335893005833,1.9877339300583259,ols
141587,34210562.0,-84.9977457094898,1.8671207094898108,ols
141603,34210562.0,-82.43589108869733,5.524016088697337,ols
141612,34210562.0,-81.61208188826973,4.745831888269734,ols
141623,34210562.0,-80.74385663249711,3.1032316324971134,ols
141634,34210562.0,-80.16083555819259,-0.5297894418074094,ols
141650,34210562.0,-79.42172032665269,-7.341404673347313,ols
141662,34210562.0,-79.93934151822288,-8.14440848177712,ols
141705,34210562.0,-86.41574896708822,4.1294989670882245,ols
141724,34210562.0,-89.82697443506643,1.8719744350664342,ols
141755,34210562.0,-91.42021075573601,3.3614607557360046,ols
141787,34210562.0,-93.85470544143303,0.33408044143303073,ols
141791,34210562.0,-94.38861194522114,2.379861945221137,ols
141797,34210562.0,-94.94556272617099,5.593062726170984,ols
141821,34210562.0,-97.68521950640357,3.8139695064035664,ols
142073,34210562.0,-109.20329753562265,-0.9076575205571231,ols
155735,34210562.0,-93.06853608914912,-2.2133389108508794,ols
155757,34210562.0,-90.38807197894737,1.3549469789473676,ols
155794,34210562.0,-82.97205632821922,6.154556328219229,ols
155833,34210562.0,-80.16288738683625,-6.023362613163755,ols
155835,34210562.0,-80.4982061897563,-7.339918810243702,ols
155896,34210562.0,-86.83623590097747,6.233735900977464,ols
155900,34210562.0,-87.32684709615873,1.678097096158723,ols
155922,34210562.0,-90.69532038664161,2.5228203866416123,ols
155940,34210562.0,-92.94751268368847,1.6812626836884732,ols
155957,34210562.0,-95.3617046111678,2.08607961116779,ols
155996,34210562.0,-100.22137454237782,-3.091750457622183,ols
172704,34210562.0,-103.44744402808803,-2.1225559719119644,ols
172715,34210562.0,-102.37286343443924,-4.8196365655607565,ols
172733,34210562.0,-100.45259321558301,1.4694682155830066,ols
172751,34210562.0,-94.09417453485662,-1.6552004651433805,ols
172756,34210562.0,-92.66886918120284,-1.869255818797157,ols
172832,34210562.0,-97.25651663681094,6.449641636810938,ols
44837,34210566.0,-112.3085794828772,11.050766982877207,ols
44870,34210566.0,-111.48097690908924,2.9097269090892297,ols
44875,34210566.0,-111.49824727962621,-1.0161277203737882,ols
44899,34210566.0,-111.85429539311536,0.718462059782027,ols
44940,34210566.0,-112.70140878696915,-2.835257879697508,ols
44945,34210566.0,-112.8038907302518,-1.666942603081523,ols
44949,34210566.0,-112.89944504314983,-1.4338882901834893,ols
44953,34210566.0,-112.99617401628677,-1.042992650379901,ols
44955,34210566.0,-113.10148087419273,-3.5485191258072746,ols
44974,34210566.0,-113.50187384421329,-3.911459489120034,ols
44996,34210566.0,-114.08990875981263,-4.871757906854043,ols
45010,34210566.0,-114.38741868305432,-3.6275813169456796,ols
155520,34210566.0,-112.89414474694985,1.4824780802831867,ols
155547,34210566.0,-115.98605104751428,-0.20894895248571288,ols
155552,34210566.0,-116.38811146206908,0.2581114620690812,ols
155556,34210566.0,-116.78024170006763,0.5460750334009532,ols
155569,34210566.0,-117.85413328063079,1.4116332806307952,ols
155600,34210566.0,-120.14685805513896,1.1410247218056497,ols
155617,34210566.0,-121.07466201233109,0.9829953456644063,ols
155625,34210566.0,-121.49555710105813,2.050557101058132,ols
155630,34210566.0,-121.89510202368669,1.883435357020005,ols
40926,34768897.0,-108.61260111703112,8.129476117031118,ols
40932,34768897.0,-104.91149527011092,0.35962027011092346,ols
153911,34768897.0,-111.74559903445534,-1.165650965544657,ols
153916,34768897.0,-111.74559903445534,-1.5712759655446575,ols
153953,34768897.0,-111.74394890703918,-2.601051092960816,ols
153967,34768897.0,-109.46266013014909,-2.076813554061431,ols
154016,34768897.0,-109.77659687107415,8.20597187107414,ols
154025,34768897.0,-109.31366393776588,5.201788937765883,ols
154026,34768897.0,-108.41086685242735,3.5027418524273486,ols
11915,40782336.0,-85.35076730057631,-7.40173269942369,ols
11918,40782336.0,-82.17723311732037,-10.890266882679626,ols
11936,40782336.0,-78.84455000988649,-14.60919999011351,ols
11947,40782336.0,-78.41759222064456,-12.053657779355433,ols
11963,40782336.0,-78.37612628336521,-10.995748716634793,ols
11989,40782336.0,-78.36543241977493,-2.2451925802250656,ols
12000,40782336.0,-78.20659588641891,-2.594654113581086,ols
12023,40782336.0,-77.96148426561719,-2.0966407343828166,ols
12028,40782336.0,-77.86013868761171,-2.549236312388288,ols
12042,40782336.0,-77.52112838112467,-2.7219966188753375,ols
12085,40782336.0,-75.87133407458018,5.66383407458018,ols
12091,40782336.0,-75.97506518249838,4.258190182498382,ols
12108,40782336.0,-79.02035820016795,6.410358200167948,ols
12134,40782336.0,-78.07249187086181,1.0787418708618048,ols
12164,40782336.0,-82.08250612263757,4.470006122637571,ols
12208,40782336.0,-82.08447513145443,4.885725131454421,ols
12222,40782336.0,-82.08250612263757,4.9112561226375675,ols
12228,40782336.0,-82.08250612263757,4.930631122637564,ols
12269,40782336.0,-82.08250612263757,4.691881122637568,ols
12280,40782336.0,-82.08250612263757,4.644381122637569,ols
12286,40782336.0,-82.08553221150835,4.57115721150835,ols
12293,40782336.0,-82.08553221150835,4.69615721150835,ols
12321,40782336.0,-82.08553221150835,4.636157211508348,ols
12326,40782336.0,-82.08553221150835,4.755532211508353,ols
12329,40782336.0,-82.08553221150835,4.738657211508354,ols
12357,40782336.0,-82.17203449227907,-0.16457265057808002,ols
12362,40782336.0,-82.1930561857693,-0.7187741713735676,ols
12377,40782336.0,-84.13262768972227,3.306647297565405,ols
12381,40782336.0,-81.5048024067807,-0.8711591316808409,ols
26375,40782336.0,-84.49527556840015,-7.131599431599852,ols
26391,40782336.0,-78.46063904481055,-12.364056077140674,ols
26396,40782336.0,-78.45188894633435,-12.042486053665655,ols
26426,40782336.0,-78.43316600752854,-11.433708992471452,ols
26433,40782336.0,-78.43316600752854,-11.197458992471454,ols
26442,40782336.0,-78.43316600752854,-13.088083992471454,ols
26453,40782336.0,-78.43316600752854,-16.292458992471452,ols
26458,40782336.0,-78.43316600752854,-9.758083992471455,ols
26466,40782336.0,-78.4301414963892,-12.501108503610808,ols
26496,40782336.0,-77.81221825107772,1.1903432510777208,ols
26532,40782336.0,-81.22349289392356,5.373492893923569,ols
26547,40782336.0,-80.78165236416127,6.773527364161268,ols
26560,40782336.0,-80.7585370210717,3.004162021071707,ols
26588,40782336.0,-77.92067308687868,7.463798086878683,ols
26594,40782336.0,-78.14811411573424,6.96623911573424,ols
26598,40782336.0,-78.8289225801341,5.161422580134101,ols
26602,40782336.0,-76.00455456053996,1.3170545605399582,ols
26606,40782336.0,-76.1349367076684,-0.010063292331594198,ols
26613,40782336.0,-76.43756926071771,1.7969442607177086,ols
26647,40782336.0,-79.4106573997787,1.2825323997787024,ols
26654,40782336.0,-81.96565144473648,0.6619014447364862,ols
26663,40782336.0,-79.76673876027087,-0.32076123972913706,ols
26670,40782336.0,-83.08757310471228,5.058198104712275,ols
26690,40782336.0,-83.06183557199641,4.276210571996415,ols
26734,40782336.0,-83.04697807517883,4.130103075178823,ols
26746,40782336.0,-83.06183557199641,4.14121057199641,ols
26750,40782336.0,-83.06183557199641,4.456210571996408,ols
26756,40782336.0,-83.04697807517883,4.018853075178825,ols
26761,40782336.0,-83.04697807517883,3.6244780751788284,ols
26775,40782336.0,-83.04697807517883,4.376353075178827,ols
41643,40782336.0,-84.93075941825607,-5.696740581743924,ols
41652,40782336.0,-78.30871139735919,-14.59816360264081,ols
41663,40782336.0,-78.95103268140775,-10.26521731859225,ols
41687,40782336.0,-78.37505500372848,-8.688069996271523,ols
41691,40782336.0,-78.30037624224744,-7.978373757752564,ols
41704,40782336.0,-77.99386246989567,-4.576137530104319,ols
41715,40782336.0,-77.65376195099482,0.41938695099482004,ols
41724,40782336.0,-77.3898548157418,-2.8238951842582054,ols
41742,40782336.0,-79.51919743307656,0.2973224330765589,ols
41766,40782336.0,-80.88750709857588,3.3493820985758873,ols
41778,40782336.0,-78.9027162342864,2.036466234286408,ols
41783,40782336.0,-78.77304564403008,-0.5476780401804433,ols
41805,40782336.0,-78.77304564403008,2.7849206440300804,ols
41885,40782336.0,-76.51508793876151,5.876337938761509,ols
41925,40782336.0,-82.1573047917068,-0.4101952082931888,ols
41933,40782336.0,-83.01387095898255,1.4351209589825515,ols
41937,40782336.0,-83.12548125763105,3.5361062576310474,ols
41955,40782336.0,-84.161834653839,-3.2725403461610085,ols
63440,40782336.0,-78.83814915350028,-12.186850846499723,ols
63448,40782336.0,-78.84573804164859,-11.57863695835141,ols
63458,40782336.0,-78.84762185296856,-9.739878147031447,ols
63482,40782336.0,-78.29037658048362,-10.922748419516381,ols
63487,40782336.0,-78.29138159540057,-9.581118404599437,ols
63494,40782336.0,-78.88747061553856,-9.648779384461434,ols
63502,40782336.0,-78.83198180136478,-7.099893198635229,ols
63519,40782336.0,-78.29001527998759,-3.9712347200124185,ols
63566,40782336.0,-77.28163979511726,1.1610147951172536,ols
63570,40782336.0,-76.71384896579588,3.7407239657958797,ols
63616,40782336.0,-80.71669242825064,6.013567428250639,ols
63642,40782336.0,-80.71669242825064,8.102942428250643,ols
63654,40782336.0,-80.39983978187894,4.6342147818789385,ols
63657,40782336.0,-78.21313716090184,1.7031371609018322,ols
63681,40782336.0,-75.94589450620441,3.3758945062044177,ols
63687,40782336.0,-76.01721269975282,4.350962699752813,ols
63690,40782336.0,-76.18523794092084,5.440237940920838,ols
63703,40782336.0,-76.6601003893825,6.347600389382507,ols
63705,40782336.0,-78.93925018313507,7.402375183135078,ols
63709,40782336.0,-79.04005617699363,5.304431176993631,ols
63718,40782336.0,-79.40340299069223,2.8465279906922234,ols
63742,40782336.0,-82.28061396886251,-2.2343860311374897,ols
63746,40782336.0,-82.40907759457966,0.7128275945796503,ols
63754,40782336.0,-83.1019083724286,3.0819083724286003,ols
63790,40782336.0,-86.2105220630595,-7.220727936940506,ols
75575,40782336.0,-87.67646805998703,-12.911031940012975,ols
75612,40782336.0,-87.44486024244132,-5.540139757558677,ols
75622,40782336.0,-82.2216446791679,-4.715855320832105,ols
75626,40782336.0,-80.76826215756779,-5.8617378424322055,ols
75645,40782336.0,-82.10091982608432,-4.374705173915672,ols
75657,40782336.0,-82.12447535624112,-4.981149643758883,ols
75665,40782336.0,-80.75977554023936,-7.872724459760633,ols
75669,40782336.0,-78.29290095076165,-11.697099049238346,ols
75676,40782336.0,-78.82488043222642,-8.999494567773581,ols
75705,40782336.0,-78.14006610774163,2.2619411077416345,ols
75776,40782336.0,-78.91164934960776,3.729149349607752,ols
75810,40782336.0,-78.55158579500201,6.597210795002013,ols
75833,40782336.0,-76.61899101940492,6.092741019404912,ols
75903,40782336.0,-82.07792281285154,-0.029577187148461803,ols
75911,40782336.0,-82.07707872653982,0.00270372653982065,ols
75914,40782336.0,-82.0770771488084,-0.00604785119159601,ols
75937,40782336.0,-82.0770771488084,-0.19292285119159658,ols
75938,40782336.0,-82.10643084194753,-0.2635691580524764,ols
75954,40782336.0,-82.07911084461364,-0.15713915538636058,ols
75960,40782336.0,-82.07627408351371,0.07814908351370775,ols
75966,40782336.0,-82.10258748819923,0.1944624881992354,ols
75982,40782336.0,-82.07541264215632,-0.013962357843681161,ols
75986,40782336.0,-82.0754110644249,0.03541106442489195,ols
75994,40782336.0,-82.07541264215632,-0.012712357843682298,ols
76017,40782336.0,-82.07448651381057,-0.21863848618943393,ols
76029,40782336.0,-82.10057114743967,-0.31317885256032696,ols
76063,40782336.0,-82.07448651381057,-2.3048884861894265,ols
76068,40782336.0,-82.10057114743967,-2.5450538525603292,ols
76081,40782336.0,-82.10057114743967,-3.2713038525603366,ols
76085,40782336.0,-82.07541264215632,3.4779126421563262,ols
76093,40782336.0,-78.17030490820949,0.9053049082094873,ols
76096,40782336.0,-80.2857697999408,2.1651447999407907,ols
76102,40782336.0,-81.05762756707466,-3.2854974329253395,ols
76115,40782336.0,-81.51141310144627,1.0682881014462708,ols
76120,40782336.0,-84.19749769494176,2.438122694941754,ols
76122,40782336.0,-83.94539672393276,1.900396723932758,ols
125920,40782336.0,-78.06233759141847,-6.041412408581536,ols
125958,40782336.0,-77.78515857942874,-1.1842164205712606,ols
125970,40782336.0,-77.78229973008888,-0.5677002699111142,ols
125976,40782336.0,-77.77080122347249,-4.619823776527511,ols
125980,40782336.0,-77.73646978769138,-2.0379052123086296,ols
126025,40782336.0,-77.31205372377315,2.153303723773149,ols
126054,40782336.0,-76.92285262523333,4.674727625233331,ols
126069,40782336.0,-76.82019595241471,6.3901959524147,ols
126079,40782336.0,-76.73419696796817,2.4541969679681728,ols
126106,40782336.0,-76.17402500369215,-1.0053499963078423,ols
126120,40782336.0,-76.11825062013067,-2.8336243798693346,ols
126124,40782336.0,-76.12485027067628,-3.5226497293237173,ols
126128,40782336.0,-76.12485027067628,-3.6476497293237173,ols
126158,40782336.0,-76.12777380700452,-3.5372261929954902,ols
126166,40782336.0,-76.12777380700452,-1.3391011929954857,ols
126173,40782336.0,-76.12777380700452,-1.2372261929954789,ols
126188,40782336.0,-76.12777380700452,-1.8016011929954772,ols
126220,40782336.0,-76.12777380700452,-2.4166011929954863,ols
126227,40782336.0,-76.12777380700452,-1.7097261929954897,ols
126240,40782336.0,-76.12777380700452,-1.5509761929954777,ols
126247,40782336.0,-76.12777380700452,-1.8309761929954789,ols
126258,40782336.0,-76.12777380700452,-1.5591011929954846,ols
126267,40782336.0,-76.12777380700452,-3.04847619299548,ols
126276,40782336.0,-76.17942715608713,-0.9399478439128757,ols
126288,40782336.0,-75.93236703697706,5.23986703697706,ols
126316,40782336.0,-76.46327681653652,5.855776816536519,ols
126339,40782336.0,-79.404277053901,3.333652053900991,ols
126365,40782336.0,-81.70305855975946,4.006808559759449,ols
126394,40782336.0,-84.34990023955167,0.5867752395516703,ols
126404,40782336.0,-83.95051330694002,1.5380133069400301,ols
126436,40782336.0,-86.12821970333884,-1.388655296661156,ols
126453,40782336.0,-84.15859241576317,-7.515157584236832,ols
126470,40782336.0,-86.20502051358483,-8.11060448641517,ols
139889,40782336.0,-84.57698470110546,-5.379265298894538,ols
139890,40782336.0,-82.06709168662739,-5.781658313372603,ols
139903,40782336.0,-78.84847856113166,-6.846521438868336,ols
139916,40782336.0,-80.81332058929907,-1.722929410700928,ols
139938,40782336.0,-80.28907356954217,-0.43342643045782836,ols
139966,40782336.0,-82.29491294875608,3.9430379487560714,ols
139985,40782336.0,-78.87076086202948,0.5376358620294894,ols
140017,40782336.0,-81.47198243770356,3.9051074377035633,ols
140032,40782336.0,-81.46481953703966,4.022319537039664,ols
140049,40782336.0,-81.43318917745604,3.846314177456037,ols
140064,40782336.0,-81.43318917745604,4.2363141774560376,ols
140089,40782336.0,-81.43318917745604,4.307564177456044,ols
140104,40782336.0,-81.43318917745604,5.47256417745605,ols
140248,40782336.0,-78.95573116558772,3.8076061655877282,ols
140259,40782336.0,-81.973360240473,1.4083602404730016,ols
140265,40782336.0,-79.77750519950663,0.5943801995066309,ols
140277,40782336.0,-78.2106790553436,0.45005405534359966,ols
140281,40782336.0,-82.5468230142628,5.413698014262792,ols
140299,40782336.0,-84.57764261510917,1.681392615109175,ols
140334,40782336.0,-86.19338632206599,-7.396613677934013,ols
154698,40782336.0,-80.65094678209097,-9.942178217909031,ols
154728,40782336.0,-78.06574864675665,-4.8961263532433605,ols
154739,40782336.0,-77.88740346434577,-2.53884653565423,ols
154743,40782336.0,-77.82476594909092,-3.3521090509090783,ols
154755,40782336.0,-77.58007716031076,0.036327160310762,ols
154793,40782336.0,-76.64040556801966,3.172905568019658,ols
154802,40782336.0,-80.80591629572734,8.104041295727342,ols
154825,40782336.0,-79.7977459159421,3.8939959159420994,ols
154843,40782336.0,-79.76933570619438,4.584335706194381,ols
154858,40782336.0,-79.76710163849833,4.012101638498336,ols
154871,40782336.0,-79.76709848303548,3.2927234830354877,ols
154881,40782336.0,-79.76710163849833,3.2996016384983307,ols
154933,40782336.0,-75.96357298680769,6.051697986807696,ols
154934,40782336.0,-75.94324076194964,6.081365761949641,ols
154946,40782336.0,-76.25377617170058,4.496901171700586,ols
154963,40782336.0,-78.92989896898644,7.218023968986429,ols
154996,40782336.0,-82.55998129433699,5.267481294336989,ols
155014,40782336.0,-84.34312703854945,2.219377038549453,ols
155034,40782336.0,-84.1661039950717,-4.0432710049283,ols
172066,40782336.0,-78.89330979953792,-14.237315200462078,ols
172144,40782336.0,-79.78468229975333,2.7159322997533337,ols
172146,40782336.0,-78.55349169456191,1.4122416945619136,ols
172156,40782336.0,-76.03453145759148,-3.1910935424085096,ols
172172,40782336.0,-75.9471882459719,4.959688245971904,ols
172198,40782336.0,-76.94422615283106,5.936726152831071,ols
172246,40782336.0,-82.28647050790752,0.6827205079075185,ols
172253,40782336.0,-82.31609714858295,-0.5989028514170514,ols
172287,40782336.0,-85.0345110366828,-8.802988963317205,ols
13066,40812800.0,-89.2366002299045,0.9978502299045005,ols
13075,40812800.0,-89.04502745109673,2.2819024510967267,ols
13085,40812800.0,-88.7042770032398,6.8549020032398005,ols
13089,40812800.0,-88.57250232599338,7.313127325993378,ols
13131,40812800.0,-85.93915618124512,-2.2270938187548808,ols
13143,40812800.0,-85.15767694060376,-8.705448059396232,ols
13150,40812800.0,-86.08111332003423,0.8498633200342312,ols
13152,40812800.0,-86.53076410804886,3.8401391080488594,ols
13169,40812800.0,-87.78523580072925,5.748360800729259,ols
13193,40812800.0,-88.8726529235525,0.7626529235524941,ols
13200,40812800.0,-89.12518718470872,-5.347937815291274,ols
13205,40812800.0,-89.23673187129484,-5.655768128705162,ols
13231,40812800.0,-89.78245948253077,-4.570665517469237,ols
13792,40812800.0,-90.07169371779604,-5.32459749099516,ols
13816,40812800.0,-89.75330914215765,-4.777940857842353,ols
13830,40812800.0,-89.53611894878998,-2.329506051210018,ols
13843,40812800.0,-89.28572386022675,-0.4642761397732471,ols
13848,40812800.0,-89.08580830830628,-0.053566691693717416,ols
13853,40812800.0,-88.98341434386609,1.6027893438660925,ols
13859,40812800.0,-88.87932055997315,1.2893205599731488,ols
13866,40812800.0,-88.64782917506257,1.913612003345392,ols
13909,40812800.0,-88.21986301507148,-10.587011984928523,ols
13965,40812800.0,-89.1424322068431,-0.010345570934674697,ols
13971,40812800.0,-89.20232574841243,-2.8070492515875713,ols
13976,40812800.0,-89.31051851609705,1.7317685160970484,ols
13983,40812800.0,-89.36333633293569,4.468336332935692,ols
14001,40812800.0,-89.53493088524218,0.7336808852421797,ols
14080,40812800.0,-89.55292132674933,1.9685463267493333,ols
14118,40812800.0,-89.66723212804993,2.001607128049926,ols
14122,40812800.0,-89.6740889989692,0.1418725041238389,ols
14129,40812800.0,-89.6879327366807,-2.21456726331931,ols
14136,40812800.0,-89.69531946419607,-1.41968053580392,ols
14171,40812800.0,-89.69727269332522,-3.542102306674778,ols
14178,40812800.0,-89.69716738021295,-3.2747076197870513,ols
14183,40812800.0,-89.69716738021295,-3.6615826197870547,ols
14199,40812800.0,-89.69838999962572,-2.955985000374284,ols
14206,40812800.0,-89.6992078217632,-2.6507921782367987,ols
14213,40812800.0,-89.70012931149557,-3.1161206885044237,ols
14223,40812800.0,-89.70012931149557,-2.9492456885044334,ols
14229,40812800.0,-89.70002728941806,-3.113722710581939,ols
27844,40812800.0,-88.40026108535686,-10.45911391464314,ols
27866,40812800.0,-88.34365528751123,-11.422594712488774,ols
27879,40812800.0,-88.34279797295665,-11.55595202704336,ols
27893,40812800.0,-88.34279797295665,-11.77095202704335,ols
27909,40812800.0,-88.34279797295665,-11.042827027043359,ols
27914,40812800.0,-88.34279797295665,-11.038452027043348,ols
27922,40812800.0,-88.34279797295665,-11.110327027043354,ols
27936,40812800.0,-88.34279797295665,-10.703452027043355,ols
27976,40812800.0,-88.34279797295665,-10.88532702704336,ols
27992,40812800.0,-88.34279797295665,-10.789702027043347,ols
28043,40812800.0,-88.22554663209935,-3.9482033679006463,ols
28048,40812800.0,-88.1840763031079,-4.560923696892104,ols
28070,40812800.0,-88.17850787229658,0.389132872296571,ols
28102,40812800.0,-88.4172000412587,-1.7484249587413103,ols
28121,40812800.0,-88.70885483258883,0.6663548325888229,ols
28155,40812800.0,-89.19088117503986,2.089006175039856,ols
28171,40812800.0,-89.23781626724775,1.799691267247752,ols
28174,40812800.0,-89.23513078288484,1.653255782884841,ols
28215,40812800.0,-89.24226410072382,-0.580860899276189,ols
28219,40812800.0,-89.25894800143186,-0.04605199856814579,ols
28248,40812800.0,-89.34596625148049,-0.3227837485195124,ols
28253,40812800.0,-89.35035320081353,0.8053532008135278,ols
28269,40812800.0,-89.3700385252213,4.038788525221307,ols
28281,40812800.0,-89.37808016865363,3.7860102761805052,ols
28306,40812800.0,-89.38097792475845,2.7378529247584567,ols
28326,40812800.0,-89.38127247236933,2.9068974723693373,ols
28329,40812800.0,-89.38142056893346,2.6120455689334676,ols
28339,40812800.0,-89.38171676206173,2.9092167620617317,ols
28352,40812800.0,-89.3806340116262,3.560634011626206,ols
28358,40812800.0,-89.38078210819032,3.2282821081903137,ols
28366,40812800.0,-89.3812593082303,3.3250093082302925,ols
28418,40812800.0,-89.38107501028382,3.6023250102838205,ols
28422,40812800.0,-89.38107501028382,4.06107501028383,ols
28428,40812800.0,-89.38122639788271,2.336851397882711,ols
28438,40812800.0,-89.38122639788271,5.89997639788271,ols
28449,40812800.0,-89.45098810717532,2.324738107175321,ols
28458,40812800.0,-89.49827863113713,0.5732786311371285,ols
28500,40812800.0,-89.59404774260852,-1.3340772573914705,ols
28506,40812800.0,-89.61080898263339,-1.0529410173666065,ols
28521,40812800.0,-89.6540021683209,0.9327521683209028,ols
28534,40812800.0,-89.6609511882134,1.6315761882134012,ols
28548,40812800.0,-89.66215077038287,1.395900770382866,ols
28574,40812800.0,-89.66308706977165,1.983087069771642,ols
28619,40812800.0,-89.66418298434621,1.533557984346217,ols
28643,40812800.0,-89.66435247263627,1.961227472636267,ols
28644,40812800.0,-89.66517852236065,1.9245535223606538,ols
28648,40812800.0,-89.66506991821362,1.738819918213622,ols
28667,40812800.0,-89.66579888241262,1.6489238824126176,ols
28674,40812800.0,-89.66713668804194,1.9733866880419413,ols
28684,40812800.0,-89.66526573478174,2.092765734781736,ols
28723,40812800.0,-89.70702238379718,-5.940477616202813,ols
45862,40812800.0,-89.00998451298858,0.938109512988575,ols
45873,40812800.0,-88.77169220474961,3.672942204749617,ols
45900,40812800.0,-87.96790797603275,7.357907976032749,ols
45904,40812800.0,-87.80068062685075,4.885680626850743,ols
45913,40812800.0,-87.41674851192796,3.0183110119279632,ols
45919,40812800.0,-86.92611446806615,3.7267394680661425,ols
45944,40812800.0,-85.01369087888607,-14.087559121113927,ols
45947,40812800.0,-85.19452994782908,-9.800470052170922,ols
45988,40812800.0,-88.07257604549103,5.126326045491027,ols
46011,40812800.0,-88.823246264241,-0.3111287357589987,ols
46039,40812800.0,-89.402471672766,-3.000653327234005,ols
46045,40812800.0,-89.46723594577787,-2.270889054222124,ols
65168,40812800.0,-89.15713325910916,1.010883259109164,ols
65173,40812800.0,-89.0874702808593,0.5643452808593139,ols
65209,40812800.0,-88.25475456558075,8.012799120036206,ols
65221,40812800.0,-87.84315472144353,5.5150297214435255,ols
65247,40812800.0,-86.704175311542,5.618550311542009,ols
65251,40812800.0,-86.47784591465008,4.589095914650073,ols
65272,40812800.0,-85.20971642772203,-8.794702764197169,ols
65278,40812800.0,-85.12200870589149,-14.67502099707879,ols
65282,40812800.0,-85.07185498168982,-16.33002001831018,ols
65293,40812800.0,-85.18340460482808,-12.705970395171917,ols
65305,40812800.0,-85.46972298329734,-6.682152016702659,ols
65315,40812800.0,-85.78443640966267,-3.887438590337325,ols
65319,40812800.0,-86.01560362764955,-1.3218963723504515,ols
65359,40812800.0,-87.99372778923029,5.461227789230293,ols
65374,40812800.0,-88.4538473588116,2.4994723588116017,ols
65382,40812800.0,-88.65246295200248,2.718119517659048,ols
65421,40812800.0,-89.39981416219854,-3.6295608378014634,ols
65440,40812800.0,-89.73963653825359,-3.2666134617464024,ols
65453,40812800.0,-89.93977423502027,-8.138975764979733,ols
65458,40812800.0,-90.00294235617429,-11.379557643825706,ols
77822,40812800.0,-89.40214915135967,-8.704100848640337,ols
77854,40812800.0,-89.16293370787096,1.3273087078709693,ols
77909,40812800.0,-88.22319518776443,8.243820187764427,ols
77916,40812800.0,-87.93673364928316,7.5192336492831515,ols
77923,40812800.0,-87.57574991973117,5.609499919731164,ols
77926,40812800.0,-87.36387310198104,6.556373101981038,ols
77936,40812800.0,-86.84632003931235,4.8488200393123435,ols
77981,40812800.0,-86.95467735873488,4.1359273587348895,ols
77992,40812800.0,-87.72305334448541,4.770553344485407,ols
78049,40812800.0,-89.49092316845194,-2.3047018315480585,ols
78053,40812800.0,-89.57044608683817,-0.825178913161821,ols
78056,40812800.0,-89.64741516225182,0.24741516225181215,ols
78059,40812800.0,-89.72225658369413,1.1141315836941317,ols
78066,40812800.0,-89.8681547366065,-4.049970263393504,ols
78077,40812800.0,-90.0091295015202,-9.464620498479789,ols
127398,40812800.0,-89.3166546504042,-2.9439703495958014,ols
127421,40812800.0,-88.87160966553407,5.723484665534073,ols
127422,40812800.0,-88.77032971635961,5.74157971635961,ols
127445,40812800.0,-88.25243109504127,8.044931095041278,ols
127505,40812800.0,-85.97437848074762,-2.3806215192523865,ols
127551,40812800.0,-86.73955393519553,1.9525168981584926,ols
127621,40812800.0,-88.76556429802935,1.0949392980293453,ols
127676,40812800.0,-89.65012862041019,-0.6698713795898072,ols
127694,40812800.0,-89.92647187252653,-7.3866531274734655,ols
127705,40812800.0,-90.02628731123347,-11.584962688766524,ols
142148,40812800.0,-89.31117672304875,-4.188198276951255,ols
142172,40812800.0,-88.93640355785877,5.24577855785877,ols
142176,40812800.0,-88.86786446797892,6.021614467978921,ols
142201,40812800.0,-88.43184679145125,7.151221791451249,ols
142236,40812800.0,-88.02220346747794,8.093453467477943,ols
142281,40812800.0,-87.96718559390327,8.008435593903272,ols
142283,40812800.0,-87.96718559390327,8.843435593903266,ols
142286,40812800.0,-87.96718559390327,8.40156059390327,ols
142314,40812800.0,-87.88407051107816,8.889695511078159,ols
142335,40812800.0,-87.67495322597303,4.649328225973022,ols
142387,40812800.0,-87.21348104110598,6.637856041105977,ols
142400,40812800.0,-87.20651227500493,5.282137275004928,ols
142406,40812800.0,-87.20651227500493,5.8358872750049215,ols
142419,40812800.0,-87.20651227500493,5.158387275004927,ols
142428,40812800.0,-87.19294333869577,3.836693338695767,ols
142434,40812800.0,-87.09471417874242,4.457839178742418,ols
142447,40812800.0,-86.85085837624428,4.420233376244269,ols
142464,40812800.0,-86.4533902353599,3.284640235359902,ols
142468,40812800.0,-86.3646425465457,2.6027675465456923,ols
142470,40812800.0,-86.26791738947696,2.8279173894769656,ols
142478,40812800.0,-86.05719737044444,3.5128223704444395,ols
142503,40812800.0,-85.35154686167293,0.3971718616729305,ols
142512,40812800.0,-85.15588990872992,-4.787798210081959,ols
142539,40812800.0,-84.92207505327985,-14.22582098632411,ols
142546,40812800.0,-84.9339096142713,-12.384215385728695,ols
142550,40812800.0,-84.94584455182287,-10.042280448177124,ols
142590,40812800.0,-86.02616126715472,-1.528838732845287,ols
142624,40812800.0,-86.89873305887569,5.537483058875694,ols
142627,40812800.0,-86.98944384992333,4.50819384992333,ols
142670,40812800.0,-87.98535046025262,4.131183793585947,ols
142676,40812800.0,-88.08709444532802,4.325337019585447,ols
142694,40812800.0,-88.60254289126867,3.1650428912686692,ols
142734,40812800.0,-89.40797263736478,-2.8001523626352167,ols
142743,40812800.0,-89.53395673895366,1.5339567389536626,ols
142773,40812800.0,-89.93892679356996,-7.0530286519746,ols
142784,40812800.0,-90.09989953119349,-14.426975468806518,ols
156617,40812800.0,-88.92751447297614,6.229389472976138,ols
156620,40812800.0,-88.88842520763245,5.075300207632452,ols
156652,40812800.0,-88.44428196628613,8.539906966286125,ols
156773,40812800.0,-87.6283538193105,5.948353819310498,ols
156777,40812800.0,-87.75922510751572,6.4192251075157145,ols
156788,40812800.0,-88.1240609932525,3.5209359932524933,ols
156792,40812800.0,-88.23293829616688,3.65293829616688,ols
156796,40812800.0,-88.33648412277253,3.5696091227725333,ols
156861,40812800.0,-89.71907086204793,-1.1128041379520681,ols
156883,40812800.0,-90.05259090654052,-11.255534093459488,ols
173159,40812800.0,-89.07864701667185,0.30489701667184477,ols
173172,40812800.0,-88.92544770314782,4.771697703147822,ols
173174,40812800.0,-88.87449919405199,3.118249194051998,ols
173178,40812800.0,-88.82551543270696,4.7555154327069715,ols
173192,40812800.0,-88.67927172114496,5.036146721144959,ols
173206,40812800.0,-88.44512776221904,9.112627762219049,ols
173211,40812800.0,-88.3731742237773,8.236299223777294,ols
173275,40812800.0,-86.11313179719936,0.6356317971993519,ols
173283,40812800.0,-85.61579062449978,-0.08670937550022018,ols
173292,40812800.0,-85.09563928988928,-14.241235710110729,ols
173298,40812800.0,-84.94887559483543,-11.079249405164575,ols
173325,40812800.0,-86.43031185411616,3.4265618541161587,ols
173341,40812800.0,-87.21550996403458,4.839259964034582,ols
173357,40812800.0,-87.81466094250472,4.554035942504711,ols
173376,40812800.0,-88.43644272149146,1.2301927214914627,ols
173405,40812800.0,-89.02880264973749,-1.3668223502625096,ols
173408,40812800.0,-89.09674277129129,-4.184507228708711,ols
173420,40812800.0,-89.29566772174947,-4.669957278250536,ols
173444,40812800.0,-89.73988336586048,-8.385116634139521,ols
173447,40812800.0,-89.80837144470156,-9.331003555298437,ols
