tower_id,device,measured,simulated,dist_m,lat,lon,residual
26947072,pc1,-94.106875,-92.90904235839844,66.3161116018803,52.491435,13.304691666666669,-1.1978326416015648
26947072,pc1,-96.441875,-96.3160400390625,13.980234123636176,52.491908333333335,13.304735,-0.12583496093749602
26947072,pc1,-93.966875,-76.4844970703125,64.09277232780926,52.49147166666667,13.304466666666666,-17.4823779296875
26947072,pc1,-102.7825,-100.22422790527344,98.79024433544798,52.49114333333333,13.30465,-2.5582720947265614
26947072,pc1,-95.771875,-102.68559265136719,173.68578168586626,52.49047,13.304621666666666,6.913717651367193
26947072,pc1,-108.209375,-297.989990234375,543.7628822726142,52.496901666666666,13.305416666666666,189.780615234375
26947072,pc1,-94.236875,-97.49434661865234,65.77742383562195,52.49144,13.304715,3.257471618652346
26947072,pc1,-93.8575,-76.39212036132812,62.932187846640815,52.491481666666665,13.304471666666666,-17.465379638671877
26947072,pc1,-89.43,-98.36642456054688,72.53004086341247,52.49268166666667,13.304776666666667,8.936424560546868
26947072,pc1,-98.05625,-84.02355194091797,62.99387924647783,52.491465,13.304673333333334,-14.032698059082037
26947072,pc1,-94.21,-92.90052032470703,67.984011715229,52.49142,13.304693333333333,-1.3094796752929625
26947072,pc1,-91.26625,-85.84326934814453,54.529706192064026,52.492505,13.304901666666666,-5.422980651855468
26947072,pc1,-102.910625,-100.5122299194336,104.064437468618,52.49109666666666,13.304616666666666,-2.3983950805664023
26947072,pc1,-103.410625,-99.5429458618164,93.41825735090252,52.491191666666666,13.30465,-3.8676791381835898
26947072,pc1,-108.02989130434784,-297.989990234375,534.1237696151809,52.49682,13.305313333333334,189.96009893002716
26947072,pc1,-94.05625,-85.59994506835938,188.71830034537552,52.49372666666667,13.304825,-8.45630493164063
26947072,pc1,-93.9725,-76.42720031738281,63.29226701709308,52.49147833333333,13.304471666666666,-17.545299682617184
26947072,pc1,-94.18625,-92.9826889038086,68.1762656900953,52.491418333333336,13.304678333333332,-1.2035610961914074
26947072,pc1,-94.109375,-92.81983184814453,66.3161116018803,52.491435,13.304691666666669,-1.2895431518554688
26947072,pc1,-93.72875,-101.56420135498047,62.56843929416623,52.49147,13.30463,7.835451354980464
26947072,pc1,-94.594375,-76.73812866210938,65.70354504786336,52.49145166666667,13.304505,-17.856246337890624
26947072,pc1,-89.736875,-87.47049713134766,66.08907754550513,52.492625,13.304741666666668,-2.2663778686523415
26947072,pc1,-94.145,-96.5330581665039,63.13063134946386,52.49146666666667,13.304596666666669,2.3880581665039102
26947072,pc4,-97.23625,-83.73311614990234,60.44447973356635,52.491488333333336,13.304653333333333,-13.503133850097655
26947072,pc4,-97.181875,-86.07233428955078,186.18320765548685,52.493705,13.304776666666667,-11.109540710449224
26947072,pc4,-101.88875,-83.64329528808594,37.97942588278354,52.49169,13.30471,-18.245454711914064
26947072,pc4,-95.74202127659576,-79.86661529541016,27.657014990078174,52.49228,13.30468,-15.875405981185608
26947072,pc4,-97.0775,-101.08014678955078,60.86773955480992,52.491485,13.304638333333331,4.002646789550781
26947072,pc4,-96.58125,-83.7551040649414,60.43960878775014,52.491488333333336,13.304655,-12.826145935058591
26947072,pc4,-97.330625,-83.73970794677734,60.43960878775014,52.491488333333336,13.304655,-13.590917053222654
26947072,pc4,-95.95625,-85.96931457519531,182.99192978724875,52.493676666666666,13.304753333333334,-9.986935424804685
26947072,pc4,-97.49,-101.7219467163086,61.059633627315904,52.491483333333335,13.304636666666669,4.231946716308599
26947072,pc4,-97.058125,-100.58306884765625,63.5331770156013,52.491461666666666,13.304621666666666,3.524943847656246
26947072,pc4,-96.42875,-102.87429809570312,110.78757200036424,52.493026666666665,13.304768333333334,6.445548095703131
26947072,pc4,-102.796875,-92.32569885253906,108.5535859689022,52.491056666666665,13.304603333333333,-10.471176147460938
26947072,pc4,-97.02375,-83.75,60.62962487759228,52.49148666666667,13.304653333333333,-13.273750000000007
26947072,pc4,-93.809375,-96.13507843017578,64.44073465826077,52.49145333333333,13.304625,2.3257034301757784
26947072,pc4,-100.4675,-82.79405975341797,30.634791627687044,52.49175666666667,13.304726666666667,-17.673440246582032
26947072,pc4,-96.99,-100.85326385498047,62.0061348675166,52.491475,13.304631666666667,3.863263854980474
26947072,pc4,-110.860625,-129.19493103027344,490.9740291313193,52.49644166666667,13.305043333333334,18.33430603027344
26358784,pc1,-68.371875,-73.75704193115234,32.052177060230115,52.50584166666667,13.34156,5.385166931152341
26358784,pc1,-64.59375,-71.31910705566406,17.08460104630877,52.50572,13.34136,6.7253570556640625
26358784,pc1,-76.029375,-79.24659729003906,73.3816198512497,52.50597333333333,13.342263333333332,3.217222290039061
26358784,pc1,-69.72625,-70.35334014892578,9.688559841104334,52.505518333333335,13.34129,0.6270901489257881
26358784,pc1,-65.985625,-70.08354949951172,6.723622562786792,52.50557833333333,13.341308333333334,4.09792449951172
26358784,pc1,-68.129375,-73.73446655273438,31.913865433339495,52.50584,13.341561666666667,5.605091552734379
26358784,pc1,-68.2475,-70.49005889892578,10.933709283486891,52.50549166666666,13.341306666666666,2.242558898925779
26358784,pc1,-61.8075,-70.37139129638672,9.860147107445645,52.5056,13.34127,8.563891296386721
26358784,pc1,-70.35875,-74.24516296386719,35.07460011491084,52.505855,13.341625,3.886412963867187
26358784,pc1,-66.799375,-70.05799865722656,6.382236232324761,52.50561833333333,13.341358333333334,3.2586236572265648
26358784,pc1,-67.385,-75.27774047851562,41.73254347665652,52.50588333333334,13.341743333333334,7.89274047851562
26358784,pc1,-67.82625,-70.49005889892578,10.933709283486891,52.50549166666666,13.341306666666666,2.6638088989257795
26358784,pc1,-65.925,-71.64922332763672,19.222493848373734,52.50574,13.341365,5.724223327636722
26358784,pc1,-67.804375,-72.79667663574219,26.23924184314709,52.50578,13.34158,4.992301635742194
26358784,pc1,-68.45125,-71.00945281982422,14.96520138531379,52.505496666666666,13.34122,2.558202819824217
26358784,pc1,-68.695,-72.74113464355469,25.905390596478284,52.505765,13.341613333333331,4.046134643554694
26358784,pc1,-69.74,-73.35214233398438,29.587182157731025,52.505805,13.341608333333332,3.61214233398438
26358784,pc1,-86.3375,-81.82440948486328,103.09262199765631,52.50603666666667,13.342721666666666,-4.513090515136724
26358784,pc1,-72.005625,-71.94770050048828,21.089169953882898,52.5054,13.341265,-0.057924499511713634
26358784,pc1,-62.279375,-70.3784408569336,9.926492320798454,52.50560166666666,13.34127,8.099065856933592
26358784,pc1,-79.888125,-80.41985321044922,85.67805325615227,52.506033333333335,13.342416666666669,0.5317282104492165
26358784,pc1,-67.74125,-70.98458862304688,14.788376366166446,52.50548166666667,13.341241666666669,3.2433386230468813
26358784,pc1,-66.921875,-71.8948745727539,20.76180199979263,52.505755,13.34138,4.972999572753906
26358784,pc1,-68.060625,-71.98638916015625,21.327675647620875,52.505745,13.341531666666668,3.9257641601562483
26358784,pc1,-66.23125,-70.06473541259766,6.473762908834879,52.50557666666667,13.341311666666666,3.8334854125976534
26358784,pc1,-67.75875,-75.7182846069336,44.71354229045698,52.505885,13.341815,7.9595346069335875
26358784,pc1,-65.28375,-70.06473541259766,6.473762908834879,52.50557666666667,13.341311666666666,4.7809854125976585
26358784,pc4,-66.81,-70.09607696533203,6.885356809013362,52.50557333333333,13.341305,3.286076965332029
26358784,pc4,-76.70625,-79.21414947509766,73.06605074977675,52.50596333333333,13.34227,2.507899475097659
26358784,pc4,-67.974375,-72.5762710571289,24.912802880390164,52.50577166666667,13.341563333333331,4.601896057128911
26358784,pc4,-71.0325,-73.4150390625,29.96862206067637,52.505315,13.341258333333334,2.382539062500001
26358784,pc4,-68.775,-74.30816650390625,35.470615412010375,52.50581833333333,13.341733333333334,5.533166503906244
26358784,pc4,-71.006875,-71.61750030517578,19.021462595007296,52.50541833333333,13.341273333333334,0.6106253051757875
26358784,pc4,-72.639375,-73.6683120727539,31.509682365545466,52.5053,13.34126,1.0289370727539051
26358784,pc4,-80.798125,-80.49553680419922,86.53579353415743,52.505955,13.342516666666668,-0.3025881958007801
26358784,pc4,-66.530625,-70.1397476196289,7.425160281017125,52.505635,13.34139,3.6091226196289057
26358784,pc4,-72.5025,-76.45319366455078,49.91821790446029,52.50588,13.341938333333331,3.9506936645507835
26358784,pc4,-66.900625,-70.1397476196289,7.425160281017125,52.505635,13.34139,3.239122619628901
26358784,pc4,-67.9675,-71.12983703613281,15.806243208121314,52.50545666666667,13.341263333333334,3.1623370361328114
26358784,pc4,-69.925,-71.64636993408203,19.20447275583631,52.505741666666665,13.341401666666666,1.721369934082034
28650241,pc1,-86.059375,-74.99933624267578,40.13727775636789,52.498468333333335,13.30737,-11.060038757324222
28650241,pc1,-111.9275,-297.989990234375,217.75137612090626,52.49701666666667,13.306216666666666,186.062490234375
28650241,pc1,-92.40375,-73.1882553100586,28.746693277820818,52.498985,13.307805,-19.21549468994141
28650241,pc1,-87.635,-72.47998046875,24.496738362125356,52.498905,13.307996666666666,-15.155019531250005
28650241,pc1,-113.59625,-297.989990234375,217.9132359383671,52.497015,13.306216666666666,184.393740234375
28650241,pc1,-112.106875,-297.989990234375,217.75137612090626,52.49701666666667,13.306216666666666,185.883115234375
28650241,pc1,-91.89375,-72.40095520019531,24.002313216457615,52.498938333333335,13.307713333333334,-19.492794799804685
28650241,pc1,-89.228125,-74.7814712524414,38.71025381495743,52.49905833333333,13.307958333333334,-14.4466537475586
28650241,pc1,-102.18125,-109.70052337646484,185.49344113519408,52.49711166666667,13.307098333333334,7.519273376464838
28650241,pc1,-90.535,-73.71356201171875,31.97076375703955,52.498985,13.307991666666666,-16.821437988281247
28650241,pc1,-90.525625,-83.26640319824219,128.80468818360063,52.497571666666666,13.307641666666669,-7.259221801757818
28650241,pc1,-89.43375,-75.4237289428711,42.99471585945564,52.49904833333333,13.308136666666666,-14.01002105712891
28650241,pc1,-92.296875,-72.4010009765625,24.002313216457615,52.498938333333335,13.307713333333334,-19.8958740234375
28650241,pc1,-92.383125,-110.81219482421875,158.53007553002217,52.497301666666665,13.30785,18.429069824218743
28650241,pc1,-93.464375,-85.82222747802734,183.07517846070678,52.49709,13.307491666666667,-7.64214752197266
28650241,pc1,-90.353125,-76.63289642333984,51.38710899859148,52.49907833333334,13.308276666666666,-13.720228576660162
28650241,pc1,-97.0125,-82.40353393554688,112.38037303575386,52.499225,13.309228333333332,-14.608966064453128
28650241,pc1,-85.975,-74.5936050415039,37.43202400303478,52.49891,13.30732,-11.381394958496088
28650241,pc1,-91.24875,-73.31272888183594,29.5174251388082,52.49899166666667,13.307755,-17.936021118164064
28650241,pc1,-85.82375,-73.6068115234375,31.252724983240004,52.498891666666665,13.30741,-12.216938476562504
28650241,pc1,-86.63875,-74.37738037109375,36.039210059067834,52.498995,13.307485,-12.261369628906252
28650241,pc1,-110.006875,-132.26904296875,198.1745115528538,52.497036666666666,13.306855,22.262167968750006
28650241,pc1,-109.619375,-118.37299346923828,201.61957918661696,52.497031666666665,13.306726666666666,8.753618469238276
28650241,pc1,-86.915,-82.12471008300781,108.91784945780323,52.497751666666666,13.307631666666667,-4.790289916992194
28650241,pc1,-85.983125,-74.91427612304688,39.53231790204675,52.49852333333333,13.307305,-11.068848876953126
28650241,pc1,-89.8025,-85.8171615600586,182.8626657736373,52.497085,13.307628333333334,-3.985338439941401
28650241,pc1,-89.775625,-73.1314926147461,28.410481595282942,52.498981666666666,13.307813333333334,-16.64413238525391
28650241,pc1,-84.74375,-74.806640625,38.836330831060685,52.49883166666667,13.307236666666666,-9.937109375000006
28650241,pc4,-93.364375,-73.6247329711914,31.435381320141182,52.499006666666666,13.307718333333334,-19.73964202880859
28650241,pc4,-103.4375,-95.86005401611328,181.53732588766144,52.49712666666667,13.307251666666666,-7.577445983886719
28650241,pc4,-101.98,-95.92262268066406,181.53732588766144,52.49712666666667,13.307251666666666,-6.0573773193359415
28650241,pc4,-83.49,-74.90140533447266,39.44013545844044,52.498803333333335,13.307215,-8.588594665527339
28650241,pc4,-88.875625,-78.26469421386719,65.25476838407938,52.49908166666667,13.308551666666666,-10.610930786132812
28650241,pc4,-87.424375,-76.01775360107422,47.16354739650897,52.49839333333333,13.307353333333332,-11.406621398925779
28650241,pc4,-88.343125,-73.77306365966797,32.256351070916054,52.498665,13.307318333333331,-14.570061340332032
28650241,pc4,-88.1425,-77.58279418945312,59.12004805378865,52.49905833333333,13.308466666666666,-10.559705810546873
28650241,pc4,-98.13875,-85.23929595947266,162.93243374875303,52.49920333333333,13.31006,-12.899454040527345
28650241,pc4,-92.049375,-75.63983917236328,44.462799393984135,52.499045,13.308181666666666,-16.409535827636716
28650241,pc4,-91.408125,-80.61703491210938,91.54365297572328,52.497931666666666,13.307433333333334,-10.791090087890623
28650241,pc4,-88.1975,-77.63550567626953,59.55355576643756,52.49907666666667,13.30845,-10.561994323730474
40782336,pc1,-80.18875,-85.40519714355469,48.571734462003356,52.48855666666667,13.302676666666668,5.216447143554689
40782336,pc1,-80.688125,-79.45177459716797,105.95487647528968,52.488436666666665,13.303556666666667,-1.2363504028320307
40782336,pc1,-82.02625,-80.28997039794922,91.29775322228093,52.488443333333336,13.30334,-1.7362796020507858
40782336,pc1,-80.048125,-103.96186065673828,121.05848248805073,52.48806,13.300308333333334,23.913735656738282
40782336,pc1,-86.583125,-136.7940216064453,152.23998576021896,52.48851666666667,13.299748333333334,50.21089660644532
40782336,pc1,-79.093125,-80.14656829833984,84.15018005031199,52.48815,13.300835,1.0534432983398432
40782336,pc1,-79.46625,-91.7976303100586,105.02548285022185,52.48807833333333,13.30055,12.331380310058591
40782336,pc1,-70.661875,-73.88672637939453,32.50359596955801,52.48848666666667,13.302461666666666,3.2248513793945364
40782336,pc1,-91.64295212765956,-297.989990234375,215.16091947993488,52.48905833333333,13.298988333333334,206.34703810671544
40782336,pc1,-79.13,-89.75060272216797,78.60197541688267,52.48822333333333,13.30088,10.620602722167973
40782336,pc1,-91.460625,-82.9160385131836,159.1008095753501,52.48842333333333,13.304341666666666,-8.5445864868164
40782336,pc1,-90.744375,-297.989990234375,192.42154382788712,52.48883,13.299228333333334,207.245615234375
40782336,pc1,-79.774375,-96.70552825927734,114.07271475054662,52.48806,13.300418333333331,16.931153259277337
40782336,pc1,-91.9425,-148.8822021484375,174.83021779719482,52.48871,13.304531666666666,56.939702148437505
40782336,pc1,-84.985,-81.58563995361328,136.675391627218,52.4884,13.30401,-3.399360046386718
40782336,pc1,-79.153125,-81.63436889648438,100.54628353881779,52.488103333333335,13.300605,2.481243896484372
40782336,pc1,-90.5725,-91.65030670166016,162.98573126936216,52.488575,13.304386666666666,1.0778067016601511
40782336,pc1,-82.63504464285714,-80.14002227783203,84.12648329013813,52.488166666666665,13.300825,-2.4950223650251075
40782336,pc1,-77.52875,-79.94084167480469,82.30480137137832,52.48845333333333,13.303206666666666,2.4120916748046852
40782336,pc1,-92.69375,-85.12886810302734,157.75523056936052,52.48844166666667,13.304321666666668,-7.564881896972651
40782336,pc1,-87.76875,-136.7043914794922,151.0504463651334,52.488488333333336,13.299763333333331,48.93564147949219
40782336,pc1,-81.3125,-81.0721206665039,101.33107202244321,52.48807666666666,13.30061,-0.24037933349609375
40782336,pc1,-88.394375,-112.08356475830078,174.6441234010621,52.48856166666667,13.304561666666666,23.689189758300785
40782336,pc1,-72.9275,-81.5354995727539,21.596098142328604,52.488618333333335,13.302041666666666,8.607999572753911
40782336,pc1,-82.318125,-81.53788757324219,99.06227760814559,52.48809333333333,13.300635,-0.7802374267578074
40782336,pc1,-92.2925,-84.7231216430664,166.11885340469973,52.48848666666667,13.304443333333332,-7.569378356933598
40782336,pc1,-80.76625,-81.52953338623047,98.95762579976417,52.48809333333333,13.300636666666666,0.7632833862304693
40782336,pc4,-91.395625,-84.68440246582031,159.39526641506262,52.488495,13.304343333333334,-6.711222534179683
40782336,pc4,-75.49,-85.09089660644531,64.3069221784548,52.48833166666667,13.301055,9.600896606445318
40782336,pc4,-82.293125,-100.79842376708984,93.6241800096926,52.48814,13.300691666666667,18.50529876708984
40782336,pc4,-77.385625,-84.42927551269531,34.630657033546655,52.488565,13.30245,7.043650512695308
40782336,pc4,-78.35,-79.66099548339844,111.52885647012278,52.48845666666666,13.303638333333334,1.3109954833984432
40782336,pc4,-75.245,-91.6876220703125,37.295355573127374,52.48851833333333,13.302521666666667,16.442622070312495
40782336,pc4,-89.210625,-85.19879150390625,159.10584100848027,52.488438333333335,13.304341666666666,-4.011833496093743
40782336,pc4,-77.2925,-102.5593032836914,107.00650820425945,52.48808666666667,13.300513333333331,25.266803283691402
40782336,pc4,-84.73,-81.89208221435547,141.38425389919965,52.48842166666667,13.30408,-2.8379177856445352
40782336,pc4,-91.53625,-112.34319305419922,164.1301498361992,52.48856666666666,13.304405,20.806943054199223
40782336,pc4,-82.23625,-100.40675354003906,93.83644170949067,52.48814,13.300688333333332,18.170503540039064
40782336,pc4,-72.783125,-70.99153900146484,12.49659839884042,52.48853,13.30192,-1.7915859985351545
40782336,pc4,-90.0075,-100.8702163696289,161.76687509865994,52.48854333333333,13.304373333333332,10.862716369628913
26369024,pc1,-95.048125,-73.78561401367188,32.22669965541581,52.50967333333333,13.35132,-21.262510986328124
26369024,pc1,-88.04625,-73.78421020507812,32.21829200617004,52.50968833333334,13.352023333333332,-14.262039794921876
26369024,pc1,-97.734375,-86.79146575927734,201.3371803363115,52.508426666666665,13.34927,-10.942909240722656
26369024,pc1,-95.440625,-83.79447937011719,133.992436034413,52.509225,13.34975,-11.64614562988281
26369024,pc1,-96.10732323232324,-85.24688720703125,154.39501188343192,52.50965,13.353948333333332,-10.860436025291989
26369024,pc1,-96.349375,-89.06903076171875,274.85020493917096,52.507775,13.348751666666669,-7.280344238281245
26369024,pc1,-94.526875,-75.12173461914062,40.69769812655008,52.509735,13.352123333333331,-19.40514038085938
26369024,pc1,-90.573125,-84.4812240600586,146.98479789807604,52.509085,13.349613333333334,-6.091900939941411
26369024,pc1,-96.19125,-90.17859649658203,319.4534062302447,52.50749166666667,13.348285,-6.012653503417965
26369024,pc1,-94.651875,-75.03328704833984,40.11591835835225,52.509675,13.351178333333332,-19.61858795166016
26369024,pc1,-94.58625,-82.13494110107422,107.39284298574698,52.509418333333336,13.3501,-12.451308898925788
26369024,pc1,-98.2275,-85.0586929321289,158.94843079434364,52.508943333333335,13.34951,-13.1688070678711
26369024,pc1,-93.829375,-75.32601165771484,42.0528983126872,52.50971,13.352183333333333,-18.503363342285155
26369024,pc1,-94.9825,-87.98068237304688,236.9093934994132,52.50805666666667,13.349086666666668,-7.001817626953127
26369024,pc1,-91.490625,-73.31668090820312,29.372073341478632,52.509708333333336,13.351916666666666,-18.17394409179687
26369024,pc1,-101.74375,-91.67340850830078,390.26776503817854,52.50708166666666,13.347481666666669,-10.070341491699224
26369024,pc1,-100.66125,-91.23223114013672,367.9646595565139,52.507196666666665,13.347756666666667,-9.429018859863277
26369024,pc1,-97.711875,-79.5218734741211,76.09874684171423,52.509701666666665,13.35275,-18.190001525878913
26369024,pc1,-96.1925,-84.77828979492188,153.0169929590269,52.50905,13.349538333333332,-11.41421020507812
26369024,pc1,-96.7975,-75.84498596191406,45.58653116370206,52.509685,13.352271666666669,-20.952514038085937
26369024,pc1,-88.094375,-73.78421020507812,32.21829200617004,52.50968833333334,13.352023333333332,-14.310164794921874
26369024,pc1,-94.238125,-75.36958312988281,42.344441778813476,52.50971166666667,13.352186666666666,-18.868541870117184
26369024,pc1,-96.62125,-84.15067291259766,135.4241675869534,52.50965333333333,13.353665,-12.470577087402347
26369024,pc1,-97.776875,-81.09844970703125,93.12551559052139,52.509605,13.353045,-16.678425292968754
26369024,pc1,-90.828125,-74.48475646972656,36.58311476044687,52.50971333333333,13.352073333333331,-16.343368530273438
26369024,pc1,-94.730625,-72.82633209228516,26.416922761715703,52.50966666666667,13.35143,-21.904292907714847
26369024,pc4,-103.55375,-85.44422912597656,167.50537017045642,52.508896666666665,13.349405,-18.10952087402343
26369024,pc4,-104.94072164948452,-93.72775268554688,415.8152240682516,52.50994,13.357781666666666,-11.21296896393764
26369024,pc4,-100.689375,-86.4563980102539,192.3391205039721,52.50852166666667,13.349323333333333,-14.232976989746092
26369024,pc4,-99.865625,-90.25990295410156,278.1388814821989,52.50983166666666,13.355753333333332,-9.605722045898432
26369024,pc4,-102.091875,-85.5404281616211,169.7193439083922,52.50882166666667,13.349425,-16.551446838378908
26369024,pc4,-99.11625,-88.63196563720703,258.9655086142421,52.507891666666666,13.348893333333333,-10.484284362792962
26369024,pc4,-100.26375,-91.30645751953125,314.1055034469042,52.509875,13.35628,-8.957292480468752
26369024,pc4,-99.8925,-92.3853759765625,355.96947902476717,52.50991666666667,13.356895,-7.507124023437498
26369024,pc4,-98.945,-89.34565734863281,285.38145946858145,52.50770166666667,13.348651666666669,-9.59934265136718
26369024,pc4,-93.714375,-75.50252532958984,43.23938156096913,52.50968666666667,13.35223,-18.21184967041016
26369024,pc4,-96.75125,-85.30474853515625,155.4617495652998,52.509685,13.353956666666669,-11.446501464843749
26369024,pc4,-99.000625,-88.17876434326172,243.40915200549273,52.50802,13.349011666666666,-10.82186065673828
26369024,pc4,-101.650625,-85.51883697509766,169.22113100214509,52.508805,13.349446666666667,-16.13178802490235
26369024,pc4,-93.47625,-73.8349609375,32.53083557214427,52.50977,13.351796666666669,-19.641289062499993
26356993,pc1,-98.06125,-85.67741394042969,162.50418590821647,52.51130166666667,13.288963333333331,-12.383836059570314
26356993,pc1,-96.58625,-81.62635040283203,99.48909801770941,52.513036666666665,13.288066666666667,-14.959899597167976
26356993,pc1,-95.0675,-81.64041900634766,99.65867181927457,52.51276666666666,13.288481666666666,-13.42708099365234
26356993,pc1,-94.0175,-82.30641174316406,108.22668715864577,52.51300666666667,13.288328333333334,-11.711088256835936
26356993,pc1,-96.579375,-82.02933502197266,104.58721265182797,52.512863333333335,13.288463333333333,-14.550039978027343
26356993,pc1,-103.4634900990099,-86.53793334960938,179.914715302402,52.51105,13.288895,-16.925556749400528
26356993,pc1,-104.82716836734694,-81.51384735107422,98.0937028285101,52.51220333333333,13.288658333333334,-23.313321016272724
26356993,pc1,-91.998125,-84.92215728759766,148.5382722111056,52.51144833333333,13.288901666666666,-7.0759677124023455
26356993,pc1,-95.1425,-77.43555450439453,57.181699284468515,52.51278,13.286891666666667,-17.706945495605467
26356993,pc1,-96.7475,-81.54716491699219,98.51212944945672,52.51304,13.288033333333331,-15.200335083007815
26356993,pc1,-96.513125,-81.54716491699219,98.51212944945672,52.51304,13.288033333333331,-14.965960083007815
26356993,pc1,-95.25875,-78.40421295166016,65.49492637111841,52.51286833333333,13.286931666666666,-16.85453704833985
26356993,pc1,-96.294375,-81.54716491699219,98.51212944945672,52.51304,13.288033333333331,-14.747210083007815
26356993,pc1,-96.3875,-85.92078399658203,167.2757112575735,52.511205,13.288903333333334,-10.466716003417972
26356993,pc1,-96.65625,-81.54716491699219,98.51212944945672,52.51304,13.288033333333331,-15.109085083007812
26356993,pc1,-92.904375,-79.2200698852539,73.09991206432666,52.51294333333333,13.286955,-13.684305114746095
26356993,pc1,-91.3175,-80.05302429199219,81.50905844649674,52.512985,13.287671666666666,-11.264475708007808
26356993,pc1,-94.909375,-76.77471160888672,51.901410475321526,52.51270333333333,13.286816666666668,-18.13466339111328
26356993,pc1,-101.420625,-86.15668487548828,172.00063153863024,52.511156666666665,13.28892,-15.26394012451172
26356993,pc1,-92.83375,-79.60161590576172,76.86523574391997,52.512975,13.287503333333332,-13.232134094238276
26356993,pc1,-98.095,-79.19915008544922,72.89603372960691,52.51296,13.287288333333333,-18.89584991455078
26356993,pc1,-88.788125,-76.41149139404297,49.11784678203516,52.51266666666667,13.2868,-12.376633605957025
26356993,pc1,-94.116875,-82.59427642822266,112.1183701581308,52.513036666666665,13.28836,-11.522598571777337
26356993,pc1,-94.63,-76.77471160888672,51.901410475321526,52.51270333333333,13.286816666666668,-17.855288391113277
26356993,pc1,-91.3275,-81.00785064697266,92.06901189784132,52.51300333333333,13.287951666666666,-10.319649353027344
26356993,pc1,-89.113125,-76.38165283203125,48.89109454756496,52.51260333333333,13.286686666666666,-12.731472167968747
26356993,pc1,-99.82,-77.93147277832031,61.33927859563731,52.51202,13.286443333333333,-21.88852722167968
26356993,pc4,-99.7425,-82.34458923339844,108.73493109948696,52.51294,13.288441666666667,-17.39791076660157
26356993,pc4,-104.075625,-83.90172576904297,131.42612304731608,52.51162833333333,13.28881,-20.173899230957034
26356993,pc4,-101.83875,-85.66952514648438,162.36332213516846,52.51127833333334,13.288923333333331,-16.16922485351563
26356993,pc4,-103.898125,-83.42768859863281,124.10249857000115,52.51169333333333,13.288751666666666,-20.47043640136718
26356993,pc4,-100.290625,-78.70735168457031,68.25196976912132,52.51289333333333,13.286926666666666,-21.583273315429693
26356993,pc4,-99.0075,-79.7685775756836,78.56406134767329,52.51300666666667,13.287071666666666,-19.2389224243164
26356993,pc4,-107.953125,-80.82145690917969,89.91606061896239,52.51224333333333,13.288543333333331,-27.131668090820312
26356993,pc4,-100.488125,-78.70735168457031,68.25196976912132,52.51289333333333,13.286926666666666,-21.780773315429684
26356993,pc4,-96.45940721649484,-76.99098205566406,53.59616871005548,52.51266833333333,13.286696666666666,-19.468425160830776
26356993,pc4,-106.603125,-81.49907684326172,97.91529476831893,52.51224166666667,13.288661666666666,-25.104048156738287
26356993,pc4,-101.129375,-77.72969818115234,59.63028771193126,52.512805,13.286896666666667,-23.399676818847652
26356993,pc4,-101.440625,-79.16828918457031,72.59987350166553,52.512925,13.286878333333334,-22.272335815429685
26356993,pc4,-98.76625,-79.11259460449219,72.06432711564445,52.51294666666666,13.28706,-19.653655395507812
26368258,pc1,-81.96375,-77.53558349609375,58.5912252232363,52.49926,13.312,-4.4281665039062545
26368258,pc1,-85.515625,-78.4756851196289,66.61174829598627,52.499923333333335,13.313475,-7.039939880371094
26368258,pc1,-88.47625,-82.66106414794922,115.47588900027975,52.49920333333333,13.311131666666666,-5.815185852050774
26368258,pc1,-85.17,-78.2759780883789,64.78195580478297,52.49993833333333,13.313411666666669,-6.8940219116210955
26368258,pc1,-85.326875,-80.20614624023438,83.3435667901583,52.49974,13.313933333333331,-5.120728759765626
26368258,pc1,-86.01875,-78.4615707397461,66.48437530162468,52.499921666666665,13.313475,-7.557179260253903
26368258,pc1,-84.30375,-77.82229614257812,60.92084067179198,52.49982666666666,13.313496666666667,-6.481453857421869
26368258,pc1,-86.408125,-78.47480010986328,66.5327196388792,52.499968333333335,13.313395,-7.933324890136717
26368258,pc1,-85.225,-78.77855682373047,69.41421836059577,52.49987,13.3136,-6.446443176269526
26368258,pc1,-83.21625,-77.56078338623047,58.71215303302652,52.499903333333336,13.313341666666666,-5.6554666137695335
26368258,pc1,-83.536875,-80.98942565917969,93.77458398424558,52.4992,13.311473333333334,-2.5474493408203074
26368258,pc1,-85.11,-77.86954498291016,61.318997864200924,52.49983,13.3135,-7.240455017089843
26368258,pc1,-80.33625,-78.5908432006836,67.66517323553242,52.499775,13.313661666666668,-1.745406799316413
26368258,pc1,-102.894375,-85.34187316894531,165.68478121339882,52.499145,13.310388333333334,-17.552501831054684
26368258,pc1,-73.230625,-71.07546997070312,15.457934637161545,52.499385,13.312665,-2.1551550292968784
26368258,pc1,-86.18,-78.09381866455078,63.23121295727115,52.49982333333333,13.313541666666667,-8.086181335449226
26368258,pc1,-85.409375,-78.08944702148438,63.19483820270549,52.49988666666667,13.313461666666669,-7.319927978515622
26368258,pc1,-81.300625,-79.05764770507812,72.06763220316027,52.49984,13.313678333333334,-2.2429772949218716
26368258,pc1,-85.4925,-77.6663589477539,59.61419854469328,52.499845,13.31345,-7.826141052246101
26368258,pc1,-85.458125,-78.79821014404297,69.59897490628302,52.49987,13.313603333333331,-6.659914855957027
26368258,pc1,-82.55625,-77.63111114501953,59.28968010712729,52.49990666666667,13.313348333333334,-4.925138854980474
26368258,pc1,-74.616875,-70.69020080566406,12.660991972883311,52.499625,13.312765,-3.9266741943359307
26368258,pc1,-91.67875,-82.6026611328125,114.579181878712,52.49919166666667,13.311151666666667,-9.076088867187494
26368258,pc1,-87.085,-81.15709686279297,94.41011288950158,52.499745,13.314101666666666,-5.927903137207025
26368258,pc1,-86.14875,-78.45760345458984,66.44818833555635,52.499923333333335,13.313471666666668,-7.691146545410163
26368258,pc1,-87.561875,-80.38180541992188,86.16127973888801,52.49933,13.311523333333334,-7.180069580078126
26368258,pc1,-74.369375,-70.0146484375,5.80624077930973,52.499543333333335,13.312693333333334,-4.354726562500005
26368258,pc1,-79.43,-76.05252075195312,47.197078860034736,52.49992666666667,13.312903333333333,-3.377479248046882
26368258,pc4,-88.07375,-78.21835327148438,64.27294382646043,52.499945,13.313388333333334,-9.855396728515629
26368258,pc4,-86.054375,-79.32921600341797,74.96045947486068,52.49925,13.31174,-6.725158996582024
26368258,pc4,-86.125,-77.72848510742188,60.09471507778071,52.499921666666665,13.313338333333334,-8.396514892578125
26368258,pc4,-83.700625,-81.42971801757812,97.86172688321969,52.499755,13.31415,-2.2709069824218773
26368258,pc4,-88.031875,-78.1911392211914,64.08166653927381,52.49988833333333,13.313476666666666,-9.840735778808593
26368258,pc4,-93.588125,-82.89825439453125,120.84386810335208,52.499253333333336,13.311026666666669,-10.689870605468755
26368258,pc4,-86.00125,-77.8187255859375,60.91834344825145,52.49928,13.311945,-8.182524414062499
26368258,pc4,-105.77659574468083,-85.38894653320312,166.7471125933629,52.499208333333335,13.310348333333334,-20.387649211477708
26368258,pc4,-85.691875,-81.80716705322266,102.92416536202516,52.49977833333333,13.314216666666669,-3.8847079467773398
26368258,pc4,-85.744375,-78.06629180908203,62.92531163470137,52.49997,13.313305,-7.678083190917974
26368258,pc4,-88.45,-81.19522094726562,94.93889619422734,52.499765,13.3141,-7.254779052734378
26368258,pc4,-77.104375,-71.50960540771484,18.338674856399354,52.49938,13.312596666666666,-5.594769592285161
26947074,pc1,-103.72375,-94.44275665283203,451.7918278281479,52.49427666666666,13.287623333333332,-9.280993347167964
26947074,pc1,-89.915,-103.34546661376953,161.43308365172715,52.491425,13.2953,13.430466613769525
26947074,pc1,-92.81375,-95.0289535522461,53.42047700242557,52.49212,13.294178333333331,2.215203552246095
26947074,pc1,-86.420625,-98.97655487060547,295.9925925370661,52.49062833333333,13.296796666666667,12.555929870605468
26947074,pc1,-91.75,-98.53536224365234,313.1945003151391,52.49051333333333,13.296968333333334,6.785362243652344
26947074,pc1,-88.158125,-74.89263916015625,38.38406613932513,52.49268,13.293193333333331,-13.265485839843748
26947074,pc1,-90.7975,-92.14500427246094,136.84945387222535,52.49158833333333,13.295053333333334,1.347504272460938
26947074,pc1,-88.856875,-92.94441223144531,133.27183426108866,52.49163833333333,13.295055,4.08753723144531
26947074,pc1,-97.364375,-93.27115631103516,394.5387159025311,52.49420666666666,13.288525,-4.093218688964839
26947074,pc1,-90.1125,-102.01289367675781,96.69245750574046,52.491855,13.294648333333331,11.900393676757815
26947074,pc1,-88.405625,-99.1577377319336,181.82988228337172,52.49133333333333,13.29557,10.752112731933593
26947074,pc1,-89.085,-75.92445373535156,45.70807607905678,52.49272333333333,13.29311,-13.160546264648431
26947074,pc1,-86.355,-97.25878143310547,265.6123929563591,52.490831666666665,13.296493333333334,10.903781433105465
26947074,pc1,-89.11875,-104.51365661621094,165.26300840636335,52.491418333333336,13.295366666666666,15.394906616210932
26947074,pc1,-87.048125,-117.81914520263672,240.66499832077906,52.49095833333333,13.296185,30.77102020263672
26947074,pc1,-90.0725,-72.44428253173828,21.986975981620304,52.49230333333333,13.293823333333334,-17.628217468261724
26947074,pc1,-88.416875,-92.86846923828125,131.98237800221057,52.49162333333334,13.295008333333334,4.4515942382812455
26947074,pc1,-89.6475,-72.27978515625,20.84631983280428,52.492293333333336,13.29379,-17.367714843749994
26947074,pc1,-85.9625,-98.98725128173828,197.75459393587673,52.491211666666665,13.295706666666666,13.024751281738276
26947074,pc1,-93.2325,-142.47900390625,74.43519043542196,52.491985,13.294398333333334,49.24650390625
26947074,pc1,-95.1425,-92.28649139404297,352.0101288222453,52.49420333333333,13.289265,-2.8560086059570295
26947074,pc1,-91.859375,-90.76171112060547,294.92114844192497,52.494105,13.290198333333333,-1.0976638793945312
26947074,pc1,-101.3225,-94.04731750488281,431.60150736826694,52.49422833333333,13.287918333333334,-7.275182495117193
26947074,pc4,-100.20875,-93.1060562133789,387.06474205316505,52.494238333333335,13.288685,-7.102693786621089
26947074,pc4,-97.820625,-92.9974594116211,382.2271194858826,52.49426166666667,13.288793333333333,-4.823165588378913
26947074,pc4,-95.200625,-85.87145233154297,166.31225826671053,52.493465,13.291806666666666,-9.329172668457034
26947074,pc4,-97.613125,-92.38127899169922,355.8971349762229,52.49422666666667,13.289221666666666,-5.231846008300778
26947074,pc4,-97.163125,-88.66912841796875,231.10590360435822,52.49385,13.291086666666668,-8.493996582031244
26947074,pc4,-93.124375,-108.83585357666016,250.6144112189402,52.490921666666665,13.296328333333332,15.711478576660156
26947074,pc4,-94.515,-106.38777923583984,330.6093885977856,52.49040333333333,13.297151666666666,11.872779235839843
26947074,pc4,-91.084375,-97.16880798339844,270.6040467406555,52.49079833333333,13.296543333333334,6.084432983398443
26947074,pc4,-91.27,-98.96427154541016,292.5002443102182,52.490676666666666,13.296798333333331,7.69427154541016
26947074,pc4,-93.86125,-106.38996887207031,333.9861288741757,52.49037833333333,13.297181666666669,12.528718872070314
26947074,pc4,-93.6463068181818,-104.6458969116211,158.55392341769698,52.49145666666666,13.29529,10.999590093439295
26947074,pc4,-93.693125,-74.02687072753906,37.033308159992444,52.49221,13.293986666666669,-19.666254272460932
26947074,pc4,-98.3325,-89.7443618774414,261.9977997120123,52.49399833333333,13.29069,-8.58813812255859
26947074,pc4,-92.290625,-104.320068359375,177.3081502239755,52.49135,13.295505,12.029443359374994
26947074,pc4,-100.648125,-90.05978393554688,271.8008772592384,52.494025,13.290535,-10.588341064453118
26947074,pc4,-96.95375,-91.74320220947266,330.51662898271127,52.494238333333335,13.2897,-5.210547790527343
26947074,pc4,-96.099375,-102.28600311279297,92.38252654179895,52.491868333333336,13.294583333333334,6.186628112792974
26358785,pc1,-65.051875,-77.17265319824219,55.34045956336353,52.50428,13.34046,12.120778198242192
26358785,pc1,-68.23125,-69.99144744873047,5.401890935751443,52.50381333333333,13.339995,1.760197448730466
26358785,pc1,-70.90625,-77.10940551757812,54.85150783136467,52.50349666666666,13.339475,6.203155517578125
26358785,pc1,-64.4325,-72.69274139404297,25.614572084006614,52.50405833333333,13.340213333333333,8.260241394042964
26358785,pc1,-67.29125,-71.70780181884766,19.593148761198368,52.50368666666667,13.339958333333334,4.416551818847651
26358785,pc1,-71.049375,-77.10940551757812,54.85150783136467,52.50349666666666,13.339475,6.060030517578127
26358785,pc1,-66.033125,-74.23336791992188,35.00133671365034,52.50413833333333,13.340261666666668,8.200242919921877
26358785,pc1,-73.300625,-79.30399322509766,73.9383766454108,52.50334166666666,13.339338333333334,6.00336822509766
26358785,pc1,-65.29375,-75.93737030029297,46.23468206483337,52.50356833333333,13.339536666666667,10.643620300292966
26358785,pc1,-70.80125,-71.77813720703125,20.034909217573098,52.503683333333335,13.339953333333334,0.976887207031254
26358785,pc1,-66.26875,-73.51984405517578,30.60485046004368,52.503605,13.339848333333332,7.251094055175784
26358785,pc1,-80.456875,-80.34099578857422,84.7870973131466,52.503283333333336,13.339203333333334,-0.11587921142577784
26358785,pc1,-69.26125,-69.84052276611328,1.875573847664731,52.50386666666667,13.340003333333334,0.5792727661132773
26358785,pc1,-73.768125,-78.51082611083984,66.50768681831752,52.50329,13.339718333333334,4.742701110839846
26358785,pc1,-65.72524752475248,-74.7296371459961,38.14781669251,52.504153333333335,13.340313333333333,9.004389621243618
26358785,pc1,-68.359375,-73.50611114501953,30.521509834474738,52.503616666666666,13.339811666666666,5.146736145019531
26358785,pc1,-73.8375,-73.98112487792969,33.43387089735244,52.50366,13.339655,0.14362487792968182
26358785,pc1,-64.715625,-76.94804382324219,53.608605851799936,52.50427166666667,13.340433333333332,12.232418823242185
26358785,pc1,-69.23875,-76.48114776611328,50.124895171670644,52.50358166666667,13.339441666666666,7.242397766113285
26358785,pc1,-63.534375,-76.54069519042969,50.5596432196804,52.50418833333333,13.34054,13.00632019042969
26358785,pc1,-70.838125,-74.44721984863281,36.349106368561046,52.503665,13.339593333333331,3.6090948486328074
26358785,pc1,-66.165625,-73.49185180664062,30.43468718918711,52.50360666666667,13.339848333333332,7.326226806640619
26358785,pc1,-62.126875,-71.02750396728516,15.093266801540675,52.50398166666667,13.340118333333333,8.900628967285158
26358785,pc1,-65.813125,-74.45327758789062,36.385485523633605,52.50413666666667,13.340308333333333,8.640152587890626
26358785,pc1,-66.73,-76.61266326904297,51.091987856022556,52.50354333333333,13.339476666666666,9.882663269042965
26358785,pc1,-71.296875,-77.10940551757812,54.85150783136467,52.50349666666666,13.339475,5.812530517578125
26358785,pc1,-61.499375,-82.92178344726562,119.22881559136165,52.50475166666666,13.341,21.422408447265624
26358785,pc1,-75.025625,-79.56489562988281,76.53799569040443,52.50329833333333,13.339368333333333,4.539270629882807
26358785,pc4,-76.410625,-77.75414276123047,60.00635277664428,52.50346166666667,13.339425,1.3435177612304727
26358785,pc4,-70.99,-70.98797607421875,14.813740931892022,52.50391666666667,13.340223333333334,-0.002023925781244884
26358785,pc4,-85.845625,-80.1836166381836,83.04872922072913,52.503303333333335,13.339205,-5.6620083618164045
26358785,pc4,-74.2575,-86.17057800292969,184.95907620489285,52.505335,13.341283333333331,11.913078002929694
26358785,pc4,-75.32625,-76.58438873291016,50.882925889334935,52.503545,13.339478333333334,1.2581387329101545
26358785,pc4,-77.999375,-76.6519546508789,51.38332545691071,52.50354166666666,13.339473333333334,-1.3474203491210943
26358785,pc4,-73.445625,-72.9437026977539,27.124434175261925,52.50405333333333,13.340266666666666,-0.5019223022461006
26358785,pc4,-78.75375,-78.1584701538086,63.413409133333296,52.50342,13.339426666666666,-0.5952798461914028
26358785,pc4,-69.309375,-81.87470245361328,103.77218871566089,52.50464,13.340863333333331,12.565327453613278
26358785,pc4,-80.41125,-78.5511245727539,66.86978959177489,52.50328,13.339753333333334,-1.8601254272460892
26358785,pc4,-79.574375,-77.68142700195312,59.40802527027927,52.50345,13.33946,-1.8929479980468784
26358785,pc4,-83.2175,-79.8504409790039,79.48024349715962,52.503283333333336,13.339328333333333,-3.367059020996095
40812800,pc1,-81.358125,-89.1479721069336,244.35773635616604,52.50470166666667,13.282806666666666,7.789847106933593
40812800,pc1,-86.99,-71.99226379394531,18.831473564121737,52.506705,13.283335,-14.997736206054682
40812800,pc1,-90.90125,-71.66080474853516,16.40153039976602,52.50673333333334,13.28331,-19.24044525146485
40812800,pc1,-83.016875,-90.81497192382812,296.69608912057066,52.50932333333333,13.285125,7.798096923828126
40812800,pc1,-75.976875,-80.12836456298828,82.30673173232418,52.50755,13.283881666666666,4.151489562988274
40812800,pc1,-79.941875,-82.94578552246094,117.0531026440111,52.505855,13.28294,3.0039105224609415
40812800,pc1,-80.474375,-87.52936553955078,202.19041219823288,52.50508333333333,13.28284,7.054990539550786
40812800,pc1,-84.915625,-80.69786071777344,88.527789465125,52.506105,13.283036666666666,-4.217764282226568
40812800,pc1,-86.628125,-79.70804595947266,77.9417889462128,52.506195,13.283088333333334,-6.920079040527341
40812800,pc1,-94.255,-88.37613677978516,223.28756667194716,52.50606666666667,13.280381666666669,-5.878863220214839
40812800,pc1,-83.16875,-90.69744110107422,292.6725901715738,52.504266666666666,13.282755,7.528691101074216
40812800,pc1,-94.090625,-92.66835021972656,367.85216379590906,52.50991,13.285545,-1.4222747802734403
40812800,pc1,-86.865625,-91.85704803466797,334.8449483012855,52.503908333333335,13.2825,4.991423034667974
40812800,pc1,-79.101875,-84.97577667236328,149.48831424607604,52.50810166666667,13.284286666666668,5.873901672363274
40812800,pc1,-86.26375,-91.63136291503906,326.1938625349703,52.50398166666667,13.282551666666668,5.367612915039061
40812800,pc1,-82.0,-89.58088684082031,257.01077124131314,52.50458833333333,13.282786666666668,7.5808868408203125
40812800,pc1,-75.665625,-82.20314025878906,106.86185280957379,52.50773,13.284106666666666,6.537515258789057
40812800,pc1,-75.504375,-81.00664520263672,92.05643171071394,52.50762666666667,13.283953333333333,5.502270202636723
40812800,pc1,-94.96375,-88.39539337158203,223.7912695440745,52.50606,13.280378333333331,-6.568356628417973
40812800,pc1,-74.178125,-80.92999267578125,91.16994642024125,52.50757333333333,13.284095,6.751867675781256
40812800,pc1,-81.06188118811882,-88.64078521728516,230.30388328307194,52.504828333333336,13.282821666666669,7.578904029166338
40812800,pc1,-84.030625,-89.46472930908203,253.55439490705922,52.50461833333333,13.282801666666666,5.434104309082031
40812800,pc1,-83.123125,-90.02030181884766,270.50671512755036,52.504468333333335,13.282756666666666,6.8971768188476545
40812800,pc4,-85.09875,-90.1947250366211,276.0539734599216,52.50441,13.282841666666666,5.095975036621098
40812800,pc4,-80.87625,-73.11007690429688,26.3940066426548,52.507061666666665,13.283633333333333,-7.766173095703124
40812800,pc4,-83.2575,-86.6407699584961,182.11733089121242,52.50526333333333,13.282873333333333,3.3832699584961006
40812800,pc4,-104.526875,-93.40833282470703,400.75229209054106,52.51018666666667,13.285718333333334,-11.118542175292973
40812800,pc4,-88.13,-91.43035125732422,318.6726974892864,52.50960666666667,13.282015,3.3003512573242233
40812800,pc4,-86.356875,-90.6843032836914,292.22486400073217,52.50935833333333,13.282023333333331,4.327428283691404
40812800,pc4,-88.0425,-86.62100982666016,181.74104592393735,52.50824,13.281945,-1.4214901733398477
40812800,pc4,-91.619375,-89.99871063232422,269.8266660606174,52.5091,13.284973333333332,-1.6206643676757864
40812800,pc4,-81.29,-89.04131317138672,241.33453467920165,52.50472333333333,13.282866666666669,7.7513131713867125
40812800,pc4,-82.9175,-90.40377044677734,282.84912397552654,52.50435,13.282821666666669,7.48627044677734
40812800,pc4,-91.859375,-91.27616882324219,313.02012716357484,52.509438333333335,13.285295,-0.5832061767578125
40812800,pc4,-80.5325,-76.47076416015625,49.56662024042211,52.507288333333335,13.283653333333334,-4.061735839843749
40812800,pc4,-86.5725,-89.97486877441406,269.12256636024244,52.509141666666665,13.28204,3.4023687744140574
40812800,pc4,-97.33625,-92.43058013916016,357.8609804062084,52.50371,13.282393333333331,-4.905669860839851
40812800,pc4,-84.88375,-83.7396011352539,128.88711417328852,52.50790833333333,13.284248333333334,-1.1441488647461
40812800,pc4,-88.424375,-72.44540405273438,21.97191802003165,52.506685,13.283286666666667,-15.978970947265623
40812800,pc4,-86.276875,-90.97370910644531,302.219392201508,52.504185,13.2827,4.6968341064453085
33802242,pc1,-83.78125,-70.63832092285156,12.173126681157921,52.513398333333335,13.335368333333331,-13.142929077148438
33802242,pc1,-96.483125,-85.11981964111328,160.2572412963414,52.51346,13.33292,-11.36330535888672
33802242,pc1,-100.32375,-83.91728973388672,136.20490388700688,52.513745,13.333316666666668,-16.406460266113285
33802242,pc1,-80.713125,-76.00455474853516,46.69594956058048,52.51345,13.335973333333332,-4.708570251464849
33802242,pc1,-82.530625,-70.14604187011719,7.498334008004096,52.513495,13.335176666666667,-12.384583129882813
33802242,pc1,-83.88125,-71.70567321777344,19.57720773213814,52.51338,13.33507,-12.175576782226557
33802242,pc1,-77.4525,-71.7824478149414,20.05926921554792,52.51338166666667,13.335058333333333,-5.670052185058594
33802242,pc1,-77.394375,-82.22118377685547,108.61647551634935,52.51352833333333,13.336891666666666,4.826808776855472
33802242,pc1,-79.978125,-82.9837417602539,120.20010792525012,52.51337,13.333523333333334,3.0056167602539006
33802242,pc1,-81.833125,-75.90839385986328,46.027358259756355,52.51386166666666,13.334968333333332,-5.924731140136714
33802242,pc1,-79.0975,-83.84806060791016,134.94608623428832,52.51358166666667,13.337276666666666,4.75056060791016
33802242,pc1,-76.10375,-82.91973114013672,119.1776003676782,52.513515,13.337048333333334,6.815981140136714
33802242,pc1,-84.005,-84.62570190429688,149.87478268412957,52.513556666666666,13.3375,0.6207019042968795
33802242,pc1,-76.553125,-77.32737731933594,56.54617882240883,52.513466666666666,13.336121666666669,0.7742523193359432
33802242,pc1,-76.4525,-77.32788848876953,56.5585332993786,52.514,13.335173333333334,0.8753884887695307
33802242,pc1,-81.965,-85.39127349853516,166.2943500861001,52.513216666666665,13.332873333333334,3.426273498535153
33802242,pc1,-78.08125,-83.15689086914062,123.00865844155122,52.513513333333336,13.337105,5.075640869140628
33802242,pc1,-84.8175,-84.79010772705078,153.25009565648486,52.51359166666667,13.337546666666666,-0.027392272949214203
33802242,pc1,-80.285,-86.1782455444336,185.13861042594456,52.51323666666666,13.332585,5.893245544433597
33802242,pc1,-79.835,-83.53823852539062,129.44832938043604,52.51355,13.337198333333331,3.7032385253906313
33802242,pc1,-80.14247311827957,-86.87945556640625,203.75681177790028,52.513223333333336,13.33231,6.736982448126682
33802242,pc1,-97.505625,-84.24286651611328,142.31197851967485,52.513555,13.333186666666666,-13.262758483886714
33802242,pc1,-74.255,-81.5300064086914,99.13557340338272,52.513525,13.336751666666666,7.275006408691411
33802242,pc1,-77.54875,-80.44335174560547,85.92447926407073,52.51334166666667,13.334043333333334,2.8946017456054705
33802242,pc1,-76.80125,-82.26024627685547,109.18009018992598,52.51352833333333,13.3369,5.458996276855473
33802242,pc4,-95.81875,-99.40409088134766,1050.3186883974486,52.512425,13.319866666666666,3.585340881347662
33802242,pc4,-100.4975,-84.46583557128906,146.66304665857973,52.513666666666666,13.333138333333334,-16.03166442871094
33802242,pc4,-88.59125,-99.18995666503906,1022.8477254973777,52.51242666666667,13.320275,10.59870666503906
33802242,pc4,-97.861875,-99.52220153808594,1065.7670501006999,52.512365,13.319648333333332,1.6603265380859398
33802242,pc4,-99.015625,-76.94434356689453,53.57649358321421,52.513875,13.334798333333334,-22.07128143310547
33802242,pc4,-96.593125,-87.00159454345703,207.18835003331776,52.51362666666667,13.338341666666668,-9.59153045654297
33802242,pc4,-88.29125,-84.94153594970703,156.43043866331882,52.51358,13.337595,-3.349714050292974
33802242,pc4,-88.065,-84.94153594970703,156.43043866331882,52.51358,13.337595,-3.1234640502929665
33802242,pc4,-79.758125,-79.56626892089844,76.54061231111172,52.51338333333333,13.334171666666666,-0.19185607910156932
33802242,pc4,-88.280625,-84.94153594970703,156.43043866331882,52.51358,13.337595,-3.3390890502929693
33802242,pc4,-83.78375,-74.96913146972656,39.69202323789519,52.51342833333333,13.335863333333334,-8.814618530273435
33802242,pc4,-95.9675,-99.35668182373047,1044.1769170981083,52.51242333333333,13.319958333333334,3.3891818237304676
33802242,pc4,-95.984375,-99.35668182373047,1044.1769170981083,52.51242333333333,13.319958333333334,3.3723068237304688
33802242,pc4,-87.5925,-99.12554931640625,1014.7176273060057,52.51243166666666,13.320395,11.533049316406249
33802242,pc4,-84.81625,-84.08778381347656,139.37152439873307,52.513551666666665,13.337345,-0.7284661865234341
26349058,pc1,-101.328125,-84.89008331298828,147.95940310258968,52.51023,13.365555,-16.43804168701172
26349058,pc1,-93.46125,-74.90707397460938,38.32545880641105,52.509805,13.362953333333332,-18.554176025390632
26349058,pc1,-101.37375,-81.23631286621094,94.74987074130463,52.51011,13.364788333333331,-20.137437133789064
26349058,pc1,-101.935625,-92.20377349853516,348.55411480586304,52.50996166666667,13.358246666666666,-9.731851501464845
26349058,pc1,-96.1,-81.24109649658203,94.8073389455654,52.50982666666667,13.362031666666669,-14.858903503417963
26349058,pc1,-97.14125,-84.04247283935547,133.66698141866135,52.50980333333333,13.361453333333332,-13.09877716064453
26349058,pc1,-98.546875,-89.2867660522461,248.32992306454153,52.50987,13.359735,-9.260108947753906
26349058,pc1,-90.69015957446808,-92.29878234863281,352.4382333619043,52.510693333333336,13.368485,1.6086227741647292
26349058,pc1,-93.64875,-74.04605102539062,32.54066632346732,52.509955,13.363865,-19.602698974609382
26349058,pc1,-94.266875,-88.00883483886719,213.87769387449734,52.51036,13.366506666666666,-6.258040161132811
26349058,pc1,-103.375,-88.3755111694336,223.25405397341203,52.50986833333333,13.360106666666669,-14.999488830566406
26349058,pc1,-91.200625,-73.10142517089844,26.334891157047313,52.50990166666666,13.363733333333334,-18.099199829101565
26349058,pc1,-102.143125,-80.00865173339844,81.03910998130301,52.510035,13.364593333333334,-22.13447326660156
26349058,pc1,-91.87125,-88.90133666992188,237.41441589772197,52.51042666666667,13.36684,-2.9699133300781284
26349058,pc1,-101.680625,-84.20655059814453,136.32981006847288,52.51018,13.365393333333332,-17.474074401855475
26349058,pc1,-98.75375,-84.68136596679688,144.31524972442412,52.50985166666667,13.361281666666668,-14.072384033203122
26349058,pc1,-101.354375,-87.90547943115234,211.29753682631087,52.50986,13.360285,-13.44889556884766
26349058,pc1,-101.196875,-83.82958221435547,130.28135801138674,52.51019333333333,13.3653,-17.367292785644537
26349058,pc1,-98.159375,-89.972412109375,268.98484649014205,52.50987833333333,13.359428333333334,-8.186962890624997
26349058,pc1,-98.849375,-90.4340591430664,283.8410206643024,52.51054666666667,13.3675,-8.415315856933589
26349058,pc1,-102.675,-86.09734344482422,170.78579506396008,52.50984833333333,13.360888333333332,-16.57765655517578
26349058,pc1,-102.824375,-92.4476318359375,358.54413280417407,52.509935,13.3581,-10.376743164062503
26349058,pc1,-93.665625,-76.09339904785156,46.74123556772332,52.509785,13.362823333333331,-17.572225952148443
26349058,pc1,-100.56125,-91.58116149902344,324.2771685488397,52.50990333333333,13.358608333333333,-8.980088500976564
26349058,pc1,-100.1325,-86.67823028564453,182.9157285440729,52.50984666666667,13.360708333333331,-13.454269714355462
26349058,pc1,-98.989375,-87.91519165039062,211.53798365082082,52.50985833333333,13.360281666666667,-11.07418334960937
26349058,pc4,-99.95,-81.89643859863281,102.88054049314482,52.509845,13.361903333333334,-18.05356140136719
26349058,pc4,-96.2075,-89.83130645751953,264.6122806250096,52.51051666666667,13.36722,-6.376193542480465
26349058,pc4,-95.92375,-89.05524444580078,241.7193649301713,52.51046166666666,13.366893333333334,-6.868505554199217
26349058,pc4,-95.543125,-72.9148178100586,25.105816821905947,52.50984166666667,13.363168333333334,-22.62830718994141
26349058,pc4,-93.665625,-72.03287506103516,19.118464304862748,52.509915,13.36362,-21.63274993896485
26349058,pc4,-100.204375,-82.06275177001953,105.0202510410357,52.509843333333336,13.361871666666667,-18.141623229980468
26349058,pc4,-98.898125,-79.03498840332031,71.3137132929174,52.509816666666666,13.362396666666667,-19.86313659667968
26349058,pc4,-100.416875,-89.08333587646484,242.50505458363162,52.509881666666665,13.35982,-11.33353912353516
26349058,pc4,-94.979375,-89.36705780029297,250.67537850822617,52.51048166666666,13.367021666666666,-5.612317199707036
26349058,pc4,-94.56375,-71.48101806640625,15.007185689917192,52.50989666666667,13.363486666666669,-23.08273193359375
26349058,pc4,-99.231875,-81.28715515136719,95.3567209161859,52.50982666666667,13.362023333333331,-17.944719848632815
26349058,pc4,-105.981875,-92.2612075805664,350.88196172363064,52.509933333333336,13.358213333333332,-13.720667419433596
26349058,pc4,-108.37625,-86.06816101074219,170.19704785475676,52.50986,13.360895,-22.30808898925781
26349058,pc4,-105.330625,-92.98509979248047,381.57049978083876,52.509926666666665,13.35776,-12.345525207519529
26359554,pc1,-67.776875,-70.0935287475586,6.852896797666563,52.504415,13.33579,2.3166537475585898
26359554,pc1,-65.618125,-69.8200454711914,0.30143798293636453,52.504358333333336,13.335753333333331,4.2019204711914
26359554,pc1,-69.4325,-70.67914581298828,12.500750139035283,52.504423333333335,13.3359,1.2466458129882767
26359554,pc1,-63.3875,-70.49484252929688,10.975423525650847,52.50445666666667,13.335768333333334,7.107342529296872
26359554,pc1,-80.655625,-79.12457275390625,72.19731605135267,52.50381333333333,13.33517,-1.5310522460937506
26359554,pc1,-76.241875,-77.05347442626953,54.42186811630999,52.50431666666667,13.33655,0.8115994262695381
26359554,pc1,-83.6125,-80.86494445800781,90.83967179813119,52.503708333333336,13.334936666666668,-2.7475555419921847
26359554,pc1,-67.52125,-70.71455383300781,12.778949824002856,52.50443833333333,13.335885,3.1933038330078176
26359554,pc1,-66.55625,-70.17326354980469,7.816891904373849,52.50441833333333,13.33581,3.617013549804682
26359554,pc1,-81.65625,-79.9529800415039,80.56381016802449,52.50377666666667,13.33504,-1.7032699584960938
26359554,pc1,-74.413125,-71.41448211669922,17.713830283017042,52.5044,13.336001666666666,-2.998642883300775
26359554,pc1,-69.43819444444445,-70.7044448852539,12.699918680293054,52.504425,13.335901666666668,1.2662504408094577
26359554,pc1,-74.466875,-72.4365463256836,24.071281883783602,52.504313333333336,13.336096666666666,-2.030328674316408
26359554,pc1,-66.34,-69.8790054321289,3.160507547042931,52.50436833333333,13.335705,3.539005432128903
26359554,pc1,-74.65625,-72.4365463256836,24.071281883783602,52.504313333333336,13.336096666666666,-2.2197036743164062
26359554,pc1,-71.85375,-73.09165954589844,28.01474667922468,52.50458,13.335946666666668,1.2379095458984324
26359554,pc1,-63.778125,-69.84553527832031,2.0869226737526905,52.50437166666666,13.335726666666666,6.06741027832031
26359554,pc1,-67.735,-70.16844940185547,7.76143900103049,52.50442833333334,13.335741666666667,2.4334494018554693
26359554,pc1,-66.0825,-72.69694519042969,25.640292611010015,52.504198333333335,13.335476666666668,6.6144451904296915
26359554,pc1,-69.743125,-70.67914581298828,12.500750139035283,52.504423333333335,13.3359,0.936020812988275
26359554,pc1,-73.95375,-71.41448211669922,17.713830283017042,52.5044,13.336001666666666,-2.5392678833007807
26359554,pc4,-92.840625,-83.0671615600586,121.57884660977504,52.50348833333334,13.334661666666667,-9.773463439941409
26359554,pc4,-72.138125,-70.11283111572266,7.096871502023405,52.50441833333333,13.335711666666668,-2.025293884277346
26359554,pc4,-83.89835164835165,-79.51469421386719,76.03931390959674,52.50419166666666,13.336838333333333,-4.383657434484462
26359554,pc4,-71.7675,-73.68746948242188,31.6283868772712,52.50416833333333,13.335401666666666,1.9199694824218767
26359554,pc4,-74.768125,-70.76180267333984,13.144276715643562,52.50443166666667,13.335901666666668,-4.006322326660154
26359554,pc4,-85.413125,-78.28953552246094,64.55294274627121,52.50386833333334,13.335238333333333,-7.123589477539056
26359554,pc4,-73.051875,-70.12806701660156,7.28410529337482,52.504423333333335,13.335731666666666,-2.923807983398433
26359554,pc4,-75.111875,-70.73544311523438,12.941331762507284,52.50443,13.3359,-4.376431884765623
26359554,pc4,-76.648125,-72.93694305419922,27.084428750897892,52.50439333333333,13.336145,-3.7111819458007744
26359554,pc4,-92.966875,-83.06295013427734,121.5105978149788,52.50348833333334,13.334663333333332,-9.903924865722658
26359554,pc4,-72.169375,-70.41552734375,10.269665336910606,52.50444666666667,13.335795,-1.7538476562500023
26359554,pc4,-95.3125,-82.6791763305664,115.44842072419313,52.50346166666667,13.33489,-12.633323669433594
26359554,pc4,-93.684375,-83.0545425415039,121.37429963836186,52.50348833333334,13.334666666666667,-10.629832458496097
26359554,pc4,-86.09,-81.78645324707031,102.56627596973188,52.50362833333333,13.334823333333333,-4.303546752929691
26359554,pc4,-93.035,-83.06366729736328,121.52211999682964,52.50348666666667,13.334666666666667,-9.971332702636715
26359554,pc4,-74.874375,-70.37007141113281,9.847635428453321,52.504423333333335,13.335848333333333,-4.504303588867188
26359554,pc4,-92.945625,-83.04541778564453,121.22658234750051,52.50349,13.334666666666667,-9.900207214355476
26359554,pc4,-93.065625,-83.06295013427734,121.5105978149788,52.50348833333334,13.334663333333332,-10.002674865722653
26359554,pc4,-91.1775,-82.6791763305664,115.44842072419313,52.50346166666667,13.33489,-8.498323669433589
29127682,pc1,-80.42,-77.39605712890625,57.098542569562255,52.512013333333336,13.31341,-3.0239428710937517
29127682,pc1,-99.170625,-89.84246063232422,305.1950566373115,52.512368333333335,13.318731666666666,-9.328164367675782
29127682,pc1,-83.236875,-70.05709075927734,6.371156847158583,52.51207,13.314156666666667,-13.179784240722654
29127682,pc1,-96.04671717171718,-90.8311767578125,348.6882658429702,52.512355,13.31938,-5.215540413904677
29127682,pc1,-82.003125,-75.55796813964844,43.614258817008185,52.512025,13.313608333333333,-6.44515686035156
29127682,pc1,-92.30625,-87.09008026123047,209.72058745849313,52.51221833333334,13.317338333333334,-5.216169738769537
29127682,pc1,-81.149375,-69.90235137939453,3.7369935297933523,52.512031666666665,13.314226666666666,-11.247023620605475
29127682,pc1,-80.47625,-73.21514129638672,28.756788681183092,52.51206,13.313825,-7.261108703613274
29127682,pc1,-80.84,-77.45284271240234,57.547666402450446,52.512013333333336,13.313403333333332,-3.3871572875976597
29127682,pc1,-80.4125,-73.29090118408203,29.214427540414185,52.51203833333334,13.31382,-7.121598815917963
29127682,pc1,-95.824375,-90.55232238769531,335.8676946456806,52.51236333333333,13.319188333333331,-5.272052612304691
29127682,pc1,-79.136875,-79.03931427001953,71.385387661999,52.512141666666665,13.315296666666669,-0.09756072998047216
29127682,pc1,-79.483125,-70.00714874267578,5.648530742202137,52.51202,13.314203333333332,-9.47597625732422
29127682,pc1,-79.78125,-70.04959106445312,6.267323510762375,52.51201833333333,13.314191666666666,-9.731658935546875
29127682,pc1,-86.511875,-82.91867065429688,119.19031851588511,52.512123333333335,13.316008333333333,-3.5932043457031284
29127682,pc1,-97.24875,-90.43936920166016,330.8008323367601,52.51237166666667,13.319111666666666,-6.809380798339845
29127682,pc1,-82.646875,-75.5223388671875,43.37273635044038,52.511985,13.313621666666666,-7.124536132812494
29127682,pc1,-89.2575,-83.47267150878906,128.35138319699502,52.51219833333333,13.316133333333331,-5.784828491210931
29127682,pc1,-79.523125,-81.25231170654297,95.59057041809314,52.51214,13.315656666666667,1.7291867065429756
29127682,pc1,-88.305,-86.10746002197266,183.35050940715695,52.51225,13.316941666666668,-2.1975399780273506
29127682,pc1,-80.585,-81.83502960205078,103.22793272209873,52.51217,13.315765,1.2500296020507875
29127682,pc1,-79.34625,-70.2301254272461,8.446425561891052,52.512101666666666,13.314143333333334,-9.116124572753904
29127682,pc1,-89.03875,-84.7425537109375,152.26573488241428,52.51222833333333,13.316483333333334,-4.296196289062493
29127682,pc1,-83.3525,-80.87964630126953,91.00858874167953,52.51197166666667,13.312913333333332,-2.472853698730475
29127682,pc1,-78.594375,-69.9937515258789,5.44018728582444,52.51211,13.314266666666668,-8.600623474121093
29127682,pc1,-79.656875,-71.3638916015625,17.379543266973403,52.512058333333336,13.314506666666666,-8.2929833984375
29127682,pc4,-78.601875,-80.40572357177734,85.50684036618354,52.51195666666667,13.312998333333333,1.803848571777337
29127682,pc4,-75.71,-74.31317901611328,35.49930906915789,52.512006666666665,13.313733333333332,-1.3968209838867125
29127682,pc4,-77.60375,-80.24292755126953,83.69389515810238,52.51195833333333,13.313025,2.639177551269526
29127682,pc4,-78.24375,-71.45878601074219,18.00018892730413,52.512033333333335,13.314511666666666,-6.784963989257818
29127682,pc4,-88.780625,-86.41887664794922,191.32168992743598,52.51224166666667,13.317061666666667,-2.361748352050782
29127682,pc4,-75.87125,-74.76399230957031,38.36540043524338,52.51205333333333,13.314816666666667,-1.107257690429691
29127682,pc4,-80.256875,-87.36389923095703,217.81339172266425,52.511833333333335,13.311053333333334,7.1070242309570375
29127682,pc4,-82.631875,-81.06400299072266,93.24939899946148,52.512141666666665,13.315621666666669,-1.5678720092773375
29127682,pc4,-89.91125,-87.45696258544922,220.51768381700745,52.51227333333333,13.31749,-2.4542874145507767
29127682,pc4,-93.0438988095238,-94.87232971191406,595.7023296098088,52.51147666666667,13.3055,1.8284309023902665
29127682,pc4,-76.61375,-78.46619415283203,66.10440478066089,52.51207,13.315226666666666,1.8524441528320352
29127682,pc4,-91.883125,-88.5713882446289,256.787187923365,52.512275,13.318028333333334,-3.3117367553711006
29127682,pc4,-82.71125,-87.17951965332031,212.30346491756504,52.511835,13.311135,4.468269653320306
29127682,pc4,-91.406875,-94.51171112060547,568.4564221933354,52.511523333333336,13.305896666666667,3.1048361206054693
26365185,pc1,-87.615,-88.14190673828125,242.47565929788954,52.511405,13.30481,0.5269067382812551
26365185,pc1,-81.14,-78.616455078125,67.45733195649879,52.511136666666665,13.300251666666666,-2.5235449218750006
26365185,pc1,-89.00875,-87.82544708251953,232.1909932922223,52.51143833333333,13.304651666666668,-1.183302917480475
26365185,pc1,-88.65375,-83.62470245361328,131.0091576976311,52.5113,13.303171666666668,-5.029047546386721
26365185,pc1,-84.168125,-86.55599212646484,195.11502320949256,52.511395,13.304108333333334,2.3878671264648403
26365185,pc1,-88.743125,-89.47167205810547,290.73513193969796,52.51146666666666,13.305516666666666,0.7285470581054625
26365185,pc1,-80.156875,-74.61941528320312,37.43983084403064,52.51114333333334,13.300698333333331,-5.537459716796874
26365185,pc1,-78.701875,-83.9401626586914,136.62857723619987,52.51106333333333,13.299236666666667,5.238287658691405
26365185,pc1,-82.553125,-77.40155792236328,57.14309280951752,52.511235,13.302085,-5.151567077636713
26365185,pc1,-85.46625,-70.68773651123047,12.571151165652124,52.51114166666667,13.301395,-14.778513488769534
26365185,pc1,-88.00125,-89.83386993408203,304.8453064944774,52.51150333333333,13.30572,1.8326199340820324
26365185,pc1,-77.275,-84.40323638916016,145.50110941252936,52.511105,13.299098333333331,7.128236389160151
26365185,pc1,-84.946875,-86.83939361572266,202.83992135791686,52.51140333333333,13.304221666666669,1.8925186157226506
26365185,pc1,-89.280625,-91.2635726928711,370.2976383140552,52.51161,13.306673333333332,1.9829476928710932
26365185,pc1,-87.78875,-70.23489379882812,8.498520610837264,52.51119666666666,13.301366666666668,-17.553856201171868
26365185,pc1,-81.508125,-82.22997283935547,108.74400891493605,52.51130833333333,13.30284,0.7218478393554619
26365185,pc1,-82.9725,-78.91031646728516,70.16417558447687,52.511145,13.30021,-4.06218353271484
26365185,pc1,-90.075,-89.53521728515625,292.7594908236289,52.51145666666667,13.305548333333334,-0.5397827148437528
26365185,pc1,-74.650625,-80.24138641357422,83.68438271433666,52.51117166666667,13.300006666666668,5.590761413574214
26365185,pc1,-83.941875,-88.46834564208984,253.55066628257734,52.51141166666667,13.304973333333333,4.526470642089848
26365185,pc1,-81.835,-85.4522476196289,167.67619003484498,52.51140333333333,13.303698333333331,3.6172476196289125
26365185,pc1,-87.87875,-90.00567626953125,312.0099369806365,52.51154666666667,13.305818333333333,2.1269262695312534
26365185,pc1,-84.776875,-78.5573959350586,66.92388985974105,52.51119166666667,13.300253333333334,-6.21947906494141
26365185,pc1,-81.066875,-76.15343475341797,47.75511223518927,52.511116666666666,13.300551666666667,-4.913440246582027
26365185,pc1,-81.1375,-87.72057342529297,228.87784014781886,52.511475,13.304595,6.583073425292966
26365185,pc1,-87.84625,-70.89885711669922,14.170485836253206,52.511195,13.301033333333333,-16.94739288330078
26365185,pc1,-85.894375,-70.64287567138672,12.212832849917179,52.51116666666667,13.301073333333331,-15.251499328613278
26365185,pc4,-89.961875,-69.93376922607422,4.405716790996342,52.51116833333333,13.301263333333331,-20.028105773925788
26365185,pc4,-86.270625,-86.30741882324219,188.58478797011017,52.51140166666666,13.30401,0.03679382324219205
26365185,pc4,-90.31,-69.93376922607422,4.405716790996342,52.51116833333333,13.301263333333331,-20.376230773925784
26365185,pc4,-87.996875,-73.2115249633789,28.73601416955003,52.511095,13.300858333333334,-14.785350036621097
26365185,pc4,-83.12125,-81.56468200683594,99.61275216109553,52.51110166666667,13.29978,-1.556567993164066
26365185,pc4,-88.016875,-77.71898651123047,59.713029562783944,52.51126833333333,13.302118333333333,-10.29788848876953
26365185,pc4,-92.889375,-87.7746353149414,230.58199298723557,52.51135833333333,13.30464,-5.114739685058595
26365185,pc4,-87.07375,-74.51517486572266,36.77636962201638,52.51108666666666,13.300735,-12.558575134277348
26365185,pc4,-81.28977272727273,-84.70903778076172,151.65313315669027,52.511045,13.299016666666668,3.419265053488985
26365185,pc4,-91.244375,-87.23332214355469,214.09346158030047,52.51139666666667,13.30439,-4.011052856445318
26365185,pc4,-87.175,-74.3010482788086,35.42390024953193,52.51127833333334,13.301751666666666,-12.873951721191403
26365185,pc4,-83.12697368421053,-84.96251678466797,156.96121651768334,52.51104166666666,13.298938333333334,1.8355431004574427
26365185,pc4,-82.775625,-87.79269409179688,231.15173139529315,52.511406666666666,13.304641666666669,5.01706909179687
26607105,pc1,-79.631875,-77.01625061035156,53.79696943702467,52.51414666666667,13.377298333333334,-2.6156243896484312
26607105,pc1,-83.2625,-83.37745666503906,123.35580876732044,52.512565,13.376998333333333,0.11495666503905966
26607105,pc1,-88.301875,-83.40904235839844,123.82910941567884,52.51477833333333,13.377338333333334,-4.892832641601558
26607105,pc1,-78.380625,-81.21341705322266,94.4833330027142,52.51282833333333,13.37697,2.8327920532226614
26607105,pc1,-99.806875,-87.9371337890625,212.09049001288227,52.51199,13.37568,-11.869741210937505
26607105,pc1,-83.48875,-73.4113540649414,28.36958658758982,52.51341833333333,13.377093333333333,-10.07739593505859
26607105,pc1,-77.835625,-79.2208023071289,73.10257180082861,52.51302,13.377,1.385177307128913
26607105,pc1,-85.1125,-72.50811767578125,22.394981253232082,52.513468333333336,13.377161666666666,-12.604382324218747
26607105,pc1,-79.33375,-70.94143676757812,10.208708078294025,52.513756666666666,13.377213333333334,-8.39231323242187
26607105,pc1,-96.376875,-88.56437683105469,228.2479300920585,52.51191,13.375428333333334,-7.812498168945311
26607105,pc1,-84.175625,-82.23155212402344,107.2366501368303,52.51462833333333,13.377338333333334,-1.944072875976559
26607105,pc1,-84.216875,-83.9308090209961,131.88817008632964,52.51249166666667,13.376938333333332,-0.28606597900390796
26607105,pc1,-100.645625,-87.92667388916016,211.831169563726,52.511968333333336,13.375756666666666,-12.71895111083984
26607105,pc1,-98.426875,-86.99343872070312,189.8405840863428,52.5121,13.376061666666669,-11.43343627929687
26607105,pc1,-89.48337765957447,-83.55606842041016,126.05372217364497,52.51479833333333,13.37734,-5.927309239164316
26607105,pc1,-86.254375,-71.23345184326172,12.955082516472864,52.51355333333333,13.377173333333332,-15.020923156738277
26607105,pc1,-86.65375,-73.64202117919922,29.882184194270526,52.513403333333336,13.377106666666666,-13.011728820800784
26607105,pc1,-83.535,-73.4113540649414,28.36958658758982,52.51341833333333,13.377093333333333,-10.12364593505859
26607105,pc1,-84.156875,-84.14017486572266,135.25385854997785,52.51246166666667,13.376931666666668,-0.01670013427734318
26607105,pc1,-83.11625,-80.5694351196289,87.09284216532286,52.51289333333333,13.376995,-2.5468148803710875
26607105,pc1,-91.185,-83.9175796508789,131.678039536551,52.51249333333333,13.376941666666667,-7.267420349121096
26607105,pc1,-75.88,-74.56784057617188,36.023335462119576,52.51399,13.377245,-1.3121594238281205
26607105,pc1,-83.316875,-79.10558319091797,71.99208742769767,52.51430833333333,13.37734,-4.211291809082027
26607105,pc1,-96.5575,-86.65242004394531,182.36420218476817,52.51215166666667,13.376145,-9.905079956054692
26607105,pc4,-93.529375,-80.03983306884766,81.37154043882568,52.514395,13.377325,-13.489541931152345
26607105,pc4,-95.20375,-75.30461883544922,41.07835023301979,52.51331,13.377026666666668,-19.89913116455078
26607105,pc4,-90.57625,-76.39791107177734,49.015128599031435,52.513235,13.377045,-14.178338928222658
26607105,pc4,-93.050625,-75.81105041503906,44.68083800603158,52.51327333333333,13.377056666666666,-17.239574584960934
26607105,pc4,-91.50375,-75.4614486694336,42.1817122823983,52.514046666666665,13.377235,-16.042301330566403
26607105,pc4,-91.83,-76.1944808959961,47.49154439480296,52.51325,13.377035,-15.635519104003905
26607105,pc4,-91.973125,-76.3736801147461,48.8323681444961,52.51323666666666,13.377045,-15.599444885253902
26607105,pc4,-99.575,-84.91282653808594,148.3679778537645,52.512391666666666,13.376535,-14.662173461914065
26607105,pc4,-91.806875,-76.1944808959961,47.49154439480296,52.51325,13.377035,-15.612394104003911
26607105,pc4,-91.093125,-77.0800552368164,54.30427155863064,52.51415333333333,13.377276666666669,-14.013069763183594
26607105,pc4,-90.329375,-76.39791107177734,49.015128599031435,52.513235,13.377045,-13.931463928222655
26607105,pc4,-90.5,-76.39791107177734,49.015128599031435,52.513235,13.377045,-14.102088928222656
26607105,pc4,-90.189375,-83.58570098876953,126.50617911700532,52.51253833333333,13.376968333333334,-6.603674011230467
26607105,pc4,-89.94,-76.39791107177734,49.015128599031435,52.513235,13.377045,-13.542088928222654
26607105,pc4,-94.39,-83.59891510009766,126.70859046379195,52.51253833333333,13.376941666666667,-10.791084899902344
26607105,pc4,-92.365625,-76.3192367553711,48.4230751711817,52.513241666666666,13.377033333333332,-16.0463882446289
26722816,pc1,-78.7775,-77.97537994384766,61.71640209978397,52.51133,13.372758333333334,-0.8021200561523472
26722816,pc1,-77.524375,-71.37946319580078,14.186395207143851,52.511181666666666,13.37167,-6.144911804199225
26722816,pc1,-82.144375,-70.98797607421875,10.679737197439962,52.5112,13.371713333333334,-11.156398925781247
26722816,pc1,-77.996875,-78.01944732666016,62.09686893889785,52.51135333333333,13.372756666666668,0.022572326660153408
26722816,pc1,-81.5325,-81.93222045898438,103.33368139809484,52.511408333333335,13.37336,0.39972045898437614
26722816,pc1,-81.29625,-70.83672332763672,9.078542187242903,52.51128666666666,13.371965,-10.459526672363282
26722816,pc1,-91.306875,-85.61837005615234,161.35301346243403,52.51159833333333,13.374168333333332,-5.688504943847661
26722816,pc1,-75.23375,-70.6692886352539,6.975479840139788,52.51123166666667,13.371756666666666,-4.564461364746094
26722816,pc1,-75.899375,-71.3892593383789,14.266685462217055,52.51118,13.37167,-4.5101156616211
26722816,pc1,-79.57625,-83.52519989013672,125.57379888075512,52.510981666666666,13.370051666666669,3.948949890136717
26722816,pc1,-77.98875,-72.40589904785156,21.701216855788058,52.511175,13.371555,-5.5828509521484335
26722816,pc1,-78.97,-77.11791229248047,54.60124548779583,52.51134833333333,13.372645,-1.8520877075195301
26722816,pc1,-90.90875,-85.21357727050781,153.7748339966523,52.510905,13.369653333333334,-5.695172729492185
26722816,pc1,-80.8075,-77.651123046875,58.963286549791704,52.511118333333336,13.37101,-3.1563769531250045
26722816,pc1,-84.2,-80.9544677734375,91.44427906976759,52.51105,13.370543333333334,-3.245532226562503
26722816,pc1,-75.719375,-82.7651596069336,114.48581752770156,52.51101666666667,13.370206666666666,7.045784606933594
26722816,pc1,-91.86625,-85.65169525146484,161.99210559827597,52.511541666666666,13.3742,-6.21455474853515
26722816,pc1,-78.355625,-70.43029022216797,1.6316164463521434,52.51123833333333,13.371883333333331,-7.925334777832035
26722816,pc1,-78.378125,-70.43029022216797,1.6316164463521434,52.51123833333333,13.371883333333331,-7.947834777832028
26722816,pc1,-77.4575,-70.6017837524414,5.950546392327255,52.51123333333334,13.371771666666667,-6.85571624755859
26722816,pc1,-95.77375,-87.09870147705078,192.19260142874165,52.51166666666666,13.37461,-8.675048522949226
26722816,pc1,-87.234375,-85.08847045898438,151.49983209046258,52.510925,13.36968,-2.145904541015625
26722816,pc1,-76.221875,-71.40167236328125,14.368137526463789,52.51118,13.371668333333334,-4.820202636718747
26722816,pc1,-83.095625,-83.03157043457031,118.26845125098461,52.511025,13.370146666666669,-0.0640545654296858
26722816,pc1,-75.2525,-73.79456329345703,30.88187691563926,52.51117333333333,13.371415,-1.4579367065429665
26722816,pc4,-98.595625,-88.59237670898438,228.98225331536204,52.511786666666666,13.37512,-10.003248291015623
26722816,pc4,-83.8,-73.0195083618164,25.794685569473266,52.51123333333334,13.371478333333334,-10.780491638183591
26722816,pc4,-87.149375,-83.77330780029297,129.39652981386794,52.511001666666665,13.369986666666666,-3.3760671997070375
26722816,pc4,-86.70625,-70.7560043334961,8.12276421301753,52.51124333333333,13.37174,-15.950245666503903
26722816,pc4,-87.11375,-71.5998764038086,15.93459542275831,52.5112,13.371631666666667,-15.513873596191402
26722816,pc4,-85.023125,-82.91866302490234,116.65206427120447,52.51101833333333,13.370173333333334,-2.1044619750976494
26722816,pc4,-81.8975,-77.62677764892578,58.75930559329488,52.51138,13.372695,-4.2707223510742125
26722816,pc4,-83.84875,-71.39765930175781,14.335096031142879,52.51128333333333,13.372056666666667,-12.451090698242183
26722816,pc4,-98.355625,-88.35555267333984,222.72669351103713,52.51177,13.375031666666668,-10.00007232666016
26722816,pc4,-85.75875,-73.08499145507812,26.22563109508905,52.511298333333336,13.372233333333334,-12.673758544921881
26722816,pc4,-84.921875,-82.37220764160156,109.10116144161977,52.51103,13.370283333333331,-2.5496673583984375
26722816,pc4,-85.73625,-83.6389389038086,127.31131029112208,52.51146833333333,13.373701666666667,-2.0973110961914045
26722816,pc4,-87.210625,-70.86937713623047,9.442412752045504,52.51128333333333,13.371743333333333,-16.341247863769524
26722816,pc4,-81.511875,-77.64676666259766,58.9264588032349,52.51137833333333,13.372698333333334,-3.865108337402347
26722816,pc4,-84.536875,-83.13738250732422,119.80159382796269,52.511001666666665,13.370131666666667,-1.3994924926757761
30829824,pc1,-97.138125,-79.85852813720703,79.55038308210112,52.51427833333333,13.34735,-17.27959686279297
30829824,pc1,-74.58375,-71.3862075805664,17.524860797644337,52.51439833333333,13.34829,-3.1975424194335886
30829824,pc1,-89.79125,-75.79585266113281,45.24001926487915,52.514275,13.34786,-13.995397338867193
30829824,pc1,-85.66,-71.94158172607422,21.04727294814336,52.51433333333333,13.348211666666666,-13.718418273925778
30829824,pc1,-81.685,-74.2979736328125,35.39973739130315,52.514315,13.348,-7.387026367187502
30829824,pc1,-69.84,-69.9734878540039,5.105861762688513,52.51435333333333,13.348586666666666,0.13348785400390284
30829824,pc1,-88.4725,-77.88926696777344,61.11623061853613,52.51431,13.34762,-10.583233032226559
30829824,pc1,-98.035625,-82.45165252685547,111.98123942761384,52.514246666666665,13.346873333333331,-15.583972473144527
30829824,pc1,-84.019375,-75.65558624267578,44.27509189740962,52.51433,13.347868333333333,-8.363788757324215
30829824,pc1,-87.446875,-77.28388977050781,56.206500824858985,52.51466833333333,13.349138333333332,-10.162985229492193
30829824,pc1,-91.006875,-78.65890502929688,67.83135361844818,52.51426,13.347526666666669,-12.347969970703119
30829824,pc1,-72.685625,-72.81121063232422,26.322323432013746,52.514271666666666,13.3489,0.12558563232421704
30829824,pc1,-85.600625,-81.28350067138672,95.96574126081696,52.51395,13.349796666666666,-4.317124328613275
30829824,pc1,-93.506875,-81.11168670654297,93.81757148902942,52.51426666666666,13.34714,-12.395188293457025
30829824,pc1,-82.286875,-74.4718246459961,36.49581122974089,52.514325,13.347983333333334,-7.815050354003901
30829824,pc1,-85.463125,-71.94239044189453,21.052273742027154,52.514335,13.348211666666666,-13.520734558105474
30829824,pc1,-89.629375,-74.20010375976562,34.787078677173014,52.51437166666667,13.348013333333334,-15.429271240234371
30829824,pc1,-77.0125,-73.76993560791016,32.12624965426657,52.51427833333333,13.34899,-3.2425643920898466
30829824,pc1,-97.53875,-79.8705062866211,79.6762189882155,52.51427666666667,13.347348333333333,-17.6682437133789
30829824,pc1,-93.26625,-79.81815338134766,79.12769343634956,52.514275,13.347356666666666,-13.448096618652343
30829824,pc1,-70.29125,-73.54113006591797,30.72886223669923,52.514305,13.348975,3.2498800659179636
30829824,pc1,-86.586875,-75.97760772705078,46.505890636287624,52.51430333333333,13.347836666666666,-10.609267272949225
30829824,pc1,-88.23125,-77.62496948242188,58.93401449235671,52.51429666666667,13.347653333333334,-10.606280517578128
30829824,pc1,-86.621875,-75.97760772705078,46.505890636287624,52.51430333333333,13.347836666666666,-10.644267272949222
30829824,pc1,-86.52625,-75.9632339477539,46.40511884783577,52.51430166666667,13.347838333333334,-10.563016052246098
30829824,pc4,-90.934375,-75.28533935546875,41.77563621316598,52.514291666666665,13.347908333333333,-15.649035644531253
30829824,pc4,-77.963125,-71.25528717041016,16.65558177899173,52.51432333333333,13.348276666666669,-6.707837829589849
30829824,pc4,-94.775,-79.09064483642578,71.85834385561996,52.51430166666667,13.347461666666666,-15.684355163574224
30829824,pc4,-87.124375,-75.30498504638672,41.90666130580406,52.51429,13.347906666666669,-11.819389953613282
30829824,pc4,-102.84125,-81.87126922607422,103.69901763789387,52.51424333333333,13.346996666666668,-20.969980773925784
30829824,pc4,-87.364375,-82.86717224121094,118.34007628243296,52.514228333333335,13.346781666666669,-4.497202758789058
30829824,pc4,-97.238125,-76.66863250732422,51.494987204380564,52.514325,13.347761666666669,-20.569492492675778
30829824,pc4,-95.37184343434345,-83.46637725830078,128.20111130820823,52.5142,13.34664,-11.905466176042665
30829824,pc4,-95.736875,-78.5670166015625,67.00150837026438,52.514095,13.349435,-17.169858398437498
30829824,pc4,-93.1875,-75.30498504638672,41.90666130580406,52.51429,13.347906666666669,-17.88251495361328
30829824,pc4,-80.949375,-70.91698455810547,14.298634472995314,52.51432166666667,13.348311666666667,-10.032390441894535
30829824,pc4,-82.319375,-72.97835540771484,27.327606429726316,52.51428,13.348918333333334,-9.34101959228515
30829824,pc4,-96.5725,-80.93922424316406,91.715092807602,52.51391,13.34969,-15.633275756835943
30829824,pc4,-91.78625,-76.47667694091797,50.08077602569912,52.5142,13.349231666666666,-15.309573059082027
30829824,pc4,-82.053125,-72.34808349609375,23.530713767524702,52.514298333333336,13.348866666666666,-9.705041503906244
29127681,pc1,-87.4125,-72.6945571899414,25.62211059374319,52.512303333333335,13.322796666666669,-14.717942810058588
29127681,pc1,-91.13625,-86.4551010131836,192.26997662678514,52.51243333333333,13.320253333333334,-4.68114898681641
29127681,pc1,-94.276875,-86.69023895263672,198.55365294057285,52.512393333333335,13.320161666666667,-7.586636047363285
29127681,pc1,-85.104375,-80.17406463623047,82.9352249970426,52.51200833333333,13.322101666666669,-4.930310363769536
29127681,pc1,-95.186875,-73.1738510131836,28.507798452049716,52.51262833333333,13.32339,-22.013023986816407
29127681,pc1,-87.95875,-86.4205551147461,191.36382952970138,52.51244,13.320266666666669,-1.5381948852539011
29127681,pc1,-88.26875,-87.8737564086914,233.4515484061536,52.512888333333336,13.326466666666668,-0.3949935913085909
29127681,pc1,-85.316875,-76.65299987792969,51.382863027637676,52.51216333333333,13.322493333333334,-8.663875122070309
29127681,pc1,-94.73924731182797,-86.08548736572266,182.7993004357472,52.51243,13.320393333333334,-8.65375994610531
29127681,pc1,-88.0075,-86.4205551147461,191.36382952970138,52.51244,13.320266666666669,-1.5869448852538994
29127681,pc1,-90.89625,-87.00045013427734,207.1622390666191,52.512463333333336,13.320033333333331,-3.895799865722651
29127681,pc1,-97.368125,-90.62663269042969,339.237328347448,52.51296833333333,13.328033333333334,-6.741492309570319
29127681,pc1,-91.04625,-87.04264831542969,208.36209009296817,52.512393333333335,13.320016666666668,-4.003601684570313
29127681,pc1,-92.981875,-71.86767578125,20.59077846084287,52.512555,13.32334,-21.114199218750002
29127681,pc1,-92.53625,-87.05073547363281,208.59282886858986,52.512391666666666,13.320013333333334,-5.485514526367183
29127681,pc1,-92.72125,-86.64126586914062,197.22787156225598,52.51244333333333,13.32018,-6.079984130859373
29127681,pc1,-88.400625,-69.85775756835938,2.5304851284012067,52.51244333333333,13.323131666666669,-18.54286743164063
29127681,pc1,-83.785625,-85.58934783935547,170.85501577547663,52.51279,13.325555,1.8037228393554727
29127681,pc1,-92.1925,-86.578369140625,195.53846157138665,52.512436666666666,13.320205,-5.6141308593749955
29127681,pc1,-83.29875,-83.37105560302734,126.59097851887304,52.51271166666667,13.324913333333331,0.07230560302734546
29127681,pc1,-89.989375,-84.50316619873047,147.40918290858474,52.51238666666666,13.320918333333331,-5.486208801269527
29127681,pc1,-93.9725,-72.64981842041016,25.352843879671386,52.512571666666666,13.323406666666669,-21.32268157958984
29127681,pc1,-88.146875,-88.26431274414062,246.24730926183813,52.51282333333333,13.32668,0.11743774414063068
29127681,pc1,-88.058125,-70.0470962524414,6.23121887900165,52.512501666666665,13.323093333333333,-18.011028747558598
29127681,pc1,-94.228125,-90.12759399414062,317.18210453209184,52.51297,13.327701666666666,-4.100531005859381
29127681,pc1,-87.070625,-84.1559829711914,140.66987427736476,52.51277833333333,13.3251,-2.9146420288086006
29127681,pc1,-84.66375,-83.22547912597656,124.15036253048586,52.5121,13.32135,-1.4382708740234307
29127681,pc1,-86.5,-86.41417694091797,191.19722574310524,52.51283,13.325848333333331,-0.08582305908203125
29127681,pc1,-101.09861111111113,-92.10746002197266,413.37924771738454,52.51305666666666,13.32912,-8.99115108913847
29127681,pc4,-94.025625,-86.24981689453125,186.94975414389447,52.5128,13.325795,-7.775808105468755
29127681,pc4,-87.790625,-80.94829559326172,91.83763971848974,52.51197,13.321985,-6.842329406738287
29127681,pc4,-90.358125,-83.82789611816406,134.59127273603735,52.51273666666667,13.325025,-6.530228881835939
29127681,pc4,-90.76125,-84.71015167236328,151.59745614539412,52.512348333333335,13.32086,-6.051098327636723
29127681,pc4,-96.131875,-87.55243682861328,223.4151103230135,52.512835,13.326333333333332,-8.579438171386712
29127681,pc4,-92.33375,-75.70755004882812,44.6367863758694,52.512135,13.322676666666666,-16.62619995117187
29127681,pc4,-92.876875,-71.36656951904297,17.397014096686537,52.51233166666667,13.322918333333334,-21.51030548095703
29127681,pc4,-98.148125,-88.57808685302734,257.0200046582046,52.51292,13.326811666666666,-9.57003814697265
29127681,pc4,-91.898125,-79.61119842529297,76.9993295935545,52.512701666666665,13.324151666666667,-12.286926574707024
29127681,pc4,-92.3025,-79.34053802490234,74.2891150165408,52.512725,13.324091666666666,-12.961961975097651
29127681,pc4,-91.63625,-79.87512969970703,79.73013841628892,52.51267333333333,13.324211666666669,-11.761120300292973
28792066,pc1,-94.24,-109.36408996582031,239.89488694367967,52.494506666666666,13.30491,15.124089965820318
28792066,pc1,-96.958125,-98.83580017089844,302.02899594813124,52.49302333333333,13.304785,1.877675170898442
28792066,pc1,-104.394375,-297.989990234375,276.46725665810374,52.49603333333334,13.30515,193.595615234375
28792066,pc1,-94.1725,-103.57615661621094,246.4036764400213,52.494145,13.30488,9.403656616210938
28792066,pc1,-101.413125,-297.989990234375,266.30281795576946,52.49579,13.305066666666669,196.57686523437502
28792066,pc1,-102.08125,-109.11251068115234,250.40242153630672,52.495405,13.305016666666669,7.031260681152347
28792066,pc1,-89.47875,-102.84805297851562,282.5940292278323,52.493345,13.304795,13.36930297851562
28792066,pc1,-98.123125,-96.23237609863281,246.66973034721707,52.49519333333333,13.304955,-1.8907489013671892
28792066,pc1,-105.344375,-83.79560089111328,143.2878337395684,52.49483333333333,13.30638,-21.548774108886718
28792066,pc1,-99.4375,-98.10260772705078,93.35552869063811,52.49504833333334,13.307318333333331,-1.3348922729492188
28792066,pc1,-97.845,-103.55587768554688,249.24400382971652,52.49410666666667,13.30485,5.710877685546876
28792066,pc1,-97.23375,-87.91603088378906,238.5287891417777,52.49503333333333,13.305011666666667,-9.317719116210938
28792066,pc1,-100.983125,-102.00652313232422,175.44853928302183,52.49468,13.305866666666669,1.0233981323242176
28792066,pc1,-95.553125,-87.5982666015625,244.13311949036003,52.49506,13.304936666666666,-7.954858398437494
28792066,pc1,-97.398125,-87.61111450195312,245.31661574083552,52.495085,13.304928333333333,-9.787010498046868
28792066,pc1,-95.136875,-97.42095184326172,238.1986451905949,52.494885,13.304971666666669,2.2840768432617153
28792066,pc1,-88.79505813953489,-117.8594970703125,193.3172770798673,52.49510333333333,13.31117,29.064438930777612
28792066,pc1,-100.73375,-85.93455505371094,246.81273105557753,52.495155,13.304935,-14.799194946289063
28792066,pc1,-101.246875,-132.4315948486328,262.9435528881674,52.495715,13.305053333333332,31.18471984863281
28792066,pc1,-109.083125,-297.989990234375,327.8427294900936,52.496875,13.305431666666667,188.906865234375
28792066,pc1,-93.38621794871794,-80.08545684814453,86.54057449386599,52.49531833333333,13.308805,-13.30076110057341
28792066,pc1,-95.2225,-103.14144897460938,246.8006968723219,52.49466833333334,13.30481,7.918948974609378
28792066,pc1,-93.5825,-106.2009048461914,246.14680552418565,52.494345,13.304835,12.61840484619141
28792066,pc1,-102.09375,-93.54205322265625,112.50220533647168,52.494926666666665,13.306896666666669,-8.55169677734375
28792066,pc1,-94.935625,-99.18970489501953,296.42746213954945,52.493065,13.304838333333333,4.2540798950195295
28792066,pc1,-100.329375,-88.07238006591797,254.74966135855985,52.49401,13.304803333333334,-12.25699493408203
28792066,pc4,-93.09868421052632,-103.14737701416016,101.82466657462427,52.49534333333333,13.309258333333334,10.048692803633841
28792066,pc4,-95.95923913043478,-80.36737823486328,90.02112029075154,52.49536,13.308745,-15.5918608955715
28792066,pc4,-101.76785714285714,-89.6063232421875,105.54543762947512,52.49505,13.307106666666666,-12.161533900669639
28792066,pc4,-88.11,-117.95677947998047,270.28748773811895,52.4922,13.309336666666669,29.84677947998047
28792066,pc4,-93.713125,-81.04840850830078,100.2891973701512,52.495445,13.308813333333331,-12.664716491699224
28792066,pc4,-95.530625,-94.61241912841797,240.94193758979333,52.49445166666667,13.304898333333334,-0.9182058715820318
28792066,pc4,-106.41796875,-86.05829620361328,86.358040849176,52.49533666666667,13.308245,-20.35967254638672
28792066,pc4,-93.10239361702128,-81.1252670288086,94.16207686670415,52.49536666666667,13.308925,-11.977126588212684
28792066,pc4,-87.94871794871794,-96.15345001220703,177.99478735457765,52.495151666666665,13.310901666666666,8.20473206348909
28792066,pc4,-106.996875,-82.3546371459961,141.38872331696237,52.494868333333336,13.306421666666669,-24.64223785400391
28792066,pc4,-93.29832474226804,-103.26253509521484,283.78791148744665,52.49332833333333,13.30479,9.964210352946807
28792066,pc4,-106.37377450980392,-95.67801666259766,85.90475081094608,52.49532333333333,13.308168333333333,-10.695757847206266
28792066,pc4,-93.69886363636364,-103.02655792236328,243.95591252267928,52.494395,13.30486,9.327694285999641
28792066,pc4,-105.67872807017544,-93.89676666259766,85.82084224529483,52.49529666666667,13.308023333333333,-11.781961407577782
26365186,pc1,-78.0325,-81.25697326660156,95.63516312536345,52.51092,13.296766666666668,3.2244732666015636
26365186,pc1,-85.975,-87.6860122680664,205.924711915052,52.51064333333333,13.292335,1.711012268066412
26365186,pc1,-84.4325,-86.47716522216797,178.62019941978699,52.51060833333333,13.292746666666666,2.044665222167964
26365186,pc1,-80.735,-87.00313568115234,207.42711209314155,52.51100666666667,13.298413333333333,6.268135681152344
26365186,pc1,-93.848125,-94.69815063476562,465.17450404107706,52.51035,13.288533333333334,0.850025634765629
26365186,pc1,-75.89,-81.5811996459961,99.8322661944208,52.510938333333335,13.296825,5.691199645996093
26365186,pc1,-93.76,-93.96952819824219,427.59828141983024,52.51038833333333,13.289085,0.20952819824218238
26365186,pc1,-74.035,-74.64785766601562,37.62190700361714,52.510875,13.29591,0.6128576660156284
26365186,pc1,-77.220625,-81.18563842773438,94.74111561057342,52.51092,13.296753333333331,3.9650134277343767
26365186,pc1,-74.060625,-86.30248260498047,188.44543966934535,52.511003333333335,13.298131666666666,12.241857604980467
26365186,pc1,-79.480625,-81.6460952758789,100.69078197092959,52.51092166666667,13.296841666666667,2.165470275878903
26365186,pc1,-79.03,-85.14630126953125,160.93338147023454,52.510963333333336,13.29773,6.116301269531249
26365186,pc1,-80.68125,-87.81482696533203,231.83243843506557,52.511001666666665,13.298776666666669,7.133576965332026
26365186,pc1,-77.37,-86.1387710571289,184.27109786553046,52.511025,13.298065,8.768771057128902
26365186,pc1,-79.164375,-81.68948364257812,101.26909460234403,52.510915,13.296851666666669,2.525108642578118
26365186,pc1,-75.05125,-86.295166015625,188.25688057239475,52.51098833333333,13.298131666666666,11.243916015625004
26365186,pc1,-78.86503623188406,-77.48788452148438,57.83752786243891,52.51074833333333,13.294516666666668,-1.377151710399687
26365186,pc1,-83.08625,-87.86507415771484,233.43251894039005,52.51105166666667,13.298791666666666,4.778824157714837
26365186,pc1,-88.43375,-87.12102508544922,192.70012947949527,52.51066333333333,13.292528333333332,-1.3127249145507847
26365186,pc1,-81.731875,-71.59939575195312,18.9051444637789,52.51077333333333,13.295091666666666,-10.132479248046877
26365186,pc1,-75.7175,-78.91838073730469,70.23567520561829,52.510848333333335,13.296401666666666,3.2008807373046864
26365186,pc4,-93.775625,-96.6919937133789,585.6086761499968,52.51022833333333,13.286765,2.916368713378901
26365186,pc4,-77.5325,-81.22216033935547,95.21715755251435,52.51074,13.293963333333334,3.68966033935547
26365186,pc4,-75.11875,-79.7894058227539,78.83344029677276,52.510895,13.296521666666669,4.670655822753901
26365186,pc4,-80.990625,-89.1368637084961,244.020691029914,52.51058666666667,13.291778333333331,8.1462387084961
26365186,pc4,-92.00125,-97.38665008544922,634.477929255305,52.51018333333333,13.286046666666667,5.38540008544922
26365186,pc4,-79.755625,-86.96713256835938,189.24150641025957,52.51063833333333,13.292583333333331,7.21150756835938
26365186,pc4,-77.141875,-76.3791732788086,49.37684913838734,52.51091,13.296075,-0.7627017211914051
26365186,pc4,-72.84625,-84.18598175048828,135.98936242533745,52.51072,13.293361666666666,11.339731750488284
26365186,pc4,-79.233125,-82.71324157714844,115.98190090663032,52.51092666666667,13.297068333333334,3.4801165771484364
26365186,pc4,-83.939375,-84.10030364990234,139.6645323626434,52.510938333333335,13.297418333333331,0.16092864990234546
26365186,pc4,-84.0125,-87.68254852294922,227.6692442926758,52.51099,13.298716666666667,3.670048522949216
26365186,pc4,-84.67,-92.62133026123047,365.8267874542335,52.5104,13.290001666666669,7.951330261230467
26365186,pc4,-76.318125,-80.74726867675781,89.44724037317297,52.510785,13.294045,4.429143676757818
26365186,pc4,-87.08125,-90.19178009033203,275.9366093458485,52.510533333333335,13.291313333333331,3.110530090332034
26365186,pc4,-78.60753676470588,-87.32860565185547,197.46165013478426,52.51060666666667,13.292466666666666,8.721068887149585
26365186,pc4,-87.96710526315789,-88.28571319580078,247.26965822221698,52.51100666666667,13.299005,0.318607932642891
26365186,pc4,-79.663125,-82.71324157714844,115.98190090663032,52.51092666666667,13.297068333333334,3.0501165771484438
26365186,pc4,-74.7125,-79.3355941772461,74.24819532438772,52.51079333333333,13.296463333333334,4.623094177246088
26365186,pc4,-75.2975,-86.95890045166016,189.05834159125516,52.510645,13.292585,11.661400451660157
30827264,pc1,-66.95125,-72.10594177246094,19.63197325362038,52.516135,13.376446666666666,5.154691772460936
30827264,pc1,-79.6325,-79.91355895996094,80.04503275467687,52.515485,13.37746,0.2810589599609443
30827264,pc1,-73.808125,-71.801513671875,17.447501379228108,52.516005,13.376916666666666,-2.006611328125004
30827264,pc1,-79.31875,-80.83602142333984,90.08663165966757,52.515355,13.377431666666666,1.5172714233398494
30827264,pc1,-85.74875,-81.18253326416016,94.11224823516889,52.51530833333333,13.377425,-4.566216735839845
30827264,pc1,-75.365625,-76.37443542480469,48.83030226693373,52.515825,13.37731,1.0088104248046932
30827264,pc1,-69.72625,-71.88796997070312,18.079651553571402,52.51611333333334,13.376446666666666,2.161719970703132
30827264,pc1,-82.351875,-80.78726959228516,89.53183524840397,52.51536333333333,13.377436666666666,-1.5646054077148506
30827264,pc1,-81.666875,-81.48160552978516,97.7052514676632,52.51528166666667,13.377455,-0.1852694702148483
30827264,pc1,-80.661875,-80.90812683105469,90.9126576886886,52.51534166666666,13.377421666666669,0.24625183105469262
30827264,pc1,-84.4475,-80.71076202392578,88.66695399574374,52.51537,13.37743,-3.736737976074224
30827264,pc1,-83.668125,-82.22771453857422,107.18149211703508,52.515166666666666,13.377411666666667,-1.4404104614257847
30827264,pc1,-75.84,-76.7035140991211,51.34117364252564,52.515793333333335,13.377325,0.8635140991210903
30827264,pc1,-80.335,-79.94193267822266,80.34029968303564,52.515475,13.377448333333334,-0.3930673217773375
30827264,pc1,-79.53625,-82.03318786621094,104.63845496128502,52.515185,13.377388333333334,2.496937866210942
30827264,pc1,-87.60625,-82.83343505859375,115.45008802531338,52.515076666666666,13.37739,-4.772814941406253
30827264,pc1,-79.83375,-80.65612030029297,88.05319842419534,52.51537833333333,13.377433333333334,0.8223703002929739
30827264,pc1,-82.545,-82.22771453857422,107.18149211703508,52.515166666666666,13.377411666666667,-0.31728546142578296
30827264,pc1,-85.336875,-82.14103698730469,106.0416760335745,52.51517833333333,13.377411666666667,-3.1958380126953188
30827264,pc1,-89.4,-83.5080337524414,125.31970852669144,52.51497,13.377353333333334,-5.891966247558599
30827264,pc1,-78.845625,-80.10155487060547,82.01649824154936,52.515435,13.377408333333332,1.2559298706054705
30827264,pc1,-81.556875,-80.4411392211914,85.67206039931833,52.51540833333333,13.37744,-1.1157357788085989
30827264,pc1,-70.90375,-72.57647705078125,22.851860377363945,52.516133333333336,13.376383333333331,1.6727270507812477
30827264,pc1,-79.905625,-81.57020568847656,98.79233056535244,52.51525166666666,13.377406666666667,1.664580688476562
30827264,pc1,-75.665625,-72.24302673339844,20.58456404769831,52.51611,13.376398333333333,-3.422598266601568
30827264,pc1,-77.901875,-77.31730651855469,56.20565388101826,52.51575833333333,13.377375,-0.5845684814453165
30827264,pc1,-70.8875,-72.57647705078125,22.851860377363945,52.516133333333336,13.376383333333331,1.6889770507812472
30827264,pc4,-75.36875,-71.60114288330078,15.94402451738234,52.51611666666667,13.376493333333332,-3.7676071166992244
30827264,pc4,-85.703125,-79.2998275756836,73.86482436354233,52.51553166666667,13.377408333333332,-6.403297424316406
30827264,pc4,-73.6275,-71.84244537353516,17.748605918874564,52.516108333333335,13.376446666666666,-1.7850546264648415
30827264,pc4,-85.228125,-71.53740692138672,15.448560478544481,52.51598333333333,13.376881666666666,-13.690718078613287
30827264,pc4,-72.31,-71.67308044433594,16.49174895157322,52.51610166666666,13.376461666666668,-0.6369195556640648
30827264,pc4,-81.860625,-78.90482330322266,70.07857543297189,52.51560666666666,13.377448333333334,-2.9558016967773426
30827264,pc4,-80.41625,-70.70211791992188,7.428426049591848,52.516081666666665,13.376663333333331,-9.71413208007813
30827264,pc4,-83.133125,-74.18961334228516,33.48929892316401,52.51584833333333,13.377071666666666,-8.94351165771485
30827264,pc4,-79.103125,-78.72462463378906,68.39888960430807,52.51563166666666,13.37745,-0.3785003662109432
30827264,pc4,-73.33375,-71.82769012451172,17.64077087944604,52.516106666666666,13.376446666666666,-1.5060598754882761
30827264,pc4,-75.375,-71.69306945800781,16.642177547834432,52.51609666666667,13.376453333333334,-3.6819305419921875
30827264,pc4,-94.376875,-81.84722137451172,102.25587290514716,52.51520333333333,13.37737,-12.52965362548828
30827264,pc4,-84.374375,-78.21794891357422,63.827568254806096,52.51567,13.377413333333331,-6.156426086425782
26795520,pc1,-86.134375,-78.09371948242188,62.87638411615852,52.50085,13.331996666666669,-8.04065551757813
26795520,pc1,-83.97,-72.23393249511719,22.844788907172564,52.50048666666667,13.331468333333332,-11.736067504882811
26795520,pc1,-82.855,-71.31498718261719,17.05893564019888,52.50048833333334,13.331366666666666,-11.540012817382816
26795520,pc1,-79.285,-74.2944107055664,35.39051975541505,52.500506666666666,13.330668333333334,-4.99058929443359
26795520,pc1,-79.098125,-70.28922271728516,9.061308543698221,52.500615,13.3313,-8.80890228271484
26795520,pc1,-89.451875,-79.56092071533203,76.51954541449223,52.500465,13.330061666666667,-9.89095428466797
26795520,pc1,-86.62875,-74.90077209472656,39.259615562700304,52.500655,13.331743333333334,-11.727977905273434
26795520,pc1,-84.5325,-72.2315902709961,22.83156300433981,52.50053833333333,13.331501666666666,-12.300909729003905
26795520,pc1,-81.59875,-70.94226837158203,14.487479787920957,52.50054833333333,13.331378333333332,-10.656481628417964
26795520,pc1,-89.80875,-74.53233337402344,36.89147703673208,52.500605,13.331718333333331,-15.276416625976566
26795520,pc1,-91.3025,-83.13626861572266,122.7228410287964,52.500415,13.329383333333332,-8.166231384277339
26795520,pc1,-89.845,-82.08123016357422,106.66381368707033,52.500435,13.329618333333332,-7.76376983642578
26795520,pc1,-83.356875,-72.9233627319336,27.005870741040333,52.50055,13.331568333333331,-10.433512268066409
26795520,pc1,-85.995625,-70.11219787597656,7.091987753144967,52.50054333333333,13.33125,-15.883427124023441
26795520,pc1,-86.453125,-74.91301727294922,39.34138155368599,52.50068,13.331735,-11.540107727050781
26795520,pc1,-85.574375,-73.48218536376953,30.380557788471794,52.50054833333333,13.331618333333331,-12.092189636230472
26795520,pc1,-92.698125,-83.49288940429688,128.72047388659684,52.50040333333333,13.329296666666666,-9.20523559570313
26795520,pc1,-88.455,-77.37699127197266,56.96725995054549,52.500778333333336,13.331955,-11.078008728027342
26795520,pc1,-87.55875,-81.95098876953125,104.87710090475434,52.50042333333333,13.329648333333331,-5.607761230468753
26795520,pc1,-86.615,-75.26997375488281,41.6879865606693,52.50056,13.331788333333334,-11.345026245117182
26795520,pc1,-87.805625,-77.19171905517578,55.50485426977837,52.500778333333336,13.331931666666666,-10.613905944824225
26795520,pc1,-87.26375,-75.79956817626953,45.28256064523616,52.50069333333333,13.33182,-11.46418182373047
26795520,pc1,-90.61,-79.01534271240234,71.15900729337329,52.50097,13.332016666666666,-11.594657287597656
26795520,pc1,-94.07125,-83.77222442626953,133.6277925106496,52.50039666666667,13.329225,-10.299025573730475
26795520,pc1,-88.0575,-75.9863052368164,46.58457293436,52.500685,13.331843333333332,-12.071194763183598
26795520,pc1,-76.685625,-74.9225082397461,39.40103192821998,52.500508333333336,13.330606666666666,-1.763116760253908
26795520,pc1,-79.231875,-70.11388397216797,7.11223224505536,52.50060833333333,13.331273333333334,-9.117991027832034
26795520,pc4,-87.914375,-75.46858978271484,43.020250383146724,52.50068666666667,13.331788333333334,-12.445785217285163
26795520,pc4,-80.92625,-69.82781219482422,1.1825267158990793,52.50058666666666,13.331156666666669,-11.098437805175777
26795520,pc4,-86.5875,-75.0190658569336,40.03331320223945,52.500685,13.331743333333334,-11.568434143066412
26795520,pc4,-87.365625,-74.38186645507812,35.941222095482566,52.50067166666667,13.331686666666666,-12.98375854492187
26795520,pc4,-82.47625,-69.83861541748047,1.7909466888402896,52.50060333333333,13.331176666666666,-12.637634582519524
26795520,pc4,-95.218125,-82.31694793701172,110.04667719276105,52.50045333333333,13.329563333333333,-12.901177062988282
26795520,pc4,-79.025,-69.82817840576172,1.2064767540100243,52.500595,13.331186666666667,-9.196821594238287
26795520,pc4,-84.893125,-69.98477172851562,5.2967754657655535,52.50054,13.331183333333334,-14.908353271484373
26795520,pc4,-82.248125,-69.83861541748047,1.7909466888402896,52.50060333333333,13.331176666666666,-12.409509582519533
26795520,pc4,-92.665625,-81.69762420654297,101.39105551592598,52.50047166666667,13.329688333333332,-10.968000793457037
26795520,pc4,-88.06375,-74.44851684570312,36.360522288163395,52.50063,13.331706666666667,-13.615233154296874
26795520,pc4,-81.603125,-69.8499526977539,2.2615845907044787,52.50057,13.331191666666667,-11.7531723022461
26795520,pc4,-82.174375,-69.87017059326172,2.9183484876651082,52.50056333333333,13.331191666666667,-12.304204406738279
30828801,pc1,-89.65625,-81.4013900756836,96.7208160957978,52.51493,13.358243333333334,-8.254859924316406
30828801,pc1,-59.856875,-70.80487060546875,8.710610628559634,52.51508,13.35978,10.947995605468748
30828801,pc1,-91.644375,-83.6864013671875,128.03335105903935,52.51519833333333,13.361533333333334,-7.957973632812497
30828801,pc1,-88.125,-81.39225769042969,96.60972653444985,52.51493,13.358245,-6.7327423095703125
30828801,pc1,-87.875,-81.4013900756836,96.7208160957978,52.51493,13.358243333333334,-6.473609924316406
30828801,pc1,-87.34375,-81.4013900756836,96.7208160957978,52.51493,13.358243333333334,-5.942359924316406
30828801,pc1,-88.54545454545455,-81.41056823730469,96.831909565757,52.51493,13.358241666666666,-7.134886308149859
30828801,pc1,-86.709375,-80.70841217041016,88.630598229666,52.51518333333333,13.36095,-6.000962829589838
30828801,pc1,-86.5625,-81.4013900756836,96.7208160957978,52.51493,13.358243333333334,-5.161109924316406
30828801,pc1,-85.90875,-78.8595962524414,69.64991079773569,52.515145,13.360675,-7.0491537475585915
30828801,pc1,-87.6875,-81.39225769042969,96.60972653444985,52.51493,13.358245,-6.2952423095703125
30828801,pc1,-90.0,-81.41973114013672,96.94300693065367,52.51493,13.35824,-8.580268859863281
30828801,pc1,-90.4375,-81.41056823730469,96.831909565757,52.51493,13.358241666666666,-9.026931762695312
30828801,pc4,-95.861875,-82.3218002319336,108.41627524707044,52.51518,13.361245,-13.540074768066404
30828801,pc4,-96.99125,-82.6008071899414,112.19511162018486,52.51517666666667,13.361301666666666,-14.390442810058587
30828801,pc4,-85.68375,-80.61103820800781,87.54077435466773,52.51505333333333,13.358358333333332,-5.072711791992191
30828801,pc4,-95.413125,-82.33164978027344,108.5476109043067,52.51518166666666,13.361246666666666,-13.081475219726556
30828801,pc4,-96.504375,-82.57945251464844,111.9018395454109,52.51517,13.361298333333334,-13.924922485351559
30828801,pc4,-85.385,-76.9410629272461,53.193003210081635,52.51512833333334,13.360433333333331,-8.443937072753911
30828801,pc4,-95.613125,-82.3218002319336,108.41627524707044,52.51518,13.361245,-13.291324768066403
30828801,pc4,-96.365,-82.63660430908203,112.68815402351065,52.51517,13.36131,-13.728395690917964
30828801,pc4,-94.739375,-82.33020782470703,108.52846041659646,52.51518,13.361246666666666,-12.409167175292964
30828801,pc4,-94.53375,-82.3612289428711,108.94325991492458,52.515186666666665,13.361251666666666,-12.172521057128904
30828801,pc4,-95.898125,-82.3218002319336,108.41627524707044,52.51518,13.361245,-13.5763247680664
30828801,pc4,-90.33,-82.05233001708984,104.87464597315169,52.51488,13.358136666666669,-8.277669982910155
30828801,pc4,-96.510625,-82.68544006347656,113.36399865374105,52.51514333333333,13.361323333333331,-13.825184936523442
30828801,pc4,-95.064375,-82.31483459472656,108.32328147518362,52.51518166666666,13.361243333333334,-12.749540405273436
30828801,pc4,-90.66,-82.05233001708984,104.87464597315169,52.51488,13.358136666666669,-8.607669982910153
30828801,pc4,-95.8225,-82.3612289428711,108.94325991492458,52.515186666666665,13.361251666666666,-13.461271057128911
30828801,pc4,-95.08625,-82.31483459472656,108.32328147518362,52.51518166666666,13.361243333333334,-12.771415405273444
30828801,pc4,-96.108125,-82.33020782470703,108.52846041659646,52.51518,13.361246666666666,-13.77791717529297
30828801,pc4,-97.53,-82.60475158691406,112.2494555687938,52.5152,13.361298333333334,-14.925248413085939
30828801,pc4,-97.828125,-82.62425231933594,112.51800368090551,52.51520333333333,13.361301666666666,-15.203872680664062
30828801,pc4,-81.195625,-82.90453338623047,116.44227588421826,52.51497,13.35794,1.708908386230462
30828801,pc4,-95.461875,-82.3331069946289,108.56707436560686,52.51518333333333,13.361246666666666,-13.1287680053711
30828801,pc4,-98.909375,-83.86073303222656,130.75599512647278,52.515166666666666,13.361578333333334,-15.048641967773435
30828801,pc4,-94.80375,-82.27146911621094,107.74636978216238,52.51517,13.361236666666668,-12.532280883789056
30828801,pc4,-95.576875,-82.3218002319336,108.41627524707044,52.51518,13.361245,-13.255074768066407
30828801,pc4,-90.82125,-82.0608139038086,104.98486517581956,52.51488,13.358135,-8.760436096191413
30828801,pc4,-94.52,-82.34148406982422,108.67922089803258,52.51518333333333,13.361248333333334,-12.178515930175777
26353920,pc1,-90.92487373737374,-75.57190704345703,42.96364434667953,52.51039,13.289496666666668,-15.352966693916713
26353920,pc1,-94.849375,-77.56006622314453,58.20439711869026,52.51045666666667,13.289231666666666,-17.289308776855464
26353920,pc1,-95.968125,-77.81038665771484,60.306113671527804,52.51043,13.289208333333333,-18.157738342285157
26353920,pc1,-100.06875,-79.68419647216797,77.6923836378479,52.510735,13.288976666666668,-20.384553527832026
26353920,pc1,-99.565,-79.23367309570312,73.2251198854852,52.51085166666667,13.289125,-20.331326904296873
26353920,pc1,-98.493125,-79.69750213623047,77.83092723305188,52.510875,13.289068333333333,-18.795622863769538
26353920,pc1,-100.17875,-79.72261810302734,78.08605220087992,52.510848333333335,13.289041666666666,-20.45613189697265
26353920,pc1,-90.7875,-76.60298919677734,50.572492840522465,52.51052166666667,13.290826666666666,-14.18451080322265
26353920,pc1,-99.28125,-78.09046936035156,62.716376349035706,52.510795,13.289251666666669,-21.190780639648438
26353920,pc1,-94.896875,-78.61140441894531,67.36135488985254,52.510505,13.289086666666666,-16.285470581054682
26353920,pc1,-97.30875,-79.1392822265625,72.31004421994756,52.510686666666665,13.289038333333334,-18.169467773437503
26353920,pc1,-96.5,-76.7398452758789,51.62713625272943,52.51056666666667,13.289318333333334,-19.760154724121094
26353920,pc1,-98.85166666666667,-80.00971221923828,81.05280681857475,52.51088333333333,13.289021666666669,-18.841954447428392
26353920,pc1,-88.02875,-72.13932800292969,19.867377623368526,52.51050333333333,13.290366666666667,-15.889421997070315
26353920,pc1,-100.43,-80.28445434570312,83.97320604876158,52.510865,13.288958333333332,-20.145545654296882
26353920,pc1,-95.98375,-77.42922973632812,57.124280173260914,52.510425,13.289258333333333,-18.554520263671876
26353920,pc1,-98.371875,-79.14484405517578,72.36670959327228,52.510846666666666,13.289135,-19.22703094482422
26353920,pc1,-90.235625,-78.70185852050781,68.19202249213477,52.510513333333336,13.291086666666668,-11.533766479492186
26353920,pc1,-99.641875,-79.72261810302734,78.08605220087992,52.510848333333335,13.289041666666666,-19.919256896972655
26353920,pc1,-97.105,-77.81637573242188,60.357641737959476,52.51063,13.2892,-19.28862426757813
26353920,pc1,-101.433125,-80.77420043945312,89.38780785217386,52.510956666666665,13.288948333333334,-20.65892456054688
26353920,pc1,-101.315,-78.37273406982422,65.20644347208926,52.510756666666666,13.289183333333334,-22.94226593017578
26353920,pc1,-93.12375,-79.62661743164062,77.10976172199301,52.51059166666667,13.291216666666667,-13.497132568359376
26353920,pc1,-91.94375,-78.21949768066406,63.8445861921933,52.51053,13.291023333333332,-13.724252319335932
26353920,pc1,-98.264375,-78.72268676757812,68.38370820180114,52.51052666666666,13.28907,-19.541688232421876
26353920,pc1,-99.98416666666668,-79.22342681884766,73.12557284152415,52.51085166666667,13.289126666666666,-20.760739847819025
26353920,pc1,-87.033125,-70.98707580566406,10.672624863087849,52.51045833333333,13.290156666666666,-16.046049194335936
26353920,pc4,-96.96625,-80.29076385498047,84.04244994565909,52.51099166666667,13.289081666666666,-16.675486145019534
26353920,pc4,-100.450625,-78.97289276123047,70.72546173304599,52.51075166666666,13.289093333333334,-21.477732238769534
26353920,pc4,-98.7025,-78.50580596923828,66.40207200858734,52.51067,13.289121666666666,-20.19669403076172
26353920,pc4,-97.844375,-80.78618621826172,89.5244276338938,52.51101833333333,13.289013333333331,-17.05818878173828
26353920,pc4,-104.0475,-80.8148193359375,89.84998223048896,52.51103666666667,13.28903,-23.2326806640625
26353920,pc4,-96.7625,-80.29076385498047,84.04244994565909,52.51099166666667,13.289081666666666,-16.471736145019534
26353920,pc4,-102.85875,-80.8148193359375,89.84998223048896,52.51103666666667,13.28903,-22.0439306640625
26353920,pc4,-97.720625,-79.8942642211914,79.85011695007869,52.51092,13.289076666666666,-17.826360778808592
26353920,pc4,-97.35875,-77.8228988647461,60.41320611883772,52.510595,13.289191666666667,-19.535851135253907
26353920,pc4,-98.260625,-78.49361419677734,66.29189573659106,52.51067,13.289123333333333,-19.76701080322266
26353920,pc4,-98.53125,-78.4770278930664,66.14220220119205,52.510668333333335,13.289125,-20.054222106933594
26353920,pc4,-99.458125,-79.31803131103516,74.04642054256703,52.510775,13.289055,-20.14009368896484
26353920,pc4,-97.810625,-79.91292572021484,80.0435865963384,52.51092166666667,13.289075,-17.897699279785158
26367489,pc1,-84.478125,-87.67070770263672,227.0634603251271,52.51316833333333,13.331443333333333,3.192582702636713
26367489,pc1,-89.35625,-87.18509674072266,212.4683474686968,52.51320166666667,13.331216666666666,-2.1711532592773466
26367489,pc1,-91.589375,-86.52832794189453,194.213162222945,52.513133333333336,13.330768333333332,-5.061047058105473
26367489,pc1,-79.979375,-70.181396484375,7.907374327744546,52.51434666666667,13.328583333333333,-9.797978515625005
26367489,pc1,-81.488125,-83.4433822631836,127.81713079793577,52.51515333333333,13.327358333333333,1.9552572631835972
26367489,pc1,-85.709375,-88.09371948242188,240.5803222792199,52.51313666666667,13.33165,2.3843444824218807
26367489,pc1,-96.97875,-84.81155395507812,153.70212962390877,52.51333666666667,13.330255,-12.16719604492188
26367489,pc1,-95.618125,-83.77986145019531,133.72009715517547,52.51350166666667,13.33011,-11.838263549804694
26367489,pc1,-94.5225,-83.88099670410156,135.55070199603927,52.51347833333333,13.33011,-10.641503295898431
26367489,pc1,-100.340625,-85.10836029052734,160.02554740986224,52.5131,13.329888333333331,-15.232264709472659
26367489,pc1,-91.01,-87.18891143798828,212.5792238836291,52.5132,13.331216666666666,-3.821088562011724
26367489,pc1,-87.098125,-86.89466094970703,204.19243544171192,52.51313666666667,13.330973333333333,-0.20346405029296477
26367489,pc1,-95.784375,-83.77986145019531,133.72009715517547,52.51350166666667,13.33011,-12.004513549804685
26367489,pc1,-92.924375,-88.44336700439453,252.33931219812484,52.513335,13.33204,-4.4810079956054665
26367489,pc1,-92.665,-86.6295166015625,196.91937186127694,52.51313,13.330818333333331,-6.035483398437506
26367489,pc1,-100.859375,-85.1109619140625,160.08224621890258,52.5131,13.32989,-15.7484130859375
26367489,pc1,-89.341875,-87.57991027832031,224.26145020842947,52.513155,13.331376666666667,-1.7619647216796892
26367489,pc1,-86.978125,-81.12561798095703,93.9972066654547,52.513848333333335,13.329825,-5.852507019042974
26367489,pc1,-102.969375,-84.67644500732422,150.92260333716155,52.51306,13.329421666666669,-18.29292999267578
26367489,pc1,-100.978125,-84.8567886352539,154.6551887831899,52.51307833333333,13.329646666666669,-16.1213363647461
26367489,pc1,-89.50502873563218,-89.02523040771484,273.1609277109335,52.51320333333334,13.332275,-0.47979832791733656
26367489,pc4,-95.863125,-87.27985382080078,215.24221640604588,52.51315,13.331203333333333,-8.583271179199215
26367489,pc4,-79.603125,-78.35750579833984,65.13996403429559,52.51469166666666,13.327925,-1.245619201660162
26367489,pc4,-105.284375,-85.02764892578125,158.2841880592598,52.51300333333333,13.329485,-20.256726074218747
26367489,pc4,-79.95,-78.35750579833984,65.13996403429559,52.51469166666666,13.327925,-1.592494201660159
26367489,pc4,-100.265625,-85.27342987060547,163.6558861458554,52.51311166666667,13.330021666666669,-14.992195129394531
26367489,pc4,-80.0175,-78.35758209228516,65.13996403429559,52.51469166666666,13.327925,-1.659917907714842
26367489,pc4,-100.753125,-85.29103088378906,164.04860361105747,52.51309833333333,13.329998333333334,-15.462094116210935
26367489,pc4,-100.575625,-85.27342987060547,163.6558861458554,52.51311166666667,13.330021666666669,-15.302195129394534
26367489,pc4,-95.670625,-86.88092041015625,203.8105047325872,52.51307,13.330865,-8.789704589843751
26367489,pc4,-100.160625,-85.31891632080078,164.67257853425133,52.51307666666667,13.329958333333334,-14.841708679199215
26367489,pc4,-98.089375,-85.47481536865234,168.20232151443767,52.51312,13.33016,-12.61455963134766
26367489,pc4,-94.734375,-88.71409606933594,261.82818038935386,52.513353333333335,13.33221,-6.0202789306640625
26367489,pc4,-83.76,-75.43097686767578,42.75230385839411,52.514555,13.328171666666666,-8.329023132324224
26367489,pc4,-101.280625,-85.30863189697266,164.44265046444315,52.51306,13.329905,-15.971993103027344
26367489,pc4,-100.470625,-85.29103088378906,164.04860361105747,52.51309833333333,13.329998333333334,-15.179594116210936
26367489,pc4,-103.455625,-84.7719955444336,152.88903347285412,52.513041666666666,13.329423333333333,-18.683629455566404
26367489,pc4,-82.65625,-87.40272521972656,218.88666042809047,52.513353333333335,13.331495,4.7464752197265625
26367489,pc4,-80.881875,-78.35750579833984,65.13996403429559,52.51469166666666,13.327925,-2.52436920166015
26367489,pc4,-100.470625,-85.30525970458984,164.36698832646877,52.513075,13.329945,-15.165365295410155
34210562,pc1,-110.99625,-91.53797912597656,322.8384749662838,52.494951666666665,13.284973333333332,-19.45827087402344
34210562,pc1,-94.6725,-83.70213317871094,128.43241488804733,52.496498333333335,13.283631666666668,-10.970366821289062
34210562,pc1,-108.38375,-92.24031829833984,350.30473416232616,52.49481166666666,13.285401666666669,-16.143431701660163
34210562,pc1,-89.32875,-73.6969985961914,30.244357879811297,52.49728833333333,13.282978333333332,-15.631751403808593
34210562,pc1,-105.854375,-90.88429260253906,300.2975929221604,52.49506,13.284566666666668,-14.970082397460942
34210562,pc1,-90.406875,-86.75634002685547,184.81145302529478,52.49895,13.28137,-3.6505349731445307
34210562,pc1,-83.681875,-76.29994201660156,48.285540715768164,52.497211666666665,13.283285,-7.381932983398443
34210562,pc1,-88.460625,-72.3000259399414,20.981893109626615,52.49739,13.283005,-16.160599060058587
34210562,pc1,-83.19375,-81.76709747314453,101.2601596443013,52.49828,13.281945,-1.426652526855463
34210562,pc1,-82.93125,-80.59528350830078,87.38836963370036,52.49821666666666,13.282158333333332,-2.3359664916992244
34210562,pc1,-85.065,-76.32836151123047,48.497685876005434,52.49720833333333,13.283283333333332,-8.736638488769529
34210562,pc1,-95.288125,-85.61884307861328,161.43205140425212,52.49625666666667,13.283928333333334,-9.669281921386712
34210562,pc1,-82.840625,-76.63355255126953,50.8224899708709,52.49789666666667,13.282348333333331,-6.207072448730472
34210562,pc1,-98.50716145833331,-96.16870880126953,551.3362076248745,52.502336666666665,13.280738333333334,-2.338452657063783
34210562,pc1,-105.52963917525771,-96.42623138427734,567.9690368550773,52.50252833333333,13.280991666666669,-9.10340779098037
34210562,pc1,-111.77259036144578,-92.79729461669922,376.4710862980137,52.494688333333336,13.285813333333332,-18.97529574474656
34210562,pc1,-99.194375,-88.96812438964844,239.83139063349836,52.495425,13.283486666666668,-10.226250610351556
34210562,pc1,-92.383125,-81.6405258178711,99.67877929987823,52.49680666666666,13.283663333333331,-10.742599182128913
34210562,pc1,-81.518125,-71.01664733886719,10.966011335228698,52.49764166666667,13.282803333333334,-10.50147766113281
34210562,pc1,-98.70065789473684,-88.29265594482422,221.16301755393917,52.49922,13.281066666666666,-10.408001949912617
34210562,pc1,-96.86,-85.27600860595703,155.1319780337567,52.49631,13.283895,-11.583991394042968
34210562,pc1,-105.110625,-89.98303985595703,270.1797946510958,52.49524,13.284093333333333,-15.127585144042968
34210562,pc1,-84.200625,-74.702880859375,36.94450024735652,52.49776833333333,13.282423333333334,-9.497744140625002
34210562,pc1,-102.866875,-96.7739486694336,591.2232841000136,52.50277833333333,13.281291666666666,-6.092926330566399
34210562,pc1,-109.11875,-90.91944885253906,301.6804797574962,52.495106666666665,13.284783333333332,-18.199301147460943
34210562,pc4,-88.571875,-77.90763854980469,61.149072964287555,52.497976666666666,13.282268333333333,-10.664236450195318
34210562,pc4,-97.53,-89.73229217529297,262.3770499522654,52.495376666666665,13.284358333333332,-7.797707824707032
34210562,pc4,-91.236875,-84.07882690429688,134.3289927636703,52.498536666666666,13.281695,-7.158048095703123
34210562,pc4,-93.1825,-83.22074890136719,121.04673267803612,52.49844333333333,13.281818333333334,-9.961751098632817
34210562,pc4,-108.1225,-91.40338134765625,317.99879308434765,52.495043333333335,13.285105,-16.719118652343752
34210562,pc4,-105.36,-90.88541412353516,300.46854307159373,52.495095,13.284701666666669,-14.474585876464843
34210562,pc4,-84.88125,-72.78772735595703,24.268188312671615,52.49740333333333,13.2831,-12.093522644042963
34210562,pc4,-87.000625,-71.0295181274414,11.089929233954917,52.497456666666665,13.282905,-15.971106872558593
34210562,pc4,-97.9375,-85.52864074707031,159.7660963306489,52.49873333333333,13.281501666666667,-12.408859252929688
34210562,pc4,-106.32375,-96.28026580810547,558.4807209553691,52.502433333333336,13.280938333333332,-10.043484191894535
34210562,pc4,-104.82375,-91.70619201660156,329.2416956673453,52.49498,13.285258333333331,-13.117557983398441
34210562,pc4,-80.38125,-80.30255126953125,84.18021641484447,52.49692,13.28353,-0.07869873046874432
34210562,pc4,-88.95375,-77.61894989013672,58.704068944493784,52.49798666666667,13.282353333333331,-11.33480010986328
34210562,pc4,-107.1925,-91.60987091064453,327.0145991470111,52.494925,13.285023333333331,-15.582629089355464
34210562,pc4,-95.868125,-84.83607482910156,147.1123305014307,52.498646666666666,13.281625,-11.032050170898444
26369025,pc1,-93.820625,-81.85475158691406,103.49209822288124,52.506385,13.344205,-11.965873413085944
26369025,pc1,-92.118125,-81.72534942626953,101.7407616300197,52.50695,13.347091666666667,-10.392775573730475
26369025,pc1,-79.14875,-71.6319580078125,19.113115100239035,52.506618333333336,13.345391666666666,-7.516791992187507
26369025,pc1,-93.869375,-81.84337615966797,103.3366032881113,52.50638,13.34421,-12.025998840332036
26369025,pc1,-91.57625,-82.1047134399414,106.9694136471648,52.506346666666666,13.344171666666666,-9.471536560058595
26369025,pc1,-92.109375,-86.98035430908203,206.6194722308299,52.506075,13.342768333333334,-5.129020690917969
26369025,pc1,-85.111875,-76.37883758544922,49.37683536587801,52.50654,13.344963333333334,-8.733037414550779
26369025,pc1,-82.58,-76.34122467041016,49.10447609708803,52.506795,13.346356666666669,-6.238775329589842
26369025,pc1,-94.4575,-82.42874908447266,111.66232185277168,52.50632333333333,13.344111666666668,-12.02875091552734
26369025,pc1,-90.74125,-81.2627182006836,95.72112945185054,52.50691166666667,13.347018333333333,-9.4785317993164
26369025,pc1,-91.154375,-78.76681518554688,68.83119470387656,52.50653333333333,13.34467,-12.387559814453127
26369025,pc1,-91.27,-85.65707397460938,172.44036062079945,52.50613833333333,13.343266666666668,-5.612926025390621
26369025,pc1,-84.086875,-78.54349517822266,66.80207594926549,52.506841666666666,13.346606666666666,-5.54337982177735
26369025,pc1,-91.62,-83.10124969482422,122.11623378746035,52.50630833333334,13.343956666666667,-8.518750305175786
26369025,pc1,-80.275,-74.09874725341797,34.16156031492701,52.50656666666666,13.345185,-6.176252746582037
26369025,pc1,-91.121875,-86.42157745361328,191.4145085696053,52.506055,13.343018333333331,-4.700297546386722
26369025,pc1,-77.45625,-70.21907043457031,8.326052237789945,52.50665,13.345543333333334,-7.237179565429685
26369025,pc1,-80.481875,-73.71219635009766,31.778431443594545,52.50671333333333,13.346126666666668,-6.769678649902346
26369025,pc1,-91.209375,-86.22452545166016,186.3274766345146,52.50613166666667,13.343053333333334,-4.984849548339838
26369025,pc1,-79.4175,-72.13750457763672,22.254303938750002,52.506595,13.345355,-7.279995422363285
26369025,pc1,-88.664375,-78.17000579833984,63.51273294704241,52.506503333333335,13.344763333333333,-10.494369201660163
26369025,pc1,-87.17,-78.66378784179688,67.8890512197532,52.50677666666667,13.34665,-8.506212158203127
26369025,pc1,-90.7075,-86.77117156982422,200.78938694330958,52.506076666666665,13.342858333333334,-3.9363284301757773
26369025,pc1,-93.07375,-81.86322021484375,103.60789345192339,52.50637833333333,13.344206666666668,-11.210529785156254
26369025,pc1,-91.67375,-82.10042572021484,106.9087605962585,52.506348333333335,13.344171666666666,-9.573324279785155
26369025,pc1,-92.308125,-81.9109878540039,104.26585690561994,52.506345,13.344215,-10.397137145996098
26369025,pc1,-80.169375,-75.55876159667969,43.62245612515066,52.50660666666667,13.345026666666667,-4.610613403320315
26369025,pc1,-89.140625,-84.54890441894531,148.34728146976212,52.506195,13.343611666666666,-4.5917205810546875
26369025,pc4,-99.391875,-84.77851104736328,153.04753711026487,52.507245,13.347713333333331,-14.613363952636718
26369025,pc4,-84.589375,-76.9194107055664,53.3919981335445,52.506816666666666,13.346411666666668,-7.669964294433598
26369025,pc4,-95.624375,-82.41017150878906,111.38745029084268,52.506325,13.344115,-13.214203491210938
26369025,pc4,-82.484375,-70.07443237304688,6.60324071291283,52.50663166666666,13.345748333333333,-12.409942626953125
26369025,pc4,-79.925,-69.98841094970703,5.352439341980585,52.506638333333335,13.345733333333332,-9.936589050292966
26369025,pc4,-85.853125,-78.75727844238281,68.74612168385912,52.50684833333333,13.346633333333331,-7.095846557617193
26369025,pc4,-85.590625,-76.9194107055664,53.3919981335445,52.506816666666666,13.346411666666668,-8.671214294433597
26369025,pc4,-81.89625,-70.02796936035156,5.9577932106935485,52.50663,13.345735,-11.868280639648432
26369025,pc4,-91.67573529411764,-86.43344116210938,191.72501012912062,52.50614,13.342965,-5.2422941320082685
26369025,pc4,-97.603125,-84.2250747680664,141.9979416837594,52.50712,13.347623333333331,-13.3780502319336
26369025,pc4,-81.473125,-69.87545776367188,3.06360055628988,52.506645,13.3457,-11.597667236328121
26369025,pc4,-99.1225,-84.9267807006836,156.15890667500605,52.50720166666667,13.347795,-14.195719299316409
26367744,pc1,-87.57716836734694,-77.29244995117188,56.29679360516894,52.50019,13.326736666666667,-10.284718416175068
26367744,pc1,-88.62,-77.5407485961914,58.28054382611618,52.50021,13.326701666666668,-11.079251403808598
26367744,pc1,-90.815625,-82.82706451416016,117.77021511802218,52.50014166666666,13.32583,-7.988560485839841
26367744,pc1,-78.08125,-71.644775390625,19.20012936058639,52.500256666666665,13.327835,-6.436474609374997
26367744,pc1,-85.33,-80.14701843261719,82.69112098808885,52.50043,13.328751666666667,-5.182981567382811
26367744,pc1,-85.79,-79.59530639648438,76.88209783704997,52.50040666666666,13.328671666666668,-6.194693603515631
26367744,pc1,-86.1725,-80.8239974975586,90.37137525062768,52.500165,13.326233333333333,-5.348502502441406
26367744,pc1,-79.029375,-70.31175994873047,9.28807309609459,52.500365,13.327571666666667,-8.717615051269533
26367744,pc1,-89.01625,-77.568359375,58.5040412171534,52.50021,13.326698333333333,-11.447890625
26367744,pc1,-91.09125,-84.805908203125,153.83349949293304,52.50014333333333,13.325293333333333,-6.285341796875002
26367744,pc1,-93.085625,-84.64480590820312,150.43116323376648,52.500075,13.325358333333334,-8.440819091796868
26367744,pc1,-91.64625,-84.32025146484375,143.96305801514106,52.50008166666667,13.325453333333334,-7.325998535156245
26367744,pc1,-89.98405612244898,-82.78258514404297,117.07474332218366,52.50014333333333,13.32584,-7.201470978406007
26367744,pc1,-88.44875,-78.40918731689453,65.62205911950325,52.500205,13.326593333333332,-10.039562683105473
26367744,pc1,-92.439375,-84.65434265136719,150.62591960802914,52.500076666666665,13.325355,-7.785032348632811
26367744,pc1,-87.575625,-78.49214935302734,66.36491666477662,52.50018666666666,13.326586666666667,-9.083475646972659
26367744,pc1,-79.155,-69.98171997070312,5.247183561892521,52.500235,13.327558333333334,-9.173280029296876
26367744,pc1,-86.025,-79.65530395507812,77.4904519268568,52.500391666666665,13.328685,-6.369696044921881
26367744,pc1,-92.63375,-83.16665649414062,123.21829595676013,52.500121666666665,13.325753333333331,-9.467093505859381
26367744,pc1,-87.575,-74.62092590332031,37.457674348181335,52.500211666666665,13.327013333333332,-12.95407409667969
26367744,pc1,-82.4575,-78.34912872314453,65.08514778774736,52.50030833333334,13.328515,-4.108371276855465
26367744,pc1,-86.924375,-81.27002716064453,95.8304686227529,52.500393333333335,13.328958333333333,-5.6543478393554665
26367744,pc1,-79.46458333333334,-74.18070220947266,34.6816776884237,52.50030833333334,13.328065,-5.283881123860681
26367744,pc1,-89.50625,-80.28324890136719,84.16463620187169,52.500191666666666,13.32632,-9.223001098632807
26367744,pc1,-90.765,-84.76053619384766,152.88864965506772,52.500128333333336,13.32531,-6.004463806152344
26367744,pc1,-87.53125,-81.45880889892578,98.25900023419577,52.500185,13.326111666666666,-6.072441101074219
26367744,pc1,-92.869375,-84.805908203125,153.83349949293304,52.50014333333333,13.325293333333333,-8.063466796875005
26367744,pc1,-81.8825,-70.01271057128906,5.732482596519856,52.50027833333333,13.32747,-11.86978942871093
26367744,pc4,-92.601875,-81.85836029052734,103.57152958401412,52.50015666666667,13.326038333333331,-10.743514709472663
26367744,pc4,-91.3875,-82.11505889892578,107.1388337831781,52.50040166666667,13.329125,-9.272441101074222
26367744,pc4,-93.0127551020408,-82.44129180908203,111.88198450642709,52.500146666666666,13.325916666666666,-10.571463292958768
26367744,pc4,-91.425625,-82.97884368896484,120.17713133155823,52.500405,13.329318333333331,-8.446781311035153
26367744,pc4,-82.564375,-71.39412689208984,17.58253446739954,52.50022333333333,13.327313333333333,-11.170248107910155
26367744,pc4,-87.828125,-80.7837142944336,89.8924222883756,52.50037666666667,13.328873333333334,-7.044410705566406
26367744,pc4,-92.02625,-80.18756103515625,83.12436693136945,52.500213333333335,13.326331666666666,-11.838688964843755
26367744,pc4,-89.334375,-81.94713592529297,104.79916892371199,52.500365,13.329096666666668,-7.387239074707026
26367744,pc4,-87.9825,-80.11749267578125,82.34245523049883,52.50038833333333,13.328758333333331,-7.865007324218752
26367744,pc4,-85.55875,-81.61883544921875,100.35175853653239,52.50035833333333,13.329031666666667,-3.9399145507812534
26367744,pc4,-87.605,-80.78936004638672,89.95912735537834,52.50038166666667,13.328873333333334,-6.815639953613285
26367744,pc4,-95.325625,-83.45548248291016,128.13419768879447,52.50013666666667,13.325676666666666,-11.870142517089846
26720002,pc1,-91.394375,-70.8652572631836,13.923229445851488,52.50241333333334,13.333675,-20.529117736816403
26720002,pc1,-87.283125,-69.88426971435547,3.299168537224228,52.50235833333333,13.333458333333333,-17.39885528564453
26720002,pc1,-93.818125,-73.8150634765625,32.40996689502335,52.50259166666667,13.333758333333334,-20.003061523437495
26720002,pc1,-96.384375,-84.42308807373047,145.8649664760932,52.501265,13.33228,-11.961286926269537
26720002,pc1,-87.576875,-75.69989013671875,44.586017066831005,52.501981666666666,13.333225,-11.876984863281251
26720002,pc1,-90.115625,-71.0320816040039,15.126157882843339,52.50221666666667,13.33343,-19.083543395996088
26720002,pc1,-95.02125,-80.6139144897461,87.89425939697684,52.50165666666667,13.332865,-14.407335510253901
26720002,pc1,-93.745625,-79.08831787109375,71.85301039201185,52.50176666666667,13.33303,-14.657307128906254
26720002,pc1,-94.84875,-80.02605438232422,81.34294458139208,52.501738333333336,13.332831666666667,-14.822695617675777
26720002,pc1,-90.280625,-71.26647186279297,16.735806700375097,52.502455,13.333671666666667,-19.014153137207032
26720002,pc1,-89.9025,-71.2780532836914,16.813328148124835,52.502455,13.333673333333332,-18.624446716308597
26720002,pc1,-91.10125,-78.07630157470703,62.70889048447379,52.50188166666667,13.332975,-13.024948425292962
26720002,pc1,-97.115,-83.89976501464844,135.92541090808677,52.50134,13.33236,-13.215234985351557
26720002,pc1,-94.035,-82.99137878417969,120.35078753415243,52.50138,13.332698333333331,-11.043621215820309
26720002,pc1,-93.851875,-73.74381256103516,31.975176420780567,52.50254,13.33385,-20.10806243896485
26720002,pc1,-95.94125,-82.19307708740234,108.24330848683252,52.50154166666667,13.3326,-13.748172912597653
26720002,pc1,-95.970625,-83.43961334228516,127.78338309584046,52.501401666666666,13.332425,-12.531011657714842
26720002,pc1,-100.25375,-84.93802642822266,156.37765482901176,52.501115,13.332383333333333,-15.31572357177734
26720002,pc1,-94.89625,-79.90943908691406,80.10690396134775,52.50172166666667,13.33291,-14.986810913085932
26720002,pc1,-96.5725,-78.74272155761719,68.60967725579559,52.50288,13.334008333333331,-17.829778442382818
26720002,pc1,-96.6575,-83.24272155761719,124.459370379931,52.50138666666667,13.332553333333331,-13.414778442382811
26720002,pc1,-94.1175,-74.6785659790039,37.821924741199076,52.502606666666665,13.33386,-19.4389340209961
26720002,pc1,-87.96,-71.52836608886719,18.452615742466243,52.50248,13.333661666666666,-16.431633911132806
26720002,pc4,-85.508125,-70.28784942626953,9.04604040495742,52.50241666666667,13.333566666666666,-15.220275573730476
26720002,pc4,-89.240625,-71.7416763305664,19.806686644088423,52.502515,13.333591666666669,-17.498948669433588
26720002,pc4,-98.843125,-82.61866760253906,114.52809510590615,52.503175,13.334505,-16.224457397460938
26720002,pc4,-93.946875,-71.54362487792969,18.550557720807994,52.502206666666666,13.33335,-22.403250122070318
26720002,pc4,-97.32875,-78.11862182617188,63.07162492551615,52.50191,13.332905,-19.210128173828124
26720002,pc4,-91.51625,-70.28253936767578,8.992167731994728,52.50241666666667,13.333565,-21.233710632324218
26720002,pc4,-92.4675,-73.67951202392578,31.57934182676826,52.502586666666666,13.333748333333332,-18.78798797607422
26720002,pc4,-91.799375,-72.1687240600586,22.44536859127191,52.50253166666667,13.33363,-19.630650939941404
26720002,pc4,-96.938125,-80.55968475341797,87.26844321050152,52.50299666666667,13.334221666666666,-16.37844024658203
26720002,pc4,-94.536875,-77.25729370117188,56.00299783421658,52.501911666666665,13.333081666666668,-17.27958129882812
26720002,pc4,-88.956875,-70.55308532714844,11.473799901177358,52.502426666666665,13.333606666666666,-18.40378967285156
26720002,pc4,-99.09,-83.6646499633789,131.68380762727486,52.501403333333336,13.332323333333331,-15.425350036621097
26720002,pc4,-96.976875,-81.36469268798828,97.02400684559841,52.503128333333336,13.334135,-15.612182312011726
26720002,pc4,-98.046875,-81.7470932006836,102.04086457565612,52.50313333333333,13.334275,-16.299781799316406
26720002,pc4,-91.148125,-74.90831756591797,39.30393752774155,52.50205,13.333183333333332,-16.239807434082024
26720002,pc4,-89.14625,-70.105712890625,7.00978131336318,52.502408333333335,13.333508333333333,-19.040537109374995
26720002,pc4,-87.763125,-69.8546371459961,2.4269084142235724,52.502355,13.33347,-17.90848785400391
26347520,pc1,-91.185625,-75.9505615234375,45.69851722651311,52.500585,13.280175,-15.235063476562502
26347520,pc1,-96.718125,-82.8512954711914,115.72143806313537,52.49997333333334,13.280573333333331,-13.866829528808594
26347520,pc1,-89.65875,-72.44400787353516,21.9623279077393,52.50080166666667,13.280166666666666,-17.21474212646484
26347520,pc1,-100.208125,-85.7488784790039,163.9005901870974,52.49957333333333,13.280885,-14.45924652099609
26347520,pc1,-90.874375,-77.01949310302734,53.82771025343876,52.50051,13.280246666666669,-13.854881896972657
26347520,pc1,-91.265625,-87.5531234741211,202.80280090051093,52.49929166666666,13.281315,-3.7125015258789062
26347520,pc1,-87.721875,-73.42139434814453,28.436813146000418,52.50123333333333,13.280091666666667,-14.300480651855466
26347520,pc1,-93.09125,-83.5372085571289,125.77789139555881,52.49988833333333,13.280631666666666,-9.554041442871096
26347520,pc1,-99.69375,-86.33882904052734,175.75710395821804,52.49947,13.280928333333334,-13.35492095947265
26347520,pc1,-93.105,-73.01018524169922,25.73658755324434,52.501215,13.280126666666666,-20.094814758300785
26347520,pc1,-86.9525,-73.52690124511719,29.128556555866133,52.500745,13.280106666666669,-13.425598754882813
26347520,pc1,-95.26,-82.68551635742188,113.38972536575777,52.49998833333333,13.280516666666667,-12.57448364257813
26347520,pc1,-92.91375,-75.60118103027344,43.176636209881295,52.501378333333335,13.280148333333331,-17.312568969726556
26347520,pc1,-99.583125,-85.2632064819336,154.7088857257618,52.49963666666667,13.280741666666668,-14.319918518066402
26347520,pc1,-86.209375,-71.85192108154297,17.821462747070147,52.50085833333333,13.2801,-14.357453918457026
26347520,pc1,-94.286875,-77.72921752929688,59.62738298970871,52.50045833333333,13.280201666666668,-16.55765747070312
26347520,pc1,-99.645,-85.75182342529297,163.9574665971934,52.499565,13.280836666666668,-13.893176574707027
26347520,pc1,-94.69875,-80.0035171508789,81.00438118563581,52.50027,13.280371666666667,-14.695232849121098
26347520,pc1,-91.005,-73.27078247070312,27.449070812053392,52.50123166666667,13.28013,-17.73421752929687
26347520,pc1,-87.476875,-71.08393859863281,11.609702619688077,52.501063333333335,13.280111666666668,-16.392936401367194
26347520,pc1,-103.908125,-83.0035400390625,117.89015767263167,52.502046666666665,13.280448333333334,-20.9045849609375
26347520,pc1,-92.83125,-83.54598999023438,125.91176006987456,52.49988666666667,13.280628333333333,-9.285260009765622
26347520,pc1,-94.539375,-79.87055206298828,79.60817175479342,52.50171,13.280241666666669,-14.668822937011726
26347520,pc4,-94.3025,-78.36786651611328,65.16681820923584,52.50158,13.28022,-15.934633483886714
26347520,pc4,-100.32875,-81.32392883300781,95.81495349877854,52.500146666666666,13.280496666666666,-19.004821166992187
26347520,pc4,-99.11375,-78.77346801757812,68.86072879164661,52.50161333333333,13.280233333333332,-20.34028198242187
26347520,pc4,-94.59875,-70.6027603149414,5.969980052218377,52.501016666666665,13.28016,-23.99598968505859
26347520,pc4,-99.023125,-80.24056243896484,83.51256641240802,52.50025166666666,13.280426666666669,-18.78256256103515
26347520,pc4,-102.51,-80.1713638305664,82.7657211342788,52.501736666666666,13.280323333333332,-22.3386361694336
26347520,pc4,-105.648125,-85.28543853759766,155.11924425587483,52.499645,13.280823333333334,-20.362686462402337
26347520,pc4,-96.77375,-71.69820404052734,16.68401040628906,52.50113666666667,13.280163333333334,-25.075545959472663
26347520,pc4,-101.03625,-79.97205352783203,80.66310792437692,52.50171666666667,13.280345,-21.064196472167964
26347520,pc4,-98.18,-77.15632629394531,54.91670482896558,52.501486666666665,13.280181666666667,-21.023673706054694
26347520,pc4,-99.690625,-80.44918060302734,85.77578951721944,52.50023333333333,13.28045,-19.241444396972653
26347520,pc4,-98.528125,-79.51336669921875,75.9958836438843,52.50053833333333,13.281076666666667,-19.014758300781253
26347520,pc4,-101.241875,-83.80465698242188,129.90597111146442,52.49992,13.280995,-17.437218017578118
26347520,pc4,-96.71375,-76.1140365600586,46.897722412424166,52.500573333333335,13.280288333333331,-20.59971343994141
26347520,pc4,-98.38875,-78.10633087158203,62.860151103565656,52.50043,13.280301666666666,-20.28241912841797
26347520,pc4,-101.57125,-79.9897232055664,80.84771367081801,52.501718333333336,13.280345,-21.5815267944336
26347520,pc4,-103.45375,-79.20382690429688,72.939535882821,52.50165,13.28025,-24.249923095703124
33802241,pc1,-85.749375,-83.21642303466797,123.98765882541215,52.51405166666667,13.344303333333333,-2.532951965332032
33802241,pc1,-86.343125,-83.2121810913086,123.91742201987977,52.514055,13.344301666666668,-3.130943908691407
33802241,pc1,-83.87125,-75.69686889648438,44.5583384976677,52.51388166666667,13.341828333333334,-8.174381103515628
33802241,pc1,-87.295625,-80.66311645507812,88.4433575908654,52.51405833333333,13.343771666666669,-6.632508544921876
33802241,pc1,-99.825,-87.73350524902344,229.00680637441334,52.51413166666666,13.34585,-12.091494750976565
33802241,pc1,-81.545,-71.9956283569336,21.380536056493238,52.51392166666667,13.342166666666667,-9.549371643066408
33802241,pc1,-86.491875,-83.19992065429688,123.71471082032708,52.51405666666667,13.344298333333333,-3.291954345703118
33802241,pc1,-81.89125,-75.36448669433594,42.30484404850688,52.51398,13.343101666666666,-6.526763305664062
33802241,pc1,-79.56625,-70.44703674316406,10.552117628371025,52.51395166666666,13.342331666666666,-9.119213256835934
33802241,pc1,-87.015,-83.19056701660156,123.56018433222134,52.51405333333334,13.344296666666668,-3.824432983398438
33802241,pc1,-85.373125,-77.17818450927734,55.37487080460262,52.514001666666665,13.343291666666667,-8.194940490722658
33802241,pc1,-88.989375,-84.88362121582031,155.20136189476713,52.51410833333333,13.344756666666669,-4.105753784179683
33802241,pc1,-88.965625,-82.74665069580078,116.45948844991334,52.51405833333333,13.34419,-6.218974304199222
33802241,pc1,-94.20125,-85.31238555908203,164.51067247268355,52.51411,13.344895,-8.88886444091797
33802241,pc1,-85.109375,-83.2207260131836,124.05906580580621,52.514048333333335,13.344305,-1.8886489868164062
33802241,pc1,-85.691875,-82.18594360351562,108.1081018154848,52.51381833333333,13.340895,-3.505931396484371
33802241,pc1,-78.59,-70.51715087890625,11.166134558745716,52.51399,13.342611666666668,-8.072849121093753
33802241,pc1,-89.445625,-82.1781997680664,107.99876108571867,52.51405333333334,13.344065,-7.267425231933601
33802241,pc1,-95.68589743589745,-86.26757049560547,187.3940434453662,52.51413,13.345231666666669,-9.418326940291976
33802241,pc1,-83.424375,-79.48589324951172,75.73082871227231,52.51386333333333,13.341368333333332,-3.938481750488279
33802241,pc1,-86.5575,-83.24419403076172,124.4488059653587,52.51404333333333,13.344311666666666,-3.313305969238286
33802241,pc1,-85.8425,-84.1269760131836,140.1072269746967,52.51378666666667,13.340425,-1.7155239868164074
33802241,pc1,-100.5149456521739,-89.39781951904297,287.33521727409567,52.51419,13.346706666666666,-11.117126133130938
33802241,pc1,-83.375,-79.25003051757812,73.3991932003807,52.51384333333333,13.341406666666666,-4.124969482421875
33802241,pc1,-87.730625,-85.06925201416016,159.16396886792907,52.51376833333333,13.340145,-2.661372985839847
33802241,pc1,-104.30125,-88.38569641113281,250.35096657528126,52.51423833333333,13.346146666666666,-15.915553588867184
33802241,pc1,-86.601875,-79.5157241821289,76.02916536162587,52.514048333333335,13.343588333333331,-7.086150817871101
33802241,pc1,-85.12625,-82.45877838134766,112.08984429608994,52.513805,13.340838333333334,-2.6674716186523426
33802241,pc4,-95.400625,-83.5938720703125,130.4141033294435,52.514045,13.3444,-11.806752929687505
33802241,pc4,-94.54625,-85.12718963623047,160.41970305758997,52.51408833333333,13.344838333333334,-9.419060363769532
33802241,pc4,-86.018125,-70.44674682617188,10.5494246902498,52.513913333333335,13.342328333333333,-15.571378173828123
33802241,pc4,-86.611875,-80.66134643554688,88.4232640483042,52.51379166666667,13.341195,-5.950528564453123
33802241,pc4,-88.33,-70.1812973022461,7.906354258609499,52.51394666666667,13.342595,-18.148702697753905
33802241,pc4,-104.97434210526316,-88.92176818847656,269.3300841439039,52.51420333333333,13.346436666666667,-16.0525739167866
33802241,pc4,-92.980625,-82.69970703125,115.73456557133478,52.51403666666667,13.344183333333334,-10.280917968750003
33802241,pc4,-88.51746323529412,-75.59970092773438,43.89399340918038,52.514015,13.343115,-12.917762307559741
33802241,pc4,-88.87367021276596,-85.03287506103516,158.37967910293656,52.51372833333333,13.340165,-3.840795151730802
33802241,pc4,-87.760625,-72.03427124023438,21.61827475550289,52.513956666666665,13.342798333333333,-15.72635375976563
33802241,pc4,-87.53875,-77.25721740722656,55.99374502865356,52.51384333333333,13.341666666666669,-10.28153259277343
33802241,pc4,-86.536875,-71.83415985107422,20.38088498474272,52.513936666666666,13.342181666666669,-14.702715148925776
30827265,pc1,-75.67553191489361,-73.46215057373047,28.69687911597761,52.51611833333333,13.376241666666669,-2.2133813411631422
30827265,pc1,-72.043125,-72.90164184570312,25.014137640299587,52.516063333333335,13.375453333333333,0.8585168457031216
30827265,pc1,-74.588125,-73.44512939453125,28.585182104007853,52.51611833333333,13.37624,-1.1429956054687551
30827265,pc1,-74.753125,-73.610107421875,29.666794147827655,52.516086666666666,13.37626,-1.1430175781249972
30827265,pc1,-76.66375,-73.3198471069336,27.764049814986016,52.51609166666667,13.376231666666667,-3.3439028930663994
30827265,pc1,-72.4875,-70.52630615234375,4.5645677674641245,52.51610333333333,13.37588,-1.9611938476562472
30827265,pc1,-71.149375,-70.89291381835938,9.696445311272322,52.516081666666665,13.375678333333331,-0.25646118164063125
30827265,pc1,-70.58,-70.89291381835938,9.696445311272322,52.516081666666665,13.375678333333331,0.3129138183593767
30827265,pc1,-74.06875,-70.55784606933594,5.185374369722872,52.51607333333333,13.375896666666666,-3.510903930664057
30827265,pc1,-71.983125,-72.90164184570312,25.014137640299587,52.516063333333335,13.375453333333333,0.9185168457031239
30827265,pc1,-71.955,-71.44234466552734,14.695366041233436,52.51607333333333,13.375605,-0.5126553344726545
30827265,pc1,-70.1275,-71.3323745727539,13.794857688192318,52.516106666666666,13.376021666666666,1.2048745727539085
30827265,pc1,-70.61125,-70.89291381835938,9.696445311272322,52.516081666666665,13.375678333333331,0.2816638183593767
30827265,pc1,-67.404375,-70.76895904541016,8.281454573418788,52.51610166666666,13.37594,3.3645840454101545
30827265,pc1,-72.50875,-70.47892761230469,3.437680467727024,52.51607333333333,13.37587,-2.0298223876953188
30827265,pc1,-73.559375,-71.93473815917969,18.415651481070768,52.51610333333333,13.376091666666667,-1.6246368408203153
30827265,pc1,-73.29875,-70.55784606933594,5.185374369722872,52.51607333333333,13.375896666666666,-2.740903930664061
30827265,pc1,-71.176875,-71.4730453491211,14.941087294049455,52.51613,13.376028333333334,0.2961703491210983
30827265,pc1,-74.511875,-70.52630615234375,4.5645677674641245,52.51610333333333,13.37588,-3.9855688476562534
30827265,pc1,-75.481875,-73.44512939453125,28.585182104007853,52.51611833333333,13.37624,-2.0367456054687523
30827265,pc1,-67.585625,-70.81973266601562,8.883348895131842,52.516061666666666,13.375695,3.234107666015632
30827265,pc1,-70.09,-71.3323745727539,13.794857688192318,52.516106666666666,13.376021666666666,1.2423745727539028
30827265,pc1,-76.493125,-73.50045776367188,28.948106075708953,52.51614166666667,13.376238333333331,-2.9926672363281313
30827265,pc1,-71.736875,-72.76228332519531,24.091073357274375,52.51614,13.376165,1.0254083251953148
30827265,pc1,-75.00375,-73.44512939453125,28.585182104007853,52.51611833333333,13.37624,-1.5586206054687466
30827265,pc1,-68.46625,-71.24585723876953,13.060175286730942,52.516108333333335,13.37601,2.779607238769529
30827265,pc4,-70.185,-70.46573638916016,3.053549156395247,52.51607,13.375781666666668,0.280736389160154
30827265,pc4,-76.451875,-71.63896942138672,16.231819870558354,52.51605333333333,13.375586666666669,-4.812905578613282
30827265,pc4,-73.270625,-70.85247802734375,9.254254865631953,52.516085,13.375958333333331,-2.4181469726562455
30827265,pc4,-78.453125,-73.25861358642578,27.362475543628392,52.5161,13.376225,-5.194511413574219
30827265,pc4,-73.63375,-70.89375305175781,9.705209465380527,52.516085,13.375965,-2.7399969482421938
30827265,pc4,-73.184375,-70.86265563964844,9.366992117655737,52.516085,13.37596,-2.3217193603515653
30827265,pc4,-69.268125,-70.44901275634766,2.484660355123872,52.51607333333333,13.375788333333333,1.1808877563476585
30827265,pc4,-71.24125,-72.41553497314453,21.76397369843728,52.51604833333333,13.375505,1.1742849731445375
30827265,pc4,-71.13625,-70.44560241699219,2.352297340316228,52.51607666666666,13.375788333333333,-0.6906475830078165
30827265,pc4,-73.77875,-70.87353515625,9.486393186196027,52.516086666666666,13.375961666666669,-2.9052148437500023
30827265,pc4,-83.3025,-72.46438598632812,22.094930628023302,52.51610166666666,13.376146666666669,-10.83811401367187
30827265,pc4,-69.88875,-70.46903228759766,3.1538331096290633,52.51607,13.37578,0.5802822875976545
30827265,pc4,-77.076875,-73.0939712524414,26.281477747616858,52.516085,13.37621,-3.982903747558595
30827265,pc4,-85.32623626373626,-74.04788208007812,32.548216526806016,52.51611333333334,13.3763,-11.278354183658138
26947073,pc1,-91.643125,-69.80481719970703,1.7315337403365834,52.489603333333335,13.298236666666666,-21.838307800292966
26947073,pc1,-89.04,-77.85099792480469,61.47831590904663,52.49003666666667,13.297636666666667,-11.189002075195319
26947073,pc1,-89.9325,-78.2108383178711,64.62928881125448,52.49005833333333,13.297606666666669,-11.72166168212891
26947073,pc1,-88.80625,-73.95772552490234,33.338455944976474,52.48983833333333,13.297895,-14.848524475097662
26947073,pc1,-92.16375,-73.61701965332031,31.914016236297982,52.489383333333336,13.298503333333333,-18.54673034667968
26947073,pc1,-90.979375,-72.0414047241211,21.670077838760847,52.489756666666665,13.298003333333334,-18.93797027587891
26947073,pc1,-92.364375,-78.48300170898438,70.21785004252042,52.48912,13.298868333333331,-13.88137329101562
26947073,pc1,-90.890625,-73.62797546386719,31.983598774148817,52.489383333333336,13.298505,-17.262649536132812
26947073,pc1,-88.5675,-73.5039291381836,30.515680985325513,52.489785,13.297866666666666,-15.063570861816402
26947073,pc1,-90.170625,-79.60319519042969,78.27695132432186,52.48905166666667,13.298918333333331,-10.567429809570314
26947073,pc1,-92.605625,-78.16166687011719,67.06638818054893,52.48914333333333,13.298841666666666,-14.443958129882816
26947073,pc1,-87.826875,-77.58244323730469,58.68977506149924,52.49001333333333,13.297655,-10.244431762695314
26947073,pc1,-89.655625,-79.36788177490234,75.8261501815986,52.48909333333334,13.298945,-10.287743225097657
26947073,pc1,-94.43617021276596,-76.5015640258789,52.555010168246994,52.489235,13.298686666666669,-17.934606186887052
26947073,pc1,-91.125625,-71.87017059326172,21.222712246451845,52.48945333333333,13.298393333333332,-19.25545440673828
26947073,pc1,-89.2275,-76.1495361328125,49.91305565076559,52.48927333333334,13.298701666666666,-13.077963867187506
26947073,pc1,-89.948125,-70.47798919677734,11.567325356944725,52.48952833333333,13.29832,-19.47013580322266
26947073,pc1,-85.431875,-75.40013122558594,42.58019375681372,52.48991,13.297823333333334,-10.031743774414068
26947073,pc1,-90.159375,-75.4067153930664,42.67506005045767,52.48989666666667,13.297795,-14.752659606933591
26947073,pc1,-86.546875,-76.83041381835938,52.75914965430792,52.48996833333333,13.297703333333333,-9.716461181640625
26947073,pc1,-93.50755494505496,-83.71394348144531,136.4572331579519,52.490555,13.296928333333334,-9.79361146360965
26947073,pc1,-91.448125,-78.95262908935547,71.80044983857461,52.49010166666667,13.297526666666666,-12.495495910644536
26947073,pc4,-91.49375,-79.30142211914062,74.9483005578394,52.48909333333334,13.298925,-12.19232788085938
26947073,pc4,-93.641875,-69.81486511230469,1.5395051290322779,52.48962333333333,13.298215,-23.82700988769531
26947073,pc4,-89.90625,-80.34774780273438,85.26335335127271,52.489023333333336,13.299025,-9.558502197265625
26947073,pc4,-97.200625,-79.70932006835938,79.45767062363687,52.49016666666667,13.297478333333334,-17.491304931640627
26947073,pc4,-91.57125,-75.9703598022461,48.53733352025382,52.48928,13.298683333333331,-15.600890197753913
26947073,pc4,-91.82375,-72.3756103515625,24.412692329268776,52.489446666666666,13.298455,-19.448139648437504
26947073,pc4,-96.6922554347826,-81.28153228759766,98.57373089967115,52.49029333333333,13.297286666666666,-15.410723147184939
26947073,pc4,-91.105625,-72.0311050415039,22.244512535572166,52.48945833333333,13.298428333333334,-19.074519958496097
26947073,pc4,-91.168125,-80.34634399414062,85.26335335127271,52.489023333333336,13.299025,-10.821781005859378
26947073,pc4,-90.33261494252874,-78.40227508544922,69.50634319920168,52.48912166666667,13.298855,-11.930339857079517
26947073,pc4,-91.029375,-72.72622680664062,25.81969209054261,52.48979166666667,13.297976666666669,-18.303148193359377
26947073,pc4,-93.215625,-70.91412353515625,14.282095306023141,52.48972666666667,13.298126666666668,-22.301501464843753
26947073,pc4,-92.805,-70.5874252319336,11.815347902057287,52.48969666666667,13.298113333333331,-22.217574768066413
26947073,pc4,-93.808125,-69.90521240234375,4.280051661081677,52.48961833333333,13.298151666666667,-23.902912597656254
26947073,pc4,-90.77625,-74.98663330078125,41.16691639364344,52.489331666666665,13.298615,-15.789616699218755
26947073,pc4,-91.649375,-72.35147094726562,24.261920871976205,52.489446666666666,13.298451666666669,-19.29790405273438
26947073,pc4,-90.029375,-77.69689178466797,62.05989084763153,52.48918333333334,13.298805,-12.332483215332033
26947073,pc4,-90.28875,-80.4017333984375,85.69149959945334,52.48900833333333,13.299005,-9.887016601562493
26351360,pc1,-78.51375,-81.58960723876953,99.99853896228527,52.49988666666667,13.322031666666666,3.0758572387695295
26351360,pc1,-75.11875,-77.92241668701172,61.447406029155125,52.49976166666666,13.319656666666669,2.803666687011713
26351360,pc1,-79.290625,-81.59602355957031,100.08318183493722,52.49989333333333,13.322031666666666,2.305398559570307
26351360,pc1,-77.74125,-81.59602355957031,100.08318183493722,52.49989333333333,13.322031666666666,3.8547735595703188
26351360,pc1,-80.215625,-80.8612060546875,90.85567767113318,52.49989,13.321895,0.6455810546874972
26351360,pc1,-75.333125,-77.92218017578125,61.43360953656595,52.49973333333333,13.321466666666666,2.5890551757812545
26351360,pc1,-66.884375,-73.49681091308594,30.472563787121466,52.49976333333333,13.320115,6.612435913085932
26351360,pc1,-75.924375,-80.06034088134766,81.78285424593165,52.499735,13.319358333333334,4.1359658813476585
26351360,pc1,-76.409375,-78.15666198730469,63.42422514124907,52.499865,13.321491666666669,1.7472869873046903
26351360,pc1,-79.37375,-80.93863677978516,91.83191950052469,52.499748333333336,13.319208333333334,1.5648867797851551
26351360,pc1,-74.99625,-79.96851348876953,80.8070079861469,52.4997,13.319378333333333,4.972263488769528
26351360,pc1,-75.71,-81.4444808959961,98.12574991502403,52.49987,13.322006666666669,5.7344808959961
26351360,pc1,-62.13625,-69.88655853271484,3.362380958058482,52.49978,13.320611666666666,7.750308532714847
26351360,pc1,-78.76875,-80.8612060546875,90.85567767113318,52.49989,13.321895,2.092456054687503
26351360,pc1,-83.123125,-83.61312866210938,130.97235282573763,52.499705,13.318633333333333,0.4900036621093733
26351360,pc1,-79.368125,-82.18192291259766,108.11448104390699,52.49988,13.322153333333333,2.81379791259765
26351360,pc1,-80.56,-84.83088684082031,154.42559609742068,52.49964,13.318295,4.27088684082031
26351360,pc1,-75.763125,-81.4444808959961,98.12574991502403,52.49987,13.322006666666669,5.6813558959960915
26351360,pc1,-80.73375,-81.19283294677734,94.90079170810831,52.499766666666666,13.321965,0.4590829467773432
26351360,pc1,-79.415,-81.25299835205078,95.65611457300723,52.49988,13.321968333333333,1.837998352050775
26351360,pc1,-75.16623711340206,-79.00406646728516,71.0786129811128,52.49986,13.321606666666666,3.8378293538830945
26351360,pc1,-80.783125,-81.19283294677734,94.90079170810831,52.499766666666666,13.321965,0.40970794677734546
26351360,pc1,-75.845,-81.4444808959961,98.12574991502403,52.49987,13.322006666666669,5.599480895996095
26351360,pc4,-75.91375,-76.23243713378906,48.345555259326446,52.49988333333334,13.32126,0.3186871337890693
26351360,pc4,-79.33875,-79.13553619384766,72.36385233465914,52.49973166666667,13.319498333333334,-0.2032138061523483
26351360,pc4,-78.9234693877551,-80.45960235595703,86.17588549380352,52.499875,13.321828333333332,1.536132968201926
26351360,pc4,-81.30163043478261,-81.78787231445312,102.63700868529456,52.499941666666665,13.322058333333333,0.4862418796705157
26351360,pc4,-78.16625,-80.21887969970703,83.48619768401002,52.499875,13.321788333333334,2.052629699707026
26351360,pc4,-81.68125,-80.45960235595703,86.17588549380352,52.499875,13.321828333333332,-1.2216476440429744
26351360,pc4,-67.91,-73.58043670654297,30.983089877303765,52.499805,13.320106666666666,5.670436706542972
26351360,pc4,-75.6675,-75.7567367553711,44.988605180722615,52.49976333333333,13.3199,0.08923675537108977
26351360,pc4,-71.259375,-70.45722198486328,10.648664503372014,52.49979666666667,13.32072,-0.8021530151367244
26351360,pc4,-86.053125,-82.3487777709961,110.57743945489646,52.49979833333333,13.31893,-3.7043472290039006
26351360,pc4,-74.588125,-78.15071868896484,63.378820549459455,52.49973,13.321495,3.5625936889648386
26351360,pc4,-84.94205729166667,-81.09976959228516,93.8037589911716,52.49976166666666,13.319178333333332,-3.842287699381515
26351360,pc4,-72.7325,-74.97210693359375,39.72880900963227,52.49970666666667,13.319991666666668,2.2396069335937483
26351360,pc4,-81.456875,-80.45960235595703,86.17588549380352,52.499875,13.321828333333332,-0.9972726440429653
26351360,pc4,-77.35375,-77.75100708007812,59.99515543014375,52.49969,13.319691666666667,0.3972570800781199
26351360,pc4,-77.4975,-80.47801208496094,86.4020939897552,52.499855,13.321835,2.9805120849609352
26351360,pc4,-74.988125,-70.05652618408203,6.365650322098909,52.49982666666666,13.320631666666667,-4.931598815917965
29127680,pc1,-99.63947368421051,-92.72671508789062,448.61865207385137,52.51302833333333,13.32884,-6.91275859631989
29127680,pc1,-94.545625,-91.93665313720703,404.30941829641614,52.51235666666667,13.319266666666667,-2.60897186279297
29127680,pc1,-76.019375,-70.00188446044922,5.565181894689219,52.51516,13.323136666666668,-6.017490539550778
29127680,pc1,-94.725,-91.88201904296875,401.3848360091093,52.512395,13.31926,-2.8429809570312443
29127680,pc1,-99.21125,-93.55644989013672,500.1656774049044,52.51309333333333,13.329768333333334,-5.654800109863288
29127680,pc1,-76.86,-77.19437408447266,55.50790193914608,52.51557666666667,13.323466666666668,0.3343740844726568
29127680,pc1,-92.08,-90.78376007080078,346.61429175060357,52.51244166666667,13.320523333333334,-1.296239929199217
29127680,pc1,-102.546875,-93.43544006347656,492.32322186932186,52.51307166666667,13.32962,-9.111434936523438
29127680,pc1,-94.616875,-91.87662506103516,401.09685065001133,52.51239666666667,13.319263333333334,-2.740249938964837
29127680,pc1,-101.118125,-93.35399627685547,487.10889359248694,52.51305666666666,13.32952,-7.7641287231445375
29127680,pc1,-98.950625,-93.01310729980469,465.83040096671635,52.51303,13.329136666666669,-5.937517700195315
29127680,pc1,-98.3525,-92.1288070678711,414.5579069672078,52.51299,13.3282,-6.2236929321289125
29127680,pc1,-91.50382653061224,-90.66967010498047,341.6167952186446,52.512445,13.32066,-0.8341564256317753
29127680,pc1,-96.878125,-92.71197509765625,447.7487870379418,52.513015,13.328811666666669,-4.166149902343747
29127680,pc1,-98.950625,-92.97745513916016,463.6567349465831,52.51297,13.329041666666669,-5.973169860839846
29127680,pc1,-91.45344387755102,-90.8177261352539,348.1988050691118,52.512436666666666,13.320491666666667,-0.6357177422971176
29127680,pc1,-102.204375,-93.52032470703125,497.81386354551034,52.51302333333334,13.32967,-8.684050292968749
29127680,pc1,-102.6171875,-93.81829071044922,517.5304730995376,52.51309,13.330051666666666,-8.798896789550781
29127680,pc1,-92.921875,-91.52476501464844,382.60117714953014,52.512391666666666,13.319703333333331,-1.3971099853515625
29127680,pc1,-95.780625,-91.69380950927734,391.4602652696623,52.512395,13.319486666666666,-4.086815490722657
29127680,pc1,-84.6025,-76.56714630126953,50.751346497237,52.51556,13.323313333333331,-8.035353698730475
29127680,pc1,-98.056875,-92.94281005859375,461.550327184231,52.513036666666665,13.32907,-5.114064941406255
29127680,pc1,-92.95875,-90.67084503173828,341.5475281238079,52.512385,13.320843333333332,-2.2879049682617136
29127680,pc1,-94.43,-91.56598663330078,384.70900451925166,52.512385,13.319666666666668,-2.8640133666992256
29127680,pc1,-94.265,-91.70069122314453,391.8189583658243,52.512395,13.319478333333333,-2.5643087768554693
29127680,pc1,-100.86160714285714,-93.42081451416016,491.38402649453633,52.513015,13.329555,-7.4407926286969825
29127680,pc1,-94.6375,-91.88201904296875,401.3848360091093,52.512395,13.31926,-2.755480957031253
29127680,pc1,-93.958125,-91.56598663330078,384.70900451925166,52.512385,13.319666666666668,-2.392138366699214
29127680,pc1,-86.621875,-70.1634521484375,7.702779783123279,52.515058333333336,13.323093333333333,-16.458422851562503
29127680,pc1,-96.210625,-92.86022186279297,456.56830328843563,52.51303166666667,13.32898,-3.3504031372070244
29127680,pc1,-99.905,-93.43544006347656,492.32322186932186,52.51307166666667,13.32962,-6.469559936523439
29127680,pc1,-91.40875,-86.0595703125,182.2031012724165,52.51354666666667,13.322371666666667,-5.349179687499998
29127680,pc1,-89.8025,-86.15975189208984,184.67937888305548,52.51620833333333,13.325215,-3.642748107910151
29127680,pc4,-82.035,-72.47335052490234,24.290232213716056,52.515305,13.322993333333333,-9.561649475097653
29127680,pc4,-90.035,-86.69344329833984,198.7002943893678,52.51340833333333,13.322281666666669,-3.341556701660153
29127680,pc4,-106.28897058823529,-91.83029174804688,398.46193112321396,52.512935,13.32784,-14.458678840188412
29127680,pc4,-96.5425,-91.84214782714844,399.26289298260997,52.51238166666667,13.319333333333333,-4.7003521728515665
29127680,pc4,-90.071875,-86.68971252441406,198.59891377837226,52.51340833333333,13.322286666666669,-3.382162475585943
29127680,pc4,-86.87625,-82.69803619384766,115.7248069854838,52.51421333333333,13.322303333333334,-4.178213806152343
29127680,pc4,-90.061875,-86.6844482421875,198.45583153929522,52.51341,13.322285,-3.3774267578125006
30829312,pc1,-66.954375,-73.65628051757812,31.432725341247107,52.51459833333333,13.351878333333334,6.701905517578126
30829312,pc1,-82.676875,-82.34293365478516,110.38823372875602,52.51366,13.350468333333334,-0.3339413452148392
30829312,pc1,-87.538125,-81.34956359863281,96.80234725064224,52.514625,13.352908333333334,-6.188561401367181
30829312,pc1,-70.03125,-70.5155258178711,11.153604808911737,52.51452,13.351528333333333,0.48427581787109375
30829312,pc1,-104.2,-88.36487579345703,249.67707084845952,52.51224,13.350633333333333,-15.835124206542972
30829312,pc1,-92.814375,-85.8513412475586,177.0626929079828,52.512925,13.350616666666667,-6.9630337524414045
30829312,pc1,-70.556875,-71.73670196533203,19.772317982670753,52.51451333333333,13.351766666666666,1.1798269653320261
30829312,pc1,-72.21625,-70.4029312133789,10.152064511451211,52.51438666666667,13.351378333333331,-1.813318786621096
30829312,pc1,-85.46625,-79.89715576171875,79.95681420494532,52.51458,13.35267,-5.569094238281252
30829312,pc1,-86.330625,-84.43289947509766,140.0720756692475,52.514655,13.353551666666666,-1.8977255249023415
30829312,pc1,-68.600625,-73.41754913330078,29.979183067849355,52.514541666666666,13.351913333333334,4.8169241333007875
30829312,pc1,-81.611875,-80.4041519165039,85.47868215468108,52.51463666666667,13.35273,-1.2077230834960915
30829312,pc1,-83.458125,-87.67583465576172,205.67215165333246,52.51475666666666,13.354506666666667,4.217709655761723
30829312,pc1,-82.9575,-83.40103912353516,127.0994336432377,52.51347,13.350473333333332,0.44353912353516023
30829312,pc1,-71.600625,-71.43550872802734,17.84853360868225,52.514543333333336,13.351686666666666,-0.16511627197265
30829312,pc1,-78.93125,-78.9613265991211,70.63130496039805,52.514626666666665,13.352505,0.030076599121088066
30829312,pc1,-85.75375,-85.3779296875,156.8022741309761,52.51468166666667,13.353795,-0.3758203124999966
30829312,pc1,-75.569375,-80.65464782714844,88.35079518497803,52.51386,13.350591666666666,5.085272827148444
30829312,pc1,-73.290625,-74.027099609375,33.71163936281011,52.51453833333333,13.351976666666667,0.7364746093749943
30829312,pc1,-92.00257731958764,-85.10035705566406,151.705059897547,52.514696666666666,13.353713333333332,-6.9022202639235815
30829312,pc1,-69.2025,-70.84347534179688,13.758792555886048,52.51435333333333,13.351346666666666,1.6409753417968744
30829312,pc1,-98.58125,-87.4831314086914,221.32804219502444,52.51248833333333,13.350728333333333,-11.098118591308591
30829312,pc1,-72.4925,-80.47760772705078,86.3152656677169,52.51394166666667,13.350513333333334,7.985107727050774
30829312,pc1,-89.0525,-83.94993591308594,136.81493702139943,52.513353333333335,13.35051,-5.102564086914057
30829312,pc1,-98.9975,-84.90950775146484,155.7406550295292,52.514898333333335,13.349355,-14.087992248535159
30829312,pc1,-83.691875,-82.19707489013672,108.27517052395139,52.513685,13.350468333333334,-1.4948001098632773
30829312,pc1,-83.25986842105263,-82.74467468261719,116.43121194737306,52.51390666666666,13.350018333333333,-0.5151937384354426
30829312,pc1,-78.98375,-79.19871520996094,72.89874412256891,52.514633333333336,13.352536666666667,0.21496520996093693
30829312,pc1,-75.03125,-81.0945816040039,93.61191339852813,52.51392833333333,13.350395,6.063331604003906
30829312,pc1,-85.611875,-83.24348449707031,121.34897027174003,52.514675,13.353261666666668,-2.3683905029296852
30829312,pc4,-81.834375,-82.07752227783203,106.56980218061453,52.51388166666667,13.350215,0.24314727783203693
30829312,pc4,-94.783125,-84.08031463623047,139.2332593007261,52.51398,13.349591666666669,-10.70281036376953
30829312,pc4,-95.423125,-83.77030181884766,133.5404550080784,52.51394333333333,13.349706666666666,-11.652823181152343
30829312,pc4,-83.95875,-73.75037384033203,32.007558737286544,52.51457,13.351921666666666,-10.208376159667964
30829312,pc4,-79.4725,-71.16973114013672,16.077691270590144,52.51451166666666,13.351701666666669,-8.302768859863278
30829312,pc4,-89.36,-75.56412506103516,43.65245828913236,52.514585,13.352103333333334,-13.795874938964843
30829312,pc4,-80.5225,-81.1993637084961,94.91421417406849,52.513885,13.350425,0.6768637084961
30829312,pc4,-90.53125,-79.76616668701172,78.58728897241554,52.51464,13.352621666666666,-10.765083312988281
30829312,pc4,-91.1784793814433,-83.93626403808594,131.95607489095102,52.514653333333335,13.35343,-7.242215343357358
30829312,pc4,-90.43875,-78.32756042480469,64.87156672472622,52.51459666666667,13.352431666666666,-12.111189575195311
26359553,pc1,-77.6825,-73.88860321044922,32.86288760583824,52.50393666666667,13.337398333333333,-3.793896789550786
26359553,pc1,-81.2425,-70.96624755859375,14.657431302979061,52.50372,13.337985,-10.276252441406257
26359553,pc1,-80.11702127659575,-78.62679290771484,67.55562851687264,52.50411666666667,13.336973333333331,-1.4902283688809064
26359553,pc1,-82.176875,-73.52982330322266,30.66625049542914,52.503638333333335,13.338185,-8.64705169677734
26359553,pc1,-80.23,-77.91444396972656,61.341908385484565,52.504105,13.337068333333333,-2.3155560302734415
26359553,pc1,-82.430625,-74.58332824707031,37.21218132624782,52.50360833333333,13.33827,-7.847296752929694
26359553,pc1,-79.291875,-75.5141372680664,43.322192820253,52.50402166666667,13.337296666666669,-3.7777377319335983
26359553,pc1,-83.63125,-76.06909942626953,47.16120477022157,52.503598333333336,13.338438333333333,-7.562150573730463
26359553,pc1,-83.475625,-76.00401306152344,46.70121273260438,52.503515,13.338318333333332,-7.471611938476556
26359553,pc1,-78.0775,-70.31547546386719,9.321136568566507,52.50374833333333,13.337915,-7.762024536132813
26359553,pc1,-82.206875,-71.71045684814453,19.610575669687684,52.50373333333334,13.338096666666669,-10.496418151855465
26359553,pc1,-80.315,-78.1128921508789,63.023906261942216,52.504196666666665,13.337148333333332,-2.2021078491210915
26359553,pc1,-78.66875,-70.86058044433594,13.887936135703816,52.503728333333335,13.337983333333334,-7.808169555664065
26359553,pc1,-78.30375,-69.86248779296875,2.683240421001752,52.50381166666666,13.337881666666666,-8.441262207031244
26359553,pc1,-80.74125,-76.39935302734375,49.528296819126695,52.50403666666666,13.337205,-4.341896972656244
26359553,pc1,-77.10125,-72.38520812988281,23.760701743115046,52.503931666666666,13.337545,-4.716041870117181
26359553,pc1,-83.790625,-76.27094268798828,48.59918664688869,52.50354333333333,13.3384,-7.519682312011724
26359553,pc1,-76.3875,-72.33094024658203,23.43153852535326,52.503955,13.337578333333331,-4.056559753417972
26359553,pc1,-80.350625,-77.97160339355469,61.82319374723656,52.504108333333335,13.337063333333331,-2.3790216064453062
26359553,pc1,-84.329375,-74.8105239868164,38.67025299359676,52.50361166666666,13.338301666666666,-9.518851013183593
26359553,pc1,-84.50375,-76.16667938232422,47.85327724091244,52.50358666666666,13.338438333333333,-8.337070617675778
26359553,pc1,-82.9575,-73.52982330322266,30.66625049542914,52.503638333333335,13.338185,-9.42767669677734
26359553,pc1,-82.740625,-77.80953216552734,60.466928251606525,52.50353,13.3386,-4.931092834472651
26359553,pc4,-87.37970430107526,-79.89749908447266,79.98152872711542,52.50356333333333,13.338948333333333,-7.482205216602608
26359553,pc4,-78.54625,-69.84678649902344,2.1344030254413444,52.50381166666666,13.337816666666669,-8.699463500976563
26359553,pc4,-83.460625,-76.2048110961914,48.12589632114146,52.503598333333336,13.338455,-7.255813903808587
26359553,pc4,-81.29875,-70.63216400146484,12.125057559155625,52.503746666666665,13.337976666666666,-10.666585998535155
26359553,pc4,-79.44375,-71.22049713134766,16.424752998163353,52.50393666666667,13.337695,-8.223252868652338
26359553,pc4,-85.45375,-80.3237075805664,84.59620390727909,52.50340333333333,13.33889,-5.130042419433593
26359553,pc4,-78.65125,-71.078369140625,15.450011554792171,52.50391333333334,13.337675,-7.5728808593750045
26359553,pc4,-83.299375,-73.34193420410156,29.526860261652242,52.503681666666665,13.338216666666666,-9.957440795898435
26359553,pc4,-83.256875,-78.72096252441406,68.4118568991187,52.50346666666667,13.338671666666666,-4.535912475585931
26359553,pc4,-84.469375,-79.57147979736328,76.60674675500248,52.50344,13.338788333333332,-4.897895202636718
26359553,pc4,-83.9525,-76.71339416503906,51.84067696873474,52.50356,13.33848,-7.239105834960938
26359553,pc4,-78.54,-75.11131286621094,40.63198616637582,52.504016666666665,13.337338333333332,-3.4286871337890688
26359553,pc4,-79.5675,-69.84097290039062,1.8930527952124179,52.503825,13.337871666666668,-9.72652709960937
26359553,pc4,-81.364375,-74.47748565673828,36.539743915015585,52.503975,13.337368333333334,-6.886889343261714
26359553,pc4,-82.9075,-72.64603424072266,25.33420869539563,52.50372333333333,13.338183333333332,-10.261465759277343
26359553,pc4,-82.91,-75.09860229492188,40.54885245904292,52.503665,13.338386666666668,-7.811397705078122
26359553,pc4,-82.18125,-72.51104736328125,24.520800191372373,52.50372333333333,13.33817,-9.670202636718756
26363650,pc1,-86.333125,-82.67374420166016,115.33997484561573,52.51153833333333,13.306865,-3.659380798339839
26363650,pc1,-75.6675,-74.91484832763672,39.34313733729138,52.51165833333334,13.307971666666669,-0.7526516723632852
26363650,pc1,-83.025,-77.50782775878906,57.99328329744738,52.51173,13.309405,-5.517172241210943
26363650,pc1,-82.50375,-72.01616668701172,21.508227752807677,52.511676666666666,13.308866666666669,-10.487583312988278
26363650,pc1,-81.939375,-72.78986358642578,26.195346895501864,52.51168166666667,13.308936666666666,-9.149511413574217
26363650,pc1,-72.75875,-73.32901763916016,29.444588139179658,52.51169333333333,13.308115,0.57026763916015
26363650,pc1,-80.1025,-70.8582534790039,13.869826450548029,52.511696666666666,13.308755,-9.2442465209961
26363650,pc1,-74.0575,-75.85431671142578,45.65030434602074,52.51164666666666,13.30788,1.7968167114257767
26363650,pc1,-80.421875,-69.9194564819336,4.117754820216634,52.51173,13.308563333333334,-10.502418518066406
26363650,pc1,-78.921875,-70.01095581054688,5.714060611992534,52.51164666666666,13.308516666666666,-8.910919189453125
26363650,pc1,-72.805625,-72.32649230957031,23.40188625786205,52.511741666666666,13.308213333333333,-0.47913269042969375
26363650,pc1,-71.109375,-74.31920623779297,35.537703204440675,52.51169,13.308025,3.2098312377929688
26363650,pc1,-80.6475,-69.96891021728516,5.038534778756455,52.51173,13.308595,-10.678589782714837
26363650,pc1,-79.8775,-69.90218353271484,3.7410967476719414,52.51170833333333,13.3086,-9.975316467285154
26363650,pc1,-73.92156862745098,-74.5912857055664,37.25990501766641,52.51164666666666,13.308005,0.6697170781154256
26363650,pc1,-79.40375,-69.97053527832031,5.067068049498892,52.51164833333333,13.308546666666668,-9.43321472167969
26363650,pc1,-81.425625,-78.54708099365234,66.83078939462547,52.51175,13.309533333333333,-2.878544006347653
26363650,pc1,-82.36184210526316,-83.52787017822266,129.31301912953967,52.511808333333335,13.310451666666667,1.1660280729594916
26363650,pc1,-80.37375,-69.95167541503906,4.734542831096461,52.511685,13.308481666666667,-10.422074584960939
26363650,pc1,-83.32375,-73.93665313720703,33.15463058606357,52.511696666666666,13.30904,-9.387096862792973
26363650,pc1,-86.76375,-82.85802459716797,118.20326958427046,52.51157166666667,13.306815,-3.905725402832033
26363650,pc1,-82.58,-83.44776153564453,127.93165666885764,52.51188833333333,13.310413333333331,0.867761535644533
26363650,pc1,-71.5875,-72.62970733642578,25.232507369582688,52.511635,13.30819,1.0422073364257756
26363650,pc1,-70.743125,-75.0342788696289,40.12259933343016,52.511671666666665,13.307958333333334,4.2911538696289
26363650,pc1,-86.105,-82.67052459716797,115.29069048891182,52.51157166666667,13.306858333333333,-3.4344754028320352
26363650,pc1,-88.154375,-84.10916900634766,139.8202476420791,52.511515,13.306505,-4.0452059936523455
26363650,pc1,-83.669375,-70.27779388427734,8.94423465497882,52.51171333333333,13.308678333333331,-13.391581115722659
26363650,pc4,-83.106875,-78.31079864501953,64.73430269790833,52.51175333333333,13.309501666666666,-4.796076354980471
26363650,pc4,-83.983125,-82.1330795288086,107.38346029364291,52.51180333333333,13.310126666666669,-1.8500454711914074
26363650,pc4,-83.349375,-82.09102630615234,106.78729135234894,52.511768333333336,13.310123333333332,-1.2583486938476511
26363650,pc4,-79.784375,-71.13450622558594,15.838216936986992,52.51164833333333,13.308328333333334,-8.64986877441406
26363650,pc4,-86.724375,-76.86892700195312,53.00487613291114,52.511696666666666,13.309333333333331,-9.85544799804687
26363650,pc4,-83.921875,-82.162353515625,107.80077704593613,52.51151333333333,13.306985,-1.759521484375
26363650,pc4,-85.0425,-80.89717102050781,91.22784742990707,52.51156666666667,13.307218333333331,-4.1453289794921915
26363650,pc4,-83.253125,-71.46796417236328,18.059345810331067,52.51166166666667,13.308811666666667,-11.785160827636716
26363650,pc4,-86.30625,-72.6776351928711,25.52009958245168,52.51172666666667,13.308923333333333,-13.628614807128912
26363650,pc4,-86.070625,-74.70897674560547,38.012991103955684,52.51170166666667,13.309111666666666,-11.361648254394538
26363650,pc4,-75.481875,-76.3530502319336,49.1863755196823,52.51168833333333,13.307823333333332,0.8711752319335915
26363650,pc4,-83.0425,-79.37774658203125,74.66504221950953,52.51174666666667,13.30965,-3.664753417968754
26363650,pc4,-84.41125,-79.60301208496094,76.92643022285104,52.511588333333336,13.307426666666666,-4.808237915039058
26351361,pc1,-89.12375,-77.39512634277344,57.10728303592024,52.49991333333333,13.323903333333334,-11.728623657226564
26351361,pc1,-78.629375,-70.9988021850586,14.86396576065981,52.499921666666665,13.322841666666667,-7.630572814941402
26351361,pc1,-77.7425,-73.14374542236328,28.33516849038997,52.49991166666667,13.322643333333334,-4.598754577636726
26351361,pc1,-88.73625,-74.68470764160156,37.858608285931176,52.49999666666667,13.32361,-14.051542358398436
26351361,pc1,-91.7704207920792,-83.15279388427734,123.04854335768418,52.50013333333333,13.324848333333334,-8.61762690780185
26351361,pc1,-76.70625,-72.33700561523438,23.454421576409647,52.49991666666666,13.322715,-4.369244384765622
26351361,pc1,-79.235625,-71.68546295166016,19.43567149525845,52.49993833333333,13.322773333333334,-7.550162048339843
26351361,pc1,-78.599375,-77.78125762939453,60.240261485749734,52.49989,13.322173333333334,-0.8181173706054636
26351361,pc1,-88.98625,-78.69219970703125,68.16631411761921,52.49989166666667,13.324065,-10.294050292968748
26351361,pc1,-78.3775,-74.150390625,34.47816971547138,52.499895,13.322555,-4.227109374999998
26351361,pc1,-81.025,-70.14860534667969,7.534901162670206,52.49993333333333,13.323171666666669,-10.876394653320318
26351361,pc1,-83.73,-73.36483001708984,29.65765419460777,52.49992666666667,13.323498333333331,-10.36516998291016
26351361,pc1,-79.795,-69.83057403564453,1.058802040177071,52.49993833333333,13.323046666666666,-9.96442596435547
26351361,pc1,-90.778125,-82.94136047363281,119.62560405573116,52.50002166666667,13.324821666666669,-7.83676452636719
26351361,pc1,-88.873125,-78.28311920166016,64.51060304661824,52.499885,13.32401,-10.590005798339845
26351361,pc1,-79.088125,-73.76448822021484,32.09097235509292,52.49985,13.322606666666667,-5.323636779785161
26351361,pc1,-90.204375,-81.6883544921875,101.32981255696714,52.5,13.324553333333334,-8.516020507812499
26351361,pc1,-78.151875,-72.11984252929688,22.13338875131087,52.49991,13.323385,-6.032032470703129
26351361,pc1,-81.71,-70.07819366455078,6.65723173400046,52.49995,13.323155,-11.631806335449212
26351361,pc1,-90.30125,-82.66888427734375,115.34760614828066,52.50005166666666,13.324753333333334,-7.632365722656246
26351361,pc1,-80.29375,-77.9747314453125,61.85603065487573,52.499875,13.322151666666668,-2.319018554687503
26351361,pc1,-77.53125,-71.12126922607422,15.725507550418488,52.49992666666667,13.322828333333334,-6.409980773925781
26351361,pc1,-79.9975,-72.18242645263672,22.51456721117623,52.499858333333336,13.322751666666669,-7.8150735473632835
26351361,pc1,-78.548125,-69.96614837646484,4.90952051122334,52.49991833333333,13.323128333333331,-8.581976623535155
26351361,pc4,-84.32,-78.23760986328125,64.11920155055776,52.499921666666665,13.322113333333334,-6.082390136718743
26351361,pc4,-77.8825,-72.5792465209961,24.919298287186717,52.49997666666667,13.323421666666666,-5.303253479003899
26351361,pc4,-78.364375,-74.89199829101562,39.20709724444405,52.49995666666667,13.323638333333331,-3.4723767089843705
26351361,pc4,-84.9025,-81.36744689941406,97.08438723382928,52.5001,13.324468333333334,-3.535053100585941
26351361,pc4,-77.530625,-72.98519897460938,27.36504558166509,52.49995333333333,13.323463333333333,-4.545426025390626
26351361,pc4,-94.505625,-84.99494171142578,157.6513381196867,52.500145,13.325363333333334,-9.510683288574214
26351361,pc4,-82.929375,-84.2314682006836,142.1651272651678,52.50002666666666,13.325155,1.3020932006836006
26351361,pc4,-90.35375,-85.02422332763672,158.27989877276562,52.500128333333336,13.325376666666669,-5.329526672363286
26351361,pc4,-76.731875,-71.9629135131836,21.187365100869435,52.499896666666665,13.322753333333331,-4.7689614868164085
26351361,pc4,-86.504375,-83.43363189697266,127.75497611423559,52.50006666666667,13.324935,-3.0707431030273398
26351361,pc4,-94.786875,-84.50989532470703,147.64130755490766,52.50002166666667,13.325236666666669,-10.276979675292964
26351361,pc4,-85.940625,-80.8405532836914,90.57216301380682,52.50003333333333,13.324388333333332,-5.100071716308591
26351361,pc4,-74.4075,-70.81819915771484,13.57678055729615,52.49982166666667,13.32314,-3.589300842285155
26351361,pc4,-76.029375,-73.38774871826172,29.810042788413593,52.49993666666667,13.32262,-2.641626281738283
26351361,pc4,-80.1625,-76.1362075805664,47.64764527259253,52.499923333333335,13.322356666666666,-4.026292419433588
26351361,pc4,-95.106875,-85.31448364257812,164.71642693464324,52.500173333333336,13.325461666666667,-9.792391357421877
34006273,pc1,-71.19625,-70.83577728271484,9.066914119509677,52.514851666666665,13.355713333333334,-0.3604727172851625
34006273,pc1,-72.05,-70.83808135986328,9.093081162109565,52.51484833333333,13.355715,-1.211918640136716
34006273,pc1,-72.894375,-70.84934997558594,9.219730914965407,52.51485666666667,13.355713333333334,-2.045025024414059
34006273,pc1,-72.08125,-70.84449005126953,9.165328436980953,52.514855,13.355713333333334,-1.236759948730466
34006273,pc1,-77.94375,-74.13459014892578,33.123377885912944,52.514785,13.3551,-3.809159851074213
34006273,pc1,-73.13928571428572,-70.84449005126953,9.165328436980953,52.514855,13.355713333333334,-2.2947956630161883
34006273,pc1,-70.20875,-70.84449005126953,9.165328436980953,52.514855,13.355713333333334,0.6357400512695364
34006273,pc1,-73.06875,-71.55819702148438,15.611363689009293,52.51477833333333,13.35537,-1.5105529785156193
34006273,pc1,-78.365,-77.41007995605469,56.96228558191916,52.51474666666667,13.354753333333331,-0.9549200439453074
34006273,pc1,-72.9025,-70.84934997558594,9.219730914965407,52.51485666666667,13.355713333333334,-2.053150024414066
34006273,pc1,-72.1075,-70.84449768066406,9.165328436980953,52.514855,13.355713333333334,-1.2630023193359392
34006273,pc1,-75.971875,-76.57339477539062,50.340659912249315,52.514735,13.354856666666668,0.6015197753906278
34006273,pc1,-72.035625,-70.84449005126953,9.165328436980953,52.514855,13.355713333333334,-1.1911349487304648
34006273,pc1,-80.778125,-76.62358856201172,50.72493817929228,52.51477333333333,13.35484,-4.154536437988284
34006273,pc1,-88.3325,-82.34825134277344,108.77386857453065,52.51472833333333,13.353985,-5.9842486572265585
34006273,pc1,-72.37875,-70.83577728271484,9.066914119509677,52.514851666666665,13.355713333333334,-1.5429727172851528
34006273,pc1,-82.46,-81.0694808959961,92.77501736451968,52.51472666666667,13.354223333333334,-1.3905191040039
34006273,pc1,-70.54375,-70.85465240478516,9.278641682666937,52.51484666666666,13.355718333333334,0.3109024047851534
34006273,pc1,-72.46634615384616,-70.84449005126953,9.165328436980953,52.514855,13.355713333333334,-1.6218561025766292
34006273,pc1,-75.5055693069307,-72.16681671142578,20.05591614450207,52.5148,13.355291666666666,-3.338752595504914
34006273,pc1,-78.65375,-75.81842041015625,44.726797820506384,52.51479666666667,13.354925,-2.8353295898437523
34006273,pc1,-71.318125,-70.8319091796875,9.023015611725809,52.51485,13.355713333333334,-0.4862158203124949
34006273,pc1,-76.205,-72.63311767578125,23.23066463083044,52.51479666666667,13.355245,-3.5718823242187483
34006273,pc1,-73.29,-70.84934997558594,9.219730914965407,52.51485666666667,13.355713333333334,-2.4406500244140688
34006273,pc1,-72.68,-70.84934997558594,9.219730914965407,52.51485666666667,13.355713333333334,-1.8306500244140693
34006273,pc1,-71.52209595959596,-70.68024444580078,7.128703118827771,52.51481166666667,13.355483333333334,-0.8418515137951772
34006273,pc1,-70.846875,-70.84449005126953,9.165328436980953,52.514855,13.355713333333334,-0.002384948730465908
34006273,pc1,-75.77125,-71.5314712524414,15.402881702693556,52.51477833333333,13.355373333333333,-4.239778747558589
34006273,pc1,-72.344375,-70.85900115966797,9.327281616908726,52.51485666666667,13.355715,-1.4853738403320307
34006273,pc1,-72.08875,-70.84934997558594,9.219730914965407,52.51485666666667,13.355713333333334,-1.239400024414067
34006273,pc1,-71.648125,-70.84934997558594,9.219730914965407,52.51485666666667,13.355713333333334,-0.7987750244140557
34006273,pc4,-75.215625,-71.22518157958984,12.881800501011787,52.514761666666665,13.355431666666666,-3.990443420410159
34006273,pc4,-77.701875,-82.27330780029297,107.77511431674847,52.51474833333333,13.353996666666667,4.571432800292968
34006273,pc4,-70.76125,-70.48087310791016,3.4907436039634923,52.51483,13.355635,-0.28037689208984773
34006273,pc4,-83.795625,-83.94794464111328,132.1407146804019,52.514696666666666,13.353643333333334,0.1523196411132801
34006273,pc4,-72.355625,-70.47329711914062,3.279435173587254,52.514808333333335,13.355613333333334,-1.8823278808593784
34006273,pc4,-69.27,-70.47610473632812,3.3593848584518606,52.51481666666667,13.355626666666666,1.206104736328129
34006273,pc4,-80.8025,-80.43772888183594,85.62873667058584,52.5147,13.354336666666669,-0.3647711181640574
34006273,pc4,-80.41,-79.25366973876953,73.41024103257037,52.51471166666666,13.354516666666669,-1.1563302612304653
34006273,pc4,-69.351875,-70.73873138427734,7.905222675052865,52.51483666666667,13.3557,1.386856384277337
26351362,pc1,-87.5673076923077,-76.6641845703125,51.51969974714862,52.499365,13.316511666666669,-10.903123121995193
26351362,pc1,-80.32935393258427,-78.6497802734375,67.78433495244997,52.49967166666666,13.318163333333333,-1.6795736591467687
26351362,pc1,-78.038125,-75.88973999023438,45.91391823300461,52.49955333333333,13.316495,-2.1483850097656187
26351362,pc1,-86.34210526315789,-82.90992736816406,119.20174081805935,52.49959166666667,13.315408333333334,-3.4321778949938277
26351362,pc1,-73.1625,-69.87308502197266,3.0129781325756686,52.499625,13.317176666666668,-3.289414978027338
26351362,pc1,-73.306875,-71.61219787597656,18.9935593353295,52.49965,13.317436666666667,-1.6946771240234426
26351362,pc1,-74.70125,-77.41471862792969,57.293520509642285,52.499561666666665,13.316325,2.713468627929686
26351362,pc1,-70.76875,-73.63253021240234,31.307355745613986,52.499575,13.316708333333333,2.8637802124023466
26351362,pc1,-78.095,-77.6212158203125,58.960957975272905,52.49959,13.316298333333334,-0.47378417968749886
26351362,pc1,-74.850625,-78.7041015625,68.34849559920441,52.49950333333334,13.316171666666667,3.8534765625000063
26351362,pc1,-77.151875,-79.91143035888672,80.26721921937578,52.499561666666665,13.315985,2.7595553588867148
26351362,pc1,-72.95375,-69.89447784423828,3.5597584237894795,52.499606666666665,13.31722,-3.059272155761718
26351362,pc1,-71.894375,-71.9641342163086,21.19547498527948,52.49962166666667,13.31748,0.06975921630859716
26351362,pc1,-71.671875,-70.25576782226562,8.723073114512513,52.49961,13.317296666666667,-1.416107177734375
26351362,pc1,-73.428125,-72.32161712646484,23.380927063581545,52.499651666666665,13.317503333333333,-1.1065078735351506
26351362,pc1,-74.040625,-71.58139038085938,18.795459132598683,52.499543333333335,13.316906666666666,-2.4592346191406307
26351362,pc1,-72.085,-75.39669799804688,42.57168204319664,52.49956,13.317795,3.3116979980468813
26351362,pc1,-86.58311170212765,-83.02863311767578,121.16830694324351,52.499541666666666,13.315381666666667,-3.5544785844518714
26351362,pc1,-72.435,-70.77368927001953,13.241729811571728,52.49951166666666,13.317035,-1.661310729980471
26351362,pc1,-82.838125,-82.5390625,113.45115028936634,52.499608333333335,13.315493333333333,-0.2990625000000051
26351362,pc1,-85.61303191489361,-82.48258209228516,112.57290456463966,52.499575,13.315506666666666,-3.1304498226084547
26351362,pc1,-81.52625,-81.90653228759766,104.43603536372177,52.49955166666667,13.315628333333333,0.3802822875976517
26351362,pc1,-73.3575,-73.63558959960938,31.318857369575667,52.49967,13.317616666666666,0.2780895996093733
26351362,pc1,-74.355,-70.92433166503906,14.359828540256355,52.49957166666667,13.316961666666666,-3.4306683349609415
26351362,pc1,-72.77375,-70.2748794555664,8.91862751890106,52.49955833333333,13.317055,-2.4988705444336006
26351362,pc4,-85.51625,-82.22797393798828,108.83009131488119,52.499585,13.315561666666667,-3.288276062011718
26351362,pc4,-88.31875,-74.9908676147461,39.863695501658945,52.49952833333333,13.316591666666667,-13.3278823852539
26351362,pc4,-85.241875,-70.40943908691406,10.217446524443572,52.4996,13.317018333333332,-14.83243591308593
26351362,pc4,-85.543125,-79.79624938964844,78.93467801420948,52.49970666666667,13.318321666666666,-5.746875610351566
26351362,pc4,-86.369375,-73.36466979980469,29.678218250643074,52.49958166666666,13.316731666666668,-13.004705200195318
26351362,pc4,-85.424375,-75.32653045654297,42.093323592704024,52.49964333333333,13.317786666666668,-10.097844543457029
26351362,pc4,-86.64494680851064,-81.92207336425781,104.6497871255506,52.49959,13.315623333333331,-4.722873444252826
26351362,pc4,-85.34,-79.5782470703125,76.72092038385759,52.499658333333336,13.318298333333331,-5.761752929687503
26351362,pc4,-83.27,-78.04708099365234,62.47974156245641,52.49965,13.318088333333334,-5.222919006347652
26351362,pc4,-84.11,-70.640869140625,12.199506376164543,52.49962666666666,13.317343333333334,-13.469130859375
26351362,pc4,-82.384375,-71.34042358398438,17.23189431769403,52.499625,13.31742,-11.04395141601563
26351362,pc4,-83.855625,-78.38973236083984,65.45238328592286,52.499655,13.318131666666666,-5.46589263916016
26351362,pc4,-85.51,-77.13170623779297,55.049453716674265,52.49954,13.316361666666667,-8.378293762207036
26351362,pc4,-82.32,-80.18827056884766,83.25872290807943,52.49955166666667,13.315941666666667,-2.131729431152337
26351362,pc4,-86.611875,-69.869873046875,2.9222566625613577,52.499606666666665,13.317128333333333,-16.742001953124998
28792065,pc1,-92.96875,-102.89618682861328,106.88856516097897,52.494996666666665,13.311665,9.927436828613281
28792065,pc1,-110.80729166666669,-139.73623657226562,323.710499401902,52.49713333333333,13.315975,28.92894490559894
28792065,pc1,-88.799375,-81.15229797363281,19.64965536562589,52.49465333333333,13.313423333333333,-7.647077026367185
28792065,pc1,-91.3825,-93.96736907958984,75.64459320996188,52.49500166666667,13.31215,2.5848690795898506
28792065,pc1,-89.7975,-81.15219116210938,19.64965536562589,52.49465333333333,13.313423333333333,-8.645308837890624
28792065,pc1,-97.140625,-110.53365325927734,182.58606542336398,52.49561833333333,13.3155,13.393028259277344
28792065,pc1,-88.8125,-103.58148956298828,72.84985136792933,52.49488166666666,13.312138333333332,14.768989562988281
28792065,pc1,-88.0475,-81.15201568603516,19.64965536562589,52.49465333333333,13.313423333333333,-6.895484313964843
28792065,pc1,-84.194375,-87.03014373779297,45.91307786563709,52.49466833333334,13.313856666666666,2.835768737792975
28792065,pc1,-88.125,-81.15229797363281,19.64965536562589,52.49465333333333,13.313423333333333,-6.9727020263671875
28792065,pc1,-91.2825,-81.33562469482422,19.64965536562589,52.49465333333333,13.313423333333333,-9.94687530517578
28792065,pc1,-84.41840277777777,-96.9125747680664,38.67946936149853,52.494575,13.313676666666666,12.494171990288635
28792065,pc1,-86.41493055555556,-86.3774642944336,49.11757365399183,52.494825,13.312478333333331,-0.037466261121963385
28792065,pc1,-86.5375,-91.58354949951172,39.51621893589125,52.49490333333333,13.31266,5.046049499511724
28792065,pc1,-90.02321428571429,-99.02705383300781,82.4990593662665,52.49448833333334,13.314328333333334,9.003839547293524
28792065,pc1,-88.503125,-81.15203094482422,19.64965536562589,52.49465333333333,13.313423333333333,-7.351094055175778
28792065,pc1,-92.156875,-93.85044860839844,144.51414020684848,52.49518666666667,13.311178333333334,1.693573608398438
28792065,pc1,-92.255,-90.70720672607422,108.08307389485081,52.495085,13.31169,-1.5477932739257767
28792065,pc1,-96.905625,-110.1124496459961,187.75449060594866,52.49567833333333,13.315528333333331,13.206824645996093
28792065,pc1,-87.1975,-88.94762420654297,135.62262350578678,52.495165,13.311305,1.7501242065429636
28792065,pc1,-109.89967105263158,-125.99649810791016,209.85126643509685,52.49599,13.315553333333334,16.09682705527858
28792065,pc4,-93.15625,-106.26121520996094,70.50390412361021,52.494933333333336,13.312193333333331,13.104965209960938
28792065,pc4,-109.70833333333331,-297.989990234375,267.85120442473,52.49664333333333,13.315671666666669,188.28165690104169
28792065,pc4,-94.4765625,-103.04773712158203,112.44569249650272,52.49437,13.314726666666669,8.571174621582031
28792065,pc4,-87.615,-80.19706726074219,11.941182871265454,52.494823333333336,13.31305,-7.417932739257807
28792065,pc4,-100.061875,-103.71053314208984,145.0273128340767,52.494913333333336,13.315325,3.648658142089843
28792065,pc4,-100.371875,-104.72303009033203,149.71623756937376,52.49505333333333,13.315356666666666,4.351155090332028
28792065,pc4,-109.5125,-297.989990234375,267.85120442473,52.49664333333333,13.315671666666669,188.477490234375
28792065,pc4,-94.35677083333331,-104.52970123291016,130.8536080230466,52.49434,13.315,10.172930399576842
28792065,pc4,-102.29,-103.04603576660156,132.77470958689605,52.49442333333333,13.315076666666666,0.7560357666015562
28792065,pc4,-87.369375,-80.19703674316406,11.941182871265454,52.494823333333336,13.31305,-7.172338256835943
28792065,pc4,-88.5075,-80.59139251708984,19.892148330395504,52.494845,13.312935,-7.916107482910149
28792065,pc4,-93.79326923076924,-102.47944641113281,106.75470466331211,52.494398333333336,13.314655,8.686177180363572
28792065,pc4,-88.9375,-106.38565063476562,126.54670752471617,52.495066666666666,13.311395,17.448150634765625
28792065,pc4,-87.0425,-80.21159362792969,12.044785901984918,52.494825,13.31305,-6.8309063720703165
28792065,pc4,-109.28289473684212,-297.989990234375,267.85120442473,52.49664333333333,13.315671666666669,188.70709549753286
28792065,pc4,-109.90625,-297.989990234375,267.85120442473,52.49664333333333,13.315671666666669,188.083740234375
28792065,pc4,-110.97972972972973,-297.989990234375,267.7714472438796,52.49663833333334,13.31568,187.01026050464526
28792065,pc4,-101.96625,-90.99064636230469,137.38321487543394,52.494625,13.315213333333332,-10.975603637695315
28792065,pc4,-87.76375,-80.19721221923828,11.941182871265454,52.494823333333336,13.31305,-7.5665377807617205
34006528,pc1,-60.061875,-70.57439422607422,5.485051807470536,52.51551,13.366305,10.512519226074218
34006528,pc1,-81.811875,-82.79912567138672,114.95085664561326,52.515593333333335,13.368071666666667,0.9872506713867182
34006528,pc1,-89.73,-86.65557861328125,182.4031081690054,52.515655,13.369063333333331,-3.074421386718754
34006528,pc1,-80.9325,-81.77677154541016,101.35176938383694,52.51560833333333,13.367866666666666,0.8442715454101517
34006528,pc1,-91.068125,-85.7363510131836,163.6136002822187,52.51563,13.368788333333333,-5.331773986816401
34006528,pc1,-88.518125,-85.69139862060547,162.74340166581192,52.51562166666667,13.368776666666667,-2.826726379394529
34006528,pc1,-83.404375,-81.99146270751953,104.08539680784322,52.515585,13.367911666666666,-1.4129122924804705
34006528,pc1,-73.53375,-72.86264038085938,24.75679838497361,52.51553,13.366741666666666,-0.6711096191406227
34006528,pc1,-65.870625,-71.02645874023438,11.056831336996359,52.515481666666666,13.366543333333333,5.155833740234371
34006528,pc1,-73.695,-74.65016174316406,36.57198250337645,52.51554333333333,13.366915,0.9551617431640693
34006528,pc1,-59.35597826086956,-70.8936996459961,9.704841785885442,52.515476666666665,13.36624,11.537721385126531
34006528,pc1,-90.1375,-86.65557861328125,182.4031081690054,52.515655,13.369063333333331,-3.481921386718753
34006528,pc1,-94.961875,-86.92446899414062,188.27561729213525,52.51565833333333,13.36915,-8.037406005859381
34006528,pc1,-92.9625,-86.35830688476562,176.11384732001662,52.51563333333333,13.368973333333331,-6.604193115234381
34006528,pc1,-86.425625,-84.33883666992188,138.4960927274305,52.515611666666665,13.368418333333333,-2.0867883300781216
34006528,pc1,-93.634375,-86.94297790527344,188.68329551316072,52.51563166666666,13.36916,-6.691397094726568
34006528,pc1,-94.99291237113404,-86.89403533935547,187.60219945086496,52.51565833333333,13.36914,-8.09887703177857
34006528,pc1,-70.655,-72.78645324707031,24.251796171858338,52.515526666666666,13.366735,2.1314532470703114
34006528,pc1,-84.15375,-81.28340911865234,95.29964030923838,52.515571666666666,13.367783333333334,-2.8703408813476585
34006528,pc1,-77.1825,-82.20311737060547,106.8420039537056,52.515638333333335,13.367941666666669,5.020617370605464
34006528,pc1,-86.786875,-85.02044677734375,150.26150369759372,52.51564,13.368588333333332,-1.7664282226562449
34006528,pc1,-92.525,-86.2464370727539,173.80068332586762,52.51564833333333,13.368936666666666,-6.278562927246099
34006528,pc1,-75.145625,-74.2516098022461,33.90001561447916,52.51554333333333,13.366875,-0.8940151977539017
34006528,pc1,-68.92375,-71.65962982177734,16.389074423049955,52.515526666666666,13.366616666666667,2.7358798217773455
34006528,pc1,-90.53875,-85.29556274414062,155.26792113685383,52.515655,13.36866,-5.243187255859368
34006528,pc1,-93.71971649484536,-87.25456237792969,195.72868142919745,52.51565166666666,13.369261666666668,-6.46515411691567
34006528,pc1,-83.458125,-78.50431060791016,66.38031073558416,52.515571666666666,13.367353333333334,-4.953814392089839
34006528,pc4,-78.845625,-75.2088623046875,40.40254088710087,52.51556333333333,13.366966666666666,-3.6367626953124983
34006528,pc4,-92.0825,-83.56910705566406,126.23049375513139,52.51559833333334,13.368238333333334,-8.513392944335934
34006528,pc4,-75.414375,-71.95503234863281,18.56120815574522,52.5155,13.366655,-3.4593426513671943
34006528,pc4,-91.011875,-82.7715072631836,114.56361350242713,52.515625,13.36806,-8.24036773681641
34006528,pc4,-88.63625,-83.52328491210938,125.53254402343919,52.515625,13.368223333333331,-5.112965087890629
34006528,pc4,-90.16125,-80.99980926513672,91.95975483339514,52.51556333333333,13.367735,-9.161440734863277
34006528,pc4,-75.79,-73.0020980834961,25.677333883379976,52.51553166666667,13.366755,-2.7879019165039125
34006528,pc4,-69.345,-70.55521392822266,5.136562978872102,52.51546666666667,13.366318333333334,1.2102139282226574
34006528,pc4,-80.926875,-77.12145233154297,54.62438291270963,52.515546666666665,13.367183333333331,-3.8054226684570267
34006528,pc4,-79.884375,-76.79205322265625,52.025893360407274,52.515545,13.367145,-3.0923217773437557
34006528,pc4,-86.784375,-80.75409698486328,89.14516653591674,52.51555,13.367695,-6.030278015136716
34006528,pc4,-89.111875,-82.19596099853516,106.74793726010452,52.51555666666667,13.367955,-6.9159140014648415
34006528,pc4,-89.17203608247422,-86.49011993408203,178.87632394271978,52.51564,13.369013333333331,-2.6819161483921903
26356994,pc1,-94.473125,-71.84513092041016,17.772782377702267,52.50326333333334,13.281871666666667,-22.62799407958984
26356994,pc1,-105.335,-77.38609313964844,56.77723160944915,52.50275166666667,13.281203333333334,-27.948906860351556
26356994,pc1,-92.390625,-70.93926239013672,10.188696101788215,52.503205,13.281788333333331,-21.45136260986328
26356994,pc1,-91.6313775510204,-73.0547866821289,26.030278603712826,52.50297333333334,13.281485,-18.5765908688915
26356994,pc1,-94.401875,-72.7836685180664,24.2403070688846,52.50333333333333,13.281906666666666,-21.618206481933598
26356994,pc1,-95.095625,-70.95362854003906,10.336225467682576,52.50320666666666,13.28179,-24.141996459960936
26356994,pc1,-91.418125,-71.06385803222656,11.419172032876066,52.50308666666667,13.281673333333334,-20.35426696777344
26356994,pc1,-100.461875,-78.50727081298828,66.42428810030485,52.50268166666667,13.281118333333334,-21.954604187011725
26356994,pc1,-101.58418367346938,-79.5541000366211,76.39174971126229,52.50261833333333,13.281008333333332,-22.03008363684829
26356994,pc1,-95.12125,-74.15286254882812,33.25263098178193,52.50340166666667,13.281983333333333,-20.96838745117188
26356994,pc1,-94.998125,-70.97269439697266,10.529602663351907,52.50322,13.281786666666669,-24.025430603027345
26356994,pc1,-95.52125,-72.4086685180664,21.72277668332223,52.503,13.28155,-23.11258148193359
26356994,pc1,-90.834375,-70.74432373046875,7.9795628190144,52.5032,13.281756666666666,-20.090051269531244
26356994,pc1,-99.67283950617283,-99.20551300048828,782.6064262952242,52.51007833333333,13.283993333333331,-0.4673265056845537
26356994,pc1,-103.71625,-78.7325668334961,68.48550235983852,52.502653333333335,13.281136666666669,-24.98368316650391
26356994,pc1,-92.216875,-70.56932830810547,5.399135625237803,52.503155,13.2817,-21.647546691894533
26356994,pc1,-94.593125,-72.35447692871094,21.353764402912347,52.50300833333333,13.281526666666666,-22.238648071289063
26356994,pc1,-92.250625,-71.36575317382812,14.07566957860983,52.50306166666667,13.281616666666666,-20.884871826171874
26356994,pc1,-89.39,-71.31721496582031,13.671677505726748,52.503065,13.281621666666666,-18.072785034179688
26356994,pc4,-96.14875,-71.30963897705078,13.609399892626527,52.50318666666666,13.281841666666669,-24.839111022949226
26356994,pc4,-95.15,-71.74353790283203,17.02459889009076,52.50319666666667,13.281891666666668,-23.406462097167974
26356994,pc4,-99.029375,-85.17118072509766,153.0157264781421,52.502008333333336,13.280475,-13.858194274902345
26356994,pc4,-95.003125,-71.00387573242188,10.839349619389491,52.50309,13.281646666666669,-23.999249267578122
26356994,pc4,-99.10625,-84.86284637451172,147.50787700635226,52.502053333333336,13.28051,-14.243403625488284
26356994,pc4,-94.140625,-71.48050689697266,15.0047717301575,52.503055,13.281683333333334,-22.660118103027344
26356994,pc4,-99.073125,-71.6242446899414,16.125073553066525,52.503213333333335,13.281875,-27.4488803100586
26356994,pc4,-95.51625,-73.64134979248047,29.88102316256233,52.50335166666667,13.28199,-21.87490020751953
26356994,pc4,-94.6225,-72.01298522949219,18.979452309280713,52.50302333333333,13.281563333333333,-22.609514770507815
26356994,pc4,-98.71875,-77.18252563476562,55.12729029441438,52.50273166666667,13.28132,-21.536224365234375
26356994,pc4,-93.62125,-73.46038818359375,28.691952878257965,52.50293333333333,13.281566666666668,-20.160861816406253
26356994,pc4,-96.475,-71.4832992553711,15.02692362014676,52.503055,13.281685,-24.9917007446289
26356994,pc4,-104.48680555555556,-79.781005859375,78.69021204382588,52.50258333333333,13.281035,-24.705799696180563
26356994,pc4,-95.215,-72.06719207763672,19.362780582213162,52.503013333333335,13.281633333333334,-23.147807922363285
26356994,pc4,-95.408125,-73.91594696044922,31.684719678836792,52.502921666666666,13.281471666666668,-21.49217803955078
26356994,pc4,-107.58125,-79.01145935058594,71.09908793881792,52.50261833333333,13.281161666666666,-28.56979064941406
26356994,pc4,-102.216875,-75.74309539794922,44.19410334446254,52.50345833333333,13.282118333333331,-26.473779602050783
26356994,pc4,-95.495,-70.84024810791016,9.121215416960323,52.503168333333335,13.281771666666666,-24.65475189208985
26356994,pc4,-105.65757978723404,-77.7432861328125,59.744662306217606,52.50270166666667,13.281263333333332,-27.91429365442154
26356994,pc4,-107.81107954545456,-80.36235809326172,84.82106209206634,52.50253,13.281005,-27.448721452192842
26356994,pc4,-96.235625,-71.13308715820312,12.06435360627019,52.503165,13.281815,-25.102537841796874
26359552,pc1,-69.7475,-69.842041015625,1.942214793399998,52.50436833333333,13.3362,0.09454101562499773
26359552,pc1,-76.51315789473684,-74.1523208618164,34.49699659325159,52.50427,13.336686666666669,-2.360837032920429
26359552,pc1,-79.50592105263158,-71.52781677246094,18.448064261349938,52.50445333333333,13.33598,-7.9781042801706405
26359552,pc1,-85.51125,-83.4238510131836,127.50596297207296,52.50360333333333,13.334766666666669,-2.0873989868164102
26359552,pc1,-98.198125,-87.78407287597656,230.67087402084923,52.502833333333335,13.333871666666669,-10.414052124023442
26359552,pc1,-74.541875,-69.92922973632812,4.302454804808692,52.504378333333335,13.33624,-4.6126452636718795
26359552,pc1,-96.90375,-87.55049896240234,223.41928348936946,52.502865,13.333973333333333,-9.353251037597659
26359552,pc1,-83.990625,-84.49969482421875,147.37178434545933,52.50343166666666,13.334626666666669,0.5090698242187557
26359552,pc1,-72.368125,-69.84749603271484,2.1648442688996843,52.50437,13.336186666666666,-2.5206289672851625
26359552,pc1,-76.15359042553192,-71.82151794433594,20.306885800011283,52.504333333333335,13.336493333333332,-4.332072481195979
26359552,pc1,-79.6175,-82.84297943115234,117.98888862424491,52.503616666666666,13.334936666666668,3.225479431152337
26359552,pc1,-72.44375,-69.84683990478516,2.13914324893035,52.50437,13.336188333333332,-2.596910095214838
26359552,pc1,-92.52272727272728,-85.86756896972656,177.54675774631534,52.50323333333333,13.334321666666666,-6.655158303000718
26359552,pc1,-92.865625,-85.80856323242188,176.12203087045643,52.503225,13.334365,-7.057061767578119
26359552,pc1,-73.6925,-70.02183532714844,5.868310572677674,52.504403333333336,13.336181666666668,-3.670664672851558
26359552,pc1,-72.431875,-69.84683990478516,2.13914324893035,52.50437,13.336188333333332,-2.585035095214849
26359552,pc1,-94.973125,-86.64012145996094,197.24735705186592,52.50300166666667,13.334303333333333,-8.333003540039059
26359552,pc1,-78.31875,-70.1090087890625,7.049543879413141,52.504385,13.336106666666666,-8.209741210937494
26359552,pc1,-85.83,-84.10296630859375,139.71629473291486,52.50338333333333,13.334878333333334,-1.7270336914062483
26359552,pc1,-98.373125,-86.9572525024414,206.0314134240382,52.50293166666667,13.334238333333332,-11.415872497558595
26359552,pc1,-76.409375,-70.15325927734375,7.585646667719353,52.504365,13.336085,-6.256115722656247
26359552,pc1,-79.67838541666667,-70.01378631591797,5.748235852070987,52.50439833333333,13.33616,-9.664599100748703
26359552,pc1,-73.6375,-70.0977554321289,6.907431622017574,52.50436833333333,13.336096666666666,-3.5397445678710966
26359552,pc1,-95.21875,-86.0936279296875,183.0843464051094,52.503103333333335,13.33443,-9.1251220703125
26359552,pc1,-86.963125,-85.182373046875,161.7141746347489,52.50327833333333,13.334581666666669,-1.7807519531250051
26359552,pc1,-71.4827806122449,-70.07149505615234,6.564977226158765,52.50436666666667,13.336288333333334,-1.411285556092551
26359552,pc1,-92.0425,-86.7584228515625,200.46602054480624,52.50297833333333,13.334275,-5.284077148437504
26359552,pc1,-93.4775,-86.7162094116211,199.31193305756636,52.50300166666667,13.334256666666668,-6.7612905883789125
26359552,pc1,-76.525,-70.15325927734375,7.585646667719353,52.504365,13.336085,-6.371740722656256
26359552,pc1,-70.15875,-69.90824127197266,3.8653078109490724,52.504385,13.336181666666668,-0.2505087280273415
26359552,pc1,-67.29125,-69.95062255859375,4.707956728229938,52.50439166666666,13.336215,2.659372558593745
26359552,pc1,-96.92894736842103,-87.12610626220703,210.81190901741738,52.50291666666666,13.334158333333331,-9.802841106214004
26359552,pc1,-73.795,-70.02183532714844,5.868310572677674,52.504403333333336,13.336181666666668,-3.773164672851564
26359552,pc1,-71.07125,-69.8376235961914,1.7410634475948132,52.50436666666667,13.336198333333334,-1.2336264038086
26359552,pc4,-93.89625,-84.35689544677734,144.57300834379564,52.503391666666666,13.334753333333332,-9.539354553222651
26359552,pc4,-96.471875,-84.36392974853516,144.72629481202247,52.503371666666666,13.334786666666666,-12.107945251464841
26359552,pc4,-97.299375,-84.36821746826172,144.81017838760752,52.503373333333336,13.334781666666666,-12.931157531738279
26359552,pc4,-94.7525,-84.3286361694336,144.0222705009116,52.503411666666665,13.33473,-10.423863830566404
26359552,pc4,-95.09875,-84.34944152832031,144.42711719609176,52.5034,13.334741666666666,-10.749308471679683
26359552,pc4,-94.36875,-84.35689544677734,144.57300834379564,52.503391666666666,13.334753333333332,-10.011854553222662
34006785,pc1,-58.726875,-71.29650115966797,13.493196595615602,52.51587333333333,13.372761666666667,12.569626159667969
34006785,pc1,-61.83875,-71.9501953125,18.52649823828276,52.51585166666667,13.37229,10.111445312500003
34006785,pc1,-88.96875,-88.63504791259766,230.10397040919736,52.515665,13.369178333333334,-0.33370208740234375
34006785,pc1,-62.43,-71.9501953125,18.52649823828276,52.51585166666667,13.37229,9.5201953125
34006785,pc1,-56.571875,-70.44739532470703,2.4231006496935343,52.515883333333335,13.372536666666669,13.875520324707033
34006785,pc1,-58.645625,-71.29650115966797,13.493196595615602,52.51587333333333,13.372761666666667,12.650876159667966
34006785,pc1,-84.435,-88.11302947998047,216.47058455384524,52.51567,13.36938,3.6780294799804665
34006785,pc1,-93.898125,-88.91093444824219,237.64167971140108,52.51564333333334,13.36907,-4.987190551757806
34006785,pc1,-61.910625,-71.9501953125,18.52649823828276,52.51585166666667,13.37229,10.039570312499997
34006785,pc1,-82.22125,-85.7638931274414,164.1479593420146,52.51571333333333,13.37015,3.5426431274414085
34006785,pc1,-87.23875,-88.0278091430664,214.32006435089684,52.51567166666667,13.369411666666666,0.7890591430664102
34006785,pc1,-91.96625,-89.02648162841797,240.86964295104082,52.51562666666667,13.369025,-2.9397683715820335
34006785,pc1,-62.011875,-71.9501953125,18.52649823828276,52.51585166666667,13.37229,9.938320312499997
34006785,pc1,-63.935993975903614,-72.09642791748047,19.56353964431832,52.51586666666667,13.372273333333334,8.160433941576855
34006785,pc1,-58.7975,-71.29650115966797,13.493196595615602,52.51587333333333,13.372761666666667,12.49900115966797
34006785,pc1,-60.95065789473684,-70.65693664550781,6.797508120896621,52.51585333333333,13.372465,9.70627875077097
34006785,pc1,-85.635,-88.03673553466797,214.54444622939658,52.51567166666667,13.369408333333332,2.4017355346679636
34006785,pc1,-61.769375,-71.9658432006836,18.638722653321786,52.51585166666667,13.372288333333334,10.196468200683597
34006785,pc1,-55.7025,-70.69277954101562,7.300666694069574,52.51587333333333,13.37267,14.990279541015624
34006785,pc1,-80.264375,-85.24903106689453,154.40757752925973,52.51576666666666,13.370286666666669,4.98465606689453
34006785,pc1,-59.3325,-71.29650115966797,13.493196595615602,52.51587333333333,13.372761666666667,11.964001159667966
34006785,pc1,-61.645625,-71.9501953125,18.52649823828276,52.51585166666667,13.37229,10.304570312499997
34006785,pc1,-61.720625,-71.9658432006836,18.638722653321786,52.51585166666667,13.372288333333334,10.245218200683595
34006785,pc1,-58.991875,-71.29650115966797,13.493196595615602,52.51587333333333,13.372761666666667,12.304626159667968
34006785,pc1,-62.225625,-71.9658432006836,18.638722653321786,52.51585166666667,13.372288333333334,9.740218200683593
34006785,pc1,-64.48487903225806,-71.38613891601562,14.239501804871454,52.51584666666667,13.372355,6.901259883757561
34006785,pc1,-58.99,-71.29650115966797,13.493196595615602,52.51587333333333,13.372761666666667,12.306501159667967
34006785,pc1,-57.96625,-71.00559997558594,10.853152984469185,52.515895,13.372716666666667,13.039349975585935
34006785,pc1,-61.475625,-70.96216583251953,10.418967237569898,52.515855,13.37241,9.48654083251953
34006785,pc1,-61.5375,-71.9501953125,18.52649823828276,52.51585166666667,13.37229,10.412695312499999
34006785,pc1,-59.564375,-71.05585479736328,11.339729646395488,52.5159,13.372721666666669,11.491479797363283
34006785,pc1,-86.809375,-88.03599548339844,214.52564387060758,52.51567333333333,13.369408333333332,1.2266204833984347
34006785,pc4,-65.965,-70.75607299804688,8.12249280172367,52.51587666666666,13.372681666666669,4.791072998046872
34006785,pc4,-78.335,-81.15050506591797,93.72146124809255,52.51578,13.371185,2.815505065917975
34006785,pc4,-88.208125,-70.60887908935547,6.064676394626259,52.51587333333333,13.372651666666666,-17.599245910644527
34006785,pc4,-55.769375,-70.47372436523438,3.291264370430887,52.515861666666666,13.372515,14.704349365234378
34006785,pc4,-61.19875,-72.52886962890625,22.530468405686435,52.515845,13.372231666666666,11.330119628906253
34006785,pc4,-72.728515625,-72.07367706298828,19.40341999807633,52.515881666666665,13.372848333333334,-0.6548385620117188
34006785,pc4,-62.090625,-74.26371002197266,33.98023488125528,52.51580833333333,13.37207,12.173085021972653
34006785,pc4,-82.225625,-80.20081329345703,83.06216161249122,52.51579,13.371341666666666,-2.0248117065429625
34210561,pc1,-99.33376288659794,-75.86089324951172,45.055676409444686,52.49436166666667,13.287318333333332,-23.47286963708622
34210561,pc1,-96.64,-73.5246353149414,29.120920274852075,52.49436333333333,13.287071666666666,-23.115364685058594
34210561,pc1,-93.865,-71.56168365478516,15.647771704871461,52.494505,13.286453333333334,-22.30331634521484
34210561,pc1,-96.209375,-74.5526351928711,35.930499744156606,52.49433333333333,13.28716,-21.6567398071289
34210561,pc1,-95.13,-74.32194519042969,34.38457902400317,52.49435,13.287146666666668,-20.808054809570308
34210561,pc1,-97.233125,-74.7547836303711,37.29902115010734,52.49436333333333,13.2872,-22.478341369628907
34210561,pc1,-94.809375,-70.446533203125,2.4198953384525725,52.49444333333334,13.286688333333334,-24.362841796875003
34210561,pc1,-92.886875,-71.97714233398438,18.730672288545115,52.49451666666667,13.286411666666666,-20.90973266601563
34210561,pc1,-103.500625,-74.6794662475586,36.7873640041401,52.49458166666667,13.286166666666666,-28.821158752441406
34210561,pc1,-97.319375,-70.71272277832031,7.577301102416296,52.494425,13.286766666666669,-26.60665222167968
34210561,pc1,-98.2375,-74.62313842773438,36.40639789805839,52.49433666666667,13.28717,-23.614361572265622
34210561,pc1,-95.509375,-71.26737213134766,13.252003583623734,52.494385,13.286821666666668,-24.24200286865235
34210561,pc1,-97.2675,-70.7469253540039,8.017338272644052,52.494418333333336,13.286766666666669,-26.520574645996092
34210561,pc1,-92.470625,-74.7222671508789,37.076990731089985,52.494605,13.286178333333334,-17.748357849121092
34210561,pc1,-95.761875,-70.51200103759766,4.2670504307210955,52.494435,13.286716666666669,-25.249873962402347
34210561,pc1,-120.13194444444444,-78.42609405517578,65.7062143570134,52.494688333333336,13.285776666666669,-41.70585038926866
34210561,pc1,-112.785,-78.02213287353516,62.151399966108485,52.49473666666667,13.285873333333331,-34.76286712646484
34210561,pc1,-115.78681506849315,-78.9616928100586,70.6399729463986,52.49481333333333,13.285803333333334,-36.82512225843456
34210561,pc1,-102.366875,-78.1030502319336,62.88341948578773,52.49429333333333,13.28756,-24.2638247680664
34210561,pc1,-95.461875,-71.5921401977539,15.883266651817586,52.49451166666667,13.286453333333334,-23.8697348022461
34210561,pc1,-95.41875,-74.6649398803711,36.68933093111709,52.494345,13.28718,-20.75381011962891
34210561,pc1,-94.61,-73.42353057861328,28.456678571920552,52.49458,13.2863,-21.186469421386718
34210561,pc1,-97.99125,-74.87035369873047,38.08645943193437,52.49434166666666,13.2872,-23.120896301269525
34210561,pc4,-97.3625,-71.1603775024414,12.31357980545979,52.4944,13.286823333333333,-26.20212249755859
34210561,pc4,-96.886875,-73.50335693359375,28.981474652606583,52.49436666666666,13.287071666666666,-23.383518066406253
34210561,pc4,-116.97833333333334,-76.6600341796875,51.03204509357696,52.494706666666666,13.286035,-40.31829915364584
34210561,pc4,-95.043125,-72.08811950683594,19.513704027544016,52.494555,13.286428333333332,-22.955005493164066
34210561,pc4,-96.899375,-71.58875274658203,15.854894368792461,52.49454,13.286476666666667,-25.310622253417975
34210561,pc4,-97.603125,-71.10982513427734,11.857321034359035,52.49444,13.286845,-26.493299865722662
34210561,pc4,-95.081875,-72.36305236816406,21.41709673918743,52.49453166666667,13.286378333333332,-22.718822631835934
34210561,pc4,-99.315,-76.10725402832031,46.85962864783886,52.494348333333335,13.28734,-23.207745971679685
34210561,pc4,-113.44375,-76.29230499267578,48.23884343893106,52.49468333333333,13.28606,-37.15144500732421
34210561,pc4,-96.92625,-71.77999114990234,17.297307034877555,52.494545,13.286456666666666,-25.146258850097652
34210561,pc4,-95.34375,-73.60404205322266,29.641699359516906,52.49456833333333,13.286271666666666,-21.739707946777344
34210561,pc4,-95.679375,-72.08811950683594,19.513704027544016,52.494555,13.286428333333332,-23.591255493164056
34210561,pc4,-115.68375,-75.76056671142578,44.32737773986888,52.494655,13.2861,-39.92318328857422
34210561,pc4,-94.985625,-71.38640594482422,14.2534828904062,52.494505,13.286475,-23.59921905517578
34210561,pc4,-98.870625,-76.50923919677734,49.87410152084452,52.494335,13.28738,-22.36138580322266
34210561,pc4,-111.09375,-76.18053436279297,47.4053242534475,52.49467,13.286061666666669,-34.91321563720703
34210561,pc4,-113.290625,-76.20631408691406,47.59177172140313,52.49465833333333,13.286048333333332,-37.08431091308594
34006529,pc1,-92.83375,-85.30143737792969,155.37573727590848,52.51526833333333,13.363348333333333,-7.532312622070307
34006529,pc1,-91.708125,-84.91604614257812,148.4005080591267,52.51531333333333,13.363443333333333,-6.7920788574218705
34006529,pc1,-86.274375,-82.95559692382812,117.1673755315359,52.515305,13.36391,-3.3187780761718813
34006529,pc1,-89.841875,-83.24922943115234,121.4293313157774,52.51529666666666,13.363848333333332,-6.592645568847658
34006529,pc1,-80.01875,-78.53527069091797,66.66122217962962,52.51537166666667,13.364648333333331,-1.4834793090820284
34006529,pc1,-75.763125,-74.26439666748047,33.9852752307691,52.515405,13.365128333333333,-1.4987283325195335
34006529,pc1,-92.77963917525771,-86.31143951416016,175.1419807588794,52.51529,13.36305,-6.468199661097557
34006529,pc1,-80.5725,-79.0265121459961,71.22417123397237,52.51540333333333,13.364575,-1.5459878540039114
34006529,pc1,-73.75125,-72.53050231933594,22.541725346629644,52.51544333333333,13.365291666666666,-1.2207476806640614
34006529,pc1,-55.185,-71.04815673828125,11.266111324461988,52.51546333333334,13.36579,15.863156738281248
34006529,pc1,-95.62352941176472,-86.22715759277344,173.40613730845013,52.515285,13.363076666666666,-9.396371818991284
34006529,pc1,-91.42375,-84.6076889038086,143.03045240399103,52.515303333333335,13.363525,-6.8160610961914045
34006529,pc1,-67.895625,-70.6556625366211,6.77912126585934,52.51546,13.365525,2.7600375366210983
34006529,pc1,-89.79,-84.34859466552734,138.6577746202341,52.515321666666665,13.363586666666668,-5.4414053344726625
34006529,pc1,-86.96875,-84.6937026977539,144.50997650951703,52.51532,13.3635,-2.2750473022460938
34006529,pc1,-92.058125,-84.590576171875,142.73800052123084,52.5153,13.36353,-7.467548828125004
34006529,pc1,-77.46,-78.25989532470703,64.19434872163787,52.51538833333333,13.364681666666666,0.7998953247070375
34006529,pc1,-81.326875,-79.83653259277344,79.2412728063198,52.51536,13.364463333333331,-1.4903424072265636
34006529,pc1,-91.80625,-84.62313842773438,143.29513028599808,52.51531833333333,13.363518333333332,-7.183111572265631
34006529,pc1,-81.058125,-72.45823669433594,22.05368152079529,52.51544333333333,13.36595,-8.599888305664066
34006529,pc1,-93.72375,-86.50807189941406,179.25716283251762,52.515283333333336,13.36299,-7.215678100585933
34006529,pc1,-75.638125,-71.6008071899414,15.939842506697538,52.51545166666666,13.36586,-4.037317810058596
34006529,pc4,-74.98,-76.15106201171875,47.16080701578477,52.51541666666667,13.36493,1.171062011718746
34006529,pc4,-72.891875,-71.31428527832031,13.643336906354554,52.51544,13.365825,-1.5775897216796864
34006529,pc4,-87.515625,-85.37663269042969,156.77163626133003,52.515328333333336,13.363316666666666,-2.1389923095703125
34006529,pc4,-68.63671875,-73.43988800048828,28.55114207053487,52.51547333333333,13.366045,4.803169250488281
34006529,pc4,-91.375625,-88.03324127197266,214.45822160888824,52.51528833333333,13.362466666666666,-3.342383728027343
34006529,pc4,-86.984375,-85.89998626708984,166.81925529594326,52.515323333333335,13.363168333333334,-1.0843887329101562
34006529,pc4,-89.246875,-85.72795104980469,163.45177318286227,52.51526666666667,13.363228333333334,-3.5189239501953153
34006529,pc4,-89.89,-84.30615234375,137.95351440196893,52.51529,13.363603333333334,-5.583847656250001
34006529,pc4,-60.8775,-70.57620239257812,5.517071299755154,52.51542833333333,13.365553333333333,9.698702392578127
34006529,pc4,-85.925,-82.04890441894531,104.82723831612451,52.51535666666667,13.364083333333332,-3.8760955810546847
34006529,pc4,-94.57375,-89.96727752685547,268.7916038395149,52.515235,13.361668333333334,-4.606472473144535
34006529,pc4,-88.29125,-85.85284423828125,165.89036074656514,52.515276666666665,13.36319,-2.438405761718755
34006529,pc4,-81.97875,-84.22061157226562,136.5434969438481,52.51533,13.363616666666667,2.24186157226562
34006529,pc4,-86.991875,-86.8388900756836,186.38537200904238,52.51531,13.36288,-0.15298492431639943
34006529,pc4,-69.739375,-72.92127227783203,25.144545096912683,52.51542833333333,13.365255,3.181897277832036
34006529,pc4,-69.931875,-73.9884262084961,32.1560361502962,52.51540166666667,13.365156666666667,4.056551208496089
34006529,pc4,-87.388125,-87.04124450683594,190.8832827492461,52.515258333333335,13.362821666666669,-0.3468804931640648
34006529,pc4,-68.515625,-74.91099548339844,38.346756452732755,52.515391666666666,13.365066666666667,6.3953704833984375
30828289,pc1,-71.458125,-72.14811706542969,19.925204411796706,52.51576833333333,13.370665,0.689992065429692
30828289,pc1,-77.49291237113403,-76.90740203857422,52.92755816462477,52.51580166666667,13.37115,-0.5855103325598066
30828289,pc1,-69.534375,-71.829345703125,17.65205193377409,52.515791666666665,13.37062,2.294970703125003
30828289,pc1,-73.335625,-70.42161560058594,1.0202756957345303,52.51573666666667,13.37036,-2.9140093994140557
30828289,pc1,-95.78,-79.72960662841797,78.14499032303941,52.515638333333335,13.369231666666666,-16.050393371582032
30828289,pc1,-71.136875,-71.87017059326172,17.94915232840039,52.515745,13.37064,0.7332955932617153
30828289,pc1,-70.589375,-71.15955352783203,12.299166764845829,52.51574166666666,13.370556666666667,0.5701785278320273
30828289,pc1,-76.55,-73.63613891601562,29.837985961101786,52.51569333333333,13.36994,-2.913861083984372
30828289,pc1,-83.34875,-76.67659759521484,51.131424756606975,52.51566666666667,13.369628333333331,-6.672152404785152
30828289,pc1,-74.841875,-72.6731948852539,23.49784221070447,52.51571333333333,13.37003,-2.1686801147460955
30828289,pc1,-90.521875,-79.34503936767578,74.30018979610125,52.51562833333333,13.369291666666667,-11.176835632324213
30828289,pc1,-81.52604166666667,-73.77925109863281,30.7778450385002,52.515685,13.369928333333334,-7.746790568033859
30828289,pc1,-90.915,-79.79171752929688,78.77975268479452,52.51564833333333,13.36922,-11.123282470703131
30828289,pc1,-87.83482142857143,-78.4034423828125,65.47194953724541,52.515636666666666,13.369421666666666,-9.43137904575893
30828289,pc1,-85.960625,-79.72376251220703,78.085265336794,52.51565,13.36923,-6.236862487792962
30828289,pc1,-75.63451086956522,-76.67655944824219,51.130840884408464,52.515773333333335,13.371128333333331,1.0420485786769689
30828289,pc1,-78.235,-70.58736419677734,5.709574368145257,52.51571,13.370303333333334,-7.647635803222656
30828289,pc4,-79.36875,-77.69853210449219,59.35436651936219,52.515655,13.369508333333334,-1.6702178955078182
30828289,pc4,-74.046875,-70.56038665771484,5.232439240690125,52.515748333333335,13.3703,-3.4864883422851562
30828289,pc4,-84.48684210526316,-76.17059326171875,47.30500149250871,52.51578333333333,13.37107,-8.316248843544415
30828289,pc4,-75.78625,-74.27452850341797,34.05211038242181,52.51576166666667,13.370876666666666,-1.5117214965820267
30828289,pc4,-78.799375,-74.05677032470703,32.6070510159031,52.51576333333333,13.370855,-4.7426046752929665
30828289,pc4,-86.98875,-79.44618225097656,75.29694377154892,52.51566666666667,13.369268333333334,-7.5425677490234335
30828289,pc4,-88.831875,-82.7932357788086,114.86686975639468,52.515665,13.368681666666667,-6.038639221191403
30828289,pc4,-78.370625,-78.15682220458984,63.2865337974441,52.51564666666667,13.369451666666668,-0.21380279541016023
30828289,pc4,-87.675625,-79.43486022949219,75.18477697452269,52.51566666666667,13.36927,-8.240764770507809
30828289,pc4,-72.086875,-70.44178771972656,2.194901808118678,52.515748333333335,13.370401666666666,-1.6450872802734438
30828289,pc4,-88.25,-78.70858001708984,68.24598839954383,52.51564333333334,13.369378333333334,-9.541419982910156
30828289,pc4,-78.8975,-77.69853210449219,59.35436651936219,52.515655,13.369508333333334,-1.1989678955078062
30828289,pc4,-80.72875,-77.39959716796875,56.874582443750185,52.515656666666665,13.369545,-3.329152832031255
30828289,pc4,-74.623125,-73.61605834960938,29.706108770164306,52.515773333333335,13.37081,-1.0070666503906267
30828289,pc4,-88.05125,-78.68749237060547,68.05171961376857,52.51564166666667,13.369381666666667,-9.363757629394527
30828289,pc4,-79.3375,-77.69853210449219,59.35436651936219,52.515655,13.369508333333334,-1.6389678955078182
30828289,pc4,-77.660625,-73.67007446289062,30.06061294055344,52.515708333333336,13.369933333333334,-3.990550537109371
30828289,pc4,-83.44,-81.64771270751953,99.73657343471923,52.51563,13.368911666666667,-1.7922872924804665
30828289,pc4,-79.065,-77.64537811279297,58.90865354837232,52.515655,13.369515,-1.419621887207029
30828289,pc4,-72.306875,-71.58668518066406,15.831313786900068,52.51576333333333,13.370605,-0.7201898193359426
30828289,pc4,-78.046875,-72.55949401855469,22.736305682256468,52.515753333333336,13.37071,-5.4873809814453125
30828289,pc4,-87.909375,-78.72063446044922,68.3574467729723,52.51564333333334,13.369376666666668,-9.188740539550778
30828289,pc4,-83.195,-77.69853210449219,59.35436651936219,52.515655,13.369508333333334,-5.496467895507806
33802247,pc1,-97.84375,-88.03287506103516,238.57226912105057,52.514298333333336,13.348278333333331,-9.810874938964844
33802247,pc1,-99.46875,-88.7221908569336,262.10632680188047,52.514305,13.348626666666666,-10.746559143066406
33802247,pc1,-98.40625,-89.46624755859375,290.0279725957555,52.51417833333333,13.349053333333334,-8.94000244140625
33802247,pc1,-96.746875,-86.531494140625,194.27808876212575,52.51432833333333,13.347613333333332,-10.215380859375003
33802247,pc1,-95.75,-88.03287506103516,238.57226912105057,52.514298333333336,13.348278333333331,-7.717124938964844
33802247,pc1,-98.0625,-88.02943420410156,238.46004011321364,52.514298333333336,13.348276666666669,-10.033065795898438
33802247,pc1,-96.21875,-88.03287506103516,238.57226912105057,52.514298333333336,13.348278333333331,-8.185874938964844
33802247,pc1,-96.173125,-87.41597747802734,219.27350022886043,52.513875,13.341548333333334,-8.757147521972655
33802247,pc1,-92.88125,-80.738037109375,89.31874391250246,52.51421333333333,13.346073333333331,-12.143212890624994
33802247,pc1,-83.90625,-76.93097686767578,53.46976550987917,52.51402333333333,13.343986666666666,-6.975273132324219
33802247,pc1,-97.0625,-87.833251953125,232.15302751887901,52.513823333333335,13.341366666666667,-9.229248046875
33802247,pc1,-94.676875,-88.9097671508789,268.8918762430169,52.513823333333335,13.34082,-5.767107849121089
33802247,pc1,-98.59375,-88.02943420410156,238.46004011321364,52.514298333333336,13.348276666666669,-10.564315795898438
33802247,pc1,-90.8125,-78.583984375,67.1529240310291,52.51412833333333,13.34576,-12.228515625
33802247,pc1,-97.46875,-88.03919982910156,238.77849271640824,52.51429666666667,13.348281666666669,-9.429550170898438
33802247,pc1,-99.1875,-88.02943420410156,238.46004011321364,52.514298333333336,13.348276666666669,-11.158065795898438
33802247,pc1,-97.375,-88.03287506103516,238.57226912105057,52.514298333333336,13.348278333333331,-9.342124938964844
33802247,pc1,-97.0,-88.02943420410156,238.46004011321364,52.514298333333336,13.348276666666669,-8.970565795898438
33802247,pc1,-97.65625,-88.03287506103516,238.57226912105057,52.514298333333336,13.348278333333331,-9.623374938964844
33802247,pc4,-103.710625,-88.23966979980469,245.40815419893522,52.514275,13.348383333333333,-15.470955200195306
33802247,pc4,-96.71375,-79.6879653930664,77.78035240377426,52.514135,13.345916666666668,-17.0257846069336
33802247,pc4,-103.686875,-88.28600311279297,246.9656663368237,52.514273333333335,13.348406666666667,-15.400871887207032
33802247,pc4,-104.84375,-87.82427215576172,231.86551782853428,52.51428,13.348181666666669,-17.01947784423828
33802247,pc4,-102.240625,-88.23966979980469,245.40815419893522,52.514275,13.348383333333333,-14.000955200195307
33802247,pc4,-102.270625,-89.4008560180664,287.4521881624054,52.51426,13.349008333333334,-12.86976898193359
33802247,pc4,-98.09875,-82.76333618164062,116.71735054196257,52.514165,13.34649,-15.33541381835937
33802247,pc4,-102.8225,-87.82427215576172,231.86551782853428,52.51428,13.348181666666669,-14.998227844238286
33802247,pc4,-100.074375,-88.23966979980469,245.40815419893522,52.514275,13.348383333333333,-11.834705200195316
33802247,pc4,-103.784375,-88.02050018310547,238.1690127291218,52.51427,13.348276666666669,-15.763874816894528
33802247,pc4,-98.914375,-88.04447937011719,238.95403977825785,52.51378666666667,13.341273333333334,-10.86989562988282
33802247,pc4,-102.2675,-88.24015045166016,245.42407807305366,52.51427666666667,13.348383333333333,-14.027349548339842
33802247,pc4,-104.564375,-88.48330688476562,253.70650353034648,52.514285,13.348505,-16.081068115234373
33802247,pc4,-99.444375,-88.24015045166016,245.42407807305366,52.51427666666667,13.348383333333333,-11.204224548339837
33802247,pc4,-105.558125,-87.82427215576172,231.86551782853428,52.51428,13.348181666666669,-17.733852844238285
33802247,pc4,-104.038125,-88.24349212646484,245.53643950773235,52.51427666666667,13.348385,-15.79463287353515
33802247,pc4,-92.3025,-69.92008209228516,4.115667949233993,52.514066666666665,13.344718333333333,-22.38241790771484
33802247,pc4,-92.520625,-84.82653045654297,154.00474088678834,52.513915,13.342511666666669,-7.694094543457027
33802247,pc4,-101.11375,-86.71880340576172,199.31982951671327,52.51426,13.347701666666667,-14.394946594238277
33802247,pc4,-103.296875,-88.24349212646484,245.53643950773235,52.51427666666667,13.348385,-15.053382873535156
33802247,pc4,-97.785625,-82.61454772949219,114.4305285473023,52.51417333333333,13.346455,-15.171077270507809
30828800,pc1,-85.60723684210527,-70.47254180908203,3.2569711199830764,52.515135,13.36117,-15.134695033023235
30828800,pc1,-86.26875,-70.4560546875,2.7384119021334565,52.51514333333333,13.361165,-15.812695312499997
30828800,pc1,-84.8,-70.48243713378906,3.5326635706233973,52.51513333333333,13.361173333333332,-14.317562866210935
30828800,pc1,-87.005625,-72.62981414794922,23.208407577030044,52.51518833333333,13.36146,-14.375810852050776
30828800,pc1,-100.905,-83.23430633544922,121.20981993983985,52.51527333333333,13.362903333333334,-17.670693664550782
30828800,pc1,-95.5825,-82.34939575195312,108.78476765307018,52.515256666666666,13.362721666666667,-13.233104248046871
30828800,pc1,-86.22875,-70.50003814697266,3.9774717640017885,52.51515666666667,13.36118,-15.728711853027349
30828800,pc1,-80.70545212765957,-73.92343139648438,31.727340570359942,52.51512666666667,13.360656666666667,-6.782020731175194
30828800,pc1,-88.119375,-70.50045776367188,3.9877093688389476,52.51513,13.361178333333331,-17.61891723632813
30828800,pc1,-84.33625,-70.45951843261719,2.855063435769997,52.515146666666666,13.361166666666668,-13.87673156738282
30828800,pc1,-82.461875,-70.86035919189453,9.342011719555714,52.515148333333336,13.360986666666667,-11.601515808105475
30828800,pc1,-84.64375,-70.48485565185547,3.59719399269395,52.515155,13.361175,-14.158894348144528
30828800,pc1,-86.675,-70.470703125,3.2032307434493816,52.515141666666665,13.361171666666667,-16.204296874999997
30828800,pc1,-84.401875,-70.45594024658203,2.7342441555472194,52.515145,13.361165,-13.945934753417973
30828800,pc1,-100.62,-78.72898864746094,68.4354261951987,52.515235,13.362125,-21.891011352539067
30828800,pc1,-91.869375,-74.53572082519531,35.80093116419332,52.51522166666667,13.361638333333334,-17.333654174804693
30828800,pc1,-87.056875,-70.48405456542969,3.576204375414797,52.51512666666667,13.361168333333334,-16.572820434570318
30828800,pc1,-79.24625,-74.16543579101562,33.32764075392971,52.515123333333335,13.360633333333332,-5.080814208984378
30828800,pc1,-85.45875,-70.45951843261719,2.855063435769997,52.515146666666666,13.361166666666668,-14.999231567382807
30828800,pc1,-86.86125,-70.4881591796875,3.683428193276803,52.515125,13.361168333333334,-16.3730908203125
30828800,pc1,-85.443125,-70.48749542236328,3.666371865011085,52.515121666666666,13.361163333333334,-14.955629577636714
30828800,pc1,-86.73375,-70.76959228515625,8.289291401660439,52.515166666666666,13.361241666666666,-15.96415771484375
30828800,pc1,-86.043125,-70.48110961914062,3.4971167261989105,52.51515166666667,13.361175,-15.562015380859378
30828800,pc1,-94.11375,-76.45047760009766,49.403893985665555,52.515195,13.36185,-17.66327239990234
30828800,pc1,-84.66,-70.45594024658203,2.7342441555472194,52.515145,13.361165,-14.204059753417965
30828800,pc1,-83.92875,-70.48328399658203,3.5554498216609747,52.51515666666667,13.361173333333332,-13.445466003417962
30828800,pc1,-86.464375,-70.48693084716797,3.6513716647643317,52.51515333333333,13.361176666666667,-15.977444152832035
30828800,pc1,-84.408125,-70.45951843261719,2.855063435769997,52.515146666666666,13.361166666666668,-13.94860656738281
30828800,pc1,-85.794375,-70.45653533935547,2.7550678775068183,52.515141666666665,13.361165,-15.337839660644534
30828800,pc1,-93.85125,-81.26399993896484,95.06820221118488,52.515235,13.362521666666666,-12.58725006103515
30828800,pc1,-86.356875,-70.51194763183594,4.253135080623661,52.51515833333333,13.361183333333331,-15.844927368164065
30828800,pc1,-86.739375,-70.50279998779297,4.04314205836479,52.51515833333333,13.36118,-16.236575012207027
30828800,pc1,-84.0725,-70.45951843261719,2.855063435769997,52.515146666666666,13.361166666666668,-13.612981567382818
30828800,pc1,-85.026875,-70.45951843261719,2.855063435769997,52.515146666666666,13.361166666666668,-14.567356567382816
30828800,pc1,-86.2875,-70.47482299804688,3.3223488348138743,52.515148333333336,13.361173333333332,-15.81267700195312
30828800,pc1,-94.87375,-77.08209228515625,54.31053082282086,52.51521,13.36192,-17.79165771484375
30828800,pc1,-87.336875,-72.83282470703125,24.559400086662723,52.51516,13.361486666666666,-14.504050292968756
30828800,pc1,-84.4275,-70.46697235107422,3.0911093989868252,52.515141666666665,13.36117,-13.960527648925776
30828800,pc1,-85.959375,-70.71568298339844,7.60749930007899,52.515115,13.361023333333334,-15.243692016601557
30828800,pc4,-92.27875,-70.49866485595703,3.945288290797662,52.51517166666667,13.361086666666669,-21.78008514404297
30829314,pc1,-103.375,-94.51546478271484,455.4149447351755,52.51493,13.358246666666666,-8.859535217285156
30829314,pc1,-88.8125,-77.8150863647461,60.50356572376181,52.514001666666665,13.350948333333331,-10.997413635253906
30829314,pc1,-102.1875,-94.51546478271484,455.4149447351755,52.51493,13.358246666666666,-7.672035217285156
30829314,pc1,-104.34375,-94.51546478271484,455.4149447351755,52.51493,13.358246666666666,-9.828285217285156
30829314,pc1,-84.544375,-75.69258880615234,44.53129964649172,52.51462166666666,13.352111666666667,-8.851786193847659
30829314,pc1,-103.46875,-94.51334381103516,455.30315035677484,52.51493,13.358245,-8.955406188964844
30829314,pc1,-104.84375,-94.50984191894531,455.11830839816935,52.514925,13.358243333333334,-10.333908081054688
30829314,pc1,-78.811875,-72.63892364501953,25.288509863739872,52.514575,13.351791666666667,-6.172951354980469
30829314,pc1,-104.75,-94.51546478271484,455.4149447351755,52.51493,13.358246666666666,-10.234535217285156
30829314,pc1,-99.26388888888889,-85.92417907714844,167.30583615915015,52.51472666666667,13.353985,-13.339709811740448
30829314,pc1,-104.46875,-94.51334381103516,455.30315035677484,52.51493,13.358245,-9.955406188964844
30829314,pc1,-91.84375,-80.82056427001953,90.2986589232351,52.51389,13.350523333333332,-11.023185729980469
30829314,pc1,-107.1875,-94.51546478271484,455.4149447351755,52.51493,13.358246666666666,-12.672035217285156
30829314,pc1,-102.4375,-94.51546478271484,455.4149447351755,52.51493,13.358246666666666,-7.922035217285156
30829314,pc1,-105.25,-94.51334381103516,455.30315035677484,52.51493,13.358245,-10.736656188964844
30829314,pc1,-100.75,-93.9796142578125,428.05864368830254,52.51491666666666,13.357841666666667,-6.7703857421875
30829314,pc1,-78.3125,-70.83251953125,13.676618476083709,52.51434833333333,13.351385,-7.47998046875
30829314,pc1,-103.625,-94.51334381103516,455.30315035677484,52.51493,13.358245,-9.111656188964844
30829314,pc1,-83.5575,-74.41988372802734,36.16959158384766,52.51419666666666,13.351145,-9.13761627197266
30829314,pc1,-107.375,-94.51546478271484,455.4149447351755,52.51493,13.358246666666666,-12.859535217285156
30829314,pc1,-104.25,-94.5093765258789,455.0941073742061,52.514923333333336,13.358243333333334,-9.740623474121094
30829314,pc1,-104.09375,-94.5093765258789,455.0941073742061,52.514923333333336,13.358243333333334,-9.584373474121094
30829314,pc1,-97.0625,-90.11711883544922,273.5260795406884,52.514785,13.355565,-6.945381164550781
30829314,pc1,-103.125,-94.51546478271484,455.4149447351755,52.51493,13.358246666666666,-8.609535217285156
30829314,pc1,-104.8125,-94.51546478271484,455.4149447351755,52.51493,13.358246666666666,-10.297035217285156
30829314,pc1,-95.73514851485147,-84.03545379638672,133.54555574639582,52.514696666666666,13.353483333333331,-11.699694718464755
30829314,pc1,-105.34375,-94.51546478271484,455.4149447351755,52.51493,13.358246666666666,-10.828285217285156
30829314,pc1,-89.34375,-82.32582092285156,110.13174121026651,52.51386166666666,13.350198333333331,-7.0179290771484375
30829314,pc1,-104.53125,-94.51334381103516,455.30315035677484,52.51493,13.358245,-10.017906188964844
30829314,pc1,-103.78125,-94.51546478271484,455.4149447351755,52.51493,13.358246666666666,-9.265785217285156
30829314,pc1,-88.27375,-81.41873931884766,97.6929615851561,52.513938333333336,13.350336666666667,-6.855010681152351
30829314,pc4,-99.770625,-81.4564208984375,98.17605257262309,52.51464,13.352966666666669,-18.314204101562495
30829314,pc4,-80.7475,-75.00811004638672,39.949319329396886,52.514138333333335,13.351153333333333,-5.7393899536132835
30829314,pc4,-103.0712365591398,-84.8523178100586,154.54149330977302,52.51411,13.349338333333334,-18.21891874908121
30829314,pc4,-108.670625,-89.85700225830078,265.36765897950613,52.514795,13.35544,-18.81362274169922
30829314,pc4,-106.08,-87.93983459472656,212.13984159463047,52.51474666666667,13.354655,-18.140165405273436
30829314,pc4,-78.52125,-71.59616088867188,18.882779601246057,52.51430333333333,13.351335,-6.92508911132812
30829314,pc4,-101.09276315789474,-83.55548095703125,126.02945731096949,52.514626666666665,13.353396666666669,-17.537282200863487
30829314,pc4,-78.216875,-73.32467651367188,29.41794942949457,52.51422,13.351241666666668,-4.892198486328127
30829314,pc4,-93.41875,-77.6131820678711,58.83909272985694,52.51458,13.352386666666666,-15.805567932128909
34007040,pc1,-76.33375,-72.47484588623047,22.16573349878929,52.516041666666666,13.375228333333334,-3.858904113769526
34007040,pc1,-70.843125,-70.94266510009766,10.21932966984397,52.516036666666665,13.375051666666666,0.09954010009765568
34007040,pc1,-61.69460227272727,-70.4248275756836,1.2805710659851415,52.51603333333333,13.37489,8.73022530295632
34007040,pc1,-58.91625,-70.54194641113281,4.881707294180431,52.516041666666666,13.374968333333332,11.625696411132814
34007040,pc1,-77.888125,-72.47484588623047,22.16573349878929,52.516041666666666,13.375228333333334,-5.4132791137695335
34007040,pc1,-62.144375,-70.53184509277344,4.679214713579081,52.516005,13.374963333333334,8.387470092773441
34007040,pc1,-62.001875,-70.53184509277344,4.679214713579081,52.516005,13.374963333333334,8.52997009277344
34007040,pc1,-68.85495283018868,-71.22447967529297,12.874397052862191,52.51600666666667,13.37509,2.3695268451042892
34007040,pc1,-58.843125,-70.56053924560547,5.235319841026339,52.51604,13.374975,11.717414245605468
34007040,pc1,-75.098125,-71.87396240234375,17.976547837242226,52.51603833333333,13.375166666666669,-3.224162597656246
34007040,pc1,-76.100625,-72.47484588623047,22.16573349878929,52.516041666666666,13.375228333333334,-3.625779113769525
34007040,pc1,-63.71875,-70.53620147705078,4.767585323094951,52.51600333333333,13.374963333333334,6.817451477050781
34007040,pc1,-74.445625,-72.92611694335938,25.176016737089974,52.51605,13.375271666666666,-1.5195080566406318
34007040,pc1,-70.384375,-71.58892822265625,15.84845035282853,52.51601,13.375135,1.2045532226562443
34007040,pc1,-70.1925,-71.0241928100586,11.034823087437752,52.51601,13.375063333333332,0.8316928100585983
34007040,pc1,-71.32,-70.7381362915039,7.897069624242612,52.51603,13.375018333333331,-0.5818637084960869
34007040,pc1,-77.52,-72.47484588623047,22.16573349878929,52.516041666666666,13.375228333333334,-5.045154113769527
34007040,pc1,-71.80375,-72.1073989868164,19.64028360766796,52.51601333333333,13.375191666666666,0.3036489868164125
34007040,pc1,-75.54,-72.47484588623047,22.16573349878929,52.516041666666666,13.375228333333334,-3.0651541137695375
34007040,pc1,-76.13,-72.47484588623047,22.16573349878929,52.516041666666666,13.375228333333334,-3.6551541137695267
34007040,pc1,-75.65299479166667,-72.19425201416016,20.24610405723397,52.51607,13.375191666666666,-3.458742777506515
34007040,pc1,-77.799375,-72.47484588623047,22.16573349878929,52.516041666666666,13.375228333333334,-5.324529113769529
34007040,pc1,-77.405625,-72.47484588623047,22.16573349878929,52.516041666666666,13.375228333333334,-4.930779113769532
34007040,pc1,-62.466875,-70.52804565429688,4.600665232122636,52.51601166666666,13.374966666666667,8.061170654296873
34007040,pc1,-58.13125,-70.86410522460938,9.383063959434002,52.51602333333334,13.374763333333334,12.732855224609374
34007040,pc1,-76.635,-72.47484588623047,22.16573349878929,52.516041666666666,13.375228333333334,-4.160154113769536
34007040,pc1,-72.193125,-72.1073989868164,19.64028360766796,52.51601333333333,13.375191666666666,-0.08572601318358863
34007040,pc1,-58.856875,-70.54194641113281,4.881707294180431,52.516041666666666,13.374968333333332,11.68507141113281
34007040,pc1,-71.63625,-72.1073989868164,19.64028360766796,52.51601333333333,13.375191666666666,0.47114898681640227
34007040,pc1,-75.85875,-72.09674072265625,19.565583938296975,52.51604,13.37519,-3.7620092773437506
34007040,pc1,-77.524375,-73.17772674560547,26.83209777756506,52.516063333333335,13.375293333333332,-4.3466482543945375
34007040,pc1,-72.718125,-72.04344940185547,19.190084275327813,52.51601333333333,13.375185,-0.6746755981445318
34007040,pc1,-76.66875,-72.47484588623047,22.16573349878929,52.516041666666666,13.375228333333334,-4.193904113769534
34007040,pc1,-60.873046875,-70.77828979492188,8.394633156618545,52.516018333333335,13.374778333333332,9.905242919921875
34007040,pc4,-78.393125,-70.93415069580078,10.131301186872438,52.51602666666667,13.375051666666666,-7.4589743041992165
34007040,pc4,-69.730625,-70.53373718261719,4.717845563555204,52.516005,13.37484,0.8031121826171841
34007040,pc4,-73.551875,-70.44438934326172,2.3037645915282825,52.516015,13.374871666666667,-3.1074856567382767
34007040,pc4,-81.72406914893617,-71.89624786376953,18.138019080411514,52.51602166666667,13.37517,-9.827821285166635
34007040,pc4,-76.696875,-71.13208770751953,12.0502598730614,52.51600333333333,13.375076666666669,-5.564787292480474
34007040,pc4,-83.629375,-72.41515350341797,21.761406767843937,52.516016666666665,13.375223333333333,-11.214221496582027
26917120,pc1,-105.52,-93.68408203125,176.99584098483027,52.48899166666666,13.304416666666668,-11.835917968749996
26917120,pc1,-103.864375,-95.48577117919922,166.56938956599905,52.48890333333333,13.304558333333333,-8.378603820800777
26917120,pc1,-103.78875,-95.73836517333984,174.11423997819773,52.48885833333333,13.304443333333332,-8.05038482666015
26917120,pc1,-105.690625,-113.27769470214844,190.58153188636726,52.48960666666667,13.304521666666666,7.58706970214844
26917120,pc1,-103.69625,-117.30000305175781,191.97704511612469,52.489493333333336,13.30441,13.603753051757806
26917120,pc1,-103.74,-110.75373077392578,182.1561851015736,52.489446666666666,13.304535,7.013730773925786
26917120,pc1,-105.208125,-108.16947937011719,193.34948269143817,52.489675,13.304536666666667,2.961354370117192
26917120,pc1,-103.80125,-95.64755249023438,170.84107813049576,52.48888333333333,13.304493333333332,-8.153697509765621
26917120,pc1,-104.938125,-94.97380065917969,177.22343524778233,52.48897333333333,13.30441,-9.964324340820312
26917120,pc1,-108.6256443298969,-108.97239685058594,173.39930566862813,52.489165,13.30452,0.34675252068903717
26917120,pc1,-103.995,-95.6814193725586,172.06143794439785,52.48894166666667,13.304481666666666,-8.31358062744141
26917120,pc1,-103.650625,-105.96318054199219,179.70587281900026,52.48892833333333,13.304366666666668,2.3125555419921824
26917120,pc1,-103.384375,-114.6259765625,185.32891019473266,52.48938,13.304441666666667,11.241601562499994
26917120,pc1,-107.42,-95.30680847167969,172.59086836102566,52.489085,13.304505,-12.113191528320314
26917120,pc1,-104.665,-108.2146987915039,192.14471855903014,52.48968833333333,13.30457,3.5496987915039
26917120,pc1,-104.086875,-95.4008560180664,164.73003812212878,52.48885166666667,13.304581666666667,-8.6860189819336
26917120,pc1,-103.225,-95.38048553466797,164.24712428178273,52.48884,13.304588333333331,-7.844514465332026
26917120,pc1,-103.694375,-113.82130432128906,180.57214358293558,52.48942666666667,13.304546666666669,10.126929321289069
26917120,pc1,-106.00125,-114.27906799316406,197.74322584568546,52.489805,13.304593333333331,8.277817993164064
26917120,pc1,-103.8720238095238,-110.84123992919922,182.61231841838014,52.48945,13.30453,6.969216119675423
26917120,pc1,-105.344375,-95.27848052978516,168.28970121011358,52.489045,13.304558333333333,-10.065894470214843
26917120,pc1,-106.085625,-109.01222229003906,170.8553083568511,52.48916,13.304556666666668,2.9265972900390693
26917120,pc1,-106.16875,-120.94786834716797,165.96270681133723,52.48923,13.304661666666666,14.779118347167966
26917120,pc1,-104.3046875,-116.62647247314453,179.41293807198747,52.48932333333333,13.304501666666669,12.321784973144531
26917120,pc1,-106.8975,-94.98519134521484,172.00130806150386,52.48905333333333,13.304505,-11.91230865478515
26917120,pc1,-107.240625,-95.42650604248047,172.1883784580754,52.48910333333333,13.304516666666666,-11.814118957519526
26917120,pc1,-107.9324494949495,-115.3818130493164,172.24713430519972,52.48938,13.304648333333333,7.449363554366911
26917120,pc4,-89.514375,-100.36347198486328,56.01663597906517,52.48901833333333,13.307766666666666,10.84909698486328
26917120,pc4,-85.169375,-100.95435333251953,49.049715010230145,52.48867166666667,13.307701666666668,15.784978332519529
26917120,pc4,-90.406875,-74.86656951904297,38.25213438925403,52.48852333333333,13.307326666666668,-15.54030548095703
26917120,pc4,-101.97847222222222,-95.76505279541016,173.12790482945513,52.48880666666667,13.304456666666669,-6.213419426812067
26917120,pc4,-104.28125,-95.77938079833984,174.64185135320167,52.48896333333333,13.304446666666667,-8.501869201660156
26917120,pc4,-107.94375,-140.23956298828125,172.4316260463529,52.48926333333333,13.304578333333334,32.295812988281256
26917120,pc4,-108.4025,-103.49942779541016,165.95157039099647,52.48910166666667,13.30461,-4.903072204589847
26917120,pc4,-95.85375,-83.14730072021484,126.3488598492413,52.48971333333333,13.308145,-12.706449279785161
26917120,pc4,-105.549375,-114.44275665283203,167.78539317493482,52.488998333333335,13.304555,8.893381652832034
26917120,pc4,-108.53580729166669,-118.42129516601562,181.0901319897715,52.48936333333333,13.304498333333331,9.88548787434894
26917120,pc4,-97.273125,-110.45463562011719,224.0863674573761,52.49058333333333,13.308585,13.181510620117194
26917120,pc4,-105.313125,-111.36785125732422,182.87568705222574,52.48948833333333,13.304553333333333,6.054726257324219
26917120,pc4,-106.671875,-119.79957580566406,188.62174375487388,52.489446666666666,13.304431666666666,13.127700805664062
34007041,pc1,-62.0075,-70.48564910888672,3.6183964053333035,52.51603166666666,13.374496666666667,8.478149108886718
34007041,pc1,-68.5025,-72.14539337158203,19.90598919718148,52.515985,13.374173333333331,3.6428933715820335
34007041,pc1,-67.716875,-70.94507598876953,10.244418240296248,52.51598,13.37432,3.2282009887695295
34007041,pc1,-60.144375,-71.02153778076172,11.008893653794031,52.515998333333336,13.374303333333334,10.877162780761722
34007041,pc1,-63.061875,-70.54017639160156,4.846820770391352,52.51602666666667,13.374403333333332,7.478301391601562
34007041,pc1,-62.876973684210526,-71.08637237548828,11.627903872820955,52.515995,13.374636666666667,8.209398691277755
34007041,pc1,-70.855,-71.73190307617188,16.932317020717974,52.51596,13.374226666666669,0.876903076171871
34007041,pc1,-59.916875,-70.71299743652344,7.572108927825755,52.51596666666666,13.374373333333333,10.79612243652344
34007041,pc1,-55.293125,-70.70904541015625,7.51963386050367,52.51603333333333,13.374566666666666,15.415920410156247
34007041,pc1,-67.0575,-70.73546600341797,7.863316686126734,52.51602333333334,13.374353333333334,3.677966003417964
34007041,pc1,-56.04875,-70.53864288330078,4.816340556165871,52.51598666666667,13.37453,14.489892883300783
34007041,pc1,-55.320625,-70.70904541015625,7.51963386050367,52.51603333333333,13.374566666666666,15.38842041015625
34007041,pc1,-63.81625,-70.47626495361328,3.36393140723058,52.51603166666666,13.374441666666666,6.660014953613285
34007041,pc1,-63.499375,-70.47626495361328,3.36393140723058,52.51603166666666,13.374441666666666,6.976889953613281
34007041,pc1,-65.558125,-71.07830810546875,11.552206168691066,52.51598,13.3743,5.520183105468746
34007041,pc1,-62.344375,-70.61431121826172,6.151752050034772,52.51598166666667,13.374383333333334,8.26993621826172
34007041,pc1,-73.956875,-72.04041290283203,19.16877192861165,52.51598166666667,13.374185,-1.9164620971679653
34007041,pc1,-64.30125,-70.96074676513672,10.404571236675897,52.51597833333334,13.374318333333331,6.659496765136723
34007041,pc1,-67.111875,-70.98805236816406,10.679086635551249,52.51598,13.374313333333331,3.8761773681640648
34007041,pc1,-66.449375,-70.95015716552734,10.29658012723589,52.51597833333334,13.37432,4.50078216552734
34007041,pc1,-64.00375,-70.47626495361328,3.36393140723058,52.51603166666666,13.374441666666666,6.472514953613285
34007041,pc1,-61.205,-70.47440338134766,3.311023255789367,52.51603166666666,13.374443333333334,9.269403381347658
34007041,pc1,-63.605,-70.7159652709961,7.610758602959551,52.51598166666667,13.37436,7.110965270996097
34007041,pc4,-73.86,-74.53453826904297,35.79212289877479,52.51594833333333,13.373945,0.6745382690429693
34007041,pc4,-69.18878865979381,-70.91638946533203,9.946064875550338,52.51598833333333,13.37461,1.7276008055382164
34007041,pc4,-60.465,-71.07164764404297,11.489541857080608,52.51597833333334,13.374301666666666,10.606647644042965
34007041,pc4,-76.934375,-74.3308334350586,34.42737676707866,52.51595,13.373965,-2.603541564941409
34007041,pc4,-78.133125,-74.3308334350586,34.42737676707866,52.51595,13.373965,-3.802291564941413
34007041,pc4,-68.368125,-72.88569641113281,24.908815365591426,52.515971666666665,13.374101666666666,4.517571411132806
34007041,pc4,-69.343125,-72.87052917480469,24.808497134839772,52.515965,13.374105,3.527404174804687
34007041,pc4,-87.13375,-70.50425720214844,4.077451741394144,52.515991666666665,13.374521666666666,-16.62949279785157
34007041,pc4,-73.730625,-74.56755065917969,36.014156914080196,52.51594833333333,13.373941666666669,0.8369256591796841
34007041,pc4,-73.586875,-74.5510482788086,35.9031344194154,52.51594833333333,13.373943333333331,0.9641732788085875
34007041,pc4,-66.461875,-71.48223114013672,15.013919734826548,52.51599333333333,13.374686666666667,5.0203561401367125
34007041,pc4,-72.98,-74.5510482788086,35.9031344194154,52.51594833333333,13.373943333333331,1.5710482788085898
34007041,pc4,-69.70375,-72.5555648803711,22.709882887337535,52.51596,13.374138333333333,2.8518148803710943
34007041,pc4,-73.25375,-74.53453826904297,35.79212289877479,52.51594833333333,13.373945,1.2807882690429722
34007041,pc4,-65.906875,-71.3935317993164,14.299697098555178,52.515998333333336,13.374676666666666,5.486656799316407
34007041,pc4,-72.405625,-76.83219146728516,52.338419824110524,52.51593833333333,13.3737,4.426566467285156
34007041,pc4,-69.438125,-73.25611114501953,27.34645725227775,52.515955,13.37407,3.817986145019532
33802248,pc1,-77.4825,-81.54994201660156,99.39699801331417,52.51346,13.336206666666667,4.067442016601561
33802248,pc1,-97.411875,-88.94962310791016,270.35788900085316,52.513691666666666,13.338705,-8.462251892089839
33802248,pc1,-80.526875,-76.58959197998047,50.91058259923466,52.51334333333333,13.333995,-3.9372830200195352
33802248,pc1,-82.31625,-83.08998107910156,121.91618120051943,52.513268333333336,13.332951666666666,0.7737310791015659
33802248,pc1,-79.59558823529412,-75.72844696044922,44.776326317446745,52.51332166666667,13.334088333333334,-3.8671412748448972
33802248,pc1,-82.615625,-75.66699981689453,44.35395755076432,52.51341333333333,13.335396666666666,-6.948625183105463
33802248,pc1,-83.990625,-77.64916229248047,59.13248402509423,52.51343,13.335613333333333,-6.341462707519526
33802248,pc1,-98.0125,-91.21673583984375,367.15572335142264,52.51378166666667,13.340128333333332,-6.795764160156253
33802248,pc1,-99.238125,-90.15545654296875,318.37022536623226,52.51373333333333,13.339411666666669,-9.082668457031247
33802248,pc1,-93.125,-87.03730010986328,208.20372433628972,52.51360833333333,13.337796666666666,-6.087699890136719
33802248,pc1,-84.971875,-78.50382232666016,66.43389650701992,52.51344,13.33572,-6.468052673339841
33802248,pc1,-81.725,-82.53644561767578,113.25381937448076,52.51349166666667,13.336406666666669,0.8114456176757869
33802248,pc1,-99.70875,-90.7015609741211,342.6627439984101,52.513758333333335,13.339768333333334,-9.007189025878901
33802248,pc1,-77.20833333333333,-70.40266418457031,10.149308111353596,52.51336,13.334896666666667,-6.805669148763016
33802248,pc1,-77.771875,-81.45722198486328,98.18952453812749,52.513511666666666,13.336176666666669,3.685346984863287
33802248,pc1,-79.43875,-79.5956039428711,76.83755337984977,52.51332,13.333613333333334,0.1568539428710949
33802248,pc1,-98.495,-90.43292999267578,330.50448147875767,52.513745,13.33959,-8.062070007324223
33802248,pc1,-89.216875,-85.66455841064453,172.59198444877347,52.51322166666667,13.332206666666666,-3.5523165893554705
33802248,pc1,-86.625,-81.6284408569336,100.43191534401005,52.51327166666667,13.33327,-4.996559143066406
33802248,pc1,-84.9875,-82.44426727294922,111.8772642927069,52.513261666666665,13.333101666666666,-2.5432327270507784
33802248,pc4,-84.03125,-83.8398666381836,134.79831647177303,52.51352,13.336721666666667,-0.19138336181640625
33802248,pc4,-99.1275,-91.47272491455078,379.9221020708207,52.51373,13.340328333333334,-7.6547750854492165
33802248,pc4,-79.64875,-73.1977310180664,28.648981900907714,52.51336666666667,13.33517,-6.451018981933601
33802248,pc4,-85.503125,-86.30485534667969,188.35571653314005,52.513556666666666,13.337511666666666,0.8017303466796903
33802248,pc4,-83.573125,-86.15177917480469,184.4568917773552,52.513558333333336,13.337453333333332,2.578654174804683
33802248,pc4,-85.359375,-86.30485534667969,188.35571653314005,52.513556666666666,13.337511666666666,0.9454803466796875
33802248,pc4,-76.081875,-83.597900390625,130.4900061334388,52.51323333333333,13.33283,7.516025390625003
33802248,pc4,-85.074375,-84.661376953125,150.60122418160933,52.51353,13.336955,-0.4129980468750034
33802248,pc4,-85.085,-86.34473419189453,189.38536152180362,52.513558333333336,13.337526666666667,1.2597341918945375
33802248,pc4,-101.48625,-90.42130279541016,329.9872833644434,52.51368,13.339595,-11.064947204589842
33802248,pc4,-71.19875,-78.89457702636719,70.00676061617534,52.51329333333333,13.333718333333334,7.6958270263671835
33802248,pc4,-77.850625,-84.46324920654297,146.6193400925652,52.51318333333333,13.3326,6.612624206542975
33802248,pc4,-84.38625,-84.98003387451172,157.25067520351948,52.513533333333335,13.337053333333332,0.5937838745117148
33802248,pc4,-88.75875,-77.01344299316406,54.10075505330815,52.51338833333333,13.335545,-11.745307006835944
33802248,pc4,-96.106875,-89.59542083740234,295.1450920780147,52.513645,13.339083333333331,-6.5114541625976585
33802248,pc4,-83.51625,-86.15709686279297,184.59091103946352,52.51356,13.337455,2.6408468627929693
33802248,pc4,-99.03523936170212,-91.60880279541016,386.8747194433736,52.51373,13.340431666666667,-7.426436566291969
33802248,pc4,-83.846875,-86.15709686279297,184.59091103946352,52.51356,13.337455,2.3102218627929716
33802248,pc4,-73.236875,-82.0282974243164,105.87885186378261,52.51325666666666,13.333191666666666,8.791422424316409
33802248,pc4,-95.88625,-87.30767059326172,216.0533360813658,52.51314833333333,13.331573333333331,-8.578579406738285
29127684,pc1,-85.74038461538461,-78.9484634399414,70.52246914813998,52.51211,13.322486666666666,-6.791921175443207
29127684,pc1,-99.17625,-91.75757598876953,394.6166077531733,52.513036666666665,13.328633333333332,-7.418674011230465
29127684,pc1,-91.75,-78.3153305053711,64.76648815245181,52.51267,13.323781666666669,-13.434669494628906
29127684,pc1,-90.21205357142856,-77.41368865966797,57.240720587867735,52.51219833333333,13.322726666666666,-12.798364911760586
29127684,pc1,-98.475,-91.3539810180664,373.9553715296895,52.513015,13.32833,-7.121018981933588
29127684,pc1,-94.64020270270272,-92.24118041992188,420.7622641809697,52.51302166666667,13.329023333333334,-2.399022282780848
29127684,pc1,-97.46875,-74.69864654541016,37.943095100322004,52.51258166666667,13.323346666666666,-22.770103454589844
29127684,pc1,-102.214375,-92.91027069091797,459.57547788639926,52.513085,13.32959,-9.304104309082035
29127684,pc1,-96.3675,-83.48975372314453,128.61575615958574,52.512785,13.324723333333331,-12.877746276855476
29127684,pc1,-93.9325,-84.4209976196289,145.79225794368853,52.51240833333333,13.32073,-9.511502380371098
29127684,pc1,-101.95625,-92.91027069091797,459.57547788639926,52.513085,13.32959,-9.045979309082028
29127684,pc1,-102.513125,-92.91027069091797,459.57547788639926,52.513085,13.32959,-9.602854309082034
29127684,pc1,-95.3925,-72.81920623779297,26.371350841498597,52.512591666666665,13.323165,-22.57329376220703
29127684,pc1,-89.48,-81.66305541992188,100.90149961448559,52.51202833333333,13.321841666666666,-7.816944580078129
29127684,pc1,-85.26,-78.8912124633789,69.98431066936202,52.51213666666666,13.322398333333334,-6.368787536621099
29127684,pc1,-95.9,-82.43877410888672,111.80109737269859,52.51205333333333,13.321575,-13.461225891113287
29127684,pc1,-94.34375,-86.09337615966797,182.99659044261313,52.512425,13.320163333333332,-8.250373840332031
29127684,pc1,-95.85125,-90.12602996826172,317.11326330533996,52.51295833333333,13.327495,-5.725220031738274
29127684,pc1,-93.531875,-89.20216369628906,279.8095508838783,52.51292333333333,13.326946666666666,-4.329711303710937
29127684,pc1,-102.69875,-92.91584777832031,459.9124361387929,52.513085,13.329595,-9.782902221679691
29127684,pc1,-93.839375,-72.58130645751953,24.940972195889927,52.51253833333333,13.323065,-21.258068542480473
29127684,pc1,-91.10375,-77.1302490234375,55.01027762461449,52.51223,13.322626666666666,-13.973500976562505
29127684,pc1,-90.42875,-83.19915771484375,123.7162766456013,52.51215166666667,13.321245,-7.229592285156244
29127684,pc1,-91.25669642857144,-89.2942123413086,283.33096677721755,52.512888333333336,13.327003333333334,-1.962484087262851
29127684,pc4,-97.056875,-74.62635040283203,37.48130783390406,52.512503333333335,13.323265,-22.430524597167974
29127684,pc4,-96.52875,-74.98905944824219,39.82336033845057,52.51254166666666,13.323346666666666,-21.539690551757815
29127684,pc4,-93.7325,-84.11101531982422,139.81955556362774,52.51228833333333,13.32088,-9.621484680175783
29127684,pc4,-98.723125,-90.3883056640625,328.52927791459183,52.51291333333333,13.32767,-8.334819335937496
29127684,pc4,-105.33375,-92.65001678466797,444.1028398015592,52.513016666666665,13.32937,-12.683733215332026
29127684,pc4,-91.695,-79.77481079101562,78.69165208866049,52.51206,13.322365,-11.920189208984368
29127684,pc4,-103.3725,-91.84716033935547,399.3438463831205,52.51297666666667,13.328711666666669,-11.525339660644534
29127684,pc4,-103.57,-91.17110443115234,364.92769960536543,52.51292,13.328208333333333,-12.39889556884765
29127684,pc4,-97.32375,-89.6087417602539,295.68340572042575,52.512885,13.327186666666666,-7.715008239746098
29127684,pc4,-105.476875,-92.9271240234375,460.59491880294087,52.51303833333333,13.329611666666668,-12.549750976562507
29127684,pc4,-83.604375,-80.13362884521484,82.50246937760714,52.51323833333333,13.321971666666666,-3.470746154785161
29127684,pc4,-108.256875,-92.77970123291016,451.75194415568075,52.51303,13.329481666666666,-15.477173767089837
29127684,pc4,-99.58,-76.39237213134766,49.466998193732174,52.51260333333333,13.323536666666667,-23.187627868652342
29127684,pc4,-94.5975,-84.22789764404297,142.03993324574654,52.51237,13.320803333333334,-10.369602355957028
29127684,pc4,-90.440625,-80.9742660522461,92.15973612029316,52.512006666666665,13.322105,-9.466358947753903
29127684,pc4,-93.129375,-77.49506378173828,57.892588176539185,52.51219,13.32277,-15.634311218261715
30828803,pc1,-91.90125,-80.78742218017578,89.52383769948297,52.51519833333333,13.360948333333331,-11.113827819824223
30828803,pc1,-80.04017857142857,-78.08235168457031,62.63722639949375,52.51517166666667,13.360553333333334,-1.957826886858257
30828803,pc1,-106.35625,-85.68364715576172,162.59563875301066,52.51525333333333,13.362025,-20.672602844238284
30828803,pc4,-92.41625,-82.00797271728516,104.30030938349881,52.514878333333336,13.358136666666669,-10.408277282714849
30828803,pc4,-93.100625,-81.99945831298828,104.19059011181717,52.514878333333336,13.358138333333333,-11.101166687011712
30828803,pc4,-93.315625,-82.0046615600586,104.25760247291225,52.51488,13.358136666666669,-11.310963439941403
30828803,pc4,-92.033125,-82.00797271728516,104.30030938349881,52.514878333333336,13.358136666666669,-10.025152282714842
30828803,pc4,-91.845625,-82.00797271728516,104.30030938349881,52.514878333333336,13.358136666666669,-9.837652282714842
30828803,pc4,-93.03125,-81.99945831298828,104.19059011181717,52.514878333333336,13.358138333333333,-11.031791687011719
30828803,pc4,-93.4275,-82.00797271728516,104.30030938349881,52.514878333333336,13.358136666666669,-11.419527282714839
30828803,pc4,-93.760625,-81.99945831298828,104.19059011181717,52.514878333333336,13.358138333333333,-11.761166687011723
30828803,pc4,-93.22375,-82.00797271728516,104.30030938349881,52.514878333333336,13.358136666666669,-11.21577728271484
30828803,pc4,-92.96875,-82.00797271728516,104.30030938349881,52.514878333333336,13.358136666666669,-10.960777282714844
30828803,pc4,-92.536875,-82.00797271728516,104.30030938349881,52.514878333333336,13.358136666666669,-10.528902282714839
30828803,pc4,-92.5725,-82.00797271728516,104.30030938349881,52.514878333333336,13.358136666666669,-10.564527282714849
30828803,pc4,-91.634375,-82.00797271728516,104.30030938349881,52.514878333333336,13.358136666666669,-9.62640228271485
30828803,pc4,-92.561875,-82.00797271728516,104.30030938349881,52.514878333333336,13.358136666666669,-10.553902282714844
30828803,pc4,-94.56,-81.99945831298828,104.19059011181717,52.514878333333336,13.358138333333333,-12.560541687011721
30828803,pc4,-95.108125,-81.99945831298828,104.19059011181717,52.514878333333336,13.358138333333333,-13.10866668701172
30828803,pc4,-92.076875,-82.0046615600586,104.25760247291225,52.51488,13.358136666666669,-10.072213439941407
30828803,pc4,-90.426875,-81.99945831298828,104.19059011181717,52.514878333333336,13.358138333333333,-8.427416687011714
30828803,pc4,-93.44375,-82.0046615600586,104.25760247291225,52.51488,13.358136666666669,-11.4390884399414
30828803,pc4,-94.21375,-81.99945831298828,104.19059011181717,52.514878333333336,13.358138333333333,-12.214291687011723
30828803,pc4,-93.18375,-82.00797271728516,104.30030938349881,52.514878333333336,13.358136666666669,-11.175777282714847
30828803,pc4,-94.798125,-81.99945831298828,104.19059011181717,52.514878333333336,13.358138333333333,-12.798666687011718
30828803,pc4,-93.3575,-81.9909439086914,104.08087738336494,52.514878333333336,13.35814,-11.366556091308595
30828803,pc4,-92.8175,-84.20455169677734,136.2849804215623,52.514875,13.357655,-8.612948303222652
30828803,pc4,-93.63375,-85.07255554199219,151.20094828948598,52.51486166666667,13.357435,-8.561194458007819
30828803,pc4,-92.47125,-82.00797271728516,104.30030938349881,52.514878333333336,13.358136666666669,-10.463277282714841
30828803,pc4,-93.72,-82.00797271728516,104.30030938349881,52.514878333333336,13.358136666666669,-11.712027282714843
30828803,pc4,-91.79,-82.00797271728516,104.30030938349881,52.514878333333336,13.358136666666669,-9.78202728271485
30828803,pc4,-91.61125,-82.0046615600586,104.25760247291225,52.51488,13.358136666666669,-9.606588439941405
30828803,pc4,-95.46375,-82.00797271728516,104.30030938349881,52.514878333333336,13.358136666666669,-13.455777282714848
30828803,pc4,-92.329375,-82.00797271728516,104.30030938349881,52.514878333333336,13.358136666666669,-10.321402282714843
30828803,pc4,-89.99625,-82.0046615600586,104.25760247291225,52.51488,13.358136666666669,-7.99158843994141
30828803,pc4,-92.019375,-82.00797271728516,104.30030938349881,52.514878333333336,13.358136666666669,-10.01140228271484
30828803,pc4,-91.331875,-81.99945831298828,104.19059011181717,52.514878333333336,13.358138333333333,-9.332416687011715
30828803,pc4,-94.125625,-81.99429321289062,104.12398662128311,52.514876666666666,13.35814,-12.131331787109374
30828803,pc4,-91.331875,-82.0046615600586,104.25760247291225,52.51488,13.358136666666669,-9.327213439941403
30828803,pc4,-92.874375,-81.99945831298828,104.19059011181717,52.514878333333336,13.358138333333333,-10.87491668701172
26681600,pc1,-94.60125,-70.50784301757812,4.160992858949277,52.51487333333333,13.377346666666666,-24.093406982421868
26681600,pc1,-87.8975,-70.44383239746094,2.2807101760981516,52.514895,13.377366666666669,-17.453667602539056
26681600,pc1,-84.29,-70.4736328125,3.2889485378066543,52.51488333333333,13.377363333333331,-13.816367187500006
26681600,pc1,-88.299375,-70.56613159179688,5.338070344518052,52.51487,13.377303333333334,-17.733243408203123
26681600,pc1,-92.72375,-70.87005615234375,9.450401046243954,52.514995,13.377363333333331,-21.853693847656245
26681600,pc1,-88.739375,-70.57396697998047,5.478403927965543,52.51496,13.377346666666666,-18.165408020019527
26681600,pc1,-86.17125,-70.4548568725586,2.6974532243196925,52.514935,13.377345,-15.716393127441407
26681600,pc1,-91.22625,-70.65796661376953,6.813588838120948,52.51485,13.377358333333332,-20.568283386230462
26681600,pc1,-85.5625,-70.43978118896484,2.107354522198319,52.514923333333336,13.377368333333331,-15.122718811035156
26681600,pc1,-89.866875,-70.57396697998047,5.478403927965543,52.51496,13.377346666666666,-19.292908020019524
26681600,pc1,-85.95875,-70.4548568725586,2.6974532243196925,52.514935,13.377345,-15.503893127441401
26681600,pc1,-84.189375,-70.4736328125,3.2889485378066543,52.51488333333333,13.377363333333331,-13.715742187499998
26681600,pc1,-94.35875,-70.57396697998047,5.478403927965543,52.51496,13.377346666666666,-23.784783020019532
26681600,pc1,-87.74375,-70.56613159179688,5.338070344518052,52.51487,13.377303333333334,-17.17761840820313
26681600,pc1,-86.790625,-70.4548568725586,2.6974532243196925,52.514935,13.377345,-16.335768127441412
26681600,pc1,-89.62625,-70.57396697998047,5.478403927965543,52.51496,13.377346666666666,-19.05228302001953
26681600,pc1,-93.82939189189187,-70.43087005615234,1.664867592391432,52.514896666666665,13.377336666666666,-23.39852183573953
26681600,pc1,-91.7125,-70.47286987304688,3.2669849500583523,52.514885,13.377368333333331,-21.23963012695313
26681600,pc1,-87.944375,-70.56613159179688,5.338070344518052,52.51487,13.377303333333334,-17.37824340820312
26681600,pc1,-86.775,-70.4548568725586,2.6974532243196925,52.514935,13.377345,-16.320143127441412
26681600,pc1,-93.00426136363636,-70.7532958984375,8.089617184210477,52.51483833333333,13.377356666666667,-22.25096546519886
26681600,pc1,-88.52375,-70.56613159179688,5.338070344518052,52.51487,13.377303333333334,-17.957618408203132
26681600,pc1,-87.6375,-70.56613159179688,5.338070344518052,52.51487,13.377303333333334,-17.071368408203128
26681600,pc4,-94.29,-70.4217758178711,1.0348263682686198,52.51490166666667,13.377341666666666,-23.868224182128913
26681600,pc4,-92.633125,-70.53610229492188,4.766251233276561,52.51495,13.377373333333331,-22.097022705078132
26681600,pc4,-94.945625,-70.4217758178711,1.0348263682686198,52.51490166666667,13.377341666666666,-24.523849182128913
26681600,pc4,-93.76625,-70.4217758178711,1.0348263682686198,52.51490166666667,13.377341666666666,-23.344474182128906
26681600,pc4,-96.17239010989012,-70.60089874267578,5.936381433940706,52.514858333333336,13.377328333333333,-25.571491367214335
26681600,pc4,-92.470625,-70.53610229492188,4.766251233276561,52.51495,13.377373333333331,-21.934522705078123
26681600,pc4,-95.6175,-70.79124450683594,8.551444036489551,52.51498333333333,13.377303333333334,-24.82625549316407
26681600,pc4,-93.0425,-70.4217758178711,1.0348263682686198,52.51490166666667,13.377341666666666,-22.62072418212891
26681600,pc4,-96.866875,-70.44161224365234,2.18765922520068,52.51493,13.377351666666666,-26.42526275634765
26681600,pc4,-94.9,-70.4217758178711,1.0348263682686198,52.51490166666667,13.377341666666666,-24.478224182128912
26681600,pc4,-92.216875,-70.5384292602539,4.81263254191236,52.51495,13.377375,-21.678445739746095
26681600,pc4,-93.813125,-70.42623138427734,1.379822988940779,52.51491333333333,13.377365,-23.386893615722656
26681600,pc4,-95.770625,-70.80609893798828,8.72659025105385,52.514985,13.377303333333334,-24.964526062011714
26681600,pc4,-92.27375,-70.53610229492188,4.766251233276561,52.51495,13.377373333333331,-21.737647705078132
26681600,pc4,-93.29625,-70.52803802490234,4.601321917141334,52.51495166666667,13.377335,-22.768211975097657
26681600,pc4,-93.491875,-70.53610229492188,4.766251233276561,52.51495,13.377373333333331,-22.955772705078118
26681600,pc4,-94.06125,-70.42149353027344,1.0090551190403765,52.51490166666667,13.377345,-23.639756469726564
34006272,pc1,-77.389375,-76.59879302978516,50.53444283662363,52.514945,13.357296666666668,-0.7905819702148449
34006272,pc1,-73.14,-71.13438415527344,12.071785192463548,52.51491166666667,13.35673,-2.005615844726563
34006272,pc1,-67.9425,-71.74124908447266,17.002209543630023,52.51486166666667,13.356308333333333,3.798749084472661
34006272,pc1,-73.32375,-75.49042510986328,42.37952425896381,52.51491833333333,13.35718,2.1666751098632773
34006272,pc1,-68.536875,-71.30622863769531,13.575828743405381,52.51486166666667,13.35636,2.7693536376953176
34006272,pc1,-83.863125,-81.34349060058594,96.0225569621528,52.51497,13.357968333333334,-2.519634399414059
34006272,pc1,-88.130625,-84.07185363769531,134.12492592607606,52.514995,13.35853,-4.058771362304682
34006272,pc1,-71.65625,-70.43206787109375,1.7306564477535078,52.51488333333333,13.356531666666667,-1.22418212890625
34006272,pc1,-84.39,-81.34349060058594,96.0225569621528,52.51497,13.357968333333334,-3.046509399414063
34006272,pc1,-85.42875,-81.34349060058594,96.0225569621528,52.51497,13.357968333333334,-4.085259399414056
34006272,pc1,-81.74125,-77.68648529052734,59.25458877273856,52.514943333333335,13.357426666666669,-4.05476470947265
34006272,pc1,-79.624375,-76.6810302734375,51.16674651659072,52.51492,13.35731,-2.9433447265625006
34006272,pc1,-70.83625,-71.59615325927734,15.904688123998174,52.514915,13.356786666666666,0.7599032592773369
34006272,pc1,-71.59875,-74.1123046875,32.97571363771967,52.51491,13.357041666666667,2.5135546875000045
34006272,pc1,-75.648125,-73.52228546142578,29.09208599907644,52.51490166666667,13.356985,-2.125839538574212
34006272,pc1,-75.340625,-72.15158081054688,19.9498435891202,52.514898333333335,13.35685,-3.189044189453128
34006272,pc1,-87.84375,-82.74439239501953,114.18524403447154,52.51493,13.358241666666666,-5.099357604980469
34006272,pc1,-88.885625,-78.29884338378906,64.54038805540252,52.51497,13.3575,-10.586781616210942
34006272,pc1,-71.28,-70.43852996826172,2.0515498922631505,52.51490666666667,13.356563333333334,-0.8414700317382824
34006272,pc1,-70.89625,-70.74675750732422,8.006792722978165,52.51488166666667,13.356673333333331,-0.14949249267577613
34006272,pc1,-81.0275,-76.07278442382812,46.58348823994876,52.514923333333336,13.357241666666669,-4.954715576171878
34006272,pc1,-79.13625,-75.1765365600586,40.178545320341016,52.51491,13.357148333333331,-3.9597134399414102
34006272,pc1,-79.779375,-74.1292953491211,33.08820722525239,52.51491,13.357043333333332,-5.650079650878908
34006272,pc1,-78.965625,-81.34349060058594,96.0225569621528,52.51497,13.357968333333334,2.3778656005859347
34006272,pc1,-77.605625,-75.20000457763672,40.34180397287522,52.514943333333335,13.357145,-2.4056204223632847
34006272,pc1,-87.74375,-80.25952911376953,83.6940171745372,52.51495,13.357788333333334,-7.484220886230474
34006272,pc1,-88.71875,-82.74439239501953,114.18524403447154,52.51493,13.358241666666666,-5.974357604980469
34006272,pc1,-85.498125,-76.86309814453125,52.58157822258927,52.514955,13.357325,-8.635026855468752
34006272,pc1,-83.860625,-78.00101470947266,61.932778614002466,52.51493,13.357468333333332,-5.859610290527343
34006272,pc1,-85.8125,-82.74439239501953,114.18524403447154,52.51493,13.358241666666666,-3.0681076049804688
34006272,pc4,-84.69,-75.76056671142578,44.309165775881446,52.51497,13.357196666666669,-8.929433288574216
34006272,pc4,-83.825,-71.24808502197266,13.080115845113863,52.51493,13.356736666666666,-12.576914978027347
34006272,pc4,-80.101875,-73.99742889404297,32.215788852845336,52.51488666666667,13.357031666666666,-6.104446105957038
34006272,pc4,-94.254375,-80.73699951171875,88.95464142646485,52.51501,13.357855,-13.517375488281246
34006272,pc4,-91.33875,-79.690673828125,77.75116829787152,52.514921666666666,13.357703333333331,-11.648076171875005
34006272,pc4,-75.290625,-72.52694702148438,22.51816655144177,52.51483833333333,13.356233333333334,-2.7636779785156307
34006272,pc4,-91.70038659793816,-79.89751434326172,79.87274088954352,52.51493666666666,13.357733333333334,-11.802872254676444
34006272,pc4,-78.894375,-72.22168731689453,20.436694370687576,52.514903333333336,13.356856666666667,-6.672687683105465
34006272,pc4,-92.7525,-81.88741302490234,102.75501566031522,52.51491833333333,13.358073333333332,-10.865086975097654
34006272,pc4,-81.66125,-74.24480438232422,33.855398182356254,52.51495666666667,13.357043333333332,-7.416445617675777
26368257,pc1,-86.44375,-78.72721862792969,68.48175627633161,52.49964333333333,13.315108333333333,-7.716531372070307
26368257,pc1,-89.730625,-80.26546478271484,83.95615684302331,52.49964166666667,13.314823333333331,-9.46516021728516
26368257,pc1,-90.668125,-80.94867706298828,91.85295316133858,52.49967,13.314715,-9.719447937011722
26368257,pc1,-90.843125,-80.84530639648438,90.61189645267636,52.499676666666666,13.314743333333332,-9.997818603515626
26368257,pc1,-78.83875,-77.69221496582031,59.49712704328793,52.49883,13.316436666666666,-1.146535034179692
26368257,pc1,-87.804375,-79.90091705322266,80.01833789342705,52.49964833333333,13.3149,-7.903457946777337
26368257,pc1,-83.63875,-76.6144027709961,51.1042219617708,52.499585,13.315373333333334,-7.024347229003908
26368257,pc1,-85.83,-77.81388854980469,60.59660294905304,52.49962666666666,13.315241666666669,-8.01611145019531
26368257,pc1,-74.72625,-78.62727355957031,67.584932956319,52.498735,13.316426666666668,3.9010235595703193
26368257,pc1,-83.47375,-78.83710479736328,69.48773095805247,52.499613333333336,13.31505,-4.636645202636714
26368257,pc1,-89.94015957446808,-82.45562744140625,112.62588748026502,52.49971,13.3144,-7.484532133061833
26368257,pc1,-100.245625,-85.53624725341797,169.62359904064624,52.497728333333335,13.31619,-14.709377746582035
26368257,pc1,-90.4725,-81.85979461669922,103.98531034044642,52.499695,13.314531666666667,-8.612705383300778
26368257,pc1,-71.516875,-77.12555694580078,54.97797898966128,52.49888833333333,13.316443333333334,5.608681945800782
26368257,pc1,-79.79315476190476,-75.48128509521484,43.107651649241774,52.49931166666666,13.316501666666667,-4.3118696666899154
26368257,pc1,-85.44166666666666,-76.48094940185547,50.12233094664272,52.499568333333336,13.315365,-8.960717264811194
26368257,pc1,-92.366875,-84.29165649414062,144.0095876883016,52.49796833333333,13.316263333333334,-8.075218505859368
26368257,pc1,-110.048125,-87.49970245361328,221.85097844516278,52.49724833333333,13.316013333333334,-22.548422546386718
26368257,pc1,-90.720625,-81.2934799194336,96.11898102934681,52.49963,13.314606666666666,-9.427145080566405
26368257,pc1,-90.7525,-80.48980712890625,86.47260723539532,52.49961166666667,13.314751666666666,-10.262692871093748
26368257,pc1,-87.843125,-80.01155090332031,81.19412309896956,52.49965666666667,13.314888333333334,-7.831574096679688
26368257,pc1,-93.540625,-82.90135955810547,119.41716041706084,52.49820166666667,13.316315,-10.639265441894537
26368257,pc1,-82.318125,-75.28507995605469,41.80419023180566,52.49921833333333,13.316491666666666,-7.033045043945307
26368257,pc1,-90.409375,-80.7388687133789,89.35206831789554,52.49966666666667,13.314755,-9.670506286621091
26368257,pc4,-81.63375,-75.24748229980469,41.55642889134006,52.49912166666667,13.316456666666667,-6.386267700195319
26368257,pc4,-107.6575,-86.12133026123047,183.71780539365434,52.49759333333333,13.31606,-21.53616973876953
26368257,pc4,-84.81316489361703,-79.38407897949219,74.73281587064925,52.49968,13.315038333333334,-5.42908591412484
26368257,pc4,-81.135625,-75.32823944091797,42.09245874049728,52.4992,13.316493333333334,-5.807385559082036
26368257,pc4,-80.413125,-75.0697021484375,40.37824742987943,52.499165,13.316458333333332,-5.343422851562494
26368257,pc4,-81.24,-76.4422378540039,49.841137360281834,52.49896666666667,13.316456666666667,-4.797762145996089
26368257,pc4,-85.76875,-78.38899993896484,65.42826337056712,52.49962833333333,13.315146666666667,-7.379750061035153
26368257,pc4,-97.16625,-83.06217956542969,122.12801599113433,52.498175,13.316305,-14.104070434570318
26368257,pc4,-86.23979591836735,-79.67504119873047,77.66734301717258,52.499653333333335,13.314948333333334,-6.5647547196368805
26368257,pc4,-107.966875,-85.84614562988281,176.9439462772048,52.49766,13.316161666666666,-22.12072937011719
26368257,pc4,-83.554375,-78.28669738769531,64.55151175863207,52.49878,13.316453333333332,-5.267677612304681
26368257,pc4,-104.610625,-85.833740234375,176.64462323428322,52.49765833333333,13.316086666666669,-18.776884765625
26368257,pc4,-92.55972222222222,-81.832275390625,103.22719487094362,52.49971833333333,13.314566666666666,-10.72744683159722
26368257,pc4,-80.9425,-74.97430419921875,39.75335517688097,52.499208333333335,13.31646,-5.9681958007812455
26368257,pc4,-90.21683673469389,-80.04857635498047,81.59159948777507,52.499645,13.314868333333331,-10.168260379713416
26368257,pc4,-99.171875,-85.14949798583984,162.02180080575042,52.49779333333333,13.316136666666669,-14.022377014160156
34006784,pc1,-73.435625,-72.25968170166016,20.698211173853625,52.515925,13.373323333333332,-1.1759432983398455
34006784,pc1,-75.418125,-73.1505355834961,26.65326528327523,52.51591,13.373413333333334,-2.2675894165039097
34006784,pc1,-78.885,-74.32726287841797,34.403397357975614,52.51593666666667,13.373525,-4.557737121582036
34006784,pc1,-77.255,-76.64851379394531,50.914675090741405,52.51594833333333,13.373768333333333,-0.606486206054683
34006784,pc1,-75.158125,-74.972412109375,38.76716344376135,52.515945,13.373588333333334,-0.1857128906249983
34006784,pc1,-72.90375,-73.01905822753906,25.788902718050284,52.51593666666667,13.373396666666666,0.11530822753906023
34006784,pc1,-76.388125,-75.26664733886719,40.80472827487164,52.515946666666665,13.373618333333331,-1.1214776611328148
34006784,pc1,-75.5125,-74.972412109375,38.76716344376135,52.515945,13.373588333333334,-0.5400878906250028
34006784,pc1,-66.31375,-70.7423324584961,7.950399260320216,52.51589666666667,13.373136666666667,4.428582458496095
34006784,pc1,-75.89625,-76.64851379394531,50.914675090741405,52.51594833333333,13.373768333333333,0.7522637939453176
34006784,pc1,-61.14561855670103,-70.99066925048828,10.705188613466621,52.515908333333336,13.372861666666669,9.84505069378725
34006784,pc1,-76.248125,-72.79969787597656,24.339374268188344,52.51593666666667,13.373375,-3.448427124023439
34006784,pc1,-77.33625,-76.65095520019531,50.93340676186714,52.51595,13.373768333333333,-0.6852947998046943
34006784,pc1,-74.58308823529411,-71.64495086669922,16.277248617302295,52.515908333333336,13.37326,-2.9381373685948944
34006784,pc1,-62.60704787234042,-70.43306732177734,1.78385539680605,52.51591833333333,13.373026666666666,7.826019449436927
34006784,pc1,-73.6475,-71.87532806396484,17.98672701052445,52.51593,13.373281666666667,-1.77217193603515
34006784,pc1,-66.10375,-70.55134582519531,5.0632847353844275,52.51591833333333,13.37309,4.447595825195307
34006784,pc1,-77.211875,-76.64851379394531,50.914675090741405,52.51594833333333,13.373768333333333,-0.5633612060546938
34006784,pc1,-76.46375,-76.64851379394531,50.914675090741405,52.51594833333333,13.373768333333333,0.18476379394530795
34006784,pc1,-57.3825,-71.16481018066406,12.34666031408069,52.51587833333333,13.372841666666666,13.782310180664062
34006784,pc1,-74.56875,-74.79235076904297,37.53599595193824,52.515945,13.37357,0.22360076904297443
34006784,pc1,-74.9875,-74.972412109375,38.76716344376135,52.515945,13.373588333333334,-0.015087890624997158
34006784,pc1,-61.62289325842696,-71.14430236816406,12.161391681259081,52.515906666666666,13.37284,9.5214091097371
34006784,pc1,-77.408125,-76.64851379394531,50.914675090741405,52.51594833333333,13.373768333333333,-0.7596112060546858
34006784,pc1,-80.4375,-76.78148651123047,51.943125715904486,52.51595,13.373783333333334,-3.6560134887695312
34006784,pc1,-62.3025,-70.4359359741211,1.9287555677115835,52.515915,13.37304,8.133435974121092
34006784,pc1,-76.659375,-73.05638122558594,26.034550044838806,52.51592,13.373403333333334,-3.6029937744140597
34006784,pc1,-78.080625,-74.30464935302734,34.252665241817105,52.51593333333334,13.373523333333331,-3.775975646972654
34006784,pc1,-72.86125,-72.06121826171875,19.315532456315147,52.515906666666666,13.373305,-0.8000317382812483
34006784,pc1,-67.515,-71.0649185180664,11.425804714705896,52.51588,13.372855,3.5499185180664057
34006784,pc1,-78.13625,-76.748779296875,51.688950162514004,52.515935,13.373781666666666,-1.387470703125004
34006784,pc1,-74.8675,-71.73926544189453,16.986951944735907,52.51593,13.373266666666666,-3.1282345581054756
34006784,pc1,-77.339375,-76.64851379394531,50.914675090741405,52.51594833333333,13.373768333333333,-0.6908612060546915
34006784,pc1,-77.32,-76.64851379394531,50.914675090741405,52.51594833333333,13.373768333333333,-0.6714862060546807
34006784,pc4,-73.59536082474227,-70.95172882080078,10.312448271863643,52.51589166666667,13.372868333333331,-2.643632003941491
34006784,pc4,-78.27,-72.50951385498047,22.399919718982485,52.515926666666665,13.373348333333333,-5.760486145019527
34006784,pc4,-78.126875,-71.84404754638672,17.75896737880021,52.51591166666667,13.373281666666667,-6.2828274536132795
34006784,pc4,-73.725,-70.43450927734375,1.858076340245787,52.5159,13.373046666666667,-3.2904907226562443
34006784,pc4,-74.96118421052631,-70.54621887207031,4.965554689595283,52.51586666666667,13.372976666666666,-4.414965338456
34006784,pc4,-70.56904069767442,-70.42790985107422,1.4893328994759365,52.51589166666667,13.373031666666666,-0.14113084660020547
26367488,pc1,-79.005625,-79.22553253173828,73.16436752970874,52.51584,13.32668,0.21990753173828637
26367488,pc1,-89.885625,-78.85529327392578,69.63582044792469,52.51622166666667,13.324948333333332,-11.030331726074223
26367488,pc1,-76.360625,-74.05936431884766,33.91228889484818,52.516125,13.32633,-2.3012606811523426
26367488,pc1,-75.73625,-70.26541137695312,8.813689271358985,52.516333333333336,13.326091666666668,-5.470838623046873
26367488,pc1,-76.55375,-70.25511169433594,8.706855420700192,52.516335,13.32609,-6.298638305664056
26367488,pc1,-74.8475,-70.62895202636719,12.096854287223511,52.51641333333333,13.325843333333331,-4.218547973632809
26367488,pc1,-82.324375,-81.38736724853516,97.28839115379797,52.51687666666667,13.324836666666666,-0.9370077514648472
26367488,pc1,-90.19625,-79.32910919189453,74.1691970922334,52.51617333333333,13.324896666666667,-10.867140808105475
26367488,pc1,-75.830625,-70.25908660888672,8.7481720159228,52.51634,13.32609,-5.571538391113279
26367488,pc1,-77.226875,-70.04165649414062,6.153134560577679,52.51630333333333,13.325883333333334,-7.185218505859382
26367488,pc1,-80.418125,-71.41535949707031,17.715531816762024,52.516235,13.325753333333331,-9.002765502929691
26367488,pc1,-80.55625,-80.43513488769531,85.8345733998245,52.51683166666667,13.324995,-0.12111511230469318
26367488,pc1,-77.194375,-70.48944091796875,10.925776421118783,52.51629833333333,13.326113333333334,-6.704934082031244
26367488,pc1,-81.01125,-78.19268035888672,63.701122413026205,52.51591166666667,13.326601666666669,-2.8185696411132852
26367488,pc1,-85.206875,-82.38200378417969,110.95327763645318,52.51693333333333,13.324653333333334,-2.824871215820309
26367488,pc1,-76.425,-70.26541137695312,8.813689271358985,52.516333333333336,13.326091666666668,-6.159588623046872
26367488,pc1,-86.15625,-73.55988311767578,30.84210890334312,52.516216666666665,13.325546666666666,-12.596366882324219
26367488,pc1,-75.989375,-71.2740249633789,16.781537266379225,52.51625,13.32617,-4.715350036621089
26367488,pc1,-89.429375,-75.46009826660156,42.945854128755464,52.51620833333333,13.32536,-13.96927673339843
26367488,pc1,-75.858125,-70.25738525390625,8.730488468468145,52.51633833333333,13.32609,-5.600739746093751
26367488,pc1,-90.03,-78.74351501464844,68.60268226403208,52.516185,13.324976666666666,-11.286484985351564
26367488,pc1,-70.85,-72.50894927978516,24.504283448125804,52.516495,13.325718333333333,1.658949279785162
26367488,pc1,-76.59,-70.29925537109375,9.157578721353834,52.51632833333333,13.326096666666666,-6.290744628906253
26367488,pc1,-74.218125,-72.8984146118164,26.8471841031305,52.516175,13.326263333333332,-1.3197103881835943
26367488,pc1,-76.10375,-70.25738525390625,8.730488468468145,52.51633833333333,13.32609,-5.846364746093755
26367488,pc1,-76.3775,-71.24498748779297,16.586684924793683,52.51625166666667,13.326168333333332,-5.132512512207029
26367488,pc1,-78.235,-69.94715118408203,4.642421155956196,52.516351666666665,13.326021666666666,-8.287848815917968
26367488,pc1,-79.701875,-70.57841491699219,11.682252258641729,52.51627,13.325821666666666,-9.123460083007814
26367488,pc1,-75.0325,-70.30150604248047,9.180046377940839,52.51633833333333,13.326096666666666,-4.73099395751953
26367488,pc1,-76.12375,-70.29927062988281,9.157578721353834,52.51632833333333,13.326096666666666,-5.824479370117189
26367488,pc1,-82.588125,-80.50930786132812,86.67640056375092,52.516835,13.324983333333334,-2.07881713867188
26367488,pc1,-76.163125,-70.25511932373047,8.706855420700192,52.516335,13.32609,-5.908005676269525
26367488,pc1,-90.869375,-77.662109375,59.23607853612328,52.516216666666665,13.325106666666668,-13.207265625000005
26367488,pc4,-83.46625,-70.12703704833984,7.270733916044917,52.51627666666667,13.325903333333333,-13.339212951660159
26367488,pc4,-88.2125,-71.59504699707031,18.87449444935944,52.51624666666667,13.32572,-16.617453002929693
26367488,pc4,-86.96625,-71.5679702758789,18.701432832917593,52.51625166666667,13.325718333333333,-15.398279724121096
26367488,pc4,-83.968125,-83.10088348388672,122.09704029039143,52.51547166666667,13.327083333333333,-0.8672415161132818
26367488,pc4,-79.6325,-75.79818725585938,45.259456960012606,52.516015,13.326381666666666,-3.834312744140618
26367488,pc4,-83.23875,-70.01399993896484,5.750442421673067,52.51628333333333,13.325991666666669,-13.224750061035152
26367488,pc4,-87.62,-71.59451293945312,18.87127269255375,52.516241666666666,13.325725,-16.02548706054688
28650244,pc4,-91.43125,-76.695068359375,52.46054320653949,52.498866666666665,13.307046666666666,-14.736181640625006
28650244,pc4,-93.930625,-95.36343383789062,154.27219370734616,52.497385,13.305293333333331,1.4328088378906187
28650244,pc4,-100.179375,-102.6597900390625,187.33822088426462,52.49711833333333,13.305053333333332,2.480415039062507
28650244,pc4,-109.59210526315788,-297.989990234375,476.23410023148585,52.49438166666667,13.309181666666667,188.39788497121714
28650244,pc4,-95.689375,-94.76276397705078,136.7600304024375,52.49738,13.307908333333334,-0.926611022949217
28650244,pc4,-99.598125,-108.30439758300781,179.2451845222591,52.49697,13.30799,8.706272583007816
28650244,pc4,-93.619375,-90.16497039794922,87.47181665082378,52.49784666666667,13.305926666666666,-3.4544046020507864
28650244,pc4,-99.911875,-102.96912384033203,178.65380632136745,52.49722333333333,13.30505,3.0572488403320364
28650244,pc4,-91.546875,-76.695068359375,52.46054320653949,52.498866666666665,13.307046666666666,-14.851806640625
28650244,pc4,-91.5125,-76.2147445678711,48.8319286508547,52.49883833333333,13.307015,-15.297755432128909
28650244,pc4,-101.26125,-107.13411712646484,186.88089692876812,52.49708,13.305143333333334,5.87286712646484
28650244,pc4,-102.138125,-102.96912384033203,178.65380632136745,52.49722333333333,13.30505,0.830998840332029
28650244,pc4,-101.44,-107.189453125,186.35831831798728,52.497076666666665,13.305163333333333,5.749453125000002
28650244,pc4,-100.27,-122.11395263671875,192.15398608923968,52.49685,13.30802,21.843952636718754
28650244,pc4,-95.270625,-94.51922607421875,131.67048316278553,52.49742666666667,13.307888333333333,-0.7513989257812455
28650244,pc4,-91.460625,-75.6951675415039,46.3777424559182,52.49814333333333,13.3063,-15.765457458496087
28650244,pc4,-91.625,-76.88275146484375,53.911783685190436,52.49888,13.307048333333332,-14.74224853515625
28650244,pc4,-101.86875,-107.169677734375,185.71056917450986,52.497081666666666,13.305168333333333,5.300927734374994
28650244,pc4,-98.77125,-126.19405364990234,198.95767252134252,52.496785,13.308028333333333,27.42280364990235
28650244,pc4,-94.96375,-76.14522552490234,48.50279627085598,52.498646666666666,13.307426666666666,-18.81852447509766
28650244,pc4,-92.798125,-73.43777465820312,30.83933587273611,52.49826166666666,13.30644,-19.360350341796874
28650244,pc4,-97.503125,-89.54418182373047,296.67550763770055,52.49590833333333,13.308316666666666,-7.958943176269528
28650244,pc4,-91.421875,-76.09234619140625,47.94089218354042,52.49883,13.307015,-15.32952880859375
28650244,pc4,-101.8675,-90.12301635742188,317.25085440168573,52.49572666666667,13.308385,-11.744483642578132
28650244,pc4,-100.450625,-103.36102294921875,182.43530125666425,52.497185,13.305036666666666,2.9103979492187477
28650244,pc4,-102.52,-102.96912384033203,178.65380632136745,52.49722333333333,13.30505,0.44912384033203523
28650244,pc4,-89.95625,-70.68404388427734,12.837316912190179,52.498405,13.30663,-19.272206115722653
28650244,pc4,-91.260625,-75.90799713134766,46.61588207532428,52.49881666666667,13.30702,-15.352627868652348
28650244,pc4,-90.32375,-70.29337310791016,9.469744036450225,52.49847166666667,13.306713333333333,-20.030376892089848
28650244,pc4,-85.24625,-72.59049224853516,25.277275912932154,52.49864166666666,13.30686,-12.655757751464847
28650244,pc4,-91.455,-76.6633071899414,52.21731671412902,52.498865,13.307043333333333,-14.791692810058592
28650244,pc4,-91.493125,-76.71817016601562,52.63770536449212,52.49886833333333,13.307046666666666,-14.774954833984381
28650244,pc4,-98.054375,-102.96912384033203,178.65380632136745,52.49722333333333,13.30505,4.914748840332038
28650244,pc4,-101.4925,-112.33985137939453,221.83576818372046,52.49658166666666,13.308108333333331,10.847351379394524
28650244,pc4,-89.848125,-70.73005676269531,13.16595056685794,52.49852,13.306726666666666,-19.118068237304684
28650244,pc4,-101.241875,-102.96912384033203,178.65380632136745,52.49722333333333,13.30505,1.727248840332038
28650244,pc4,-101.625,-101.27652740478516,216.7849392106843,52.496625,13.308085,-0.34847259521484375
28650244,pc4,-91.384375,-76.51407623291016,51.05499598047539,52.498855,13.307038333333333,-14.87029876708985
28650244,pc4,-93.64625,-76.14458465576172,48.47685948186067,52.49855333333333,13.307498333333331,-17.501665344238276
28650244,pc4,-94.234375,-78.74210357666016,78.74897128767728,52.49791166666667,13.306001666666669,-15.492271423339844
26356996,pc1,-90.0048076923077,-70.76805877685547,8.271989077704236,52.51268,13.286788333333334,-19.236748915452225
26356996,pc1,-101.39375,-84.70731353759766,144.75819301321295,52.51199833333333,13.288748333333332,-16.68643646240234
26356996,pc1,-88.875,-70.7730941772461,8.33314442447591,52.51267833333333,13.286786666666666,-18.101905822753906
26356996,pc1,-101.301875,-82.45478057861328,110.2125552484884,52.512978333333336,13.288448333333331,-18.847094421386714
26356996,pc1,-98.74816176470588,-75.78694152832031,44.50650445699147,52.51230833333333,13.286591666666666,-22.96122023638557
26356996,pc1,-103.48039215686276,-84.50391387939453,141.27668139102835,52.51199666666667,13.288686666666669,-18.97647827746823
26356996,pc1,-101.81875,-82.03661346435547,104.6780436728042,52.51303,13.288328333333334,-19.782136535644526
26356996,pc1,-92.121875,-87.23766326904297,195.3766617904854,52.510963333333336,13.286155,-4.884211730957034
26356996,pc1,-96.829375,-88.98758697509766,239.82401931185314,52.51058166666667,13.285958333333332,-7.841788024902343
26356996,pc1,-101.62125,-85.0644760131836,151.07712601143413,52.51134833333333,13.286323333333334,-16.55677398681641
26356996,pc1,-97.635,-76.9725570678711,53.44971080991883,52.51302833333333,13.287413333333332,-20.66244293212891
26356996,pc1,-101.82409793814432,-85.1319580078125,152.28552873896967,52.51190166666667,13.28878,-16.69213993033182
26356996,pc1,-89.83928571428571,-70.76805877685547,8.271989077704236,52.51268,13.286788333333334,-19.07122693743024
26356996,pc1,-99.225,-78.33767700195312,64.89153404458877,52.513036666666665,13.287638333333334,-20.88732299804687
26356996,pc1,-94.523125,-72.03238677978516,19.116247959600017,52.51283,13.286865,-22.490738220214837
26356996,pc1,-103.389375,-78.24300384521484,64.05730206387547,52.51211833333333,13.286583333333333,-25.146371154785157
26356996,pc1,-94.40875,-72.03238677978516,19.116247959600017,52.51283,13.286865,-22.37636322021484
26356996,pc1,-91.68125,-70.99292755126953,10.729443522658876,52.512695,13.286758333333331,-20.688322448730474
26356996,pc1,-94.4875,-72.03238677978516,19.116247959600017,52.51283,13.286865,-22.45511322021484
26356996,pc1,-104.181875,-76.66691589355469,51.06692466725986,52.512238333333336,13.286606666666668,-27.514959106445318
26356996,pc1,-96.42375,-71.75596618652344,17.114899055018775,52.51281,13.28685,-24.66778381347656
26356996,pc1,-99.670625,-80.39144134521484,85.12850289498246,52.51304666666667,13.287991666666668,-19.279183654785157
26356996,pc1,-101.375,-81.83399963378906,102.0838639566588,52.513036666666665,13.288281666666666,-19.541000366210938
26356996,pc1,-94.790625,-72.03238677978516,19.116247959600017,52.51283,13.286865,-22.75823822021485
26356996,pc1,-102.051875,-81.1900405883789,94.19870007908067,52.51305,13.288141666666666,-20.86183441162109
26356996,pc1,-102.48958333333331,-82.6417236328125,112.76831686608624,52.51247666666666,13.288545,-19.847859700520814
26356996,pc1,-90.07932692307692,-70.69245147705078,7.297762731808643,52.512663333333336,13.286798333333332,-19.38687544602614
26356996,pc1,-96.693125,-75.12313079833984,39.81579961578464,52.51300833333333,13.287041666666669,-21.56999420166015
26356996,pc1,-101.22585227272728,-80.18962860107422,82.95179297521851,52.513025,13.287975,-21.03622367165306
26356996,pc1,-91.239375,-87.8779296875,210.62848908030503,52.51083166666667,13.286091666666668,-3.3614453124999955
26356996,pc1,-94.298125,-72.10826873779297,19.650888432854003,52.512835,13.286866666666668,-22.18985626220703
26356996,pc1,-90.06743421052632,-70.76805877685547,8.271989077704236,52.51268,13.286788333333334,-19.299375433670846
26356996,pc1,-100.3525,-80.14177703857422,82.44224182415981,52.51303,13.287961666666666,-20.210722961425788
26356996,pc1,-97.71875,-82.2314682006836,107.22478906102376,52.51276166666667,13.288481666666666,-15.487281799316406
26356996,pc1,-99.819375,-82.45135498046875,110.16528599631593,52.51282333333333,13.288511666666666,-17.368020019531244
26356996,pc1,-96.744375,-76.33460235595703,48.53803838270441,52.51302333333334,13.287303333333334,-20.409772644042974
26356996,pc1,-92.875,-71.0924301147461,11.68718904200412,52.51276,13.286853333333331,-21.782569885253906
26356996,pc1,-90.04326923076923,-70.77700805664062,8.380638346012953,52.51268,13.286786666666666,-19.2662611741286
26356996,pc1,-95.448125,-73.92059326171875,31.715076725652562,52.512945,13.28692,-21.527531738281255
26356996,pc1,-94.3515625,-74.2835922241211,34.119881220664645,52.51295833333333,13.287023333333334,-20.067970275878906
28650250,pc4,-103.375625,-71.65182495117188,21.626586935637036,52.49668833333333,13.305125,-31.723800048828124
28650250,pc4,-108.205,-95.3660659790039,22.92987980523883,52.496921666666665,13.30566,-12.838934020996092
28650250,pc4,-102.62375,-71.66522216796875,21.732807667315047,52.49668666666667,13.305125,-30.95852783203125
28650250,pc4,-102.65,-71.65166473388672,21.626586935637036,52.49668833333333,13.305125,-30.998335266113287
28650250,pc4,-105.45625,-79.761474609375,79.057412054222,52.49684,13.306553333333332,-25.694775390624997
28650250,pc4,-102.64,-90.30018615722656,16.029356587946285,52.49694333333333,13.30538,-12.339813842773438
28650250,pc4,-105.29875,-79.68268585205078,78.25842685100044,52.496838333333336,13.306541666666666,-25.616064147949217
28650250,pc4,-102.478125,-98.64679718017578,12.210060861590293,52.49690666666667,13.30535,-3.8313278198242244
28650250,pc4,-105.78485576923076,-127.3663558959961,84.30800968338146,52.497165,13.306478333333333,21.581500126765334
28650250,pc4,-106.9718137254902,-127.17089080810547,88.94521990163507,52.49717,13.306551666666667,20.199077082615275
28650250,pc4,-103.565625,-71.34637451171875,19.546210140011357,52.496721666666666,13.305128333333334,-32.21925048828125
28650250,pc4,-106.899375,-79.7613296508789,79.057412054222,52.49684,13.306553333333332,-27.1380453491211
28650250,pc4,-101.82375,-97.25321960449219,3.471043820079464,52.496813333333336,13.305341666666669,-4.5705303955078165
28650250,pc4,-110.303125,-141.4645538330078,53.16281812828051,52.49698166666667,13.306113333333334,31.161428833007818
28650250,pc4,-104.350625,-71.38826751708984,19.675911902584524,52.49671333333333,13.305133333333334,-32.96235748291015
28650250,pc4,-109.626875,-110.65442657470703,58.88524899348884,52.49716166666666,13.306021666666666,1.027551574707033
28650250,pc4,-105.555,-79.7651138305664,79.057412054222,52.49684,13.306553333333332,-25.7898861694336
28650250,pc4,-104.76375,-79.76139068603516,79.057412054222,52.49684,13.306553333333332,-25.002359313964845
28650250,pc4,-102.905625,-78.68840789794922,10.660429451279358,52.49680166666667,13.30523,-24.217217102050782
28650250,pc4,-102.344375,-71.68277740478516,21.626586935637036,52.49668833333333,13.305125,-30.661597595214843
28650250,pc4,-98.768125,-91.53278350830078,21.75203503904654,52.49696166666666,13.305208333333333,-7.2353414916992165
28650250,pc4,-101.014375,-78.77227020263672,13.530624811800413,52.49681,13.305188333333334,-22.242104797363282
28650250,pc4,-109.7025,-129.43128967285156,71.99552750892154,52.497165,13.306265,19.728789672851562
28650250,pc4,-109.0096153846154,-135.67620849609375,75.85766446636967,52.497165,13.306333333333331,26.66659311147835
28650250,pc4,-104.661875,-83.39413452148438,14.820253321558818,52.49677666666667,13.305171666666666,-21.26774047851562
28650250,pc4,-105.51375,-79.7613296508789,79.057412054222,52.49684,13.306553333333332,-25.752420349121095
28650250,pc4,-106.689375,-83.55494689941406,28.72860764777413,52.496575,13.305176666666666,-23.134428100585936
28650250,pc4,-102.691875,-72.25651550292969,28.601820578351596,52.49661166666667,13.305098333333332,-30.43535949707031
28650250,pc4,-105.291875,-80.4081802368164,12.85075854373501,52.49691,13.305441666666669,-24.8836947631836
28650250,pc4,-103.4825,-92.89619445800781,17.372463397693224,52.49695333333333,13.305345,-10.58630554199219
28650250,pc4,-105.915,-71.52135467529297,20.624503843786353,52.49670166666667,13.305128333333334,-34.39364532470704
28650250,pc4,-109.24273255813954,-100.0186538696289,50.58896792660506,52.497148333333335,13.305866666666669,-9.22407868851063
28650250,pc4,-104.7,-70.78634643554688,15.389318921771757,52.49671666666666,13.305205,-33.91365356445313
28650250,pc4,-102.45,-71.8110122680664,22.27678890533477,52.49666833333333,13.305138333333334,-30.638987731933597
28650250,pc4,-105.68583333333332,-118.67703247070312,76.90282869201877,52.49703,13.306458333333332,12.991199137369804
28650250,pc4,-110.383125,-110.4696273803711,61.688829544453775,52.49716333333333,13.306075,0.08650238037108693
28650250,pc4,-102.075625,-71.65171813964844,21.626586935637036,52.49668833333333,13.305125,-30.423906860351565
28650250,pc4,-104.24833333333332,-72.3075180053711,27.85183125208325,52.49662833333333,13.305086666666666,-31.940815327962227
28650250,pc4,-104.905625,-71.13814544677734,18.02193494402514,52.496715,13.30516,-33.76747955322266
28650250,pc4,-103.84375,-83.6089096069336,35.887737565149166,52.49709833333333,13.305586666666668,-20.234840393066406
26366722,pc1,-99.325,-78.38457489013672,10.110904690616149,52.49033,13.304521666666666,-20.940425109863284
26366722,pc1,-101.70625,-88.88851928710938,16.453609116991668,52.490095,13.304576666666666,-12.817730712890622
26366722,pc1,-100.8024193548387,-85.32625579833984,20.27084094757955,52.490425,13.304571666666666,-15.47616355649886
26366722,pc1,-96.231875,-78.59712982177734,10.327562759896965,52.49033333333333,13.30453,-17.63474517822266
26366722,pc1,-106.995625,-85.23287200927734,21.42758936128688,52.49042666666666,13.304658333333334,-21.76275299072266
26366722,pc1,-106.295625,-80.08016204833984,4.7525364591041805,52.490205,13.304596666666669,-26.215462951660157
26366722,pc1,-101.96348314606742,-80.94810485839844,15.038254167491205,52.49037333333333,13.304621666666666,-21.01537828766898
26366722,pc1,-101.545,-80.36570739746094,8.265740701122885,52.490181666666665,13.304633333333332,-21.179292602539064
26366722,pc1,-100.779375,-82.42603302001953,30.184302734088625,52.48997166666667,13.304586666666667,-18.35334197998047
26366722,pc1,-104.23969072164948,-84.35616302490234,39.86803883778668,52.489885,13.304525,-19.883527696747137
26366722,pc1,-103.9125,-81.75971221923828,24.065220065202816,52.490026666666665,13.304583333333332,-22.152787780761713
26366722,pc1,-105.854375,-80.05332946777344,4.091008623476487,52.490253333333335,13.304621666666666,-25.801045532226567
26366722,pc1,-105.999375,-80.20153045654297,6.823114128941517,52.490295,13.304616666666666,-25.797844543457032
26366722,pc1,-100.98375,-82.73638153076172,32.39105754993771,52.48995166666667,13.304581666666667,-18.247368469238282
26366722,pc1,-100.7575,-80.88301849365234,14.335728782794623,52.49037166666667,13.30456,-19.87448150634765
26366722,pc1,-102.965,-78.69219970703125,6.974293752654729,52.4903,13.304521666666666,-24.272800292968753
26366722,pc1,-100.176875,-85.02067565917969,7.914077852010931,52.49030833333333,13.304518333333334,-15.156199340820308
26366722,pc1,-105.08625,-81.88819122314453,24.77088372698908,52.49002,13.304566666666666,-23.198058776855476
26366722,pc1,-101.8525,-80.95203399658203,14.892580807468697,52.49037666666667,13.304568333333334,-20.900466003417975
26366722,pc1,-100.168125,-80.04115295410156,7.015530445011959,52.49030166666667,13.304526666666666,-20.12697204589844
26366722,pc1,-108.55492424242424,-84.01343536376953,40.04987928238363,52.48988666666666,13.304475,-24.541488878654704
26366722,pc1,-105.176875,-81.46052551269531,23.014079252964883,52.49003666666667,13.304595,-23.716349487304683
26366722,pc1,-105.89625,-80.53790283203125,32.61227565273158,52.48995166666667,13.304505,-25.358347167968745
26366722,pc1,-106.256875,-91.69642639160156,17.94364635142453,52.49008166666667,13.304548333333331,-14.560448608398431
26366722,pc1,-106.029375,-80.33164978027344,6.782471202772142,52.49028666666667,13.304633333333332,-25.697725219726564
26366722,pc1,-98.9125,-81.00758361816406,15.265843987792202,52.49038,13.30457,-17.904916381835932
26366722,pc1,-107.205,-80.51673126220703,11.023574314965314,52.49033333333333,13.30463,-26.688268737792967
26366722,pc1,-102.5925,-84.69535827636719,4.1113217369513695,52.49026333333333,13.304513333333333,-17.897141723632814
26366722,pc1,-102.4625,-78.55492401123047,7.021195554228777,52.4903,13.30452,-23.907575988769537
26366722,pc1,-107.4690594059406,-80.68661499023438,5.354142977564745,52.49020166666666,13.304605,-26.782444415706223
26366722,pc4,-107.704375,-80.06961822509766,4.700382008074515,52.49025833333334,13.304628333333334,-27.634756774902343
26366722,pc4,-106.849375,-80.73989868164062,5.334862967388023,52.49029,13.30455,-26.10947631835937
26366722,pc4,-107.356875,-92.21773529052734,18.838380341625406,52.490075,13.304525,-15.139139709472659
26366722,pc4,-107.27430555555556,-80.10933685302734,5.996972129419644,52.490296666666666,13.304566666666666,-27.164968702528213
26366722,pc4,-107.611875,-78.78199768066406,2.7419586683643837,52.49024166666667,13.304523333333334,-28.829877319335935
26366722,pc4,-102.43625,-87.74485778808594,5.823641761871894,52.490265,13.304641666666669,-14.691392211914064
26366722,pc4,-107.988125,-80.32382202148438,8.835908352501232,52.490163333333335,13.30456,-27.66430297851562
26366722,pc4,-106.5325,-84.01374816894531,31.662593813083927,52.48995833333333,13.304541666666667,-22.518751831054686
26366722,pc4,-103.715,-80.05754852294922,5.018697435708332,52.49026666666666,13.304626666666667,-23.657451477050785
26366722,pc4,-105.66625,-80.19135284423828,9.033722001900061,52.490323333333336,13.304546666666669,-25.474897155761724
34210566,pc1,-100.8875,-79.84900665283203,79.40191567141176,52.49487666666667,13.285741666666668,-21.03849334716797
34210566,pc1,-106.3325,-83.594482421875,126.75996704206113,52.495601666666666,13.283123333333334,-22.738017578124996
34210566,pc1,-108.89875,-78.46302032470703,66.0654389819009,52.495635,13.285876666666669,-30.435729675292976
34210566,pc1,-110.79,-80.28759765625,84.07320213026784,52.49590666666667,13.285913333333331,-30.502402343750006
34210566,pc1,-115.37583333333332,-73.37277221679688,28.121111494252677,52.49562333333333,13.285205,-42.00306111653644
34210566,pc1,-102.6075,-79.49614715576172,75.82499369129881,52.49493,13.285758333333334,-23.111352844238283
34210566,pc1,-107.79,-79.04448699951172,71.42290217526669,52.49492333333333,13.28565,-28.745513000488288
34210566,pc1,-106.236875,-77.35810089111328,56.57918028403946,52.495245,13.285758333333334,-28.878774108886716
34210566,pc1,-116.62083333333334,-75.40962219238281,41.81731631936248,52.495781666666666,13.285105,-41.211211140950525
34210566,pc1,-113.20666666666666,-74.26580047607422,34.015995896514106,52.495293333333336,13.285431666666666,-38.940866190592445
34210566,pc1,-108.8875,-81.62197875976562,99.52727702572982,52.49608833333333,13.285938333333334,-27.265521240234378
34210566,pc1,-106.30375,-77.48127746582031,57.58800224072362,52.495145,13.285696666666666,-28.82247253417968
34210566,pc1,-108.205,-78.62952423095703,67.57950701097731,52.495665,13.28588,-29.575475769042967
34210566,pc1,-104.23666666666666,-80.64286041259766,87.97657795428964,52.49479333333333,13.285775,-23.59380625406901
34210566,pc1,-113.3025,-75.0542984008789,39.353043465282816,52.49515333333333,13.284578333333334,-38.24820159912109
34210566,pc1,-100.57516891891892,-87.72026824951172,207.17537475411672,52.49594833333333,13.282038333333333,-12.8549006694072
34210566,pc1,-111.82666666666668,-75.93917083740234,45.63492750182997,52.49516333333333,13.285503333333333,-35.88749582926434
34210566,pc1,-115.59,-74.9659652709961,38.73218538676023,52.49575,13.285125,-40.62403472900391
34210566,pc1,-105.46125,-85.1844482421875,153.2921875545803,52.495718333333336,13.282761666666667,-20.276801757812507
34210566,pc1,-106.19375,-84.41348266601562,139.9137902521208,52.49566,13.282943333333334,-21.78026733398437
34210566,pc1,-110.2525,-80.5126724243164,86.53194619352107,52.495936666666665,13.285918333333331,-29.73982757568359
34210566,pc4,-105.21625,-81.34803009033203,96.18437051184804,52.494805,13.285978333333333,-23.86821990966797
34210566,pc4,-112.81833333333331,-80.62044525146484,87.69011944786885,52.49494833333333,13.286015,-32.19788808186847
34210566,pc4,-112.63404605263158,-80.75164794921875,89.16289096307489,52.494886666666666,13.285961666666667,-31.882398103412825
34210566,pc4,-116.13,-75.64220428466797,43.46729329590981,52.49503,13.285085,-40.48779571533203
34210566,pc4,-110.44833333333334,-80.49759674072266,86.36957153673512,52.49478833333333,13.285725,-29.95073659261068
34210566,pc4,-116.30166666666666,-78.093994140625,62.755994077893575,52.49491666666667,13.285406666666669,-38.20767252604166
34210566,pc4,-118.19583333333334,-80.66814422607422,88.21289039096365,52.495045,13.286123333333334,-37.52768910725912
34210566,pc4,-107.3875,-80.95404815673828,91.47668980492767,52.49485666666666,13.285963333333331,-26.43345184326172
34210566,pc4,-107.68125,-80.03768157958984,81.40081119403617,52.494796666666666,13.285615,-27.643568420410162
34210566,pc4,-116.6275,-80.68821716308594,88.4386184958315,52.49505833333333,13.286138333333334,-35.93928283691406
34210566,pc4,-117.93916666666668,-80.72059631347656,88.89447085615315,52.495085,13.286166666666666,-37.21857035319012
34210566,pc4,-108.57125,-81.09141540527344,93.08098175215973,52.49483666666666,13.285965,-27.47983459472657
34210566,pc4,-114.9975,-78.92754364013672,70.30853032270231,52.494875,13.285511666666666,-36.06995635986328
34210566,pc4,-116.23416666666668,-75.20436096191406,40.38826140396879,52.49505333333333,13.285031666666669,-41.02980570475262
34210566,pc4,-116.57916666666668,-74.43085479736328,35.110558393938184,52.4951,13.284926666666667,-42.1483118693034
34210566,pc4,-111.13583333333334,-80.63419342041016,87.85183916013499,52.49492333333333,13.285986666666666,-30.50163991292318
34210566,pc4,-118.3575,-73.69305419921875,30.22590514306056,52.49519166666666,13.284715,-44.66444580078125
34210566,pc4,-109.875,-80.67200469970703,88.26581637212183,52.494905,13.28597,-29.20299530029297
34210566,pc4,-112.86317567567568,-79.63969421386719,77.29272024404789,52.49482,13.285561666666666,-33.22348146180849
26363649,pc1,-82.60606060606061,-76.1886215209961,48.00508516552523,52.511885,13.312045,-6.417439085064515
26363649,pc1,-75.906875,-73.14928436279297,28.359125359011117,52.51190833333333,13.311751666666666,-2.7575906372070307
26363649,pc1,-78.986875,-74.04656219482422,33.83509102350037,52.51191666666666,13.31084,-4.940312805175779
26363649,pc1,-83.64875,-78.39630126953125,65.48585362110983,52.51194666666667,13.312296666666668,-5.252448730468757
26363649,pc1,-88.62375,-79.4158935546875,75.04242458966515,52.51191,13.312443333333333,-9.207856445312501
26363649,pc1,-78.363125,-71.246826171875,16.60032999938275,52.511855,13.311578333333332,-7.116298828124997
26363649,pc1,-81.64125,-76.21907806396484,48.22277401279156,52.511876666666666,13.312048333333331,-5.422171936035156
26363649,pc1,-80.30050505050505,-69.86820983886719,2.870259387268083,52.511898333333335,13.31136,-10.432295211637864
26363649,pc1,-80.431875,-70.2498550415039,8.656252527365282,52.51182333333333,13.311243333333334,-10.182019958496099
26363649,pc1,-74.074375,-71.20460510253906,16.315407401390946,52.511885,13.311095,-2.869769897460941
26363649,pc1,-82.11,-76.56716918945312,50.750947463527,52.51191333333333,13.312083333333334,-5.542830810546874
26363649,pc1,-80.343125,-70.17705535888672,7.860773724295308,52.51190833333333,13.31144,-10.166069641113282
26363649,pc1,-75.64603960396039,-73.59439086914062,31.057058968191228,52.51183666666667,13.310881666666669,-2.0516487348197643
26363649,pc1,-76.19625,-72.72247314453125,25.79049197492644,52.5119,13.311715,-3.4737768554687563
26363649,pc1,-73.73625,-71.81118774414062,20.239741654670148,52.511876666666666,13.311036666666666,-1.9250622558593733
26363649,pc1,-86.60972222222222,-80.06515502929688,81.76340241211199,52.51193666666666,13.31254,-6.544567192925342
26363649,pc1,-86.00921052631578,-79.68104553222656,77.72211617426574,52.511905,13.312483333333333,-6.328164994089221
26363649,pc1,-74.331875,-71.99908447265625,21.403781213414952,52.51181166666667,13.311038333333332,-2.3327905273437466
26363649,pc1,-75.859375,-72.10570526123047,22.058639861147594,52.51187,13.31101,-3.7536697387695312
26363649,pc1,-78.943125,-70.33788299560547,9.539420458609962,52.511875,13.311476666666668,-8.605242004394526
26363649,pc1,-78.685,-69.94856262207031,4.6767327705586474,52.511878333333335,13.311266666666668,-8.73643737792969
26363649,pc1,-80.52875,-69.83529663085938,1.6464403642625487,52.511878333333335,13.31136,-10.693453369140627
26363649,pc1,-82.085625,-77.85474395751953,60.83814489922713,52.51193333333333,13.31223,-4.230881042480462
26363649,pc1,-76.86625,-71.3321762084961,17.16943380938104,52.51184833333333,13.311585,-5.5340737915039
26363649,pc1,-80.855,-74.09871673583984,34.158829721071584,52.51186333333333,13.31184,-6.75628326416016
26363649,pc1,-88.873125,-79.63761138916016,77.27722777007543,52.511948333333336,13.312471666666667,-9.235513610839845
26363649,pc1,-76.811875,-73.35850524902344,29.624209952491967,52.511851666666665,13.3109,-3.453369750976563
26363649,pc1,-82.198125,-77.12112426757812,54.93880870961137,52.51193666666666,13.312141666666667,-5.0770007324218795
26363649,pc1,-75.29625,-71.2245864868164,16.450503180371083,52.51188666666667,13.311578333333332,-4.071663513183594
26363649,pc1,-85.499375,-79.17498779296875,72.68095451223955,52.51192666666667,13.312406666666666,-6.324387207031251
26363649,pc1,-79.790625,-70.45051574707031,10.585453765591076,52.51186833333333,13.31118,-9.340109252929693
26363649,pc1,-73.72125,-71.49365234375,18.225324687638174,52.511845,13.311071666666669,-2.2275976562499977
26363649,pc1,-80.493125,-70.10669708251953,7.0249556582780555,52.51183,13.311266666666668,-10.386427917480475
26363649,pc1,-76.353125,-71.39107513427734,17.55780097689458,52.51188333333333,13.311595,-4.962049865722662
26363649,pc1,-77.1625,-75.5388412475586,43.485206295777644,52.51190666666667,13.310695,-1.6236587524414006
26363649,pc1,-89.1375,-80.37178802490234,85.13311487159822,52.51195833333333,13.312586666666666,-8.765711975097659
26363649,pc1,-85.01,-79.2059097290039,72.980420948085,52.51197,13.312403333333334,-5.804090270996099
26363649,pc1,-79.878125,-74.83246612548828,38.80795212512704,52.51191,13.311906666666667,-5.045658874511716
26363649,pc1,-82.494375,-75.7533187866211,44.95188401745718,52.51192666666667,13.311995,-6.741056213378911
26363649,pc1,-82.44375,-78.6875228881836,68.10235266600105,52.511895,13.312341666666669,-3.7562271118164006
29127685,pc1,-81.18604651162791,-75.69898223876953,44.57654818376348,52.511948333333336,13.313073333333334,-5.487064272858376
29127685,pc1,-86.1875,-83.49510192871094,128.72438479508756,52.51204833333333,13.314306666666669,-2.6923980712890625
29127685,pc1,-92.725625,-90.95005798339844,354.82413166430865,52.51227333333333,13.317628333333332,-1.7755670166015562
29127685,pc1,-91.53625,-91.36195373535156,374.9744807573827,52.51229,13.317925,-0.17429626464843295
29127685,pc1,-92.54375,-91.54943084716797,384.4904559974931,52.51229833333333,13.318065,-0.9943191528320341
29127685,pc1,-98.74375,-92.30201721191406,424.1697524781137,52.51234333333333,13.318646666666666,-6.441732788085943
29127685,pc1,-96.7125,-92.17243957519531,416.95850832937106,52.51233166666667,13.318541666666668,-4.540060424804693
29127685,pc1,-82.32932692307692,-81.56135559082031,99.569669813201,52.51199833333333,13.313883333333331,-0.7679713322566073
29127685,pc1,-87.33173076923077,-87.7031021118164,228.17223189400653,52.51213,13.315771666666668,0.37137134258563265
29127685,pc1,-82.26315789473684,-70.7191162109375,12.814979392625606,52.51196,13.312548333333334,-11.544041683799335
29127685,pc1,-81.375,-79.24007415771484,73.30781482362407,52.511975,13.313496666666667,-2.1349258422851562
29127685,pc1,-101.0675,-92.63373565673828,443.15852780764743,52.512365,13.318925,-8.433764343261714
29127685,pc1,-92.80875,-90.51075744628906,334.4513961828651,52.512256666666666,13.317328333333334,-2.297992553710941
29127685,pc1,-91.09375,-89.81448364257812,304.25550132362673,52.51223333333333,13.316883333333331,-1.279266357421875
29127685,pc1,-94.5875,-88.41754913330078,251.58265140368906,52.512193333333336,13.316106666666666,-6.169950866699224
29127685,pc1,-82.4625,-74.22296905517578,34.93241306698938,52.511941666666665,13.31293,-8.239530944824224
29127685,pc1,-92.36298076923076,-90.93021392822266,353.87962486748677,52.51226166666667,13.317616666666666,-1.4327668410081031
29127685,pc1,-89.289375,-89.56005096435547,293.93504568211347,52.51222333333333,13.316731666666668,0.27067596435546193
29127685,pc1,-90.2225,-86.86461639404297,203.48843508670546,52.51215166666667,13.315398333333333,-3.357883605957028
29127685,pc1,-85.47256097560975,-83.947021484375,136.78025846371023,52.512056666666666,13.314425,-1.5255394912347526
29127685,pc1,-89.011875,-87.22533416748047,213.80189365578892,52.51216166666666,13.31555,-1.7865408325195347
29127685,pc1,-87.201171875,-87.3769760131836,218.20949275257428,52.512121666666665,13.315625,0.17580413818359375
29127685,pc1,-82.30125,-73.04816436767578,27.74862967878634,52.511975,13.3128,-9.253085632324215
29127685,pc4,-85.888125,-89.64891815185547,297.50405222150397,52.512135,13.316801666666668,3.7607931518554665
29127685,pc4,-76.151875,-76.91041564941406,53.32044643989474,52.5119,13.313213333333334,0.7585406494140585
29127685,pc4,-74.500625,-83.05119323730469,121.2869248434411,52.511745,13.310646666666669,8.550568237304688
29127685,pc4,-80.87625,-85.6272201538086,171.8130984852531,52.51170166666667,13.309903333333333,4.750970153808595
29127685,pc4,-88.930625,-90.75582122802734,345.6794651460258,52.51218833333333,13.317508333333333,1.8251962280273375
29127685,pc4,-91.986875,-85.8945541381836,178.14798271725988,52.51202833333333,13.315046666666667,-6.092320861816404
29127685,pc4,-78.42375,-82.77161407470703,116.86711716004902,52.511966666666666,13.314146666666666,4.347864074707033
29127685,pc4,-87.274375,-89.93213653564453,309.5109277653026,52.512145,13.316978333333331,2.657761535644525
29127685,pc4,-82.961875,-87.33395385742188,217.01271607132486,52.51166333333333,13.309238333333331,4.372078857421869
29127685,pc4,-95.208125,-91.91813659667969,403.13339611336306,52.51224833333333,13.318351666666668,-3.289988403320308
29127685,pc4,-82.134375,-84.13036346435547,140.20095936532064,52.51199666666667,13.314488333333331,1.995988464355463
29127685,pc4,-78.5675,-85.0695571899414,159.24745789634588,52.51171166666666,13.310088333333333,6.502057189941411
29127685,pc4,-89.0225,-91.00827026367188,357.6116527948011,52.51220166666667,13.317683333333331,1.9857702636718813
29127685,pc4,-73.3125,-73.29077911376953,29.21264891827129,52.511878333333335,13.312858333333333,-0.02172088623046875
29127685,pc4,-97.7225,-92.88098907470703,457.8187949741699,52.512301666666666,13.319155,-4.841510925292965
29127685,pc4,-86.153125,-86.79379272460938,201.52485786643936,52.512051666666665,13.31539,0.6406677246093722
29127685,pc4,-89.035625,-90.49217224121094,333.616591254757,52.51217333333334,13.317331666666666,1.4565472412109415
28792072,pc1,-94.335,-132.22283935546875,506.5269670787074,52.490116666666665,13.304648333333333,37.887839355468756
28792072,pc4,-105.34987113402062,-115.5957260131836,202.25947819705524,52.49648166666667,13.305156666666669,10.245854879162977
28792072,pc4,-93.50625,-80.1467514038086,3.173123204859923,52.494681666666665,13.304943333333334,-13.3594985961914
28792072,pc4,-102.95166666666668,-119.42919158935547,223.53793281234337,52.496675,13.305126666666666,16.477524922688787
28792072,pc4,-94.28625,-76.81267547607422,59.56471889376324,52.495205,13.304913333333332,-17.473574523925777
28792072,pc4,-104.94632352941176,-119.45663452148438,224.26984904709445,52.49668166666667,13.305125,14.510310992072618
28792072,pc4,-94.90875,-76.43892669677734,58.370233253888216,52.494146666666666,13.304821666666667,-18.469823303222654
28792072,pc4,-96.435,-79.42244720458984,91.25229209046404,52.49549,13.304911666666667,-17.01255279541016
28792072,pc4,-96.449375,-91.24903106689453,107.98795728775207,52.49563833333333,13.305008333333332,-5.200343933105472
28792072,pc4,-92.22625,-79.14952087402344,73.03419303201824,52.49401833333334,13.304758333333334,-13.076729125976556
28792072,pc4,-93.72875,-77.61929321289062,69.81018010070827,52.49404166666667,13.304881666666668,-16.10945678710938
28792072,pc4,-92.24375,-74.93030548095703,44.75474446508997,52.49426833333333,13.304845,-17.313444519042974
28792072,pc4,-96.378125,-77.3273696899414,66.7917593431179,52.49527,13.304913333333332,-19.05075531005859
28792072,pc4,-91.505,-69.7291030883789,3.0357525754573698,52.49467333333333,13.304856666666666,-21.77589691162109
28792072,pc4,-101.415,-115.56666564941406,202.8230782523168,52.49648666666667,13.305158333333331,14.151665649414056
28792072,pc4,-104.2225,-119.42919158935547,223.53793281234337,52.496675,13.305126666666666,15.206691589355472
28792072,pc4,-99.62125,-112.8125228881836,133.6497237427259,52.49586833333333,13.30504,13.19127288818359
28792072,pc4,-94.281875,-76.06289672851562,52.70679389422575,52.49514333333333,13.304911666666667,-18.218978271484374
28792072,pc4,-93.466875,-70.14069366455078,9.32033946927434,52.494745,13.304841666666666,-23.32618133544922
28792072,pc4,-104.49375,-119.42919158935547,223.53793281234337,52.496675,13.305126666666666,14.935441589355463
28792072,pc4,-96.265,-76.9483871459961,84.4410023668769,52.49542833333334,13.304943333333334,-19.316612854003907
28792072,pc4,-98.0875,-78.2575912475586,78.66184858193878,52.495376666666665,13.304923333333331,-19.829908752441412
28792072,pc4,-100.10125,-113.04346466064453,130.6553329479741,52.49583833333333,13.305096666666667,12.942214660644538
28792072,pc4,-92.66,-78.8384017944336,77.23944124786416,52.493975,13.30487,-13.821598205566403
28792072,pc4,-90.964375,-80.40998077392578,9.81398012725698,52.49458333333333,13.304933333333333,-10.554394226074223
28792072,pc4,-92.31625,-71.3496322631836,19.254573999058255,52.49449833333333,13.304856666666666,-20.966617736816403
28792072,pc4,-94.07375,-75.52643585205078,50.002253264270244,52.495115,13.305,-18.547314147949223
28792072,pc4,-104.350625,-119.42919158935547,223.53793281234337,52.496675,13.305126666666666,15.078566589355475
28792072,pc4,-99.2225,-94.33238220214844,116.13726457171357,52.49570833333333,13.305076666666666,-4.890117797851559
28792072,pc4,-99.46,-81.19189453125,104.1019554190782,52.49373333333333,13.304871666666669,-18.268105468749994
28792072,pc4,-100.034375,-109.06401824951172,143.01976561908623,52.49594833333333,13.305125,9.029643249511722
28792072,pc4,-93.093125,-71.8357925415039,21.913371308503212,52.494863333333335,13.304958333333332,-21.257332458496094
28792072,pc4,-99.79625,-109.90958404541016,137.6521419539098,52.4959,13.305121666666668,10.113334045410156
28792072,pc4,-94.900625,-71.33238983154297,18.65574691480646,52.494835,13.304945,-23.568235168457036
28792072,pc4,-95.380625,-91.74520111083984,109.03450813128539,52.495648333333335,13.304993333333334,-3.635423889160151
28792072,pc4,-94.266875,-76.99691009521484,62.57465449310955,52.49410666666667,13.30489,-17.269964904785155
28792072,pc4,-92.77375,-75.1268081665039,45.530697609676665,52.49426,13.304886666666668,-17.6469418334961
28792072,pc4,-95.194375,-72.95512390136719,29.135765511548502,52.49492833333333,13.304966666666669,-22.239251098632806
28792072,pc4,-93.295,-77.97357940673828,98.9111619599166,52.495558333333335,13.304953333333334,-15.32142059326172
28792072,pc4,-90.34875,-69.72127532958984,2.812556100702797,52.49468,13.304863333333332,-20.62747467041015
26370049,pc1,-94.903125,-77.94886016845703,61.49599078473744,52.502923333333335,13.279518333333334,-16.95426483154297
26370049,pc1,-91.473125,-71.6661148071289,16.442894316609127,52.503416666666666,13.279335,-19.80701019287109
26370049,pc1,-94.5175,-76.84610748291016,52.4591581272026,52.50300666666666,13.279476666666667,-17.671392517089842
26370049,pc1,-88.768125,-88.52076721191406,227.09506587668358,52.505495,13.280061666666668,-0.24735778808593523
26370049,pc1,-100.52801724137932,-85.0658187866211,151.10642498895132,52.50230833333333,13.2807,-15.462198454758223
26370049,pc1,-94.666875,-87.63384246826172,204.68524056519865,52.5053,13.279963333333331,-7.033032531738286
26370049,pc1,-94.876875,-77.1447525024414,54.823012977529494,52.502985,13.279481666666667,-17.732122497558592
26370049,pc1,-94.95625,-85.42603302001953,157.72621638296758,52.50223166666667,13.280676666666666,-9.530216979980466
26370049,pc1,-96.23,-85.51280212402344,159.36077282728698,52.50219333333333,13.280608333333332,-10.717197875976566
26370049,pc1,-102.05,-80.51068115234375,86.448055676253,52.502715,13.27982,-21.539318847656247
26370049,pc1,-90.335625,-71.74298095703125,17.019617872548032,52.50358,13.279373333333334,-18.592644042968743
26370049,pc1,-93.04875,-88.97406768798828,239.44756811995825,52.50560333333333,13.280105,-4.074682312011717
26370049,pc1,-97.445,-85.80863189697266,165.0546064809263,52.502125,13.280568333333331,-11.636368103027337
26370049,pc1,-94.31,-76.53772735595703,50.07763203658047,52.50303,13.279453333333333,-17.77227264404297
26370049,pc1,-97.055625,-85.35057830810547,156.31749300193124,52.50224333333333,13.280668333333333,-11.705046691894538
26370049,pc1,-101.20625,-81.2435073852539,94.84374005504966,52.502655,13.279938333333334,-19.96274261474609
26370049,pc1,-104.79375,-83.83756256103516,130.42207779403023,52.502451666666666,13.280496666666666,-20.956187438964847
26370049,pc4,-92.086875,-72.56466674804688,22.777731721331982,52.50335166666667,13.27929,-19.52220825195313
26370049,pc4,-88.8925,-74.63199615478516,36.457989796093734,52.50378166666667,13.279363333333333,-14.260503845214842
26370049,pc4,-88.70192307692308,-76.43196868896484,49.27423921387185,52.50391,13.279411666666666,-12.269954387958236
26370049,pc4,-91.55875,-72.57805633544922,22.86754503923715,52.50335166666667,13.279288333333334,-18.980693664550785
26370049,pc4,-91.34375,-72.57805633544922,22.86754503923715,52.50335166666667,13.279288333333334,-18.76569366455078
26370049,pc4,-99.219375,-78.85185241699219,69.59280914486801,52.50285,13.279556666666666,-20.367522583007812
26370049,pc4,-89.965,-72.0074691772461,18.94155892298672,52.50348666666667,13.279278333333334,-17.95753082275391
26370049,pc4,-89.21,-72.62156677246094,23.159298525183317,52.50335,13.279285,-16.588433227539056
26370049,pc4,-92.64125,-72.57805633544922,22.86754503923715,52.50335166666667,13.279288333333334,-20.06319366455078
26370049,pc4,-100.30197368421052,-85.77075958251953,164.31544634678428,52.50214666666667,13.280618333333331,-14.531214101690992
26370049,pc4,-102.3075,-85.65836334228516,162.13926961156372,52.502185,13.280671666666668,-16.64913665771485
26370049,pc4,-92.075625,-72.57805633544922,22.86754503923715,52.50335166666667,13.279288333333334,-19.497568664550784
26370049,pc4,-91.68875,-72.57805633544922,22.86754503923715,52.50335166666667,13.279288333333334,-19.11069366455078
26370049,pc4,-93.058125,-74.8270263671875,37.782148623139705,52.50318166666667,13.279278333333334,-18.231098632812504
26370049,pc4,-104.7544014084507,-85.80512237548828,164.9864666153563,52.50215666666666,13.280673333333333,-18.949279032962423
26370049,pc4,-102.945625,-85.61498260498047,161.306770128582,52.50219833333333,13.280686666666666,-17.330642395019538
26370049,pc4,-109.04502688172045,-85.06362915039062,151.0671529020354,52.50233,13.280756666666669,-23.98139773132982
26370049,pc4,-94.496875,-75.25384521484375,40.72590674588212,52.503148333333336,13.279288333333334,-19.243029785156253
26370049,pc4,-91.510625,-72.57805633544922,22.86754503923715,52.50335166666667,13.279288333333334,-18.932568664550786
26370049,pc4,-98.813125,-78.27941131591797,64.38123168869265,52.50289833333333,13.27949,-20.53371368408203
26370049,pc4,-102.9325,-85.52381134033203,159.57869440996512,52.502225,13.280713333333331,-17.408688659667973
26370049,pc4,-91.94,-72.57805633544922,22.86754503923715,52.50335166666667,13.279288333333334,-19.36194366455078
26370049,pc4,-92.128125,-72.608154296875,23.069517766758526,52.50335,13.279286666666668,-19.519970703124997
42065154,pc1,-80.60125,-70.76705932617188,8.258191767641762,52.51762833333333,13.363278333333334,-9.834190673828118
42065154,pc1,-92.20375,-71.277099609375,13.32793014491558,52.51768333333333,13.362978333333333,-20.926650390625
42065154,pc1,-99.385625,-85.94126892089844,167.62838741426012,52.517563333333335,13.360701666666667,-13.444356079101567
42065154,pc1,-95.321875,-71.27413177490234,13.302579525182718,52.51768166666667,13.362978333333333,-24.047743225097662
42065154,pc1,-87.4575,-71.27413177490234,13.302579525182718,52.51768166666667,13.362978333333333,-16.183368225097652
42065154,pc1,-95.125625,-71.27413177490234,13.302579525182718,52.51768166666667,13.362978333333333,-23.851493225097656
42065154,pc1,-92.086875,-72.44841766357422,21.986173955233685,52.51766666666666,13.362848333333334,-19.638457336425788
42065154,pc1,-88.575625,-71.49813079833984,15.139154812235498,52.517675,13.36295,-17.07749420166016
42065154,pc1,-94.3175,-73.95191192626953,31.91305581795229,52.51767,13.362701666666666,-20.365588073730464
42065154,pc1,-98.478125,-85.05581665039062,150.88749470422533,52.51761333333334,13.360945,-13.42230834960938
42065154,pc1,-91.61875,-71.27413177490234,13.302579525182718,52.51768166666667,13.362978333333333,-20.344618225097662
42065154,pc1,-83.281875,-70.5182113647461,4.391791953823561,52.51763166666667,13.363205,-12.763663635253906
42065154,pc1,-93.10125,-84.16265106201172,135.5884054574067,52.51763666666667,13.36117,-8.938598937988274
42065154,pc1,-93.533125,-71.27413177490234,13.302579525182718,52.51768166666667,13.362978333333333,-22.258993225097655
42065154,pc1,-84.970625,-73.21688842773438,27.08797883281805,52.51769,13.363571666666669,-11.753736572265623
42065154,pc1,-94.104375,-71.27413177490234,13.302579525182718,52.51768166666667,13.362978333333333,-22.83024322509766
42065154,pc1,-95.5325,-71.27413177490234,13.302579525182718,52.51768166666667,13.362978333333333,-24.258368225097655
42065154,pc1,-95.485625,-78.00433349609375,61.95707848826725,52.51768833333333,13.362258333333331,-17.48129150390625
42065154,pc1,-78.625,-71.6309585571289,16.17038136746174,52.51762333333333,13.363401666666666,-6.994041442871094
42065154,pc1,-88.75,-73.11383819580078,26.411565886182746,52.517705,13.363558333333334,-15.636161804199219
42065154,pc1,-102.010625,-86.46298217773438,178.29338014663557,52.51753833333333,13.360546666666666,-15.54764282226563
42065154,pc1,-88.75,-70.45922088623047,2.8455129536114008,52.51768166666667,13.363206666666668,-18.29077911376953
42065154,pc1,-95.369375,-71.27413177490234,13.302579525182718,52.51768166666667,13.362978333333333,-24.09524322509766
42065154,pc1,-88.258125,-73.17862701416016,26.83702500617693,52.517715,13.363561666666667,-15.07949798583985
42065154,pc1,-91.865625,-71.277099609375,13.32793014491558,52.51768333333333,13.362978333333333,-20.588525390624994
42065154,pc1,-89.176875,-70.44451141357422,2.308954784256552,52.51768666666667,13.363168333333334,-18.732363586425777
42065154,pc1,-95.615,-71.27413177490234,13.302579525182718,52.51768166666667,13.362978333333333,-24.34086822509765
42065154,pc1,-90.616875,-71.12896728515625,12.021230909853399,52.517685,13.362998333333334,-19.487907714843743
42065154,pc1,-87.918125,-70.8216552734375,8.90518843051854,52.517678333333336,13.363303333333333,-17.096469726562503
42065154,pc1,-90.569375,-73.64562225341797,29.898706451211073,52.51765666666667,13.362731666666669,-16.923752746582025
42065154,pc1,-93.9,-80.6631088256836,88.11701820664646,52.51769166666666,13.361871666666667,-13.236891174316412
42065154,pc1,-96.484375,-85.5979232788086,160.94006666548123,52.517586666666666,13.360798333333332,-10.886451721191406
42065154,pc1,-98.15375,-85.75891876220703,164.04412716709993,52.51757666666666,13.360753333333331,-12.394831237792971
42065154,pc1,-92.458125,-71.27413177490234,13.302579525182718,52.51768166666667,13.362978333333333,-21.18399322509765
42065154,pc1,-85.55,-71.66508483886719,16.429486274803548,52.51768,13.363415,-13.88491516113281
42065154,pc1,-92.40625,-71.27413177490234,13.302579525182718,52.51768166666667,13.362978333333333,-21.132118225097656
42065154,pc1,-87.73,-72.5592269897461,22.73350572232258,52.51765,13.362838333333332,-15.17077301025391
42065154,pc1,-94.7,-71.27413177490234,13.302579525182718,52.51768166666667,13.362978333333333,-23.42586822509766
42065154,pc1,-86.85,-73.13896942138672,26.576448815143735,52.51770166666667,13.363561666666667,-13.711030578613276
42065154,pc1,-91.184375,-70.9112319946289,9.891295584945036,52.517695,13.363035,-20.273143005371097
26365189,pc1,-80.14,-86.6925048828125,183.21640524333685,52.5106,13.292138333333334,6.552504882812499
26365189,pc1,-87.94125,-92.60867309570312,365.29123617127357,52.51037,13.289473333333332,4.667423095703128
26365189,pc1,-86.99625,-83.21880340576172,124.03165840258295,52.51088,13.296655,-3.7774465942382847
26365189,pc1,-80.506875,-79.2345962524414,73.25689557082639,52.510835,13.295908333333331,-1.2722787475585875
26365189,pc1,-77.7671875,-76.21470642089844,48.19270010508752,52.510801666666666,13.295541666666669,-1.5524810791015682
26365189,pc1,-89.704375,-91.31282806396484,314.33079962628483,52.51043833333333,13.290218333333334,1.6084530639648449
26365189,pc1,-87.48706896551724,-88.26558685302734,220.39700865039634,52.510556666666666,13.291593333333331,0.7785178875101053
26365189,pc1,-89.695625,-91.12303924560547,307.48072336726125,52.510448333333336,13.290318333333332,1.427414245605462
26365189,pc1,-93.09375,-92.55327606201172,362.9539823735151,52.51041333333333,13.2895,-0.5404739379882812
26365189,pc1,-81.8485576923077,-86.67168426513672,198.20386389077973,52.51094,13.297746666666669,4.823126572829025
26365189,pc1,-87.8125,-90.93986511230469,301.0089996841008,52.510455,13.290413333333332,3.1273651123046875
26365189,pc1,-76.69375,-77.9029769897461,61.23917401634668,52.51071,13.293931666666667,1.2092269897460994
26365189,pc1,-75.43625,-87.37969207763672,218.20101850034962,52.51097166666667,13.298038333333333,11.943442077636718
26365189,pc1,-90.6875,-89.28591918945312,248.30161784812782,52.51053,13.291183333333333,-1.401580810546875
26365189,pc1,-91.33482142857144,-92.89173889160156,377.4632452062008,52.51043,13.289281666666668,1.5569174630301177
26365189,pc1,-81.03375,-83.46114349365234,124.60294164260974,52.51065333333333,13.293,2.427393493652346
26365189,pc1,-77.565,-72.35693359375,23.586878239815054,52.51078833333333,13.295178333333332,-5.208066406249998
26365189,pc1,-81.370625,-88.3751449584961,250.31425345213205,52.511003333333335,13.29851,7.00451995849609
26365189,pc1,-77.42,-74.52999877929688,36.87033939475947,52.510731666666665,13.29429,-2.8900012207031267
26365189,pc1,-79.51785714285714,-78.03679656982422,62.36855819475829,52.510815,13.29575,-1.48106057303292
26365189,pc1,-89.594375,-91.50703430175781,321.496048685367,52.51043,13.290113333333334,1.912659301757813
26365189,pc1,-80.388125,-76.23091888427734,48.30878926355488,52.51081166666667,13.295541666666669,-4.1572061157226585
26365189,pc1,-83.528125,-88.68657684326172,261.19892712854875,52.51101333333333,13.29867,5.158451843261716
26365189,pc1,-81.33333333333333,-86.5976333618164,181.1779721469779,52.51059166666667,13.29217,5.264300028483078
26365189,pc1,-80.125,-69.97378540039062,5.123404321182101,52.51076166666667,13.294908333333334,-10.151214599609375
26365189,pc1,-81.6325,-85.02706146240234,158.25633849391136,52.5109,13.29716,3.3945614624023506
26365189,pc1,-90.86979166666669,-92.10368347167969,344.52925315635576,52.510435,13.28977,1.2338918050130019
26365189,pc1,-83.48379629629629,-85.23737335205078,154.20953466511725,52.510615,13.292566666666666,1.7535770557544907
26365189,pc1,-91.9671875,-92.33433532714844,353.863532292136,52.510423333333335,13.289633333333333,0.3671478271484432
26365189,pc1,-75.76201923076923,-87.1365737915039,211.2394853708115,52.51095166666666,13.297938333333333,11.37455456073468
26365189,pc1,-81.813125,-80.43536376953125,85.84329604451999,52.510846666666666,13.296093333333332,-1.3777612304687494
26365189,pc1,-91.00815217391305,-89.4439697265625,252.9205515148475,52.51052833333333,13.291115,-1.5641824473505466
26365189,pc1,-81.5275,-85.77129364013672,164.30926818068244,52.510605,13.292418333333334,4.243793640136715
26365189,pc1,-85.779375,-82.41539001464844,111.46486276445643,52.51087,13.29647,-3.363984985351564
26365189,pc1,-87.51339285714286,-89.5165786743164,292.4832964969281,52.51103166666667,13.299131666666666,2.003185817173545
26365189,pc1,-83.66193181818181,-89.18109893798828,279.42876040174576,52.51101833333333,13.29894,5.519167119806468
26365189,pc1,-85.7225,-83.67947387695312,131.925118902064,52.510873333333336,13.296773333333334,-2.0430261230468716
26365189,pc1,-86.4659090909091,-88.82102966308594,266.0376840878746,52.511005,13.298743333333334,2.355120572176844
26365189,pc1,-79.74568965517241,-79.55301666259766,76.4145995024854,52.51082666666667,13.295956666666669,-0.19267299257475656
26365189,pc1,-95.7,-92.97966003417969,381.3253995073744,52.51045833333333,13.28922,-2.7203399658203153
34768897,pc1,-101.943125,-79.91927337646484,4.131895711943141,52.49680333333333,13.305228333333334,-22.02385162353515
34768897,pc1,-105.76224226804123,-106.54754638671875,103.2924342920453,52.495865,13.305096666666667,0.7853041186775158
34768897,pc1,-101.98,-79.91927337646484,4.131895711943141,52.49680333333333,13.305228333333334,-22.06072662353516
34768897,pc1,-104.98625,-79.97994232177734,4.587184052702184,52.496795,13.305216666666666,-25.006307678222655
34768897,pc1,-104.441875,-79.75305938720703,4.666222046849424,52.496793333333336,13.305215,-24.688815612792965
34768897,pc1,-101.821875,-79.93983459472656,4.131895711943141,52.49680333333333,13.305228333333334,-21.882040405273443
34768897,pc1,-102.05125,-79.91966247558594,4.131895711943141,52.49680333333333,13.305228333333334,-22.13158752441406
34768897,pc1,-102.175,-79.91927337646484,4.131895711943141,52.49680333333333,13.305228333333334,-22.255726623535153
34768897,pc1,-102.103125,-79.9197769165039,4.131895711943141,52.49680333333333,13.305228333333334,-22.1833480834961
34768897,pc1,-103.8525,-89.00787353515625,12.030855819943506,52.496895,13.305273333333334,-14.844626464843756
34768897,pc1,-101.856875,-79.9225845336914,4.131895711943141,52.49680333333333,13.305228333333334,-21.934290466308596
34768897,pc1,-102.6775,-79.91927337646484,4.131895711943141,52.49680333333333,13.305228333333334,-22.75822662353515
34768897,pc1,-102.029375,-79.91938781738281,4.131895711943141,52.49680333333333,13.305228333333334,-22.10998718261719
34768897,pc1,-102.09625,-79.91966247558594,4.131895711943141,52.49680333333333,13.305228333333334,-22.17658752441406
34768897,pc1,-99.1175,-79.44271850585938,8.737525059464371,52.496865,13.305298333333331,-19.674781494140632
34768897,pc1,-104.46,-91.26888275146484,18.978116843604568,52.49695166666667,13.305356666666666,-13.19111724853515
34768897,pc1,-101.92,-79.91966247558594,4.131895711943141,52.49680333333333,13.305228333333334,-22.000337524414064
34768897,pc1,-103.05293367346938,-78.3304672241211,4.641729287547173,52.49679166666667,13.305215,-24.72246644934829
34768897,pc1,-99.28375,-80.15037536621094,8.491963501439445,52.49686333333333,13.305281666666666,-19.13337463378906
34768897,pc1,-103.78552631578948,-92.25387573242188,13.886506828343206,52.49688666666667,13.305406666666666,-11.531650583367608
34768897,pc1,-105.8075,-79.73396301269531,10.84598765281784,52.49688333333334,13.305258333333333,-26.073536987304692
34768897,pc1,-101.5225,-79.91927337646484,4.131895711943141,52.49680333333333,13.305228333333334,-21.60322662353515
34768897,pc1,-101.328125,-79.98760223388672,4.456676758196739,52.49679833333333,13.30522,-21.34052276611328
34768897,pc1,-105.57474226804123,-90.77926635742188,13.911338846568544,52.496905,13.305215,-14.79547591061936
34768897,pc1,-101.844375,-79.92459106445312,4.233483442744593,52.49680333333333,13.305226666666666,-21.919783935546874
34768897,pc1,-101.975625,-79.91966247558594,4.131895711943141,52.49680333333333,13.305228333333334,-22.055962524414056
34768897,pc1,-101.666875,-79.9244384765625,4.261166553104678,52.49680166666667,13.305225,-21.742436523437505
34768897,pc4,-113.399375,-297.989990234375,88.1420677523899,52.49702833333333,13.306523333333333,184.59061523437498
34768897,pc4,-113.24125,-297.989990234375,91.48484221603188,52.497035,13.306571666666668,184.74874023437502
34768897,pc4,-111.62757731958764,-297.989990234375,72.98237374182037,52.497005,13.3063,186.36241291478734
34768897,pc4,-104.163125,-91.63601684570312,18.56741072041753,52.49695333333333,13.305306666666668,-12.527108154296869
34768897,pc4,-112.53375,-127.48456573486328,85.17320390906116,52.49702,13.306481666666668,14.950815734863284
34768897,pc4,-112.82,-297.989990234375,92.56995470953886,52.49704166666667,13.306585,185.169990234375
34768897,pc4,-112.315,-139.5030517578125,94.07183677618379,52.497038333333336,13.30661,27.188051757812502
34768897,pc4,-113.35875,-297.989990234375,88.1420677523899,52.49702833333333,13.306523333333333,184.631240234375
34768897,pc4,-112.393125,-139.45989990234375,98.55883793529736,52.49703333333333,13.306681666666666,27.066774902343752
34768897,pc4,-105.82265625,-94.70142364501953,9.922894000970551,52.49686833333333,13.305343333333331,-11.121232604980463
34768897,pc4,-113.90125,-297.989990234375,89.0541849103508,52.49702666666666,13.306538333333334,184.088740234375
34768897,pc4,-113.935,-297.989990234375,88.57205032966344,52.49702833333333,13.30653,184.054990234375
34768897,pc4,-114.1814024390244,-128.9683074951172,78.66732191176267,52.49704,13.306368333333332,14.786905056092792
26357760,pc1,-103.319375,-74.17926025390625,34.65734520756013,52.513036666666665,13.329078333333332,-29.140114746093744
26357760,pc1,-85.454375,-69.82030487060547,0.35584950429505385,52.512996666666666,13.32857,-15.63407012939453
26357760,pc1,-105.3075,-74.53749084472656,36.91309200259452,52.513045,13.32911,-30.770009155273442
26357760,pc1,-98.60592105263156,-70.88689422607422,14.078865708995119,52.51296833333333,13.328775,-27.71902682655734
26357760,pc1,-87.324375,-69.9573745727539,4.8279789761646095,52.513,13.328641666666666,-17.367000427246097
26357760,pc1,-98.261875,-70.8619155883789,13.894774896978696,52.51300833333333,13.328775,-27.399959411621097
26357760,pc1,-100.5375,-72.74596405029297,25.929761570012708,52.51302833333333,13.32895,-27.791535949707026
26357760,pc1,-83.480625,-69.93049621582031,4.326141519614599,52.512995,13.328635,-13.550128784179691
26357760,pc1,-101.940625,-74.1155014038086,34.260115264704304,52.51301,13.329076666666667,-27.825123596191403
26357760,pc1,-101.986875,-74.1155014038086,34.260115264704304,52.51301,13.329076666666667,-27.871373596191404
26357760,pc1,-100.09875,-73.9901351928711,33.482417304290344,52.51301166666666,13.329065,-26.1086148071289
26357760,pc1,-88.72,-70.01963806152344,5.834428200554838,52.51302166666667,13.328498333333334,-18.70036193847656
26357760,pc1,-101.23263888888889,-71.31759643554688,17.07160459416773,52.51295833333333,13.328816666666668,-29.91504245334201
26357760,pc1,-97.428125,-70.2935562133789,9.10116751898221,52.51295,13.328685,-27.134568786621088
26357760,pc1,-98.84,-70.1329116821289,7.341678925266382,52.513018333333335,13.328671666666668,-28.707088317871097
26357760,pc1,-99.70430107526882,-71.48916625976562,18.19488781818113,52.51301166666666,13.328838333333334,-28.21513481550319
26357760,pc1,-88.07125,-69.90196228027344,3.723852739281117,52.512973333333335,13.328615,-18.16928771972657
26357760,pc1,-101.00686813186812,-71.2714614868164,16.76412003247187,52.51302,13.328815,-29.73540664505171
26357760,pc1,-101.865625,-74.1155014038086,34.260115264704304,52.51301,13.329076666666667,-27.7501235961914
26357760,pc1,-103.085,-74.17140197753906,34.60829099706381,52.51301166666666,13.329081666666667,-28.91359802246093
26357760,pc1,-101.85,-74.1155014038086,34.260115264704304,52.51301,13.329076666666667,-27.7344985961914
26357760,pc1,-101.93375,-74.09907531738281,34.157925851159106,52.51301166666666,13.329075,-27.83467468261719
26357760,pc1,-85.164375,-69.8963623046875,3.5934950834596666,52.51299,13.328518333333331,-15.268012695312507
26357760,pc1,-95.019375,-70.30587005615234,9.22438265181156,52.51302333333334,13.328698333333334,-24.713504943847653
26357760,pc1,-89.7890625,-70.80882263183594,13.498590834687583,52.512991666666665,13.328371666666667,-18.980239868164062
26357760,pc1,-100.905,-71.6490478515625,19.218143573370753,52.512998333333336,13.328855,-29.2559521484375
26357760,pc4,-96.62,-69.83067321777344,1.3629895413374107,52.512985,13.328556666666667,-26.789326782226567
26357760,pc4,-106.14144736842104,-70.45743560791016,10.644749162845931,52.512996666666666,13.328728333333334,-35.684011760510884
26357760,pc4,-99.42885638297872,-71.505859375,18.30274198077798,52.513016666666665,13.328303333333333,-27.922997007978722
26357760,pc4,-91.61833333333334,-70.75987243652344,13.126774462668596,52.512973333333335,13.32838,-20.858460896809902
26357760,pc4,-106.945,-71.26375579833984,16.712830938013656,52.51305,13.3288,-35.68124420166015
26357760,pc4,-95.849375,-69.86748504638672,2.8355772533545696,52.51297,13.328555,-25.981889953613276
26357760,pc4,-96.400625,-69.92925262451172,4.301816836546943,52.51302333333334,13.328611666666667,-26.471372375488286
26357760,pc4,-107.59375,-71.74127960205078,19.800245996864607,52.513036666666665,13.328855,-35.85247039794922
26357760,pc4,-108.04,-70.98851776123047,14.813587813796069,52.512991666666665,13.32879,-37.05148223876954
26357760,pc4,-94.12,-70.07555389404297,6.61712119688065,52.51299333333333,13.328473333333331,-24.044446105957036
26357760,pc4,-97.32625,-70.01517486572266,5.768475118216604,52.51294166666667,13.32857,-27.311075134277345
26357760,pc4,-106.0385101010101,-70.26750946044922,8.835996076046797,52.512995,13.328701666666667,-35.771000640560885
26357760,pc4,-106.951875,-72.07478332519531,21.86677241596456,52.51300833333333,13.328893333333331,-34.87709167480469
26357760,pc4,-107.6466584158416,-71.92860412597656,20.967156917038093,52.51300833333333,13.32888,-35.71805428986504
29127683,pc1,-103.5813953488372,-95.46251678466797,639.881500596111,52.51318333333333,13.331923333333334,-8.118878564169236
29127683,pc1,-104.98,-94.11921691894531,538.1667502678605,52.513133333333336,13.330336666666666,-10.860783081054691
29127683,pc1,-96.85625,-90.33269500732422,326.1935226174777,52.51240166666667,13.31958,-6.523554992675784
29127683,pc1,-103.81875,-93.79222106933594,515.7724363351773,52.513115,13.329978333333331,-10.026528930664057
29127683,pc1,-105.893125,-94.24903869628906,547.3034711595296,52.51313666666667,13.33048,-11.644086303710935
29127683,pc1,-103.398125,-94.59029388427734,572.0053580175119,52.51313666666667,13.330861666666667,-8.80783111572265
29127683,pc1,-102.6875,-95.08236694335938,609.4352665842489,52.51315,13.331443333333333,-7.605133056640625
29127683,pc1,-101.875,-95.20909881591797,619.4336381395327,52.51316166666667,13.331601666666666,-6.665901184082031
29127683,pc1,-102.07375,-93.61016082763672,503.67879105314483,52.51310166666666,13.329781666666667,-8.463589172363285
29127683,pc1,-104.984375,-94.9421615600586,598.5459415815998,52.51316166666667,13.331281666666667,-10.042213439941406
29127683,pc1,-105.94642857142856,-94.38912200927734,557.322235939556,52.51314,13.330636666666669,-11.557306562151211
29127683,pc1,-96.14125,-90.30056762695312,324.7834560385531,52.51240166666667,13.319611666666669,-5.840682373046874
29127683,pc1,-96.228125,-90.36463928222656,327.6006348915363,52.5124,13.319551666666667,-5.863485717773443
29127683,pc1,-101.34375,-94.95201110839844,599.3054740622518,52.51314,13.331283333333332,-6.3917388916015625
29127683,pc1,-104.7775,-94.00405883789062,530.1800429429684,52.51312833333333,13.33021,-10.773441162109378
29127683,pc4,-92.434375,-80.60757446289062,87.81389338836632,52.51537,13.323088333333333,-11.826800537109378
29127683,pc4,-91.57625,-83.78177642822266,133.7808559164523,52.51343833333333,13.322283333333331,-7.7944735717773455
29127683,pc4,-91.776875,-83.77593994140625,133.67260765710557,52.51343833333333,13.32229,-8.000935058593754
29127683,pc4,-92.211875,-83.77593994140625,133.67260765710557,52.51343833333333,13.32229,-8.435935058593756
29127683,pc4,-88.60625,-74.31185150146484,35.48792787171047,52.514428333333335,13.322325,-14.294398498535159
29127683,pc4,-83.598125,-83.01541137695312,120.72752542834459,52.51560166666667,13.323471666666666,-0.582713623046871
29127683,pc4,-89.80375,-81.3672866821289,97.04835461628142,52.515445,13.323155,-8.436463317871087
29127683,pc4,-92.0275,-83.77593994140625,133.67260765710557,52.51343833333333,13.32229,-8.251560058593753
29127683,pc4,-90.7475,-83.59119415283203,130.39788770993826,52.513466666666666,13.322303333333334,-7.156305847167971
29127683,pc4,-92.02875,-83.77593994140625,133.67260765710557,52.51343833333333,13.32229,-8.252810058593752
29127683,pc4,-89.9675,-83.21720886230469,124.02896251198723,52.51352166666667,13.32233,-6.750291137695314
29127683,pc4,-92.080625,-83.77593994140625,133.67260765710557,52.51343833333333,13.32229,-8.304685058593748
29127683,pc4,-83.348125,-83.04443359375,121.19645093447416,52.51562166666667,13.32341,-0.303691406249996
29127683,pc4,-89.8775,-81.91452026367188,104.31761424179194,52.51369833333333,13.32237,-7.962979736328123
29127683,pc4,-92.763125,-79.135009765625,72.29399611995846,52.51401,13.322333333333331,-13.628115234375002
29127683,pc4,-81.40125,-74.70807647705078,38.00825017080399,52.51494666666667,13.322718333333333,-6.693173522949223
29127683,pc4,-92.69125,-83.9713363647461,137.23588466258894,52.51340833333333,13.32227,-8.719913635253903
29127683,pc4,-92.54125,-83.79744720458984,134.0594589298608,52.513435,13.322288333333333,-8.743802795410161
29127683,pc4,-87.79868421052632,-84.99713134765625,157.65129691595922,52.513255,13.322053333333333,-2.801552862870068
29127683,pc4,-92.1975,-84.1958236694336,141.45106490853706,52.51337333333333,13.322243333333333,-8.001676330566411
29127683,pc4,-91.568125,-83.77593994140625,133.67260765710557,52.51343833333333,13.32229,-7.792185058593745
29127683,pc4,-91.806875,-83.77593994140625,133.67260765710557,52.51343833333333,13.32229,-8.030935058593755
29127683,pc4,-91.9875,-83.77593994140625,133.67260765710557,52.51343833333333,13.32229,-8.211560058593747
29127683,pc4,-91.68875,-83.77593994140625,133.67260765710557,52.51343833333333,13.32229,-7.912810058593749
29127683,pc4,-88.55125,-84.61582946777344,149.71275059499123,52.513308333333335,13.32217,-3.9354205322265585
42445056,pc1,-67.806875,-70.4234848022461,1.1850997937645371,52.51075333333333,13.289073333333333,2.6166098022460886
42445056,pc1,-67.749375,-70.4245376586914,1.2654815700312798,52.51075333333333,13.289071666666668,2.6751626586914057
42445056,pc1,-90.55,-71.63967895507812,16.241209845825633,52.510615,13.289083333333334,-18.910321044921872
42445056,pc1,-83.79375,-71.11109924316406,11.860781103760475,52.510655,13.289066666666669,-12.68265075683594
42445056,pc1,-84.69791666666667,-70.57138061523438,5.434876291301201,52.510736666666666,13.289155,-14.126536051432296
42445056,pc1,-67.884375,-70.4234848022461,1.1850997937645371,52.51075333333333,13.289073333333333,2.539109802246088
42445056,pc1,-67.7425,-70.4234848022461,1.1850997937645371,52.51075333333333,13.289073333333333,2.680984802246087
42445056,pc1,-87.07317073170732,-70.75199890136719,8.074752996108876,52.5107,13.28915,-16.321171830340134
42445056,pc1,-67.883125,-70.4234848022461,1.1850997937645371,52.51075333333333,13.289073333333333,2.540359802246087
42445056,pc1,-73.1675,-70.9709701538086,10.511785492939966,52.51085333333333,13.289051666666667,-2.1965298461914102
42445056,pc1,-73.995625,-70.4245376586914,1.2654815700312798,52.51075333333333,13.289071666666668,-3.5710873413085977
42445056,pc1,-100.99772727272727,-83.75450897216797,129.12367832849733,52.5119,13.288713333333334,-17.243218300559306
42445056,pc1,-67.859375,-70.4234848022461,1.1850997937645371,52.51075333333333,13.289073333333333,2.5641098022460938
42445056,pc1,-96.9858870967742,-82.98306274414062,117.59600277533403,52.51179833333333,13.288746666666666,-14.002824352633581
42445056,pc1,-67.954375,-70.4234848022461,1.1850997937645371,52.51075333333333,13.289073333333333,2.469109802246095
42445056,pc1,-92.53885135135135,-72.6318130493164,23.226526218171873,52.510555,13.289141666666668,-19.907038302034948
42445056,pc1,-67.928125,-70.4234848022461,1.1850997937645371,52.51075333333333,13.289073333333333,2.4953598022460994
42445056,pc1,-67.855,-70.4234848022461,1.1850997937645371,52.51075333333333,13.289073333333333,2.5684848022460898
42445056,pc1,-76.265,-70.55339813232422,5.105561367537232,52.51074333333333,13.289155,-5.711601867675782
42445056,pc1,-81.67875,-70.74263000488281,7.956972906063675,52.510691666666666,13.289056666666667,-10.936119995117181
42445056,pc1,-69.96875,-70.4245376586914,1.2654815700312798,52.51075333333333,13.289071666666668,0.45578765869140625
42445056,pc1,-71.415625,-71.39778900146484,14.338254010274602,52.51089,13.289086666666666,-0.017835998535161934
42445056,pc1,-98.42875,-74.62933349609375,36.43927273489928,52.51044,13.289193333333332,-23.799416503906244
42445056,pc1,-71.0575,-70.47764587402344,3.4070868734730344,52.51078833333333,13.289108333333331,-0.579854125976567
42445056,pc1,-92.39375,-72.25901794433594,20.698594514279215,52.510575,13.289095,-20.13473205566406
42445056,pc1,-67.849375,-70.4234848022461,1.1850997937645371,52.51075333333333,13.289073333333333,2.574109802246099
42445056,pc1,-82.75,-70.55339813232422,5.105561367537232,52.51074333333333,13.289155,-12.196601867675781
42445056,pc1,-76.1875,-70.45756530761719,2.7941050120735493,52.51074166666667,13.289111666666669,-5.7299346923828125
42445056,pc1,-75.60648148148148,-70.55339813232422,5.105561367537232,52.51074333333333,13.289155,-5.053083349157262
42445056,pc1,-91.415,-79.1277847290039,72.21030110761812,52.51139666666667,13.288866666666667,-12.2872152709961
42445056,pc1,-76.39494680851064,-70.43340301513672,1.8083096413785773,52.51075,13.289105,-5.96154379337392
42445056,pc1,-75.96452702702703,-70.55339813232422,5.105561367537232,52.51074333333333,13.289155,-5.411128894702813
42445056,pc1,-67.595625,-70.4245376586914,1.2654815700312798,52.51075333333333,13.289071666666668,2.828912658691408
42445056,pc1,-94.519375,-73.25260925292969,27.329636491399967,52.51051666666667,13.289128333333334,-21.26676574707031
42445056,pc1,-95.60875,-73.72916412353516,30.45535408438151,52.51049,13.28915,-21.879585876464844
42445056,pc1,-76.15625,-70.54793548583984,5.00169977954928,52.51074333333333,13.289153333333331,-5.608314514160156
42445056,pc1,-76.48065476190476,-70.55339813232422,5.105561367537232,52.51074333333333,13.289155,-5.9272566295805404
42445056,pc1,-91.6725,-79.50537872314453,75.9047653027615,52.51143666666667,13.288925,-12.167121276855468
42445056,pc1,-75.77314814814815,-70.55339813232422,5.105561367537232,52.51074333333333,13.289155,-5.219750015823934
42445056,pc1,-67.813125,-70.4234848022461,1.1850997937645371,52.51075333333333,13.289073333333333,2.6103598022460943
26365188,pc1,-88.390625,-70.48324584960938,10.876664712192888,52.51115166666666,13.300711666666666,-17.907379150390625
26365188,pc1,-82.95138888888889,-69.9986801147461,5.520853776901982,52.51112666666667,13.300473333333333,-12.952708774142792
26365188,pc1,-90.104375,-88.60718536376953,258.0471996981167,52.511415,13.304338333333334,-1.4971896362304733
26365188,pc1,-84.75,-70.54615783691406,11.415885588012676,52.511115,13.300388333333334,-14.203842163085938
26365188,pc1,-90.39583333333331,-91.27103424072266,370.774065060907,52.51150333333333,13.305998333333331,0.8752009073893419
26365188,pc1,-86.11979166666667,-83.17620086669922,123.3691053454207,52.51125666666667,13.302365,-2.9435907999674527
26365188,pc1,-89.32125,-88.6033706665039,257.91325094098767,52.51141333333333,13.304336666666666,-0.7178793334961
26365188,pc1,-86.79440789473684,-82.52995300292969,113.15736062199296,52.511246666666665,13.302215,-4.264454891807148
26365188,pc1,-88.223125,-74.89232635498047,39.19630533910194,52.51119166666667,13.301125,-13.330798645019527
26365188,pc1,-89.949375,-81.24799346923828,95.54352498597707,52.511245,13.301953333333334,-8.701381530761722
26365188,pc1,-89.96006944444444,-73.49537658691406,30.45438352597409,52.51116666666667,13.301,-16.46469285753038
26365188,pc1,-90.22125,-77.75757598876953,60.03163753764665,52.51121,13.301431666666666,-12.463674011230466
26365188,pc1,-89.651875,-89.01547241210938,272.8041380670154,52.51143,13.304555,-0.636402587890629
26365188,pc1,-87.539375,-89.95401763916016,310.42649311592896,52.51146333333333,13.305108333333331,2.4146426391601494
26365188,pc1,-79.190625,-71.40435791015625,17.64647565602034,52.51113333333333,13.300291666666666,-7.786267089843747
26365188,pc1,-71.56521739130434,-79.04776763916016,71.46382436656931,52.51105666666667,13.299505,7.482550247855812
26365188,pc1,-88.27375,-90.15621185302734,319.0480988987074,52.511471666666665,13.305235,1.882461853027337
26365188,pc1,-92.64460784313724,-92.0575180053711,410.66367114647164,52.51153833333333,13.306585,-0.5870898377661433
26365188,pc1,-87.768125,-88.23153686523438,245.41736900728793,52.511408333333335,13.304151666666666,0.4634118652343773
26365188,pc1,-79.47857142857143,-73.0599136352539,27.8217782001048,52.51109833333334,13.300146666666668,-6.4186577933175215
26365188,pc1,-86.5,-89.22772216796875,281.2429656873087,52.511415,13.304683333333331,2.72772216796875
26365188,pc1,-87.875,-70.26741027832031,8.839632328044047,52.51115,13.300681666666666,-17.607589721679688
26365188,pc1,-87.91554054054055,-90.7385025024414,345.152879769508,52.51148,13.305621666666667,2.822961961900859
26365188,pc1,-91.591875,-91.2837905883789,371.4080552433955,52.511518333333335,13.306005,-0.30808441162109546
26365188,pc1,-88.26602564102564,-76.50804901123047,50.31664693795568,52.51118666666667,13.301291666666666,-11.757976629795166
26365188,pc1,-88.293125,-87.63011932373047,226.0259495604343,52.51139,13.303866666666666,-0.6630056762695347
26365188,pc1,-84.54326923076923,-84.40306854248047,145.49457004800811,52.51127833333334,13.30269,-0.14020068828875765
26365188,pc1,-80.56971153846153,-71.61390686035156,18.998355028005587,52.51110666666667,13.300276666666669,-8.95580467810997
26365188,pc1,-86.94196428571429,-70.97311401367188,14.70719685887455,52.51115333333333,13.300768333333334,-15.968850272042417
26365188,pc1,-88.0475,-75.47643280029297,43.06015594288939,52.51118,13.301185,-12.57106719970703
26365188,pc1,-89.5675,-89.15797424316406,278.5817787375151,52.511435,13.30464,-0.40952575683593295
26365188,pc1,-87.83375,-87.86426544189453,233.39277736523442,52.51139666666667,13.303975,0.030515441894536366
26365188,pc1,-87.01432291666667,-90.45761108398438,332.32198598760425,52.51146666666666,13.305433333333331,3.4432881673177036
26365188,pc1,-87.61397058823529,-91.00690460205078,357.851346890934,52.51149166666666,13.305808333333331,3.3929340138154913
26365188,pc1,-86.70178571428572,-81.83894348144531,103.26285609494664,52.511235,13.30207,-4.862842232840407
26365188,pc1,-85.895,-90.1638412475586,319.37899286013266,52.511453333333336,13.305243333333332,4.268841247558598
26365188,pc1,-88.225,-85.2339096069336,162.85675884768077,52.51132166666667,13.30294,-2.9910903930664006
26365188,pc1,-86.47413793103448,-71.35562896728516,17.326319003740878,52.511156666666665,13.300806666666666,-15.11850896374932
26365188,pc1,-85.90625,-83.80684661865234,134.25379840038354,52.51126666666666,13.302525,-2.0994033813476562
26365188,pc1,-85.545,-87.33326721191406,217.01690806061876,52.51135166666667,13.30374,1.7882672119140608
30829826,pc1,-91.365,-77.0577163696289,54.44050017210096,52.51432833333333,13.347615,-14.307283630371089
30829826,pc1,-86.80875,-72.03717041015625,21.636060799943795,52.51435666666666,13.348098333333333,-14.771579589843753
30829826,pc1,-87.08625,-72.0374526977539,21.637836940956372,52.514355,13.348098333333333,-15.0487973022461
30829826,pc1,-86.90875,-72.0555419921875,21.748841015901913,52.51435666666666,13.348096666666668,-14.853208007812498
30829826,pc1,-87.93875,-72.22254943847656,22.7687484153607,52.51435333333333,13.348081666666667,-15.716200561523436
30829826,pc1,-87.035625,-75.01092529296875,39.964464253583,52.514338333333335,13.347828333333334,-12.024699707031246
30829826,pc1,-91.36,-77.07231903076172,54.553079384796646,52.51432833333333,13.347613333333332,-14.28768096923828
30829826,pc1,-87.243125,-72.0555419921875,21.748841015901913,52.51435666666666,13.348096666666668,-15.187583007812506
30829826,pc1,-82.36375,-75.35099792480469,42.21451910219016,52.514295,13.349033333333333,-7.0127520751953085
30829826,pc1,-87.78,-72.0555419921875,21.748841015901913,52.51435666666666,13.348096666666668,-15.724458007812501
30829826,pc1,-80.769375,-71.4984359741211,18.25476856865719,52.514355,13.348148333333333,-9.270939025878903
30829826,pc1,-87.0825,-73.9242172241211,33.07479499485447,52.51434166666667,13.34793,-13.158282775878902
30829826,pc1,-86.83375,-72.03717041015625,21.636060799943795,52.51435666666666,13.348098333333333,-14.796579589843745
30829826,pc1,-86.94625,-72.03717041015625,21.636060799943795,52.51435666666666,13.348098333333333,-14.909079589843756
30829826,pc1,-90.058125,-78.63932037353516,67.65514911916475,52.51414,13.349351666666667,-11.418804626464848
30829826,pc1,-88.00875,-78.20584106445312,63.81141274784139,52.51431,13.347478333333331,-9.802908935546881
30829826,pc1,-87.111875,-72.03717041015625,21.636060799943795,52.51435666666666,13.348098333333333,-15.074704589843748
30829826,pc1,-95.74864130434784,-79.88796997070312,79.86220192700199,52.51406166666666,13.349493333333331,-15.860671333644717
30829826,pc1,-87.110625,-72.03717041015625,21.636060799943795,52.51435666666666,13.348098333333333,-15.073454589843749
30829826,pc1,-94.0752688172043,-81.75579833984375,102.13082391457507,52.51396833333333,13.349785,-12.319470477360554
30829826,pc1,-86.951875,-72.03717041015625,21.636060799943795,52.51435666666666,13.348098333333333,-14.914704589843751
30829826,pc1,-84.693125,-73.25606536865234,29.0009680649548,52.514345,13.34799,-11.437059631347651
30829826,pc1,-86.599375,-72.0374526977539,21.637836940956372,52.514355,13.348098333333333,-14.561922302246089
30829826,pc1,-89.684375,-77.07231903076172,54.553079384796646,52.51432833333333,13.347613333333332,-12.612055969238284
30829826,pc1,-87.7525,-72.0555419921875,21.748841015901913,52.51435666666666,13.348096666666668,-15.696958007812498
30829826,pc1,-88.04826732673267,-72.00076293945312,21.41229525989979,52.514355,13.348101666666668,-16.047504387279545
30829826,pc1,-93.489375,-77.82429504394531,60.576283670009914,52.51417833333333,13.349263333333331,-15.665079956054683
30829826,pc1,-90.0475,-77.07231903076172,54.553079384796646,52.51432833333333,13.347613333333332,-12.97518096923828
30829826,pc1,-89.638125,-77.07231903076172,54.553079384796646,52.51432833333333,13.347613333333332,-12.565805969238284
30829826,pc1,-87.48125,-72.0555419921875,21.748841015901913,52.51435666666666,13.348096666666668,-15.425708007812503
30829826,pc1,-75.7725,-71.40061950683594,17.61886007639844,52.514383333333335,13.348675,-4.371880493164056
30829826,pc1,-88.870625,-75.83531188964844,45.51343187532268,52.51433333333333,13.347746666666666,-13.035313110351566
30829826,pc1,-87.090625,-72.0555419921875,21.748841015901913,52.51435666666666,13.348096666666668,-15.035083007812503
30829826,pc1,-87.42017326732673,-72.0555419921875,21.748841015901913,52.51435666666666,13.348096666666668,-15.364631275139232
30829826,pc1,-87.194375,-72.03717041015625,21.636060799943795,52.51435666666666,13.348098333333333,-15.157204589843744
30829826,pc1,-87.03625,-72.0555419921875,21.748841015901913,52.51435666666666,13.348096666666668,-14.980708007812495
30829826,pc1,-87.433125,-72.0374526977539,21.637836940956372,52.514355,13.348098333333333,-15.395672302246098
30829826,pc1,-83.233125,-71.07819366455078,15.445474378583846,52.514363333333336,13.34819,-12.15493133544922
30829826,pc1,-86.978125,-72.03717041015625,21.636060799943795,52.51435666666666,13.348098333333333,-14.940954589843756
30829826,pc1,-88.706875,-81.17972564697266,94.66239487819846,52.51428,13.347025,-7.52714935302734
26695425,pc1,-105.7375,-85.46308135986328,158.38514098194005,52.51709666666667,13.354905,-20.274418640136716
26695425,pc1,-96.909375,-75.14363861083984,39.948409730506015,52.516885,13.356663333333334,-21.765736389160153
26695425,pc1,-101.315625,-79.33975982666016,74.24620501433077,52.51707666666667,13.35832,-21.97586517333984
26695425,pc1,-94.705625,-80.18773651123047,82.92092650527616,52.516911666666665,13.356015,-14.517888488769529
26695425,pc1,-105.66,-85.42809295654297,157.72768091683415,52.51709833333334,13.354915,-20.231907043457028
26695425,pc1,-93.898125,-79.20841217041016,72.9670999109888,52.51693333333333,13.35616,-14.689712829589837
26695425,pc1,-107.120625,-85.07018280029297,151.14752488190922,52.51723333333333,13.359428333333334,-22.050442199707035
26695425,pc1,-106.4775,-84.5276107788086,141.6595930965904,52.517203333333335,13.359295,-21.949889221191413
26695425,pc1,-105.8075,-85.42720794677734,157.71114481815738,52.51709666666667,13.354915,-20.38029205322266
26695425,pc1,-103.57625,-86.37215423583984,176.39357679868743,52.517111666666665,13.35464,-17.204095764160158
26695425,pc1,-97.46,-75.88121795654297,45.17954497310739,52.516935,13.357901666666669,-21.578782043457025
26695425,pc1,-100.385625,-81.73960876464844,100.88063639564312,52.516938333333336,13.355746666666668,-18.646016235351567
26695425,pc1,-105.966875,-85.42720794677734,157.71114481815738,52.51709666666667,13.354915,-20.539667053222658
26695425,pc1,-104.02742346938776,-86.5722427368164,180.60983834474385,52.517093333333335,13.354575,-17.45518073257135
26695425,pc1,-106.054375,-85.42720794677734,157.71114481815738,52.51709666666667,13.354915,-20.62716705322265
26695425,pc1,-102.004375,-87.12366485595703,192.7323167643216,52.516958333333335,13.354388333333333,-14.880710144042965
26695425,pc1,-92.089375,-72.2548599243164,20.66537741041811,52.51690166666667,13.35752,-19.834515075683598
26695425,pc1,-85.901875,-71.35071563720703,13.947103634407222,52.516958333333335,13.357441666666666,-14.551159362792973
26695425,pc1,-99.331875,-89.50550079345703,254.70677440855607,52.51757333333333,13.360868333333332,-9.826374206542965
26695425,pc1,-105.215,-83.66796112060547,127.74302809536101,52.51701333333333,13.35535,-21.547038879394535
26695425,pc1,-97.94375,-76.31598663330078,48.38845924841362,52.51688666666666,13.356535,-21.627763366699213
26695425,pc1,-104.168125,-86.75929260253906,184.63771317782107,52.51705833333333,13.354511666666667,-17.40883239746094
26695425,pc1,-98.464375,-90.09899139404297,272.93632387746663,52.51762,13.361126666666667,-8.365383605957035
26695425,pc1,-106.165,-85.42720794677734,157.71114481815738,52.51709666666667,13.354915,-20.737792053222663
26695425,pc1,-105.959375,-82.04719543457031,104.80097494495577,52.51708,13.358775,-23.912179565429682
26695425,pc1,-96.781875,-80.44194030761719,85.668405616581,52.517105,13.358483333333334,-16.339934692382812
26695425,pc1,-91.703125,-76.35005187988281,48.643817903998276,52.516925,13.356521666666668,-15.353073120117188
26695425,pc1,-106.115625,-84.9120864868164,148.32474266629734,52.517065,13.35505,-21.203538513183588
26695425,pc1,-104.05154639175258,-83.03486633300781,118.2986708650053,52.51696333333334,13.355488333333334,-21.016680058744768
26695425,pc1,-102.774375,-86.5348892211914,179.81690803936382,52.51732833333333,13.359828333333333,-16.2394857788086
26695425,pc1,-93.218125,-71.02979278564453,11.090690501931462,52.516885,13.357153333333333,-22.18833221435547
26695425,pc1,-90.6825,-78.39424133300781,65.3875112537512,52.516895,13.356278333333334,-12.288258666992192
26695425,pc1,-106.00125,-85.42720794677734,157.71114481815738,52.51709666666667,13.354915,-20.574042053222655
26695425,pc1,-105.794375,-85.42720794677734,157.71114481815738,52.51709666666667,13.354915,-20.36716705322266
26695425,pc1,-95.0075,-74.94352722167969,38.568131021354326,52.51699666666666,13.357805,-20.063972778320306
26695425,pc1,-104.071875,-83.02892303466797,118.213185103783,52.516995,13.35549,-21.042951965332037
26695425,pc1,-105.91375,-85.42720794677734,157.71114481815738,52.51709666666667,13.354915,-20.48654205322265
26695425,pc1,-105.841875,-85.46905517578125,158.49747587425713,52.51709666666667,13.354903333333333,-20.37281982421875
26695425,pc1,-94.75875,-79.76139831542969,78.4668976285517,52.517003333333335,13.358395,-14.997351684570319
26695425,pc1,-107.365625,-83.72673034667969,128.65318825435742,52.51722,13.359093333333334,-23.638894653320307
30828288,pc1,-75.11,-72.64631652832031,23.31817731052486,52.515836666666665,13.37197,-2.463683471679687
30828288,pc1,-73.941875,-72.6800308227539,23.54334589460491,52.515836666666665,13.371973333333331,-1.2618441772460898
30828288,pc1,-74.11875,-72.64631652832031,23.31817731052486,52.515836666666665,13.37197,-1.4724334716796932
30828288,pc1,-68.57916666666667,-74.76371002197266,37.34143444109579,52.51585833333333,13.372175,6.1845433553059905
30828288,pc1,-73.22,-71.66358947753906,16.41860627821279,52.51583166666666,13.371868333333332,-1.5564105224609364
30828288,pc1,-74.0025,-70.76810455322266,8.271293908127689,52.515865,13.371728333333332,-3.2343954467773415
30828288,pc1,-65.58875,-71.92790222167969,18.36662377280273,52.515815,13.371355,6.339152221679683
30828288,pc1,-68.885625,-70.72174835205078,7.68719945031308,52.51588,13.371693333333331,1.8361233520507767
30828288,pc1,-70.355,-70.5784683227539,5.556344949369399,52.515815,13.371706666666666,0.22346832275390227
30828288,pc1,-69.485625,-72.81573486328125,24.445878743354434,52.515793333333335,13.371268333333331,3.330109863281251
30828288,pc1,-74.858125,-72.51045227050781,22.406458032866027,52.51580333333333,13.371296666666666,-2.3476727294921886
30828288,pc1,-70.01997422680412,-73.91121673583984,31.64623220363471,52.51582666666667,13.371158333333334,3.8912425090357203
30828288,pc1,-72.556875,-70.4836196899414,3.5642287634513985,52.515825,13.371573333333334,-2.073255310058599
30828288,pc1,-72.01916666666666,-71.01018524169922,10.898001082751675,52.51582166666667,13.371465,-1.0089814249674447
30828288,pc1,-74.0870253164557,-74.2679443359375,34.00842999446373,52.5158,13.371125,0.18091901948180578
30828288,pc1,-74.50911458333333,-71.96802520751953,18.653993379922333,52.515825,13.371901666666666,-2.5410893758137973
30828288,pc1,-70.959375,-71.7640151977539,17.170801253562214,52.51581,13.371373333333333,0.8046401977539119
30828288,pc1,-71.7025,-72.53418731689453,22.5664016048947,52.51581,13.371293333333334,0.8316873168945307
30828288,pc1,-72.535,-71.09184265136719,11.678684390336514,52.51583,13.371798333333333,-1.443157348632809
30828288,pc1,-69.263125,-70.81114959716797,8.784000975890878,52.51581,13.371498333333331,1.5480245971679665
30828288,pc1,-70.1775,-71.7758560180664,17.258196937867492,52.515838333333335,13.37188,1.5983560180664114
30828288,pc1,-71.359375,-73.10897827148438,26.38041113728502,52.51584,13.372015,1.749603271484375
30828288,pc1,-67.4775,-73.1073989868164,26.370230127263966,52.515791666666665,13.37124,5.6298989868164
30828288,pc1,-73.9375,-72.62950134277344,23.205595840317947,52.515836666666665,13.371968333333331,-1.3079986572265625
30828288,pc1,-71.36047979797979,-73.49470520019531,28.910545939975663,52.51578,13.371205,2.1342254022155203
30828288,pc1,-71.053125,-73.03004455566406,25.861271688683757,52.515845,13.372006666666667,1.9769195556640682
30828288,pc1,-71.178125,-70.69930267333984,7.389375456205284,52.51580833333333,13.37152,-0.47882232666015057
30828288,pc1,-73.0534793814433,-71.4540023803711,14.788908669159666,52.515838333333335,13.371843333333333,-1.5994770010722021
30828288,pc1,-69.033125,-70.5226821899414,4.487880357854998,52.51582833333333,13.37156,1.489557189941408
30828288,pc1,-71.095,-72.62149810791016,23.152315402536647,52.515785,13.37129,1.5264981079101574
30828288,pc1,-74.6275,-71.69651794433594,16.66741662229025,52.515793333333335,13.371385,-2.9309820556640602
30828288,pc1,-73.950625,-72.6800308227539,23.54334589460491,52.515836666666665,13.371973333333331,-1.270594177246096
30828288,pc1,-65.749375,-71.67828369140625,16.53008267029523,52.5158,13.371385,5.928908691406249
30828288,pc1,-72.025,-71.42180633544922,14.52965193318904,52.515835,13.37184,-0.6031936645507869
30828288,pc1,-70.7475,-73.75936889648438,30.64673753938969,52.51585166666667,13.372076666666668,3.0118688964843727
30828288,pc1,-68.59,-71.6672592163086,16.44679925058717,52.515793333333335,13.371388333333334,3.0772592163085903
30828288,pc4,-77.18619791666667,-70.88422393798828,9.603010721319286,52.51580333333333,13.371488333333334,-6.30197397867839
30828288,pc4,-79.4675,-72.27436828613281,20.799536653380482,52.515791666666665,13.371323333333333,-7.193131713867189
30828288,pc4,-76.51375,-71.39038848876953,14.274178392123655,52.51579666666667,13.37142,-5.1233615112304705
30828288,pc4,-82.96180555555556,-73.31951904296875,27.76230217141349,52.51578833333333,13.37122,-9.642286512586807
40812803,pc1,-84.691875,-73.52116394042969,29.0900863361867,52.50964333333334,13.282023333333331,-11.170711059570309
40812803,pc1,-83.161875,-73.96573638916016,32.012801949821764,52.50967166666667,13.282018333333331,-9.196138610839839
40812803,pc1,-84.66,-73.52116394042969,29.0900863361867,52.50964333333334,13.282023333333331,-11.138836059570309
40812803,pc1,-96.69625,-93.88062286376953,423.2581047852079,52.50573666666666,13.28016,-2.815627136230475
40812803,pc1,-83.999375,-74.23432159423828,33.792103928603865,52.50969,13.282006666666666,-9.76505340576172
40812803,pc1,-83.209375,-74.23823547363281,33.81814926939903,52.50969,13.282008333333334,-8.971139526367182
40812803,pc1,-87.7225,-74.85354614257812,37.96191677840633,52.50973,13.281993333333332,-12.868953857421872
40812803,pc1,-90.0425,-93.93585205078125,425.9698553739089,52.50571333333333,13.280148333333331,3.893352050781246
40812803,pc1,-83.98375,-73.76683044433594,30.70262633550868,52.50966,13.282015,-10.216919555664063
40812803,pc1,-97.48375,-93.87699127197266,423.0800328108692,52.50573833333333,13.28016,-3.6067587280273443
40812803,pc1,-83.448125,-73.6854248046875,30.1677973344225,52.509655,13.282015,-9.762700195312505
40812803,pc1,-84.029375,-74.12572479248047,33.07099815889261,52.509683333333335,13.282006666666666,-9.903650207519533
40812803,pc1,-90.60096153846152,-75.2998046875,41.04604214378279,52.50975833333333,13.281991666666666,-15.301156850961519
40812803,pc1,-83.871875,-73.57502746582031,29.44327215074739,52.50964666666667,13.282023333333331,-10.29684753417969
40812803,pc1,-82.969375,-73.44154357910156,28.5681550983824,52.50964,13.282015,-9.527831420898437
40812803,pc1,-96.1025,-93.88062286376953,423.2581047852079,52.50573666666666,13.28016,-2.221877136230475
40812803,pc1,-93.854375,-93.88062286376953,423.2581047852079,52.50573666666666,13.28016,0.026247863769526703
40812803,pc1,-94.045625,-93.87699127197266,423.0800328108692,52.50573833333333,13.28016,-0.1686337280273449
40812803,pc1,-83.335,-73.60405731201172,29.633746703091234,52.50965,13.282015,-9.730942687988275
40812803,pc1,-83.163125,-73.45684814453125,28.66845477588192,52.50964,13.28202,-9.706276855468744
40812803,pc1,-83.119375,-74.02438354492188,32.4001106503068,52.509675,13.28202,-9.09499145507813
40812803,pc1,-83.28875,-74.23432159423828,33.792103928603865,52.50969,13.282006666666666,-9.054428405761712
40812803,pc1,-83.463125,-73.6583023071289,29.989691916707134,52.50965333333333,13.282015,-9.804822692871099
40812803,pc1,-94.416875,-93.88062286376953,423.2581047852079,52.50573666666666,13.28016,-0.5362521362304733
40812803,pc1,-96.73,-93.88062286376953,423.2581047852079,52.50573666666666,13.28016,-2.8493771362304727
40812803,pc1,-84.13125,-74.20719909667969,33.61174511748141,52.50968833333334,13.282006666666666,-9.924050903320307
40812803,pc1,-93.274375,-93.8752670288086,422.9958984199044,52.50574,13.280155,0.6008920288085875
40812803,pc1,-89.78263888888888,-94.08088684082031,433.17428045748426,52.50565,13.280125,4.29824795193143
40812803,pc1,-97.25125,-93.88062286376953,423.2581047852079,52.50573666666666,13.28016,-3.3706271362304676
40812803,pc1,-83.821875,-73.54808807373047,29.266625252368446,52.509645,13.282023333333331,-10.273786926269537
40812803,pc1,-93.70875,-93.88062286376953,423.2581047852079,52.50573666666666,13.28016,0.17187286376953637
40812803,pc1,-95.183125,-93.88062286376953,423.2581047852079,52.50573666666666,13.28016,-1.3025021362304727
40812803,pc1,-82.951875,-74.07134246826172,32.710783827368424,52.50968,13.282006666666666,-8.880532531738282
40812803,pc1,-83.329375,-73.38748168945312,28.213752994928278,52.509636666666665,13.282015,-9.941893310546874
40812803,pc1,-93.92,-93.88062286376953,423.2581047852079,52.50573666666666,13.28016,-0.039377136230470455
40812803,pc4,-101.44986979166669,-93.61437225341797,410.4217981013277,52.50584166666667,13.280246666666669,-7.835497538248717
40812803,pc4,-97.81469298245614,-86.64680480957031,182.24686127209506,52.507765,13.281598333333331,-11.167888172885824
40812803,pc4,-94.82967032967034,-86.46178436279297,178.31091601939298,52.507805,13.28154,-8.367885966877367
40812803,pc4,-101.43625,-93.84062957763672,421.3048153097341,52.50575,13.280188333333331,-7.595620422363282
40812803,pc4,-101.84646739130434,-94.08444213867188,433.3524050660236,52.50564833333333,13.280125,-7.762025252632469
26961922,pc4,-108.644375,-94.06765747070312,27.467254391231254,52.489963333333336,13.304535,-14.576717529296872
26961922,pc4,-109.658125,-68.42510986328125,17.821419213647175,52.48987666666667,13.304528333333334,-41.23301513671875
26961922,pc4,-110.4275,-67.30233764648438,8.56074491054257,52.48979333333333,13.304528333333334,-43.12516235351562
26961922,pc4,-110.869375,-80.38365936279297,9.982483312155974,52.489626666666666,13.304521666666666,-30.485715637207036
26961922,pc1,-110.21747448979592,-82.3594970703125,30.12891651665698,52.48945333333333,13.304628333333334,-27.85797741948342
26961922,pc4,-108.525,-67.63399505615234,3.3670275987786202,52.48974666666667,13.304525,-40.89100494384766
26961922,pc4,-109.2625,-79.91946411132812,18.34546036759832,52.48955166666666,13.304508333333333,-29.343035888671878
26961922,pc4,-107.34278350515464,-70.76176452636719,14.213730727922458,52.48984333333333,13.304496666666669,-36.581018978787455
26961922,pc4,-108.713125,-79.37615203857422,17.66428381495984,52.48956,13.304476666666666,-29.336972961425786
26961922,pc4,-107.975625,-92.0304946899414,8.286954424708776,52.48979,13.304541666666667,-15.945130310058587
26961922,pc4,-109.526875,-94.81480407714844,1.2595034289786435,52.48970833333333,13.304535,-14.712070922851566
26961922,pc4,-108.105625,-81.31752014160156,19.625089662880853,52.48954,13.304515,-26.78810485839844
26961922,pc1,-103.77994791666669,-80.58065032958984,8.938567856160475,52.489795,13.30455,-23.199297587076842
26961922,pc1,-104.745,-80.4149169921875,9.812057065871446,52.489628333333336,13.30453,-24.330083007812505
26961922,pc1,-104.12,-80.62930297851562,4.4778185048365815,52.489685,13.304563333333334,-23.49069702148438
26961922,pc1,-106.980625,-80.99034118652344,17.935519034722407,52.489556666666665,13.304558333333333,-25.990283813476566
26961922,pc1,-106.2325,-81.80812072753906,24.89893483571585,52.489493333333336,13.304553333333333,-24.42437927246094
26961922,pc1,-107.83625,-83.82567596435547,38.7154045849201,52.48936833333333,13.304533333333334,-24.010574035644538
26961922,pc1,-105.08919270833331,-98.20687103271484,34.150923520875025,52.49001666666667,13.304628333333334,-6.882321675618471
26961922,pc1,-106.496875,-80.1470947265625,8.527372368369283,52.489763333333336,13.304621666666666,-26.349780273437503
26961922,pc1,-106.29,-80.84809112548828,11.83390060700432,52.48962333333333,13.304606666666666,-25.441908874511725
26961922,pc1,-107.048125,-80.9833984375,17.969226428355686,52.48956166666667,13.304598333333333,-26.0647265625
26961922,pc4,-107.0979381443299,-80.95333862304688,15.359795115733274,52.489845,13.304605,-26.144599521283027
26961922,pc4,-107.463125,-80.56256103515625,7.821653506033083,52.48976833333333,13.3046,-26.900563964843755
26961922,pc4,-109.773125,-80.1551742553711,6.053556427818092,52.489685,13.304595,-29.6179507446289
26961922,pc4,-109.650625,-80.66289520263672,13.47224561341198,52.489603333333335,13.304593333333331,-28.987729797363286
26961922,pc1,-105.658125,-80.09391021728516,6.812716963422727,52.489665,13.304576666666666,-25.564214782714842
26961922,pc1,-106.45875,-80.7920913696289,14.689807187190862,52.48958833333333,13.304575,-25.66665863037109
26961922,pc4,-107.571875,-71.4765396118164,19.446666705461393,52.48989,13.304486666666667,-36.0953353881836
26961922,pc4,-107.7275,-70.4278335571289,11.70947201354031,52.48981833333333,13.304478333333334,-37.2996664428711
26961922,pc4,-107.88,-79.04267120361328,12.383809600953892,52.48961166666667,13.30446,-28.837328796386714
26961922,pc4,-107.8475,-71.15445709228516,17.32564246838881,52.48986333333333,13.304436666666668,-36.69304290771484
26961922,pc4,-108.268125,-70.28363800048828,10.39013096628009,52.48979666666666,13.304443333333332,-37.98448699951172
26961922,pc4,-109.5525,-84.77288055419922,8.447736791977995,52.48965666666667,13.304445,-24.779619445800776
26961922,pc1,-104.7175,-70.74471282958984,14.28359662305348,52.48984166666666,13.304475,-33.97278717041016
26961922,pc1,-103.500625,-70.04744720458984,7.947105273119809,52.48978,13.304468333333332,-33.453177795410156
26961922,pc1,-105.9975,-83.77377319335938,22.92370859887296,52.489515,13.30445,-22.223726806640627
26961922,pc1,-106.6575,-93.72578430175781,46.019848731377955,52.48930666666666,13.304426666666666,-12.931715698242186
26961922,pc1,-103.46125,-93.33392333984375,64.33383680663935,52.490295,13.304516666666666,-10.127326660156257
26961922,pc1,-105.265625,-95.00454711914062,63.22359963949458,52.490285,13.304513333333333,-10.261077880859375
26363653,pc1,-85.86607142857143,-83.18016052246094,123.43075483589347,52.511563333333335,13.306973333333334,-2.685910906110493
26363653,pc1,-86.2375,-81.46797180175781,98.35030619916891,52.511588333333336,13.307341666666666,-4.769528198242185
26363653,pc1,-77.68452380952381,-78.20071411132812,63.776507296997956,52.51162,13.30785,0.5161903018043148
26363653,pc1,-82.6221590909091,-75.5603256225586,43.63188876052374,52.51163666666667,13.308146666666667,-7.0618334683505
26363653,pc1,-84.67663043478261,-74.23605346679688,35.01629754385567,52.511645,13.308273333333334,-10.440576967985734
26363653,pc1,-85.88636363636364,-71.0895004272461,15.526414578618226,52.51166,13.308561666666666,-14.796863209117546
26363653,pc1,-86.65625,-70.45669555664062,10.640586951926398,52.51166333333333,13.308635,-16.199554443359375
26363653,pc1,-86.43145161290323,-70.09417724609375,6.865320772691164,52.51166,13.308698333333334,-16.33727436680948
26363653,pc1,-87.09935897435898,-69.93321228027344,4.388629485252729,52.51165833333334,13.308818333333331,-17.16614669408554
26363653,pc1,-89.125,-70.02627563476562,5.939329123094328,52.51166,13.308855,-19.098724365234375
26363653,pc1,-86.125,-70.26750946044922,8.840054687793023,52.51166333333333,13.308906666666669,-15.857490539550781
26363653,pc1,-87.09375,-70.80388641357422,13.464334918920754,52.51166833333333,13.30898,-16.28986358642578
26363653,pc1,-83.517578125,-78.7168197631836,68.37143010957871,52.51173,13.309793333333332,-4.800758361816406
26363653,pc1,-85.49,-80.91792297363281,91.47705692492003,52.51175,13.310133333333331,-4.572077026367182
26363653,pc1,-85.31490384615384,-81.86149597167969,103.59406164308932,52.51176,13.310311666666667,-3.453407874474152
26363653,pc1,-84.74155405405405,-83.43694305419922,127.74588820557693,52.51178333333333,13.310666666666666,-1.3046109998548303
26363653,pc1,-85.375625,-82.3614273071289,110.68268685061376,52.51159833333333,13.307156666666666,-3.014197692871093
26363653,pc1,-82.98625,-79.52178955078125,76.10380188892282,52.51163,13.307665,-3.4644604492187483
26363653,pc1,-86.165625,-75.07474517822266,40.38821209615208,52.51166333333333,13.30819,-11.09087982177735
26363653,pc1,-86.021875,-71.36322784423828,17.375437451540414,52.51168666666667,13.308528333333332,-14.658647155761713
26363653,pc1,-87.63625,-69.85335540771484,2.3961576840893475,52.51170833333333,13.308808333333332,-17.78289459228516
26363653,pc1,-86.233125,-70.6414794921875,12.19972013346795,52.51171833333333,13.30896,-15.591645507812501
26363653,pc1,-87.2575,-70.92072296142578,14.328878824263882,52.51172,13.308991666666667,-16.336777038574212
26363653,pc1,-89.035625,-71.04979705810547,15.249923084380557,52.511721666666666,13.309005,-17.985827941894527
26363653,pc1,-88.98,-70.96092987060547,14.589763042093743,52.511721666666666,13.308995,-18.019070129394535
26363653,pc1,-88.145625,-70.90039825439453,14.150526162141633,52.511721666666666,13.308988333333334,-17.245226745605464
26363653,pc1,-87.9675,-70.89625549316406,14.150526162141633,52.511721666666666,13.308988333333334,-17.07124450683594
26363653,pc1,-88.27,-70.90039825439453,14.150526162141633,52.511721666666666,13.308988333333334,-17.369601745605465
26363653,pc1,-88.45375,-70.90039825439453,14.150526162141633,52.511721666666666,13.308988333333334,-17.553351745605468
26363653,pc1,-87.535,-70.90039825439453,14.150526162141633,52.511721666666666,13.308988333333334,-16.634601745605465
26363653,pc1,-87.19,-70.88545227050781,14.040835027074218,52.511721666666666,13.308986666666666,-16.304547729492185
26363653,pc1,-87.94625,-70.88130950927734,14.040835027074218,52.511721666666666,13.308986666666666,-17.064940490722663
26363653,pc1,-86.820625,-70.88545227050781,14.040835027074218,52.511721666666666,13.308986666666666,-15.935172729492194
26363653,pc1,-87.696875,-70.88545227050781,14.040835027074218,52.511721666666666,13.308986666666666,-16.811422729492193
26363653,pc1,-89.690625,-72.0174331665039,21.517287018542337,52.511735,13.309095,-17.67319183349609
26363653,pc1,-85.603125,-74.12932586669922,34.33620651683839,52.51175,13.309283333333331,-11.473799133300787
26363653,pc1,-84.61875,-79.87887573242188,79.7804579803254,52.511795,13.309951666666668,-4.739874267578131
26363653,pc1,-85.574375,-82.28023529052734,109.4831661285085,52.51182333333333,13.310388333333334,-3.2941397094726597
26363653,pc1,-86.825,-83.44149780273438,127.79316529171183,52.51183666666667,13.310658333333333,-3.383502197265628
40812802,pc1,-91.6734693877551,-94.02371978759766,430.32173912326226,52.50385,13.28248,2.350250399842551
40812802,pc1,-84.3076923076923,-92.9915542602539,381.88225737289497,52.50426,13.282735,8.6838619525616
40812802,pc1,-85.07211538461539,-91.80716705322266,332.91329840575236,52.504695,13.28286,6.7350516686072694
40812802,pc1,-86.09913793103448,-90.9161148071289,300.2045645836675,52.504995,13.282888333333334,4.816976876094429
40812802,pc1,-86.828125,-90.45649719238281,284.5888584616373,52.50514,13.282895,3.6283721923828125
40812802,pc1,-89.34375,-89.44552612304688,252.98736557253537,52.505435,13.28291,0.101776123046875
40812802,pc1,-88.75,-88.28491973876953,220.91491063823568,52.50573333333333,13.282945,-0.46508026123046875
40812802,pc1,-85.58163265306122,-86.94056701660156,188.66647991174267,52.50602833333333,13.283015,1.3589343635403424
40812802,pc1,-87.703125,-86.15867614746094,172.0372806545896,52.50617666666667,13.28307,-1.5444488525390625
40812802,pc1,-89.775,-80.66402435302734,88.14786657655453,52.506895,13.283475,-9.110975646972662
40812802,pc1,-90.52083333333331,-74.84459686279297,37.90083875064816,52.507313333333336,13.283771666666668,-15.676236470540346
40812802,pc1,-88.07932692307692,-70.67813873291016,7.101289749420324,52.50759833333333,13.283985,-17.401188190166764
40812802,pc1,-86.89423076923077,-76.51909637451172,49.93476188208794,52.508026666666666,13.284286666666668,-10.375134394719055
40812802,pc1,-84.27307692307693,-78.58643341064453,67.13939519348955,52.50817,13.284386666666666,-5.686643512432397
40812802,pc1,-85.7625,-82.97876739501953,117.51923773547212,52.50859,13.28467,-2.7837326049804716
40812802,pc1,-89.70192307692308,-84.05121612548828,133.8202154103728,52.508725,13.284765,-5.650706951434799
40812802,pc1,-84.27951388888889,-87.39600372314453,199.04726601969483,52.50927166666666,13.285115,3.1164898342556455
40812802,pc1,-85.69565217391305,-88.67340087890625,231.18228574659562,52.50954,13.285291666666666,2.9777487049932034
40812802,pc1,-98.52521929824562,-91.9209213256836,337.33133134744156,52.51041,13.285943333333334,-6.604297972562023
40812802,pc1,-94.1686046511628,-83.91253662109375,131.60466408258463,52.50656166666667,13.283138333333332,-10.256068030069045
40812802,pc1,-90.18253968253968,-82.03548431396484,104.67255037902326,52.506795,13.283271666666666,-8.14705536857484
40812802,pc1,-88.12600806451613,-80.9136962890625,90.98223151479526,52.50691,13.283351666666666,-7.212311775453628
40812802,pc1,-86.34148550724638,-79.63648223876953,77.2152004550323,52.50702166666667,13.283443333333333,-6.705003268476844
40812802,pc1,-83.95426829268293,-76.72636413574219,51.525653547472906,52.50723,13.283618333333331,-7.227904156940738
40812802,pc1,-86.09693877551021,-75.28425598144531,40.937289228654706,52.50731666666667,13.283691666666666,-10.812682794064898
40812802,pc1,-87.3141891891892,-73.98774719238281,32.158094854927484,52.50739166666666,13.28375,-13.32644199680638
40812802,pc1,-89.86290322580645,-72.83759307861328,24.59610488633655,52.50746166666666,13.283798333333332,-17.025310147193167
40812802,pc1,-89.71732954545455,-71.92839813232422,18.374282739207157,52.50752666666666,13.283841666666667,-17.788931413130328
40812802,pc1,-86.90558510638297,-74.69449615478516,36.88079716623347,52.507925,13.284121666666667,-12.211088951597816
40812802,pc1,-85.03017241379311,-78.17499542236328,63.45860312660122,52.50815333333333,13.284275,-6.855176991429829
40812802,pc1,-88.02638888888889,-83.77422332763672,129.42641020023837,52.50870166666667,13.284676666666666,-4.25216556125217
40812802,pc1,-85.70075757575758,-87.11809539794922,192.64912650849212,52.50922666666666,13.285041666666666,1.4173378221916408
40812802,pc1,-85.43432203389831,-87.86638641357422,210.34419149177515,52.509375,13.285136666666666,2.432064379675907
40812802,pc1,-86.85369318181819,-88.21098327636719,219.00980171907383,52.50944833333333,13.28518,1.3572900945490005
40812802,pc1,-87.1282894736842,-88.95069885253906,238.79388859123625,52.50961333333333,13.28529,1.8224093788548572
40812802,pc1,-87.98194444444445,-89.30622100830078,248.90961650787276,52.509695,13.285358333333331,1.3242765638563299
40812802,pc1,-92.7425,-90.34856414794922,281.0371454645075,52.509953333333335,13.285578333333332,-2.393935852050788
40812802,pc1,-95.77,-90.6959228515625,292.6195467762214,52.51005166666667,13.285635,-5.074077148437496
40812802,pc1,-102.78,-91.6609115600586,327.3114148594159,52.51033833333334,13.285838333333333,-11.119088439941407
30625794,pc1,-95.6,-73.05018615722656,26.00052590591392,52.50334166666666,13.281998333333334,-22.549813842773432
30625794,pc1,-92.854375,-71.81292724609375,17.53668757576121,52.50366833333333,13.282341666666667,-21.041447753906255
30625794,pc1,-95.315,-73.19864654541016,26.976838285100065,52.50374333333333,13.282411666666668,-22.11635345458984
30625794,pc4,-110.495625,-84.01786041259766,133.28195926245,52.50255166666667,13.281081666666667,-26.477764587402348
30625794,pc4,-107.809375,-83.01071166992188,117.98126533696635,52.50266166666667,13.281218333333332,-24.798663330078128
30625794,pc4,-107.355625,-82.41015625,109.6229434631378,52.502721666666666,13.281293333333334,-24.945468750000003
30625794,pc4,-108.25125,-82.03768920898438,104.70374380981632,52.50275666666667,13.281338333333334,-26.213560791015624
30625794,pc4,-108.24125,-81.67708587646484,100.12391180599099,52.50279,13.281378333333333,-26.56416412353515
30625794,pc1,-96.7042525773196,-73.64733123779297,29.91894581600748,52.503796666666666,13.28235,-23.056921339526625
30625794,pc4,-95.9047619047619,-70.64408874511719,6.612584374961236,52.50351833333333,13.282248333333332,-25.26067315964471
30625794,pc4,-96.454375,-70.91522979736328,9.937652426218998,52.50357666666667,13.282308333333331,-25.539145202636718
30625794,pc4,-97.45703125,-72.96990966796875,25.472576002870525,52.50371166666667,13.282436666666667,-24.48712158203125
30625794,pc1,-91.528125,-72.48624420166016,22.249209247947647,52.503726666666665,13.282326666666666,-19.041880798339847
30625794,pc1,-90.63375,-72.78394317626953,24.241699553256748,52.50336166666666,13.281991666666666,-17.849806823730475
30625794,pc1,-89.69625,-71.54701232910156,15.527968082458228,52.50342666666667,13.282065,-18.149237670898444
30625794,pc1,-90.95125,-70.60465240478516,5.999510238133254,52.5035,13.282141666666666,-20.346597595214845
30625794,pc1,-89.50625,-71.42913818359375,14.593478309551374,52.50365666666666,13.282296666666667,-18.077111816406244
30625794,pc1,-92.8683510638298,-72.8382339477539,24.601894403533805,52.50373666666667,13.282366666666666,-20.0301171160759
30625794,pc1,-88.12625,-71.11089324951172,11.859190236860226,52.503635,13.282276666666666,-17.01535675048828
30625794,pc1,-91.959375,-73.41307830810547,28.383067449912165,52.50376666666666,13.282393333333331,-18.546296691894526
30625794,pc1,-97.74273255813954,-76.6952896118164,51.28863643041265,52.503166666666665,13.28175,-21.04744294632313
30625794,pc1,-92.375,-75.03978729248047,39.24052547960498,52.503255,13.281853333333334,-17.33521270751953
30625794,pc1,-89.18125,-71.21817779541016,12.822924506846444,52.50345333333333,13.282068333333331,-17.96307220458985
30625794,pc1,-87.986875,-70.92280578613281,10.016662922642315,52.50362833333333,13.282245,-17.064069213867185
30625794,pc1,-95.20375,-76.8233871459961,52.28335748910618,52.503168333333335,13.28172,-18.380362854003906
30625794,pc4,-95.536875,-70.76998901367188,8.297187738124268,52.50360166666667,13.282258333333331,-24.76688598632812
30625794,pc1,-90.72302631578948,-71.52473449707031,15.353948487896076,52.50344333333334,13.282026666666669,-19.19829181871917
30625794,pc1,-90.224375,-70.86671447753906,9.415306319299543,52.50348833333334,13.282075,-19.357660522460932
30625794,pc1,-91.29625,-70.48499298095703,3.6053589689401346,52.503535,13.282121666666669,-20.81125701904297
30625794,pc1,-89.284375,-71.28041076660156,13.360120720506451,52.503661666666666,13.282246666666667,-18.003964233398435
30625794,pc1,-91.851875,-73.57157135009766,29.421956620908446,52.50378833333333,13.282361666666668,-18.28030364990235
30625794,pc1,-93.0175,-70.63220977783203,6.433259725514549,52.50351666666667,13.282091666666666,-22.385290222167967
30625794,pc1,-94.93550531914892,-72.70026397705078,23.685002633745356,52.50373333333334,13.28235,-22.235241342098135
30625794,pc1,-94.21875,-70.43820190429688,2.042794557960081,52.503546666666665,13.282138333333334,-23.780548095703125
30625794,pc1,-93.270625,-71.53598022460938,15.441819693391322,52.50367666666666,13.282266666666668,-21.73464477539062
30625794,pc1,-95.43375,-72.8283462524414,24.536176607029944,52.50374833333333,13.282331666666666,-22.605403747558597
40848128,pc1,-81.78055555555555,-70.53166961669922,11.289638366090362,52.51354166666667,13.337023333333333,-11.248885938856333
40848128,pc1,-83.66185897435898,-69.87409210205078,3.024765123607888,52.51355333333333,13.337221666666666,-13.787766872308197
40848128,pc1,-84.1025,-70.2494888305664,8.648364211734995,52.51356166666667,13.337311666666666,-13.8530111694336
40848128,pc1,-82.50961538461539,-70.31586456298828,9.322788238140912,52.51356166666667,13.337321666666666,-12.193750821627106
40848128,pc1,-83.25240384615384,-70.31586456298828,9.322788238140912,52.51356166666667,13.337321666666666,-12.936539283165558
40848128,pc1,-83.03125,-70.31586456298828,9.322788238140912,52.51356166666667,13.337321666666666,-12.715385437011719
40848128,pc1,-83.10129310344827,-70.31586456298828,9.322788238140912,52.51356166666667,13.337321666666666,-12.78542854045999
40848128,pc1,-82.6325,-70.31586456298828,9.322788238140912,52.51356166666667,13.337321666666666,-12.316635437011712
40848128,pc1,-82.745,-70.31586456298828,9.322788238140912,52.51356166666667,13.337321666666666,-12.429135437011723
40848128,pc1,-82.82211538461539,-70.31586456298828,9.322788238140912,52.51356166666667,13.337321666666666,-12.506250821627106
40848128,pc1,-82.4375,-70.31586456298828,9.322788238140912,52.51356166666667,13.337321666666666,-12.121635437011719
40848128,pc1,-83.1875,-70.31586456298828,9.322788238140912,52.51356166666667,13.337321666666666,-12.871635437011719
40848128,pc1,-84.9375,-70.5912094116211,11.787794504020434,52.51356333333333,13.337358333333333,-14.346290588378906
40848128,pc1,-86.75,-71.11831665039062,15.723495605361203,52.51357,13.337416666666666,-15.631683349609375
40848128,pc1,-79.319375,-72.24816131591797,22.924353209720767,52.513551666666665,13.336846666666666,-7.071213684082025
40848128,pc1,-85.335625,-71.35938262939453,17.347814231313947,52.51356,13.336928333333333,-13.976242370605462
40848128,pc1,-84.383125,-69.95633697509766,4.808984747625821,52.51358666666667,13.33712,-14.42678802490235
40848128,pc1,-84.230625,-69.9621353149414,4.911312404944972,52.51358666666667,13.337118333333333,-14.268489685058597
40848128,pc1,-84.675,-69.96808624267578,5.0140886650194165,52.51358666666667,13.337116666666669,-14.706913757324216
40848128,pc1,-84.98625,-69.96387481689453,4.941455248773335,52.513585,13.337116666666669,-15.022375183105467
40848128,pc1,-85.47375,-69.96387481689453,4.941455248773335,52.513585,13.337116666666669,-15.509875183105464
40848128,pc1,-85.10125,-69.96996307373047,5.0461387205450965,52.513585,13.337115,-15.131286926269524
40848128,pc1,-85.28625,-69.96996307373047,5.0461387205450965,52.513585,13.337115,-15.316286926269527
40848128,pc1,-85.088125,-69.96996307373047,5.0461387205450965,52.513585,13.337115,-15.118161926269536
40848128,pc1,-84.92625,-69.96996307373047,5.0461387205450965,52.513585,13.337115,-14.956286926269527
40848128,pc1,-85.3075,-69.96996307373047,5.0461387205450965,52.513585,13.337115,-15.337536926269536
40848128,pc1,-85.001875,-69.96996307373047,5.0461387205450965,52.513585,13.337115,-15.03191192626953
40848128,pc1,-84.9075,-69.96387481689453,4.941455248773335,52.513585,13.337116666666669,-14.943625183105468
40848128,pc1,-85.18625,-69.96387481689453,4.941455248773335,52.513585,13.337116666666669,-15.22237518310547
40848128,pc1,-85.109375,-69.96387481689453,4.941455248773335,52.513585,13.337116666666669,-15.145500183105469
40848128,pc1,-86.488125,-69.935546875,4.424014630946781,52.513585,13.337125,-16.552578124999997
40848128,pc1,-88.29375,-70.32709503173828,9.433184233717819,52.513605,13.33731,-17.96665496826172
40848128,pc1,-93.46625,-76.85460662841797,52.89093706347417,52.51365333333333,13.337953333333331,-16.611643371582034
40848128,pc1,-94.03625,-78.05961608886719,62.55654638890605,52.513665,13.338095,-15.976633911132808
40848128,pc1,-97.92447916666669,-80.12688446044922,82.41668185300061,52.51368,13.338388333333333,-17.797594706217467
26349056,pc4,-104.033125,-70.48784637451172,3.6758387889283632,52.510821666666665,13.369173333333332,-33.54527862548828
26349056,pc4,-105.611875,-71.75448608398438,17.102051370542902,52.51077,13.368878333333331,-33.85738891601562
26349056,pc4,-103.219375,-73.7669906616211,30.70060785154616,52.510736666666666,13.368685,-29.452384338378906
26349056,pc4,-98.669375,-74.85661315917969,37.978674735300764,52.510715,13.368583333333332,-23.812761840820315
26349056,pc4,-97.67083333333332,-75.96604919433594,45.80422376167228,52.51069666666667,13.368471666666666,-21.704784138997383
26349056,pc1,-103.21375,-80.43643951416016,85.62032337869904,52.51059333333333,13.367908333333334,-22.77731048583985
26349056,pc1,-103.0546875,-81.5790023803711,98.89792746561751,52.51056333333333,13.367718333333332,-21.475685119628906
26349056,pc1,-96.754375,-70.60448455810547,5.994687798272055,52.51082666666667,13.369206666666669,-26.149890441894527
26349056,pc1,-101.613125,-72.36473846435547,21.420705222417844,52.51076,13.368816666666667,-29.248386535644528
26349056,pc1,-93.89,-70.9666519165039,10.46564800086355,52.51083,13.369273333333334,-22.923348083496094
26349056,pc1,-99.606875,-70.42046356201172,0.9096773635894808,52.510803333333335,13.369118333333333,-29.186411437988284
26349056,pc1,-92.34507978723404,-71.91609954833984,18.283933576202166,52.510848333333335,13.369385,-20.428980238894198
26349056,pc1,-96.35970744680851,-74.6435317993164,36.531129069245566,52.51072333333333,13.368601666666668,-21.716175647492108
26349056,pc1,-92.50930851063828,-72.76207733154297,24.09276739191572,52.510865,13.369466666666666,-19.74723117909531
26349056,pc4,-100.01508620689656,-75.76744842529297,44.36233192490154,52.51073,13.36848,-24.247637781603586
26349056,pc4,-100.31760204081633,-75.9906234741211,45.983816539170746,52.51072666666666,13.368456666666669,-24.32697856669523
26349056,pc1,-93.08125,-71.98728942871094,18.794063246794934,52.510846666666666,13.369393333333331,-21.09396057128906
26349056,pc1,-98.74125,-70.6892318725586,7.253299423906265,52.51081833333333,13.369228333333334,-28.0520181274414
26349056,pc1,-97.95125,-71.85762023925781,17.860141799219836,52.51076,13.368871666666667,-26.09362976074219
26349056,pc1,-92.78625,-73.85613250732422,31.286933952974696,52.51072833333333,13.36868,-18.930117492675777
26349056,pc1,-100.25375,-70.51566314697266,4.336531233045817,52.510846666666666,13.369095,-29.73808685302734
26349056,pc1,-101.82712765957449,-71.1185531616211,11.927437880648068,52.510823333333335,13.368946666666666,-30.708574497953393
26349056,pc1,-102.743125,-71.75032806396484,17.07101837647838,52.510775,13.368876666666669,-30.992796936035163
26349056,pc1,-101.805,-72.31206512451172,21.06074716205016,52.510765,13.36882,-29.492934875488288
26349056,pc1,-101.4625,-73.02027893066406,25.800017021926443,52.51075166666666,13.368753333333334,-28.442221069335943
26349056,pc1,-99.13625,-74.73106384277344,37.12411978537685,52.51072166666667,13.368593333333331,-24.405186157226566
26349056,pc1,-97.05375,-70.52911376953125,4.62335813231943,52.510845,13.369161666666669,-26.524636230468744
26349056,pc1,-103.394375,-71.2768325805664,13.327367867556498,52.51080666666667,13.368925,-32.11754241943359
26349056,pc1,-98.8425,-70.7347183227539,7.8548564322953345,52.51085333333333,13.369215,-28.107781677246095
26349056,pc1,-100.765625,-73.1965560913086,26.958540588608884,52.51077333333333,13.368728333333332,-27.569068908691406
26349056,pc1,-96.588125,-74.81486511230469,37.69395212014614,52.51074666666667,13.368575,-21.773259887695318
26349056,pc1,-90.563125,-71.59821319580078,15.921965334390734,52.51085333333333,13.369346666666669,-18.964911804199218
26349056,pc1,-97.281875,-70.5303726196289,4.649499444259996,52.510825,13.369186666666666,-26.751502380371093
26349056,pc1,-97.58375,-73.72636413574219,30.43358092348273,52.510738333333336,13.368688333333331,-23.857385864257807
26369029,pc1,-99.01768867924528,-84.27550506591797,142.9580277050836,52.51141333333333,13.350855,-14.742183613327313
26369029,pc1,-98.355,-83.58887481689453,130.341896506701,52.51130166666667,13.350888333333334,-14.766125183105473
26369029,pc1,-97.465,-83.24684143066406,124.50919923608862,52.51125,13.350903333333331,-14.218158569335941
26369029,pc1,-96.335625,-82.19917297363281,108.31166352832048,52.51110666666667,13.350946666666667,-14.13645202636718
26369029,pc1,-95.1225,-81.72749328613281,101.76319190217716,52.511048333333335,13.35096,-13.39500671386719
26369029,pc1,-95.871875,-81.1022720336914,93.71510850364976,52.51097666666666,13.350976666666666,-14.769602966308597
26369029,pc1,-96.17625,-80.5994644165039,87.7164646522441,52.51092333333333,13.35099,-15.57678558349609
26369029,pc1,-95.403125,-80.28404235839844,84.15057161759282,52.510891666666666,13.350998333333331,-15.119082641601565
26369029,pc1,-94.02,-77.6366195678711,59.03965363733738,52.510668333333335,13.351053333333333,-16.383380432128902
26369029,pc1,-92.80875,-75.9435806274414,46.27592152772928,52.510555,13.351083333333332,-16.865169372558597
26369029,pc1,-92.94,-74.11502838134766,34.26263754167735,52.510448333333336,13.351111666666666,-18.82497161865234
26369029,pc1,-93.155625,-73.16622161865234,28.46366618730514,52.510396666666665,13.351123333333334,-19.989403381347657
26369029,pc1,-91.89625,-71.34660339355469,17.26651620581211,52.51029666666667,13.351143333333331,-20.549646606445307
26369029,pc1,-91.16,-70.11912536621094,7.174150965670265,52.51020666666667,13.351163333333334,-21.04087463378906
26369029,pc1,-89.415625,-70.46965026855469,10.754722601710268,52.51004666666667,13.35119,-18.945974731445318
26369029,pc1,-93.286875,-72.1492691040039,22.326061347412068,52.509945,13.351235,-21.13760589599609
26369029,pc1,-92.2275,-72.15220642089844,22.344024911217176,52.509945,13.351236666666669,-20.07529357910157
26369029,pc1,-92.948125,-72.15220642089844,22.344024911217176,52.509945,13.351236666666669,-20.795918579101567
26369029,pc1,-92.8725,-72.15220642089844,22.344024911217176,52.509945,13.351236666666669,-20.720293579101565
26369029,pc1,-93.26875,-72.15220642089844,22.344024911217176,52.509945,13.351236666666669,-21.11654357910156
26369029,pc1,-93.356875,-72.15220642089844,22.344024911217176,52.509945,13.351236666666669,-21.204668579101565
26369029,pc1,-92.429375,-72.15220642089844,22.344024911217176,52.509945,13.351236666666669,-20.277168579101556
26369029,pc1,-92.30625,-72.15220642089844,22.344024911217176,52.509945,13.351236666666669,-20.154043579101568
26369029,pc1,-92.715625,-72.1492691040039,22.326061347412068,52.509945,13.351235,-20.566355895996097
26369029,pc1,-92.615,-72.1492691040039,22.326061347412068,52.509945,13.351235,-20.46573089599609
26369029,pc1,-92.931875,-72.14925384521484,22.326061347412068,52.509945,13.351235,-20.78262115478516
26369029,pc1,-92.775625,-72.1492691040039,22.326061347412068,52.509945,13.351235,-20.6263558959961
26369029,pc1,-92.485625,-72.1492691040039,22.326061347412068,52.509945,13.351235,-20.336355895996093
26369029,pc1,-91.671875,-72.14925384521484,22.326061347412068,52.509945,13.351235,-19.522621154785156
26369029,pc1,-94.6975,-72.1492691040039,22.326061347412068,52.509945,13.351235,-22.5482308959961
26369029,pc1,-93.58375,-72.14925384521484,22.326061347412068,52.509945,13.351235,-21.43449615478515
26369029,pc1,-88.664375,-72.1492691040039,22.326061347412068,52.509945,13.351235,-16.5151058959961
26369029,pc1,-86.42283163265306,-72.1521987915039,22.344024911217176,52.509945,13.351236666666669,-14.270632841149151
26351365,pc1,-82.52533783783784,-82.07250213623047,106.60541091704539,52.49969333333333,13.318613333333332,-0.45283570160736986
26351365,pc1,-84.43229166666667,-81.26477813720703,95.75895516783518,52.499678333333335,13.318455,-3.16751352945964
26351365,pc1,-86.68617021276596,-80.32772064208984,84.66280252472295,52.49966166666667,13.318293333333331,-6.358449570676115
26351365,pc1,-88.4429347826087,-77.9215087890625,61.41170210385252,52.499645,13.31795,-10.521425993546202
26351365,pc1,-80.8288043478261,-70.28943634033203,9.066794746388853,52.49958333333333,13.31718,-10.539368007494062
26351365,pc1,-84.40985576923077,-69.84903717041016,2.2433808245820015,52.49957166666667,13.31707,-14.560818598820617
26351365,pc1,-83.59239130434783,-69.88063049316406,3.214773385822983,52.49956333333333,13.3171,-13.711760811183765
26351365,pc1,-84.11820652173913,-69.91264343261719,3.9672379076994098,52.49956333333333,13.317111666666667,-14.205563089121938
26351365,pc1,-82.65384615384616,-69.91264343261719,3.9672379076994098,52.49956333333333,13.317111666666667,-12.741202721228973
26351365,pc1,-82.38662790697674,-69.91264343261719,3.9672379076994098,52.49956333333333,13.317111666666667,-12.473984474359554
26351365,pc1,-82.97265625,-69.91264343261719,3.9672379076994098,52.49956333333333,13.317111666666667,-13.060012817382812
26351365,pc1,-82.59615384615384,-69.91264343261719,3.9672379076994098,52.49956333333333,13.317111666666667,-12.683510413536652
26351365,pc1,-82.64423076923077,-69.91264343261719,3.9672379076994098,52.49956333333333,13.317111666666667,-12.731587336613586
26351365,pc1,-83.035,-69.91264343261719,3.9672379076994098,52.49956333333333,13.317111666666667,-13.122356567382809
26351365,pc1,-82.64182692307692,-69.91264343261719,3.9672379076994098,52.49956333333333,13.317111666666667,-12.729183490459732
26351365,pc1,-82.125,-69.91264343261719,3.9672379076994098,52.49956333333333,13.317111666666667,-12.212356567382812
26351365,pc1,-82.3125,-69.91264343261719,3.9672379076994098,52.49956333333333,13.317111666666667,-12.399856567382812
26351365,pc1,-81.77321428571429,-69.91264343261719,3.9672379076994098,52.49956333333333,13.317111666666667,-11.860570853097101
26351365,pc1,-81.13825757575758,-69.91264343261719,3.9672379076994098,52.49956333333333,13.317111666666667,-11.22561414314039
26351365,pc1,-85.8875,-69.82434844970703,0.9353078965733941,52.499555,13.317041666666666,-16.06315155029297
26351365,pc1,-83.3771551724138,-71.50483703613281,18.305274930035928,52.499521666666666,13.31679,-11.872318136280981
26351365,pc1,-82.43028846153847,-71.94364929199219,21.069377189547303,52.499516666666665,13.31675,-10.48663916954628
26351365,pc1,-82.57056451612904,-71.9556655883789,21.144727006256815,52.49951333333333,13.31675,-10.614898927750133
26351365,pc1,-82.51201923076923,-71.99785614013672,21.404900418292872,52.49951166666666,13.316746666666669,-10.514163090632508
26351365,pc1,-82.17,-71.99785614013672,21.404900418292872,52.49951166666666,13.316746666666669,-10.172143859863283
26351365,pc1,-80.9375,-72.0045394897461,21.44602297226882,52.49951,13.316746666666669,-8.932960510253906
26351365,pc1,-84.5,-72.66172790527344,25.434875895387112,52.4995,13.31669,-11.838272094726562
26351365,pc1,-87.625,-73.18468475341797,28.583786539791763,52.499485,13.316648333333331,-14.440315246582031
26351365,pc1,-89.3125,-73.70719909667969,31.7692228303598,52.49946333333333,13.31661,-15.605300903320312
26351365,pc1,-89.15625,-74.27042388916016,35.258449723676236,52.499433333333336,13.316573333333332,-14.885826110839844
34006275,pc4,-87.760625,-83.46585845947266,124.66678638243438,52.51463666666667,13.353585,-4.294766540527348
34006275,pc4,-86.894375,-82.62779235839844,112.57177913000919,52.514645,13.353763333333331,-4.266582641601559
34006275,pc4,-85.646875,-81.76762390136719,101.24077849251235,52.514655,13.35393,-3.879251098632807
34006275,pc4,-87.911875,-80.85059356689453,90.246175041198,52.514665,13.354091666666667,-7.061281433105464
34006275,pc4,-87.691875,-78.79183959960938,69.01934018742887,52.51468666666667,13.354403333333334,-8.900035400390621
34006275,pc4,-85.628125,-77.62828063964844,58.7678108823929,52.51469166666666,13.354555,-7.99984436035156
34006275,pc1,-101.79166666666669,-87.10668182373047,192.3575062549752,52.51493,13.358245,-14.684984842936217
34006275,pc1,-103.875,-87.10668182373047,192.3575062549752,52.51493,13.358245,-16.76831817626953
34006275,pc4,-72.061875,-72.3507308959961,21.32366249319217,52.51473,13.355105,0.2888558959960932
34006275,pc1,-103.09375,-87.10668182373047,192.3575062549752,52.51493,13.358245,-15.987068176269531
34006275,pc1,-103.96875,-87.10668182373047,192.3575062549752,52.51493,13.358245,-16.86206817626953
34006275,pc4,-70.059375,-71.433837890625,14.627161396483642,52.51475333333333,13.355631666666667,1.3744628906249972
34006275,pc1,-102.03125,-87.10668182373047,192.3575062549752,52.51493,13.358245,-14.924568176269531
34006275,pc4,-86.78443877551021,-76.62286376953125,50.7192267464569,52.51477666666667,13.356165,-10.16157500597896
34006275,pc1,-102.75,-87.10668182373047,192.3575062549752,52.51493,13.358245,-15.643318176269531
34006275,pc4,-93.5875,-78.63581085205078,67.57921449029087,52.51479166666667,13.356413333333334,-14.951689147949224
34006275,pc4,-93.955625,-79.53644561767578,76.19847569589133,52.51480166666666,13.35654,-14.419179382324216
34006275,pc1,-103.125,-87.10668182373047,192.3575062549752,52.51493,13.358245,-16.01831817626953
34006275,pc4,-98.240625,-81.08650207519531,92.9742551492448,52.51481833333333,13.356786666666666,-17.154122924804682
34006275,pc1,-101.4375,-87.10668182373047,192.3575062549752,52.51493,13.358245,-14.330818176269531
34006275,pc1,-102.0,-87.10668182373047,192.3575062549752,52.51493,13.358245,-14.893318176269531
34006275,pc4,-101.545,-82.49717712402344,110.78171476773095,52.51483666666667,13.357048333333331,-19.047822875976564
34006275,pc4,-100.64760638297872,-83.14989471435547,119.9756128501784,52.51484666666666,13.357183333333332,-17.497711668623253
34006275,pc1,-87.93875,-78.42036437988281,65.62579674579338,52.51478166666666,13.354446666666666,-9.518385620117186
34006275,pc1,-87.583125,-74.91887664794922,38.401282708662606,52.514806666666665,13.354853333333333,-12.664248352050777
34006275,pc1,-80.43375,-72.91606140136719,25.110723242795284,52.51482166666667,13.355058333333334,-7.517688598632816
34006275,pc1,-76.255625,-71.24974060058594,13.095030016771794,52.514835,13.355265,-5.005884399414057
34006275,pc1,-78.44375,-70.96743774414062,10.474261083281151,52.51484833333333,13.355475,-7.476312255859369
26356992,pc4,-92.990625,-79.21700286865234,73.05639738821426,52.512906666666666,13.285525,-13.77362213134765
26356992,pc4,-94.58375,-79.26325225830078,73.50546682090541,52.512906666666666,13.285518333333334,-15.320497741699214
26356992,pc4,-95.403125,-79.31111145019531,73.97237391796429,52.512905,13.285511666666666,-16.09201354980469
26356992,pc4,-96.09875,-79.45931243896484,75.43175567595208,52.512905,13.28549,-16.63943756103515
26356992,pc4,-96.91125,-79.595947265625,76.79671288815783,52.51290333333333,13.28547,-17.315302734374995
26356992,pc4,-96.531875,-79.87468719482422,79.63898906247597,52.5129,13.285428333333334,-16.65718780517578
26356992,pc4,-98.708125,-79.92882537841797,80.2002536350367,52.5129,13.28542,-18.779299621582027
26356992,pc4,-99.875,-80.0206527709961,81.15939977323396,52.512905,13.285405,-19.854347229003906
26356992,pc4,-99.675,-80.00839233398438,81.03080228778336,52.512906666666666,13.285406666666669,-19.666607666015622
26356992,pc4,-99.33125,-80.00687408447266,81.01496546241617,52.512908333333336,13.285406666666669,-19.32437591552734
26356992,pc4,-99.283125,-80.00687408447266,81.01496546241617,52.512908333333336,13.285406666666669,-19.276250915527342
26356992,pc4,-98.58,-80.00687408447266,81.01496546241617,52.512908333333336,13.285406666666669,-18.573125915527342
26356992,pc1,-92.56112637362638,-74.22720336914062,33.73985006502043,52.51299333333333,13.287096666666669,-18.333923004485754
26356992,pc1,-95.3125,-74.886962890625,38.184837823148634,52.513,13.287161666666666,-20.425537109375
26356992,pc1,-99.765625,-76.27347564697266,48.075178148012675,52.51301166666666,13.287306666666666,-23.492149353027344
26356992,pc1,-97.759375,-75.6712875366211,43.669861927784076,52.51303833333333,13.287235,-22.088087463378912
26356992,pc1,-95.40757978723404,-77.38499450683594,56.75859029598501,52.51304833333333,13.287428333333333,-18.022585280398104
26356992,pc1,-87.626875,-74.02851867675781,32.42292681360326,52.51301333333333,13.287073333333334,-13.598356323242186
26356992,pc1,-98.80984042553192,-76.88605499267578,52.76373555931051,52.51302833333333,13.287373333333331,-21.923785432856135
26356992,pc1,-95.21010638297872,-74.19670104980469,33.537188353295605,52.51296166666667,13.287095,-21.013405333174035
26356992,pc1,-95.8225,-75.11155700683594,39.72979157991208,52.51296666666666,13.287186666666669,-20.710942993164068
26356992,pc1,-96.90159574468083,-75.57949829101562,43.01414113644792,52.51298,13.287235,-21.322097453665208
26356992,pc1,-95.446875,-75.32684326171875,41.22933945861203,52.512985,13.287208333333334,-20.120031738281256
26356992,pc1,-96.210625,-75.13140106201172,39.86737658572942,52.51301,13.287185,-21.079223937988274
26356992,pc1,-93.253125,-76.57704162597656,50.369960986152336,52.513005,13.287341666666666,-16.676083374023435
26356992,pc1,-96.898125,-77.80652618408203,60.269936389649274,52.513005,13.287488333333334,-19.091598815917962
26356992,pc1,-97.09625,-77.80513763427734,60.258172532529386,52.51300333333333,13.287488333333334,-19.291112365722654
26349061,pc1,-102.6046052631579,-90.61974334716797,290.0361596267861,52.51057166666666,13.367311666666666,-11.984861915989924
26349061,pc1,-99.70375,-89.4883041381836,254.24498759609097,52.510485,13.366801666666667,-10.215445861816406
26349061,pc1,-105.916875,-88.15947723388672,217.68548451590019,52.51038833333333,13.366283333333334,-17.757397766113286
26349061,pc1,-107.443125,-87.20474243164062,194.61464879581476,52.510335,13.365953333333334,-20.23838256835937
26349061,pc1,-104.608125,-85.5548095703125,160.14671813681588,52.51025,13.365461666666668,-19.0533154296875
26349061,pc1,-104.77375,-84.89842224121094,148.1068148801166,52.510225,13.365288333333334,-19.87532775878907
26349061,pc1,-104.206875,-84.1604995727539,135.5773578484711,52.51019166666666,13.36511,-20.04637542724609
26349061,pc1,-104.030625,-82.53302764892578,111.27972720572686,52.510126666666665,13.364763333333332,-21.49759735107422
26349061,pc1,-103.28375,-80.58436584472656,87.25331485691554,52.510063333333335,13.364418333333331,-22.699384155273435
26349061,pc1,-99.736875,-79.43244934082031,75.17089979507008,52.51003333333333,13.364243333333333,-20.304425659179685
26349061,pc1,-93.505625,-75.28495788574219,40.938460360842356,52.50994666666666,13.363736666666666,-18.220667114257807
26349061,pc1,-94.1725,-73.75091552734375,30.595631882478376,52.50991833333333,13.363573333333331,-20.42158447265625
26349061,pc1,-95.1,-72.3422622680664,21.268059161885432,52.50989166666667,13.363408333333334,-22.757737731933588
26349061,pc1,-95.294375,-71.51737213134766,15.29439117881198,52.50986666666667,13.363246666666669,-23.777002868652346
26349061,pc1,-98.924375,-74.01146697998047,32.3127878010682,52.50982333333334,13.36274,-24.91290802001953
26349061,pc1,-101.084375,-79.26728057861328,73.54969714124455,52.509836666666665,13.362076666666669,-21.817094421386713
26349061,pc1,-98.80375,-81.79542541503906,101.59921006969479,52.50985333333333,13.36165,-17.00832458496093
26349061,pc1,-104.8325,-86.97843170166016,189.49673065162438,52.50988666666667,13.36034,-17.85406829833984
26349061,pc1,-103.655,-87.35839080810547,198.15730276264594,52.509888333333336,13.360211666666666,-16.296609191894532
26349061,pc1,-103.081875,-87.69109344482422,206.0512194169495,52.50988666666667,13.360095,-15.390781555175778
26349061,pc1,-106.649375,-90.61470794677734,289.86394434036254,52.509925,13.358853333333334,-16.034667053222663
26349061,pc1,-109.250625,-91.46786499023438,320.0425575765164,52.50994666666666,13.358406666666667,-17.782760009765624
26349061,pc1,-108.74125,-91.71897888183594,329.50325157098166,52.50995666666667,13.358266666666667,-17.022271118164056
26349061,pc1,-108.410625,-92.20695495605469,348.6828855599655,52.509951666666666,13.357983333333332,-16.20367004394531
26349061,pc1,-107.959375,-92.66899108886719,367.85659347855443,52.509951666666666,13.3577,-15.290383911132807
26349061,pc1,-109.539375,-93.12022399902344,387.5862018010395,52.50996,13.357408333333334,-16.41915100097657
26349061,pc1,-113.19791666666669,-93.56877899169922,408.23630816046546,52.50995,13.357103333333333,-19.629137674967467
26367746,pc1,-88.96910112359551,-70.11580657958984,7.137264907770782,52.50018333333333,13.325726666666666,-18.853294544005664
26367746,pc1,-88.53217821782178,-70.11580657958984,7.137264907770782,52.50018333333333,13.325726666666666,-18.416371638231936
26367746,pc1,-88.70375,-70.11580657958984,7.137264907770782,52.50018333333333,13.325726666666666,-18.587943420410156
26367746,pc1,-88.556875,-70.1217269897461,7.21018314576599,52.50018333333333,13.325728333333334,-18.43514801025391
26367746,pc1,-88.50875,-70.11580657958984,7.137264907770782,52.50018333333333,13.325726666666666,-18.392943420410163
26367746,pc1,-88.60952970297029,-70.11580657958984,7.137264907770782,52.50018333333333,13.325726666666666,-18.493723123380448
26367746,pc1,-88.59722222222223,-70.11580657958984,7.137264907770782,52.50018333333333,13.325726666666666,-18.481415642632385
26367746,pc1,-88.59529702970298,-70.11580657958984,7.137264907770782,52.50018333333333,13.325726666666666,-18.479490450113133
26367746,pc1,-88.62626262626263,-70.12747955322266,7.280367318977064,52.500185,13.325726666666666,-18.498783073039974
26367746,pc1,-88.5475,-70.12747955322266,7.280367318977064,52.500185,13.325726666666666,-18.420020446777343
26367746,pc1,-88.47896039603961,-70.12747955322266,7.280367318977064,52.500185,13.325726666666666,-18.351480842816954
26367746,pc1,-90.258125,-70.12747955322266,7.280367318977064,52.500185,13.325726666666666,-20.13064544677735
26367746,pc1,-92.345625,-70.04548645019531,6.2164253880158205,52.50018833333333,13.325636666666666,-22.300138549804686
26367746,pc1,-92.635625,-70.57091522216797,11.628509644356344,52.50017833333333,13.325503333333334,-22.064709777832036
26367746,pc1,-92.695625,-74.18202209472656,34.68742519194585,52.50016,13.325148333333331,-18.513602905273444
26367746,pc1,-90.495,-71.02719116210938,15.093806203255415,52.50008166666667,13.325453333333334,-19.46780883789063
26367746,pc1,-90.423125,-71.02719116210938,15.093806203255415,52.50008166666667,13.325453333333334,-19.395933837890624
26367746,pc1,-90.636875,-71.01248168945312,14.989809888729381,52.50008166666667,13.325455,-19.62439331054688
26367746,pc1,-90.650625,-71.01248168945312,14.989809888729381,52.50008166666667,13.325455,-19.63814331054688
26367746,pc1,-88.7625,-70.759033203125,13.12928048612178,52.50009166666667,13.32584,-18.003466796875003
26367746,pc1,-88.61875,-70.80060577392578,13.445667260032527,52.50009166666667,13.325845,-17.818144226074224
26367746,pc1,-88.56625,-70.80060577392578,13.445667260032527,52.50009166666667,13.325845,-17.765644226074215
26367746,pc1,-88.64625,-70.80060577392578,13.445667260032527,52.50009166666667,13.325845,-17.845644226074214
26367746,pc1,-89.11875,-70.80060577392578,13.445667260032527,52.50009166666667,13.325845,-18.318144226074224
26367746,pc1,-91.57125,-70.0464859008789,6.230605540521326,52.500085,13.325703333333331,-21.5247640991211
26720001,pc1,-95.36789772727272,-79.33460998535156,74.24783336318157,52.50410166666666,13.33685,-16.033287741921157
26720001,pc1,-91.859375,-76.26836395263672,48.58221899201847,52.50423333333333,13.336508333333333,-15.591011047363281
26720001,pc1,-95.860625,-72.70681762695312,25.700013516756943,52.504311666666666,13.336173333333331,-23.153807373046874
26720001,pc1,-95.18125,-71.72543334960938,19.70522172127048,52.504333333333335,13.336076666666669,-23.45581665039063
26720001,pc1,-93.179375,-70.99954986572266,14.895509694865806,52.504355,13.335985,-22.179825134277337
26720001,pc1,-91.92625,-70.62548065185547,12.070748540992307,52.50439166666666,13.33584,-21.300769348144527
26720001,pc1,-90.233125,-70.72177124023438,12.835324089718668,52.504401666666666,13.335808333333333,-19.511353759765626
26720001,pc1,-90.380625,-70.84954833984375,13.806089791039117,52.50441,13.335816666666666,-19.531076660156245
26720001,pc1,-90.141875,-70.9461898803711,14.513241443147207,52.504415,13.335833333333332,-19.195685119628905
26720001,pc1,-91.51125,-70.948974609375,14.533364025528973,52.504415,13.335835,-20.562275390625004
26720001,pc1,-90.021875,-70.95188903808594,14.554333157577034,52.504415,13.335836666666667,-19.069985961914057
26720001,pc1,-92.726875,-70.40414428710938,10.165448510144012,52.504375,13.335758333333333,-22.322730712890632
26720001,pc1,-87.638125,-70.54161834716797,11.376902444055721,52.50427,13.33563,-17.096506652832034
26720001,pc1,-94.650625,-73.61529541015625,31.187694357077838,52.50409666666667,13.335456666666667,-21.035329589843755
26720001,pc1,-95.98625,-74.24207305908203,35.05733097360963,52.504063333333335,13.33543,-21.744176940917967
26720001,pc1,-97.4125,-75.26319122314453,41.637783872428564,52.50400333333333,13.335393333333334,-22.149308776855463
26720001,pc1,-96.141875,-76.17694091796875,47.926119778109076,52.503951666666666,13.33535,-19.96493408203125
26720001,pc1,-99.801875,-76.87955474853516,53.09076064537344,52.50391166666667,13.33531,-22.92232025146484
26720001,pc1,-102.339375,-78.971435546875,70.74116239110097,52.50376666666666,13.335193333333333,-23.367939453125004
26720001,pc1,-102.049375,-79.29584503173828,73.85913194154973,52.50374166666667,13.335171666666668,-22.753529968261716
26720001,pc1,-102.900625,-80.8875732421875,91.11536255386451,52.50360166666667,13.335056666666668,-22.013051757812505
26720001,pc1,-103.2275,-81.16910552978516,94.55502859644794,52.503573333333335,13.335035,-22.05839447021485
26719233,pc1,-94.55,-78.26799774169922,64.35356591979391,52.515438333333336,13.351451666666666,-16.28200225830078
26719233,pc1,-94.14375,-76.26933288574219,48.57935839338447,52.51553333333333,13.351625,-17.87441711425781
26719233,pc1,-90.93125,-72.40635681152344,23.883275566818746,52.5159,13.3525,-18.524893188476568
26719233,pc1,-91.535,-73.57755279541016,30.950719629842663,52.515935,13.352588333333332,-17.95744720458984
26719233,pc1,-95.669375,-75.92195892333984,46.11710212313891,52.51600833333333,13.352778333333331,-19.74741607666016
26719233,pc1,-98.7675,-76.96161651611328,53.70375659547766,52.51604666666667,13.352871666666667,-21.805883483886717
26719233,pc1,-99.799375,-77.88826751708984,61.10881607283405,52.51608333333333,13.352963333333332,-21.911107482910154
26719233,pc1,-102.079375,-80.13599395751953,82.37563696537224,52.51619166666666,13.353223333333334,-21.943381042480468
26719233,pc1,-101.8575,-81.22517395019531,94.60966546139987,52.51625833333333,13.353368333333334,-20.63232604980469
26719233,pc1,-101.4025,-81.73091125488281,100.78027170361526,52.51629166666667,13.353441666666669,-19.67158874511719
26719233,pc1,-102.735,-83.23540496826172,121.23058798827249,52.5164,13.353686666666666,-19.49959503173828
26719233,pc1,-104.586875,-84.0802001953125,134.26375996178308,52.51647,13.353841666666666,-20.506674804687506
26719233,pc1,-104.661875,-84.43126678466797,140.04669168735109,52.51649833333333,13.353913333333333,-20.230608215332026
26719233,pc1,-107.98002577319588,-88.93843841552734,238.43984506235844,52.517028333333336,13.35508,-19.041587357668533
26719233,pc1,-99.7925,-79.48749542236328,75.71442894037031,52.516275,13.352998333333334,-20.305004577636723
26719233,pc1,-99.41875,-78.12364959716797,63.10665359764505,52.51621166666666,13.35284,-21.295100402832034
26719233,pc1,-91.71125,-72.43521881103516,24.06068239147435,52.516005,13.352338333333334,-19.27603118896485
26719233,pc1,-91.994375,-70.79085540771484,13.36502430145046,52.51593166666667,13.352163333333332,-21.20351959228516
26719233,pc1,-94.416875,-72.65614318847656,25.38869082638784,52.515773333333335,13.351808333333333,-21.760731811523442
26719233,pc1,-94.361875,-74.88919067382812,39.17088290395194,52.51569,13.351635,-19.472684326171873
26719233,pc1,-96.666875,-78.53054809570312,66.67268866187263,52.51550666666667,13.35133,-18.13632690429688
26719233,pc1,-98.448125,-82.67121124267578,115.2989722833864,52.51518166666666,13.350825,-15.776913757324223
26360321,pc4,-75.694375,-73.03495788574219,27.66760482791596,52.516155,13.326183333333333,-2.6594171142578062
26360321,pc4,-83.638125,-70.96295928955078,14.6299568546031,52.51624833333333,13.326033333333331,-12.675165710449221
26360321,pc4,-84.4275,-70.14759826660156,7.516255068974508,52.51625333333333,13.325711666666669,-14.279901733398432
26360321,pc4,-84.7425,-70.15354919433594,7.586241327116236,52.516255,13.32571,-14.58895080566407
26360321,pc4,-85.139375,-70.1600112915039,7.661732992080012,52.51625666666666,13.325708333333331,-14.979363708496095
26360321,pc4,-83.674375,-70.15354919433594,7.586241327116236,52.516255,13.32571,-13.52082580566406
26360321,pc4,-83.06125,-70.14420318603516,7.475852447395324,52.516255,13.325711666666669,-12.917046813964845
26360321,pc4,-83.5975,-70.16302490234375,7.696699447989767,52.516255,13.325708333333331,-13.434475097656247
26360321,pc4,-83.841875,-70.16302490234375,7.696699447989767,52.516255,13.325708333333331,-13.678850097656252
26360321,pc4,-83.520625,-70.1726303100586,7.807223870520657,52.516255,13.325706666666669,-13.347994689941402
26360321,pc4,-84.971875,-70.1726303100586,7.807223870520657,52.516255,13.325706666666669,-14.799244689941403
26360321,pc4,-84.071875,-70.1726303100586,7.807223870520657,52.516255,13.325706666666669,-13.899244689941412
26360321,pc4,-83.96,-70.1726303100586,7.807223870520657,52.516255,13.325706666666669,-13.7873696899414
26360321,pc4,-85.938125,-70.38858032226562,10.018320381217762,52.51625,13.325675,-15.549544677734374
26360321,pc4,-87.11,-70.61360168457031,11.970702656345743,52.51624666666667,13.325646666666668,-16.496398315429687
26360321,pc4,-86.221875,-75.1039047241211,40.57868622022765,52.51658666666667,13.325525,-11.117970275878903
26360321,pc4,-86.020625,-77.37740325927734,56.94711691375126,52.51668166666666,13.325321666666667,-8.643221740722652
26360321,pc4,-86.63875,-78.36905670166016,65.24123358324736,52.516725,13.325213333333334,-8.269693298339845
26360321,pc4,-88.5225,-79.92190551757812,80.22644376189709,52.516803333333336,13.325023333333334,-8.600594482421869
26360321,pc4,-92.341875,-80.8553237915039,90.71507948157551,52.516846666666666,13.324873333333333,-11.486551208496095
26360322,pc4,-89.89875,-71.75346374511719,19.875966924976378,52.516891666666666,13.324725,-18.14528625488282
26360322,pc4,-88.514375,-71.75346374511719,19.875966924976378,52.516891666666666,13.324725,-16.760911254882814
26360322,pc4,-91.6225,-71.52884674072266,18.45040438548391,52.5169,13.324695,-20.093653259277346
26360322,pc4,-91.21,-71.47610473632812,18.10985710681409,52.516893333333336,13.324695,-19.73389526367187
26360322,pc4,-91.30625,-71.47610473632812,18.10985710681409,52.516893333333336,13.324695,-19.83014526367188
26360322,pc4,-89.8775,-71.47610473632812,18.10985710681409,52.516893333333336,13.324695,-18.401395263671873
26360322,pc4,-88.99,-71.21012115478516,16.351303074377608,52.51690666666666,13.324651666666666,-17.77987884521484
26360322,pc4,-89.329375,-71.01142120361328,14.97713957226499,52.51691833333334,13.324608333333334,-18.317953796386718
26360322,pc4,-88.516875,-70.79961395263672,13.430712808128016,52.51692666666667,13.324551666666666,-17.71726104736328
26360322,pc4,-89.38875,-70.57884979248047,11.687496977641404,52.516925,13.324481666666667,-18.809900207519533
26360322,pc4,-87.770625,-70.47962951660156,10.842052595138892,52.516915,13.324411666666666,-17.290995483398433
26360322,pc4,-88.528125,-70.44230651855469,10.51031146331474,52.516891666666666,13.324351666666669,-18.085818481445315
26360322,pc4,-89.685,-70.49580383300781,10.981048348837275,52.51685333333333,13.324301666666669,-19.18919616699219
26360322,pc4,-90.563125,-73.17110443115234,28.488974852606702,52.51665833333333,13.32413,-17.392020568847656
26360322,pc4,-89.73375,-76.18022155761719,47.942587423055784,52.516495,13.323991666666666,-13.553528442382813
26360322,pc1,-86.84,-70.41961669921875,10.304223891824886,52.516855,13.324313333333333,-16.420383300781253
26360322,pc1,-87.46808510638297,-73.24188995361328,28.916412164536492,52.51665,13.324133333333334,-14.22619515276969
26360322,pc1,-87.741875,-74.9230728149414,39.39388234686838,52.51656,13.324061666666667,-12.818802185058587
26360322,pc1,-86.87,-76.51544952392578,50.36793430014982,52.516466666666666,13.323991666666666,-10.354550476074223
26360322,pc1,-88.854375,-77.95010375976562,61.63277057332177,52.51637333333333,13.323918333333332,-10.90427124023438
26795523,pc1,-94.16898148148148,-79.2149429321289,73.0989945885545,52.50090166666666,13.331981666666668,-14.954038549352575
26795523,pc1,-94.21739130434784,-78.64773559570312,67.76903689012393,52.50085166666667,13.331935,-15.569655708644717
26795523,pc1,-92.42530487804878,-78.20452117919922,63.82762133272891,52.5008,13.331908333333333,-14.220783698849559
26795523,pc1,-93.0825,-77.97999572753906,61.9066399754851,52.500775,13.331893333333332,-15.102504272460934
26795523,pc1,-93.4110576923077,-77.85371398925781,60.84592072597266,52.50076333333333,13.331883333333334,-15.557343703049881
26795523,pc1,-93.28125,-77.69488525390625,59.53145141158294,52.50075,13.33187,-15.58636474609375
26795523,pc1,-93.1875,-77.29553985595703,56.31679780335136,52.50072333333333,13.331833333333334,-15.891960144042969
26795523,pc1,-93.125,-77.17594146728516,55.37883915767665,52.50071333333333,13.331823333333332,-15.949058532714844
26795523,pc1,-92.40277777777776,-77.01411437988281,54.126588941835436,52.50070333333333,13.331808333333331,-15.388663397894945
26795523,pc1,-90.04166666666667,-74.04122161865234,33.81194304703619,52.500585,13.33153,-16.000445048014328
26795523,pc1,-87.15848214285714,-71.16796112060547,16.072041081360066,52.500575,13.331266666666666,-15.99052102225167
26795523,pc1,-90.695,-75.73471069335938,44.835221423606306,52.50049166666667,13.330388333333334,-14.960289306640618
26795523,pc1,-94.46412037037037,-77.89026641845703,61.15123898980012,52.50047666666666,13.330146666666666,-16.573853951913335
26795523,pc1,-93.48076923076924,-78.80699157714844,69.22296173890558,52.50047166666667,13.330026666666669,-14.673777653620803
26795523,pc1,-92.65524193548389,-79.63220977783203,77.24434047478155,52.50047,13.329906666666666,-13.023032157651855
26795523,pc1,-91.53782894736842,-82.39280700683594,111.15919634643411,52.500435,13.329408333333332,-9.145021940532487
26795523,pc1,-94.5,-82.98017120361328,120.19204280702783,52.50042833333333,13.329275,-11.519828796386719
26795523,pc1,-95.40625,-84.03331756591797,138.4046653676177,52.50041333333333,13.329006666666666,-11.372932434082031
26795523,pc1,-100.6875,-84.53387451171875,148.08120588528618,52.50040166666667,13.328865,-16.15362548828125
26947081,pc4,-99.064375,-111.28372955322266,86.61915715157309,52.496381666666665,13.305161666666669,12.219354553222658
26947081,pc4,-95.49424342105264,-108.1086196899414,81.57277217184966,52.49633666666666,13.305151666666667,12.614376268888762
26947081,pc4,-99.95523648648648,-97.82479095458984,76.0071168546806,52.49628666666667,13.305146666666667,-2.1304455318966404
26947081,pc4,-95.98097826086956,-86.35028076171875,194.35142535707726,52.49386833333333,13.304733333333331,-9.630697499150813
26947081,pc4,-102.285,-97.90613555908203,73.10707643467404,52.49626,13.305153333333331,-4.378864440917965
26947081,pc4,-105.08166666666666,-95.16827392578125,66.05935051205597,52.49619666666667,13.305146666666667,-9.913392740885413
26947081,pc4,-106.50921052631578,-96.57917022705078,59.22588515446541,52.496135,13.305143333333334,-9.930040299265002
26947081,pc4,-97.76969178082192,-87.5697021484375,228.87649427345264,52.49355166666667,13.30484,-10.199989632384415
26947081,pc4,-101.72333333333331,-114.46614837646484,89.48094605188957,52.49641,13.30511,12.742815043131529
26947081,pc4,-102.39333333333332,-108.6610336303711,81.67128283634896,52.49634,13.3051,6.267700297037777
26947081,pc4,-104.01875,-97.9407958984375,73.68331892458788,52.49626833333333,13.305091666666666,-6.077954101562497
26947081,pc4,-107.154375,-95.11795806884766,65.88665355047517,52.49619833333333,13.305085,-12.036416931152345
26947081,pc4,-110.48005319148936,-297.989990234375,172.6597371938622,52.49710666666667,13.305691666666666,187.50993704288564
26947081,pc4,-102.516875,-109.93365478515625,118.98319000935017,52.496675,13.305131666666666,7.416779785156251
26947081,pc4,-104.59375,-109.91123962402344,118.9645599691296,52.496675,13.305126666666666,5.3174896240234375
26947081,pc4,-103.94125,-109.91123962402344,118.9645599691296,52.496675,13.305126666666666,5.969989624023441
26947081,pc4,-104.754375,-109.91123962402344,118.9645599691296,52.496675,13.305126666666666,5.1568646240234415
26947081,pc4,-106.2475,-109.91123962402344,118.9645599691296,52.496675,13.305126666666666,3.6637396240234352
26947081,pc4,-106.211875,-109.91123962402344,118.9645599691296,52.496675,13.305126666666666,3.6993646240234312
34007042,pc1,-61.29,-71.48873901367188,15.065500304251664,52.51605833333333,13.374788333333331,10.198739013671876
34007042,pc1,-63.13,-70.8141860961914,8.81937835532387,52.516065,13.37488,7.684186096191404
34007042,pc1,-68.9275,-70.43473052978516,1.8687577943784555,52.51607666666666,13.375036666666666,1.5072305297851614
34007042,pc1,-69.03625,-70.44512176513672,2.3326134319803984,52.51607833333333,13.375043333333334,1.4088717651367233
34007042,pc1,-67.36875,-70.45475006103516,2.693254103107068,52.51608,13.375048333333334,3.0860000610351506
34007042,pc1,-67.26125,-70.46139526367188,2.915995573979629,52.51608,13.375051666666666,3.200145263671871
34007042,pc1,-67.1275,-70.46139526367188,2.915995573979629,52.51608,13.375051666666666,3.3338952636718773
34007042,pc1,-67.484375,-70.46139526367188,2.915995573979629,52.51608,13.375051666666666,2.977020263671875
34007042,pc1,-67.80875,-70.46139526367188,2.915995573979629,52.51608,13.375051666666666,2.6526452636718716
34007042,pc1,-67.783125,-70.46139526367188,2.915995573979629,52.51608,13.375051666666666,2.6782702636718767
34007042,pc1,-67.94625,-70.46139526367188,2.915995573979629,52.51608,13.375051666666666,2.5151452636718687
34007042,pc1,-68.21125,-70.46139526367188,2.915995573979629,52.51608,13.375051666666666,2.250145263671868
34007042,pc1,-68.266875,-70.46139526367188,2.915995573979629,52.51608,13.375051666666666,2.194520263671876
34007042,pc1,-67.866875,-70.46139526367188,2.915995573979629,52.51608,13.375051666666666,2.594520263671882
34007042,pc1,-67.98,-70.46139526367188,2.915995573979629,52.51608,13.375051666666666,2.481395263671871
34007042,pc1,-68.30375,-70.46139526367188,2.915995573979629,52.51608,13.375051666666666,2.1576452636718813
34007042,pc1,-68.24625,-70.46139526367188,2.915995573979629,52.51608,13.375051666666666,2.2151452636718716
34007042,pc1,-67.886875,-70.46139526367188,2.915995573979629,52.51608,13.375051666666666,2.5745202636718716
26607108,pc1,-88.98,-85.20653533935547,153.65690281931268,52.51475833333333,13.377348333333334,-3.7734646606445352
26607108,pc1,-87.12875,-83.96914672851562,132.498563483118,52.51456666666667,13.377348333333334,-3.1596032714843716
26607108,pc1,-87.23375,-80.1793441772461,82.84873530754501,52.51412,13.377296666666666,-7.054405822753907
26607108,pc1,-87.371875,-79.24347686767578,73.32258100206236,52.514035,13.377278333333331,-8.128398132324222
26607108,pc1,-87.01875,-76.93608856201172,53.16332471227491,52.513855,13.37724,-10.082661437988278
26607108,pc1,-87.5575,-72.16044616699219,20.01494961180556,52.51356,13.377165,-15.397053833007817
26607108,pc1,-84.610625,-71.35369110107422,13.974843352765435,52.51326,13.377075,-13.25693389892578
26607108,pc1,-84.47981770833333,-74.573486328125,36.06138067792711,52.513063333333335,13.377028333333334,-9.906331380208329
26607108,pc1,-83.03375,-80.7984390258789,89.66472791004968,52.51258166666667,13.376981666666667,-2.2353109741210915
26607108,pc1,-79.35375,-80.91947174072266,91.04872825237995,52.51257,13.376966666666666,1.5657217407226511
26607108,pc1,-92.146875,-81.20922088623047,94.43366292597491,52.51254166666666,13.376931666666668,-10.937654113769526
26607108,pc1,-95.164375,-84.06317901611328,134.0044175380631,52.512285,13.376286666666669,-11.101195983886726
26607108,pc1,-98.090625,-85.51197052001953,159.33760160121003,52.512115,13.376005,-12.578654479980472
26607108,pc1,-100.09375,-87.12635803222656,192.82996098158006,52.51193333333333,13.375536666666669,-12.967391967773438
26607108,pc1,-104.42625,-87.80047607421875,208.71645047018276,52.51186833333333,13.375278333333334,-16.625773925781246
26607108,pc1,-105.52,-88.14646911621094,217.35236457442585,52.51183666666667,13.375135,-17.37353088378906
26607108,pc1,-104.13125,-88.48217010498047,226.06071305779923,52.51180333333333,13.374996666666666,-15.649079895019526
26607108,pc1,-106.1075,-89.08274841308594,242.49114527526615,52.511743333333335,13.374736666666667,-17.024751586914064
30827266,pc1,-76.25,-75.32445526123047,41.21170029815032,52.51616333333333,13.376435,-0.9255447387695312
30827266,pc1,-78.19375,-71.5943374633789,15.892702352806662,52.51608333333333,13.376835,-6.599412536621088
30827266,pc1,-80.948125,-70.52582550048828,4.554807726814053,52.51598833333333,13.376978333333334,-10.422299499511723
30827266,pc1,-81.01,-70.77281188964844,8.328412725514669,52.51595,13.377061666666666,-10.237188110351568
30827266,pc1,-83.463125,-71.4695053100586,14.912938520250629,52.51591666666667,13.37715,-11.993619689941411
30827266,pc1,-81.65,-72.41777038574219,21.779803533588243,52.515883333333335,13.377238333333333,-9.232229614257818
30827266,pc1,-78.0475,-74.49545288085938,35.5312909452278,52.515793333333335,13.377391666666666,-3.5520471191406244
30827266,pc1,-84.106875,-76.29410552978516,48.229559649948044,52.51567166666667,13.377478333333332,-7.812769470214846
30827266,pc1,-87.475,-77.94188690185547,61.4293268654763,52.515521666666665,13.377501666666667,-9.533113098144526
30827266,pc1,-88.068125,-78.40628814697266,65.505826056088,52.51546666666667,13.37748,-9.661836853027339
30827266,pc1,-88.224375,-78.56193542480469,66.91203702543943,52.515445,13.377463333333331,-9.662439575195307
30827266,pc1,-88.834375,-78.55537414550781,66.85229076303132,52.515445,13.377461666666669,-10.279000854492182
30827266,pc1,-89.805625,-78.55537414550781,66.85229076303132,52.515445,13.377461666666669,-11.250250854492194
30827266,pc1,-88.96125,-78.55537414550781,66.85229076303132,52.515445,13.377461666666669,-10.405875854492194
30827266,pc1,-89.83625,-79.63200378417969,77.16735772644742,52.515328333333336,13.377428333333333,-10.20424621582032
30827266,pc1,-93.31875,-80.81324005126953,89.83091364757423,52.51519833333333,13.377403333333334,-12.505509948730463
30827266,pc1,-95.625625,-81.48516845703125,97.75259152596239,52.51512,13.37739,-14.14045654296875
30827266,pc1,-97.401875,-82.17949676513672,106.54927903466925,52.515035,13.377378333333333,-15.222378234863285
26368260,pc1,-85.25735294117646,-71.44839477539062,17.93900145937769,52.49902166666666,13.316466666666669,-13.808958165785839
26368260,pc1,-84.1725,-70.16121673583984,7.695975150493838,52.49893,13.316451666666667,-14.011283264160156
26368260,pc1,-83.185546875,-69.86753845214844,2.876379647633405,52.49888666666666,13.316446666666666,-13.318008422851562
26368260,pc1,-83.7521551724138,-69.86277770996094,2.734370185847099,52.49883666666667,13.316436666666666,-13.889377462452856
26368260,pc1,-83.29,-71.17498016357422,16.12470450386028,52.49871666666667,13.31642,-12.115019836425788
26368260,pc1,-82.7860576923077,-72.32268524169922,23.38357293824109,52.49865166666667,13.31641,-10.463372450608475
26368260,pc1,-90.30625,-74.53355407714844,36.91624790700917,52.49853,13.316401666666668,-15.772695922851568
26368260,pc1,-91.87740384615384,-75.55643463134766,43.63640004093672,52.49847,13.316388333333334,-16.320969214806183
26368260,pc1,-92.08653846153848,-77.2890853881836,56.26660994753697,52.498358333333336,13.316346666666666,-14.797453073354887
26368260,pc1,-93.48842592592592,-78.08960723876953,62.89411406518673,52.4983,13.316323333333331,-15.398818687156393
26368260,pc1,-93.8515625,-82.31038665771484,109.92196609254651,52.497885,13.316183333333331,-11.541175842285156
26368260,pc1,-105.43256578947368,-85.0896224975586,167.0717597457013,52.49738,13.316025,-20.34294329191509
26368260,pc1,-109.49264705882354,-86.2762680053711,202.71345481211736,52.49706666666667,13.315911666666668,-23.216379053452442
26368260,pc1,-111.91666666666669,-87.10166931152344,212.55760453458032,52.49698,13.315881666666666,-24.814997355143248
26368260,pc1,-111.76607142857142,-86.92058563232422,222.58448656269823,52.49689166666667,13.315851666666669,-24.845485796247203
26368260,pc1,-112.44270833333331,-87.19954681396484,232.63193513725855,52.49680333333333,13.31582,-25.24316151936847
26368260,pc1,-114.30787037037037,-88.15483856201172,242.63902004990126,52.496715,13.315791666666666,-26.153031808358648
26367752,pc1,-92.91203703703704,-70.37638854980469,9.909841548362966,52.50015333333333,13.325748333333332,-22.53564848723235
26367752,pc1,-91.27604166666669,-69.94982147216797,4.696519641499325,52.50015,13.32567,-21.326220194498717
26367752,pc1,-91.775,-69.9269027709961,4.259316877896415,52.50017166666667,13.325661666666669,-21.848097229003912
26367752,pc1,-91.80443548387096,-69.93230438232422,4.36602493865283,52.50017166666667,13.325663333333331,-21.872131101546742
26367752,pc1,-91.93939393939394,-69.93230438232422,4.36602493865283,52.50017166666667,13.325663333333331,-22.00708955706972
26367752,pc1,-91.73828125,-69.93230438232422,4.36602493865283,52.50017166666667,13.325663333333331,-21.80597686767578
26367752,pc1,-91.64270833333332,-69.93230438232422,4.36602493865283,52.50017166666667,13.325663333333331,-21.7104039510091
26367752,pc1,-91.56490384615384,-69.93230438232422,4.36602493865283,52.50017166666667,13.325663333333331,-21.63259946382962
26367752,pc1,-91.67287234042551,-69.93230438232422,4.36602493865283,52.50017166666667,13.325663333333331,-21.740567958101295
26367752,pc1,-92.53125,-69.93230438232422,4.36602493865283,52.50017166666667,13.325663333333331,-22.59894561767578
26367752,pc1,-93.08728448275862,-69.83226776123047,1.4688744069378517,52.500166666666665,13.32562,-23.25501672152815
26367752,pc1,-93.0,-69.86931610107422,2.8949373943648196,52.500155,13.32556,-23.13068389892578
26367752,pc1,-94.03601694915254,-70.16976165771484,7.779559476205953,52.50014,13.325491666666666,-23.866255291437696
26367752,pc1,-93.92613636363636,-70.80805969238281,13.498444798414459,52.500123333333335,13.325411666666668,-23.118076671253547
26367752,pc1,-93.1189024390244,-71.69939422607422,19.543935593340514,52.50011,13.325325,-21.419508212950177
26367752,pc1,-96.13058035714286,-75.23347473144531,41.4495658507133,52.50009166666667,13.325,-20.89710562569755
26367752,pc1,-98.14783653846152,-79.60421752929688,76.95352195492023,52.500055,13.324478333333332,-18.543619009164644
26720005,pc1,-91.25,-71.26278686523438,16.710545152154506,52.50249333333333,13.333616666666666,-19.987213134765625
26720005,pc1,-90.95362903225806,-71.42839813232422,17.805036263158776,52.502505,13.333616666666666,-19.525230899933845
26720005,pc1,-90.9125,-71.46841430664062,18.0652936462238,52.50250833333333,13.333615,-19.44408569335937
26720005,pc1,-90.795,-71.46841430664062,18.0652936462238,52.50250833333333,13.333615,-19.326585693359377
26720005,pc1,-91.80528846153848,-71.46841430664062,18.0652936462238,52.50250833333333,13.333615,-20.336874154897856
26720005,pc1,-92.02403846153848,-71.46841430664062,18.0652936462238,52.50250833333333,13.333615,-20.555624154897856
26720005,pc1,-91.13290229885058,-71.46841430664062,18.0652936462238,52.50250833333333,13.333615,-19.664487992209956
26720005,pc1,-90.901875,-71.46841430664062,18.0652936462238,52.50250833333333,13.333615,-19.43346069335938
26720005,pc1,-88.87909836065573,-71.46841430664062,18.0652936462238,52.50250833333333,13.333615,-17.410684054015107
26720005,pc1,-86.6525,-71.33592987060547,17.197567882516164,52.50250166666667,13.333608333333334,-15.316570129394535
26720005,pc1,-85.962890625,-69.83252716064453,1.4750149307860791,52.50237333333333,13.3335,-16.13036346435547
26720005,pc1,-87.01041666666667,-70.09074401855469,6.8174724517192695,52.50231,13.333448333333331,-16.919672648111984
26720005,pc1,-89.80357142857143,-72.17312622070312,22.472936047454123,52.50219,13.333323333333333,-17.630445207868306
26720005,pc1,-86.90625,-76.01740264892578,46.794953954745395,52.50201333333333,13.333108333333334,-10.888847351074219
26720005,pc1,-92.125,-79.2299575805664,73.21540440123874,52.501815,13.332893333333333,-12.895042419433594
26720005,pc1,-94.51121794871794,-80.71094512939453,89.02391037390908,52.501691666666666,13.332776666666666,-13.80027281932341
26357763,pc4,-104.820625,-76.5436782836914,50.572186727905645,52.51295666666667,13.32878,-28.2769467163086
26357763,pc4,-105.020625,-75.66600036621094,44.347327607644864,52.51296166666667,13.328871666666666,-29.354624633789058
26357763,pc4,-104.86875,-74.76153564453125,38.34721577858447,52.51296666666666,13.32896,-30.107214355468756
26357763,pc4,-105.6425,-72.24364471435547,22.897287876449635,52.51297666666667,13.329188333333333,-33.39885528564453
26357763,pc4,-106.34625,-71.08844757080078,15.517093628114218,52.512985,13.329296666666666,-35.25780242919922
26357763,pc4,-108.881875,-70.67887115478516,12.496094540253607,52.51298666666667,13.329341666666666,-38.20300384521484
26357763,pc4,-110.1525,-69.83837127685547,1.7736670850887144,52.512996666666666,13.32951,-40.314128723144535
26357763,pc4,-108.479375,-72.05879974365234,21.76877006775547,52.51302,13.329843333333333,-36.42057525634766
26357763,pc4,-107.346875,-73.2212905883789,28.79143349488463,52.51302666666667,13.329946666666666,-34.12558441162109
26357763,pc4,-106.978125,-74.45551300048828,36.3934843428121,52.513035,13.330058333333334,-32.522611999511724
26357763,pc4,-108.825,-78.9246826171875,70.28874702719716,52.51305333333333,13.330558333333334,-29.900317382812503
26357763,pc4,-109.141875,-80.83908081054688,90.5188465420291,52.513065,13.330856666666667,-28.302794189453124
26357763,pc4,-109.390625,-76.10580444335938,47.41097098986581,52.51308,13.330213333333331,-33.284820556640625
26357763,pc4,-109.945,-77.29959869384766,56.32777599923758,52.513086666666666,13.330345,-32.64540130615234
26357763,pc1,-102.9375,-80.60809326171875,87.80961062495119,52.51314166666667,13.330801666666666,-22.32940673828125
26357763,pc1,-106.72375,-82.32685852050781,110.15539585397144,52.51315833333334,13.331131666666666,-24.396891479492183
26367750,pc1,-87.375,-79.55374908447266,76.45640121598636,52.50038666666666,13.328715,-7.821250915527344
26367750,pc1,-85.0,-78.42009735107422,65.72144908142856,52.500371666666666,13.328558333333334,-6.579902648925781
26367750,pc1,-79.19354838709677,-70.59857940673828,11.852691171283066,52.50029833333333,13.327771666666669,-8.594968980358487
26367750,pc1,-82.44308035714286,-70.29784393310547,9.14829868323936,52.50027,13.327465,-12.145236424037392
26367750,pc1,-89.73837209302326,-76.56056213378906,50.72076946137256,52.500218333333336,13.326856666666666,-13.177809959234196
26367750,pc1,-90.07432432432432,-77.20380401611328,55.60155362328997,52.500213333333335,13.326785,-12.870520308211042
26367750,pc1,-91.8653846153846,-78.35415649414062,65.14060891781396,52.50020333333333,13.326645,-13.511228121243974
26367750,pc1,-93.18313953488372,-78.39215087890625,65.47583017823943,52.50020333333333,13.32664,-14.790988655977472
26367750,pc1,-94.60096153846152,-78.3668441772461,65.25234562962801,52.50020333333333,13.326643333333331,-16.234117361215425
26367750,pc1,-91.34,-78.25817108154297,64.29985169629235,52.5002,13.326658333333333,-13.081828918457035
26367750,pc1,-90.30528846153848,-79.05467987060547,71.55184516659328,52.500193333333335,13.326551666666669,-11.250608590933012
26367750,pc1,-89.71036585365853,-79.5624008178711,76.54005660273495,52.50018166666667,13.32648,-10.147965035787436
26367750,pc1,-92.5,-80.67710876464844,88.64144654070911,52.500165,13.326303333333334,-11.822891235351562
26367750,pc1,-91.84375,-81.71134185791016,101.57957997785955,52.500145,13.326115,-10.132408142089844
26367750,pc1,-95.0495283018868,-83.00021362304688,120.51990521959418,52.50013333333333,13.325835,-12.04931467883992
34006530,pc1,-80.485625,-73.37716674804688,28.14037889996574,52.51557666666667,13.366996666666669,-7.108458251953124
34006530,pc1,-80.365,-71.85008239746094,17.803346042469297,52.51558833333333,13.367148333333333,-8.514917602539057
34006530,pc1,-82.456875,-70.4449462890625,2.3259818362656453,52.515611666666665,13.36744,-12.011928710937497
34006530,pc1,-87.41,-74.95108795166016,38.62106779709346,52.515625,13.36798,-12.45891204833984
34006530,pc1,-86.3775,-75.81976318359375,44.73523785056006,52.51563,13.36807,-10.557736816406248
34006530,pc1,-86.6675,-77.8464584350586,60.605860919566545,52.515645,13.368303333333332,-8.82104156494141
34006530,pc1,-86.201875,-77.89740753173828,61.04085903063299,52.51564333333334,13.36831,-8.30446746826172
34006530,pc1,-86.864375,-77.89912414550781,61.05549964966823,52.515645,13.36831,-8.965250854492183
34006530,pc1,-92.330625,-78.83517456054688,69.42090870151644,52.51566166666667,13.368431666666666,-13.495450439453123
34006530,pc1,-93.875625,-79.42681121826172,75.10547590745847,52.51566833333333,13.368515,-14.44881378173828
34006530,pc1,-90.754375,-80.69987487792969,88.53342851457595,52.515685,13.368711666666666,-10.054500122070309
34006530,pc1,-103.67375,-83.47888946533203,124.85897775603539,52.51569,13.36925,-20.194860534667967
34006530,pc1,-103.0975,-84.12821960449219,135.03585871084496,52.51569666666666,13.3694,-18.96928039550781
34006530,pc1,-104.20375,-84.735107421875,145.2274336948844,52.515705,13.36955,-19.468642578125
26722817,pc1,-88.7825,-83.1390151977539,119.82361818316436,52.51156666666667,13.373795,-5.643484802246093
26722817,pc1,-86.5825,-81.69474029541016,100.33185290927487,52.51153,13.373513333333332,-4.88775970458984
26722817,pc1,-86.936875,-80.87191009521484,90.49412816918904,52.51151,13.373371666666667,-6.064964904785157
26722817,pc1,-85.27,-77.91983795166016,61.23904251434715,52.51145666666667,13.372948333333332,-7.35016204833984
26722817,pc1,-83.086875,-73.73334503173828,30.479254688426803,52.51141,13.3725,-9.353529968261725
26722817,pc1,-82.853125,-70.5898208618164,5.751717513674941,52.511361666666666,13.372143333333334,-12.2633041381836
26722817,pc1,-83.57375,-72.32543182373047,21.152068695755066,52.511315,13.371753333333332,-11.248318176269535
26722817,pc1,-88.0375,-81.18548583984375,94.14546991631674,52.51117333333333,13.3707,-6.852014160156244
26722817,pc1,-89.233125,-81.9554672241211,103.63396488364423,52.511145,13.370566666666669,-7.277657775878907
26722817,pc1,-88.924375,-83.37428283691406,123.30065433721325,52.51108833333333,13.37029,-5.550092163085935
26722817,pc1,-89.829375,-83.9893798828125,132.8130485893015,52.51106833333333,13.370153333333333,-5.839995117187499
26722817,pc1,-95.94125,-85.67311096191406,162.41019661100572,52.51101833333333,13.369723333333331,-10.268139038085934
26722817,pc1,-99.828125,-86.26026916503906,174.1065782700678,52.510981666666666,13.36956,-13.567855834960938
26722817,pc1,-101.81050531914892,-86.79773712158203,185.5053362685829,52.51094833333333,13.3694,-15.012768197566885
33802246,pc4,-97.73684210526316,-89.99459075927734,311.53589377454045,52.51234333333333,13.319815,-7.742251345985821
33802246,pc4,-99.05119680851064,-89.75590515136719,301.638872646193,52.512355,13.31996,-9.295291657143451
33802246,pc4,-98.753125,-73.64580535888672,31.36707040962846,52.512638333333335,13.323926666666669,-25.10731964111328
33802246,pc4,-99.064375,-71.91548919677734,20.886332290710875,52.51265166666666,13.32408,-27.148885803222655
33802246,pc4,-97.884375,-70.3965835571289,10.093648645483762,52.512663333333336,13.324238333333334,-27.4877914428711
33802246,pc4,-96.7372448979592,-75.47128295898438,43.02385226198865,52.512638333333335,13.323753333333332,-21.265961938974826
33802246,pc4,-97.283125,-70.33983612060547,9.557014466524004,52.512675,13.324245,-26.94328887939453
33802246,pc4,-95.9202806122449,-70.23213958740234,8.465481430917587,52.51269166666667,13.324508333333334,-25.68814102484255
33802246,pc4,-95.84,-71.39607238769531,17.58924249258553,52.51269833333333,13.324643333333333,-24.44392761230469
33802246,pc4,-96.6625,-72.89949798583984,26.853615670880686,52.512705,13.32478,-23.76300201416015
33802246,pc4,-95.938125,-77.083740234375,54.64282174947102,52.51273166666667,13.325188333333331,-18.854384765625
33802246,pc4,-100.53125,-79.35566711425781,74.43644961195552,52.512755,13.325478333333333,-21.175582885742188
26353664,pc1,-95.21005154639175,-72.78412628173828,26.165321866763215,52.50361333333333,13.338318333333332,-22.425925264653472
26353664,pc1,-93.534375,-71.97908782958984,21.28430595504161,52.50364833333333,13.338263333333334,-21.555287170410153
26353664,pc1,-93.899375,-70.57774353027344,11.680051442392758,52.503681666666665,13.338131666666667,-23.32163146972657
26353664,pc1,-94.975,-70.50059509277344,11.026343683076364,52.50367833333333,13.33812,-24.474404907226557
26353664,pc1,-94.055625,-70.44866180419922,10.569777677014114,52.50366666666667,13.338105,-23.606963195800788
26353664,pc1,-93.55625,-70.44932556152344,10.575759475187683,52.50365166666667,13.33809,-23.106924438476568
26353664,pc1,-95.32875,-70.41655731201172,10.279852896174848,52.50364833333333,13.33808,-24.91219268798828
26353664,pc1,-92.91375,-69.88001251220703,3.187228651468164,52.50368,13.337966666666668,-23.033737487792962
26353664,pc1,-95.910625,-70.39599609375,10.090437287649092,52.50373,13.33782,-25.514628906249996
26353664,pc1,-96.30625,-71.2054443359375,16.323803673902688,52.50376166666667,13.33774,-25.100805664062506
26353664,pc1,-97.2325,-76.72899627685547,51.9580031106792,52.503935,13.337293333333331,-20.503503723144533
26353664,pc1,-97.62625,-78.68889617919922,68.12087399979931,52.504015,13.337093333333334,-18.93735382080078
26363652,pc1,-83.40851449275362,-76.00411987304688,46.69845403422498,52.5118,13.31085,-7.40439461970675
26363652,pc1,-84.375,-71.93296813964844,20.99590500726895,52.51182833333333,13.311228333333334,-12.442031860351562
26363652,pc1,-81.890625,-70.2214584350586,8.353240270805898,52.51184166666667,13.311418333333334,-11.669166564941406
26363652,pc1,-81.77604166666667,-71.4126205444336,17.698937473392764,52.511865,13.31179,-10.363421122233078
26363652,pc1,-86.58101851851852,-78.25823211669922,64.27460014091388,52.51191333333333,13.312476666666669,-8.3227864018193
26363652,pc1,-82.519375,-73.21058654785156,28.72985679079982,52.51186166666667,13.311105,-9.308788452148434
26363652,pc1,-82.86875,-69.8730697631836,3.0105195292186977,52.51188333333333,13.311486666666667,-12.995680236816412
26363652,pc1,-82.388125,-71.15626525878906,15.986633305336397,52.511905,13.31176,-11.23185974121094
26363652,pc1,-82.941875,-72.48450469970703,24.356789573395684,52.51191333333333,13.311883333333334,-10.457370300292965
26363652,pc1,-83.596875,-73.94656372070312,33.216021945347585,52.511923333333336,13.312013333333333,-9.650311279296872
26363652,pc1,-82.4375,-75.35912322998047,42.273576614990425,52.51193166666667,13.312146666666669,-7.078376770019531
26351364,pc1,-94.14322916666669,-81.61507415771484,100.34308989017656,52.50002166666667,13.324213333333333,-12.528155008951842
26351364,pc1,-85.66346153846153,-74.20597839355469,34.82913323684185,52.499955,13.323251666666666,-11.457483144906845
26351364,pc1,-85.0125,-71.211181640625,16.364974130487244,52.49994,13.32298,-13.801318359375003
26351364,pc1,-92.8125,-70.46578979492188,10.724584939848087,52.49991666666666,13.322581666666666,-22.346710205078125
26351364,pc1,-89.5,-74.49507904052734,36.65562952370439,52.499896666666665,13.3222,-15.004920959472656
26351364,pc1,-88.375,-78.3276138305664,64.90044155216815,52.49987,13.321785,-10.047386169433594
26351364,pc1,-89.36607142857143,-79.37506866455078,74.66465446551786,52.49986,13.321641666666666,-9.99100276402065
26351364,pc1,-89.44981060606061,-80.32579803466797,84.67220982730699,52.49984833333333,13.321495,-9.12401257139264
26351364,pc1,-85.45510563380282,-81.19596099853516,94.96176135306449,52.49984166666667,13.321343333333331,-4.25914463526766
34006531,pc1,-97.260625,-86.1491928100586,171.81199547928605,52.51531166666667,13.363045,-11.11143218994141
34006531,pc1,-89.8575,-83.1390151977539,119.81347579142763,52.51535666666667,13.36381,-6.7184848022460955
34006531,pc1,-86.900625,-82.198486328125,106.78158309555535,52.515368333333335,13.364001666666669,-4.702138671875005
34006531,pc1,-84.74625,-81.14151000976562,93.61585842424641,52.51538166666667,13.364195,-3.6047399902343784
34006531,pc1,-86.26875,-75.47895812988281,42.29754375257851,52.515435,13.364948333333333,-10.789791870117185
34006531,pc1,-73.200625,-71.99071502685547,18.81619719224,52.515458333333335,13.365293333333334,-1.2099099731445335
34006531,pc1,-93.32625,-71.73759460449219,16.97477838212327,52.515505,13.365816666666667,-21.588655395507814
34006531,pc1,-74.65880102040816,-75.31316375732422,41.13057720966067,52.515528333333336,13.366171666666666,0.6543627369160561
34006531,pc1,-83.3,-76.9077377319336,52.93048645684311,52.51554,13.366345,-6.392262268066403
26353152,pc4,-90.7975,-70.19226837158203,8.036303354911981,52.51139666666667,13.305208333333333,-20.605231628417968
26353152,pc4,-96.72166666666666,-71.24365997314453,16.58079293207055,52.51141333333333,13.305398333333333,-25.478006693522133
26353152,pc4,-87.75990853658537,-70.39111328125,10.045895749923409,52.511515,13.305045,-17.36879525533537
26353152,pc4,-89.54125,-70.04425048828125,6.197468298660486,52.511518333333335,13.305143333333334,-19.496999511718755
26353152,pc4,-96.8635752688172,-71.23420715332031,16.516401560412472,52.511535,13.305383333333332,-25.629368115496888
26353152,pc4,-92.48765432098766,-70.202392578125,8.14583575193616,52.51144666666666,13.305051666666667,-22.28526174286266
26353152,pc4,-95.20078125,-71.28520965576172,16.858530964234124,52.51147666666667,13.305416666666666,-23.915571594238287
26353152,pc4,-89.54779411764706,-70.28701782226562,9.037882614544344,52.51146,13.305035,-19.260776295381433
26353152,pc4,-89.32079081632654,-69.82972717285156,1.3292048924178783,52.511475,13.305178333333334,-19.491063643474973
28904449,pc4,-100.191875,-79.24746704101562,73.35683484257683,52.509945,13.282305,-20.94440795898437
28904449,pc1,-98.43080357142856,-78.87567901611328,69.8084131321367,52.510005,13.282348333333331,-19.555124555315274
28904449,pc1,-95.536875,-76.6882095336914,51.22846302145802,52.510005,13.282623333333332,-18.84866546630859
28904449,pc1,-97.616875,-73.76480102539062,30.687669484521315,52.51001333333333,13.282926666666668,-23.852073974609368
28904449,pc1,-97.548125,-72.14629364013672,19.915838684388348,52.51001333333333,13.283086666666666,-25.40183135986328
28904449,pc1,-95.131875,-78.73548126220703,68.50279552055605,52.51009166666667,13.284386666666666,-16.396393737792962
28904449,pc1,-95.758125,-82.46488189697266,110.35185480760002,52.51012,13.285003333333334,-13.29324310302735
28904449,pc1,-97.45125,-84.3096923828125,138.02689932200187,52.51014666666666,13.28541,-13.141557617187502
26351363,pc1,-77.41666666666667,-74.9614486694336,39.66325070160395,52.499833333333335,13.321046666666666,-2.4552179972330777
26351363,pc1,-75.44140625,-73.44434356689453,30.15772273790921,52.49982666666666,13.320906666666666,-1.9970626831054688
26351363,pc1,-75.32267441860465,-70.6466293334961,12.244918814559535,52.49982166666667,13.320641666666669,-4.676045085108555
26351363,pc1,-78.86778846153847,-73.37298583984375,29.721050752599087,52.49978333333333,13.320025,-5.494802621694717
26351363,pc1,-83.53125,-77.39388275146484,57.11304157784707,52.49976333333333,13.319621666666666,-6.137367248535156
26351363,pc1,-85.04464285714286,-78.44212341308594,65.94409062847068,52.49975666666667,13.319491666666666,-6.602519444056924
26351363,pc1,-89.66145833333333,-80.35749053955078,85.06757403650069,52.499743333333335,13.31921,-9.303967793782547
26351363,pc1,-87.435,-81.20381164550781,95.08733956605012,52.49973,13.319063333333334,-6.23118835449219
26347523,pc1,-104.6875,-92.8582763671875,376.04638491984355,52.49682,13.283488333333333,-11.8292236328125
26347523,pc1,-103.4150390625,-92.07274627685547,343.3342393431931,52.497081666666666,13.283265,-11.342292785644531
26347523,pc1,-109.28663793103448,-91.19746398925781,310.5385008505291,52.49733666666667,13.283011666666669,-18.089173941776664
26347523,pc1,-106.74131944444444,-90.7249755859375,293.9181894272818,52.497463333333336,13.282871666666669,-16.016343858506943
26347523,pc1,-110.24444444444444,-89.10466003417969,243.29875143992626,52.49784666666667,13.28242,-21.139784410264753
26347523,pc1,-107.18287037037037,-87.80192565917969,208.79401621091745,52.498113333333336,13.282115,-19.38094471119068
26347523,pc1,-108.01694915254237,-86.20867156982422,173.10040023974582,52.4984,13.281831666666667,-21.808277582718148
26367490,pc4,-99.94986979166669,-96.4461441040039,725.3463686638395,52.51294,13.327358333333333,-3.5037256876627794
26367490,pc4,-98.82875,-96.48493194580078,728.9216044513331,52.51286833333333,13.327463333333334,-2.343818054199218
26367490,pc4,-105.27598314606742,-96.60315704345703,739.9202779100739,52.51287833333333,13.327631666666669,-8.672826102610387
26367490,pc4,-105.155,-96.5329360961914,733.3697884161327,52.512925,13.327496666666669,-8.622063903808595
26367490,pc4,-107.38896276595744,-96.60952758789062,740.5177394439182,52.51296833333333,13.327581666666669,-10.77943517806682
26367490,pc4,-104.5934065934066,-96.5404281616211,734.0660870263447,52.51291666666667,13.327513333333334,-8.052978431785505
26367490,pc4,-103.028125,-96.51378631591797,731.5925751535945,52.51291,13.327478333333334,-6.514338684082034
26353922,pc4,-113.4025,-93.43267059326172,401.88536749339596,52.502065,13.281186666666668,-19.969829406738285
26353922,pc4,-100.264375,-74.92230224609375,38.43231108404674,52.505988333333335,13.280333333333331,-25.34207275390625
26353922,pc1,-92.184375,-73.03174591064453,25.878723919195536,52.50586333333333,13.280223333333334,-19.15262908935547
26353922,pc1,-94.036875,-73.56798553466797,29.39773259648531,52.5059,13.280245,-20.468889465332026
26353922,pc1,-103.75916666666669,-91.85108947753906,334.61366297914776,52.502675,13.281163333333334,-11.908077189127624
26353154,pc4,-106.14916666666667,-70.51554870605469,4.337045391732683,52.50275666666667,13.281325,-35.633617960611986
26353154,pc4,-104.8625,-70.45622253417969,2.7488461380174343,52.50280166666667,13.281376666666668,-34.40627746582031
26353154,pc4,-104.45666666666666,-70.5886001586914,5.734281839173981,52.502768333333336,13.281265,-33.86806650797526
26353154,pc4,-106.7325,-70.46395874023438,3.0023406675910422,52.50282166666667,13.281331666666668,-36.26854125976563
26353154,pc4,-107.598125,-70.68417358398438,7.185986830814591,52.502855,13.281376666666668,-36.91395141601562
40881922,pc1,-90.7506793478261,-70.4493637084961,2.4984694786643415,52.511813333333336,13.375356666666669,-20.30131563933
40881922,pc1,-97.234375,-70.68653869628906,7.216455500104177,52.51177666666667,13.375233333333334,-26.547836303710938
40881922,pc1,-97.330625,-70.64879608154297,6.679416315389612,52.51177666666667,13.375243333333334,-26.68182891845703
40881922,pc1,-99.01,-70.62604522705078,6.336273811957364,52.51177666666667,13.37525,-28.383954772949224
40881922,pc1,-91.45180722891568,-70.645263671875,6.6271186524840076,52.51186,13.375383333333334,-20.806543557040683
34006274,pc1,-75.72875,-70.6287841796875,6.377619897546637,52.51491333333333,13.35651,-5.099965820312505
34006274,pc1,-76.4275,-70.73033142089844,7.797671136233345,52.51492666666667,13.356718333333331,-5.697168579101557
34006274,pc1,-88.799375,-78.28374481201172,64.40629390887814,52.51498166666666,13.35755,-10.515630187988279
34006274,pc1,-96.2375,-80.97958374023438,91.72777204475634,52.515006666666665,13.357951666666668,-15.257916259765622
34006274,pc1,-100.816875,-83.8962631225586,131.31809771920098,52.515045,13.358533333333334,-16.920611877441402
